====================================================================================================
OBSERVE-vs-DRIVE FACULTY AUDIT — real /api/brain-chat handler, INTACT vs LESIONED per faculty
====================================================================================================

-- flag-lesioned faculties --
SIM_BACKEND=numpy selected, but a CUDA GPU + CuPy ARE available -> this run is on the CPU (typically 10-50x slower). If you did not mean that, pass SIM_BACKEND=cupy explicitly: many research runners do os.environ.setdefault('SIM_BACKEND','numpy'), which silently wins unless the caller overrides it.
[2026-08-19 18:34:18][INFO] SIM_BRIDGE: NumPy backend (CPU (NumPy backend), 8589934592.0 GB RAM available)
[2026-08-19 18:34:18][INFO] SIM_BRIDGE: Initializing simulation data for model: IZHIKEVICH (3D)... (playback_init: False)
[2026-08-19 18:34:18][INFO] SIM_BRIDGE: Brain-region framework: 4 regions, 1056 total neurons, 3 pathways.
[2026-08-19 18:34:18][INFO] SIM_BRIDGE: RNG initialized with seed: 42
[2026-08-19 18:34:18][INFO] SIM_BRIDGE: Initializing Izhikevich model specifics for 1056 neurons...
[2026-08-19 18:34:18][INFO] SIM_BRIDGE: Region 'cue' (192 neurons): using Izh type IZH2007_RS_CORTICAL_PYRAMIDAL
[2026-08-19 18:34:18][INFO] SIM_BRIDGE: Region 'patient_expected' (288 neurons): using Izh type IZH2007_FS_CORTICAL_INTERNEURON
[2026-08-19 18:34:18][INFO] SIM_BRIDGE: Region 'patient_asserted' (288 neurons): using Izh type IZH2007_RS_CORTICAL_PYRAMIDAL
[2026-08-19 18:34:18][INFO] SIM_BRIDGE: Region 'surprise' (288 neurons): using Izh type IZH2007_RS_CORTICAL_PYRAMIDAL
[2026-08-19 18:34:18][INFO] SIM_BRIDGE: Generating 3D neuron positions for 1056 neurons...
[2026-08-19 18:34:18][INFO] SIM_BRIDGE: Generating connections (brain-region framework)...
[2026-08-19 18:34:18][INFO] SIM_BRIDGE: inject_explicit_wiring: installed 221184 synapses across 3 populations.
[2026-08-19 18:34:18][INFO] SIM_BRIDGE: Simulation data initialized for 1056 neurons (3D). Synapses: 221184. GPU memory: 0.0GB/9223372036.9GB (0.0%)
[2026-08-19 18:34:19][INFO] SIM_BRIDGE: NumPy backend (CPU (NumPy backend), 8589934592.0 GB RAM available)
[2026-08-19 18:34:19][INFO] SIM_BRIDGE: Initializing simulation data for model: IZHIKEVICH (3D)... (playback_init: False)
[2026-08-19 18:34:19][INFO] SIM_BRIDGE: Brain-region framework: 7 regions, 528 total neurons, 6 pathways.
[2026-08-19 18:34:19][INFO] SIM_BRIDGE: RNG initialized with seed: 42
[2026-08-19 18:34:19][INFO] SIM_BRIDGE: Initializing Izhikevich model specifics for 528 neurons...
[2026-08-19 18:34:19][INFO] SIM_BRIDGE: Region 'state' (240 neurons): using Izh type IZH2007_RS_CORTICAL_PYRAMIDAL
[2026-08-19 18:34:19][INFO] SIM_BRIDGE: Region 'pred_pos' (48 neurons): using Izh type IZH2007_FS_CORTICAL_INTERNEURON
[2026-08-19 18:34:19][INFO] SIM_BRIDGE: Region 'pred_neg' (48 neurons): using Izh type IZH2007_FS_CORTICAL_INTERNEURON
[2026-08-19 18:34:19][INFO] SIM_BRIDGE: Region 'obs_pos' (48 neurons): using Izh type IZH2007_RS_CORTICAL_PYRAMIDAL
[2026-08-19 18:34:19][INFO] SIM_BRIDGE: Region 'obs_neg' (48 neurons): using Izh type IZH2007_RS_CORTICAL_PYRAMIDAL
[2026-08-19 18:34:19][INFO] SIM_BRIDGE: Region 'surprise_pos' (48 neurons): using Izh type IZH2007_RS_CORTICAL_PYRAMIDAL
[2026-08-19 18:34:19][INFO] SIM_BRIDGE: Region 'surprise_neg' (48 neurons): using Izh type IZH2007_RS_CORTICAL_PYRAMIDAL
[2026-08-19 18:34:19][INFO] SIM_BRIDGE: Generating 3D neuron positions for 528 neurons...
[2026-08-19 18:34:19][INFO] SIM_BRIDGE: Generating connections (brain-region framework)...
[2026-08-19 18:34:19][INFO] SIM_BRIDGE: inject_explicit_wiring: installed 32256 synapses across 6 populations.
[2026-08-19 18:34:19][INFO] SIM_BRIDGE: Simulation data initialized for 528 neurons (3D). Synapses: 32256. GPU memory: 0.0GB/9223372036.9GB (0.0%)
[2026-08-19 18:34:19][INFO] SIM_BRIDGE: NumPy backend (CPU (NumPy backend), 8589934592.0 GB RAM available)
[2026-08-19 18:34:19][INFO] SIM_BRIDGE: Initializing simulation data for model: IZHIKEVICH (3D)... (playback_init: False)
[2026-08-19 18:34:19][INFO] SIM_BRIDGE: Brain-region framework: 12 regions, 47440 total neurons, 9 pathways.
[2026-08-19 18:34:19][INFO] SIM_BRIDGE: RNG initialized with seed: 42
[2026-08-19 18:34:19][INFO] SIM_BRIDGE: Homeostasis per-region mask: 11 regions enabled (1584 neurons)
[2026-08-19 18:34:19][INFO] SIM_BRIDGE: Initializing Izhikevich model specifics for 47440 neurons...
[2026-08-19 18:34:19][INFO] SIM_BRIDGE: Region 'cue' (192 neurons): using Izh type IZH2007_RS_CORTICAL_PYRAMIDAL
[2026-08-19 18:34:19][INFO] SIM_BRIDGE: Region 'patient_expected' (288 neurons): using Izh type IZH2007_FS_CORTICAL_INTERNEURON
[2026-08-19 18:34:19][INFO] SIM_BRIDGE: Region 'patient_asserted' (288 neurons): using Izh type IZH2007_RS_CORTICAL_PYRAMIDAL
[2026-08-19 18:34:19][INFO] SIM_BRIDGE: Region 'surprise' (288 neurons): using Izh type IZH2007_RS_CORTICAL_PYRAMIDAL
[2026-08-19 18:34:19][INFO] SIM_BRIDGE: Region 'state' (240 neurons): using Izh type IZH2007_RS_CORTICAL_PYRAMIDAL
[2026-08-19 18:34:19][INFO] SIM_BRIDGE: Region 'pred_pos' (48 neurons): using Izh type IZH2007_FS_CORTICAL_INTERNEURON
[2026-08-19 18:34:19][INFO] SIM_BRIDGE: Region 'pred_neg' (48 neurons): using Izh type IZH2007_FS_CORTICAL_INTERNEURON
[2026-08-19 18:34:19][INFO] SIM_BRIDGE: Region 'obs_pos' (48 neurons): using Izh type IZH2007_RS_CORTICAL_PYRAMIDAL
[2026-08-19 18:34:19][INFO] SIM_BRIDGE: Region 'obs_neg' (48 neurons): using Izh type IZH2007_RS_CORTICAL_PYRAMIDAL
[2026-08-19 18:34:19][INFO] SIM_BRIDGE: Region 'surprise_pos' (48 neurons): using Izh type IZH2007_RS_CORTICAL_PYRAMIDAL
[2026-08-19 18:34:19][INFO] SIM_BRIDGE: Region 'surprise_neg' (48 neurons): using Izh type IZH2007_RS_CORTICAL_PYRAMIDAL
[2026-08-19 18:34:19][INFO] SIM_BRIDGE: Generating 3D neuron positions for 47440 neurons...
[2026-08-19 18:34:19][INFO] SIM_BRIDGE: Generating connections (brain-region framework)...
[2026-08-19 18:34:19][INFO] SIM_BRIDGE: inject_explicit_wiring: installed 253440 synapses across 9 populations.
[2026-08-19 18:34:19][INFO] SIM_BRIDGE: Simulation data initialized for 47440 neurons (3D). Synapses: 253440. GPU memory: 0.0GB/9223372036.9GB (0.0%)
[2026-08-19 18:34:19][INFO] SIM_BRIDGE: NumPy backend (CPU (NumPy backend), 8589934592.0 GB RAM available)
[2026-08-19 18:34:19][INFO] SIM_BRIDGE: Initializing simulation data for model: IZHIKEVICH (3D)... (playback_init: False)
[2026-08-19 18:34:19][INFO] SIM_BRIDGE: RNG initialized with seed: 42
[2026-08-19 18:34:19][INFO] SIM_BRIDGE: Initializing Izhikevich model specifics for 45856 neurons...
[2026-08-19 18:34:19][INFO] SIM_BRIDGE: Applying parameter heterogeneity to neuron parameters...
[2026-08-19 18:34:19][INFO] SIM_BRIDGE: Applied heterogeneity to 4 parameters.
[2026-08-19 18:34:19][INFO] SIM_BRIDGE: Initializing OU process state (tau=15.0ms, sigma=20.0pA)...
[2026-08-19 18:34:19][INFO] SIM_BRIDGE: Generating 3D neuron positions for 45856 neurons...
[2026-08-19 18:34:19][INFO] SIM_BRIDGE: Generating connections (3D)...
[2026-08-19 18:34:19][INFO] SIM_BRIDGE: Simulation data initialized for 45856 neurons (3D). Synapses: 0. GPU memory: 0.0GB/9223372036.9GB (0.0%)
[2026-08-19 18:34:19][INFO] SIM_BRIDGE: inject_explicit_wiring: installed 720 synapses across 1 populations.
[2026-08-19 18:34:53][INFO] SIM_BRIDGE: NumPy backend (CPU (NumPy backend), 8589934592.0 GB RAM available)
[2026-08-19 18:34:53][INFO] SIM_BRIDGE: Initializing simulation data for model: IZHIKEVICH (3D)... (playback_init: False)
[2026-08-19 18:34:53][INFO] SIM_BRIDGE: Brain-region framework: 2 regions, 1800 total neurons, 3 pathways.
[2026-08-19 18:34:53][INFO] SIM_BRIDGE: RNG initialized with seed: 42
[2026-08-19 18:34:53][INFO] SIM_BRIDGE: Initializing Izhikevich model specifics for 1800 neurons...
[2026-08-19 18:34:53][INFO] SIM_BRIDGE: Applying parameter heterogeneity to neuron parameters...
[2026-08-19 18:34:53][INFO] SIM_BRIDGE: Applied heterogeneity to 4 parameters.
[2026-08-19 18:34:53][INFO] SIM_BRIDGE: Initializing OU process state (tau=15.0ms, sigma=0.0pA)...
[2026-08-19 18:34:53][INFO] SIM_BRIDGE: Generating 3D neuron positions for 1800 neurons...
[2026-08-19 18:34:53][INFO] SIM_BRIDGE: Generating connections (brain-region framework)...
[2026-08-19 18:34:55][INFO] SIM_BRIDGE: inject_explicit_wiring: installed 1619529 synapses across 3 populations.
[2026-08-19 18:34:55][INFO] SIM_BRIDGE: Simulation data initialized for 1800 neurons (3D). Synapses: 1619529. GPU memory: 0.0GB/9223372036.9GB (0.0%)
[2026-08-19 18:34:55][INFO] SIM_BRIDGE: NumPy backend (CPU (NumPy backend), 8589934592.0 GB RAM available)
[2026-08-19 18:34:55][INFO] SIM_BRIDGE: Initializing simulation data for model: IZHIKEVICH (3D)... (playback_init: False)
[2026-08-19 18:34:55][INFO] SIM_BRIDGE: RNG initialized with seed: 42
[2026-08-19 18:34:55][INFO] SIM_BRIDGE: Initializing Izhikevich model specifics for 224 neurons...
[2026-08-19 18:34:55][INFO] SIM_BRIDGE: Applying parameter heterogeneity to neuron parameters...
[2026-08-19 18:34:55][INFO] SIM_BRIDGE: Applied heterogeneity to 4 parameters.
[2026-08-19 18:34:55][INFO] SIM_BRIDGE: Initializing OU process state (tau=15.0ms, sigma=20.0pA)...
[2026-08-19 18:34:55][INFO] SIM_BRIDGE: Generating 3D neuron positions for 224 neurons...
[2026-08-19 18:34:55][INFO] SIM_BRIDGE: Generating connections (3D)...
[2026-08-19 18:34:55][INFO] SIM_BRIDGE: Simulation data initialized for 224 neurons (3D). Synapses: 0. GPU memory: 0.0GB/9223372036.9GB (0.0%)
[2026-08-19 18:34:55][INFO] SIM_BRIDGE: inject_explicit_wiring: installed 4800 synapses across 1 populations.
[2026-08-19 18:35:37][INFO] SIM_BRIDGE: NumPy backend (CPU (NumPy backend), 8589934592.0 GB RAM available)
[2026-08-19 18:35:37][INFO] SIM_BRIDGE: Initializing simulation data for model: IZHIKEVICH (3D)... (playback_init: False)
[2026-08-19 18:35:37][INFO] SIM_BRIDGE: RNG initialized with seed: 42
[2026-08-19 18:35:37][INFO] SIM_BRIDGE: Initializing Izhikevich model specifics for 144 neurons...
[2026-08-19 18:35:37][INFO] SIM_BRIDGE: Applying parameter heterogeneity to neuron parameters...
[2026-08-19 18:35:37][INFO] SIM_BRIDGE: Applied heterogeneity to 4 parameters.
[2026-08-19 18:35:37][INFO] SIM_BRIDGE: Initializing OU process state (tau=15.0ms, sigma=0.0pA)...
[2026-08-19 18:35:37][INFO] SIM_BRIDGE: Generating 3D neuron positions for 144 neurons...
[2026-08-19 18:35:37][INFO] SIM_BRIDGE: Generating connections (3D)...
[2026-08-19 18:35:37][INFO] SIM_BRIDGE: Simulation data initialized for 144 neurons (3D). Synapses: 0. GPU memory: 0.0GB/9223372036.9GB (0.0%)
[2026-08-19 18:35:37][INFO] SIM_BRIDGE: NumPy backend (CPU (NumPy backend), 8589934592.0 GB RAM available)
[2026-08-19 18:35:37][INFO] SIM_BRIDGE: Initializing simulation data for model: IZHIKEVICH (3D)... (playback_init: False)
[2026-08-19 18:35:37][INFO] SIM_BRIDGE: RNG initialized with seed: 42
[2026-08-19 18:35:37][INFO] SIM_BRIDGE: Initializing Izhikevich model specifics for 2 neurons...
[2026-08-19 18:35:37][INFO] SIM_BRIDGE: Applying parameter heterogeneity to neuron parameters...
[2026-08-19 18:35:37][INFO] SIM_BRIDGE: Applied heterogeneity to 4 parameters.
[2026-08-19 18:35:37][INFO] SIM_BRIDGE: Initializing OU process state (tau=15.0ms, sigma=0.0pA)...
[2026-08-19 18:35:37][INFO] SIM_BRIDGE: Generating 3D neuron positions for 2 neurons...
[2026-08-19 18:35:37][INFO] SIM_BRIDGE: Generating connections (3D)...
[2026-08-19 18:35:37][INFO] SIM_BRIDGE: Simulation data initialized for 2 neurons (3D). Synapses: 0. GPU memory: 0.0GB/9223372036.9GB (0.0%)
[2026-08-19 18:36:33][INFO] SIM_BRIDGE: NumPy backend (CPU (NumPy backend), 8589934592.0 GB RAM available)
[2026-08-19 18:36:33][INFO] SIM_BRIDGE: Initializing simulation data for model: IZHIKEVICH (3D)... (playback_init: False)
[2026-08-19 18:36:33][INFO] SIM_BRIDGE: RNG initialized with seed: 42
[2026-08-19 18:36:33][INFO] SIM_BRIDGE: Initializing Izhikevich model specifics for 45856 neurons...
[2026-08-19 18:36:33][INFO] SIM_BRIDGE: Applying parameter heterogeneity to neuron parameters...
[2026-08-19 18:36:33][INFO] SIM_BRIDGE: Applied heterogeneity to 4 parameters.
[2026-08-19 18:36:33][INFO] SIM_BRIDGE: Initializing OU process state (tau=15.0ms, sigma=20.0pA)...
[2026-08-19 18:36:33][INFO] SIM_BRIDGE: Generating 3D neuron positions for 45856 neurons...
[2026-08-19 18:36:33][INFO] SIM_BRIDGE: Generating connections (3D)...
[2026-08-19 18:36:33][INFO] SIM_BRIDGE: Simulation data initialized for 45856 neurons (3D). Synapses: 0. GPU memory: 0.0GB/9223372036.9GB (0.0%)
[2026-08-19 18:36:33][INFO] SIM_BRIDGE: inject_explicit_wiring: installed 720 synapses across 1 populations.
[2026-08-19 18:37:06][INFO] SIM_BRIDGE: NumPy backend (CPU (NumPy backend), 8589934592.0 GB RAM available)
[2026-08-19 18:37:06][INFO] SIM_BRIDGE: Initializing simulation data for model: IZHIKEVICH (3D)... (playback_init: False)
[2026-08-19 18:37:06][INFO] SIM_BRIDGE: Brain-region framework: 2 regions, 1800 total neurons, 3 pathways.
[2026-08-19 18:37:06][INFO] SIM_BRIDGE: RNG initialized with seed: 42
[2026-08-19 18:37:06][INFO] SIM_BRIDGE: Initializing Izhikevich model specifics for 1800 neurons...
[2026-08-19 18:37:06][INFO] SIM_BRIDGE: Applying parameter heterogeneity to neuron parameters...
[2026-08-19 18:37:06][INFO] SIM_BRIDGE: Applied heterogeneity to 4 parameters.
[2026-08-19 18:37:06][INFO] SIM_BRIDGE: Initializing OU process state (tau=15.0ms, sigma=0.0pA)...
[2026-08-19 18:37:06][INFO] SIM_BRIDGE: Generating 3D neuron positions for 1800 neurons...
[2026-08-19 18:37:06][INFO] SIM_BRIDGE: Generating connections (brain-region framework)...
[2026-08-19 18:37:08][INFO] SIM_BRIDGE: inject_explicit_wiring: installed 1619529 synapses across 3 populations.
[2026-08-19 18:37:08][INFO] SIM_BRIDGE: Simulation data initialized for 1800 neurons (3D). Synapses: 1619529. GPU memory: 0.0GB/9223372036.9GB (0.0%)
[2026-08-19 18:37:08][INFO] SIM_BRIDGE: NumPy backend (CPU (NumPy backend), 8589934592.0 GB RAM available)
[2026-08-19 18:37:08][INFO] SIM_BRIDGE: Initializing simulation data for model: IZHIKEVICH (3D)... (playback_init: False)
[2026-08-19 18:37:08][INFO] SIM_BRIDGE: RNG initialized with seed: 42
[2026-08-19 18:37:08][INFO] SIM_BRIDGE: Initializing Izhikevich model specifics for 224 neurons...
[2026-08-19 18:37:08][INFO] SIM_BRIDGE: Applying parameter heterogeneity to neuron parameters...
[2026-08-19 18:37:08][INFO] SIM_BRIDGE: Applied heterogeneity to 4 parameters.
[2026-08-19 18:37:08][INFO] SIM_BRIDGE: Initializing OU process state (tau=15.0ms, sigma=20.0pA)...
[2026-08-19 18:37:08][INFO] SIM_BRIDGE: Generating 3D neuron positions for 224 neurons...
[2026-08-19 18:37:08][INFO] SIM_BRIDGE: Generating connections (3D)...
[2026-08-19 18:37:08][INFO] SIM_BRIDGE: Simulation data initialized for 224 neurons (3D). Synapses: 0. GPU memory: 0.0GB/9223372036.9GB (0.0%)
[2026-08-19 18:37:08][INFO] SIM_BRIDGE: inject_explicit_wiring: installed 4800 synapses across 1 populations.
[2026-08-19 18:37:46][INFO] SIM_BRIDGE: NumPy backend (CPU (NumPy backend), 8589934592.0 GB RAM available)
[2026-08-19 18:37:46][INFO] SIM_BRIDGE: Initializing simulation data for model: IZHIKEVICH (3D)... (playback_init: False)
[2026-08-19 18:37:46][INFO] SIM_BRIDGE: RNG initialized with seed: 42
[2026-08-19 18:37:46][INFO] SIM_BRIDGE: Initializing Izhikevich model specifics for 144 neurons...
[2026-08-19 18:37:46][INFO] SIM_BRIDGE: Applying parameter heterogeneity to neuron parameters...
[2026-08-19 18:37:46][INFO] SIM_BRIDGE: Applied heterogeneity to 4 parameters.
[2026-08-19 18:37:46][INFO] SIM_BRIDGE: Initializing OU process state (tau=15.0ms, sigma=0.0pA)...
[2026-08-19 18:37:46][INFO] SIM_BRIDGE: Generating 3D neuron positions for 144 neurons...
[2026-08-19 18:37:46][INFO] SIM_BRIDGE: Generating connections (3D)...
[2026-08-19 18:37:46][INFO] SIM_BRIDGE: Simulation data initialized for 144 neurons (3D). Synapses: 0. GPU memory: 0.0GB/9223372036.9GB (0.0%)
[2026-08-19 18:37:46][INFO] SIM_BRIDGE: NumPy backend (CPU (NumPy backend), 8589934592.0 GB RAM available)
[2026-08-19 18:37:46][INFO] SIM_BRIDGE: Initializing simulation data for model: IZHIKEVICH (3D)... (playback_init: False)
[2026-08-19 18:37:46][INFO] SIM_BRIDGE: RNG initialized with seed: 42
[2026-08-19 18:37:46][INFO] SIM_BRIDGE: Initializing Izhikevich model specifics for 2 neurons...
[2026-08-19 18:37:46][INFO] SIM_BRIDGE: Applying parameter heterogeneity to neuron parameters...
[2026-08-19 18:37:46][INFO] SIM_BRIDGE: Applied heterogeneity to 4 parameters.
[2026-08-19 18:37:46][INFO] SIM_BRIDGE: Initializing OU process state (tau=15.0ms, sigma=0.0pA)...
[2026-08-19 18:37:46][INFO] SIM_BRIDGE: Generating 3D neuron positions for 2 neurons...
[2026-08-19 18:37:46][INFO] SIM_BRIDGE: Generating connections (3D)...
[2026-08-19 18:37:46][INFO] SIM_BRIDGE: Simulation data initialized for 2 neurons (3D). Synapses: 0. GPU memory: 0.0GB/9223372036.9GB (0.0%)
[2026-08-19 18:37:46][INFO] SIM_BRIDGE: NumPy backend (CPU (NumPy backend), 8589934592.0 GB RAM available)
[2026-08-19 18:37:46][INFO] SIM_BRIDGE: Initializing simulation data for model: IZHIKEVICH (3D)... (playback_init: False)
[2026-08-19 18:37:46][INFO] SIM_BRIDGE: Brain-region framework: 4 regions, 1056 total neurons, 3 pathways.
[2026-08-19 18:37:46][INFO] SIM_BRIDGE: RNG initialized with seed: 42
[2026-08-19 18:37:46][INFO] SIM_BRIDGE: Initializing Izhikevich model specifics for 1056 neurons...
[2026-08-19 18:37:46][INFO] SIM_BRIDGE: Region 'cue' (192 neurons): using Izh type IZH2007_RS_CORTICAL_PYRAMIDAL
[2026-08-19 18:37:46][INFO] SIM_BRIDGE: Region 'patient_expected' (288 neurons): using Izh type IZH2007_FS_CORTICAL_INTERNEURON
[2026-08-19 18:37:46][INFO] SIM_BRIDGE: Region 'patient_asserted' (288 neurons): using Izh type IZH2007_RS_CORTICAL_PYRAMIDAL
[2026-08-19 18:37:46][INFO] SIM_BRIDGE: Region 'surprise' (288 neurons): using Izh type IZH2007_RS_CORTICAL_PYRAMIDAL
[2026-08-19 18:37:46][INFO] SIM_BRIDGE: Generating 3D neuron positions for 1056 neurons...
[2026-08-19 18:37:46][INFO] SIM_BRIDGE: Generating connections (brain-region framework)...
[2026-08-19 18:37:46][INFO] SIM_BRIDGE: inject_explicit_wiring: installed 221184 synapses across 3 populations.
[2026-08-19 18:37:46][INFO] SIM_BRIDGE: Simulation data initialized for 1056 neurons (3D). Synapses: 221184. GPU memory: 0.0GB/9223372036.9GB (0.0%)
  [surprise-monitor          ] answer_changed=True  meta_present=True  -> DRIVER
      intact : 'The dog chases cat.'
      lesion : "That surprises me — my mismatch monitor fired: I'd learned that dog chase cat. The dog cha"
[2026-08-19 18:38:12][INFO] SIM_BRIDGE: NumPy backend (CPU (NumPy backend), 8589934592.0 GB RAM available)
[2026-08-19 18:38:12][INFO] SIM_BRIDGE: Initializing simulation data for model: IZHIKEVICH (3D)... (playback_init: False)
[2026-08-19 18:38:12][INFO] SIM_BRIDGE: RNG initialized with seed: 42
[2026-08-19 18:38:12][INFO] SIM_BRIDGE: Initializing Izhikevich model specifics for 45856 neurons...
[2026-08-19 18:38:12][INFO] SIM_BRIDGE: Applying parameter heterogeneity to neuron parameters...
[2026-08-19 18:38:12][INFO] SIM_BRIDGE: Applied heterogeneity to 4 parameters.
[2026-08-19 18:38:12][INFO] SIM_BRIDGE: Initializing OU process state (tau=15.0ms, sigma=20.0pA)...
[2026-08-19 18:38:12][INFO] SIM_BRIDGE: Generating 3D neuron positions for 45856 neurons...
[2026-08-19 18:38:12][INFO] SIM_BRIDGE: Generating connections (3D)...
[2026-08-19 18:38:12][INFO] SIM_BRIDGE: Simulation data initialized for 45856 neurons (3D). Synapses: 0. GPU memory: 0.0GB/9223372036.9GB (0.0%)
[2026-08-19 18:38:12][INFO] SIM_BRIDGE: inject_explicit_wiring: installed 720 synapses across 1 populations.
[2026-08-19 18:38:48][INFO] SIM_BRIDGE: NumPy backend (CPU (NumPy backend), 8589934592.0 GB RAM available)
[2026-08-19 18:38:48][INFO] SIM_BRIDGE: Initializing simulation data for model: IZHIKEVICH (3D)... (playback_init: False)
[2026-08-19 18:38:48][INFO] SIM_BRIDGE: Brain-region framework: 2 regions, 1800 total neurons, 3 pathways.
[2026-08-19 18:38:48][INFO] SIM_BRIDGE: RNG initialized with seed: 42
[2026-08-19 18:38:48][INFO] SIM_BRIDGE: Initializing Izhikevich model specifics for 1800 neurons...
[2026-08-19 18:38:48][INFO] SIM_BRIDGE: Applying parameter heterogeneity to neuron parameters...
[2026-08-19 18:38:48][INFO] SIM_BRIDGE: Applied heterogeneity to 4 parameters.
[2026-08-19 18:38:48][INFO] SIM_BRIDGE: Initializing OU process state (tau=15.0ms, sigma=0.0pA)...
[2026-08-19 18:38:48][INFO] SIM_BRIDGE: Generating 3D neuron positions for 1800 neurons...
[2026-08-19 18:38:48][INFO] SIM_BRIDGE: Generating connections (brain-region framework)...
[2026-08-19 18:38:49][INFO] SIM_BRIDGE: inject_explicit_wiring: installed 1619529 synapses across 3 populations.
[2026-08-19 18:38:49][INFO] SIM_BRIDGE: Simulation data initialized for 1800 neurons (3D). Synapses: 1619529. GPU memory: 0.0GB/9223372036.9GB (0.0%)
[2026-08-19 18:38:49][INFO] SIM_BRIDGE: NumPy backend (CPU (NumPy backend), 8589934592.0 GB RAM available)
[2026-08-19 18:38:49][INFO] SIM_BRIDGE: Initializing simulation data for model: IZHIKEVICH (3D)... (playback_init: False)
[2026-08-19 18:38:49][INFO] SIM_BRIDGE: RNG initialized with seed: 42
[2026-08-19 18:38:49][INFO] SIM_BRIDGE: Initializing Izhikevich model specifics for 224 neurons...
[2026-08-19 18:38:49][INFO] SIM_BRIDGE: Applying parameter heterogeneity to neuron parameters...
[2026-08-19 18:38:49][INFO] SIM_BRIDGE: Applied heterogeneity to 4 parameters.
[2026-08-19 18:38:49][INFO] SIM_BRIDGE: Initializing OU process state (tau=15.0ms, sigma=20.0pA)...
[2026-08-19 18:38:49][INFO] SIM_BRIDGE: Generating 3D neuron positions for 224 neurons...
[2026-08-19 18:38:49][INFO] SIM_BRIDGE: Generating connections (3D)...
[2026-08-19 18:38:49][INFO] SIM_BRIDGE: Simulation data initialized for 224 neurons (3D). Synapses: 0. GPU memory: 0.0GB/9223372036.9GB (0.0%)
[2026-08-19 18:38:49][INFO] SIM_BRIDGE: inject_explicit_wiring: installed 4800 synapses across 1 populations.
[2026-08-19 18:39:28][INFO] SIM_BRIDGE: NumPy backend (CPU (NumPy backend), 8589934592.0 GB RAM available)
[2026-08-19 18:39:28][INFO] SIM_BRIDGE: Initializing simulation data for model: IZHIKEVICH (3D)... (playback_init: False)
[2026-08-19 18:39:28][INFO] SIM_BRIDGE: RNG initialized with seed: 42
[2026-08-19 18:39:28][INFO] SIM_BRIDGE: Initializing Izhikevich model specifics for 144 neurons...
[2026-08-19 18:39:28][INFO] SIM_BRIDGE: Applying parameter heterogeneity to neuron parameters...
[2026-08-19 18:39:28][INFO] SIM_BRIDGE: Applied heterogeneity to 4 parameters.
[2026-08-19 18:39:28][INFO] SIM_BRIDGE: Initializing OU process state (tau=15.0ms, sigma=0.0pA)...
[2026-08-19 18:39:28][INFO] SIM_BRIDGE: Generating 3D neuron positions for 144 neurons...
[2026-08-19 18:39:28][INFO] SIM_BRIDGE: Generating connections (3D)...
[2026-08-19 18:39:28][INFO] SIM_BRIDGE: Simulation data initialized for 144 neurons (3D). Synapses: 0. GPU memory: 0.0GB/9223372036.9GB (0.0%)
[2026-08-19 18:39:28][INFO] SIM_BRIDGE: NumPy backend (CPU (NumPy backend), 8589934592.0 GB RAM available)
[2026-08-19 18:39:28][INFO] SIM_BRIDGE: Initializing simulation data for model: IZHIKEVICH (3D)... (playback_init: False)
[2026-08-19 18:39:28][INFO] SIM_BRIDGE: RNG initialized with seed: 42
[2026-08-19 18:39:28][INFO] SIM_BRIDGE: Initializing Izhikevich model specifics for 2 neurons...
[2026-08-19 18:39:28][INFO] SIM_BRIDGE: Applying parameter heterogeneity to neuron parameters...
[2026-08-19 18:39:28][INFO] SIM_BRIDGE: Applied heterogeneity to 4 parameters.
[2026-08-19 18:39:28][INFO] SIM_BRIDGE: Initializing OU process state (tau=15.0ms, sigma=0.0pA)...
[2026-08-19 18:39:28][INFO] SIM_BRIDGE: Generating 3D neuron positions for 2 neurons...
[2026-08-19 18:39:28][INFO] SIM_BRIDGE: Generating connections (3D)...
[2026-08-19 18:39:28][INFO] SIM_BRIDGE: Simulation data initialized for 2 neurons (3D). Synapses: 0. GPU memory: 0.0GB/9223372036.9GB (0.0%)
[2026-08-19 18:39:30][INFO] SIM_BRIDGE: NumPy backend (CPU (NumPy backend), 8589934592.0 GB RAM available)
[2026-08-19 18:39:30][INFO] SIM_BRIDGE: Initializing simulation data for model: IZHIKEVICH (3D)... (playback_init: False)
[2026-08-19 18:39:30][INFO] SIM_BRIDGE: Brain-region framework: 2 regions, 390 total neurons, 2 pathways.
[2026-08-19 18:39:30][INFO] SIM_BRIDGE: RNG initialized with seed: 42
[2026-08-19 18:39:30][INFO] SIM_BRIDGE: NMDA per-region mask: 1 regions enabled (340 neurons)
[2026-08-19 18:39:30][INFO] SIM_BRIDGE: Initializing Izhikevich model specifics for 390 neurons...
[2026-08-19 18:39:30][INFO] SIM_BRIDGE: Generating 3D neuron positions for 390 neurons...
[2026-08-19 18:39:30][INFO] SIM_BRIDGE: Generating connections (brain-region framework)...
[2026-08-19 18:39:30][INFO] SIM_BRIDGE: inject_explicit_wiring: installed 17011 synapses across 2 populations.
[2026-08-19 18:39:30][INFO] SIM_BRIDGE: Simulation data initialized for 390 neurons (3D). Synapses: 17011. GPU memory: 0.0GB/9223372036.9GB (0.0%)
[2026-08-19 18:39:30][INFO] SIM_BRIDGE: inject_explicit_wiring: installed 42291 synapses across 6 populations.
[2026-08-19 18:39:30][INFO] SIM_BRIDGE: NumPy backend (CPU (NumPy backend), 8589934592.0 GB RAM available)
[2026-08-19 18:39:30][INFO] SIM_BRIDGE: Initializing simulation data for model: IZHIKEVICH (3D)... (playback_init: False)
[2026-08-19 18:39:30][INFO] SIM_BRIDGE: Brain-region framework: 2 regions, 1200 total neurons, 2 pathways.
[2026-08-19 18:39:30][INFO] SIM_BRIDGE: RNG initialized with seed: 42
[2026-08-19 18:39:30][INFO] SIM_BRIDGE: NMDA per-region mask: 2 regions enabled (1200 neurons)
[2026-08-19 18:39:30][INFO] SIM_BRIDGE: Initializing Izhikevich model specifics for 1200 neurons...
[2026-08-19 18:39:30][INFO] SIM_BRIDGE: Region 'cortex_ctx' (600 neurons): using Izh type IZH2007_HIPPO_PYRAMIDAL
[2026-08-19 18:39:30][INFO] SIM_BRIDGE: Region 'dlpfc_wm' (600 neurons): using Izh type IZH2007_HIPPO_PYRAMIDAL
[2026-08-19 18:39:30][INFO] SIM_BRIDGE: Applying parameter heterogeneity to neuron parameters...
[2026-08-19 18:39:30][INFO] SIM_BRIDGE: Applied heterogeneity to 4 parameters.
[2026-08-19 18:39:30][INFO] SIM_BRIDGE: Generating 3D neuron positions for 1200 neurons...
[2026-08-19 18:39:30][INFO] SIM_BRIDGE: Generating connections (brain-region framework)...
[2026-08-19 18:39:30][INFO] SIM_BRIDGE: inject_explicit_wiring: installed 107786 synapses across 4 populations.
[2026-08-19 18:39:30][INFO] SIM_BRIDGE: Initializing eligibility traces for 107786 synapses (capacity: 161679, dtype: float32)...
[2026-08-19 18:39:30][INFO] SIM_BRIDGE: Initializing STDP state for 1200 neurons...
[2026-08-19 18:39:30][INFO] SIM_BRIDGE: Simulation data initialized for 1200 neurons (3D). Synapses: 107786. GPU memory: 0.0GB/9223372036.9GB (0.0%)
[2026-08-19 18:39:31][INFO] SIM_BRIDGE: ⛔ STDP IS INERT: enable_stdp=True but runtime_state.current_time_ms is still 0.0 after 50 steps. _run_one_simulation_step() does NOT advance the clock (only step_simulation() does), so every spike shares one timestamp, delta_t==0 for every pair, and every STDP update is exactly 0.0. FIX: advance it in your loop -- `bridge.runtime_state.current_time_ms += bridge.core_config.dt_ms` after each step.
[2026-08-19 18:39:31][INFO] SIM_BRIDGE: NumPy backend (CPU (NumPy backend), 8589934592.0 GB RAM available)
[2026-08-19 18:39:31][INFO] SIM_BRIDGE: Initializing simulation data for model: IZHIKEVICH (3D)... (playback_init: False)
[2026-08-19 18:39:31][INFO] SIM_BRIDGE: Brain-region framework: 5 regions, 450 total neurons, 4 pathways.
[2026-08-19 18:39:31][INFO] SIM_BRIDGE: RNG initialized with seed: 42
[2026-08-19 18:39:31][INFO] SIM_BRIDGE: NMDA per-region mask: 2 regions enabled (240 neurons)
[2026-08-19 18:39:31][INFO] SIM_BRIDGE: Initializing Izhikevich model specifics for 450 neurons...
[2026-08-19 18:39:31][INFO] SIM_BRIDGE: Applying parameter heterogeneity to neuron parameters...
[2026-08-19 18:39:31][INFO] SIM_BRIDGE: Applied heterogeneity to 4 parameters.
[2026-08-19 18:39:31][INFO] SIM_BRIDGE: Generating 3D neuron positions for 450 neurons...
[2026-08-19 18:39:31][INFO] SIM_BRIDGE: Generating connections (brain-region framework)...
[2026-08-19 18:39:31][INFO] SIM_BRIDGE: inject_explicit_wiring: installed 13681 synapses across 4 populations.
[2026-08-19 18:39:31][INFO] SIM_BRIDGE: Simulation data initialized for 450 neurons (3D). Synapses: 13681. GPU memory: 0.0GB/9223372036.9GB (0.0%)
[2026-08-19 18:39:31][INFO] SIM_BRIDGE: inject_explicit_wiring: installed 26321 synapses across 6 populations.
[2026-08-19 18:39:42][INFO] SIM_BRIDGE: NumPy backend (CPU (NumPy backend), 8589934592.0 GB RAM available)
[2026-08-19 18:39:42][INFO] SIM_BRIDGE: Initializing simulation data for model: IZHIKEVICH (3D)... (playback_init: False)
[2026-08-19 18:39:42][INFO] SIM_BRIDGE: RNG initialized with seed: 42
[2026-08-19 18:39:42][INFO] SIM_BRIDGE: Initializing Izhikevich model specifics for 45856 neurons...
[2026-08-19 18:39:42][INFO] SIM_BRIDGE: Applying parameter heterogeneity to neuron parameters...
[2026-08-19 18:39:42][INFO] SIM_BRIDGE: Applied heterogeneity to 4 parameters.
[2026-08-19 18:39:42][INFO] SIM_BRIDGE: Initializing OU process state (tau=15.0ms, sigma=20.0pA)...
[2026-08-19 18:39:42][INFO] SIM_BRIDGE: Generating 3D neuron positions for 45856 neurons...
[2026-08-19 18:39:42][INFO] SIM_BRIDGE: Generating connections (3D)...
[2026-08-19 18:39:42][INFO] SIM_BRIDGE: Simulation data initialized for 45856 neurons (3D). Synapses: 0. GPU memory: 0.0GB/9223372036.9GB (0.0%)
[2026-08-19 18:39:42][INFO] SIM_BRIDGE: inject_explicit_wiring: installed 720 synapses across 1 populations.
[2026-08-19 18:40:16][INFO] SIM_BRIDGE: NumPy backend (CPU (NumPy backend), 8589934592.0 GB RAM available)
[2026-08-19 18:40:16][INFO] SIM_BRIDGE: Initializing simulation data for model: IZHIKEVICH (3D)... (playback_init: False)
[2026-08-19 18:40:16][INFO] SIM_BRIDGE: Brain-region framework: 2 regions, 1800 total neurons, 3 pathways.
[2026-08-19 18:40:16][INFO] SIM_BRIDGE: RNG initialized with seed: 42
[2026-08-19 18:40:16][INFO] SIM_BRIDGE: Initializing Izhikevich model specifics for 1800 neurons...
[2026-08-19 18:40:16][INFO] SIM_BRIDGE: Applying parameter heterogeneity to neuron parameters...
[2026-08-19 18:40:16][INFO] SIM_BRIDGE: Applied heterogeneity to 4 parameters.
[2026-08-19 18:40:16][INFO] SIM_BRIDGE: Initializing OU process state (tau=15.0ms, sigma=0.0pA)...
[2026-08-19 18:40:16][INFO] SIM_BRIDGE: Generating 3D neuron positions for 1800 neurons...
[2026-08-19 18:40:16][INFO] SIM_BRIDGE: Generating connections (brain-region framework)...
[2026-08-19 18:40:17][INFO] SIM_BRIDGE: inject_explicit_wiring: installed 1619529 synapses across 3 populations.
[2026-08-19 18:40:17][INFO] SIM_BRIDGE: Simulation data initialized for 1800 neurons (3D). Synapses: 1619529. GPU memory: 0.0GB/9223372036.9GB (0.0%)
[2026-08-19 18:40:17][INFO] SIM_BRIDGE: NumPy backend (CPU (NumPy backend), 8589934592.0 GB RAM available)
[2026-08-19 18:40:17][INFO] SIM_BRIDGE: Initializing simulation data for model: IZHIKEVICH (3D)... (playback_init: False)
[2026-08-19 18:40:17][INFO] SIM_BRIDGE: RNG initialized with seed: 42
[2026-08-19 18:40:17][INFO] SIM_BRIDGE: Initializing Izhikevich model specifics for 224 neurons...
[2026-08-19 18:40:17][INFO] SIM_BRIDGE: Applying parameter heterogeneity to neuron parameters...
[2026-08-19 18:40:17][INFO] SIM_BRIDGE: Applied heterogeneity to 4 parameters.
[2026-08-19 18:40:17][INFO] SIM_BRIDGE: Initializing OU process state (tau=15.0ms, sigma=20.0pA)...
[2026-08-19 18:40:17][INFO] SIM_BRIDGE: Generating 3D neuron positions for 224 neurons...
[2026-08-19 18:40:17][INFO] SIM_BRIDGE: Generating connections (3D)...
[2026-08-19 18:40:17][INFO] SIM_BRIDGE: Simulation data initialized for 224 neurons (3D). Synapses: 0. GPU memory: 0.0GB/9223372036.9GB (0.0%)
[2026-08-19 18:40:17][INFO] SIM_BRIDGE: inject_explicit_wiring: installed 4800 synapses across 1 populations.
[2026-08-19 18:40:56][INFO] SIM_BRIDGE: NumPy backend (CPU (NumPy backend), 8589934592.0 GB RAM available)
[2026-08-19 18:40:56][INFO] SIM_BRIDGE: Initializing simulation data for model: IZHIKEVICH (3D)... (playback_init: False)
[2026-08-19 18:40:56][INFO] SIM_BRIDGE: RNG initialized with seed: 42
[2026-08-19 18:40:56][INFO] SIM_BRIDGE: Initializing Izhikevich model specifics for 144 neurons...
[2026-08-19 18:40:56][INFO] SIM_BRIDGE: Applying parameter heterogeneity to neuron parameters...
[2026-08-19 18:40:56][INFO] SIM_BRIDGE: Applied heterogeneity to 4 parameters.
[2026-08-19 18:40:56][INFO] SIM_BRIDGE: Initializing OU process state (tau=15.0ms, sigma=0.0pA)...
[2026-08-19 18:40:56][INFO] SIM_BRIDGE: Generating 3D neuron positions for 144 neurons...
[2026-08-19 18:40:56][INFO] SIM_BRIDGE: Generating connections (3D)...
[2026-08-19 18:40:56][INFO] SIM_BRIDGE: Simulation data initialized for 144 neurons (3D). Synapses: 0. GPU memory: 0.0GB/9223372036.9GB (0.0%)
[2026-08-19 18:40:56][INFO] SIM_BRIDGE: NumPy backend (CPU (NumPy backend), 8589934592.0 GB RAM available)
[2026-08-19 18:40:56][INFO] SIM_BRIDGE: Initializing simulation data for model: IZHIKEVICH (3D)... (playback_init: False)
[2026-08-19 18:40:56][INFO] SIM_BRIDGE: RNG initialized with seed: 42
[2026-08-19 18:40:56][INFO] SIM_BRIDGE: Initializing Izhikevich model specifics for 2 neurons...
[2026-08-19 18:40:56][INFO] SIM_BRIDGE: Applying parameter heterogeneity to neuron parameters...
[2026-08-19 18:40:56][INFO] SIM_BRIDGE: Applied heterogeneity to 4 parameters.
[2026-08-19 18:40:56][INFO] SIM_BRIDGE: Initializing OU process state (tau=15.0ms, sigma=0.0pA)...
[2026-08-19 18:40:56][INFO] SIM_BRIDGE: Generating 3D neuron positions for 2 neurons...
[2026-08-19 18:40:56][INFO] SIM_BRIDGE: Generating connections (3D)...
[2026-08-19 18:40:56][INFO] SIM_BRIDGE: Simulation data initialized for 2 neurons (3D). Synapses: 0. GPU memory: 0.0GB/9223372036.9GB (0.0%)
[2026-08-19 18:40:58][INFO] SIM_BRIDGE: NumPy backend (CPU (NumPy backend), 8589934592.0 GB RAM available)
[2026-08-19 18:40:58][INFO] SIM_BRIDGE: Initializing simulation data for model: IZHIKEVICH (3D)... (playback_init: False)
[2026-08-19 18:40:58][INFO] SIM_BRIDGE: Brain-region framework: 2 regions, 1200 total neurons, 2 pathways.
[2026-08-19 18:40:58][INFO] SIM_BRIDGE: RNG initialized with seed: 42
[2026-08-19 18:40:58][INFO] SIM_BRIDGE: NMDA per-region mask: 2 regions enabled (1200 neurons)
[2026-08-19 18:40:58][INFO] SIM_BRIDGE: Initializing Izhikevich model specifics for 1200 neurons...
[2026-08-19 18:40:58][INFO] SIM_BRIDGE: Region 'cortex_ctx' (600 neurons): using Izh type IZH2007_HIPPO_PYRAMIDAL
[2026-08-19 18:40:58][INFO] SIM_BRIDGE: Region 'dlpfc_wm' (600 neurons): using Izh type IZH2007_HIPPO_PYRAMIDAL
[2026-08-19 18:40:58][INFO] SIM_BRIDGE: Applying parameter heterogeneity to neuron parameters...
[2026-08-19 18:40:58][INFO] SIM_BRIDGE: Applied heterogeneity to 4 parameters.
[2026-08-19 18:40:58][INFO] SIM_BRIDGE: Generating 3D neuron positions for 1200 neurons...
[2026-08-19 18:40:58][INFO] SIM_BRIDGE: Generating connections (brain-region framework)...
[2026-08-19 18:40:59][INFO] SIM_BRIDGE: inject_explicit_wiring: installed 107786 synapses across 4 populations.
[2026-08-19 18:40:59][INFO] SIM_BRIDGE: Initializing eligibility traces for 107786 synapses (capacity: 161679, dtype: float32)...
[2026-08-19 18:40:59][INFO] SIM_BRIDGE: Initializing STDP state for 1200 neurons...
[2026-08-19 18:40:59][INFO] SIM_BRIDGE: Simulation data initialized for 1200 neurons (3D). Synapses: 107786. GPU memory: 0.0GB/9223372036.9GB (0.0%)
[2026-08-19 18:40:59][INFO] SIM_BRIDGE: ⛔ STDP IS INERT: enable_stdp=True but runtime_state.current_time_ms is still 0.0 after 50 steps. _run_one_simulation_step() does NOT advance the clock (only step_simulation() does), so every spike shares one timestamp, delta_t==0 for every pair, and every STDP update is exactly 0.0. FIX: advance it in your loop -- `bridge.runtime_state.current_time_ms += bridge.core_config.dt_ms` after each step.
  [metacog-monitor           ] answer_changed=True  meta_present=True  -> DRIVER
      intact : 'The dog chases cat.'
      lesion : 'My decision-margin reads this as low-confidence, so take it as uncertain: The dog chases c'
[2026-08-19 18:41:08][INFO] SIM_BRIDGE: NumPy backend (CPU (NumPy backend), 8589934592.0 GB RAM available)
[2026-08-19 18:41:08][INFO] SIM_BRIDGE: Initializing simulation data for model: IZHIKEVICH (3D)... (playback_init: False)
[2026-08-19 18:41:08][INFO] SIM_BRIDGE: RNG initialized with seed: 42
[2026-08-19 18:41:08][INFO] SIM_BRIDGE: Initializing Izhikevich model specifics for 45856 neurons...
[2026-08-19 18:41:08][INFO] SIM_BRIDGE: Applying parameter heterogeneity to neuron parameters...
[2026-08-19 18:41:08][INFO] SIM_BRIDGE: Applied heterogeneity to 4 parameters.
[2026-08-19 18:41:08][INFO] SIM_BRIDGE: Initializing OU process state (tau=15.0ms, sigma=20.0pA)...
[2026-08-19 18:41:08][INFO] SIM_BRIDGE: Generating 3D neuron positions for 45856 neurons...
[2026-08-19 18:41:08][INFO] SIM_BRIDGE: Generating connections (3D)...
[2026-08-19 18:41:08][INFO] SIM_BRIDGE: Simulation data initialized for 45856 neurons (3D). Synapses: 0. GPU memory: 0.0GB/9223372036.9GB (0.0%)
[2026-08-19 18:41:08][INFO] SIM_BRIDGE: inject_explicit_wiring: installed 720 synapses across 1 populations.
[2026-08-19 18:41:41][INFO] SIM_BRIDGE: NumPy backend (CPU (NumPy backend), 8589934592.0 GB RAM available)
[2026-08-19 18:41:41][INFO] SIM_BRIDGE: Initializing simulation data for model: IZHIKEVICH (3D)... (playback_init: False)
[2026-08-19 18:41:41][INFO] SIM_BRIDGE: Brain-region framework: 2 regions, 1800 total neurons, 3 pathways.
[2026-08-19 18:41:41][INFO] SIM_BRIDGE: RNG initialized with seed: 42
[2026-08-19 18:41:41][INFO] SIM_BRIDGE: Initializing Izhikevich model specifics for 1800 neurons...
[2026-08-19 18:41:41][INFO] SIM_BRIDGE: Applying parameter heterogeneity to neuron parameters...
[2026-08-19 18:41:41][INFO] SIM_BRIDGE: Applied heterogeneity to 4 parameters.
[2026-08-19 18:41:41][INFO] SIM_BRIDGE: Initializing OU process state (tau=15.0ms, sigma=0.0pA)...
[2026-08-19 18:41:41][INFO] SIM_BRIDGE: Generating 3D neuron positions for 1800 neurons...
[2026-08-19 18:41:41][INFO] SIM_BRIDGE: Generating connections (brain-region framework)...
[2026-08-19 18:41:43][INFO] SIM_BRIDGE: inject_explicit_wiring: installed 1619529 synapses across 3 populations.
[2026-08-19 18:41:43][INFO] SIM_BRIDGE: Simulation data initialized for 1800 neurons (3D). Synapses: 1619529. GPU memory: 0.0GB/9223372036.9GB (0.0%)
[2026-08-19 18:41:43][INFO] SIM_BRIDGE: NumPy backend (CPU (NumPy backend), 8589934592.0 GB RAM available)
[2026-08-19 18:41:43][INFO] SIM_BRIDGE: Initializing simulation data for model: IZHIKEVICH (3D)... (playback_init: False)
[2026-08-19 18:41:43][INFO] SIM_BRIDGE: RNG initialized with seed: 42
[2026-08-19 18:41:43][INFO] SIM_BRIDGE: Initializing Izhikevich model specifics for 224 neurons...
[2026-08-19 18:41:43][INFO] SIM_BRIDGE: Applying parameter heterogeneity to neuron parameters...
[2026-08-19 18:41:43][INFO] SIM_BRIDGE: Applied heterogeneity to 4 parameters.
[2026-08-19 18:41:43][INFO] SIM_BRIDGE: Initializing OU process state (tau=15.0ms, sigma=20.0pA)...
[2026-08-19 18:41:43][INFO] SIM_BRIDGE: Generating 3D neuron positions for 224 neurons...
[2026-08-19 18:41:43][INFO] SIM_BRIDGE: Generating connections (3D)...
[2026-08-19 18:41:43][INFO] SIM_BRIDGE: Simulation data initialized for 224 neurons (3D). Synapses: 0. GPU memory: 0.0GB/9223372036.9GB (0.0%)
[2026-08-19 18:41:43][INFO] SIM_BRIDGE: inject_explicit_wiring: installed 4800 synapses across 1 populations.
[2026-08-19 18:42:50][INFO] SIM_BRIDGE: NumPy backend (CPU (NumPy backend), 8589934592.0 GB RAM available)
[2026-08-19 18:42:50][INFO] SIM_BRIDGE: Initializing simulation data for model: IZHIKEVICH (3D)... (playback_init: False)
[2026-08-19 18:42:50][INFO] SIM_BRIDGE: RNG initialized with seed: 42
[2026-08-19 18:42:50][INFO] SIM_BRIDGE: Initializing Izhikevich model specifics for 45856 neurons...
[2026-08-19 18:42:50][INFO] SIM_BRIDGE: Applying parameter heterogeneity to neuron parameters...
[2026-08-19 18:42:50][INFO] SIM_BRIDGE: Applied heterogeneity to 4 parameters.
[2026-08-19 18:42:50][INFO] SIM_BRIDGE: Initializing OU process state (tau=15.0ms, sigma=20.0pA)...
[2026-08-19 18:42:50][INFO] SIM_BRIDGE: Generating 3D neuron positions for 45856 neurons...
[2026-08-19 18:42:50][INFO] SIM_BRIDGE: Generating connections (3D)...
[2026-08-19 18:42:50][INFO] SIM_BRIDGE: Simulation data initialized for 45856 neurons (3D). Synapses: 0. GPU memory: 0.0GB/9223372036.9GB (0.0%)
[2026-08-19 18:42:50][INFO] SIM_BRIDGE: inject_explicit_wiring: installed 720 synapses across 1 populations.
[2026-08-19 18:43:24][INFO] SIM_BRIDGE: NumPy backend (CPU (NumPy backend), 8589934592.0 GB RAM available)
[2026-08-19 18:43:24][INFO] SIM_BRIDGE: Initializing simulation data for model: IZHIKEVICH (3D)... (playback_init: False)
[2026-08-19 18:43:24][INFO] SIM_BRIDGE: Brain-region framework: 2 regions, 1800 total neurons, 3 pathways.
[2026-08-19 18:43:24][INFO] SIM_BRIDGE: RNG initialized with seed: 42
[2026-08-19 18:43:24][INFO] SIM_BRIDGE: Initializing Izhikevich model specifics for 1800 neurons...
[2026-08-19 18:43:24][INFO] SIM_BRIDGE: Applying parameter heterogeneity to neuron parameters...
[2026-08-19 18:43:24][INFO] SIM_BRIDGE: Applied heterogeneity to 4 parameters.
[2026-08-19 18:43:24][INFO] SIM_BRIDGE: Initializing OU process state (tau=15.0ms, sigma=0.0pA)...
[2026-08-19 18:43:24][INFO] SIM_BRIDGE: Generating 3D neuron positions for 1800 neurons...
[2026-08-19 18:43:24][INFO] SIM_BRIDGE: Generating connections (brain-region framework)...
[2026-08-19 18:43:26][INFO] SIM_BRIDGE: inject_explicit_wiring: installed 1619529 synapses across 3 populations.
[2026-08-19 18:43:26][INFO] SIM_BRIDGE: Simulation data initialized for 1800 neurons (3D). Synapses: 1619529. GPU memory: 0.0GB/9223372036.9GB (0.0%)
[2026-08-19 18:43:26][INFO] SIM_BRIDGE: NumPy backend (CPU (NumPy backend), 8589934592.0 GB RAM available)
[2026-08-19 18:43:26][INFO] SIM_BRIDGE: Initializing simulation data for model: IZHIKEVICH (3D)... (playback_init: False)
[2026-08-19 18:43:26][INFO] SIM_BRIDGE: RNG initialized with seed: 42
[2026-08-19 18:43:26][INFO] SIM_BRIDGE: Initializing Izhikevich model specifics for 224 neurons...
[2026-08-19 18:43:26][INFO] SIM_BRIDGE: Applying parameter heterogeneity to neuron parameters...
[2026-08-19 18:43:26][INFO] SIM_BRIDGE: Applied heterogeneity to 4 parameters.
[2026-08-19 18:43:26][INFO] SIM_BRIDGE: Initializing OU process state (tau=15.0ms, sigma=20.0pA)...
[2026-08-19 18:43:26][INFO] SIM_BRIDGE: Generating 3D neuron positions for 224 neurons...
[2026-08-19 18:43:26][INFO] SIM_BRIDGE: Generating connections (3D)...
[2026-08-19 18:43:26][INFO] SIM_BRIDGE: Simulation data initialized for 224 neurons (3D). Synapses: 0. GPU memory: 0.0GB/9223372036.9GB (0.0%)
[2026-08-19 18:43:26][INFO] SIM_BRIDGE: inject_explicit_wiring: installed 4800 synapses across 1 populations.
[2026-08-19 18:44:05][INFO] SIM_BRIDGE: NumPy backend (CPU (NumPy backend), 8589934592.0 GB RAM available)
[2026-08-19 18:44:05][INFO] SIM_BRIDGE: Initializing simulation data for model: IZHIKEVICH (3D)... (playback_init: False)
[2026-08-19 18:44:05][INFO] SIM_BRIDGE: Brain-region framework: 7 regions, 528 total neurons, 6 pathways.
[2026-08-19 18:44:05][INFO] SIM_BRIDGE: RNG initialized with seed: 42
[2026-08-19 18:44:05][INFO] SIM_BRIDGE: Initializing Izhikevich model specifics for 528 neurons...
[2026-08-19 18:44:05][INFO] SIM_BRIDGE: Region 'state' (240 neurons): using Izh type IZH2007_RS_CORTICAL_PYRAMIDAL
[2026-08-19 18:44:05][INFO] SIM_BRIDGE: Region 'pred_pos' (48 neurons): using Izh type IZH2007_FS_CORTICAL_INTERNEURON
[2026-08-19 18:44:05][INFO] SIM_BRIDGE: Region 'pred_neg' (48 neurons): using Izh type IZH2007_FS_CORTICAL_INTERNEURON
[2026-08-19 18:44:05][INFO] SIM_BRIDGE: Region 'obs_pos' (48 neurons): using Izh type IZH2007_RS_CORTICAL_PYRAMIDAL
[2026-08-19 18:44:05][INFO] SIM_BRIDGE: Region 'obs_neg' (48 neurons): using Izh type IZH2007_RS_CORTICAL_PYRAMIDAL
[2026-08-19 18:44:05][INFO] SIM_BRIDGE: Region 'surprise_pos' (48 neurons): using Izh type IZH2007_RS_CORTICAL_PYRAMIDAL
[2026-08-19 18:44:05][INFO] SIM_BRIDGE: Region 'surprise_neg' (48 neurons): using Izh type IZH2007_RS_CORTICAL_PYRAMIDAL
[2026-08-19 18:44:05][INFO] SIM_BRIDGE: Generating 3D neuron positions for 528 neurons...
[2026-08-19 18:44:05][INFO] SIM_BRIDGE: Generating connections (brain-region framework)...
[2026-08-19 18:44:05][INFO] SIM_BRIDGE: inject_explicit_wiring: installed 32256 synapses across 6 populations.
[2026-08-19 18:44:05][INFO] SIM_BRIDGE: Simulation data initialized for 528 neurons (3D). Synapses: 32256. GPU memory: 0.0GB/9223372036.9GB (0.0%)
  [worldmodel-forward        ] answer_changed=True  meta_present=True  -> DRIVER
      intact : 'My affective forward model expects this to keep going positive (predicted next-turn valenc'
      lesion : 'My affective forward model expects this to keep going negative (predicted next-turn valenc'
[2026-08-19 18:44:14][INFO] SIM_BRIDGE: NumPy backend (CPU (NumPy backend), 8589934592.0 GB RAM available)
[2026-08-19 18:44:14][INFO] SIM_BRIDGE: Initializing simulation data for model: IZHIKEVICH (3D)... (playback_init: False)
[2026-08-19 18:44:14][INFO] SIM_BRIDGE: RNG initialized with seed: 42
[2026-08-19 18:44:14][INFO] SIM_BRIDGE: Initializing Izhikevich model specifics for 45856 neurons...
[2026-08-19 18:44:14][INFO] SIM_BRIDGE: Applying parameter heterogeneity to neuron parameters...
[2026-08-19 18:44:14][INFO] SIM_BRIDGE: Applied heterogeneity to 4 parameters.
[2026-08-19 18:44:14][INFO] SIM_BRIDGE: Initializing OU process state (tau=15.0ms, sigma=20.0pA)...
[2026-08-19 18:44:14][INFO] SIM_BRIDGE: Generating 3D neuron positions for 45856 neurons...
[2026-08-19 18:44:14][INFO] SIM_BRIDGE: Generating connections (3D)...
[2026-08-19 18:44:14][INFO] SIM_BRIDGE: Simulation data initialized for 45856 neurons (3D). Synapses: 0. GPU memory: 0.0GB/9223372036.9GB (0.0%)
[2026-08-19 18:44:14][INFO] SIM_BRIDGE: inject_explicit_wiring: installed 720 synapses across 1 populations.
[2026-08-19 18:44:48][INFO] SIM_BRIDGE: NumPy backend (CPU (NumPy backend), 8589934592.0 GB RAM available)
[2026-08-19 18:44:48][INFO] SIM_BRIDGE: Initializing simulation data for model: IZHIKEVICH (3D)... (playback_init: False)
[2026-08-19 18:44:48][INFO] SIM_BRIDGE: Brain-region framework: 2 regions, 1800 total neurons, 3 pathways.
[2026-08-19 18:44:48][INFO] SIM_BRIDGE: RNG initialized with seed: 42
[2026-08-19 18:44:48][INFO] SIM_BRIDGE: Initializing Izhikevich model specifics for 1800 neurons...
[2026-08-19 18:44:48][INFO] SIM_BRIDGE: Applying parameter heterogeneity to neuron parameters...
[2026-08-19 18:44:48][INFO] SIM_BRIDGE: Applied heterogeneity to 4 parameters.
[2026-08-19 18:44:48][INFO] SIM_BRIDGE: Initializing OU process state (tau=15.0ms, sigma=0.0pA)...
[2026-08-19 18:44:48][INFO] SIM_BRIDGE: Generating 3D neuron positions for 1800 neurons...
[2026-08-19 18:44:48][INFO] SIM_BRIDGE: Generating connections (brain-region framework)...
[2026-08-19 18:44:50][INFO] SIM_BRIDGE: inject_explicit_wiring: installed 1619529 synapses across 3 populations.
[2026-08-19 18:44:50][INFO] SIM_BRIDGE: Simulation data initialized for 1800 neurons (3D). Synapses: 1619529. GPU memory: 0.0GB/9223372036.9GB (0.0%)
[2026-08-19 18:44:50][INFO] SIM_BRIDGE: NumPy backend (CPU (NumPy backend), 8589934592.0 GB RAM available)
[2026-08-19 18:44:50][INFO] SIM_BRIDGE: Initializing simulation data for model: IZHIKEVICH (3D)... (playback_init: False)
[2026-08-19 18:44:50][INFO] SIM_BRIDGE: RNG initialized with seed: 42
[2026-08-19 18:44:50][INFO] SIM_BRIDGE: Initializing Izhikevich model specifics for 224 neurons...
[2026-08-19 18:44:50][INFO] SIM_BRIDGE: Applying parameter heterogeneity to neuron parameters...
[2026-08-19 18:44:50][INFO] SIM_BRIDGE: Applied heterogeneity to 4 parameters.
[2026-08-19 18:44:50][INFO] SIM_BRIDGE: Initializing OU process state (tau=15.0ms, sigma=20.0pA)...
[2026-08-19 18:44:50][INFO] SIM_BRIDGE: Generating 3D neuron positions for 224 neurons...
[2026-08-19 18:44:50][INFO] SIM_BRIDGE: Generating connections (3D)...
[2026-08-19 18:44:50][INFO] SIM_BRIDGE: Simulation data initialized for 224 neurons (3D). Synapses: 0. GPU memory: 0.0GB/9223372036.9GB (0.0%)
[2026-08-19 18:44:50][INFO] SIM_BRIDGE: inject_explicit_wiring: installed 4800 synapses across 1 populations.
[2026-08-19 18:45:29][INFO] SIM_BRIDGE: NumPy backend (CPU (NumPy backend), 8589934592.0 GB RAM available)
[2026-08-19 18:45:29][INFO] SIM_BRIDGE: Initializing simulation data for model: IZHIKEVICH (3D)... (playback_init: False)
[2026-08-19 18:45:29][INFO] SIM_BRIDGE: RNG initialized with seed: 42
[2026-08-19 18:45:29][INFO] SIM_BRIDGE: Initializing Izhikevich model specifics for 144 neurons...
[2026-08-19 18:45:29][INFO] SIM_BRIDGE: Applying parameter heterogeneity to neuron parameters...
[2026-08-19 18:45:29][INFO] SIM_BRIDGE: Applied heterogeneity to 4 parameters.
[2026-08-19 18:45:29][INFO] SIM_BRIDGE: Initializing OU process state (tau=15.0ms, sigma=0.0pA)...
[2026-08-19 18:45:29][INFO] SIM_BRIDGE: Generating 3D neuron positions for 144 neurons...
[2026-08-19 18:45:29][INFO] SIM_BRIDGE: Generating connections (3D)...
[2026-08-19 18:45:29][INFO] SIM_BRIDGE: Simulation data initialized for 144 neurons (3D). Synapses: 0. GPU memory: 0.0GB/9223372036.9GB (0.0%)
[2026-08-19 18:45:29][INFO] SIM_BRIDGE: NumPy backend (CPU (NumPy backend), 8589934592.0 GB RAM available)
[2026-08-19 18:45:29][INFO] SIM_BRIDGE: Initializing simulation data for model: IZHIKEVICH (3D)... (playback_init: False)
[2026-08-19 18:45:29][INFO] SIM_BRIDGE: RNG initialized with seed: 42
[2026-08-19 18:45:29][INFO] SIM_BRIDGE: Initializing Izhikevich model specifics for 2 neurons...
[2026-08-19 18:45:29][INFO] SIM_BRIDGE: Applying parameter heterogeneity to neuron parameters...
[2026-08-19 18:45:29][INFO] SIM_BRIDGE: Applied heterogeneity to 4 parameters.
[2026-08-19 18:45:29][INFO] SIM_BRIDGE: Initializing OU process state (tau=15.0ms, sigma=0.0pA)...
[2026-08-19 18:45:29][INFO] SIM_BRIDGE: Generating 3D neuron positions for 2 neurons...
[2026-08-19 18:45:29][INFO] SIM_BRIDGE: Generating connections (3D)...
[2026-08-19 18:45:29][INFO] SIM_BRIDGE: Simulation data initialized for 2 neurons (3D). Synapses: 0. GPU memory: 0.0GB/9223372036.9GB (0.0%)
[2026-08-19 18:45:29][INFO] SIM_BRIDGE: NumPy backend (CPU (NumPy backend), 8589934592.0 GB RAM available)
[2026-08-19 18:45:29][INFO] SIM_BRIDGE: Initializing simulation data for model: IZHIKEVICH (3D)... (playback_init: False)
[2026-08-19 18:45:29][INFO] SIM_BRIDGE: Brain-region framework: 5 regions, 370 total neurons, 3 pathways.
[2026-08-19 18:45:29][INFO] SIM_BRIDGE: RNG initialized with seed: 42
[2026-08-19 18:45:29][INFO] SIM_BRIDGE: Initializing Izhikevich model specifics for 370 neurons...
[2026-08-19 18:45:29][INFO] SIM_BRIDGE: Region 'cue' (160 neurons): using Izh type IZH2007_RS_CORTICAL_PYRAMIDAL
[2026-08-19 18:45:29][INFO] SIM_BRIDGE: Region 'striosome_value' (60 neurons): using Izh type IZH2007_STRIATAL_MSN_D1
[2026-08-19 18:45:29][INFO] SIM_BRIDGE: Region 'reward_us' (40 neurons): using Izh type IZH2007_RS_CORTICAL_PYRAMIDAL
[2026-08-19 18:45:29][INFO] SIM_BRIDGE: Region 'snc' (30 neurons): using Izh type IZH2007_RS_CORTICAL_PYRAMIDAL
[2026-08-19 18:45:29][INFO] SIM_BRIDGE: Region 'ask' (80 neurons): using Izh type IZH2007_RS_CORTICAL_PYRAMIDAL
[2026-08-19 18:45:29][INFO] SIM_BRIDGE: Applying parameter heterogeneity to neuron parameters...
[2026-08-19 18:45:29][INFO] SIM_BRIDGE: Applied heterogeneity to 4 parameters.
[2026-08-19 18:45:29][INFO] SIM_BRIDGE: Initializing OU process state (tau=15.0ms, sigma=100.0pA)...
[2026-08-19 18:45:29][INFO] SIM_BRIDGE: Generating 3D neuron positions for 370 neurons...
[2026-08-19 18:45:29][INFO] SIM_BRIDGE: Generating connections (brain-region framework)...
[2026-08-19 18:45:29][INFO] SIM_BRIDGE: inject_explicit_wiring: installed 7386 synapses across 3 populations.
[2026-08-19 18:45:29][INFO] SIM_BRIDGE: Initializing eligibility traces for 7386 synapses (capacity: 11079, dtype: float32)...
[2026-08-19 18:45:29][INFO] SIM_BRIDGE: Initialized neuromodulator subsystem with 1 modulators: ['curiosity']
[2026-08-19 18:45:29][INFO] SIM_BRIDGE: Initializing STDP state for 370 neurons...
[2026-08-19 18:45:29][INFO] SIM_BRIDGE: Simulation data initialized for 370 neurons (3D). Synapses: 7386. GPU memory: 0.0GB/9223372036.9GB (0.0%)
[2026-08-19 18:45:37][INFO] SIM_BRIDGE: NumPy backend (CPU (NumPy backend), 8589934592.0 GB RAM available)
[2026-08-19 18:45:37][INFO] SIM_BRIDGE: Initializing simulation data for model: IZHIKEVICH (3D)... (playback_init: False)
[2026-08-19 18:45:37][INFO] SIM_BRIDGE: RNG initialized with seed: 42
[2026-08-19 18:45:37][INFO] SIM_BRIDGE: Initializing Izhikevich model specifics for 45856 neurons...
[2026-08-19 18:45:37][INFO] SIM_BRIDGE: Applying parameter heterogeneity to neuron parameters...
[2026-08-19 18:45:37][INFO] SIM_BRIDGE: Applied heterogeneity to 4 parameters.
[2026-08-19 18:45:37][INFO] SIM_BRIDGE: Initializing OU process state (tau=15.0ms, sigma=20.0pA)...
[2026-08-19 18:45:37][INFO] SIM_BRIDGE: Generating 3D neuron positions for 45856 neurons...
[2026-08-19 18:45:37][INFO] SIM_BRIDGE: Generating connections (3D)...
[2026-08-19 18:45:37][INFO] SIM_BRIDGE: Simulation data initialized for 45856 neurons (3D). Synapses: 0. GPU memory: 0.0GB/9223372036.9GB (0.0%)
[2026-08-19 18:45:37][INFO] SIM_BRIDGE: inject_explicit_wiring: installed 720 synapses across 1 populations.
[2026-08-19 18:46:11][INFO] SIM_BRIDGE: NumPy backend (CPU (NumPy backend), 8589934592.0 GB RAM available)
[2026-08-19 18:46:11][INFO] SIM_BRIDGE: Initializing simulation data for model: IZHIKEVICH (3D)... (playback_init: False)
[2026-08-19 18:46:11][INFO] SIM_BRIDGE: Brain-region framework: 2 regions, 1800 total neurons, 3 pathways.
[2026-08-19 18:46:11][INFO] SIM_BRIDGE: RNG initialized with seed: 42
[2026-08-19 18:46:11][INFO] SIM_BRIDGE: Initializing Izhikevich model specifics for 1800 neurons...
[2026-08-19 18:46:11][INFO] SIM_BRIDGE: Applying parameter heterogeneity to neuron parameters...
[2026-08-19 18:46:11][INFO] SIM_BRIDGE: Applied heterogeneity to 4 parameters.
[2026-08-19 18:46:11][INFO] SIM_BRIDGE: Initializing OU process state (tau=15.0ms, sigma=0.0pA)...
[2026-08-19 18:46:11][INFO] SIM_BRIDGE: Generating 3D neuron positions for 1800 neurons...
[2026-08-19 18:46:11][INFO] SIM_BRIDGE: Generating connections (brain-region framework)...
[2026-08-19 18:46:13][INFO] SIM_BRIDGE: inject_explicit_wiring: installed 1619529 synapses across 3 populations.
[2026-08-19 18:46:13][INFO] SIM_BRIDGE: Simulation data initialized for 1800 neurons (3D). Synapses: 1619529. GPU memory: 0.0GB/9223372036.9GB (0.0%)
[2026-08-19 18:46:13][INFO] SIM_BRIDGE: NumPy backend (CPU (NumPy backend), 8589934592.0 GB RAM available)
[2026-08-19 18:46:13][INFO] SIM_BRIDGE: Initializing simulation data for model: IZHIKEVICH (3D)... (playback_init: False)
[2026-08-19 18:46:13][INFO] SIM_BRIDGE: RNG initialized with seed: 42
[2026-08-19 18:46:13][INFO] SIM_BRIDGE: Initializing Izhikevich model specifics for 224 neurons...
[2026-08-19 18:46:13][INFO] SIM_BRIDGE: Applying parameter heterogeneity to neuron parameters...
[2026-08-19 18:46:13][INFO] SIM_BRIDGE: Applied heterogeneity to 4 parameters.
[2026-08-19 18:46:13][INFO] SIM_BRIDGE: Initializing OU process state (tau=15.0ms, sigma=20.0pA)...
[2026-08-19 18:46:13][INFO] SIM_BRIDGE: Generating 3D neuron positions for 224 neurons...
[2026-08-19 18:46:13][INFO] SIM_BRIDGE: Generating connections (3D)...
[2026-08-19 18:46:13][INFO] SIM_BRIDGE: Simulation data initialized for 224 neurons (3D). Synapses: 0. GPU memory: 0.0GB/9223372036.9GB (0.0%)
[2026-08-19 18:46:13][INFO] SIM_BRIDGE: inject_explicit_wiring: installed 4800 synapses across 1 populations.
[2026-08-19 18:46:52][INFO] SIM_BRIDGE: NumPy backend (CPU (NumPy backend), 8589934592.0 GB RAM available)
[2026-08-19 18:46:52][INFO] SIM_BRIDGE: Initializing simulation data for model: IZHIKEVICH (3D)... (playback_init: False)
[2026-08-19 18:46:52][INFO] SIM_BRIDGE: RNG initialized with seed: 42
[2026-08-19 18:46:52][INFO] SIM_BRIDGE: Initializing Izhikevich model specifics for 144 neurons...
[2026-08-19 18:46:52][INFO] SIM_BRIDGE: Applying parameter heterogeneity to neuron parameters...
[2026-08-19 18:46:52][INFO] SIM_BRIDGE: Applied heterogeneity to 4 parameters.
[2026-08-19 18:46:52][INFO] SIM_BRIDGE: Initializing OU process state (tau=15.0ms, sigma=0.0pA)...
[2026-08-19 18:46:52][INFO] SIM_BRIDGE: Generating 3D neuron positions for 144 neurons...
[2026-08-19 18:46:52][INFO] SIM_BRIDGE: Generating connections (3D)...
[2026-08-19 18:46:52][INFO] SIM_BRIDGE: Simulation data initialized for 144 neurons (3D). Synapses: 0. GPU memory: 0.0GB/9223372036.9GB (0.0%)
[2026-08-19 18:46:52][INFO] SIM_BRIDGE: NumPy backend (CPU (NumPy backend), 8589934592.0 GB RAM available)
[2026-08-19 18:46:52][INFO] SIM_BRIDGE: Initializing simulation data for model: IZHIKEVICH (3D)... (playback_init: False)
[2026-08-19 18:46:52][INFO] SIM_BRIDGE: RNG initialized with seed: 42
[2026-08-19 18:46:52][INFO] SIM_BRIDGE: Initializing Izhikevich model specifics for 2 neurons...
[2026-08-19 18:46:52][INFO] SIM_BRIDGE: Applying parameter heterogeneity to neuron parameters...
[2026-08-19 18:46:52][INFO] SIM_BRIDGE: Applied heterogeneity to 4 parameters.
[2026-08-19 18:46:52][INFO] SIM_BRIDGE: Initializing OU process state (tau=15.0ms, sigma=0.0pA)...
[2026-08-19 18:46:52][INFO] SIM_BRIDGE: Generating 3D neuron positions for 2 neurons...
[2026-08-19 18:46:52][INFO] SIM_BRIDGE: Generating connections (3D)...
[2026-08-19 18:46:52][INFO] SIM_BRIDGE: Simulation data initialized for 2 neurons (3D). Synapses: 0. GPU memory: 0.0GB/9223372036.9GB (0.0%)
[2026-08-19 18:46:52][INFO] SIM_BRIDGE: NumPy backend (CPU (NumPy backend), 8589934592.0 GB RAM available)
[2026-08-19 18:46:52][INFO] SIM_BRIDGE: Initializing simulation data for model: IZHIKEVICH (3D)... (playback_init: False)
[2026-08-19 18:46:52][INFO] SIM_BRIDGE: Brain-region framework: 5 regions, 370 total neurons, 3 pathways.
[2026-08-19 18:46:52][INFO] SIM_BRIDGE: RNG initialized with seed: 42
[2026-08-19 18:46:52][INFO] SIM_BRIDGE: Initializing Izhikevich model specifics for 370 neurons...
[2026-08-19 18:46:52][INFO] SIM_BRIDGE: Region 'cue' (160 neurons): using Izh type IZH2007_RS_CORTICAL_PYRAMIDAL
[2026-08-19 18:46:52][INFO] SIM_BRIDGE: Region 'striosome_value' (60 neurons): using Izh type IZH2007_STRIATAL_MSN_D1
[2026-08-19 18:46:52][INFO] SIM_BRIDGE: Region 'reward_us' (40 neurons): using Izh type IZH2007_RS_CORTICAL_PYRAMIDAL
[2026-08-19 18:46:52][INFO] SIM_BRIDGE: Region 'snc' (30 neurons): using Izh type IZH2007_RS_CORTICAL_PYRAMIDAL
[2026-08-19 18:46:52][INFO] SIM_BRIDGE: Region 'ask' (80 neurons): using Izh type IZH2007_RS_CORTICAL_PYRAMIDAL
[2026-08-19 18:46:52][INFO] SIM_BRIDGE: Applying parameter heterogeneity to neuron parameters...
[2026-08-19 18:46:52][INFO] SIM_BRIDGE: Applied heterogeneity to 4 parameters.
[2026-08-19 18:46:52][INFO] SIM_BRIDGE: Initializing OU process state (tau=15.0ms, sigma=100.0pA)...
[2026-08-19 18:46:52][INFO] SIM_BRIDGE: Generating 3D neuron positions for 370 neurons...
[2026-08-19 18:46:52][INFO] SIM_BRIDGE: Generating connections (brain-region framework)...
[2026-08-19 18:46:52][INFO] SIM_BRIDGE: inject_explicit_wiring: installed 7386 synapses across 3 populations.
[2026-08-19 18:46:52][INFO] SIM_BRIDGE: Initializing eligibility traces for 7386 synapses (capacity: 11079, dtype: float32)...
[2026-08-19 18:46:52][INFO] SIM_BRIDGE: Initialized neuromodulator subsystem with 1 modulators: ['curiosity']
[2026-08-19 18:46:52][INFO] SIM_BRIDGE: Initializing STDP state for 370 neurons...
[2026-08-19 18:46:52][INFO] SIM_BRIDGE: Simulation data initialized for 370 neurons (3D). Synapses: 7386. GPU memory: 0.0GB/9223372036.9GB (0.0%)
  [curiosity-followup        ] answer_changed=True  meta_present=True  -> DRIVER
      intact : "I don't know about that. My curiosity is piqued — I haven't learned about dragon yet: what"
      lesion : "I don't know about that."
[2026-08-19 18:47:00][INFO] SIM_BRIDGE: NumPy backend (CPU (NumPy backend), 8589934592.0 GB RAM available)
[2026-08-19 18:47:00][INFO] SIM_BRIDGE: Initializing simulation data for model: IZHIKEVICH (3D)... (playback_init: False)
[2026-08-19 18:47:00][INFO] SIM_BRIDGE: RNG initialized with seed: 42
[2026-08-19 18:47:00][INFO] SIM_BRIDGE: Initializing Izhikevich model specifics for 45856 neurons...
[2026-08-19 18:47:00][INFO] SIM_BRIDGE: Applying parameter heterogeneity to neuron parameters...
[2026-08-19 18:47:00][INFO] SIM_BRIDGE: Applied heterogeneity to 4 parameters.
[2026-08-19 18:47:00][INFO] SIM_BRIDGE: Initializing OU process state (tau=15.0ms, sigma=20.0pA)...
[2026-08-19 18:47:00][INFO] SIM_BRIDGE: Generating 3D neuron positions for 45856 neurons...
[2026-08-19 18:47:00][INFO] SIM_BRIDGE: Generating connections (3D)...
[2026-08-19 18:47:00][INFO] SIM_BRIDGE: Simulation data initialized for 45856 neurons (3D). Synapses: 0. GPU memory: 0.0GB/9223372036.9GB (0.0%)
[2026-08-19 18:47:00][INFO] SIM_BRIDGE: inject_explicit_wiring: installed 720 synapses across 1 populations.
[2026-08-19 18:47:34][INFO] SIM_BRIDGE: NumPy backend (CPU (NumPy backend), 8589934592.0 GB RAM available)
[2026-08-19 18:47:34][INFO] SIM_BRIDGE: Initializing simulation data for model: IZHIKEVICH (3D)... (playback_init: False)
[2026-08-19 18:47:34][INFO] SIM_BRIDGE: Brain-region framework: 2 regions, 1800 total neurons, 3 pathways.
[2026-08-19 18:47:34][INFO] SIM_BRIDGE: RNG initialized with seed: 42
[2026-08-19 18:47:34][INFO] SIM_BRIDGE: Initializing Izhikevich model specifics for 1800 neurons...
[2026-08-19 18:47:34][INFO] SIM_BRIDGE: Applying parameter heterogeneity to neuron parameters...
[2026-08-19 18:47:34][INFO] SIM_BRIDGE: Applied heterogeneity to 4 parameters.
[2026-08-19 18:47:34][INFO] SIM_BRIDGE: Initializing OU process state (tau=15.0ms, sigma=0.0pA)...
[2026-08-19 18:47:34][INFO] SIM_BRIDGE: Generating 3D neuron positions for 1800 neurons...
[2026-08-19 18:47:34][INFO] SIM_BRIDGE: Generating connections (brain-region framework)...
[2026-08-19 18:47:35][INFO] SIM_BRIDGE: inject_explicit_wiring: installed 1619529 synapses across 3 populations.
[2026-08-19 18:47:35][INFO] SIM_BRIDGE: Simulation data initialized for 1800 neurons (3D). Synapses: 1619529. GPU memory: 0.0GB/9223372036.9GB (0.0%)
[2026-08-19 18:47:35][INFO] SIM_BRIDGE: NumPy backend (CPU (NumPy backend), 8589934592.0 GB RAM available)
[2026-08-19 18:47:35][INFO] SIM_BRIDGE: Initializing simulation data for model: IZHIKEVICH (3D)... (playback_init: False)
[2026-08-19 18:47:35][INFO] SIM_BRIDGE: RNG initialized with seed: 42
[2026-08-19 18:47:35][INFO] SIM_BRIDGE: Initializing Izhikevich model specifics for 224 neurons...
[2026-08-19 18:47:35][INFO] SIM_BRIDGE: Applying parameter heterogeneity to neuron parameters...
[2026-08-19 18:47:35][INFO] SIM_BRIDGE: Applied heterogeneity to 4 parameters.
[2026-08-19 18:47:35][INFO] SIM_BRIDGE: Initializing OU process state (tau=15.0ms, sigma=20.0pA)...
[2026-08-19 18:47:35][INFO] SIM_BRIDGE: Generating 3D neuron positions for 224 neurons...
[2026-08-19 18:47:35][INFO] SIM_BRIDGE: Generating connections (3D)...
[2026-08-19 18:47:35][INFO] SIM_BRIDGE: Simulation data initialized for 224 neurons (3D). Synapses: 0. GPU memory: 0.0GB/9223372036.9GB (0.0%)
[2026-08-19 18:47:35][INFO] SIM_BRIDGE: inject_explicit_wiring: installed 4800 synapses across 1 populations.
[2026-08-19 18:48:13][INFO] SIM_BRIDGE: NumPy backend (CPU (NumPy backend), 8589934592.0 GB RAM available)
[2026-08-19 18:48:13][INFO] SIM_BRIDGE: Initializing simulation data for model: IZHIKEVICH (3D)... (playback_init: False)
[2026-08-19 18:48:13][INFO] SIM_BRIDGE: Brain-region framework: 2 regions, 160 total neurons, 2 pathways.
[2026-08-19 18:48:13][INFO] SIM_BRIDGE: RNG initialized with seed: 42
[2026-08-19 18:48:13][INFO] SIM_BRIDGE: Initializing Izhikevich model specifics for 160 neurons...
[2026-08-19 18:48:13][INFO] SIM_BRIDGE: Applying parameter heterogeneity to neuron parameters...
[2026-08-19 18:48:13][INFO] SIM_BRIDGE: Applied heterogeneity to 4 parameters.
[2026-08-19 18:48:13][INFO] SIM_BRIDGE: Generating 3D neuron positions for 160 neurons...
[2026-08-19 18:48:13][INFO] SIM_BRIDGE: Generating connections (brain-region framework)...
[2026-08-19 18:48:13][INFO] SIM_BRIDGE: inject_explicit_wiring: installed 5714 synapses across 2 populations.
[2026-08-19 18:48:13][INFO] SIM_BRIDGE: Simulation data initialized for 160 neurons (3D). Synapses: 5714. GPU memory: 0.0GB/9223372036.9GB (0.0%)
[2026-08-19 18:48:13][INFO] SIM_BRIDGE: inject_explicit_wiring: installed 5714 synapses across 2 populations.
[2026-08-19 18:48:22][INFO] SIM_BRIDGE: NumPy backend (CPU (NumPy backend), 8589934592.0 GB RAM available)
[2026-08-19 18:48:22][INFO] SIM_BRIDGE: Initializing simulation data for model: IZHIKEVICH (3D)... (playback_init: False)
[2026-08-19 18:48:22][INFO] SIM_BRIDGE: RNG initialized with seed: 42
[2026-08-19 18:48:22][INFO] SIM_BRIDGE: Initializing Izhikevich model specifics for 45856 neurons...
[2026-08-19 18:48:22][INFO] SIM_BRIDGE: Applying parameter heterogeneity to neuron parameters...
[2026-08-19 18:48:22][INFO] SIM_BRIDGE: Applied heterogeneity to 4 parameters.
[2026-08-19 18:48:22][INFO] SIM_BRIDGE: Initializing OU process state (tau=15.0ms, sigma=20.0pA)...
[2026-08-19 18:48:22][INFO] SIM_BRIDGE: Generating 3D neuron positions for 45856 neurons...
[2026-08-19 18:48:22][INFO] SIM_BRIDGE: Generating connections (3D)...
[2026-08-19 18:48:22][INFO] SIM_BRIDGE: Simulation data initialized for 45856 neurons (3D). Synapses: 0. GPU memory: 0.0GB/9223372036.9GB (0.0%)
[2026-08-19 18:48:22][INFO] SIM_BRIDGE: inject_explicit_wiring: installed 720 synapses across 1 populations.
[2026-08-19 18:48:56][INFO] SIM_BRIDGE: NumPy backend (CPU (NumPy backend), 8589934592.0 GB RAM available)
[2026-08-19 18:48:56][INFO] SIM_BRIDGE: Initializing simulation data for model: IZHIKEVICH (3D)... (playback_init: False)
[2026-08-19 18:48:56][INFO] SIM_BRIDGE: Brain-region framework: 2 regions, 1800 total neurons, 3 pathways.
[2026-08-19 18:48:56][INFO] SIM_BRIDGE: RNG initialized with seed: 42
[2026-08-19 18:48:56][INFO] SIM_BRIDGE: Initializing Izhikevich model specifics for 1800 neurons...
[2026-08-19 18:48:56][INFO] SIM_BRIDGE: Applying parameter heterogeneity to neuron parameters...
[2026-08-19 18:48:56][INFO] SIM_BRIDGE: Applied heterogeneity to 4 parameters.
[2026-08-19 18:48:56][INFO] SIM_BRIDGE: Initializing OU process state (tau=15.0ms, sigma=0.0pA)...
[2026-08-19 18:48:56][INFO] SIM_BRIDGE: Generating 3D neuron positions for 1800 neurons...
[2026-08-19 18:48:56][INFO] SIM_BRIDGE: Generating connections (brain-region framework)...
[2026-08-19 18:48:58][INFO] SIM_BRIDGE: inject_explicit_wiring: installed 1619529 synapses across 3 populations.
[2026-08-19 18:48:58][INFO] SIM_BRIDGE: Simulation data initialized for 1800 neurons (3D). Synapses: 1619529. GPU memory: 0.0GB/9223372036.9GB (0.0%)
[2026-08-19 18:48:58][INFO] SIM_BRIDGE: NumPy backend (CPU (NumPy backend), 8589934592.0 GB RAM available)
[2026-08-19 18:48:58][INFO] SIM_BRIDGE: Initializing simulation data for model: IZHIKEVICH (3D)... (playback_init: False)
[2026-08-19 18:48:58][INFO] SIM_BRIDGE: RNG initialized with seed: 42
[2026-08-19 18:48:58][INFO] SIM_BRIDGE: Initializing Izhikevich model specifics for 224 neurons...
[2026-08-19 18:48:58][INFO] SIM_BRIDGE: Applying parameter heterogeneity to neuron parameters...
[2026-08-19 18:48:58][INFO] SIM_BRIDGE: Applied heterogeneity to 4 parameters.
[2026-08-19 18:48:58][INFO] SIM_BRIDGE: Initializing OU process state (tau=15.0ms, sigma=20.0pA)...
[2026-08-19 18:48:58][INFO] SIM_BRIDGE: Generating 3D neuron positions for 224 neurons...
[2026-08-19 18:48:58][INFO] SIM_BRIDGE: Generating connections (3D)...
[2026-08-19 18:48:58][INFO] SIM_BRIDGE: Simulation data initialized for 224 neurons (3D). Synapses: 0. GPU memory: 0.0GB/9223372036.9GB (0.0%)
[2026-08-19 18:48:58][INFO] SIM_BRIDGE: inject_explicit_wiring: installed 4800 synapses across 1 populations.
[2026-08-19 18:49:36][INFO] SIM_BRIDGE: NumPy backend (CPU (NumPy backend), 8589934592.0 GB RAM available)
[2026-08-19 18:49:36][INFO] SIM_BRIDGE: Initializing simulation data for model: IZHIKEVICH (3D)... (playback_init: False)
[2026-08-19 18:49:36][INFO] SIM_BRIDGE: Brain-region framework: 2 regions, 160 total neurons, 2 pathways.
[2026-08-19 18:49:36][INFO] SIM_BRIDGE: RNG initialized with seed: 42
[2026-08-19 18:49:36][INFO] SIM_BRIDGE: Initializing Izhikevich model specifics for 160 neurons...
[2026-08-19 18:49:36][INFO] SIM_BRIDGE: Applying parameter heterogeneity to neuron parameters...
[2026-08-19 18:49:36][INFO] SIM_BRIDGE: Applied heterogeneity to 4 parameters.
[2026-08-19 18:49:36][INFO] SIM_BRIDGE: Generating 3D neuron positions for 160 neurons...
[2026-08-19 18:49:36][INFO] SIM_BRIDGE: Generating connections (brain-region framework)...
[2026-08-19 18:49:36][INFO] SIM_BRIDGE: inject_explicit_wiring: installed 5714 synapses across 2 populations.
[2026-08-19 18:49:36][INFO] SIM_BRIDGE: Simulation data initialized for 160 neurons (3D). Synapses: 5714. GPU memory: 0.0GB/9223372036.9GB (0.0%)
[2026-08-19 18:49:36][INFO] SIM_BRIDGE: inject_explicit_wiring: installed 5714 synapses across 2 populations.
  [pragmatic-implicature     ] answer_changed=True  meta_present=True  -> DRIVER
      intact : '(Pragmatically I read "some" as "some but not all" -- my listener model puts that at 0.71,'
      lesion : "I don't know about that."
[2026-08-19 18:49:45][INFO] SIM_BRIDGE: NumPy backend (CPU (NumPy backend), 8589934592.0 GB RAM available)
[2026-08-19 18:49:45][INFO] SIM_BRIDGE: Initializing simulation data for model: IZHIKEVICH (3D)... (playback_init: False)
[2026-08-19 18:49:45][INFO] SIM_BRIDGE: RNG initialized with seed: 42
[2026-08-19 18:49:45][INFO] SIM_BRIDGE: Initializing Izhikevich model specifics for 45856 neurons...
[2026-08-19 18:49:45][INFO] SIM_BRIDGE: Applying parameter heterogeneity to neuron parameters...
[2026-08-19 18:49:45][INFO] SIM_BRIDGE: Applied heterogeneity to 4 parameters.
[2026-08-19 18:49:45][INFO] SIM_BRIDGE: Initializing OU process state (tau=15.0ms, sigma=20.0pA)...
[2026-08-19 18:49:45][INFO] SIM_BRIDGE: Generating 3D neuron positions for 45856 neurons...
[2026-08-19 18:49:45][INFO] SIM_BRIDGE: Generating connections (3D)...
[2026-08-19 18:49:45][INFO] SIM_BRIDGE: Simulation data initialized for 45856 neurons (3D). Synapses: 0. GPU memory: 0.0GB/9223372036.9GB (0.0%)
[2026-08-19 18:49:45][INFO] SIM_BRIDGE: inject_explicit_wiring: installed 720 synapses across 1 populations.
[2026-08-19 18:50:18][INFO] SIM_BRIDGE: NumPy backend (CPU (NumPy backend), 8589934592.0 GB RAM available)
[2026-08-19 18:50:18][INFO] SIM_BRIDGE: Initializing simulation data for model: IZHIKEVICH (3D)... (playback_init: False)
[2026-08-19 18:50:18][INFO] SIM_BRIDGE: Brain-region framework: 2 regions, 1800 total neurons, 3 pathways.
[2026-08-19 18:50:18][INFO] SIM_BRIDGE: RNG initialized with seed: 42
[2026-08-19 18:50:18][INFO] SIM_BRIDGE: Initializing Izhikevich model specifics for 1800 neurons...
[2026-08-19 18:50:18][INFO] SIM_BRIDGE: Applying parameter heterogeneity to neuron parameters...
[2026-08-19 18:50:18][INFO] SIM_BRIDGE: Applied heterogeneity to 4 parameters.
[2026-08-19 18:50:18][INFO] SIM_BRIDGE: Initializing OU process state (tau=15.0ms, sigma=0.0pA)...
[2026-08-19 18:50:18][INFO] SIM_BRIDGE: Generating 3D neuron positions for 1800 neurons...
[2026-08-19 18:50:18][INFO] SIM_BRIDGE: Generating connections (brain-region framework)...
[2026-08-19 18:50:20][INFO] SIM_BRIDGE: inject_explicit_wiring: installed 1619529 synapses across 3 populations.
[2026-08-19 18:50:20][INFO] SIM_BRIDGE: Simulation data initialized for 1800 neurons (3D). Synapses: 1619529. GPU memory: 0.0GB/9223372036.9GB (0.0%)
[2026-08-19 18:50:20][INFO] SIM_BRIDGE: NumPy backend (CPU (NumPy backend), 8589934592.0 GB RAM available)
[2026-08-19 18:50:20][INFO] SIM_BRIDGE: Initializing simulation data for model: IZHIKEVICH (3D)... (playback_init: False)
[2026-08-19 18:50:20][INFO] SIM_BRIDGE: RNG initialized with seed: 42
[2026-08-19 18:50:20][INFO] SIM_BRIDGE: Initializing Izhikevich model specifics for 224 neurons...
[2026-08-19 18:50:20][INFO] SIM_BRIDGE: Applying parameter heterogeneity to neuron parameters...
[2026-08-19 18:50:20][INFO] SIM_BRIDGE: Applied heterogeneity to 4 parameters.
[2026-08-19 18:50:20][INFO] SIM_BRIDGE: Initializing OU process state (tau=15.0ms, sigma=20.0pA)...
[2026-08-19 18:50:20][INFO] SIM_BRIDGE: Generating 3D neuron positions for 224 neurons...
[2026-08-19 18:50:20][INFO] SIM_BRIDGE: Generating connections (3D)...
[2026-08-19 18:50:20][INFO] SIM_BRIDGE: Simulation data initialized for 224 neurons (3D). Synapses: 0. GPU memory: 0.0GB/9223372036.9GB (0.0%)
[2026-08-19 18:50:20][INFO] SIM_BRIDGE: inject_explicit_wiring: installed 4800 synapses across 1 populations.
[2026-08-19 18:50:58][INFO] SIM_BRIDGE: NumPy backend (CPU (NumPy backend), 8589934592.0 GB RAM available)
[2026-08-19 18:50:58][INFO] SIM_BRIDGE: Initializing simulation data for model: IZHIKEVICH (3D)... (playback_init: False)
[2026-08-19 18:50:58][INFO] SIM_BRIDGE: Brain-region framework: 12 regions, 1032 total neurons, 12 pathways.
[2026-08-19 18:50:58][INFO] SIM_BRIDGE: RNG initialized with seed: 42
[2026-08-19 18:50:58][INFO] SIM_BRIDGE: NMDA per-region mask: 2 regions enabled (48 neurons)
[2026-08-19 18:50:58][INFO] SIM_BRIDGE: Initializing Izhikevich model specifics for 1032 neurons...
[2026-08-19 18:50:58][INFO] SIM_BRIDGE: Region 'sel_agent' (24 neurons): using Izh type IZH2007_RS_CORTICAL_PYRAMIDAL
[2026-08-19 18:50:58][INFO] SIM_BRIDGE: Region 'sel_FS_agent' (12 neurons): using Izh type IZH2007_FS_CORTICAL_INTERNEURON
[2026-08-19 18:50:58][INFO] SIM_BRIDGE: Region 'sel_patient' (24 neurons): using Izh type IZH2007_RS_CORTICAL_PYRAMIDAL
[2026-08-19 18:50:58][INFO] SIM_BRIDGE: Region 'sel_FS_patient' (12 neurons): using Izh type IZH2007_FS_CORTICAL_INTERNEURON
[2026-08-19 18:50:58][INFO] SIM_BRIDGE: Region 'cue_position_pos' (120 neurons): using Izh type IZH2007_RS_CORTICAL_PYRAMIDAL
[2026-08-19 18:50:58][INFO] SIM_BRIDGE: Region 'cue_position_neg' (120 neurons): using Izh type IZH2007_RS_CORTICAL_PYRAMIDAL
[2026-08-19 18:50:58][INFO] SIM_BRIDGE: Region 'cue_animacy_pos' (120 neurons): using Izh type IZH2007_RS_CORTICAL_PYRAMIDAL
[2026-08-19 18:50:58][INFO] SIM_BRIDGE: Region 'cue_animacy_neg' (120 neurons): using Izh type IZH2007_RS_CORTICAL_PYRAMIDAL
[2026-08-19 18:50:58][INFO] SIM_BRIDGE: Region 'cue_verbfit_pos' (120 neurons): using Izh type IZH2007_RS_CORTICAL_PYRAMIDAL
[2026-08-19 18:50:58][INFO] SIM_BRIDGE: Region 'cue_verbfit_neg' (120 neurons): using Izh type IZH2007_RS_CORTICAL_PYRAMIDAL
[2026-08-19 18:50:58][INFO] SIM_BRIDGE: Region 'cue_lexbias_pos' (120 neurons): using Izh type IZH2007_RS_CORTICAL_PYRAMIDAL
[2026-08-19 18:50:58][INFO] SIM_BRIDGE: Region 'cue_lexbias_neg' (120 neurons): using Izh type IZH2007_RS_CORTICAL_PYRAMIDAL
[2026-08-19 18:50:58][INFO] SIM_BRIDGE: Applying parameter heterogeneity to neuron parameters...
[2026-08-19 18:50:58][INFO] SIM_BRIDGE: Applied heterogeneity to 4 parameters.
[2026-08-19 18:50:58][INFO] SIM_BRIDGE: Generating 3D neuron positions for 1032 neurons...
[2026-08-19 18:50:58][INFO] SIM_BRIDGE: Generating connections (brain-region framework)...
[2026-08-19 18:50:58][INFO] SIM_BRIDGE: inject_explicit_wiring: installed 24750 synapses across 14 populations.
[2026-08-19 18:50:58][INFO] SIM_BRIDGE: Simulation data initialized for 1032 neurons (3D). Synapses: 24750. GPU memory: 0.0GB/9223372036.9GB (0.0%)
/tmp/claude-1000/-home-dant123-Projects-sim/87891831-e642-4a2f-abeb-50ea0867609b/scratchpad/wt-audit/sim/kernels.py:1204: RuntimeWarning: overflow encountered in exp
  mg_block = 1.0 / (1.0 + (mg_conc / 3.57) * cp.exp(-0.062 * v))
[2026-08-19 18:51:00][INFO] SIM_BRIDGE: NumPy backend (CPU (NumPy backend), 8589934592.0 GB RAM available)
[2026-08-19 18:51:00][INFO] SIM_BRIDGE: Initializing simulation data for model: IZHIKEVICH (3D)... (playback_init: False)
[2026-08-19 18:51:00][INFO] SIM_BRIDGE: RNG initialized with seed: 42
[2026-08-19 18:51:00][INFO] SIM_BRIDGE: Initializing Izhikevich model specifics for 144 neurons...
[2026-08-19 18:51:00][INFO] SIM_BRIDGE: Applying parameter heterogeneity to neuron parameters...
[2026-08-19 18:51:00][INFO] SIM_BRIDGE: Applied heterogeneity to 4 parameters.
[2026-08-19 18:51:00][INFO] SIM_BRIDGE: Initializing OU process state (tau=15.0ms, sigma=0.0pA)...
[2026-08-19 18:51:00][INFO] SIM_BRIDGE: Generating 3D neuron positions for 144 neurons...
[2026-08-19 18:51:00][INFO] SIM_BRIDGE: Generating connections (3D)...
[2026-08-19 18:51:00][INFO] SIM_BRIDGE: Simulation data initialized for 144 neurons (3D). Synapses: 0. GPU memory: 0.0GB/9223372036.9GB (0.0%)
[2026-08-19 18:51:00][INFO] SIM_BRIDGE: NumPy backend (CPU (NumPy backend), 8589934592.0 GB RAM available)
[2026-08-19 18:51:00][INFO] SIM_BRIDGE: Initializing simulation data for model: IZHIKEVICH (3D)... (playback_init: False)
[2026-08-19 18:51:00][INFO] SIM_BRIDGE: RNG initialized with seed: 42
[2026-08-19 18:51:00][INFO] SIM_BRIDGE: Initializing Izhikevich model specifics for 2 neurons...
[2026-08-19 18:51:00][INFO] SIM_BRIDGE: Applying parameter heterogeneity to neuron parameters...
[2026-08-19 18:51:00][INFO] SIM_BRIDGE: Applied heterogeneity to 4 parameters.
[2026-08-19 18:51:00][INFO] SIM_BRIDGE: Initializing OU process state (tau=15.0ms, sigma=0.0pA)...
[2026-08-19 18:51:00][INFO] SIM_BRIDGE: Generating 3D neuron positions for 2 neurons...
[2026-08-19 18:51:00][INFO] SIM_BRIDGE: Generating connections (3D)...
[2026-08-19 18:51:00][INFO] SIM_BRIDGE: Simulation data initialized for 2 neurons (3D). Synapses: 0. GPU memory: 0.0GB/9223372036.9GB (0.0%)
[2026-08-19 18:51:09][INFO] SIM_BRIDGE: NumPy backend (CPU (NumPy backend), 8589934592.0 GB RAM available)
[2026-08-19 18:51:09][INFO] SIM_BRIDGE: Initializing simulation data for model: IZHIKEVICH (3D)... (playback_init: False)
[2026-08-19 18:51:09][INFO] SIM_BRIDGE: RNG initialized with seed: 42
[2026-08-19 18:51:09][INFO] SIM_BRIDGE: Initializing Izhikevich model specifics for 45856 neurons...
[2026-08-19 18:51:09][INFO] SIM_BRIDGE: Applying parameter heterogeneity to neuron parameters...
[2026-08-19 18:51:09][INFO] SIM_BRIDGE: Applied heterogeneity to 4 parameters.
[2026-08-19 18:51:09][INFO] SIM_BRIDGE: Initializing OU process state (tau=15.0ms, sigma=20.0pA)...
[2026-08-19 18:51:09][INFO] SIM_BRIDGE: Generating 3D neuron positions for 45856 neurons...
[2026-08-19 18:51:09][INFO] SIM_BRIDGE: Generating connections (3D)...
[2026-08-19 18:51:09][INFO] SIM_BRIDGE: Simulation data initialized for 45856 neurons (3D). Synapses: 0. GPU memory: 0.0GB/9223372036.9GB (0.0%)
[2026-08-19 18:51:09][INFO] SIM_BRIDGE: inject_explicit_wiring: installed 720 synapses across 1 populations.
[2026-08-19 18:51:43][INFO] SIM_BRIDGE: NumPy backend (CPU (NumPy backend), 8589934592.0 GB RAM available)
[2026-08-19 18:51:43][INFO] SIM_BRIDGE: Initializing simulation data for model: IZHIKEVICH (3D)... (playback_init: False)
[2026-08-19 18:51:43][INFO] SIM_BRIDGE: Brain-region framework: 2 regions, 1800 total neurons, 3 pathways.
[2026-08-19 18:51:43][INFO] SIM_BRIDGE: RNG initialized with seed: 42
[2026-08-19 18:51:43][INFO] SIM_BRIDGE: Initializing Izhikevich model specifics for 1800 neurons...
[2026-08-19 18:51:43][INFO] SIM_BRIDGE: Applying parameter heterogeneity to neuron parameters...
[2026-08-19 18:51:43][INFO] SIM_BRIDGE: Applied heterogeneity to 4 parameters.
[2026-08-19 18:51:43][INFO] SIM_BRIDGE: Initializing OU process state (tau=15.0ms, sigma=0.0pA)...
[2026-08-19 18:51:43][INFO] SIM_BRIDGE: Generating 3D neuron positions for 1800 neurons...
[2026-08-19 18:51:43][INFO] SIM_BRIDGE: Generating connections (brain-region framework)...
[2026-08-19 18:51:44][INFO] SIM_BRIDGE: inject_explicit_wiring: installed 1619529 synapses across 3 populations.
[2026-08-19 18:51:45][INFO] SIM_BRIDGE: Simulation data initialized for 1800 neurons (3D). Synapses: 1619529. GPU memory: 0.0GB/9223372036.9GB (0.0%)
[2026-08-19 18:51:45][INFO] SIM_BRIDGE: NumPy backend (CPU (NumPy backend), 8589934592.0 GB RAM available)
[2026-08-19 18:51:45][INFO] SIM_BRIDGE: Initializing simulation data for model: IZHIKEVICH (3D)... (playback_init: False)
[2026-08-19 18:51:45][INFO] SIM_BRIDGE: RNG initialized with seed: 42
[2026-08-19 18:51:45][INFO] SIM_BRIDGE: Initializing Izhikevich model specifics for 224 neurons...
[2026-08-19 18:51:45][INFO] SIM_BRIDGE: Applying parameter heterogeneity to neuron parameters...
[2026-08-19 18:51:45][INFO] SIM_BRIDGE: Applied heterogeneity to 4 parameters.
[2026-08-19 18:51:45][INFO] SIM_BRIDGE: Initializing OU process state (tau=15.0ms, sigma=20.0pA)...
[2026-08-19 18:51:45][INFO] SIM_BRIDGE: Generating 3D neuron positions for 224 neurons...
[2026-08-19 18:51:45][INFO] SIM_BRIDGE: Generating connections (3D)...
[2026-08-19 18:51:45][INFO] SIM_BRIDGE: Simulation data initialized for 224 neurons (3D). Synapses: 0. GPU memory: 0.0GB/9223372036.9GB (0.0%)
[2026-08-19 18:51:45][INFO] SIM_BRIDGE: inject_explicit_wiring: installed 4800 synapses across 1 populations.
[2026-08-19 18:52:23][INFO] SIM_BRIDGE: NumPy backend (CPU (NumPy backend), 8589934592.0 GB RAM available)
[2026-08-19 18:52:23][INFO] SIM_BRIDGE: Initializing simulation data for model: IZHIKEVICH (3D)... (playback_init: False)
[2026-08-19 18:52:23][INFO] SIM_BRIDGE: Brain-region framework: 12 regions, 1032 total neurons, 12 pathways.
[2026-08-19 18:52:23][INFO] SIM_BRIDGE: RNG initialized with seed: 42
[2026-08-19 18:52:23][INFO] SIM_BRIDGE: NMDA per-region mask: 2 regions enabled (48 neurons)
[2026-08-19 18:52:23][INFO] SIM_BRIDGE: Initializing Izhikevich model specifics for 1032 neurons...
[2026-08-19 18:52:23][INFO] SIM_BRIDGE: Region 'sel_agent' (24 neurons): using Izh type IZH2007_RS_CORTICAL_PYRAMIDAL
[2026-08-19 18:52:23][INFO] SIM_BRIDGE: Region 'sel_FS_agent' (12 neurons): using Izh type IZH2007_FS_CORTICAL_INTERNEURON
[2026-08-19 18:52:23][INFO] SIM_BRIDGE: Region 'sel_patient' (24 neurons): using Izh type IZH2007_RS_CORTICAL_PYRAMIDAL
[2026-08-19 18:52:23][INFO] SIM_BRIDGE: Region 'sel_FS_patient' (12 neurons): using Izh type IZH2007_FS_CORTICAL_INTERNEURON
[2026-08-19 18:52:23][INFO] SIM_BRIDGE: Region 'cue_position_pos' (120 neurons): using Izh type IZH2007_RS_CORTICAL_PYRAMIDAL
[2026-08-19 18:52:23][INFO] SIM_BRIDGE: Region 'cue_position_neg' (120 neurons): using Izh type IZH2007_RS_CORTICAL_PYRAMIDAL
[2026-08-19 18:52:23][INFO] SIM_BRIDGE: Region 'cue_animacy_pos' (120 neurons): using Izh type IZH2007_RS_CORTICAL_PYRAMIDAL
[2026-08-19 18:52:23][INFO] SIM_BRIDGE: Region 'cue_animacy_neg' (120 neurons): using Izh type IZH2007_RS_CORTICAL_PYRAMIDAL
[2026-08-19 18:52:23][INFO] SIM_BRIDGE: Region 'cue_verbfit_pos' (120 neurons): using Izh type IZH2007_RS_CORTICAL_PYRAMIDAL
[2026-08-19 18:52:23][INFO] SIM_BRIDGE: Region 'cue_verbfit_neg' (120 neurons): using Izh type IZH2007_RS_CORTICAL_PYRAMIDAL
[2026-08-19 18:52:23][INFO] SIM_BRIDGE: Region 'cue_lexbias_pos' (120 neurons): using Izh type IZH2007_RS_CORTICAL_PYRAMIDAL
[2026-08-19 18:52:23][INFO] SIM_BRIDGE: Region 'cue_lexbias_neg' (120 neurons): using Izh type IZH2007_RS_CORTICAL_PYRAMIDAL
[2026-08-19 18:52:23][INFO] SIM_BRIDGE: Applying parameter heterogeneity to neuron parameters...
[2026-08-19 18:52:23][INFO] SIM_BRIDGE: Applied heterogeneity to 4 parameters.
[2026-08-19 18:52:23][INFO] SIM_BRIDGE: Generating 3D neuron positions for 1032 neurons...
[2026-08-19 18:52:23][INFO] SIM_BRIDGE: Generating connections (brain-region framework)...
[2026-08-19 18:52:23][INFO] SIM_BRIDGE: inject_explicit_wiring: installed 24750 synapses across 14 populations.
[2026-08-19 18:52:23][INFO] SIM_BRIDGE: Simulation data initialized for 1032 neurons (3D). Synapses: 24750. GPU memory: 0.0GB/9223372036.9GB (0.0%)
[2026-08-19 18:52:24][INFO] SIM_BRIDGE: NumPy backend (CPU (NumPy backend), 8589934592.0 GB RAM available)
[2026-08-19 18:52:24][INFO] SIM_BRIDGE: Initializing simulation data for model: IZHIKEVICH (3D)... (playback_init: False)
[2026-08-19 18:52:24][INFO] SIM_BRIDGE: RNG initialized with seed: 42
[2026-08-19 18:52:24][INFO] SIM_BRIDGE: Initializing Izhikevich model specifics for 144 neurons...
[2026-08-19 18:52:24][INFO] SIM_BRIDGE: Applying parameter heterogeneity to neuron parameters...
[2026-08-19 18:52:24][INFO] SIM_BRIDGE: Applied heterogeneity to 4 parameters.
[2026-08-19 18:52:24][INFO] SIM_BRIDGE: Initializing OU process state (tau=15.0ms, sigma=0.0pA)...
[2026-08-19 18:52:24][INFO] SIM_BRIDGE: Generating 3D neuron positions for 144 neurons...
[2026-08-19 18:52:24][INFO] SIM_BRIDGE: Generating connections (3D)...
[2026-08-19 18:52:24][INFO] SIM_BRIDGE: Simulation data initialized for 144 neurons (3D). Synapses: 0. GPU memory: 0.0GB/9223372036.9GB (0.0%)
[2026-08-19 18:52:24][INFO] SIM_BRIDGE: NumPy backend (CPU (NumPy backend), 8589934592.0 GB RAM available)
[2026-08-19 18:52:24][INFO] SIM_BRIDGE: Initializing simulation data for model: IZHIKEVICH (3D)... (playback_init: False)
[2026-08-19 18:52:24][INFO] SIM_BRIDGE: RNG initialized with seed: 42
[2026-08-19 18:52:24][INFO] SIM_BRIDGE: Initializing Izhikevich model specifics for 2 neurons...
[2026-08-19 18:52:24][INFO] SIM_BRIDGE: Applying parameter heterogeneity to neuron parameters...
[2026-08-19 18:52:24][INFO] SIM_BRIDGE: Applied heterogeneity to 4 parameters.
[2026-08-19 18:52:24][INFO] SIM_BRIDGE: Initializing OU process state (tau=15.0ms, sigma=0.0pA)...
[2026-08-19 18:52:24][INFO] SIM_BRIDGE: Generating 3D neuron positions for 2 neurons...
[2026-08-19 18:52:24][INFO] SIM_BRIDGE: Generating connections (3D)...
[2026-08-19 18:52:24][INFO] SIM_BRIDGE: Simulation data initialized for 2 neurons (3D). Synapses: 0. GPU memory: 0.0GB/9223372036.9GB (0.0%)
  [comprehension-monitor     ] answer_changed=True  meta_present=True  -> DRIVER
      intact : "I don't know about that."
      lesion : "My role-binding didn't resolve on that — I couldn't tell which word plays which role, so I"
[2026-08-19 18:52:32][INFO] SIM_BRIDGE: NumPy backend (CPU (NumPy backend), 8589934592.0 GB RAM available)
[2026-08-19 18:52:32][INFO] SIM_BRIDGE: Initializing simulation data for model: IZHIKEVICH (3D)... (playback_init: False)
[2026-08-19 18:52:32][INFO] SIM_BRIDGE: RNG initialized with seed: 42
[2026-08-19 18:52:32][INFO] SIM_BRIDGE: Initializing Izhikevich model specifics for 45856 neurons...
[2026-08-19 18:52:32][INFO] SIM_BRIDGE: Applying parameter heterogeneity to neuron parameters...
[2026-08-19 18:52:32][INFO] SIM_BRIDGE: Applied heterogeneity to 4 parameters.
[2026-08-19 18:52:32][INFO] SIM_BRIDGE: Initializing OU process state (tau=15.0ms, sigma=20.0pA)...
[2026-08-19 18:52:32][INFO] SIM_BRIDGE: Generating 3D neuron positions for 45856 neurons...
[2026-08-19 18:52:32][INFO] SIM_BRIDGE: Generating connections (3D)...
[2026-08-19 18:52:32][INFO] SIM_BRIDGE: Simulation data initialized for 45856 neurons (3D). Synapses: 0. GPU memory: 0.0GB/9223372036.9GB (0.0%)
[2026-08-19 18:52:32][INFO] SIM_BRIDGE: inject_explicit_wiring: installed 720 synapses across 1 populations.
[2026-08-19 18:53:06][INFO] SIM_BRIDGE: NumPy backend (CPU (NumPy backend), 8589934592.0 GB RAM available)
[2026-08-19 18:53:06][INFO] SIM_BRIDGE: Initializing simulation data for model: IZHIKEVICH (3D)... (playback_init: False)
[2026-08-19 18:53:06][INFO] SIM_BRIDGE: Brain-region framework: 2 regions, 1800 total neurons, 3 pathways.
[2026-08-19 18:53:06][INFO] SIM_BRIDGE: RNG initialized with seed: 42
[2026-08-19 18:53:06][INFO] SIM_BRIDGE: Initializing Izhikevich model specifics for 1800 neurons...
[2026-08-19 18:53:06][INFO] SIM_BRIDGE: Applying parameter heterogeneity to neuron parameters...
[2026-08-19 18:53:06][INFO] SIM_BRIDGE: Applied heterogeneity to 4 parameters.
[2026-08-19 18:53:06][INFO] SIM_BRIDGE: Initializing OU process state (tau=15.0ms, sigma=0.0pA)...
[2026-08-19 18:53:06][INFO] SIM_BRIDGE: Generating 3D neuron positions for 1800 neurons...
[2026-08-19 18:53:06][INFO] SIM_BRIDGE: Generating connections (brain-region framework)...
[2026-08-19 18:53:08][INFO] SIM_BRIDGE: inject_explicit_wiring: installed 1619529 synapses across 3 populations.
[2026-08-19 18:53:08][INFO] SIM_BRIDGE: Simulation data initialized for 1800 neurons (3D). Synapses: 1619529. GPU memory: 0.0GB/9223372036.9GB (0.0%)
[2026-08-19 18:53:08][INFO] SIM_BRIDGE: NumPy backend (CPU (NumPy backend), 8589934592.0 GB RAM available)
[2026-08-19 18:53:08][INFO] SIM_BRIDGE: Initializing simulation data for model: IZHIKEVICH (3D)... (playback_init: False)
[2026-08-19 18:53:08][INFO] SIM_BRIDGE: RNG initialized with seed: 42
[2026-08-19 18:53:08][INFO] SIM_BRIDGE: Initializing Izhikevich model specifics for 224 neurons...
[2026-08-19 18:53:08][INFO] SIM_BRIDGE: Applying parameter heterogeneity to neuron parameters...
[2026-08-19 18:53:08][INFO] SIM_BRIDGE: Applied heterogeneity to 4 parameters.
[2026-08-19 18:53:08][INFO] SIM_BRIDGE: Initializing OU process state (tau=15.0ms, sigma=20.0pA)...
[2026-08-19 18:53:08][INFO] SIM_BRIDGE: Generating 3D neuron positions for 224 neurons...
[2026-08-19 18:53:08][INFO] SIM_BRIDGE: Generating connections (3D)...
[2026-08-19 18:53:08][INFO] SIM_BRIDGE: Simulation data initialized for 224 neurons (3D). Synapses: 0. GPU memory: 0.0GB/9223372036.9GB (0.0%)
[2026-08-19 18:53:08][INFO] SIM_BRIDGE: inject_explicit_wiring: installed 4800 synapses across 1 populations.
[2026-08-19 18:53:46][INFO] SIM_BRIDGE: NumPy backend (CPU (NumPy backend), 8589934592.0 GB RAM available)
[2026-08-19 18:53:46][INFO] SIM_BRIDGE: Initializing simulation data for model: IZHIKEVICH (3D)... (playback_init: False)
[2026-08-19 18:53:46][INFO] SIM_BRIDGE: RNG initialized with seed: 42
[2026-08-19 18:53:46][INFO] SIM_BRIDGE: Initializing Izhikevich model specifics for 144 neurons...
[2026-08-19 18:53:46][INFO] SIM_BRIDGE: Applying parameter heterogeneity to neuron parameters...
[2026-08-19 18:53:46][INFO] SIM_BRIDGE: Applied heterogeneity to 4 parameters.
[2026-08-19 18:53:46][INFO] SIM_BRIDGE: Initializing OU process state (tau=15.0ms, sigma=0.0pA)...
[2026-08-19 18:53:46][INFO] SIM_BRIDGE: Generating 3D neuron positions for 144 neurons...
[2026-08-19 18:53:46][INFO] SIM_BRIDGE: Generating connections (3D)...
[2026-08-19 18:53:46][INFO] SIM_BRIDGE: Simulation data initialized for 144 neurons (3D). Synapses: 0. GPU memory: 0.0GB/9223372036.9GB (0.0%)
[2026-08-19 18:53:46][INFO] SIM_BRIDGE: NumPy backend (CPU (NumPy backend), 8589934592.0 GB RAM available)
[2026-08-19 18:53:46][INFO] SIM_BRIDGE: Initializing simulation data for model: IZHIKEVICH (3D)... (playback_init: False)
[2026-08-19 18:53:46][INFO] SIM_BRIDGE: RNG initialized with seed: 42
[2026-08-19 18:53:46][INFO] SIM_BRIDGE: Initializing Izhikevich model specifics for 2 neurons...
[2026-08-19 18:53:46][INFO] SIM_BRIDGE: Applying parameter heterogeneity to neuron parameters...
[2026-08-19 18:53:46][INFO] SIM_BRIDGE: Applied heterogeneity to 4 parameters.
[2026-08-19 18:53:46][INFO] SIM_BRIDGE: Initializing OU process state (tau=15.0ms, sigma=0.0pA)...
[2026-08-19 18:53:46][INFO] SIM_BRIDGE: Generating 3D neuron positions for 2 neurons...
[2026-08-19 18:53:46][INFO] SIM_BRIDGE: Generating connections (3D)...
[2026-08-19 18:53:46][INFO] SIM_BRIDGE: Simulation data initialized for 2 neurons (3D). Synapses: 0. GPU memory: 0.0GB/9223372036.9GB (0.0%)
[2026-08-19 18:53:55][INFO] SIM_BRIDGE: NumPy backend (CPU (NumPy backend), 8589934592.0 GB RAM available)
[2026-08-19 18:53:55][INFO] SIM_BRIDGE: Initializing simulation data for model: IZHIKEVICH (3D)... (playback_init: False)
[2026-08-19 18:53:55][INFO] SIM_BRIDGE: RNG initialized with seed: 42
[2026-08-19 18:53:55][INFO] SIM_BRIDGE: Initializing Izhikevich model specifics for 45856 neurons...
[2026-08-19 18:53:55][INFO] SIM_BRIDGE: Applying parameter heterogeneity to neuron parameters...
[2026-08-19 18:53:55][INFO] SIM_BRIDGE: Applied heterogeneity to 4 parameters.
[2026-08-19 18:53:55][INFO] SIM_BRIDGE: Initializing OU process state (tau=15.0ms, sigma=20.0pA)...
[2026-08-19 18:53:55][INFO] SIM_BRIDGE: Generating 3D neuron positions for 45856 neurons...
[2026-08-19 18:53:55][INFO] SIM_BRIDGE: Generating connections (3D)...
[2026-08-19 18:53:55][INFO] SIM_BRIDGE: Simulation data initialized for 45856 neurons (3D). Synapses: 0. GPU memory: 0.0GB/9223372036.9GB (0.0%)
[2026-08-19 18:53:55][INFO] SIM_BRIDGE: inject_explicit_wiring: installed 720 synapses across 1 populations.
[2026-08-19 18:54:29][INFO] SIM_BRIDGE: NumPy backend (CPU (NumPy backend), 8589934592.0 GB RAM available)
[2026-08-19 18:54:29][INFO] SIM_BRIDGE: Initializing simulation data for model: IZHIKEVICH (3D)... (playback_init: False)
[2026-08-19 18:54:29][INFO] SIM_BRIDGE: Brain-region framework: 2 regions, 1800 total neurons, 3 pathways.
[2026-08-19 18:54:29][INFO] SIM_BRIDGE: RNG initialized with seed: 42
[2026-08-19 18:54:29][INFO] SIM_BRIDGE: Initializing Izhikevich model specifics for 1800 neurons...
[2026-08-19 18:54:29][INFO] SIM_BRIDGE: Applying parameter heterogeneity to neuron parameters...
[2026-08-19 18:54:29][INFO] SIM_BRIDGE: Applied heterogeneity to 4 parameters.
[2026-08-19 18:54:29][INFO] SIM_BRIDGE: Initializing OU process state (tau=15.0ms, sigma=0.0pA)...
[2026-08-19 18:54:29][INFO] SIM_BRIDGE: Generating 3D neuron positions for 1800 neurons...
[2026-08-19 18:54:29][INFO] SIM_BRIDGE: Generating connections (brain-region framework)...
[2026-08-19 18:54:30][INFO] SIM_BRIDGE: inject_explicit_wiring: installed 1619529 synapses across 3 populations.
[2026-08-19 18:54:30][INFO] SIM_BRIDGE: Simulation data initialized for 1800 neurons (3D). Synapses: 1619529. GPU memory: 0.0GB/9223372036.9GB (0.0%)
[2026-08-19 18:54:30][INFO] SIM_BRIDGE: NumPy backend (CPU (NumPy backend), 8589934592.0 GB RAM available)
[2026-08-19 18:54:30][INFO] SIM_BRIDGE: Initializing simulation data for model: IZHIKEVICH (3D)... (playback_init: False)
[2026-08-19 18:54:30][INFO] SIM_BRIDGE: RNG initialized with seed: 42
[2026-08-19 18:54:30][INFO] SIM_BRIDGE: Initializing Izhikevich model specifics for 224 neurons...
[2026-08-19 18:54:30][INFO] SIM_BRIDGE: Applying parameter heterogeneity to neuron parameters...
[2026-08-19 18:54:30][INFO] SIM_BRIDGE: Applied heterogeneity to 4 parameters.
[2026-08-19 18:54:30][INFO] SIM_BRIDGE: Initializing OU process state (tau=15.0ms, sigma=20.0pA)...
[2026-08-19 18:54:30][INFO] SIM_BRIDGE: Generating 3D neuron positions for 224 neurons...
[2026-08-19 18:54:30][INFO] SIM_BRIDGE: Generating connections (3D)...
[2026-08-19 18:54:30][INFO] SIM_BRIDGE: Simulation data initialized for 224 neurons (3D). Synapses: 0. GPU memory: 0.0GB/9223372036.9GB (0.0%)
[2026-08-19 18:54:30][INFO] SIM_BRIDGE: inject_explicit_wiring: installed 4800 synapses across 1 populations.
[2026-08-19 18:55:10][INFO] SIM_BRIDGE: NumPy backend (CPU (NumPy backend), 8589934592.0 GB RAM available)
[2026-08-19 18:55:10][INFO] SIM_BRIDGE: Initializing simulation data for model: IZHIKEVICH (3D)... (playback_init: False)
[2026-08-19 18:55:10][INFO] SIM_BRIDGE: RNG initialized with seed: 42
[2026-08-19 18:55:10][INFO] SIM_BRIDGE: Initializing Izhikevich model specifics for 144 neurons...
[2026-08-19 18:55:10][INFO] SIM_BRIDGE: Applying parameter heterogeneity to neuron parameters...
[2026-08-19 18:55:10][INFO] SIM_BRIDGE: Applied heterogeneity to 4 parameters.
[2026-08-19 18:55:10][INFO] SIM_BRIDGE: Initializing OU process state (tau=15.0ms, sigma=0.0pA)...
[2026-08-19 18:55:10][INFO] SIM_BRIDGE: Generating 3D neuron positions for 144 neurons...
[2026-08-19 18:55:10][INFO] SIM_BRIDGE: Generating connections (3D)...
[2026-08-19 18:55:10][INFO] SIM_BRIDGE: Simulation data initialized for 144 neurons (3D). Synapses: 0. GPU memory: 0.0GB/9223372036.9GB (0.0%)
[2026-08-19 18:55:10][INFO] SIM_BRIDGE: NumPy backend (CPU (NumPy backend), 8589934592.0 GB RAM available)
[2026-08-19 18:55:10][INFO] SIM_BRIDGE: Initializing simulation data for model: IZHIKEVICH (3D)... (playback_init: False)
[2026-08-19 18:55:10][INFO] SIM_BRIDGE: RNG initialized with seed: 42
[2026-08-19 18:55:10][INFO] SIM_BRIDGE: Initializing Izhikevich model specifics for 2 neurons...
[2026-08-19 18:55:10][INFO] SIM_BRIDGE: Applying parameter heterogeneity to neuron parameters...
[2026-08-19 18:55:10][INFO] SIM_BRIDGE: Applied heterogeneity to 4 parameters.
[2026-08-19 18:55:10][INFO] SIM_BRIDGE: Initializing OU process state (tau=15.0ms, sigma=0.0pA)...
[2026-08-19 18:55:10][INFO] SIM_BRIDGE: Generating 3D neuron positions for 2 neurons...
[2026-08-19 18:55:10][INFO] SIM_BRIDGE: Generating connections (3D)...
[2026-08-19 18:55:10][INFO] SIM_BRIDGE: Simulation data initialized for 2 neurons (3D). Synapses: 0. GPU memory: 0.0GB/9223372036.9GB (0.0%)
  [other-repair              ] answer_changed=True  meta_present=True  -> DRIVER
      intact : "I caught the verb 'carry' with the book and the cup, but my role-binding didn't resolve th"
      lesion : "My role-binding didn't resolve on that — I couldn't tell which word plays which role, so I"
[2026-08-19 18:55:18][INFO] SIM_BRIDGE: NumPy backend (CPU (NumPy backend), 8589934592.0 GB RAM available)
[2026-08-19 18:55:18][INFO] SIM_BRIDGE: Initializing simulation data for model: IZHIKEVICH (3D)... (playback_init: False)
[2026-08-19 18:55:18][INFO] SIM_BRIDGE: RNG initialized with seed: 42
[2026-08-19 18:55:18][INFO] SIM_BRIDGE: Initializing Izhikevich model specifics for 45856 neurons...
[2026-08-19 18:55:18][INFO] SIM_BRIDGE: Applying parameter heterogeneity to neuron parameters...
[2026-08-19 18:55:18][INFO] SIM_BRIDGE: Applied heterogeneity to 4 parameters.
[2026-08-19 18:55:18][INFO] SIM_BRIDGE: Initializing OU process state (tau=15.0ms, sigma=20.0pA)...
[2026-08-19 18:55:18][INFO] SIM_BRIDGE: Generating 3D neuron positions for 45856 neurons...
[2026-08-19 18:55:18][INFO] SIM_BRIDGE: Generating connections (3D)...
[2026-08-19 18:55:18][INFO] SIM_BRIDGE: Simulation data initialized for 45856 neurons (3D). Synapses: 0. GPU memory: 0.0GB/9223372036.9GB (0.0%)
[2026-08-19 18:55:18][INFO] SIM_BRIDGE: inject_explicit_wiring: installed 720 synapses across 1 populations.
[2026-08-19 18:55:52][INFO] SIM_BRIDGE: NumPy backend (CPU (NumPy backend), 8589934592.0 GB RAM available)
[2026-08-19 18:55:52][INFO] SIM_BRIDGE: Initializing simulation data for model: IZHIKEVICH (3D)... (playback_init: False)
[2026-08-19 18:55:52][INFO] SIM_BRIDGE: Brain-region framework: 2 regions, 1800 total neurons, 3 pathways.
[2026-08-19 18:55:52][INFO] SIM_BRIDGE: RNG initialized with seed: 42
[2026-08-19 18:55:52][INFO] SIM_BRIDGE: Initializing Izhikevich model specifics for 1800 neurons...
[2026-08-19 18:55:52][INFO] SIM_BRIDGE: Applying parameter heterogeneity to neuron parameters...
[2026-08-19 18:55:52][INFO] SIM_BRIDGE: Applied heterogeneity to 4 parameters.
[2026-08-19 18:55:52][INFO] SIM_BRIDGE: Initializing OU process state (tau=15.0ms, sigma=0.0pA)...
[2026-08-19 18:55:52][INFO] SIM_BRIDGE: Generating 3D neuron positions for 1800 neurons...
[2026-08-19 18:55:52][INFO] SIM_BRIDGE: Generating connections (brain-region framework)...
[2026-08-19 18:55:54][INFO] SIM_BRIDGE: inject_explicit_wiring: installed 1619529 synapses across 3 populations.
[2026-08-19 18:55:54][INFO] SIM_BRIDGE: Simulation data initialized for 1800 neurons (3D). Synapses: 1619529. GPU memory: 0.0GB/9223372036.9GB (0.0%)
[2026-08-19 18:55:54][INFO] SIM_BRIDGE: NumPy backend (CPU (NumPy backend), 8589934592.0 GB RAM available)
[2026-08-19 18:55:54][INFO] SIM_BRIDGE: Initializing simulation data for model: IZHIKEVICH (3D)... (playback_init: False)
[2026-08-19 18:55:54][INFO] SIM_BRIDGE: RNG initialized with seed: 42
[2026-08-19 18:55:54][INFO] SIM_BRIDGE: Initializing Izhikevich model specifics for 224 neurons...
[2026-08-19 18:55:54][INFO] SIM_BRIDGE: Applying parameter heterogeneity to neuron parameters...
[2026-08-19 18:55:54][INFO] SIM_BRIDGE: Applied heterogeneity to 4 parameters.
[2026-08-19 18:55:54][INFO] SIM_BRIDGE: Initializing OU process state (tau=15.0ms, sigma=20.0pA)...
[2026-08-19 18:55:54][INFO] SIM_BRIDGE: Generating 3D neuron positions for 224 neurons...
[2026-08-19 18:55:54][INFO] SIM_BRIDGE: Generating connections (3D)...
[2026-08-19 18:55:54][INFO] SIM_BRIDGE: Simulation data initialized for 224 neurons (3D). Synapses: 0. GPU memory: 0.0GB/9223372036.9GB (0.0%)
[2026-08-19 18:55:54][INFO] SIM_BRIDGE: inject_explicit_wiring: installed 4800 synapses across 1 populations.
[2026-08-19 18:56:33][INFO] SIM_BRIDGE: NumPy backend (CPU (NumPy backend), 8589934592.0 GB RAM available)
[2026-08-19 18:56:33][INFO] SIM_BRIDGE: Initializing simulation data for model: IZHIKEVICH (3D)... (playback_init: False)
[2026-08-19 18:56:33][INFO] SIM_BRIDGE: RNG initialized with seed: 42
[2026-08-19 18:56:33][INFO] SIM_BRIDGE: Initializing Izhikevich model specifics for 144 neurons...
[2026-08-19 18:56:33][INFO] SIM_BRIDGE: Applying parameter heterogeneity to neuron parameters...
[2026-08-19 18:56:33][INFO] SIM_BRIDGE: Applied heterogeneity to 4 parameters.
[2026-08-19 18:56:33][INFO] SIM_BRIDGE: Initializing OU process state (tau=15.0ms, sigma=0.0pA)...
[2026-08-19 18:56:33][INFO] SIM_BRIDGE: Generating 3D neuron positions for 144 neurons...
[2026-08-19 18:56:33][INFO] SIM_BRIDGE: Generating connections (3D)...
[2026-08-19 18:56:33][INFO] SIM_BRIDGE: Simulation data initialized for 144 neurons (3D). Synapses: 0. GPU memory: 0.0GB/9223372036.9GB (0.0%)
[2026-08-19 18:56:33][INFO] SIM_BRIDGE: NumPy backend (CPU (NumPy backend), 8589934592.0 GB RAM available)
[2026-08-19 18:56:33][INFO] SIM_BRIDGE: Initializing simulation data for model: IZHIKEVICH (3D)... (playback_init: False)
[2026-08-19 18:56:33][INFO] SIM_BRIDGE: RNG initialized with seed: 42
[2026-08-19 18:56:33][INFO] SIM_BRIDGE: Initializing Izhikevich model specifics for 2 neurons...
[2026-08-19 18:56:33][INFO] SIM_BRIDGE: Applying parameter heterogeneity to neuron parameters...
[2026-08-19 18:56:33][INFO] SIM_BRIDGE: Applied heterogeneity to 4 parameters.
[2026-08-19 18:56:33][INFO] SIM_BRIDGE: Initializing OU process state (tau=15.0ms, sigma=0.0pA)...
[2026-08-19 18:56:33][INFO] SIM_BRIDGE: Generating 3D neuron positions for 2 neurons...
[2026-08-19 18:56:33][INFO] SIM_BRIDGE: Generating connections (3D)...
[2026-08-19 18:56:33][INFO] SIM_BRIDGE: Simulation data initialized for 2 neurons (3D). Synapses: 0. GPU memory: 0.0GB/9223372036.9GB (0.0%)
[2026-08-19 18:56:51][INFO] SIM_BRIDGE: NumPy backend (CPU (NumPy backend), 8589934592.0 GB RAM available)
[2026-08-19 18:56:51][INFO] SIM_BRIDGE: Initializing simulation data for model: IZHIKEVICH (3D)... (playback_init: False)
[2026-08-19 18:56:51][INFO] SIM_BRIDGE: RNG initialized with seed: 42
[2026-08-19 18:56:51][INFO] SIM_BRIDGE: Initializing Izhikevich model specifics for 45856 neurons...
[2026-08-19 18:56:51][INFO] SIM_BRIDGE: Applying parameter heterogeneity to neuron parameters...
[2026-08-19 18:56:51][INFO] SIM_BRIDGE: Applied heterogeneity to 4 parameters.
[2026-08-19 18:56:51][INFO] SIM_BRIDGE: Initializing OU process state (tau=15.0ms, sigma=20.0pA)...
[2026-08-19 18:56:51][INFO] SIM_BRIDGE: Generating 3D neuron positions for 45856 neurons...
[2026-08-19 18:56:51][INFO] SIM_BRIDGE: Generating connections (3D)...
[2026-08-19 18:56:51][INFO] SIM_BRIDGE: Simulation data initialized for 45856 neurons (3D). Synapses: 0. GPU memory: 0.0GB/9223372036.9GB (0.0%)
[2026-08-19 18:56:51][INFO] SIM_BRIDGE: inject_explicit_wiring: installed 720 synapses across 1 populations.
[2026-08-19 18:57:25][INFO] SIM_BRIDGE: NumPy backend (CPU (NumPy backend), 8589934592.0 GB RAM available)
[2026-08-19 18:57:25][INFO] SIM_BRIDGE: Initializing simulation data for model: IZHIKEVICH (3D)... (playback_init: False)
[2026-08-19 18:57:25][INFO] SIM_BRIDGE: Brain-region framework: 2 regions, 1800 total neurons, 3 pathways.
[2026-08-19 18:57:25][INFO] SIM_BRIDGE: RNG initialized with seed: 42
[2026-08-19 18:57:25][INFO] SIM_BRIDGE: Initializing Izhikevich model specifics for 1800 neurons...
[2026-08-19 18:57:25][INFO] SIM_BRIDGE: Applying parameter heterogeneity to neuron parameters...
[2026-08-19 18:57:25][INFO] SIM_BRIDGE: Applied heterogeneity to 4 parameters.
[2026-08-19 18:57:25][INFO] SIM_BRIDGE: Initializing OU process state (tau=15.0ms, sigma=0.0pA)...
[2026-08-19 18:57:25][INFO] SIM_BRIDGE: Generating 3D neuron positions for 1800 neurons...
[2026-08-19 18:57:25][INFO] SIM_BRIDGE: Generating connections (brain-region framework)...
[2026-08-19 18:57:27][INFO] SIM_BRIDGE: inject_explicit_wiring: installed 1619529 synapses across 3 populations.
[2026-08-19 18:57:27][INFO] SIM_BRIDGE: Simulation data initialized for 1800 neurons (3D). Synapses: 1619529. GPU memory: 0.0GB/9223372036.9GB (0.0%)
[2026-08-19 18:57:27][INFO] SIM_BRIDGE: NumPy backend (CPU (NumPy backend), 8589934592.0 GB RAM available)
[2026-08-19 18:57:27][INFO] SIM_BRIDGE: Initializing simulation data for model: IZHIKEVICH (3D)... (playback_init: False)
[2026-08-19 18:57:27][INFO] SIM_BRIDGE: RNG initialized with seed: 42
[2026-08-19 18:57:27][INFO] SIM_BRIDGE: Initializing Izhikevich model specifics for 224 neurons...
[2026-08-19 18:57:27][INFO] SIM_BRIDGE: Applying parameter heterogeneity to neuron parameters...
[2026-08-19 18:57:27][INFO] SIM_BRIDGE: Applied heterogeneity to 4 parameters.
[2026-08-19 18:57:27][INFO] SIM_BRIDGE: Initializing OU process state (tau=15.0ms, sigma=20.0pA)...
[2026-08-19 18:57:27][INFO] SIM_BRIDGE: Generating 3D neuron positions for 224 neurons...
[2026-08-19 18:57:27][INFO] SIM_BRIDGE: Generating connections (3D)...
[2026-08-19 18:57:27][INFO] SIM_BRIDGE: Simulation data initialized for 224 neurons (3D). Synapses: 0. GPU memory: 0.0GB/9223372036.9GB (0.0%)
[2026-08-19 18:57:27][INFO] SIM_BRIDGE: inject_explicit_wiring: installed 4800 synapses across 1 populations.
  [noncontradiction-gate     ] answer_changed=False meta_present=True  -> OBSERVER_OR_FEEDER
      intact : 'The dog chaseses cat.'
      lesion : 'The dog chaseses cat.'
[2026-08-19 18:58:29][INFO] SIM_BRIDGE: NumPy backend (CPU (NumPy backend), 8589934592.0 GB RAM available)
[2026-08-19 18:58:29][INFO] SIM_BRIDGE: Initializing simulation data for model: IZHIKEVICH (3D)... (playback_init: False)
[2026-08-19 18:58:29][INFO] SIM_BRIDGE: RNG initialized with seed: 42
[2026-08-19 18:58:29][INFO] SIM_BRIDGE: Initializing Izhikevich model specifics for 45856 neurons...
[2026-08-19 18:58:29][INFO] SIM_BRIDGE: Applying parameter heterogeneity to neuron parameters...
[2026-08-19 18:58:29][INFO] SIM_BRIDGE: Applied heterogeneity to 4 parameters.
[2026-08-19 18:58:29][INFO] SIM_BRIDGE: Initializing OU process state (tau=15.0ms, sigma=20.0pA)...
[2026-08-19 18:58:29][INFO] SIM_BRIDGE: Generating 3D neuron positions for 45856 neurons...
[2026-08-19 18:58:29][INFO] SIM_BRIDGE: Generating connections (3D)...
[2026-08-19 18:58:29][INFO] SIM_BRIDGE: Simulation data initialized for 45856 neurons (3D). Synapses: 0. GPU memory: 0.0GB/9223372036.9GB (0.0%)
[2026-08-19 18:58:29][INFO] SIM_BRIDGE: inject_explicit_wiring: installed 720 synapses across 1 populations.
[2026-08-19 18:59:02][INFO] SIM_BRIDGE: NumPy backend (CPU (NumPy backend), 8589934592.0 GB RAM available)
[2026-08-19 18:59:02][INFO] SIM_BRIDGE: Initializing simulation data for model: IZHIKEVICH (3D)... (playback_init: False)
[2026-08-19 18:59:02][INFO] SIM_BRIDGE: Brain-region framework: 2 regions, 1800 total neurons, 3 pathways.
[2026-08-19 18:59:02][INFO] SIM_BRIDGE: RNG initialized with seed: 42
[2026-08-19 18:59:02][INFO] SIM_BRIDGE: Initializing Izhikevich model specifics for 1800 neurons...
[2026-08-19 18:59:02][INFO] SIM_BRIDGE: Applying parameter heterogeneity to neuron parameters...
[2026-08-19 18:59:02][INFO] SIM_BRIDGE: Applied heterogeneity to 4 parameters.
[2026-08-19 18:59:02][INFO] SIM_BRIDGE: Initializing OU process state (tau=15.0ms, sigma=0.0pA)...
[2026-08-19 18:59:02][INFO] SIM_BRIDGE: Generating 3D neuron positions for 1800 neurons...
[2026-08-19 18:59:02][INFO] SIM_BRIDGE: Generating connections (brain-region framework)...
[2026-08-19 18:59:04][INFO] SIM_BRIDGE: inject_explicit_wiring: installed 1619529 synapses across 3 populations.
[2026-08-19 18:59:04][INFO] SIM_BRIDGE: Simulation data initialized for 1800 neurons (3D). Synapses: 1619529. GPU memory: 0.0GB/9223372036.9GB (0.0%)
[2026-08-19 18:59:04][INFO] SIM_BRIDGE: NumPy backend (CPU (NumPy backend), 8589934592.0 GB RAM available)
[2026-08-19 18:59:04][INFO] SIM_BRIDGE: Initializing simulation data for model: IZHIKEVICH (3D)... (playback_init: False)
[2026-08-19 18:59:04][INFO] SIM_BRIDGE: RNG initialized with seed: 42
[2026-08-19 18:59:04][INFO] SIM_BRIDGE: Initializing Izhikevich model specifics for 224 neurons...
[2026-08-19 18:59:04][INFO] SIM_BRIDGE: Applying parameter heterogeneity to neuron parameters...
[2026-08-19 18:59:04][INFO] SIM_BRIDGE: Applied heterogeneity to 4 parameters.
[2026-08-19 18:59:04][INFO] SIM_BRIDGE: Initializing OU process state (tau=15.0ms, sigma=20.0pA)...
[2026-08-19 18:59:04][INFO] SIM_BRIDGE: Generating 3D neuron positions for 224 neurons...
[2026-08-19 18:59:04][INFO] SIM_BRIDGE: Generating connections (3D)...
[2026-08-19 18:59:04][INFO] SIM_BRIDGE: Simulation data initialized for 224 neurons (3D). Synapses: 0. GPU memory: 0.0GB/9223372036.9GB (0.0%)
[2026-08-19 18:59:04][INFO] SIM_BRIDGE: inject_explicit_wiring: installed 4800 synapses across 1 populations.
[2026-08-19 18:59:42][INFO] SIM_BRIDGE: NumPy backend (CPU (NumPy backend), 8589934592.0 GB RAM available)
[2026-08-19 18:59:42][INFO] SIM_BRIDGE: Initializing simulation data for model: IZHIKEVICH (3D)... (playback_init: False)
[2026-08-19 18:59:42][INFO] SIM_BRIDGE: RNG initialized with seed: 42
[2026-08-19 18:59:42][INFO] SIM_BRIDGE: Initializing Izhikevich model specifics for 144 neurons...
[2026-08-19 18:59:42][INFO] SIM_BRIDGE: Applying parameter heterogeneity to neuron parameters...
[2026-08-19 18:59:42][INFO] SIM_BRIDGE: Applied heterogeneity to 4 parameters.
[2026-08-19 18:59:42][INFO] SIM_BRIDGE: Initializing OU process state (tau=15.0ms, sigma=0.0pA)...
[2026-08-19 18:59:42][INFO] SIM_BRIDGE: Generating 3D neuron positions for 144 neurons...
[2026-08-19 18:59:42][INFO] SIM_BRIDGE: Generating connections (3D)...
[2026-08-19 18:59:42][INFO] SIM_BRIDGE: Simulation data initialized for 144 neurons (3D). Synapses: 0. GPU memory: 0.0GB/9223372036.9GB (0.0%)
[2026-08-19 18:59:42][INFO] SIM_BRIDGE: NumPy backend (CPU (NumPy backend), 8589934592.0 GB RAM available)
[2026-08-19 18:59:42][INFO] SIM_BRIDGE: Initializing simulation data for model: IZHIKEVICH (3D)... (playback_init: False)
[2026-08-19 18:59:42][INFO] SIM_BRIDGE: RNG initialized with seed: 42
[2026-08-19 18:59:42][INFO] SIM_BRIDGE: Initializing Izhikevich model specifics for 2 neurons...
[2026-08-19 18:59:42][INFO] SIM_BRIDGE: Applying parameter heterogeneity to neuron parameters...
[2026-08-19 18:59:42][INFO] SIM_BRIDGE: Applied heterogeneity to 4 parameters.
[2026-08-19 18:59:42][INFO] SIM_BRIDGE: Initializing OU process state (tau=15.0ms, sigma=0.0pA)...
[2026-08-19 18:59:42][INFO] SIM_BRIDGE: Generating 3D neuron positions for 2 neurons...
[2026-08-19 18:59:42][INFO] SIM_BRIDGE: Generating connections (3D)...
[2026-08-19 18:59:42][INFO] SIM_BRIDGE: Simulation data initialized for 2 neurons (3D). Synapses: 0. GPU memory: 0.0GB/9223372036.9GB (0.0%)
[2026-08-19 18:59:45][INFO] SIM_BRIDGE: NumPy backend (CPU (NumPy backend), 8589934592.0 GB RAM available)
[2026-08-19 18:59:45][INFO] SIM_BRIDGE: Initializing simulation data for model: IZHIKEVICH (3D)... (playback_init: False)
[2026-08-19 18:59:45][INFO] SIM_BRIDGE: Brain-region framework: 2 regions, 1200 total neurons, 2 pathways.
[2026-08-19 18:59:45][INFO] SIM_BRIDGE: RNG initialized with seed: 42
[2026-08-19 18:59:45][INFO] SIM_BRIDGE: NMDA per-region mask: 2 regions enabled (1200 neurons)
[2026-08-19 18:59:45][INFO] SIM_BRIDGE: Initializing Izhikevich model specifics for 1200 neurons...
[2026-08-19 18:59:45][INFO] SIM_BRIDGE: Region 'cortex_ctx' (600 neurons): using Izh type IZH2007_HIPPO_PYRAMIDAL
[2026-08-19 18:59:45][INFO] SIM_BRIDGE: Region 'dlpfc_wm' (600 neurons): using Izh type IZH2007_HIPPO_PYRAMIDAL
[2026-08-19 18:59:45][INFO] SIM_BRIDGE: Applying parameter heterogeneity to neuron parameters...
[2026-08-19 18:59:45][INFO] SIM_BRIDGE: Applied heterogeneity to 4 parameters.
[2026-08-19 18:59:45][INFO] SIM_BRIDGE: Generating 3D neuron positions for 1200 neurons...
[2026-08-19 18:59:45][INFO] SIM_BRIDGE: Generating connections (brain-region framework)...
[2026-08-19 18:59:45][INFO] SIM_BRIDGE: inject_explicit_wiring: installed 107786 synapses across 4 populations.
[2026-08-19 18:59:45][INFO] SIM_BRIDGE: Initializing eligibility traces for 107786 synapses (capacity: 161679, dtype: float32)...
[2026-08-19 18:59:45][INFO] SIM_BRIDGE: Initializing STDP state for 1200 neurons...
[2026-08-19 18:59:45][INFO] SIM_BRIDGE: Simulation data initialized for 1200 neurons (3D). Synapses: 107786. GPU memory: 0.0GB/9223372036.9GB (0.0%)
[2026-08-19 18:59:45][INFO] SIM_BRIDGE: ⛔ STDP IS INERT: enable_stdp=True but runtime_state.current_time_ms is still 0.0 after 50 steps. _run_one_simulation_step() does NOT advance the clock (only step_simulation() does), so every spike shares one timestamp, delta_t==0 for every pair, and every STDP update is exactly 0.0. FIX: advance it in your loop -- `bridge.runtime_state.current_time_ms += bridge.core_config.dt_ms` after each step.
[2026-08-19 18:59:54][INFO] SIM_BRIDGE: NumPy backend (CPU (NumPy backend), 8589934592.0 GB RAM available)
[2026-08-19 18:59:54][INFO] SIM_BRIDGE: Initializing simulation data for model: IZHIKEVICH (3D)... (playback_init: False)
[2026-08-19 18:59:54][INFO] SIM_BRIDGE: RNG initialized with seed: 42
[2026-08-19 18:59:54][INFO] SIM_BRIDGE: Initializing Izhikevich model specifics for 45856 neurons...
[2026-08-19 18:59:54][INFO] SIM_BRIDGE: Applying parameter heterogeneity to neuron parameters...
[2026-08-19 18:59:54][INFO] SIM_BRIDGE: Applied heterogeneity to 4 parameters.
[2026-08-19 18:59:54][INFO] SIM_BRIDGE: Initializing OU process state (tau=15.0ms, sigma=20.0pA)...
[2026-08-19 18:59:54][INFO] SIM_BRIDGE: Generating 3D neuron positions for 45856 neurons...
[2026-08-19 18:59:54][INFO] SIM_BRIDGE: Generating connections (3D)...
[2026-08-19 18:59:54][INFO] SIM_BRIDGE: Simulation data initialized for 45856 neurons (3D). Synapses: 0. GPU memory: 0.0GB/9223372036.9GB (0.0%)
[2026-08-19 18:59:54][INFO] SIM_BRIDGE: inject_explicit_wiring: installed 720 synapses across 1 populations.
[2026-08-19 19:00:28][INFO] SIM_BRIDGE: NumPy backend (CPU (NumPy backend), 8589934592.0 GB RAM available)
[2026-08-19 19:00:28][INFO] SIM_BRIDGE: Initializing simulation data for model: IZHIKEVICH (3D)... (playback_init: False)
[2026-08-19 19:00:28][INFO] SIM_BRIDGE: Brain-region framework: 2 regions, 1800 total neurons, 3 pathways.
[2026-08-19 19:00:28][INFO] SIM_BRIDGE: RNG initialized with seed: 42
[2026-08-19 19:00:28][INFO] SIM_BRIDGE: Initializing Izhikevich model specifics for 1800 neurons...
[2026-08-19 19:00:28][INFO] SIM_BRIDGE: Applying parameter heterogeneity to neuron parameters...
[2026-08-19 19:00:28][INFO] SIM_BRIDGE: Applied heterogeneity to 4 parameters.
[2026-08-19 19:00:28][INFO] SIM_BRIDGE: Initializing OU process state (tau=15.0ms, sigma=0.0pA)...
[2026-08-19 19:00:28][INFO] SIM_BRIDGE: Generating 3D neuron positions for 1800 neurons...
[2026-08-19 19:00:28][INFO] SIM_BRIDGE: Generating connections (brain-region framework)...
[2026-08-19 19:00:29][INFO] SIM_BRIDGE: inject_explicit_wiring: installed 1619529 synapses across 3 populations.
[2026-08-19 19:00:29][INFO] SIM_BRIDGE: Simulation data initialized for 1800 neurons (3D). Synapses: 1619529. GPU memory: 0.0GB/9223372036.9GB (0.0%)
[2026-08-19 19:00:29][INFO] SIM_BRIDGE: NumPy backend (CPU (NumPy backend), 8589934592.0 GB RAM available)
[2026-08-19 19:00:29][INFO] SIM_BRIDGE: Initializing simulation data for model: IZHIKEVICH (3D)... (playback_init: False)
[2026-08-19 19:00:29][INFO] SIM_BRIDGE: RNG initialized with seed: 42
[2026-08-19 19:00:29][INFO] SIM_BRIDGE: Initializing Izhikevich model specifics for 224 neurons...
[2026-08-19 19:00:29][INFO] SIM_BRIDGE: Applying parameter heterogeneity to neuron parameters...
[2026-08-19 19:00:29][INFO] SIM_BRIDGE: Applied heterogeneity to 4 parameters.
[2026-08-19 19:00:29][INFO] SIM_BRIDGE: Initializing OU process state (tau=15.0ms, sigma=20.0pA)...
[2026-08-19 19:00:29][INFO] SIM_BRIDGE: Generating 3D neuron positions for 224 neurons...
[2026-08-19 19:00:29][INFO] SIM_BRIDGE: Generating connections (3D)...
[2026-08-19 19:00:29][INFO] SIM_BRIDGE: Simulation data initialized for 224 neurons (3D). Synapses: 0. GPU memory: 0.0GB/9223372036.9GB (0.0%)
[2026-08-19 19:00:29][INFO] SIM_BRIDGE: inject_explicit_wiring: installed 4800 synapses across 1 populations.
[2026-08-19 19:01:09][INFO] SIM_BRIDGE: NumPy backend (CPU (NumPy backend), 8589934592.0 GB RAM available)
[2026-08-19 19:01:09][INFO] SIM_BRIDGE: Initializing simulation data for model: IZHIKEVICH (3D)... (playback_init: False)
[2026-08-19 19:01:09][INFO] SIM_BRIDGE: RNG initialized with seed: 42
[2026-08-19 19:01:09][INFO] SIM_BRIDGE: Initializing Izhikevich model specifics for 144 neurons...
[2026-08-19 19:01:09][INFO] SIM_BRIDGE: Applying parameter heterogeneity to neuron parameters...
[2026-08-19 19:01:09][INFO] SIM_BRIDGE: Applied heterogeneity to 4 parameters.
[2026-08-19 19:01:09][INFO] SIM_BRIDGE: Initializing OU process state (tau=15.0ms, sigma=0.0pA)...
[2026-08-19 19:01:09][INFO] SIM_BRIDGE: Generating 3D neuron positions for 144 neurons...
[2026-08-19 19:01:09][INFO] SIM_BRIDGE: Generating connections (3D)...
[2026-08-19 19:01:09][INFO] SIM_BRIDGE: Simulation data initialized for 144 neurons (3D). Synapses: 0. GPU memory: 0.0GB/9223372036.9GB (0.0%)
[2026-08-19 19:01:09][INFO] SIM_BRIDGE: NumPy backend (CPU (NumPy backend), 8589934592.0 GB RAM available)
[2026-08-19 19:01:09][INFO] SIM_BRIDGE: Initializing simulation data for model: IZHIKEVICH (3D)... (playback_init: False)
[2026-08-19 19:01:09][INFO] SIM_BRIDGE: RNG initialized with seed: 42
[2026-08-19 19:01:09][INFO] SIM_BRIDGE: Initializing Izhikevich model specifics for 2 neurons...
[2026-08-19 19:01:09][INFO] SIM_BRIDGE: Applying parameter heterogeneity to neuron parameters...
[2026-08-19 19:01:09][INFO] SIM_BRIDGE: Applied heterogeneity to 4 parameters.
[2026-08-19 19:01:09][INFO] SIM_BRIDGE: Initializing OU process state (tau=15.0ms, sigma=0.0pA)...
[2026-08-19 19:01:09][INFO] SIM_BRIDGE: Generating 3D neuron positions for 2 neurons...
[2026-08-19 19:01:09][INFO] SIM_BRIDGE: Generating connections (3D)...
[2026-08-19 19:01:09][INFO] SIM_BRIDGE: Simulation data initialized for 2 neurons (3D). Synapses: 0. GPU memory: 0.0GB/9223372036.9GB (0.0%)
[2026-08-19 19:01:11][INFO] SIM_BRIDGE: NumPy backend (CPU (NumPy backend), 8589934592.0 GB RAM available)
[2026-08-19 19:01:11][INFO] SIM_BRIDGE: Initializing simulation data for model: IZHIKEVICH (3D)... (playback_init: False)
[2026-08-19 19:01:11][INFO] SIM_BRIDGE: Brain-region framework: 2 regions, 1200 total neurons, 2 pathways.
[2026-08-19 19:01:11][INFO] SIM_BRIDGE: RNG initialized with seed: 42
[2026-08-19 19:01:11][INFO] SIM_BRIDGE: NMDA per-region mask: 2 regions enabled (1200 neurons)
[2026-08-19 19:01:11][INFO] SIM_BRIDGE: Initializing Izhikevich model specifics for 1200 neurons...
[2026-08-19 19:01:11][INFO] SIM_BRIDGE: Region 'cortex_ctx' (600 neurons): using Izh type IZH2007_HIPPO_PYRAMIDAL
[2026-08-19 19:01:11][INFO] SIM_BRIDGE: Region 'dlpfc_wm' (600 neurons): using Izh type IZH2007_HIPPO_PYRAMIDAL
[2026-08-19 19:01:11][INFO] SIM_BRIDGE: Applying parameter heterogeneity to neuron parameters...
[2026-08-19 19:01:11][INFO] SIM_BRIDGE: Applied heterogeneity to 4 parameters.
[2026-08-19 19:01:11][INFO] SIM_BRIDGE: Generating 3D neuron positions for 1200 neurons...
[2026-08-19 19:01:11][INFO] SIM_BRIDGE: Generating connections (brain-region framework)...
[2026-08-19 19:01:11][INFO] SIM_BRIDGE: inject_explicit_wiring: installed 107786 synapses across 4 populations.
[2026-08-19 19:01:11][INFO] SIM_BRIDGE: Initializing eligibility traces for 107786 synapses (capacity: 161679, dtype: float32)...
[2026-08-19 19:01:11][INFO] SIM_BRIDGE: Initializing STDP state for 1200 neurons...
[2026-08-19 19:01:11][INFO] SIM_BRIDGE: Simulation data initialized for 1200 neurons (3D). Synapses: 107786. GPU memory: 0.0GB/9223372036.9GB (0.0%)
[2026-08-19 19:01:12][INFO] SIM_BRIDGE: ⛔ STDP IS INERT: enable_stdp=True but runtime_state.current_time_ms is still 0.0 after 50 steps. _run_one_simulation_step() does NOT advance the clock (only step_simulation() does), so every spike shares one timestamp, delta_t==0 for every pair, and every STDP update is exactly 0.0. FIX: advance it in your loop -- `bridge.runtime_state.current_time_ms += bridge.core_config.dt_ms` after each step.
  [affect-drives-response    ] answer_changed=False meta_present=False -> NO_OBSERVED_EFFECT
      intact : 'The dog chases cat.'
      lesion : 'The dog chases cat.'
[2026-08-19 19:01:20][INFO] SIM_BRIDGE: NumPy backend (CPU (NumPy backend), 8589934592.0 GB RAM available)
[2026-08-19 19:01:20][INFO] SIM_BRIDGE: Initializing simulation data for model: IZHIKEVICH (3D)... (playback_init: False)
[2026-08-19 19:01:20][INFO] SIM_BRIDGE: RNG initialized with seed: 42
[2026-08-19 19:01:20][INFO] SIM_BRIDGE: Initializing Izhikevich model specifics for 45856 neurons...
[2026-08-19 19:01:20][INFO] SIM_BRIDGE: Applying parameter heterogeneity to neuron parameters...
[2026-08-19 19:01:20][INFO] SIM_BRIDGE: Applied heterogeneity to 4 parameters.
[2026-08-19 19:01:20][INFO] SIM_BRIDGE: Initializing OU process state (tau=15.0ms, sigma=20.0pA)...
[2026-08-19 19:01:20][INFO] SIM_BRIDGE: Generating 3D neuron positions for 45856 neurons...
[2026-08-19 19:01:20][INFO] SIM_BRIDGE: Generating connections (3D)...
[2026-08-19 19:01:20][INFO] SIM_BRIDGE: Simulation data initialized for 45856 neurons (3D). Synapses: 0. GPU memory: 0.0GB/9223372036.9GB (0.0%)
[2026-08-19 19:01:20][INFO] SIM_BRIDGE: inject_explicit_wiring: installed 720 synapses across 1 populations.
[2026-08-19 19:01:54][INFO] SIM_BRIDGE: NumPy backend (CPU (NumPy backend), 8589934592.0 GB RAM available)
[2026-08-19 19:01:54][INFO] SIM_BRIDGE: Initializing simulation data for model: IZHIKEVICH (3D)... (playback_init: False)
[2026-08-19 19:01:54][INFO] SIM_BRIDGE: Brain-region framework: 2 regions, 1800 total neurons, 3 pathways.
[2026-08-19 19:01:54][INFO] SIM_BRIDGE: RNG initialized with seed: 42
[2026-08-19 19:01:54][INFO] SIM_BRIDGE: Initializing Izhikevich model specifics for 1800 neurons...
[2026-08-19 19:01:54][INFO] SIM_BRIDGE: Applying parameter heterogeneity to neuron parameters...
[2026-08-19 19:01:54][INFO] SIM_BRIDGE: Applied heterogeneity to 4 parameters.
[2026-08-19 19:01:54][INFO] SIM_BRIDGE: Initializing OU process state (tau=15.0ms, sigma=0.0pA)...
[2026-08-19 19:01:54][INFO] SIM_BRIDGE: Generating 3D neuron positions for 1800 neurons...
[2026-08-19 19:01:54][INFO] SIM_BRIDGE: Generating connections (brain-region framework)...
[2026-08-19 19:01:56][INFO] SIM_BRIDGE: inject_explicit_wiring: installed 1619529 synapses across 3 populations.
[2026-08-19 19:01:56][INFO] SIM_BRIDGE: Simulation data initialized for 1800 neurons (3D). Synapses: 1619529. GPU memory: 0.0GB/9223372036.9GB (0.0%)
[2026-08-19 19:01:56][INFO] SIM_BRIDGE: NumPy backend (CPU (NumPy backend), 8589934592.0 GB RAM available)
[2026-08-19 19:01:56][INFO] SIM_BRIDGE: Initializing simulation data for model: IZHIKEVICH (3D)... (playback_init: False)
[2026-08-19 19:01:56][INFO] SIM_BRIDGE: RNG initialized with seed: 42
[2026-08-19 19:01:56][INFO] SIM_BRIDGE: Initializing Izhikevich model specifics for 224 neurons...
[2026-08-19 19:01:56][INFO] SIM_BRIDGE: Applying parameter heterogeneity to neuron parameters...
[2026-08-19 19:01:56][INFO] SIM_BRIDGE: Applied heterogeneity to 4 parameters.
[2026-08-19 19:01:56][INFO] SIM_BRIDGE: Initializing OU process state (tau=15.0ms, sigma=20.0pA)...
[2026-08-19 19:01:56][INFO] SIM_BRIDGE: Generating 3D neuron positions for 224 neurons...
[2026-08-19 19:01:56][INFO] SIM_BRIDGE: Generating connections (3D)...
[2026-08-19 19:01:56][INFO] SIM_BRIDGE: Simulation data initialized for 224 neurons (3D). Synapses: 0. GPU memory: 0.0GB/9223372036.9GB (0.0%)
[2026-08-19 19:01:56][INFO] SIM_BRIDGE: inject_explicit_wiring: installed 4800 synapses across 1 populations.
[2026-08-19 19:02:34][INFO] SIM_BRIDGE: NumPy backend (CPU (NumPy backend), 8589934592.0 GB RAM available)
[2026-08-19 19:02:34][INFO] SIM_BRIDGE: Initializing simulation data for model: IZHIKEVICH (3D)... (playback_init: False)
[2026-08-19 19:02:34][INFO] SIM_BRIDGE: RNG initialized with seed: 42
[2026-08-19 19:02:34][INFO] SIM_BRIDGE: Initializing Izhikevich model specifics for 144 neurons...
[2026-08-19 19:02:34][INFO] SIM_BRIDGE: Applying parameter heterogeneity to neuron parameters...
[2026-08-19 19:02:34][INFO] SIM_BRIDGE: Applied heterogeneity to 4 parameters.
[2026-08-19 19:02:34][INFO] SIM_BRIDGE: Initializing OU process state (tau=15.0ms, sigma=0.0pA)...
[2026-08-19 19:02:34][INFO] SIM_BRIDGE: Generating 3D neuron positions for 144 neurons...
[2026-08-19 19:02:34][INFO] SIM_BRIDGE: Generating connections (3D)...
[2026-08-19 19:02:34][INFO] SIM_BRIDGE: Simulation data initialized for 144 neurons (3D). Synapses: 0. GPU memory: 0.0GB/9223372036.9GB (0.0%)
[2026-08-19 19:02:34][INFO] SIM_BRIDGE: NumPy backend (CPU (NumPy backend), 8589934592.0 GB RAM available)
[2026-08-19 19:02:34][INFO] SIM_BRIDGE: Initializing simulation data for model: IZHIKEVICH (3D)... (playback_init: False)
[2026-08-19 19:02:34][INFO] SIM_BRIDGE: RNG initialized with seed: 42
[2026-08-19 19:02:34][INFO] SIM_BRIDGE: Initializing Izhikevich model specifics for 2 neurons...
[2026-08-19 19:02:34][INFO] SIM_BRIDGE: Applying parameter heterogeneity to neuron parameters...
[2026-08-19 19:02:34][INFO] SIM_BRIDGE: Applied heterogeneity to 4 parameters.
[2026-08-19 19:02:34][INFO] SIM_BRIDGE: Initializing OU process state (tau=15.0ms, sigma=0.0pA)...
[2026-08-19 19:02:34][INFO] SIM_BRIDGE: Generating 3D neuron positions for 2 neurons...
[2026-08-19 19:02:34][INFO] SIM_BRIDGE: Generating connections (3D)...
[2026-08-19 19:02:34][INFO] SIM_BRIDGE: Simulation data initialized for 2 neurons (3D). Synapses: 0. GPU memory: 0.0GB/9223372036.9GB (0.0%)
[2026-08-19 19:02:40][INFO] SIM_BRIDGE: NumPy backend (CPU (NumPy backend), 8589934592.0 GB RAM available)
[2026-08-19 19:02:40][INFO] SIM_BRIDGE: Initializing simulation data for model: IZHIKEVICH (3D)... (playback_init: False)
[2026-08-19 19:02:40][INFO] SIM_BRIDGE: Brain-region framework: 2 regions, 1200 total neurons, 2 pathways.
[2026-08-19 19:02:40][INFO] SIM_BRIDGE: RNG initialized with seed: 42
[2026-08-19 19:02:40][INFO] SIM_BRIDGE: NMDA per-region mask: 2 regions enabled (1200 neurons)
[2026-08-19 19:02:40][INFO] SIM_BRIDGE: Initializing Izhikevich model specifics for 1200 neurons...
[2026-08-19 19:02:40][INFO] SIM_BRIDGE: Region 'cortex_ctx' (600 neurons): using Izh type IZH2007_HIPPO_PYRAMIDAL
[2026-08-19 19:02:40][INFO] SIM_BRIDGE: Region 'dlpfc_wm' (600 neurons): using Izh type IZH2007_HIPPO_PYRAMIDAL
[2026-08-19 19:02:40][INFO] SIM_BRIDGE: Applying parameter heterogeneity to neuron parameters...
[2026-08-19 19:02:40][INFO] SIM_BRIDGE: Applied heterogeneity to 4 parameters.
[2026-08-19 19:02:40][INFO] SIM_BRIDGE: Generating 3D neuron positions for 1200 neurons...
[2026-08-19 19:02:40][INFO] SIM_BRIDGE: Generating connections (brain-region framework)...
[2026-08-19 19:02:40][INFO] SIM_BRIDGE: inject_explicit_wiring: installed 107786 synapses across 4 populations.
[2026-08-19 19:02:40][INFO] SIM_BRIDGE: Initializing eligibility traces for 107786 synapses (capacity: 161679, dtype: float32)...
[2026-08-19 19:02:40][INFO] SIM_BRIDGE: Initializing STDP state for 1200 neurons...
[2026-08-19 19:02:40][INFO] SIM_BRIDGE: Simulation data initialized for 1200 neurons (3D). Synapses: 107786. GPU memory: 0.0GB/9223372036.9GB (0.0%)
[2026-08-19 19:02:41][INFO] SIM_BRIDGE: ⛔ STDP IS INERT: enable_stdp=True but runtime_state.current_time_ms is still 0.0 after 50 steps. _run_one_simulation_step() does NOT advance the clock (only step_simulation() does), so every spike shares one timestamp, delta_t==0 for every pair, and every STDP update is exactly 0.0. FIX: advance it in your loop -- `bridge.runtime_state.current_time_ms += bridge.core_config.dt_ms` after each step.
[2026-08-19 19:02:49][INFO] SIM_BRIDGE: NumPy backend (CPU (NumPy backend), 8589934592.0 GB RAM available)
[2026-08-19 19:02:49][INFO] SIM_BRIDGE: Initializing simulation data for model: IZHIKEVICH (3D)... (playback_init: False)
[2026-08-19 19:02:49][INFO] SIM_BRIDGE: RNG initialized with seed: 42
[2026-08-19 19:02:49][INFO] SIM_BRIDGE: Initializing Izhikevich model specifics for 45856 neurons...
[2026-08-19 19:02:49][INFO] SIM_BRIDGE: Applying parameter heterogeneity to neuron parameters...
[2026-08-19 19:02:49][INFO] SIM_BRIDGE: Applied heterogeneity to 4 parameters.
[2026-08-19 19:02:49][INFO] SIM_BRIDGE: Initializing OU process state (tau=15.0ms, sigma=20.0pA)...
[2026-08-19 19:02:49][INFO] SIM_BRIDGE: Generating 3D neuron positions for 45856 neurons...
[2026-08-19 19:02:49][INFO] SIM_BRIDGE: Generating connections (3D)...
[2026-08-19 19:02:49][INFO] SIM_BRIDGE: Simulation data initialized for 45856 neurons (3D). Synapses: 0. GPU memory: 0.0GB/9223372036.9GB (0.0%)
[2026-08-19 19:02:49][INFO] SIM_BRIDGE: inject_explicit_wiring: installed 720 synapses across 1 populations.
[2026-08-19 19:03:22][INFO] SIM_BRIDGE: NumPy backend (CPU (NumPy backend), 8589934592.0 GB RAM available)
[2026-08-19 19:03:22][INFO] SIM_BRIDGE: Initializing simulation data for model: IZHIKEVICH (3D)... (playback_init: False)
[2026-08-19 19:03:22][INFO] SIM_BRIDGE: Brain-region framework: 2 regions, 1800 total neurons, 3 pathways.
[2026-08-19 19:03:22][INFO] SIM_BRIDGE: RNG initialized with seed: 42
[2026-08-19 19:03:22][INFO] SIM_BRIDGE: Initializing Izhikevich model specifics for 1800 neurons...
[2026-08-19 19:03:22][INFO] SIM_BRIDGE: Applying parameter heterogeneity to neuron parameters...
[2026-08-19 19:03:22][INFO] SIM_BRIDGE: Applied heterogeneity to 4 parameters.
[2026-08-19 19:03:22][INFO] SIM_BRIDGE: Initializing OU process state (tau=15.0ms, sigma=0.0pA)...
[2026-08-19 19:03:22][INFO] SIM_BRIDGE: Generating 3D neuron positions for 1800 neurons...
[2026-08-19 19:03:22][INFO] SIM_BRIDGE: Generating connections (brain-region framework)...
[2026-08-19 19:03:24][INFO] SIM_BRIDGE: inject_explicit_wiring: installed 1619529 synapses across 3 populations.
[2026-08-19 19:03:24][INFO] SIM_BRIDGE: Simulation data initialized for 1800 neurons (3D). Synapses: 1619529. GPU memory: 0.0GB/9223372036.9GB (0.0%)
[2026-08-19 19:03:24][INFO] SIM_BRIDGE: NumPy backend (CPU (NumPy backend), 8589934592.0 GB RAM available)
[2026-08-19 19:03:24][INFO] SIM_BRIDGE: Initializing simulation data for model: IZHIKEVICH (3D)... (playback_init: False)
[2026-08-19 19:03:24][INFO] SIM_BRIDGE: RNG initialized with seed: 42
[2026-08-19 19:03:24][INFO] SIM_BRIDGE: Initializing Izhikevich model specifics for 224 neurons...
[2026-08-19 19:03:24][INFO] SIM_BRIDGE: Applying parameter heterogeneity to neuron parameters...
[2026-08-19 19:03:24][INFO] SIM_BRIDGE: Applied heterogeneity to 4 parameters.
[2026-08-19 19:03:24][INFO] SIM_BRIDGE: Initializing OU process state (tau=15.0ms, sigma=20.0pA)...
[2026-08-19 19:03:24][INFO] SIM_BRIDGE: Generating 3D neuron positions for 224 neurons...
[2026-08-19 19:03:24][INFO] SIM_BRIDGE: Generating connections (3D)...
[2026-08-19 19:03:24][INFO] SIM_BRIDGE: Simulation data initialized for 224 neurons (3D). Synapses: 0. GPU memory: 0.0GB/9223372036.9GB (0.0%)
[2026-08-19 19:03:24][INFO] SIM_BRIDGE: inject_explicit_wiring: installed 4800 synapses across 1 populations.
[2026-08-19 19:04:02][INFO] SIM_BRIDGE: NumPy backend (CPU (NumPy backend), 8589934592.0 GB RAM available)
[2026-08-19 19:04:02][INFO] SIM_BRIDGE: Initializing simulation data for model: IZHIKEVICH (3D)... (playback_init: False)
[2026-08-19 19:04:02][INFO] SIM_BRIDGE: RNG initialized with seed: 42
[2026-08-19 19:04:02][INFO] SIM_BRIDGE: Initializing Izhikevich model specifics for 144 neurons...
[2026-08-19 19:04:02][INFO] SIM_BRIDGE: Applying parameter heterogeneity to neuron parameters...
[2026-08-19 19:04:02][INFO] SIM_BRIDGE: Applied heterogeneity to 4 parameters.
[2026-08-19 19:04:02][INFO] SIM_BRIDGE: Initializing OU process state (tau=15.0ms, sigma=0.0pA)...
[2026-08-19 19:04:02][INFO] SIM_BRIDGE: Generating 3D neuron positions for 144 neurons...
[2026-08-19 19:04:02][INFO] SIM_BRIDGE: Generating connections (3D)...
[2026-08-19 19:04:02][INFO] SIM_BRIDGE: Simulation data initialized for 144 neurons (3D). Synapses: 0. GPU memory: 0.0GB/9223372036.9GB (0.0%)
[2026-08-19 19:04:02][INFO] SIM_BRIDGE: NumPy backend (CPU (NumPy backend), 8589934592.0 GB RAM available)
[2026-08-19 19:04:02][INFO] SIM_BRIDGE: Initializing simulation data for model: IZHIKEVICH (3D)... (playback_init: False)
[2026-08-19 19:04:02][INFO] SIM_BRIDGE: RNG initialized with seed: 42
[2026-08-19 19:04:02][INFO] SIM_BRIDGE: Initializing Izhikevich model specifics for 2 neurons...
[2026-08-19 19:04:02][INFO] SIM_BRIDGE: Applying parameter heterogeneity to neuron parameters...
[2026-08-19 19:04:02][INFO] SIM_BRIDGE: Applied heterogeneity to 4 parameters.
[2026-08-19 19:04:02][INFO] SIM_BRIDGE: Initializing OU process state (tau=15.0ms, sigma=0.0pA)...
[2026-08-19 19:04:02][INFO] SIM_BRIDGE: Generating 3D neuron positions for 2 neurons...
[2026-08-19 19:04:02][INFO] SIM_BRIDGE: Generating connections (3D)...
[2026-08-19 19:04:02][INFO] SIM_BRIDGE: Simulation data initialized for 2 neurons (3D). Synapses: 0. GPU memory: 0.0GB/9223372036.9GB (0.0%)
[2026-08-19 19:04:08][INFO] SIM_BRIDGE: NumPy backend (CPU (NumPy backend), 8589934592.0 GB RAM available)
[2026-08-19 19:04:08][INFO] SIM_BRIDGE: Initializing simulation data for model: IZHIKEVICH (3D)... (playback_init: False)
[2026-08-19 19:04:08][INFO] SIM_BRIDGE: Brain-region framework: 2 regions, 1200 total neurons, 2 pathways.
[2026-08-19 19:04:08][INFO] SIM_BRIDGE: RNG initialized with seed: 42
[2026-08-19 19:04:08][INFO] SIM_BRIDGE: NMDA per-region mask: 2 regions enabled (1200 neurons)
[2026-08-19 19:04:08][INFO] SIM_BRIDGE: Initializing Izhikevich model specifics for 1200 neurons...
[2026-08-19 19:04:08][INFO] SIM_BRIDGE: Region 'cortex_ctx' (600 neurons): using Izh type IZH2007_HIPPO_PYRAMIDAL
[2026-08-19 19:04:08][INFO] SIM_BRIDGE: Region 'dlpfc_wm' (600 neurons): using Izh type IZH2007_HIPPO_PYRAMIDAL
[2026-08-19 19:04:08][INFO] SIM_BRIDGE: Applying parameter heterogeneity to neuron parameters...
[2026-08-19 19:04:08][INFO] SIM_BRIDGE: Applied heterogeneity to 4 parameters.
[2026-08-19 19:04:08][INFO] SIM_BRIDGE: Generating 3D neuron positions for 1200 neurons...
[2026-08-19 19:04:08][INFO] SIM_BRIDGE: Generating connections (brain-region framework)...
[2026-08-19 19:04:08][INFO] SIM_BRIDGE: inject_explicit_wiring: installed 107786 synapses across 4 populations.
[2026-08-19 19:04:08][INFO] SIM_BRIDGE: Initializing eligibility traces for 107786 synapses (capacity: 161679, dtype: float32)...
[2026-08-19 19:04:08][INFO] SIM_BRIDGE: Initializing STDP state for 1200 neurons...
[2026-08-19 19:04:08][INFO] SIM_BRIDGE: Simulation data initialized for 1200 neurons (3D). Synapses: 107786. GPU memory: 0.0GB/9223372036.9GB (0.0%)
[2026-08-19 19:04:08][INFO] SIM_BRIDGE: ⛔ STDP IS INERT: enable_stdp=True but runtime_state.current_time_ms is still 0.0 after 50 steps. _run_one_simulation_step() does NOT advance the clock (only step_simulation() does), so every spike shares one timestamp, delta_t==0 for every pair, and every STDP update is exactly 0.0. FIX: advance it in your loop -- `bridge.runtime_state.current_time_ms += bridge.core_config.dt_ms` after each step.
  [swap-drives-response      ] answer_changed=False meta_present=False -> NO_OBSERVED_EFFECT
      intact : 'The dog chases cat.'
      lesion : 'The dog chases cat.'
[2026-08-19 19:04:17][INFO] SIM_BRIDGE: NumPy backend (CPU (NumPy backend), 8589934592.0 GB RAM available)
[2026-08-19 19:04:17][INFO] SIM_BRIDGE: Initializing simulation data for model: IZHIKEVICH (3D)... (playback_init: False)
[2026-08-19 19:04:17][INFO] SIM_BRIDGE: RNG initialized with seed: 42
[2026-08-19 19:04:17][INFO] SIM_BRIDGE: Initializing Izhikevich model specifics for 45856 neurons...
[2026-08-19 19:04:17][INFO] SIM_BRIDGE: Applying parameter heterogeneity to neuron parameters...
[2026-08-19 19:04:17][INFO] SIM_BRIDGE: Applied heterogeneity to 4 parameters.
[2026-08-19 19:04:17][INFO] SIM_BRIDGE: Initializing OU process state (tau=15.0ms, sigma=20.0pA)...
[2026-08-19 19:04:17][INFO] SIM_BRIDGE: Generating 3D neuron positions for 45856 neurons...
[2026-08-19 19:04:17][INFO] SIM_BRIDGE: Generating connections (3D)...
[2026-08-19 19:04:17][INFO] SIM_BRIDGE: Simulation data initialized for 45856 neurons (3D). Synapses: 0. GPU memory: 0.0GB/9223372036.9GB (0.0%)
[2026-08-19 19:04:17][INFO] SIM_BRIDGE: inject_explicit_wiring: installed 720 synapses across 1 populations.
[2026-08-19 19:04:50][INFO] SIM_BRIDGE: NumPy backend (CPU (NumPy backend), 8589934592.0 GB RAM available)
[2026-08-19 19:04:50][INFO] SIM_BRIDGE: Initializing simulation data for model: IZHIKEVICH (3D)... (playback_init: False)
[2026-08-19 19:04:50][INFO] SIM_BRIDGE: Brain-region framework: 2 regions, 1800 total neurons, 3 pathways.
[2026-08-19 19:04:50][INFO] SIM_BRIDGE: RNG initialized with seed: 42
[2026-08-19 19:04:50][INFO] SIM_BRIDGE: Initializing Izhikevich model specifics for 1800 neurons...
[2026-08-19 19:04:50][INFO] SIM_BRIDGE: Applying parameter heterogeneity to neuron parameters...
[2026-08-19 19:04:50][INFO] SIM_BRIDGE: Applied heterogeneity to 4 parameters.
[2026-08-19 19:04:50][INFO] SIM_BRIDGE: Initializing OU process state (tau=15.0ms, sigma=0.0pA)...
[2026-08-19 19:04:50][INFO] SIM_BRIDGE: Generating 3D neuron positions for 1800 neurons...
[2026-08-19 19:04:50][INFO] SIM_BRIDGE: Generating connections (brain-region framework)...
[2026-08-19 19:04:52][INFO] SIM_BRIDGE: inject_explicit_wiring: installed 1619529 synapses across 3 populations.
[2026-08-19 19:04:52][INFO] SIM_BRIDGE: Simulation data initialized for 1800 neurons (3D). Synapses: 1619529. GPU memory: 0.0GB/9223372036.9GB (0.0%)
[2026-08-19 19:04:52][INFO] SIM_BRIDGE: NumPy backend (CPU (NumPy backend), 8589934592.0 GB RAM available)
[2026-08-19 19:04:52][INFO] SIM_BRIDGE: Initializing simulation data for model: IZHIKEVICH (3D)... (playback_init: False)
[2026-08-19 19:04:52][INFO] SIM_BRIDGE: RNG initialized with seed: 42
[2026-08-19 19:04:52][INFO] SIM_BRIDGE: Initializing Izhikevich model specifics for 224 neurons...
[2026-08-19 19:04:52][INFO] SIM_BRIDGE: Applying parameter heterogeneity to neuron parameters...
[2026-08-19 19:04:52][INFO] SIM_BRIDGE: Applied heterogeneity to 4 parameters.
[2026-08-19 19:04:52][INFO] SIM_BRIDGE: Initializing OU process state (tau=15.0ms, sigma=20.0pA)...
[2026-08-19 19:04:52][INFO] SIM_BRIDGE: Generating 3D neuron positions for 224 neurons...
[2026-08-19 19:04:52][INFO] SIM_BRIDGE: Generating connections (3D)...
[2026-08-19 19:04:52][INFO] SIM_BRIDGE: Simulation data initialized for 224 neurons (3D). Synapses: 0. GPU memory: 0.0GB/9223372036.9GB (0.0%)
[2026-08-19 19:04:52][INFO] SIM_BRIDGE: inject_explicit_wiring: installed 4800 synapses across 1 populations.
[2026-08-19 19:05:31][INFO] SIM_BRIDGE: NumPy backend (CPU (NumPy backend), 8589934592.0 GB RAM available)
[2026-08-19 19:05:31][INFO] SIM_BRIDGE: Initializing simulation data for model: IZHIKEVICH (3D)... (playback_init: False)
[2026-08-19 19:05:31][INFO] SIM_BRIDGE: RNG initialized with seed: 42
[2026-08-19 19:05:31][INFO] SIM_BRIDGE: Initializing Izhikevich model specifics for 144 neurons...
[2026-08-19 19:05:31][INFO] SIM_BRIDGE: Applying parameter heterogeneity to neuron parameters...
[2026-08-19 19:05:31][INFO] SIM_BRIDGE: Applied heterogeneity to 4 parameters.
[2026-08-19 19:05:31][INFO] SIM_BRIDGE: Initializing OU process state (tau=15.0ms, sigma=0.0pA)...
[2026-08-19 19:05:31][INFO] SIM_BRIDGE: Generating 3D neuron positions for 144 neurons...
[2026-08-19 19:05:31][INFO] SIM_BRIDGE: Generating connections (3D)...
[2026-08-19 19:05:31][INFO] SIM_BRIDGE: Simulation data initialized for 144 neurons (3D). Synapses: 0. GPU memory: 0.0GB/9223372036.9GB (0.0%)
[2026-08-19 19:05:31][INFO] SIM_BRIDGE: NumPy backend (CPU (NumPy backend), 8589934592.0 GB RAM available)
[2026-08-19 19:05:31][INFO] SIM_BRIDGE: Initializing simulation data for model: IZHIKEVICH (3D)... (playback_init: False)
[2026-08-19 19:05:31][INFO] SIM_BRIDGE: RNG initialized with seed: 42
[2026-08-19 19:05:31][INFO] SIM_BRIDGE: Initializing Izhikevich model specifics for 2 neurons...
[2026-08-19 19:05:31][INFO] SIM_BRIDGE: Applying parameter heterogeneity to neuron parameters...
[2026-08-19 19:05:31][INFO] SIM_BRIDGE: Applied heterogeneity to 4 parameters.
[2026-08-19 19:05:31][INFO] SIM_BRIDGE: Initializing OU process state (tau=15.0ms, sigma=0.0pA)...
[2026-08-19 19:05:31][INFO] SIM_BRIDGE: Generating 3D neuron positions for 2 neurons...
[2026-08-19 19:05:31][INFO] SIM_BRIDGE: Generating connections (3D)...
[2026-08-19 19:05:31][INFO] SIM_BRIDGE: Simulation data initialized for 2 neurons (3D). Synapses: 0. GPU memory: 0.0GB/9223372036.9GB (0.0%)
[2026-08-19 19:05:34][INFO] SIM_BRIDGE: NumPy backend (CPU (NumPy backend), 8589934592.0 GB RAM available)
[2026-08-19 19:05:34][INFO] SIM_BRIDGE: Initializing simulation data for model: IZHIKEVICH (3D)... (playback_init: False)
[2026-08-19 19:05:34][INFO] SIM_BRIDGE: Brain-region framework: 2 regions, 1200 total neurons, 2 pathways.
[2026-08-19 19:05:34][INFO] SIM_BRIDGE: RNG initialized with seed: 42
[2026-08-19 19:05:34][INFO] SIM_BRIDGE: NMDA per-region mask: 2 regions enabled (1200 neurons)
[2026-08-19 19:05:34][INFO] SIM_BRIDGE: Initializing Izhikevich model specifics for 1200 neurons...
[2026-08-19 19:05:34][INFO] SIM_BRIDGE: Region 'cortex_ctx' (600 neurons): using Izh type IZH2007_HIPPO_PYRAMIDAL
[2026-08-19 19:05:34][INFO] SIM_BRIDGE: Region 'dlpfc_wm' (600 neurons): using Izh type IZH2007_HIPPO_PYRAMIDAL
[2026-08-19 19:05:34][INFO] SIM_BRIDGE: Applying parameter heterogeneity to neuron parameters...
[2026-08-19 19:05:34][INFO] SIM_BRIDGE: Applied heterogeneity to 4 parameters.
[2026-08-19 19:05:34][INFO] SIM_BRIDGE: Generating 3D neuron positions for 1200 neurons...
[2026-08-19 19:05:34][INFO] SIM_BRIDGE: Generating connections (brain-region framework)...
[2026-08-19 19:05:34][INFO] SIM_BRIDGE: inject_explicit_wiring: installed 107786 synapses across 4 populations.
[2026-08-19 19:05:34][INFO] SIM_BRIDGE: Initializing eligibility traces for 107786 synapses (capacity: 161679, dtype: float32)...
[2026-08-19 19:05:34][INFO] SIM_BRIDGE: Initializing STDP state for 1200 neurons...
[2026-08-19 19:05:34][INFO] SIM_BRIDGE: Simulation data initialized for 1200 neurons (3D). Synapses: 107786. GPU memory: 0.0GB/9223372036.9GB (0.0%)
[2026-08-19 19:05:34][INFO] SIM_BRIDGE: ⛔ STDP IS INERT: enable_stdp=True but runtime_state.current_time_ms is still 0.0 after 50 steps. _run_one_simulation_step() does NOT advance the clock (only step_simulation() does), so every spike shares one timestamp, delta_t==0 for every pair, and every STDP update is exactly 0.0. FIX: advance it in your loop -- `bridge.runtime_state.current_time_ms += bridge.core_config.dt_ms` after each step.
[2026-08-19 19:05:43][INFO] SIM_BRIDGE: NumPy backend (CPU (NumPy backend), 8589934592.0 GB RAM available)
[2026-08-19 19:05:43][INFO] SIM_BRIDGE: Initializing simulation data for model: IZHIKEVICH (3D)... (playback_init: False)
[2026-08-19 19:05:43][INFO] SIM_BRIDGE: RNG initialized with seed: 42
[2026-08-19 19:05:43][INFO] SIM_BRIDGE: Initializing Izhikevich model specifics for 45856 neurons...
[2026-08-19 19:05:43][INFO] SIM_BRIDGE: Applying parameter heterogeneity to neuron parameters...
[2026-08-19 19:05:43][INFO] SIM_BRIDGE: Applied heterogeneity to 4 parameters.
[2026-08-19 19:05:43][INFO] SIM_BRIDGE: Initializing OU process state (tau=15.0ms, sigma=20.0pA)...
[2026-08-19 19:05:43][INFO] SIM_BRIDGE: Generating 3D neuron positions for 45856 neurons...
[2026-08-19 19:05:43][INFO] SIM_BRIDGE: Generating connections (3D)...
[2026-08-19 19:05:43][INFO] SIM_BRIDGE: Simulation data initialized for 45856 neurons (3D). Synapses: 0. GPU memory: 0.0GB/9223372036.9GB (0.0%)
[2026-08-19 19:05:43][INFO] SIM_BRIDGE: inject_explicit_wiring: installed 720 synapses across 1 populations.
[2026-08-19 19:06:17][INFO] SIM_BRIDGE: NumPy backend (CPU (NumPy backend), 8589934592.0 GB RAM available)
[2026-08-19 19:06:17][INFO] SIM_BRIDGE: Initializing simulation data for model: IZHIKEVICH (3D)... (playback_init: False)
[2026-08-19 19:06:17][INFO] SIM_BRIDGE: Brain-region framework: 2 regions, 1800 total neurons, 3 pathways.
[2026-08-19 19:06:17][INFO] SIM_BRIDGE: RNG initialized with seed: 42
[2026-08-19 19:06:17][INFO] SIM_BRIDGE: Initializing Izhikevich model specifics for 1800 neurons...
[2026-08-19 19:06:17][INFO] SIM_BRIDGE: Applying parameter heterogeneity to neuron parameters...
[2026-08-19 19:06:17][INFO] SIM_BRIDGE: Applied heterogeneity to 4 parameters.
[2026-08-19 19:06:17][INFO] SIM_BRIDGE: Initializing OU process state (tau=15.0ms, sigma=0.0pA)...
[2026-08-19 19:06:17][INFO] SIM_BRIDGE: Generating 3D neuron positions for 1800 neurons...
[2026-08-19 19:06:17][INFO] SIM_BRIDGE: Generating connections (brain-region framework)...
[2026-08-19 19:06:19][INFO] SIM_BRIDGE: inject_explicit_wiring: installed 1619529 synapses across 3 populations.
[2026-08-19 19:06:19][INFO] SIM_BRIDGE: Simulation data initialized for 1800 neurons (3D). Synapses: 1619529. GPU memory: 0.0GB/9223372036.9GB (0.0%)
[2026-08-19 19:06:19][INFO] SIM_BRIDGE: NumPy backend (CPU (NumPy backend), 8589934592.0 GB RAM available)
[2026-08-19 19:06:19][INFO] SIM_BRIDGE: Initializing simulation data for model: IZHIKEVICH (3D)... (playback_init: False)
[2026-08-19 19:06:19][INFO] SIM_BRIDGE: RNG initialized with seed: 42
[2026-08-19 19:06:19][INFO] SIM_BRIDGE: Initializing Izhikevich model specifics for 224 neurons...
[2026-08-19 19:06:19][INFO] SIM_BRIDGE: Applying parameter heterogeneity to neuron parameters...
[2026-08-19 19:06:19][INFO] SIM_BRIDGE: Applied heterogeneity to 4 parameters.
[2026-08-19 19:06:19][INFO] SIM_BRIDGE: Initializing OU process state (tau=15.0ms, sigma=20.0pA)...
[2026-08-19 19:06:19][INFO] SIM_BRIDGE: Generating 3D neuron positions for 224 neurons...
[2026-08-19 19:06:19][INFO] SIM_BRIDGE: Generating connections (3D)...
[2026-08-19 19:06:19][INFO] SIM_BRIDGE: Simulation data initialized for 224 neurons (3D). Synapses: 0. GPU memory: 0.0GB/9223372036.9GB (0.0%)
[2026-08-19 19:06:19][INFO] SIM_BRIDGE: inject_explicit_wiring: installed 4800 synapses across 1 populations.
[2026-08-19 19:06:57][INFO] SIM_BRIDGE: NumPy backend (CPU (NumPy backend), 8589934592.0 GB RAM available)
[2026-08-19 19:06:57][INFO] SIM_BRIDGE: Initializing simulation data for model: IZHIKEVICH (3D)... (playback_init: False)
[2026-08-19 19:06:57][INFO] SIM_BRIDGE: RNG initialized with seed: 42
[2026-08-19 19:06:57][INFO] SIM_BRIDGE: Initializing Izhikevich model specifics for 144 neurons...
[2026-08-19 19:06:57][INFO] SIM_BRIDGE: Applying parameter heterogeneity to neuron parameters...
[2026-08-19 19:06:57][INFO] SIM_BRIDGE: Applied heterogeneity to 4 parameters.
[2026-08-19 19:06:57][INFO] SIM_BRIDGE: Initializing OU process state (tau=15.0ms, sigma=0.0pA)...
[2026-08-19 19:06:57][INFO] SIM_BRIDGE: Generating 3D neuron positions for 144 neurons...
[2026-08-19 19:06:57][INFO] SIM_BRIDGE: Generating connections (3D)...
[2026-08-19 19:06:57][INFO] SIM_BRIDGE: Simulation data initialized for 144 neurons (3D). Synapses: 0. GPU memory: 0.0GB/9223372036.9GB (0.0%)
[2026-08-19 19:06:57][INFO] SIM_BRIDGE: NumPy backend (CPU (NumPy backend), 8589934592.0 GB RAM available)
[2026-08-19 19:06:57][INFO] SIM_BRIDGE: Initializing simulation data for model: IZHIKEVICH (3D)... (playback_init: False)
[2026-08-19 19:06:57][INFO] SIM_BRIDGE: RNG initialized with seed: 42
[2026-08-19 19:06:57][INFO] SIM_BRIDGE: Initializing Izhikevich model specifics for 2 neurons...
[2026-08-19 19:06:57][INFO] SIM_BRIDGE: Applying parameter heterogeneity to neuron parameters...
[2026-08-19 19:06:57][INFO] SIM_BRIDGE: Applied heterogeneity to 4 parameters.
[2026-08-19 19:06:57][INFO] SIM_BRIDGE: Initializing OU process state (tau=15.0ms, sigma=0.0pA)...
[2026-08-19 19:06:57][INFO] SIM_BRIDGE: Generating 3D neuron positions for 2 neurons...
[2026-08-19 19:06:57][INFO] SIM_BRIDGE: Generating connections (3D)...
[2026-08-19 19:06:57][INFO] SIM_BRIDGE: Simulation data initialized for 2 neurons (3D). Synapses: 0. GPU memory: 0.0GB/9223372036.9GB (0.0%)
[2026-08-19 19:07:00][INFO] SIM_BRIDGE: NumPy backend (CPU (NumPy backend), 8589934592.0 GB RAM available)
[2026-08-19 19:07:00][INFO] SIM_BRIDGE: Initializing simulation data for model: IZHIKEVICH (3D)... (playback_init: False)
[2026-08-19 19:07:00][INFO] SIM_BRIDGE: Brain-region framework: 2 regions, 1200 total neurons, 2 pathways.
[2026-08-19 19:07:00][INFO] SIM_BRIDGE: RNG initialized with seed: 42
[2026-08-19 19:07:00][INFO] SIM_BRIDGE: NMDA per-region mask: 2 regions enabled (1200 neurons)
[2026-08-19 19:07:00][INFO] SIM_BRIDGE: Initializing Izhikevich model specifics for 1200 neurons...
[2026-08-19 19:07:00][INFO] SIM_BRIDGE: Region 'cortex_ctx' (600 neurons): using Izh type IZH2007_HIPPO_PYRAMIDAL
[2026-08-19 19:07:00][INFO] SIM_BRIDGE: Region 'dlpfc_wm' (600 neurons): using Izh type IZH2007_HIPPO_PYRAMIDAL
[2026-08-19 19:07:00][INFO] SIM_BRIDGE: Applying parameter heterogeneity to neuron parameters...
[2026-08-19 19:07:00][INFO] SIM_BRIDGE: Applied heterogeneity to 4 parameters.
[2026-08-19 19:07:00][INFO] SIM_BRIDGE: Generating 3D neuron positions for 1200 neurons...
[2026-08-19 19:07:00][INFO] SIM_BRIDGE: Generating connections (brain-region framework)...
[2026-08-19 19:07:00][INFO] SIM_BRIDGE: inject_explicit_wiring: installed 107786 synapses across 4 populations.
[2026-08-19 19:07:00][INFO] SIM_BRIDGE: Initializing eligibility traces for 107786 synapses (capacity: 161679, dtype: float32)...
[2026-08-19 19:07:00][INFO] SIM_BRIDGE: Initializing STDP state for 1200 neurons...
[2026-08-19 19:07:00][INFO] SIM_BRIDGE: Simulation data initialized for 1200 neurons (3D). Synapses: 107786. GPU memory: 0.0GB/9223372036.9GB (0.0%)
[2026-08-19 19:07:00][INFO] SIM_BRIDGE: ⛔ STDP IS INERT: enable_stdp=True but runtime_state.current_time_ms is still 0.0 after 50 steps. _run_one_simulation_step() does NOT advance the clock (only step_simulation() does), so every spike shares one timestamp, delta_t==0 for every pair, and every STDP update is exactly 0.0. FIX: advance it in your loop -- `bridge.runtime_state.current_time_ms += bridge.core_config.dt_ms` after each step.
  [da-mode-drives-response   ] answer_changed=False meta_present=False -> NO_OBSERVED_EFFECT
      intact : 'The dog chases cat.'
      lesion : 'The dog chases cat.'
[2026-08-19 19:07:09][INFO] SIM_BRIDGE: NumPy backend (CPU (NumPy backend), 8589934592.0 GB RAM available)
[2026-08-19 19:07:09][INFO] SIM_BRIDGE: Initializing simulation data for model: IZHIKEVICH (3D)... (playback_init: False)
[2026-08-19 19:07:09][INFO] SIM_BRIDGE: RNG initialized with seed: 42
[2026-08-19 19:07:09][INFO] SIM_BRIDGE: Initializing Izhikevich model specifics for 45856 neurons...
[2026-08-19 19:07:09][INFO] SIM_BRIDGE: Applying parameter heterogeneity to neuron parameters...
[2026-08-19 19:07:09][INFO] SIM_BRIDGE: Applied heterogeneity to 4 parameters.
[2026-08-19 19:07:09][INFO] SIM_BRIDGE: Initializing OU process state (tau=15.0ms, sigma=20.0pA)...
[2026-08-19 19:07:09][INFO] SIM_BRIDGE: Generating 3D neuron positions for 45856 neurons...
[2026-08-19 19:07:09][INFO] SIM_BRIDGE: Generating connections (3D)...
[2026-08-19 19:07:09][INFO] SIM_BRIDGE: Simulation data initialized for 45856 neurons (3D). Synapses: 0. GPU memory: 0.0GB/9223372036.9GB (0.0%)
[2026-08-19 19:07:09][INFO] SIM_BRIDGE: inject_explicit_wiring: installed 720 synapses across 1 populations.
[2026-08-19 19:07:43][INFO] SIM_BRIDGE: NumPy backend (CPU (NumPy backend), 8589934592.0 GB RAM available)
[2026-08-19 19:07:43][INFO] SIM_BRIDGE: Initializing simulation data for model: IZHIKEVICH (3D)... (playback_init: False)
[2026-08-19 19:07:43][INFO] SIM_BRIDGE: Brain-region framework: 2 regions, 1800 total neurons, 3 pathways.
[2026-08-19 19:07:43][INFO] SIM_BRIDGE: RNG initialized with seed: 42
[2026-08-19 19:07:43][INFO] SIM_BRIDGE: Initializing Izhikevich model specifics for 1800 neurons...
[2026-08-19 19:07:43][INFO] SIM_BRIDGE: Applying parameter heterogeneity to neuron parameters...
[2026-08-19 19:07:43][INFO] SIM_BRIDGE: Applied heterogeneity to 4 parameters.
[2026-08-19 19:07:43][INFO] SIM_BRIDGE: Initializing OU process state (tau=15.0ms, sigma=0.0pA)...
[2026-08-19 19:07:43][INFO] SIM_BRIDGE: Generating 3D neuron positions for 1800 neurons...
[2026-08-19 19:07:43][INFO] SIM_BRIDGE: Generating connections (brain-region framework)...
[2026-08-19 19:07:45][INFO] SIM_BRIDGE: inject_explicit_wiring: installed 1619529 synapses across 3 populations.
[2026-08-19 19:07:45][INFO] SIM_BRIDGE: Simulation data initialized for 1800 neurons (3D). Synapses: 1619529. GPU memory: 0.0GB/9223372036.9GB (0.0%)
[2026-08-19 19:07:45][INFO] SIM_BRIDGE: NumPy backend (CPU (NumPy backend), 8589934592.0 GB RAM available)
[2026-08-19 19:07:45][INFO] SIM_BRIDGE: Initializing simulation data for model: IZHIKEVICH (3D)... (playback_init: False)
[2026-08-19 19:07:45][INFO] SIM_BRIDGE: RNG initialized with seed: 42
[2026-08-19 19:07:45][INFO] SIM_BRIDGE: Initializing Izhikevich model specifics for 224 neurons...
[2026-08-19 19:07:45][INFO] SIM_BRIDGE: Applying parameter heterogeneity to neuron parameters...
[2026-08-19 19:07:45][INFO] SIM_BRIDGE: Applied heterogeneity to 4 parameters.
[2026-08-19 19:07:45][INFO] SIM_BRIDGE: Initializing OU process state (tau=15.0ms, sigma=20.0pA)...
[2026-08-19 19:07:45][INFO] SIM_BRIDGE: Generating 3D neuron positions for 224 neurons...
[2026-08-19 19:07:45][INFO] SIM_BRIDGE: Generating connections (3D)...
[2026-08-19 19:07:45][INFO] SIM_BRIDGE: Simulation data initialized for 224 neurons (3D). Synapses: 0. GPU memory: 0.0GB/9223372036.9GB (0.0%)
[2026-08-19 19:07:45][INFO] SIM_BRIDGE: inject_explicit_wiring: installed 4800 synapses across 1 populations.
[2026-08-19 19:08:23][INFO] SIM_BRIDGE: NumPy backend (CPU (NumPy backend), 8589934592.0 GB RAM available)
[2026-08-19 19:08:23][INFO] SIM_BRIDGE: Initializing simulation data for model: IZHIKEVICH (3D)... (playback_init: False)
[2026-08-19 19:08:23][INFO] SIM_BRIDGE: RNG initialized with seed: 42
[2026-08-19 19:08:23][INFO] SIM_BRIDGE: Initializing Izhikevich model specifics for 144 neurons...
[2026-08-19 19:08:23][INFO] SIM_BRIDGE: Applying parameter heterogeneity to neuron parameters...
[2026-08-19 19:08:23][INFO] SIM_BRIDGE: Applied heterogeneity to 4 parameters.
[2026-08-19 19:08:23][INFO] SIM_BRIDGE: Initializing OU process state (tau=15.0ms, sigma=0.0pA)...
[2026-08-19 19:08:23][INFO] SIM_BRIDGE: Generating 3D neuron positions for 144 neurons...
[2026-08-19 19:08:23][INFO] SIM_BRIDGE: Generating connections (3D)...
[2026-08-19 19:08:23][INFO] SIM_BRIDGE: Simulation data initialized for 144 neurons (3D). Synapses: 0. GPU memory: 0.0GB/9223372036.9GB (0.0%)
[2026-08-19 19:08:23][INFO] SIM_BRIDGE: NumPy backend (CPU (NumPy backend), 8589934592.0 GB RAM available)
[2026-08-19 19:08:23][INFO] SIM_BRIDGE: Initializing simulation data for model: IZHIKEVICH (3D)... (playback_init: False)
[2026-08-19 19:08:23][INFO] SIM_BRIDGE: RNG initialized with seed: 42
[2026-08-19 19:08:23][INFO] SIM_BRIDGE: Initializing Izhikevich model specifics for 2 neurons...
[2026-08-19 19:08:23][INFO] SIM_BRIDGE: Applying parameter heterogeneity to neuron parameters...
[2026-08-19 19:08:23][INFO] SIM_BRIDGE: Applied heterogeneity to 4 parameters.
[2026-08-19 19:08:23][INFO] SIM_BRIDGE: Initializing OU process state (tau=15.0ms, sigma=0.0pA)...
[2026-08-19 19:08:23][INFO] SIM_BRIDGE: Generating 3D neuron positions for 2 neurons...
[2026-08-19 19:08:23][INFO] SIM_BRIDGE: Generating connections (3D)...
[2026-08-19 19:08:23][INFO] SIM_BRIDGE: Simulation data initialized for 2 neurons (3D). Synapses: 0. GPU memory: 0.0GB/9223372036.9GB (0.0%)
[2026-08-19 19:08:26][INFO] SIM_BRIDGE: NumPy backend (CPU (NumPy backend), 8589934592.0 GB RAM available)
[2026-08-19 19:08:26][INFO] SIM_BRIDGE: Initializing simulation data for model: IZHIKEVICH (3D)... (playback_init: False)
[2026-08-19 19:08:26][INFO] SIM_BRIDGE: Brain-region framework: 2 regions, 1200 total neurons, 2 pathways.
[2026-08-19 19:08:26][INFO] SIM_BRIDGE: RNG initialized with seed: 42
[2026-08-19 19:08:26][INFO] SIM_BRIDGE: NMDA per-region mask: 2 regions enabled (1200 neurons)
[2026-08-19 19:08:26][INFO] SIM_BRIDGE: Initializing Izhikevich model specifics for 1200 neurons...
[2026-08-19 19:08:26][INFO] SIM_BRIDGE: Region 'cortex_ctx' (600 neurons): using Izh type IZH2007_HIPPO_PYRAMIDAL
[2026-08-19 19:08:26][INFO] SIM_BRIDGE: Region 'dlpfc_wm' (600 neurons): using Izh type IZH2007_HIPPO_PYRAMIDAL
[2026-08-19 19:08:26][INFO] SIM_BRIDGE: Applying parameter heterogeneity to neuron parameters...
[2026-08-19 19:08:26][INFO] SIM_BRIDGE: Applied heterogeneity to 4 parameters.
[2026-08-19 19:08:26][INFO] SIM_BRIDGE: Generating 3D neuron positions for 1200 neurons...
[2026-08-19 19:08:26][INFO] SIM_BRIDGE: Generating connections (brain-region framework)...
[2026-08-19 19:08:26][INFO] SIM_BRIDGE: inject_explicit_wiring: installed 107786 synapses across 4 populations.
[2026-08-19 19:08:26][INFO] SIM_BRIDGE: Initializing eligibility traces for 107786 synapses (capacity: 161679, dtype: float32)...
[2026-08-19 19:08:26][INFO] SIM_BRIDGE: Initializing STDP state for 1200 neurons...
[2026-08-19 19:08:26][INFO] SIM_BRIDGE: Simulation data initialized for 1200 neurons (3D). Synapses: 107786. GPU memory: 0.0GB/9223372036.9GB (0.0%)
[2026-08-19 19:08:26][INFO] SIM_BRIDGE: ⛔ STDP IS INERT: enable_stdp=True but runtime_state.current_time_ms is still 0.0 after 50 steps. _run_one_simulation_step() does NOT advance the clock (only step_simulation() does), so every spike shares one timestamp, delta_t==0 for every pair, and every STDP update is exactly 0.0. FIX: advance it in your loop -- `bridge.runtime_state.current_time_ms += bridge.core_config.dt_ms` after each step.
[2026-08-19 19:08:35][INFO] SIM_BRIDGE: NumPy backend (CPU (NumPy backend), 8589934592.0 GB RAM available)
[2026-08-19 19:08:35][INFO] SIM_BRIDGE: Initializing simulation data for model: IZHIKEVICH (3D)... (playback_init: False)
[2026-08-19 19:08:35][INFO] SIM_BRIDGE: RNG initialized with seed: 42
[2026-08-19 19:08:35][INFO] SIM_BRIDGE: Initializing Izhikevich model specifics for 45856 neurons...
[2026-08-19 19:08:35][INFO] SIM_BRIDGE: Applying parameter heterogeneity to neuron parameters...
[2026-08-19 19:08:35][INFO] SIM_BRIDGE: Applied heterogeneity to 4 parameters.
[2026-08-19 19:08:35][INFO] SIM_BRIDGE: Initializing OU process state (tau=15.0ms, sigma=20.0pA)...
[2026-08-19 19:08:35][INFO] SIM_BRIDGE: Generating 3D neuron positions for 45856 neurons...
[2026-08-19 19:08:35][INFO] SIM_BRIDGE: Generating connections (3D)...
[2026-08-19 19:08:35][INFO] SIM_BRIDGE: Simulation data initialized for 45856 neurons (3D). Synapses: 0. GPU memory: 0.0GB/9223372036.9GB (0.0%)
[2026-08-19 19:08:35][INFO] SIM_BRIDGE: inject_explicit_wiring: installed 720 synapses across 1 populations.
[2026-08-19 19:09:09][INFO] SIM_BRIDGE: NumPy backend (CPU (NumPy backend), 8589934592.0 GB RAM available)
[2026-08-19 19:09:09][INFO] SIM_BRIDGE: Initializing simulation data for model: IZHIKEVICH (3D)... (playback_init: False)
[2026-08-19 19:09:09][INFO] SIM_BRIDGE: Brain-region framework: 2 regions, 1800 total neurons, 3 pathways.
[2026-08-19 19:09:09][INFO] SIM_BRIDGE: RNG initialized with seed: 42
[2026-08-19 19:09:09][INFO] SIM_BRIDGE: Initializing Izhikevich model specifics for 1800 neurons...
[2026-08-19 19:09:09][INFO] SIM_BRIDGE: Applying parameter heterogeneity to neuron parameters...
[2026-08-19 19:09:09][INFO] SIM_BRIDGE: Applied heterogeneity to 4 parameters.
[2026-08-19 19:09:09][INFO] SIM_BRIDGE: Initializing OU process state (tau=15.0ms, sigma=0.0pA)...
[2026-08-19 19:09:09][INFO] SIM_BRIDGE: Generating 3D neuron positions for 1800 neurons...
[2026-08-19 19:09:09][INFO] SIM_BRIDGE: Generating connections (brain-region framework)...
[2026-08-19 19:09:10][INFO] SIM_BRIDGE: inject_explicit_wiring: installed 1619529 synapses across 3 populations.
[2026-08-19 19:09:10][INFO] SIM_BRIDGE: Simulation data initialized for 1800 neurons (3D). Synapses: 1619529. GPU memory: 0.0GB/9223372036.9GB (0.0%)
[2026-08-19 19:09:10][INFO] SIM_BRIDGE: NumPy backend (CPU (NumPy backend), 8589934592.0 GB RAM available)
[2026-08-19 19:09:10][INFO] SIM_BRIDGE: Initializing simulation data for model: IZHIKEVICH (3D)... (playback_init: False)
[2026-08-19 19:09:10][INFO] SIM_BRIDGE: RNG initialized with seed: 42
[2026-08-19 19:09:10][INFO] SIM_BRIDGE: Initializing Izhikevich model specifics for 224 neurons...
[2026-08-19 19:09:10][INFO] SIM_BRIDGE: Applying parameter heterogeneity to neuron parameters...
[2026-08-19 19:09:10][INFO] SIM_BRIDGE: Applied heterogeneity to 4 parameters.
[2026-08-19 19:09:10][INFO] SIM_BRIDGE: Initializing OU process state (tau=15.0ms, sigma=20.0pA)...
[2026-08-19 19:09:10][INFO] SIM_BRIDGE: Generating 3D neuron positions for 224 neurons...
[2026-08-19 19:09:10][INFO] SIM_BRIDGE: Generating connections (3D)...
[2026-08-19 19:09:10][INFO] SIM_BRIDGE: Simulation data initialized for 224 neurons (3D). Synapses: 0. GPU memory: 0.0GB/9223372036.9GB (0.0%)
[2026-08-19 19:09:10][INFO] SIM_BRIDGE: inject_explicit_wiring: installed 4800 synapses across 1 populations.
[2026-08-19 19:09:49][INFO] SIM_BRIDGE: NumPy backend (CPU (NumPy backend), 8589934592.0 GB RAM available)
[2026-08-19 19:09:49][INFO] SIM_BRIDGE: Initializing simulation data for model: IZHIKEVICH (3D)... (playback_init: False)
[2026-08-19 19:09:49][INFO] SIM_BRIDGE: RNG initialized with seed: 42
[2026-08-19 19:09:49][INFO] SIM_BRIDGE: Initializing Izhikevich model specifics for 144 neurons...
[2026-08-19 19:09:49][INFO] SIM_BRIDGE: Applying parameter heterogeneity to neuron parameters...
[2026-08-19 19:09:49][INFO] SIM_BRIDGE: Applied heterogeneity to 4 parameters.
[2026-08-19 19:09:49][INFO] SIM_BRIDGE: Initializing OU process state (tau=15.0ms, sigma=0.0pA)...
[2026-08-19 19:09:49][INFO] SIM_BRIDGE: Generating 3D neuron positions for 144 neurons...
[2026-08-19 19:09:49][INFO] SIM_BRIDGE: Generating connections (3D)...
[2026-08-19 19:09:49][INFO] SIM_BRIDGE: Simulation data initialized for 144 neurons (3D). Synapses: 0. GPU memory: 0.0GB/9223372036.9GB (0.0%)
[2026-08-19 19:09:49][INFO] SIM_BRIDGE: NumPy backend (CPU (NumPy backend), 8589934592.0 GB RAM available)
[2026-08-19 19:09:49][INFO] SIM_BRIDGE: Initializing simulation data for model: IZHIKEVICH (3D)... (playback_init: False)
[2026-08-19 19:09:49][INFO] SIM_BRIDGE: RNG initialized with seed: 42
[2026-08-19 19:09:49][INFO] SIM_BRIDGE: Initializing Izhikevich model specifics for 2 neurons...
[2026-08-19 19:09:49][INFO] SIM_BRIDGE: Applying parameter heterogeneity to neuron parameters...
[2026-08-19 19:09:49][INFO] SIM_BRIDGE: Applied heterogeneity to 4 parameters.
[2026-08-19 19:09:49][INFO] SIM_BRIDGE: Initializing OU process state (tau=15.0ms, sigma=0.0pA)...
[2026-08-19 19:09:49][INFO] SIM_BRIDGE: Generating 3D neuron positions for 2 neurons...
[2026-08-19 19:09:49][INFO] SIM_BRIDGE: Generating connections (3D)...
[2026-08-19 19:09:49][INFO] SIM_BRIDGE: Simulation data initialized for 2 neurons (3D). Synapses: 0. GPU memory: 0.0GB/9223372036.9GB (0.0%)
[2026-08-19 19:09:52][INFO] SIM_BRIDGE: NumPy backend (CPU (NumPy backend), 8589934592.0 GB RAM available)
[2026-08-19 19:09:52][INFO] SIM_BRIDGE: Initializing simulation data for model: IZHIKEVICH (3D)... (playback_init: False)
[2026-08-19 19:09:52][INFO] SIM_BRIDGE: Brain-region framework: 2 regions, 390 total neurons, 2 pathways.
[2026-08-19 19:09:52][INFO] SIM_BRIDGE: RNG initialized with seed: 42
[2026-08-19 19:09:52][INFO] SIM_BRIDGE: NMDA per-region mask: 1 regions enabled (340 neurons)
[2026-08-19 19:09:52][INFO] SIM_BRIDGE: Initializing Izhikevich model specifics for 390 neurons...
[2026-08-19 19:09:52][INFO] SIM_BRIDGE: Generating 3D neuron positions for 390 neurons...
[2026-08-19 19:09:52][INFO] SIM_BRIDGE: Generating connections (brain-region framework)...
[2026-08-19 19:09:52][INFO] SIM_BRIDGE: inject_explicit_wiring: installed 17011 synapses across 2 populations.
[2026-08-19 19:09:52][INFO] SIM_BRIDGE: Simulation data initialized for 390 neurons (3D). Synapses: 17011. GPU memory: 0.0GB/9223372036.9GB (0.0%)
[2026-08-19 19:09:52][INFO] SIM_BRIDGE: inject_explicit_wiring: installed 42291 synapses across 6 populations.
  [gnw-bus-shadow            ] answer_changed=True  meta_present=True  -> DRIVER
      intact : 'The dog chases cat.'
      lesion : "I don't know about that."
[2026-08-19 19:10:00][INFO] SIM_BRIDGE: NumPy backend (CPU (NumPy backend), 8589934592.0 GB RAM available)
[2026-08-19 19:10:00][INFO] SIM_BRIDGE: Initializing simulation data for model: IZHIKEVICH (3D)... (playback_init: False)
[2026-08-19 19:10:00][INFO] SIM_BRIDGE: RNG initialized with seed: 42
[2026-08-19 19:10:00][INFO] SIM_BRIDGE: Initializing Izhikevich model specifics for 45856 neurons...
[2026-08-19 19:10:00][INFO] SIM_BRIDGE: Applying parameter heterogeneity to neuron parameters...
[2026-08-19 19:10:00][INFO] SIM_BRIDGE: Applied heterogeneity to 4 parameters.
[2026-08-19 19:10:00][INFO] SIM_BRIDGE: Initializing OU process state (tau=15.0ms, sigma=20.0pA)...
[2026-08-19 19:10:00][INFO] SIM_BRIDGE: Generating 3D neuron positions for 45856 neurons...
[2026-08-19 19:10:00][INFO] SIM_BRIDGE: Generating connections (3D)...
[2026-08-19 19:10:00][INFO] SIM_BRIDGE: Simulation data initialized for 45856 neurons (3D). Synapses: 0. GPU memory: 0.0GB/9223372036.9GB (0.0%)
[2026-08-19 19:10:00][INFO] SIM_BRIDGE: inject_explicit_wiring: installed 720 synapses across 1 populations.
[2026-08-19 19:10:34][INFO] SIM_BRIDGE: NumPy backend (CPU (NumPy backend), 8589934592.0 GB RAM available)
[2026-08-19 19:10:34][INFO] SIM_BRIDGE: Initializing simulation data for model: IZHIKEVICH (3D)... (playback_init: False)
[2026-08-19 19:10:34][INFO] SIM_BRIDGE: Brain-region framework: 2 regions, 1800 total neurons, 3 pathways.
[2026-08-19 19:10:34][INFO] SIM_BRIDGE: RNG initialized with seed: 42
[2026-08-19 19:10:34][INFO] SIM_BRIDGE: Initializing Izhikevich model specifics for 1800 neurons...
[2026-08-19 19:10:34][INFO] SIM_BRIDGE: Applying parameter heterogeneity to neuron parameters...
[2026-08-19 19:10:34][INFO] SIM_BRIDGE: Applied heterogeneity to 4 parameters.
[2026-08-19 19:10:34][INFO] SIM_BRIDGE: Initializing OU process state (tau=15.0ms, sigma=0.0pA)...
[2026-08-19 19:10:34][INFO] SIM_BRIDGE: Generating 3D neuron positions for 1800 neurons...
[2026-08-19 19:10:34][INFO] SIM_BRIDGE: Generating connections (brain-region framework)...
[2026-08-19 19:10:35][INFO] SIM_BRIDGE: inject_explicit_wiring: installed 1619529 synapses across 3 populations.
[2026-08-19 19:10:35][INFO] SIM_BRIDGE: Simulation data initialized for 1800 neurons (3D). Synapses: 1619529. GPU memory: 0.0GB/9223372036.9GB (0.0%)
[2026-08-19 19:10:35][INFO] SIM_BRIDGE: NumPy backend (CPU (NumPy backend), 8589934592.0 GB RAM available)
[2026-08-19 19:10:35][INFO] SIM_BRIDGE: Initializing simulation data for model: IZHIKEVICH (3D)... (playback_init: False)
[2026-08-19 19:10:35][INFO] SIM_BRIDGE: RNG initialized with seed: 42
[2026-08-19 19:10:35][INFO] SIM_BRIDGE: Initializing Izhikevich model specifics for 224 neurons...
[2026-08-19 19:10:35][INFO] SIM_BRIDGE: Applying parameter heterogeneity to neuron parameters...
[2026-08-19 19:10:35][INFO] SIM_BRIDGE: Applied heterogeneity to 4 parameters.
[2026-08-19 19:10:35][INFO] SIM_BRIDGE: Initializing OU process state (tau=15.0ms, sigma=20.0pA)...
[2026-08-19 19:10:35][INFO] SIM_BRIDGE: Generating 3D neuron positions for 224 neurons...
[2026-08-19 19:10:35][INFO] SIM_BRIDGE: Generating connections (3D)...
[2026-08-19 19:10:35][INFO] SIM_BRIDGE: Simulation data initialized for 224 neurons (3D). Synapses: 0. GPU memory: 0.0GB/9223372036.9GB (0.0%)
[2026-08-19 19:10:35][INFO] SIM_BRIDGE: inject_explicit_wiring: installed 4800 synapses across 1 populations.
[2026-08-19 19:11:14][INFO] SIM_BRIDGE: NumPy backend (CPU (NumPy backend), 8589934592.0 GB RAM available)
[2026-08-19 19:11:14][INFO] SIM_BRIDGE: Initializing simulation data for model: IZHIKEVICH (3D)... (playback_init: False)
[2026-08-19 19:11:14][INFO] SIM_BRIDGE: RNG initialized with seed: 42
[2026-08-19 19:11:14][INFO] SIM_BRIDGE: Initializing Izhikevich model specifics for 14044 neurons...
[2026-08-19 19:11:14][INFO] SIM_BRIDGE: Applying parameter heterogeneity to neuron parameters...
[2026-08-19 19:11:14][INFO] SIM_BRIDGE: Applied heterogeneity to 4 parameters.
[2026-08-19 19:11:14][INFO] SIM_BRIDGE: Initializing OU process state (tau=15.0ms, sigma=20.0pA)...
[2026-08-19 19:11:14][INFO] SIM_BRIDGE: Generating 3D neuron positions for 14044 neurons...
[2026-08-19 19:11:14][INFO] SIM_BRIDGE: Generating connections (3D)...
[2026-08-19 19:11:14][INFO] SIM_BRIDGE: Simulation data initialized for 14044 neurons (3D). Synapses: 0. GPU memory: 0.0GB/9223372036.9GB (0.0%)
[2026-08-19 19:11:14][INFO] SIM_BRIDGE: inject_explicit_wiring: installed 720 synapses across 1 populations.
[2026-08-19 19:11:25][INFO] SIM_BRIDGE: NumPy backend (CPU (NumPy backend), 8589934592.0 GB RAM available)
[2026-08-19 19:11:25][INFO] SIM_BRIDGE: Initializing simulation data for model: IZHIKEVICH (3D)... (playback_init: False)
[2026-08-19 19:11:25][INFO] SIM_BRIDGE: RNG initialized with seed: 42
[2026-08-19 19:11:25][INFO] SIM_BRIDGE: Initializing Izhikevich model specifics for 12 neurons...
[2026-08-19 19:11:25][INFO] SIM_BRIDGE: Applying parameter heterogeneity to neuron parameters...
[2026-08-19 19:11:25][INFO] SIM_BRIDGE: Applied heterogeneity to 4 parameters.
[2026-08-19 19:11:25][INFO] SIM_BRIDGE: Initializing OU process state (tau=15.0ms, sigma=0.0pA)...
[2026-08-19 19:11:25][INFO] SIM_BRIDGE: Generating 3D neuron positions for 12 neurons...
[2026-08-19 19:11:25][INFO] SIM_BRIDGE: Generating connections (3D)...
[2026-08-19 19:11:25][INFO] SIM_BRIDGE: Simulation data initialized for 12 neurons (3D). Synapses: 0. GPU memory: 0.0GB/9223372036.9GB (0.0%)
[2026-08-19 19:11:25][INFO] SIM_BRIDGE: NumPy backend (CPU (NumPy backend), 8589934592.0 GB RAM available)
[2026-08-19 19:11:25][INFO] SIM_BRIDGE: Initializing simulation data for model: IZHIKEVICH (3D)... (playback_init: False)
[2026-08-19 19:11:25][INFO] SIM_BRIDGE: RNG initialized with seed: 42
[2026-08-19 19:11:25][INFO] SIM_BRIDGE: Initializing Izhikevich model specifics for 2 neurons...
[2026-08-19 19:11:25][INFO] SIM_BRIDGE: Applying parameter heterogeneity to neuron parameters...
[2026-08-19 19:11:25][INFO] SIM_BRIDGE: Applied heterogeneity to 4 parameters.
[2026-08-19 19:11:25][INFO] SIM_BRIDGE: Initializing OU process state (tau=15.0ms, sigma=0.0pA)...
[2026-08-19 19:11:25][INFO] SIM_BRIDGE: Generating 3D neuron positions for 2 neurons...
[2026-08-19 19:11:25][INFO] SIM_BRIDGE: Generating connections (3D)...
[2026-08-19 19:11:25][INFO] SIM_BRIDGE: Simulation data initialized for 2 neurons (3D). Synapses: 0. GPU memory: 0.0GB/9223372036.9GB (0.0%)
[2026-08-19 19:11:26][INFO] SIM_BRIDGE: NumPy backend (CPU (NumPy backend), 8589934592.0 GB RAM available)
[2026-08-19 19:11:26][INFO] SIM_BRIDGE: Initializing simulation data for model: IZHIKEVICH (3D)... (playback_init: False)
[2026-08-19 19:11:26][INFO] SIM_BRIDGE: Brain-region framework: 5 regions, 370 total neurons, 3 pathways.
[2026-08-19 19:11:26][INFO] SIM_BRIDGE: RNG initialized with seed: 42
[2026-08-19 19:11:26][INFO] SIM_BRIDGE: Initializing Izhikevich model specifics for 370 neurons...
[2026-08-19 19:11:26][INFO] SIM_BRIDGE: Region 'cue' (160 neurons): using Izh type IZH2007_RS_CORTICAL_PYRAMIDAL
[2026-08-19 19:11:26][INFO] SIM_BRIDGE: Region 'striosome_value' (60 neurons): using Izh type IZH2007_STRIATAL_MSN_D1
[2026-08-19 19:11:26][INFO] SIM_BRIDGE: Region 'reward_us' (40 neurons): using Izh type IZH2007_RS_CORTICAL_PYRAMIDAL
[2026-08-19 19:11:26][INFO] SIM_BRIDGE: Region 'snc' (30 neurons): using Izh type IZH2007_RS_CORTICAL_PYRAMIDAL
[2026-08-19 19:11:26][INFO] SIM_BRIDGE: Region 'ask' (80 neurons): using Izh type IZH2007_RS_CORTICAL_PYRAMIDAL
[2026-08-19 19:11:26][INFO] SIM_BRIDGE: Applying parameter heterogeneity to neuron parameters...
[2026-08-19 19:11:26][INFO] SIM_BRIDGE: Applied heterogeneity to 4 parameters.
[2026-08-19 19:11:26][INFO] SIM_BRIDGE: Initializing OU process state (tau=15.0ms, sigma=100.0pA)...
[2026-08-19 19:11:26][INFO] SIM_BRIDGE: Generating 3D neuron positions for 370 neurons...
[2026-08-19 19:11:26][INFO] SIM_BRIDGE: Generating connections (brain-region framework)...
[2026-08-19 19:11:26][INFO] SIM_BRIDGE: inject_explicit_wiring: installed 7386 synapses across 3 populations.
[2026-08-19 19:11:26][INFO] SIM_BRIDGE: Initializing eligibility traces for 7386 synapses (capacity: 11079, dtype: float32)...
[2026-08-19 19:11:26][INFO] SIM_BRIDGE: Initialized neuromodulator subsystem with 1 modulators: ['curiosity']
[2026-08-19 19:11:26][INFO] SIM_BRIDGE: Initializing STDP state for 370 neurons...
[2026-08-19 19:11:26][INFO] SIM_BRIDGE: Simulation data initialized for 370 neurons (3D). Synapses: 7386. GPU memory: 0.0GB/9223372036.9GB (0.0%)
[2026-08-19 19:11:34][INFO] SIM_BRIDGE: NumPy backend (CPU (NumPy backend), 8589934592.0 GB RAM available)
[2026-08-19 19:11:34][INFO] SIM_BRIDGE: Initializing simulation data for model: IZHIKEVICH (3D)... (playback_init: False)
[2026-08-19 19:11:34][INFO] SIM_BRIDGE: RNG initialized with seed: 42
[2026-08-19 19:11:34][INFO] SIM_BRIDGE: Initializing Izhikevich model specifics for 45856 neurons...
[2026-08-19 19:11:34][INFO] SIM_BRIDGE: Applying parameter heterogeneity to neuron parameters...
[2026-08-19 19:11:34][INFO] SIM_BRIDGE: Applied heterogeneity to 4 parameters.
[2026-08-19 19:11:34][INFO] SIM_BRIDGE: Initializing OU process state (tau=15.0ms, sigma=20.0pA)...
[2026-08-19 19:11:34][INFO] SIM_BRIDGE: Generating 3D neuron positions for 45856 neurons...
[2026-08-19 19:11:34][INFO] SIM_BRIDGE: Generating connections (3D)...
[2026-08-19 19:11:34][INFO] SIM_BRIDGE: Simulation data initialized for 45856 neurons (3D). Synapses: 0. GPU memory: 0.0GB/9223372036.9GB (0.0%)
[2026-08-19 19:11:34][INFO] SIM_BRIDGE: inject_explicit_wiring: installed 720 synapses across 1 populations.
[2026-08-19 19:12:08][INFO] SIM_BRIDGE: NumPy backend (CPU (NumPy backend), 8589934592.0 GB RAM available)
[2026-08-19 19:12:08][INFO] SIM_BRIDGE: Initializing simulation data for model: IZHIKEVICH (3D)... (playback_init: False)
[2026-08-19 19:12:08][INFO] SIM_BRIDGE: Brain-region framework: 2 regions, 1800 total neurons, 3 pathways.
[2026-08-19 19:12:08][INFO] SIM_BRIDGE: RNG initialized with seed: 42
[2026-08-19 19:12:08][INFO] SIM_BRIDGE: Initializing Izhikevich model specifics for 1800 neurons...
[2026-08-19 19:12:08][INFO] SIM_BRIDGE: Applying parameter heterogeneity to neuron parameters...
[2026-08-19 19:12:08][INFO] SIM_BRIDGE: Applied heterogeneity to 4 parameters.
[2026-08-19 19:12:08][INFO] SIM_BRIDGE: Initializing OU process state (tau=15.0ms, sigma=0.0pA)...
[2026-08-19 19:12:08][INFO] SIM_BRIDGE: Generating 3D neuron positions for 1800 neurons...
[2026-08-19 19:12:08][INFO] SIM_BRIDGE: Generating connections (brain-region framework)...
[2026-08-19 19:12:10][INFO] SIM_BRIDGE: inject_explicit_wiring: installed 1619529 synapses across 3 populations.
[2026-08-19 19:12:10][INFO] SIM_BRIDGE: Simulation data initialized for 1800 neurons (3D). Synapses: 1619529. GPU memory: 0.0GB/9223372036.9GB (0.0%)
[2026-08-19 19:12:10][INFO] SIM_BRIDGE: NumPy backend (CPU (NumPy backend), 8589934592.0 GB RAM available)
[2026-08-19 19:12:10][INFO] SIM_BRIDGE: Initializing simulation data for model: IZHIKEVICH (3D)... (playback_init: False)
[2026-08-19 19:12:10][INFO] SIM_BRIDGE: RNG initialized with seed: 42
[2026-08-19 19:12:10][INFO] SIM_BRIDGE: Initializing Izhikevich model specifics for 224 neurons...
[2026-08-19 19:12:10][INFO] SIM_BRIDGE: Applying parameter heterogeneity to neuron parameters...
[2026-08-19 19:12:10][INFO] SIM_BRIDGE: Applied heterogeneity to 4 parameters.
[2026-08-19 19:12:10][INFO] SIM_BRIDGE: Initializing OU process state (tau=15.0ms, sigma=20.0pA)...
[2026-08-19 19:12:10][INFO] SIM_BRIDGE: Generating 3D neuron positions for 224 neurons...
[2026-08-19 19:12:10][INFO] SIM_BRIDGE: Generating connections (3D)...
[2026-08-19 19:12:10][INFO] SIM_BRIDGE: Simulation data initialized for 224 neurons (3D). Synapses: 0. GPU memory: 0.0GB/9223372036.9GB (0.0%)
[2026-08-19 19:12:10][INFO] SIM_BRIDGE: inject_explicit_wiring: installed 4800 synapses across 1 populations.
[2026-08-19 19:12:48][INFO] SIM_BRIDGE: NumPy backend (CPU (NumPy backend), 8589934592.0 GB RAM available)
[2026-08-19 19:12:48][INFO] SIM_BRIDGE: Initializing simulation data for model: IZHIKEVICH (3D)... (playback_init: False)
[2026-08-19 19:12:48][INFO] SIM_BRIDGE: RNG initialized with seed: 42
[2026-08-19 19:12:48][INFO] SIM_BRIDGE: Initializing Izhikevich model specifics for 14044 neurons...
[2026-08-19 19:12:48][INFO] SIM_BRIDGE: Applying parameter heterogeneity to neuron parameters...
[2026-08-19 19:12:48][INFO] SIM_BRIDGE: Applied heterogeneity to 4 parameters.
[2026-08-19 19:12:48][INFO] SIM_BRIDGE: Initializing OU process state (tau=15.0ms, sigma=20.0pA)...
[2026-08-19 19:12:48][INFO] SIM_BRIDGE: Generating 3D neuron positions for 14044 neurons...
[2026-08-19 19:12:48][INFO] SIM_BRIDGE: Generating connections (3D)...
[2026-08-19 19:12:48][INFO] SIM_BRIDGE: Simulation data initialized for 14044 neurons (3D). Synapses: 0. GPU memory: 0.0GB/9223372036.9GB (0.0%)
[2026-08-19 19:12:48][INFO] SIM_BRIDGE: inject_explicit_wiring: installed 720 synapses across 1 populations.
[2026-08-19 19:13:00][INFO] SIM_BRIDGE: NumPy backend (CPU (NumPy backend), 8589934592.0 GB RAM available)
[2026-08-19 19:13:00][INFO] SIM_BRIDGE: Initializing simulation data for model: IZHIKEVICH (3D)... (playback_init: False)
[2026-08-19 19:13:00][INFO] SIM_BRIDGE: RNG initialized with seed: 42
[2026-08-19 19:13:00][INFO] SIM_BRIDGE: Initializing Izhikevich model specifics for 12 neurons...
[2026-08-19 19:13:00][INFO] SIM_BRIDGE: Applying parameter heterogeneity to neuron parameters...
[2026-08-19 19:13:00][INFO] SIM_BRIDGE: Applied heterogeneity to 4 parameters.
[2026-08-19 19:13:00][INFO] SIM_BRIDGE: Initializing OU process state (tau=15.0ms, sigma=0.0pA)...
[2026-08-19 19:13:00][INFO] SIM_BRIDGE: Generating 3D neuron positions for 12 neurons...
[2026-08-19 19:13:00][INFO] SIM_BRIDGE: Generating connections (3D)...
[2026-08-19 19:13:00][INFO] SIM_BRIDGE: Simulation data initialized for 12 neurons (3D). Synapses: 0. GPU memory: 0.0GB/9223372036.9GB (0.0%)
[2026-08-19 19:13:00][INFO] SIM_BRIDGE: NumPy backend (CPU (NumPy backend), 8589934592.0 GB RAM available)
[2026-08-19 19:13:00][INFO] SIM_BRIDGE: Initializing simulation data for model: IZHIKEVICH (3D)... (playback_init: False)
[2026-08-19 19:13:00][INFO] SIM_BRIDGE: RNG initialized with seed: 42
[2026-08-19 19:13:00][INFO] SIM_BRIDGE: Initializing Izhikevich model specifics for 2 neurons...
[2026-08-19 19:13:00][INFO] SIM_BRIDGE: Applying parameter heterogeneity to neuron parameters...
[2026-08-19 19:13:00][INFO] SIM_BRIDGE: Applied heterogeneity to 4 parameters.
[2026-08-19 19:13:00][INFO] SIM_BRIDGE: Initializing OU process state (tau=15.0ms, sigma=0.0pA)...
[2026-08-19 19:13:00][INFO] SIM_BRIDGE: Generating 3D neuron positions for 2 neurons...
[2026-08-19 19:13:00][INFO] SIM_BRIDGE: Generating connections (3D)...
[2026-08-19 19:13:00][INFO] SIM_BRIDGE: Simulation data initialized for 2 neurons (3D). Synapses: 0. GPU memory: 0.0GB/9223372036.9GB (0.0%)
[2026-08-19 19:13:00][INFO] SIM_BRIDGE: NumPy backend (CPU (NumPy backend), 8589934592.0 GB RAM available)
[2026-08-19 19:13:00][INFO] SIM_BRIDGE: Initializing simulation data for model: IZHIKEVICH (3D)... (playback_init: False)
[2026-08-19 19:13:00][INFO] SIM_BRIDGE: Brain-region framework: 5 regions, 370 total neurons, 3 pathways.
[2026-08-19 19:13:00][INFO] SIM_BRIDGE: RNG initialized with seed: 42
[2026-08-19 19:13:00][INFO] SIM_BRIDGE: Initializing Izhikevich model specifics for 370 neurons...
[2026-08-19 19:13:00][INFO] SIM_BRIDGE: Region 'cue' (160 neurons): using Izh type IZH2007_RS_CORTICAL_PYRAMIDAL
[2026-08-19 19:13:00][INFO] SIM_BRIDGE: Region 'striosome_value' (60 neurons): using Izh type IZH2007_STRIATAL_MSN_D1
[2026-08-19 19:13:00][INFO] SIM_BRIDGE: Region 'reward_us' (40 neurons): using Izh type IZH2007_RS_CORTICAL_PYRAMIDAL
[2026-08-19 19:13:00][INFO] SIM_BRIDGE: Region 'snc' (30 neurons): using Izh type IZH2007_RS_CORTICAL_PYRAMIDAL
[2026-08-19 19:13:00][INFO] SIM_BRIDGE: Region 'ask' (80 neurons): using Izh type IZH2007_RS_CORTICAL_PYRAMIDAL
[2026-08-19 19:13:00][INFO] SIM_BRIDGE: Applying parameter heterogeneity to neuron parameters...
[2026-08-19 19:13:00][INFO] SIM_BRIDGE: Applied heterogeneity to 4 parameters.
[2026-08-19 19:13:00][INFO] SIM_BRIDGE: Initializing OU process state (tau=15.0ms, sigma=100.0pA)...
[2026-08-19 19:13:00][INFO] SIM_BRIDGE: Generating 3D neuron positions for 370 neurons...
[2026-08-19 19:13:00][INFO] SIM_BRIDGE: Generating connections (brain-region framework)...
[2026-08-19 19:13:00][INFO] SIM_BRIDGE: inject_explicit_wiring: installed 7386 synapses across 3 populations.
[2026-08-19 19:13:00][INFO] SIM_BRIDGE: Initializing eligibility traces for 7386 synapses (capacity: 11079, dtype: float32)...
[2026-08-19 19:13:00][INFO] SIM_BRIDGE: Initialized neuromodulator subsystem with 1 modulators: ['curiosity']
[2026-08-19 19:13:00][INFO] SIM_BRIDGE: Initializing STDP state for 370 neurons...
[2026-08-19 19:13:00][INFO] SIM_BRIDGE: Simulation data initialized for 370 neurons (3D). Synapses: 7386. GPU memory: 0.0GB/9223372036.9GB (0.0%)
[2026-08-19 19:13:01][INFO] SIM_BRIDGE: NumPy backend (CPU (NumPy backend), 8589934592.0 GB RAM available)
[2026-08-19 19:13:01][INFO] SIM_BRIDGE: Initializing simulation data for model: IZHIKEVICH (3D)... (playback_init: False)
[2026-08-19 19:13:01][INFO] SIM_BRIDGE: RNG initialized with seed: 42
[2026-08-19 19:13:01][INFO] SIM_BRIDGE: Initializing Izhikevich model specifics for 14044 neurons...
[2026-08-19 19:13:01][INFO] SIM_BRIDGE: Applying parameter heterogeneity to neuron parameters...
[2026-08-19 19:13:01][INFO] SIM_BRIDGE: Applied heterogeneity to 4 parameters.
[2026-08-19 19:13:01][INFO] SIM_BRIDGE: Initializing OU process state (tau=15.0ms, sigma=20.0pA)...
[2026-08-19 19:13:01][INFO] SIM_BRIDGE: Generating 3D neuron positions for 14044 neurons...
[2026-08-19 19:13:01][INFO] SIM_BRIDGE: Generating connections (3D)...
[2026-08-19 19:13:01][INFO] SIM_BRIDGE: Simulation data initialized for 14044 neurons (3D). Synapses: 0. GPU memory: 0.0GB/9223372036.9GB (0.0%)
[2026-08-19 19:13:01][INFO] SIM_BRIDGE: inject_explicit_wiring: installed 720 synapses across 1 populations.
  [self-initiated-utterance  ] answer_changed=True  meta_present=True  -> DRIVER
      intact : "Something's been on my mind — cat eat worm. What does cat eat?"
      lesion : 'Nothing in particular is surfacing for me to bring up right now.'
[2026-08-19 19:13:20][INFO] SIM_BRIDGE: NumPy backend (CPU (NumPy backend), 8589934592.0 GB RAM available)
[2026-08-19 19:13:20][INFO] SIM_BRIDGE: Initializing simulation data for model: IZHIKEVICH (3D)... (playback_init: False)
[2026-08-19 19:13:20][INFO] SIM_BRIDGE: RNG initialized with seed: 42
[2026-08-19 19:13:20][INFO] SIM_BRIDGE: Initializing Izhikevich model specifics for 45856 neurons...
[2026-08-19 19:13:20][INFO] SIM_BRIDGE: Applying parameter heterogeneity to neuron parameters...
[2026-08-19 19:13:20][INFO] SIM_BRIDGE: Applied heterogeneity to 4 parameters.
[2026-08-19 19:13:20][INFO] SIM_BRIDGE: Initializing OU process state (tau=15.0ms, sigma=20.0pA)...
[2026-08-19 19:13:20][INFO] SIM_BRIDGE: Generating 3D neuron positions for 45856 neurons...
[2026-08-19 19:13:20][INFO] SIM_BRIDGE: Generating connections (3D)...
[2026-08-19 19:13:20][INFO] SIM_BRIDGE: Simulation data initialized for 45856 neurons (3D). Synapses: 0. GPU memory: 0.0GB/9223372036.9GB (0.0%)
[2026-08-19 19:13:20][INFO] SIM_BRIDGE: inject_explicit_wiring: installed 720 synapses across 1 populations.
[2026-08-19 19:13:54][INFO] SIM_BRIDGE: NumPy backend (CPU (NumPy backend), 8589934592.0 GB RAM available)
[2026-08-19 19:13:54][INFO] SIM_BRIDGE: Initializing simulation data for model: IZHIKEVICH (3D)... (playback_init: False)
[2026-08-19 19:13:54][INFO] SIM_BRIDGE: Brain-region framework: 2 regions, 1800 total neurons, 3 pathways.
[2026-08-19 19:13:54][INFO] SIM_BRIDGE: RNG initialized with seed: 42
[2026-08-19 19:13:54][INFO] SIM_BRIDGE: Initializing Izhikevich model specifics for 1800 neurons...
[2026-08-19 19:13:54][INFO] SIM_BRIDGE: Applying parameter heterogeneity to neuron parameters...
[2026-08-19 19:13:54][INFO] SIM_BRIDGE: Applied heterogeneity to 4 parameters.
[2026-08-19 19:13:54][INFO] SIM_BRIDGE: Initializing OU process state (tau=15.0ms, sigma=0.0pA)...
[2026-08-19 19:13:54][INFO] SIM_BRIDGE: Generating 3D neuron positions for 1800 neurons...
[2026-08-19 19:13:54][INFO] SIM_BRIDGE: Generating connections (brain-region framework)...
[2026-08-19 19:13:56][INFO] SIM_BRIDGE: inject_explicit_wiring: installed 1619529 synapses across 3 populations.
[2026-08-19 19:13:56][INFO] SIM_BRIDGE: Simulation data initialized for 1800 neurons (3D). Synapses: 1619529. GPU memory: 0.0GB/9223372036.9GB (0.0%)
[2026-08-19 19:13:56][INFO] SIM_BRIDGE: NumPy backend (CPU (NumPy backend), 8589934592.0 GB RAM available)
[2026-08-19 19:13:56][INFO] SIM_BRIDGE: Initializing simulation data for model: IZHIKEVICH (3D)... (playback_init: False)
[2026-08-19 19:13:56][INFO] SIM_BRIDGE: RNG initialized with seed: 42
[2026-08-19 19:13:56][INFO] SIM_BRIDGE: Initializing Izhikevich model specifics for 224 neurons...
[2026-08-19 19:13:56][INFO] SIM_BRIDGE: Applying parameter heterogeneity to neuron parameters...
[2026-08-19 19:13:56][INFO] SIM_BRIDGE: Applied heterogeneity to 4 parameters.
[2026-08-19 19:13:56][INFO] SIM_BRIDGE: Initializing OU process state (tau=15.0ms, sigma=20.0pA)...
[2026-08-19 19:13:56][INFO] SIM_BRIDGE: Generating 3D neuron positions for 224 neurons...
[2026-08-19 19:13:56][INFO] SIM_BRIDGE: Generating connections (3D)...
[2026-08-19 19:13:56][INFO] SIM_BRIDGE: Simulation data initialized for 224 neurons (3D). Synapses: 0. GPU memory: 0.0GB/9223372036.9GB (0.0%)
[2026-08-19 19:13:56][INFO] SIM_BRIDGE: inject_explicit_wiring: installed 4800 synapses across 1 populations.
[2026-08-19 19:14:35][INFO] SIM_BRIDGE: NumPy backend (CPU (NumPy backend), 8589934592.0 GB RAM available)
[2026-08-19 19:14:35][INFO] SIM_BRIDGE: Initializing simulation data for model: IZHIKEVICH (3D)... (playback_init: False)
[2026-08-19 19:14:35][INFO] SIM_BRIDGE: RNG initialized with seed: 42
[2026-08-19 19:14:35][INFO] SIM_BRIDGE: Initializing Izhikevich model specifics for 144 neurons...
[2026-08-19 19:14:35][INFO] SIM_BRIDGE: Applying parameter heterogeneity to neuron parameters...
[2026-08-19 19:14:35][INFO] SIM_BRIDGE: Applied heterogeneity to 4 parameters.
[2026-08-19 19:14:35][INFO] SIM_BRIDGE: Initializing OU process state (tau=15.0ms, sigma=0.0pA)...
[2026-08-19 19:14:35][INFO] SIM_BRIDGE: Generating 3D neuron positions for 144 neurons...
[2026-08-19 19:14:35][INFO] SIM_BRIDGE: Generating connections (3D)...
[2026-08-19 19:14:35][INFO] SIM_BRIDGE: Simulation data initialized for 144 neurons (3D). Synapses: 0. GPU memory: 0.0GB/9223372036.9GB (0.0%)
[2026-08-19 19:14:35][INFO] SIM_BRIDGE: NumPy backend (CPU (NumPy backend), 8589934592.0 GB RAM available)
[2026-08-19 19:14:35][INFO] SIM_BRIDGE: Initializing simulation data for model: IZHIKEVICH (3D)... (playback_init: False)
[2026-08-19 19:14:35][INFO] SIM_BRIDGE: RNG initialized with seed: 42
[2026-08-19 19:14:35][INFO] SIM_BRIDGE: Initializing Izhikevich model specifics for 2 neurons...
[2026-08-19 19:14:35][INFO] SIM_BRIDGE: Applying parameter heterogeneity to neuron parameters...
[2026-08-19 19:14:35][INFO] SIM_BRIDGE: Applied heterogeneity to 4 parameters.
[2026-08-19 19:14:35][INFO] SIM_BRIDGE: Initializing OU process state (tau=15.0ms, sigma=0.0pA)...
[2026-08-19 19:14:35][INFO] SIM_BRIDGE: Generating 3D neuron positions for 2 neurons...
[2026-08-19 19:14:35][INFO] SIM_BRIDGE: Generating connections (3D)...
[2026-08-19 19:14:35][INFO] SIM_BRIDGE: Simulation data initialized for 2 neurons (3D). Synapses: 0. GPU memory: 0.0GB/9223372036.9GB (0.0%)
[2026-08-19 19:14:51][INFO] SIM_BRIDGE: NumPy backend (CPU (NumPy backend), 8589934592.0 GB RAM available)
[2026-08-19 19:14:51][INFO] SIM_BRIDGE: Initializing simulation data for model: IZHIKEVICH (3D)... (playback_init: False)
[2026-08-19 19:14:51][INFO] SIM_BRIDGE: RNG initialized with seed: 42
[2026-08-19 19:14:51][INFO] SIM_BRIDGE: Initializing Izhikevich model specifics for 45856 neurons...
[2026-08-19 19:14:51][INFO] SIM_BRIDGE: Applying parameter heterogeneity to neuron parameters...
[2026-08-19 19:14:51][INFO] SIM_BRIDGE: Applied heterogeneity to 4 parameters.
[2026-08-19 19:14:51][INFO] SIM_BRIDGE: Initializing OU process state (tau=15.0ms, sigma=20.0pA)...
[2026-08-19 19:14:51][INFO] SIM_BRIDGE: Generating 3D neuron positions for 45856 neurons...
[2026-08-19 19:14:51][INFO] SIM_BRIDGE: Generating connections (3D)...
[2026-08-19 19:14:51][INFO] SIM_BRIDGE: Simulation data initialized for 45856 neurons (3D). Synapses: 0. GPU memory: 0.0GB/9223372036.9GB (0.0%)
[2026-08-19 19:14:51][INFO] SIM_BRIDGE: inject_explicit_wiring: installed 720 synapses across 1 populations.
[2026-08-19 19:15:26][INFO] SIM_BRIDGE: NumPy backend (CPU (NumPy backend), 8589934592.0 GB RAM available)
[2026-08-19 19:15:26][INFO] SIM_BRIDGE: Initializing simulation data for model: IZHIKEVICH (3D)... (playback_init: False)
[2026-08-19 19:15:26][INFO] SIM_BRIDGE: Brain-region framework: 2 regions, 1800 total neurons, 3 pathways.
[2026-08-19 19:15:26][INFO] SIM_BRIDGE: RNG initialized with seed: 42
[2026-08-19 19:15:26][INFO] SIM_BRIDGE: Initializing Izhikevich model specifics for 1800 neurons...
[2026-08-19 19:15:26][INFO] SIM_BRIDGE: Applying parameter heterogeneity to neuron parameters...
[2026-08-19 19:15:26][INFO] SIM_BRIDGE: Applied heterogeneity to 4 parameters.
[2026-08-19 19:15:26][INFO] SIM_BRIDGE: Initializing OU process state (tau=15.0ms, sigma=0.0pA)...
[2026-08-19 19:15:26][INFO] SIM_BRIDGE: Generating 3D neuron positions for 1800 neurons...
[2026-08-19 19:15:26][INFO] SIM_BRIDGE: Generating connections (brain-region framework)...
[2026-08-19 19:15:27][INFO] SIM_BRIDGE: inject_explicit_wiring: installed 1619529 synapses across 3 populations.
[2026-08-19 19:15:28][INFO] SIM_BRIDGE: Simulation data initialized for 1800 neurons (3D). Synapses: 1619529. GPU memory: 0.0GB/9223372036.9GB (0.0%)
[2026-08-19 19:15:28][INFO] SIM_BRIDGE: NumPy backend (CPU (NumPy backend), 8589934592.0 GB RAM available)
[2026-08-19 19:15:28][INFO] SIM_BRIDGE: Initializing simulation data for model: IZHIKEVICH (3D)... (playback_init: False)
[2026-08-19 19:15:28][INFO] SIM_BRIDGE: RNG initialized with seed: 42
[2026-08-19 19:15:28][INFO] SIM_BRIDGE: Initializing Izhikevich model specifics for 224 neurons...
[2026-08-19 19:15:28][INFO] SIM_BRIDGE: Applying parameter heterogeneity to neuron parameters...
[2026-08-19 19:15:28][INFO] SIM_BRIDGE: Applied heterogeneity to 4 parameters.
[2026-08-19 19:15:28][INFO] SIM_BRIDGE: Initializing OU process state (tau=15.0ms, sigma=20.0pA)...
[2026-08-19 19:15:28][INFO] SIM_BRIDGE: Generating 3D neuron positions for 224 neurons...
[2026-08-19 19:15:28][INFO] SIM_BRIDGE: Generating connections (3D)...
[2026-08-19 19:15:28][INFO] SIM_BRIDGE: Simulation data initialized for 224 neurons (3D). Synapses: 0. GPU memory: 0.0GB/9223372036.9GB (0.0%)
[2026-08-19 19:15:28][INFO] SIM_BRIDGE: inject_explicit_wiring: installed 4800 synapses across 1 populations.
[2026-08-19 19:16:06][INFO] SIM_BRIDGE: NumPy backend (CPU (NumPy backend), 8589934592.0 GB RAM available)
[2026-08-19 19:16:06][INFO] SIM_BRIDGE: Initializing simulation data for model: IZHIKEVICH (3D)... (playback_init: False)
[2026-08-19 19:16:06][INFO] SIM_BRIDGE: RNG initialized with seed: 42
[2026-08-19 19:16:06][INFO] SIM_BRIDGE: Initializing Izhikevich model specifics for 144 neurons...
[2026-08-19 19:16:06][INFO] SIM_BRIDGE: Applying parameter heterogeneity to neuron parameters...
[2026-08-19 19:16:06][INFO] SIM_BRIDGE: Applied heterogeneity to 4 parameters.
[2026-08-19 19:16:06][INFO] SIM_BRIDGE: Initializing OU process state (tau=15.0ms, sigma=0.0pA)...
[2026-08-19 19:16:06][INFO] SIM_BRIDGE: Generating 3D neuron positions for 144 neurons...
[2026-08-19 19:16:06][INFO] SIM_BRIDGE: Generating connections (3D)...
[2026-08-19 19:16:06][INFO] SIM_BRIDGE: Simulation data initialized for 144 neurons (3D). Synapses: 0. GPU memory: 0.0GB/9223372036.9GB (0.0%)
[2026-08-19 19:16:06][INFO] SIM_BRIDGE: NumPy backend (CPU (NumPy backend), 8589934592.0 GB RAM available)
[2026-08-19 19:16:06][INFO] SIM_BRIDGE: Initializing simulation data for model: IZHIKEVICH (3D)... (playback_init: False)
[2026-08-19 19:16:06][INFO] SIM_BRIDGE: RNG initialized with seed: 42
[2026-08-19 19:16:06][INFO] SIM_BRIDGE: Initializing Izhikevich model specifics for 2 neurons...
[2026-08-19 19:16:06][INFO] SIM_BRIDGE: Applying parameter heterogeneity to neuron parameters...
[2026-08-19 19:16:06][INFO] SIM_BRIDGE: Applied heterogeneity to 4 parameters.
[2026-08-19 19:16:06][INFO] SIM_BRIDGE: Initializing OU process state (tau=15.0ms, sigma=0.0pA)...
[2026-08-19 19:16:06][INFO] SIM_BRIDGE: Generating 3D neuron positions for 2 neurons...
[2026-08-19 19:16:06][INFO] SIM_BRIDGE: Generating connections (3D)...
[2026-08-19 19:16:06][INFO] SIM_BRIDGE: Simulation data initialized for 2 neurons (3D). Synapses: 0. GPU memory: 0.0GB/9223372036.9GB (0.0%)
  [reconsolidation           ] answer_changed=True  meta_present=False -> DRIVER
      intact : 'The dog gos south.'
      lesion : 'The dog gos north.'
[2026-08-19 19:16:22][INFO] SIM_BRIDGE: NumPy backend (CPU (NumPy backend), 8589934592.0 GB RAM available)
[2026-08-19 19:16:22][INFO] SIM_BRIDGE: Initializing simulation data for model: IZHIKEVICH (3D)... (playback_init: False)
[2026-08-19 19:16:22][INFO] SIM_BRIDGE: RNG initialized with seed: 42
[2026-08-19 19:16:22][INFO] SIM_BRIDGE: Initializing Izhikevich model specifics for 45856 neurons...
[2026-08-19 19:16:22][INFO] SIM_BRIDGE: Applying parameter heterogeneity to neuron parameters...
[2026-08-19 19:16:22][INFO] SIM_BRIDGE: Applied heterogeneity to 4 parameters.
[2026-08-19 19:16:22][INFO] SIM_BRIDGE: Initializing OU process state (tau=15.0ms, sigma=20.0pA)...
[2026-08-19 19:16:22][INFO] SIM_BRIDGE: Generating 3D neuron positions for 45856 neurons...
[2026-08-19 19:16:22][INFO] SIM_BRIDGE: Generating connections (3D)...
[2026-08-19 19:16:22][INFO] SIM_BRIDGE: Simulation data initialized for 45856 neurons (3D). Synapses: 0. GPU memory: 0.0GB/9223372036.9GB (0.0%)
[2026-08-19 19:16:22][INFO] SIM_BRIDGE: inject_explicit_wiring: installed 720 synapses across 1 populations.
[2026-08-19 19:16:56][INFO] SIM_BRIDGE: NumPy backend (CPU (NumPy backend), 8589934592.0 GB RAM available)
[2026-08-19 19:16:56][INFO] SIM_BRIDGE: Initializing simulation data for model: IZHIKEVICH (3D)... (playback_init: False)
[2026-08-19 19:16:56][INFO] SIM_BRIDGE: Brain-region framework: 2 regions, 1800 total neurons, 3 pathways.
[2026-08-19 19:16:56][INFO] SIM_BRIDGE: RNG initialized with seed: 42
[2026-08-19 19:16:56][INFO] SIM_BRIDGE: Initializing Izhikevich model specifics for 1800 neurons...
[2026-08-19 19:16:56][INFO] SIM_BRIDGE: Applying parameter heterogeneity to neuron parameters...
[2026-08-19 19:16:56][INFO] SIM_BRIDGE: Applied heterogeneity to 4 parameters.
[2026-08-19 19:16:56][INFO] SIM_BRIDGE: Initializing OU process state (tau=15.0ms, sigma=0.0pA)...
[2026-08-19 19:16:56][INFO] SIM_BRIDGE: Generating 3D neuron positions for 1800 neurons...
[2026-08-19 19:16:56][INFO] SIM_BRIDGE: Generating connections (brain-region framework)...
[2026-08-19 19:16:57][INFO] SIM_BRIDGE: inject_explicit_wiring: installed 1619529 synapses across 3 populations.
[2026-08-19 19:16:58][INFO] SIM_BRIDGE: Simulation data initialized for 1800 neurons (3D). Synapses: 1619529. GPU memory: 0.0GB/9223372036.9GB (0.0%)
[2026-08-19 19:16:58][INFO] SIM_BRIDGE: NumPy backend (CPU (NumPy backend), 8589934592.0 GB RAM available)
[2026-08-19 19:16:58][INFO] SIM_BRIDGE: Initializing simulation data for model: IZHIKEVICH (3D)... (playback_init: False)
[2026-08-19 19:16:58][INFO] SIM_BRIDGE: RNG initialized with seed: 42
[2026-08-19 19:16:58][INFO] SIM_BRIDGE: Initializing Izhikevich model specifics for 224 neurons...
[2026-08-19 19:16:58][INFO] SIM_BRIDGE: Applying parameter heterogeneity to neuron parameters...
[2026-08-19 19:16:58][INFO] SIM_BRIDGE: Applied heterogeneity to 4 parameters.
[2026-08-19 19:16:58][INFO] SIM_BRIDGE: Initializing OU process state (tau=15.0ms, sigma=20.0pA)...
[2026-08-19 19:16:58][INFO] SIM_BRIDGE: Generating 3D neuron positions for 224 neurons...
[2026-08-19 19:16:58][INFO] SIM_BRIDGE: Generating connections (3D)...
[2026-08-19 19:16:58][INFO] SIM_BRIDGE: Simulation data initialized for 224 neurons (3D). Synapses: 0. GPU memory: 0.0GB/9223372036.9GB (0.0%)
[2026-08-19 19:16:58][INFO] SIM_BRIDGE: inject_explicit_wiring: installed 4800 synapses across 1 populations.
[2026-08-19 19:17:37][INFO] SIM_BRIDGE: NumPy backend (CPU (NumPy backend), 8589934592.0 GB RAM available)
[2026-08-19 19:17:37][INFO] SIM_BRIDGE: Initializing simulation data for model: IZHIKEVICH (3D)... (playback_init: False)
[2026-08-19 19:17:37][INFO] SIM_BRIDGE: Brain-region framework: 31 regions, 624 total neurons, 90 pathways.
[2026-08-19 19:17:37][INFO] SIM_BRIDGE: RNG initialized with seed: 42
[2026-08-19 19:17:37][INFO] SIM_BRIDGE: Initializing Izhikevich model specifics for 624 neurons...
[2026-08-19 19:17:37][INFO] SIM_BRIDGE: Applying parameter heterogeneity to neuron parameters...
[2026-08-19 19:17:37][INFO] SIM_BRIDGE: Applied heterogeneity to 4 parameters.
[2026-08-19 19:17:37][INFO] SIM_BRIDGE: Initializing OU process state (tau=15.0ms, sigma=0.0pA)...
[2026-08-19 19:17:37][INFO] SIM_BRIDGE: Generating 3D neuron positions for 624 neurons...
[2026-08-19 19:17:37][INFO] SIM_BRIDGE: Generating connections (brain-region framework)...
[2026-08-19 19:17:37][INFO] SIM_BRIDGE: inject_explicit_wiring: installed 27995 synapses across 90 populations.
[2026-08-19 19:17:37][INFO] SIM_BRIDGE: Simulation data initialized for 624 neurons (3D). Synapses: 27995. GPU memory: 0.0GB/9223372036.9GB (0.0%)
[2026-08-19 19:17:38][INFO] SIM_BRIDGE: NumPy backend (CPU (NumPy backend), 8589934592.0 GB RAM available)
[2026-08-19 19:17:38][INFO] SIM_BRIDGE: Initializing simulation data for model: IZHIKEVICH (3D)... (playback_init: False)
[2026-08-19 19:17:38][INFO] SIM_BRIDGE: RNG initialized with seed: 42
[2026-08-19 19:17:38][INFO] SIM_BRIDGE: Initializing Izhikevich model specifics for 144 neurons...
[2026-08-19 19:17:38][INFO] SIM_BRIDGE: Applying parameter heterogeneity to neuron parameters...
[2026-08-19 19:17:38][INFO] SIM_BRIDGE: Applied heterogeneity to 4 parameters.
[2026-08-19 19:17:38][INFO] SIM_BRIDGE: Initializing OU process state (tau=15.0ms, sigma=0.0pA)...
[2026-08-19 19:17:38][INFO] SIM_BRIDGE: Generating 3D neuron positions for 144 neurons...
[2026-08-19 19:17:38][INFO] SIM_BRIDGE: Generating connections (3D)...
[2026-08-19 19:17:38][INFO] SIM_BRIDGE: Simulation data initialized for 144 neurons (3D). Synapses: 0. GPU memory: 0.0GB/9223372036.9GB (0.0%)
[2026-08-19 19:17:38][INFO] SIM_BRIDGE: NumPy backend (CPU (NumPy backend), 8589934592.0 GB RAM available)
[2026-08-19 19:17:38][INFO] SIM_BRIDGE: Initializing simulation data for model: IZHIKEVICH (3D)... (playback_init: False)
[2026-08-19 19:17:38][INFO] SIM_BRIDGE: RNG initialized with seed: 42
[2026-08-19 19:17:38][INFO] SIM_BRIDGE: Initializing Izhikevich model specifics for 2 neurons...
[2026-08-19 19:17:38][INFO] SIM_BRIDGE: Applying parameter heterogeneity to neuron parameters...
[2026-08-19 19:17:38][INFO] SIM_BRIDGE: Applied heterogeneity to 4 parameters.
[2026-08-19 19:17:38][INFO] SIM_BRIDGE: Initializing OU process state (tau=15.0ms, sigma=0.0pA)...
[2026-08-19 19:17:38][INFO] SIM_BRIDGE: Generating 3D neuron positions for 2 neurons...
[2026-08-19 19:17:38][INFO] SIM_BRIDGE: Generating connections (3D)...
[2026-08-19 19:17:38][INFO] SIM_BRIDGE: Simulation data initialized for 2 neurons (3D). Synapses: 0. GPU memory: 0.0GB/9223372036.9GB (0.0%)
[2026-08-19 19:17:46][INFO] SIM_BRIDGE: NumPy backend (CPU (NumPy backend), 8589934592.0 GB RAM available)
[2026-08-19 19:17:46][INFO] SIM_BRIDGE: Initializing simulation data for model: IZHIKEVICH (3D)... (playback_init: False)
[2026-08-19 19:17:46][INFO] SIM_BRIDGE: RNG initialized with seed: 42
[2026-08-19 19:17:46][INFO] SIM_BRIDGE: Initializing Izhikevich model specifics for 45856 neurons...
[2026-08-19 19:17:46][INFO] SIM_BRIDGE: Applying parameter heterogeneity to neuron parameters...
[2026-08-19 19:17:46][INFO] SIM_BRIDGE: Applied heterogeneity to 4 parameters.
[2026-08-19 19:17:46][INFO] SIM_BRIDGE: Initializing OU process state (tau=15.0ms, sigma=20.0pA)...
[2026-08-19 19:17:46][INFO] SIM_BRIDGE: Generating 3D neuron positions for 45856 neurons...
[2026-08-19 19:17:46][INFO] SIM_BRIDGE: Generating connections (3D)...
[2026-08-19 19:17:46][INFO] SIM_BRIDGE: Simulation data initialized for 45856 neurons (3D). Synapses: 0. GPU memory: 0.0GB/9223372036.9GB (0.0%)
[2026-08-19 19:17:46][INFO] SIM_BRIDGE: inject_explicit_wiring: installed 720 synapses across 1 populations.
[2026-08-19 19:18:21][INFO] SIM_BRIDGE: NumPy backend (CPU (NumPy backend), 8589934592.0 GB RAM available)
[2026-08-19 19:18:21][INFO] SIM_BRIDGE: Initializing simulation data for model: IZHIKEVICH (3D)... (playback_init: False)
[2026-08-19 19:18:21][INFO] SIM_BRIDGE: Brain-region framework: 2 regions, 1800 total neurons, 3 pathways.
[2026-08-19 19:18:21][INFO] SIM_BRIDGE: RNG initialized with seed: 42
[2026-08-19 19:18:21][INFO] SIM_BRIDGE: Initializing Izhikevich model specifics for 1800 neurons...
[2026-08-19 19:18:21][INFO] SIM_BRIDGE: Applying parameter heterogeneity to neuron parameters...
[2026-08-19 19:18:21][INFO] SIM_BRIDGE: Applied heterogeneity to 4 parameters.
[2026-08-19 19:18:21][INFO] SIM_BRIDGE: Initializing OU process state (tau=15.0ms, sigma=0.0pA)...
[2026-08-19 19:18:21][INFO] SIM_BRIDGE: Generating 3D neuron positions for 1800 neurons...
[2026-08-19 19:18:21][INFO] SIM_BRIDGE: Generating connections (brain-region framework)...
[2026-08-19 19:18:23][INFO] SIM_BRIDGE: inject_explicit_wiring: installed 1619529 synapses across 3 populations.
[2026-08-19 19:18:23][INFO] SIM_BRIDGE: Simulation data initialized for 1800 neurons (3D). Synapses: 1619529. GPU memory: 0.0GB/9223372036.9GB (0.0%)
[2026-08-19 19:18:23][INFO] SIM_BRIDGE: NumPy backend (CPU (NumPy backend), 8589934592.0 GB RAM available)
[2026-08-19 19:18:23][INFO] SIM_BRIDGE: Initializing simulation data for model: IZHIKEVICH (3D)... (playback_init: False)
[2026-08-19 19:18:23][INFO] SIM_BRIDGE: RNG initialized with seed: 42
[2026-08-19 19:18:23][INFO] SIM_BRIDGE: Initializing Izhikevich model specifics for 224 neurons...
[2026-08-19 19:18:23][INFO] SIM_BRIDGE: Applying parameter heterogeneity to neuron parameters...
[2026-08-19 19:18:23][INFO] SIM_BRIDGE: Applied heterogeneity to 4 parameters.
[2026-08-19 19:18:23][INFO] SIM_BRIDGE: Initializing OU process state (tau=15.0ms, sigma=20.0pA)...
[2026-08-19 19:18:23][INFO] SIM_BRIDGE: Generating 3D neuron positions for 224 neurons...
[2026-08-19 19:18:23][INFO] SIM_BRIDGE: Generating connections (3D)...
[2026-08-19 19:18:23][INFO] SIM_BRIDGE: Simulation data initialized for 224 neurons (3D). Synapses: 0. GPU memory: 0.0GB/9223372036.9GB (0.0%)
[2026-08-19 19:18:23][INFO] SIM_BRIDGE: inject_explicit_wiring: installed 4800 synapses across 1 populations.
[2026-08-19 19:19:01][INFO] SIM_BRIDGE: NumPy backend (CPU (NumPy backend), 8589934592.0 GB RAM available)
[2026-08-19 19:19:01][INFO] SIM_BRIDGE: Initializing simulation data for model: IZHIKEVICH (3D)... (playback_init: False)
[2026-08-19 19:19:01][INFO] SIM_BRIDGE: Brain-region framework: 31 regions, 624 total neurons, 90 pathways.
[2026-08-19 19:19:01][INFO] SIM_BRIDGE: RNG initialized with seed: 42
[2026-08-19 19:19:01][INFO] SIM_BRIDGE: Initializing Izhikevich model specifics for 624 neurons...
[2026-08-19 19:19:01][INFO] SIM_BRIDGE: Applying parameter heterogeneity to neuron parameters...
[2026-08-19 19:19:01][INFO] SIM_BRIDGE: Applied heterogeneity to 4 parameters.
[2026-08-19 19:19:01][INFO] SIM_BRIDGE: Initializing OU process state (tau=15.0ms, sigma=0.0pA)...
[2026-08-19 19:19:01][INFO] SIM_BRIDGE: Generating 3D neuron positions for 624 neurons...
[2026-08-19 19:19:01][INFO] SIM_BRIDGE: Generating connections (brain-region framework)...
[2026-08-19 19:19:01][INFO] SIM_BRIDGE: inject_explicit_wiring: installed 27995 synapses across 90 populations.
[2026-08-19 19:19:01][INFO] SIM_BRIDGE: Simulation data initialized for 624 neurons (3D). Synapses: 27995. GPU memory: 0.0GB/9223372036.9GB (0.0%)
[2026-08-19 19:19:01][INFO] SIM_BRIDGE: NumPy backend (CPU (NumPy backend), 8589934592.0 GB RAM available)
[2026-08-19 19:19:01][INFO] SIM_BRIDGE: Initializing simulation data for model: IZHIKEVICH (3D)... (playback_init: False)
[2026-08-19 19:19:01][INFO] SIM_BRIDGE: Brain-region framework: 31 regions, 624 total neurons, 90 pathways.
[2026-08-19 19:19:01][INFO] SIM_BRIDGE: RNG initialized with seed: 42
[2026-08-19 19:19:01][INFO] SIM_BRIDGE: Initializing Izhikevich model specifics for 624 neurons...
[2026-08-19 19:19:01][INFO] SIM_BRIDGE: Applying parameter heterogeneity to neuron parameters...
[2026-08-19 19:19:01][INFO] SIM_BRIDGE: Applied heterogeneity to 4 parameters.
[2026-08-19 19:19:01][INFO] SIM_BRIDGE: Initializing OU process state (tau=15.0ms, sigma=0.0pA)...
[2026-08-19 19:19:01][INFO] SIM_BRIDGE: Generating 3D neuron positions for 624 neurons...
[2026-08-19 19:19:01][INFO] SIM_BRIDGE: Generating connections (brain-region framework)...
[2026-08-19 19:19:01][INFO] SIM_BRIDGE: inject_explicit_wiring: installed 27995 synapses across 90 populations.
[2026-08-19 19:19:01][INFO] SIM_BRIDGE: Simulation data initialized for 624 neurons (3D). Synapses: 27995. GPU memory: 0.0GB/9223372036.9GB (0.0%)
[2026-08-19 19:19:02][INFO] SIM_BRIDGE: NumPy backend (CPU (NumPy backend), 8589934592.0 GB RAM available)
[2026-08-19 19:19:02][INFO] SIM_BRIDGE: Initializing simulation data for model: IZHIKEVICH (3D)... (playback_init: False)
[2026-08-19 19:19:02][INFO] SIM_BRIDGE: RNG initialized with seed: 42
[2026-08-19 19:19:02][INFO] SIM_BRIDGE: Initializing Izhikevich model specifics for 144 neurons...
[2026-08-19 19:19:02][INFO] SIM_BRIDGE: Applying parameter heterogeneity to neuron parameters...
[2026-08-19 19:19:02][INFO] SIM_BRIDGE: Applied heterogeneity to 4 parameters.
[2026-08-19 19:19:02][INFO] SIM_BRIDGE: Initializing OU process state (tau=15.0ms, sigma=0.0pA)...
[2026-08-19 19:19:02][INFO] SIM_BRIDGE: Generating 3D neuron positions for 144 neurons...
[2026-08-19 19:19:02][INFO] SIM_BRIDGE: Generating connections (3D)...
[2026-08-19 19:19:02][INFO] SIM_BRIDGE: Simulation data initialized for 144 neurons (3D). Synapses: 0. GPU memory: 0.0GB/9223372036.9GB (0.0%)
[2026-08-19 19:19:02][INFO] SIM_BRIDGE: NumPy backend (CPU (NumPy backend), 8589934592.0 GB RAM available)
[2026-08-19 19:19:02][INFO] SIM_BRIDGE: Initializing simulation data for model: IZHIKEVICH (3D)... (playback_init: False)
[2026-08-19 19:19:02][INFO] SIM_BRIDGE: RNG initialized with seed: 42
[2026-08-19 19:19:02][INFO] SIM_BRIDGE: Initializing Izhikevich model specifics for 2 neurons...
[2026-08-19 19:19:02][INFO] SIM_BRIDGE: Applying parameter heterogeneity to neuron parameters...
[2026-08-19 19:19:02][INFO] SIM_BRIDGE: Applied heterogeneity to 4 parameters.
[2026-08-19 19:19:02][INFO] SIM_BRIDGE: Initializing OU process state (tau=15.0ms, sigma=0.0pA)...
[2026-08-19 19:19:02][INFO] SIM_BRIDGE: Generating 3D neuron positions for 2 neurons...
[2026-08-19 19:19:02][INFO] SIM_BRIDGE: Generating connections (3D)...
[2026-08-19 19:19:02][INFO] SIM_BRIDGE: Simulation data initialized for 2 neurons (3D). Synapses: 0. GPU memory: 0.0GB/9223372036.9GB (0.0%)
  [wm-binding-advanced       ] answer_changed=True  meta_present=True  -> DRIVER
      intact : "I'm holding 2 referents in working memory at once: dog and cat."
      lesion : "I'm not holding any referent in working memory right now."
[2026-08-19 19:19:10][INFO] SIM_BRIDGE: NumPy backend (CPU (NumPy backend), 8589934592.0 GB RAM available)
[2026-08-19 19:19:10][INFO] SIM_BRIDGE: Initializing simulation data for model: IZHIKEVICH (3D)... (playback_init: False)
[2026-08-19 19:19:10][INFO] SIM_BRIDGE: Brain-region framework: 7 regions, 96 total neurons, 12 pathways.
[2026-08-19 19:19:10][INFO] SIM_BRIDGE: RNG initialized with seed: 42
[2026-08-19 19:19:10][INFO] SIM_BRIDGE: Initializing Izhikevich model specifics for 96 neurons...
[2026-08-19 19:19:10][INFO] SIM_BRIDGE: Applying parameter heterogeneity to neuron parameters...
[2026-08-19 19:19:10][INFO] SIM_BRIDGE: Applied heterogeneity to 4 parameters.
[2026-08-19 19:19:10][INFO] SIM_BRIDGE: Initializing OU process state (tau=15.0ms, sigma=0.0pA)...
[2026-08-19 19:19:10][INFO] SIM_BRIDGE: Generating 3D neuron positions for 96 neurons...
[2026-08-19 19:19:10][INFO] SIM_BRIDGE: Generating connections (brain-region framework)...
[2026-08-19 19:19:10][INFO] SIM_BRIDGE: inject_explicit_wiring: installed 2057 synapses across 12 populations.
[2026-08-19 19:19:10][INFO] SIM_BRIDGE: Simulation data initialized for 96 neurons (3D). Synapses: 2057. GPU memory: 0.0GB/9223372036.9GB (0.0%)
[2026-08-19 19:19:10][INFO] SIM_BRIDGE: NumPy backend (CPU (NumPy backend), 8589934592.0 GB RAM available)
[2026-08-19 19:19:10][INFO] SIM_BRIDGE: Initializing simulation data for model: IZHIKEVICH (3D)... (playback_init: False)
[2026-08-19 19:19:10][INFO] SIM_BRIDGE: Brain-region framework: 7 regions, 96 total neurons, 12 pathways.
[2026-08-19 19:19:10][INFO] SIM_BRIDGE: RNG initialized with seed: 45
[2026-08-19 19:19:10][INFO] SIM_BRIDGE: Initializing Izhikevich model specifics for 96 neurons...
[2026-08-19 19:19:10][INFO] SIM_BRIDGE: Applying parameter heterogeneity to neuron parameters...
[2026-08-19 19:19:10][INFO] SIM_BRIDGE: Applied heterogeneity to 4 parameters.
[2026-08-19 19:19:10][INFO] SIM_BRIDGE: Initializing OU process state (tau=15.0ms, sigma=0.0pA)...
[2026-08-19 19:19:10][INFO] SIM_BRIDGE: Generating 3D neuron positions for 96 neurons...
[2026-08-19 19:19:10][INFO] SIM_BRIDGE: Generating connections (brain-region framework)...
[2026-08-19 19:19:10][INFO] SIM_BRIDGE: inject_explicit_wiring: installed 2029 synapses across 12 populations.
[2026-08-19 19:19:10][INFO] SIM_BRIDGE: Simulation data initialized for 96 neurons (3D). Synapses: 2029. GPU memory: 0.0GB/9223372036.9GB (0.0%)
[2026-08-19 19:19:10][INFO] SIM_BRIDGE: NumPy backend (CPU (NumPy backend), 8589934592.0 GB RAM available)
[2026-08-19 19:19:10][INFO] SIM_BRIDGE: Initializing simulation data for model: IZHIKEVICH (3D)... (playback_init: False)
[2026-08-19 19:19:10][INFO] SIM_BRIDGE: Brain-region framework: 7 regions, 96 total neurons, 12 pathways.
[2026-08-19 19:19:10][INFO] SIM_BRIDGE: RNG initialized with seed: 48
[2026-08-19 19:19:10][INFO] SIM_BRIDGE: Initializing Izhikevich model specifics for 96 neurons...
[2026-08-19 19:19:10][INFO] SIM_BRIDGE: Applying parameter heterogeneity to neuron parameters...
[2026-08-19 19:19:10][INFO] SIM_BRIDGE: Applied heterogeneity to 4 parameters.
[2026-08-19 19:19:10][INFO] SIM_BRIDGE: Initializing OU process state (tau=15.0ms, sigma=0.0pA)...
[2026-08-19 19:19:10][INFO] SIM_BRIDGE: Generating 3D neuron positions for 96 neurons...
[2026-08-19 19:19:10][INFO] SIM_BRIDGE: Generating connections (brain-region framework)...
[2026-08-19 19:19:10][INFO] SIM_BRIDGE: inject_explicit_wiring: installed 2007 synapses across 12 populations.
[2026-08-19 19:19:10][INFO] SIM_BRIDGE: Simulation data initialized for 96 neurons (3D). Synapses: 2007. GPU memory: 0.0GB/9223372036.9GB (0.0%)
[2026-08-19 19:19:10][INFO] SIM_BRIDGE: NumPy backend (CPU (NumPy backend), 8589934592.0 GB RAM available)
[2026-08-19 19:19:10][INFO] SIM_BRIDGE: Initializing simulation data for model: IZHIKEVICH (3D)... (playback_init: False)
[2026-08-19 19:19:10][INFO] SIM_BRIDGE: Brain-region framework: 7 regions, 96 total neurons, 12 pathways.
[2026-08-19 19:19:10][INFO] SIM_BRIDGE: RNG initialized with seed: 51
[2026-08-19 19:19:10][INFO] SIM_BRIDGE: Initializing Izhikevich model specifics for 96 neurons...
[2026-08-19 19:19:10][INFO] SIM_BRIDGE: Applying parameter heterogeneity to neuron parameters...
[2026-08-19 19:19:10][INFO] SIM_BRIDGE: Applied heterogeneity to 4 parameters.
[2026-08-19 19:19:10][INFO] SIM_BRIDGE: Initializing OU process state (tau=15.0ms, sigma=0.0pA)...
[2026-08-19 19:19:10][INFO] SIM_BRIDGE: Generating 3D neuron positions for 96 neurons...
[2026-08-19 19:19:10][INFO] SIM_BRIDGE: Generating connections (brain-region framework)...
[2026-08-19 19:19:10][INFO] SIM_BRIDGE: inject_explicit_wiring: installed 2043 synapses across 12 populations.
[2026-08-19 19:19:10][INFO] SIM_BRIDGE: Simulation data initialized for 96 neurons (3D). Synapses: 2043. GPU memory: 0.0GB/9223372036.9GB (0.0%)
[2026-08-19 19:19:10][INFO] SIM_BRIDGE: NumPy backend (CPU (NumPy backend), 8589934592.0 GB RAM available)
[2026-08-19 19:19:10][INFO] SIM_BRIDGE: Initializing simulation data for model: IZHIKEVICH (3D)... (playback_init: False)
[2026-08-19 19:19:10][INFO] SIM_BRIDGE: RNG initialized with seed: 42
[2026-08-19 19:19:10][INFO] SIM_BRIDGE: Initializing Izhikevich model specifics for 45856 neurons...
[2026-08-19 19:19:10][INFO] SIM_BRIDGE: Applying parameter heterogeneity to neuron parameters...
[2026-08-19 19:19:10][INFO] SIM_BRIDGE: Applied heterogeneity to 4 parameters.
[2026-08-19 19:19:10][INFO] SIM_BRIDGE: Initializing OU process state (tau=15.0ms, sigma=20.0pA)...
[2026-08-19 19:19:10][INFO] SIM_BRIDGE: Generating 3D neuron positions for 45856 neurons...
[2026-08-19 19:19:10][INFO] SIM_BRIDGE: Generating connections (3D)...
[2026-08-19 19:19:10][INFO] SIM_BRIDGE: Simulation data initialized for 45856 neurons (3D). Synapses: 0. GPU memory: 0.0GB/9223372036.9GB (0.0%)
[2026-08-19 19:19:10][INFO] SIM_BRIDGE: inject_explicit_wiring: installed 720 synapses across 1 populations.
[2026-08-19 19:19:44][INFO] SIM_BRIDGE: NumPy backend (CPU (NumPy backend), 8589934592.0 GB RAM available)
[2026-08-19 19:19:44][INFO] SIM_BRIDGE: Initializing simulation data for model: IZHIKEVICH (3D)... (playback_init: False)
[2026-08-19 19:19:44][INFO] SIM_BRIDGE: Brain-region framework: 2 regions, 1800 total neurons, 3 pathways.
[2026-08-19 19:19:44][INFO] SIM_BRIDGE: RNG initialized with seed: 42
[2026-08-19 19:19:44][INFO] SIM_BRIDGE: Initializing Izhikevich model specifics for 1800 neurons...
[2026-08-19 19:19:44][INFO] SIM_BRIDGE: Applying parameter heterogeneity to neuron parameters...
[2026-08-19 19:19:44][INFO] SIM_BRIDGE: Applied heterogeneity to 4 parameters.
[2026-08-19 19:19:44][INFO] SIM_BRIDGE: Initializing OU process state (tau=15.0ms, sigma=0.0pA)...
[2026-08-19 19:19:44][INFO] SIM_BRIDGE: Generating 3D neuron positions for 1800 neurons...
[2026-08-19 19:19:44][INFO] SIM_BRIDGE: Generating connections (brain-region framework)...
[2026-08-19 19:19:46][INFO] SIM_BRIDGE: inject_explicit_wiring: installed 1619529 synapses across 3 populations.
[2026-08-19 19:19:46][INFO] SIM_BRIDGE: Simulation data initialized for 1800 neurons (3D). Synapses: 1619529. GPU memory: 0.0GB/9223372036.9GB (0.0%)
[2026-08-19 19:19:46][INFO] SIM_BRIDGE: NumPy backend (CPU (NumPy backend), 8589934592.0 GB RAM available)
[2026-08-19 19:19:46][INFO] SIM_BRIDGE: Initializing simulation data for model: IZHIKEVICH (3D)... (playback_init: False)
[2026-08-19 19:19:46][INFO] SIM_BRIDGE: RNG initialized with seed: 42
[2026-08-19 19:19:46][INFO] SIM_BRIDGE: Initializing Izhikevich model specifics for 224 neurons...
[2026-08-19 19:19:46][INFO] SIM_BRIDGE: Applying parameter heterogeneity to neuron parameters...
[2026-08-19 19:19:46][INFO] SIM_BRIDGE: Applied heterogeneity to 4 parameters.
[2026-08-19 19:19:46][INFO] SIM_BRIDGE: Initializing OU process state (tau=15.0ms, sigma=20.0pA)...
[2026-08-19 19:19:46][INFO] SIM_BRIDGE: Generating 3D neuron positions for 224 neurons...
[2026-08-19 19:19:46][INFO] SIM_BRIDGE: Generating connections (3D)...
[2026-08-19 19:19:46][INFO] SIM_BRIDGE: Simulation data initialized for 224 neurons (3D). Synapses: 0. GPU memory: 0.0GB/9223372036.9GB (0.0%)
[2026-08-19 19:19:46][INFO] SIM_BRIDGE: inject_explicit_wiring: installed 4800 synapses across 1 populations.
[2026-08-19 19:20:25][INFO] SIM_BRIDGE: NumPy backend (CPU (NumPy backend), 8589934592.0 GB RAM available)
[2026-08-19 19:20:25][INFO] SIM_BRIDGE: Initializing simulation data for model: IZHIKEVICH (3D)... (playback_init: False)
[2026-08-19 19:20:25][INFO] SIM_BRIDGE: RNG initialized with seed: 42
[2026-08-19 19:20:25][INFO] SIM_BRIDGE: Initializing Izhikevich model specifics for 144 neurons...
[2026-08-19 19:20:25][INFO] SIM_BRIDGE: Applying parameter heterogeneity to neuron parameters...
[2026-08-19 19:20:25][INFO] SIM_BRIDGE: Applied heterogeneity to 4 parameters.
[2026-08-19 19:20:25][INFO] SIM_BRIDGE: Initializing OU process state (tau=15.0ms, sigma=0.0pA)...
[2026-08-19 19:20:25][INFO] SIM_BRIDGE: Generating 3D neuron positions for 144 neurons...
[2026-08-19 19:20:25][INFO] SIM_BRIDGE: Generating connections (3D)...
[2026-08-19 19:20:25][INFO] SIM_BRIDGE: Simulation data initialized for 144 neurons (3D). Synapses: 0. GPU memory: 0.0GB/9223372036.9GB (0.0%)
[2026-08-19 19:20:25][INFO] SIM_BRIDGE: NumPy backend (CPU (NumPy backend), 8589934592.0 GB RAM available)
[2026-08-19 19:20:25][INFO] SIM_BRIDGE: Initializing simulation data for model: IZHIKEVICH (3D)... (playback_init: False)
[2026-08-19 19:20:25][INFO] SIM_BRIDGE: RNG initialized with seed: 42
[2026-08-19 19:20:25][INFO] SIM_BRIDGE: Initializing Izhikevich model specifics for 2 neurons...
[2026-08-19 19:20:25][INFO] SIM_BRIDGE: Applying parameter heterogeneity to neuron parameters...
[2026-08-19 19:20:25][INFO] SIM_BRIDGE: Applied heterogeneity to 4 parameters.
[2026-08-19 19:20:25][INFO] SIM_BRIDGE: Initializing OU process state (tau=15.0ms, sigma=0.0pA)...
[2026-08-19 19:20:25][INFO] SIM_BRIDGE: Generating 3D neuron positions for 2 neurons...
[2026-08-19 19:20:25][INFO] SIM_BRIDGE: Generating connections (3D)...
[2026-08-19 19:20:25][INFO] SIM_BRIDGE: Simulation data initialized for 2 neurons (3D). Synapses: 0. GPU memory: 0.0GB/9223372036.9GB (0.0%)
[2026-08-19 19:20:33][INFO] SIM_BRIDGE: NumPy backend (CPU (NumPy backend), 8589934592.0 GB RAM available)
[2026-08-19 19:20:33][INFO] SIM_BRIDGE: Initializing simulation data for model: IZHIKEVICH (3D)... (playback_init: False)
[2026-08-19 19:20:33][INFO] SIM_BRIDGE: Brain-region framework: 7 regions, 96 total neurons, 12 pathways.
[2026-08-19 19:20:33][INFO] SIM_BRIDGE: RNG initialized with seed: 42
[2026-08-19 19:20:33][INFO] SIM_BRIDGE: Initializing Izhikevich model specifics for 96 neurons...
[2026-08-19 19:20:33][INFO] SIM_BRIDGE: Applying parameter heterogeneity to neuron parameters...
[2026-08-19 19:20:33][INFO] SIM_BRIDGE: Applied heterogeneity to 4 parameters.
[2026-08-19 19:20:33][INFO] SIM_BRIDGE: Initializing OU process state (tau=15.0ms, sigma=0.0pA)...
[2026-08-19 19:20:33][INFO] SIM_BRIDGE: Generating 3D neuron positions for 96 neurons...
[2026-08-19 19:20:33][INFO] SIM_BRIDGE: Generating connections (brain-region framework)...
[2026-08-19 19:20:33][INFO] SIM_BRIDGE: inject_explicit_wiring: installed 2057 synapses across 12 populations.
[2026-08-19 19:20:33][INFO] SIM_BRIDGE: Simulation data initialized for 96 neurons (3D). Synapses: 2057. GPU memory: 0.0GB/9223372036.9GB (0.0%)
[2026-08-19 19:20:33][INFO] SIM_BRIDGE: NumPy backend (CPU (NumPy backend), 8589934592.0 GB RAM available)
[2026-08-19 19:20:33][INFO] SIM_BRIDGE: Initializing simulation data for model: IZHIKEVICH (3D)... (playback_init: False)
[2026-08-19 19:20:33][INFO] SIM_BRIDGE: Brain-region framework: 7 regions, 96 total neurons, 12 pathways.
[2026-08-19 19:20:33][INFO] SIM_BRIDGE: RNG initialized with seed: 45
[2026-08-19 19:20:33][INFO] SIM_BRIDGE: Initializing Izhikevich model specifics for 96 neurons...
[2026-08-19 19:20:33][INFO] SIM_BRIDGE: Applying parameter heterogeneity to neuron parameters...
[2026-08-19 19:20:33][INFO] SIM_BRIDGE: Applied heterogeneity to 4 parameters.
[2026-08-19 19:20:33][INFO] SIM_BRIDGE: Initializing OU process state (tau=15.0ms, sigma=0.0pA)...
[2026-08-19 19:20:33][INFO] SIM_BRIDGE: Generating 3D neuron positions for 96 neurons...
[2026-08-19 19:20:33][INFO] SIM_BRIDGE: Generating connections (brain-region framework)...
[2026-08-19 19:20:33][INFO] SIM_BRIDGE: inject_explicit_wiring: installed 2029 synapses across 12 populations.
[2026-08-19 19:20:33][INFO] SIM_BRIDGE: Simulation data initialized for 96 neurons (3D). Synapses: 2029. GPU memory: 0.0GB/9223372036.9GB (0.0%)
[2026-08-19 19:20:33][INFO] SIM_BRIDGE: NumPy backend (CPU (NumPy backend), 8589934592.0 GB RAM available)
[2026-08-19 19:20:33][INFO] SIM_BRIDGE: Initializing simulation data for model: IZHIKEVICH (3D)... (playback_init: False)
[2026-08-19 19:20:33][INFO] SIM_BRIDGE: Brain-region framework: 7 regions, 96 total neurons, 12 pathways.
[2026-08-19 19:20:33][INFO] SIM_BRIDGE: RNG initialized with seed: 48
[2026-08-19 19:20:33][INFO] SIM_BRIDGE: Initializing Izhikevich model specifics for 96 neurons...
[2026-08-19 19:20:33][INFO] SIM_BRIDGE: Applying parameter heterogeneity to neuron parameters...
[2026-08-19 19:20:33][INFO] SIM_BRIDGE: Applied heterogeneity to 4 parameters.
[2026-08-19 19:20:33][INFO] SIM_BRIDGE: Initializing OU process state (tau=15.0ms, sigma=0.0pA)...
[2026-08-19 19:20:33][INFO] SIM_BRIDGE: Generating 3D neuron positions for 96 neurons...
[2026-08-19 19:20:33][INFO] SIM_BRIDGE: Generating connections (brain-region framework)...
[2026-08-19 19:20:33][INFO] SIM_BRIDGE: inject_explicit_wiring: installed 2007 synapses across 12 populations.
[2026-08-19 19:20:33][INFO] SIM_BRIDGE: Simulation data initialized for 96 neurons (3D). Synapses: 2007. GPU memory: 0.0GB/9223372036.9GB (0.0%)
[2026-08-19 19:20:33][INFO] SIM_BRIDGE: NumPy backend (CPU (NumPy backend), 8589934592.0 GB RAM available)
[2026-08-19 19:20:33][INFO] SIM_BRIDGE: Initializing simulation data for model: IZHIKEVICH (3D)... (playback_init: False)
[2026-08-19 19:20:33][INFO] SIM_BRIDGE: Brain-region framework: 7 regions, 96 total neurons, 12 pathways.
[2026-08-19 19:20:33][INFO] SIM_BRIDGE: RNG initialized with seed: 51
[2026-08-19 19:20:33][INFO] SIM_BRIDGE: Initializing Izhikevich model specifics for 96 neurons...
[2026-08-19 19:20:33][INFO] SIM_BRIDGE: Applying parameter heterogeneity to neuron parameters...
[2026-08-19 19:20:33][INFO] SIM_BRIDGE: Applied heterogeneity to 4 parameters.
[2026-08-19 19:20:33][INFO] SIM_BRIDGE: Initializing OU process state (tau=15.0ms, sigma=0.0pA)...
[2026-08-19 19:20:33][INFO] SIM_BRIDGE: Generating 3D neuron positions for 96 neurons...
[2026-08-19 19:20:33][INFO] SIM_BRIDGE: Generating connections (brain-region framework)...
[2026-08-19 19:20:33][INFO] SIM_BRIDGE: inject_explicit_wiring: installed 2043 synapses across 12 populations.
[2026-08-19 19:20:33][INFO] SIM_BRIDGE: Simulation data initialized for 96 neurons (3D). Synapses: 2043. GPU memory: 0.0GB/9223372036.9GB (0.0%)
[2026-08-19 19:20:33][INFO] SIM_BRIDGE: NumPy backend (CPU (NumPy backend), 8589934592.0 GB RAM available)
[2026-08-19 19:20:33][INFO] SIM_BRIDGE: Initializing simulation data for model: IZHIKEVICH (3D)... (playback_init: False)
[2026-08-19 19:20:33][INFO] SIM_BRIDGE: RNG initialized with seed: 42
[2026-08-19 19:20:33][INFO] SIM_BRIDGE: Initializing Izhikevich model specifics for 45856 neurons...
[2026-08-19 19:20:33][INFO] SIM_BRIDGE: Applying parameter heterogeneity to neuron parameters...
[2026-08-19 19:20:33][INFO] SIM_BRIDGE: Applied heterogeneity to 4 parameters.
[2026-08-19 19:20:33][INFO] SIM_BRIDGE: Initializing OU process state (tau=15.0ms, sigma=20.0pA)...
[2026-08-19 19:20:33][INFO] SIM_BRIDGE: Generating 3D neuron positions for 45856 neurons...
[2026-08-19 19:20:33][INFO] SIM_BRIDGE: Generating connections (3D)...
[2026-08-19 19:20:33][INFO] SIM_BRIDGE: Simulation data initialized for 45856 neurons (3D). Synapses: 0. GPU memory: 0.0GB/9223372036.9GB (0.0%)
[2026-08-19 19:20:33][INFO] SIM_BRIDGE: inject_explicit_wiring: installed 720 synapses across 1 populations.
[2026-08-19 19:21:08][INFO] SIM_BRIDGE: NumPy backend (CPU (NumPy backend), 8589934592.0 GB RAM available)
[2026-08-19 19:21:08][INFO] SIM_BRIDGE: Initializing simulation data for model: IZHIKEVICH (3D)... (playback_init: False)
[2026-08-19 19:21:08][INFO] SIM_BRIDGE: Brain-region framework: 2 regions, 1800 total neurons, 3 pathways.
[2026-08-19 19:21:08][INFO] SIM_BRIDGE: RNG initialized with seed: 42
[2026-08-19 19:21:08][INFO] SIM_BRIDGE: Initializing Izhikevich model specifics for 1800 neurons...
[2026-08-19 19:21:08][INFO] SIM_BRIDGE: Applying parameter heterogeneity to neuron parameters...
[2026-08-19 19:21:08][INFO] SIM_BRIDGE: Applied heterogeneity to 4 parameters.
[2026-08-19 19:21:08][INFO] SIM_BRIDGE: Initializing OU process state (tau=15.0ms, sigma=0.0pA)...
[2026-08-19 19:21:08][INFO] SIM_BRIDGE: Generating 3D neuron positions for 1800 neurons...
[2026-08-19 19:21:08][INFO] SIM_BRIDGE: Generating connections (brain-region framework)...
[2026-08-19 19:21:09][INFO] SIM_BRIDGE: inject_explicit_wiring: installed 1619529 synapses across 3 populations.
[2026-08-19 19:21:10][INFO] SIM_BRIDGE: Simulation data initialized for 1800 neurons (3D). Synapses: 1619529. GPU memory: 0.0GB/9223372036.9GB (0.0%)
[2026-08-19 19:21:10][INFO] SIM_BRIDGE: NumPy backend (CPU (NumPy backend), 8589934592.0 GB RAM available)
[2026-08-19 19:21:10][INFO] SIM_BRIDGE: Initializing simulation data for model: IZHIKEVICH (3D)... (playback_init: False)
[2026-08-19 19:21:10][INFO] SIM_BRIDGE: RNG initialized with seed: 42
[2026-08-19 19:21:10][INFO] SIM_BRIDGE: Initializing Izhikevich model specifics for 224 neurons...
[2026-08-19 19:21:10][INFO] SIM_BRIDGE: Applying parameter heterogeneity to neuron parameters...
[2026-08-19 19:21:10][INFO] SIM_BRIDGE: Applied heterogeneity to 4 parameters.
[2026-08-19 19:21:10][INFO] SIM_BRIDGE: Initializing OU process state (tau=15.0ms, sigma=20.0pA)...
[2026-08-19 19:21:10][INFO] SIM_BRIDGE: Generating 3D neuron positions for 224 neurons...
[2026-08-19 19:21:10][INFO] SIM_BRIDGE: Generating connections (3D)...
[2026-08-19 19:21:10][INFO] SIM_BRIDGE: Simulation data initialized for 224 neurons (3D). Synapses: 0. GPU memory: 0.0GB/9223372036.9GB (0.0%)
[2026-08-19 19:21:10][INFO] SIM_BRIDGE: inject_explicit_wiring: installed 4800 synapses across 1 populations.
[2026-08-19 19:21:48][INFO] SIM_BRIDGE: NumPy backend (CPU (NumPy backend), 8589934592.0 GB RAM available)
[2026-08-19 19:21:48][INFO] SIM_BRIDGE: Initializing simulation data for model: IZHIKEVICH (3D)... (playback_init: False)
[2026-08-19 19:21:48][INFO] SIM_BRIDGE: RNG initialized with seed: 42
[2026-08-19 19:21:48][INFO] SIM_BRIDGE: Initializing Izhikevich model specifics for 144 neurons...
[2026-08-19 19:21:48][INFO] SIM_BRIDGE: Applying parameter heterogeneity to neuron parameters...
[2026-08-19 19:21:48][INFO] SIM_BRIDGE: Applied heterogeneity to 4 parameters.
[2026-08-19 19:21:48][INFO] SIM_BRIDGE: Initializing OU process state (tau=15.0ms, sigma=0.0pA)...
[2026-08-19 19:21:48][INFO] SIM_BRIDGE: Generating 3D neuron positions for 144 neurons...
[2026-08-19 19:21:48][INFO] SIM_BRIDGE: Generating connections (3D)...
[2026-08-19 19:21:48][INFO] SIM_BRIDGE: Simulation data initialized for 144 neurons (3D). Synapses: 0. GPU memory: 0.0GB/9223372036.9GB (0.0%)
[2026-08-19 19:21:48][INFO] SIM_BRIDGE: NumPy backend (CPU (NumPy backend), 8589934592.0 GB RAM available)
[2026-08-19 19:21:48][INFO] SIM_BRIDGE: Initializing simulation data for model: IZHIKEVICH (3D)... (playback_init: False)
[2026-08-19 19:21:48][INFO] SIM_BRIDGE: RNG initialized with seed: 42
[2026-08-19 19:21:48][INFO] SIM_BRIDGE: Initializing Izhikevich model specifics for 2 neurons...
[2026-08-19 19:21:48][INFO] SIM_BRIDGE: Applying parameter heterogeneity to neuron parameters...
[2026-08-19 19:21:48][INFO] SIM_BRIDGE: Applied heterogeneity to 4 parameters.
[2026-08-19 19:21:48][INFO] SIM_BRIDGE: Initializing OU process state (tau=15.0ms, sigma=0.0pA)...
[2026-08-19 19:21:48][INFO] SIM_BRIDGE: Generating 3D neuron positions for 2 neurons...
[2026-08-19 19:21:48][INFO] SIM_BRIDGE: Generating connections (3D)...
[2026-08-19 19:21:48][INFO] SIM_BRIDGE: Simulation data initialized for 2 neurons (3D). Synapses: 0. GPU memory: 0.0GB/9223372036.9GB (0.0%)
  [discourse-register        ] answer_changed=False meta_present=False -> NO_OBSERVED_EFFECT
      intact : "I don't know who was doing it before -- no earlier event yet."
      lesion : "I don't know who was doing it before -- no earlier event yet."
[2026-08-19 19:21:57][INFO] SIM_BRIDGE: NumPy backend (CPU (NumPy backend), 8589934592.0 GB RAM available)
[2026-08-19 19:21:57][INFO] SIM_BRIDGE: Initializing simulation data for model: IZHIKEVICH (3D)... (playback_init: False)
[2026-08-19 19:21:57][INFO] SIM_BRIDGE: RNG initialized with seed: 42
[2026-08-19 19:21:57][INFO] SIM_BRIDGE: Initializing Izhikevich model specifics for 45856 neurons...
[2026-08-19 19:21:57][INFO] SIM_BRIDGE: Applying parameter heterogeneity to neuron parameters...
[2026-08-19 19:21:57][INFO] SIM_BRIDGE: Applied heterogeneity to 4 parameters.
[2026-08-19 19:21:57][INFO] SIM_BRIDGE: Initializing OU process state (tau=15.0ms, sigma=20.0pA)...
[2026-08-19 19:21:57][INFO] SIM_BRIDGE: Generating 3D neuron positions for 45856 neurons...
[2026-08-19 19:21:57][INFO] SIM_BRIDGE: Generating connections (3D)...
[2026-08-19 19:21:57][INFO] SIM_BRIDGE: Simulation data initialized for 45856 neurons (3D). Synapses: 0. GPU memory: 0.0GB/9223372036.9GB (0.0%)
[2026-08-19 19:21:57][INFO] SIM_BRIDGE: inject_explicit_wiring: installed 720 synapses across 1 populations.
[2026-08-19 19:22:31][INFO] SIM_BRIDGE: NumPy backend (CPU (NumPy backend), 8589934592.0 GB RAM available)
[2026-08-19 19:22:31][INFO] SIM_BRIDGE: Initializing simulation data for model: IZHIKEVICH (3D)... (playback_init: False)
[2026-08-19 19:22:31][INFO] SIM_BRIDGE: Brain-region framework: 2 regions, 1800 total neurons, 3 pathways.
[2026-08-19 19:22:31][INFO] SIM_BRIDGE: RNG initialized with seed: 42
[2026-08-19 19:22:31][INFO] SIM_BRIDGE: Initializing Izhikevich model specifics for 1800 neurons...
[2026-08-19 19:22:31][INFO] SIM_BRIDGE: Applying parameter heterogeneity to neuron parameters...
[2026-08-19 19:22:31][INFO] SIM_BRIDGE: Applied heterogeneity to 4 parameters.
[2026-08-19 19:22:31][INFO] SIM_BRIDGE: Initializing OU process state (tau=15.0ms, sigma=0.0pA)...
[2026-08-19 19:22:31][INFO] SIM_BRIDGE: Generating 3D neuron positions for 1800 neurons...
[2026-08-19 19:22:31][INFO] SIM_BRIDGE: Generating connections (brain-region framework)...
[2026-08-19 19:22:32][INFO] SIM_BRIDGE: inject_explicit_wiring: installed 1619529 synapses across 3 populations.
[2026-08-19 19:22:32][INFO] SIM_BRIDGE: Simulation data initialized for 1800 neurons (3D). Synapses: 1619529. GPU memory: 0.0GB/9223372036.9GB (0.0%)
[2026-08-19 19:22:32][INFO] SIM_BRIDGE: NumPy backend (CPU (NumPy backend), 8589934592.0 GB RAM available)
[2026-08-19 19:22:32][INFO] SIM_BRIDGE: Initializing simulation data for model: IZHIKEVICH (3D)... (playback_init: False)
[2026-08-19 19:22:32][INFO] SIM_BRIDGE: RNG initialized with seed: 42
[2026-08-19 19:22:32][INFO] SIM_BRIDGE: Initializing Izhikevich model specifics for 224 neurons...
[2026-08-19 19:22:32][INFO] SIM_BRIDGE: Applying parameter heterogeneity to neuron parameters...
[2026-08-19 19:22:32][INFO] SIM_BRIDGE: Applied heterogeneity to 4 parameters.
[2026-08-19 19:22:32][INFO] SIM_BRIDGE: Initializing OU process state (tau=15.0ms, sigma=20.0pA)...
[2026-08-19 19:22:32][INFO] SIM_BRIDGE: Generating 3D neuron positions for 224 neurons...
[2026-08-19 19:22:32][INFO] SIM_BRIDGE: Generating connections (3D)...
[2026-08-19 19:22:32][INFO] SIM_BRIDGE: Simulation data initialized for 224 neurons (3D). Synapses: 0. GPU memory: 0.0GB/9223372036.9GB (0.0%)
[2026-08-19 19:22:32][INFO] SIM_BRIDGE: inject_explicit_wiring: installed 4800 synapses across 1 populations.
[2026-08-19 19:23:11][INFO] SIM_BRIDGE: NumPy backend (CPU (NumPy backend), 8589934592.0 GB RAM available)
[2026-08-19 19:23:11][INFO] SIM_BRIDGE: Initializing simulation data for model: IZHIKEVICH (3D)... (playback_init: False)
[2026-08-19 19:23:11][INFO] SIM_BRIDGE: Brain-region framework: 4 regions, 1720 total neurons, 4 pathways.
[2026-08-19 19:23:11][INFO] SIM_BRIDGE: RNG initialized with seed: 42
[2026-08-19 19:23:11][INFO] SIM_BRIDGE: NMDA per-region mask: 4 regions enabled (1720 neurons)
[2026-08-19 19:23:11][INFO] SIM_BRIDGE: Initializing Izhikevich model specifics for 1720 neurons...
[2026-08-19 19:23:11][INFO] SIM_BRIDGE: Region 'cortex_ctx' (800 neurons): using Izh type IZH2007_HIPPO_PYRAMIDAL
[2026-08-19 19:23:11][INFO] SIM_BRIDGE: Region 'dlpfc_wm' (800 neurons): using Izh type IZH2007_HIPPO_PYRAMIDAL
[2026-08-19 19:23:11][INFO] SIM_BRIDGE: Region 'rel_A' (60 neurons): using Izh type IZH2007_RS_CORTICAL_PYRAMIDAL
[2026-08-19 19:23:11][INFO] SIM_BRIDGE: Region 'rel_B' (60 neurons): using Izh type IZH2007_RS_CORTICAL_PYRAMIDAL
[2026-08-19 19:23:11][INFO] SIM_BRIDGE: Applying parameter heterogeneity to neuron parameters...
[2026-08-19 19:23:11][INFO] SIM_BRIDGE: Applied heterogeneity to 4 parameters.
[2026-08-19 19:23:11][INFO] SIM_BRIDGE: Generating 3D neuron positions for 1720 neurons...
[2026-08-19 19:23:11][INFO] SIM_BRIDGE: Generating connections (brain-region framework)...
[2026-08-19 19:23:11][INFO] SIM_BRIDGE: inject_explicit_wiring: installed 72363 synapses across 6 populations.
[2026-08-19 19:23:11][INFO] SIM_BRIDGE: Initializing eligibility traces for 72363 synapses (capacity: 108544, dtype: float32)...
[2026-08-19 19:23:11][INFO] SIM_BRIDGE: Initializing STDP state for 1720 neurons...
[2026-08-19 19:23:11][INFO] SIM_BRIDGE: Simulation data initialized for 1720 neurons (3D). Synapses: 72363. GPU memory: 0.0GB/9223372036.9GB (0.0%)
[2026-08-19 19:23:11][INFO] SIM_BRIDGE: ⛔ STDP IS INERT: enable_stdp=True but runtime_state.current_time_ms is still 0.0 after 50 steps. _run_one_simulation_step() does NOT advance the clock (only step_simulation() does), so every spike shares one timestamp, delta_t==0 for every pair, and every STDP update is exactly 0.0. FIX: advance it in your loop -- `bridge.runtime_state.current_time_ms += bridge.core_config.dt_ms` after each step.
[2026-08-19 19:23:31][INFO] SIM_BRIDGE: NumPy backend (CPU (NumPy backend), 8589934592.0 GB RAM available)
[2026-08-19 19:23:31][INFO] SIM_BRIDGE: Initializing simulation data for model: IZHIKEVICH (3D)... (playback_init: False)
[2026-08-19 19:23:31][INFO] SIM_BRIDGE: RNG initialized with seed: 42
[2026-08-19 19:23:31][INFO] SIM_BRIDGE: Initializing Izhikevich model specifics for 144 neurons...
[2026-08-19 19:23:31][INFO] SIM_BRIDGE: Applying parameter heterogeneity to neuron parameters...
[2026-08-19 19:23:31][INFO] SIM_BRIDGE: Applied heterogeneity to 4 parameters.
[2026-08-19 19:23:31][INFO] SIM_BRIDGE: Initializing OU process state (tau=15.0ms, sigma=0.0pA)...
[2026-08-19 19:23:31][INFO] SIM_BRIDGE: Generating 3D neuron positions for 144 neurons...
[2026-08-19 19:23:31][INFO] SIM_BRIDGE: Generating connections (3D)...
[2026-08-19 19:23:31][INFO] SIM_BRIDGE: Simulation data initialized for 144 neurons (3D). Synapses: 0. GPU memory: 0.0GB/9223372036.9GB (0.0%)
[2026-08-19 19:23:31][INFO] SIM_BRIDGE: NumPy backend (CPU (NumPy backend), 8589934592.0 GB RAM available)
[2026-08-19 19:23:31][INFO] SIM_BRIDGE: Initializing simulation data for model: IZHIKEVICH (3D)... (playback_init: False)
[2026-08-19 19:23:31][INFO] SIM_BRIDGE: RNG initialized with seed: 42
[2026-08-19 19:23:31][INFO] SIM_BRIDGE: Initializing Izhikevich model specifics for 2 neurons...
[2026-08-19 19:23:31][INFO] SIM_BRIDGE: Applying parameter heterogeneity to neuron parameters...
[2026-08-19 19:23:31][INFO] SIM_BRIDGE: Applied heterogeneity to 4 parameters.
[2026-08-19 19:23:31][INFO] SIM_BRIDGE: Initializing OU process state (tau=15.0ms, sigma=0.0pA)...
[2026-08-19 19:23:31][INFO] SIM_BRIDGE: Generating 3D neuron positions for 2 neurons...
[2026-08-19 19:23:31][INFO] SIM_BRIDGE: Generating connections (3D)...
[2026-08-19 19:23:31][INFO] SIM_BRIDGE: Simulation data initialized for 2 neurons (3D). Synapses: 0. GPU memory: 0.0GB/9223372036.9GB (0.0%)
[2026-08-19 19:23:34][INFO] SIM_BRIDGE: NumPy backend (CPU (NumPy backend), 8589934592.0 GB RAM available)
[2026-08-19 19:23:34][INFO] SIM_BRIDGE: Initializing simulation data for model: IZHIKEVICH (3D)... (playback_init: False)
[2026-08-19 19:23:34][INFO] SIM_BRIDGE: Brain-region framework: 2 regions, 1200 total neurons, 2 pathways.
[2026-08-19 19:23:34][INFO] SIM_BRIDGE: RNG initialized with seed: 42
[2026-08-19 19:23:34][INFO] SIM_BRIDGE: NMDA per-region mask: 2 regions enabled (1200 neurons)
[2026-08-19 19:23:34][INFO] SIM_BRIDGE: Initializing Izhikevich model specifics for 1200 neurons...
[2026-08-19 19:23:34][INFO] SIM_BRIDGE: Region 'cortex_ctx' (600 neurons): using Izh type IZH2007_HIPPO_PYRAMIDAL
[2026-08-19 19:23:34][INFO] SIM_BRIDGE: Region 'dlpfc_wm' (600 neurons): using Izh type IZH2007_HIPPO_PYRAMIDAL
[2026-08-19 19:23:34][INFO] SIM_BRIDGE: Applying parameter heterogeneity to neuron parameters...
[2026-08-19 19:23:34][INFO] SIM_BRIDGE: Applied heterogeneity to 4 parameters.
[2026-08-19 19:23:34][INFO] SIM_BRIDGE: Generating 3D neuron positions for 1200 neurons...
[2026-08-19 19:23:34][INFO] SIM_BRIDGE: Generating connections (brain-region framework)...
[2026-08-19 19:23:34][INFO] SIM_BRIDGE: inject_explicit_wiring: installed 107786 synapses across 4 populations.
[2026-08-19 19:23:34][INFO] SIM_BRIDGE: Initializing eligibility traces for 107786 synapses (capacity: 161679, dtype: float32)...
[2026-08-19 19:23:34][INFO] SIM_BRIDGE: Initializing STDP state for 1200 neurons...
[2026-08-19 19:23:34][INFO] SIM_BRIDGE: Simulation data initialized for 1200 neurons (3D). Synapses: 107786. GPU memory: 0.0GB/9223372036.9GB (0.0%)
[2026-08-19 19:23:34][INFO] SIM_BRIDGE: ⛔ STDP IS INERT: enable_stdp=True but runtime_state.current_time_ms is still 0.0 after 50 steps. _run_one_simulation_step() does NOT advance the clock (only step_simulation() does), so every spike shares one timestamp, delta_t==0 for every pair, and every STDP update is exactly 0.0. FIX: advance it in your loop -- `bridge.runtime_state.current_time_ms += bridge.core_config.dt_ms` after each step.
[2026-08-19 19:23:47][INFO] SIM_BRIDGE: NumPy backend (CPU (NumPy backend), 8589934592.0 GB RAM available)
[2026-08-19 19:23:47][INFO] SIM_BRIDGE: Initializing simulation data for model: IZHIKEVICH (3D)... (playback_init: False)
[2026-08-19 19:23:47][INFO] SIM_BRIDGE: RNG initialized with seed: 42
[2026-08-19 19:23:47][INFO] SIM_BRIDGE: Initializing Izhikevich model specifics for 45856 neurons...
[2026-08-19 19:23:47][INFO] SIM_BRIDGE: Applying parameter heterogeneity to neuron parameters...
[2026-08-19 19:23:47][INFO] SIM_BRIDGE: Applied heterogeneity to 4 parameters.
[2026-08-19 19:23:47][INFO] SIM_BRIDGE: Initializing OU process state (tau=15.0ms, sigma=20.0pA)...
[2026-08-19 19:23:47][INFO] SIM_BRIDGE: Generating 3D neuron positions for 45856 neurons...
[2026-08-19 19:23:47][INFO] SIM_BRIDGE: Generating connections (3D)...
[2026-08-19 19:23:47][INFO] SIM_BRIDGE: Simulation data initialized for 45856 neurons (3D). Synapses: 0. GPU memory: 0.0GB/9223372036.9GB (0.0%)
[2026-08-19 19:23:47][INFO] SIM_BRIDGE: inject_explicit_wiring: installed 720 synapses across 1 populations.
[2026-08-19 19:24:22][INFO] SIM_BRIDGE: NumPy backend (CPU (NumPy backend), 8589934592.0 GB RAM available)
[2026-08-19 19:24:22][INFO] SIM_BRIDGE: Initializing simulation data for model: IZHIKEVICH (3D)... (playback_init: False)
[2026-08-19 19:24:22][INFO] SIM_BRIDGE: Brain-region framework: 2 regions, 1800 total neurons, 3 pathways.
[2026-08-19 19:24:22][INFO] SIM_BRIDGE: RNG initialized with seed: 42
[2026-08-19 19:24:22][INFO] SIM_BRIDGE: Initializing Izhikevich model specifics for 1800 neurons...
[2026-08-19 19:24:22][INFO] SIM_BRIDGE: Applying parameter heterogeneity to neuron parameters...
[2026-08-19 19:24:22][INFO] SIM_BRIDGE: Applied heterogeneity to 4 parameters.
[2026-08-19 19:24:22][INFO] SIM_BRIDGE: Initializing OU process state (tau=15.0ms, sigma=0.0pA)...
[2026-08-19 19:24:22][INFO] SIM_BRIDGE: Generating 3D neuron positions for 1800 neurons...
[2026-08-19 19:24:22][INFO] SIM_BRIDGE: Generating connections (brain-region framework)...
[2026-08-19 19:24:23][INFO] SIM_BRIDGE: inject_explicit_wiring: installed 1619529 synapses across 3 populations.
[2026-08-19 19:24:23][INFO] SIM_BRIDGE: Simulation data initialized for 1800 neurons (3D). Synapses: 1619529. GPU memory: 0.0GB/9223372036.9GB (0.0%)
[2026-08-19 19:24:23][INFO] SIM_BRIDGE: NumPy backend (CPU (NumPy backend), 8589934592.0 GB RAM available)
[2026-08-19 19:24:23][INFO] SIM_BRIDGE: Initializing simulation data for model: IZHIKEVICH (3D)... (playback_init: False)
[2026-08-19 19:24:23][INFO] SIM_BRIDGE: RNG initialized with seed: 42
[2026-08-19 19:24:23][INFO] SIM_BRIDGE: Initializing Izhikevich model specifics for 224 neurons...
[2026-08-19 19:24:23][INFO] SIM_BRIDGE: Applying parameter heterogeneity to neuron parameters...
[2026-08-19 19:24:23][INFO] SIM_BRIDGE: Applied heterogeneity to 4 parameters.
[2026-08-19 19:24:23][INFO] SIM_BRIDGE: Initializing OU process state (tau=15.0ms, sigma=20.0pA)...
[2026-08-19 19:24:23][INFO] SIM_BRIDGE: Generating 3D neuron positions for 224 neurons...
[2026-08-19 19:24:23][INFO] SIM_BRIDGE: Generating connections (3D)...
[2026-08-19 19:24:23][INFO] SIM_BRIDGE: Simulation data initialized for 224 neurons (3D). Synapses: 0. GPU memory: 0.0GB/9223372036.9GB (0.0%)
[2026-08-19 19:24:23][INFO] SIM_BRIDGE: inject_explicit_wiring: installed 4800 synapses across 1 populations.
[2026-08-19 19:25:00][INFO] SIM_BRIDGE: NumPy backend (CPU (NumPy backend), 8589934592.0 GB RAM available)
[2026-08-19 19:25:00][INFO] SIM_BRIDGE: Initializing simulation data for model: IZHIKEVICH (3D)... (playback_init: False)
[2026-08-19 19:25:00][INFO] SIM_BRIDGE: Brain-region framework: 4 regions, 1720 total neurons, 4 pathways.
[2026-08-19 19:25:00][INFO] SIM_BRIDGE: RNG initialized with seed: 42
[2026-08-19 19:25:00][INFO] SIM_BRIDGE: NMDA per-region mask: 4 regions enabled (1720 neurons)
[2026-08-19 19:25:00][INFO] SIM_BRIDGE: Initializing Izhikevich model specifics for 1720 neurons...
[2026-08-19 19:25:00][INFO] SIM_BRIDGE: Region 'cortex_ctx' (800 neurons): using Izh type IZH2007_HIPPO_PYRAMIDAL
[2026-08-19 19:25:00][INFO] SIM_BRIDGE: Region 'dlpfc_wm' (800 neurons): using Izh type IZH2007_HIPPO_PYRAMIDAL
[2026-08-19 19:25:00][INFO] SIM_BRIDGE: Region 'rel_A' (60 neurons): using Izh type IZH2007_RS_CORTICAL_PYRAMIDAL
[2026-08-19 19:25:00][INFO] SIM_BRIDGE: Region 'rel_B' (60 neurons): using Izh type IZH2007_RS_CORTICAL_PYRAMIDAL
[2026-08-19 19:25:00][INFO] SIM_BRIDGE: Applying parameter heterogeneity to neuron parameters...
[2026-08-19 19:25:00][INFO] SIM_BRIDGE: Applied heterogeneity to 4 parameters.
[2026-08-19 19:25:00][INFO] SIM_BRIDGE: Generating 3D neuron positions for 1720 neurons...
[2026-08-19 19:25:00][INFO] SIM_BRIDGE: Generating connections (brain-region framework)...
[2026-08-19 19:25:00][INFO] SIM_BRIDGE: inject_explicit_wiring: installed 72363 synapses across 6 populations.
[2026-08-19 19:25:00][INFO] SIM_BRIDGE: Initializing eligibility traces for 72363 synapses (capacity: 108544, dtype: float32)...
[2026-08-19 19:25:00][INFO] SIM_BRIDGE: Initializing STDP state for 1720 neurons...
[2026-08-19 19:25:00][INFO] SIM_BRIDGE: Simulation data initialized for 1720 neurons (3D). Synapses: 72363. GPU memory: 0.0GB/9223372036.9GB (0.0%)
[2026-08-19 19:25:00][INFO] SIM_BRIDGE: ⛔ STDP IS INERT: enable_stdp=True but runtime_state.current_time_ms is still 0.0 after 50 steps. _run_one_simulation_step() does NOT advance the clock (only step_simulation() does), so every spike shares one timestamp, delta_t==0 for every pair, and every STDP update is exactly 0.0. FIX: advance it in your loop -- `bridge.runtime_state.current_time_ms += bridge.core_config.dt_ms` after each step.
[2026-08-19 19:25:01][INFO] SIM_BRIDGE: NumPy backend (CPU (NumPy backend), 8589934592.0 GB RAM available)
[2026-08-19 19:25:01][INFO] SIM_BRIDGE: Initializing simulation data for model: IZHIKEVICH (3D)... (playback_init: False)
[2026-08-19 19:25:01][INFO] SIM_BRIDGE: RNG initialized with seed: 42
[2026-08-19 19:25:01][INFO] SIM_BRIDGE: Initializing Izhikevich model specifics for 144 neurons...
[2026-08-19 19:25:01][INFO] SIM_BRIDGE: Applying parameter heterogeneity to neuron parameters...
[2026-08-19 19:25:01][INFO] SIM_BRIDGE: Applied heterogeneity to 4 parameters.
[2026-08-19 19:25:01][INFO] SIM_BRIDGE: Initializing OU process state (tau=15.0ms, sigma=0.0pA)...
[2026-08-19 19:25:01][INFO] SIM_BRIDGE: Generating 3D neuron positions for 144 neurons...
[2026-08-19 19:25:01][INFO] SIM_BRIDGE: Generating connections (3D)...
[2026-08-19 19:25:01][INFO] SIM_BRIDGE: Simulation data initialized for 144 neurons (3D). Synapses: 0. GPU memory: 0.0GB/9223372036.9GB (0.0%)
[2026-08-19 19:25:01][INFO] SIM_BRIDGE: NumPy backend (CPU (NumPy backend), 8589934592.0 GB RAM available)
[2026-08-19 19:25:01][INFO] SIM_BRIDGE: Initializing simulation data for model: IZHIKEVICH (3D)... (playback_init: False)
[2026-08-19 19:25:01][INFO] SIM_BRIDGE: RNG initialized with seed: 42
[2026-08-19 19:25:01][INFO] SIM_BRIDGE: Initializing Izhikevich model specifics for 2 neurons...
[2026-08-19 19:25:01][INFO] SIM_BRIDGE: Applying parameter heterogeneity to neuron parameters...
[2026-08-19 19:25:01][INFO] SIM_BRIDGE: Applied heterogeneity to 4 parameters.
[2026-08-19 19:25:01][INFO] SIM_BRIDGE: Initializing OU process state (tau=15.0ms, sigma=0.0pA)...
[2026-08-19 19:25:01][INFO] SIM_BRIDGE: Generating 3D neuron positions for 2 neurons...
[2026-08-19 19:25:01][INFO] SIM_BRIDGE: Generating connections (3D)...
[2026-08-19 19:25:01][INFO] SIM_BRIDGE: Simulation data initialized for 2 neurons (3D). Synapses: 0. GPU memory: 0.0GB/9223372036.9GB (0.0%)
[2026-08-19 19:25:04][INFO] SIM_BRIDGE: NumPy backend (CPU (NumPy backend), 8589934592.0 GB RAM available)
[2026-08-19 19:25:04][INFO] SIM_BRIDGE: Initializing simulation data for model: IZHIKEVICH (3D)... (playback_init: False)
[2026-08-19 19:25:04][INFO] SIM_BRIDGE: Brain-region framework: 2 regions, 1200 total neurons, 2 pathways.
[2026-08-19 19:25:04][INFO] SIM_BRIDGE: RNG initialized with seed: 42
[2026-08-19 19:25:04][INFO] SIM_BRIDGE: NMDA per-region mask: 2 regions enabled (1200 neurons)
[2026-08-19 19:25:04][INFO] SIM_BRIDGE: Initializing Izhikevich model specifics for 1200 neurons...
[2026-08-19 19:25:04][INFO] SIM_BRIDGE: Region 'cortex_ctx' (600 neurons): using Izh type IZH2007_HIPPO_PYRAMIDAL
[2026-08-19 19:25:04][INFO] SIM_BRIDGE: Region 'dlpfc_wm' (600 neurons): using Izh type IZH2007_HIPPO_PYRAMIDAL
[2026-08-19 19:25:04][INFO] SIM_BRIDGE: Applying parameter heterogeneity to neuron parameters...
[2026-08-19 19:25:04][INFO] SIM_BRIDGE: Applied heterogeneity to 4 parameters.
[2026-08-19 19:25:04][INFO] SIM_BRIDGE: Generating 3D neuron positions for 1200 neurons...
[2026-08-19 19:25:04][INFO] SIM_BRIDGE: Generating connections (brain-region framework)...
[2026-08-19 19:25:04][INFO] SIM_BRIDGE: inject_explicit_wiring: installed 107786 synapses across 4 populations.
[2026-08-19 19:25:04][INFO] SIM_BRIDGE: Initializing eligibility traces for 107786 synapses (capacity: 161679, dtype: float32)...
[2026-08-19 19:25:04][INFO] SIM_BRIDGE: Initializing STDP state for 1200 neurons...
[2026-08-19 19:25:04][INFO] SIM_BRIDGE: Simulation data initialized for 1200 neurons (3D). Synapses: 107786. GPU memory: 0.0GB/9223372036.9GB (0.0%)
[2026-08-19 19:25:04][INFO] SIM_BRIDGE: ⛔ STDP IS INERT: enable_stdp=True but runtime_state.current_time_ms is still 0.0 after 50 steps. _run_one_simulation_step() does NOT advance the clock (only step_simulation() does), so every spike shares one timestamp, delta_t==0 for every pair, and every STDP update is exactly 0.0. FIX: advance it in your loop -- `bridge.runtime_state.current_time_ms += bridge.core_config.dt_ms` after each step.
  [prospective-memory        ] answer_changed=True  meta_present=True  -> DRIVER
      intact : '(Reminder — you asked me to call mom when I get home came up, and I get home just came up.'
      lesion : 'The I gots home.'
[2026-08-19 19:25:16][INFO] SIM_BRIDGE: NumPy backend (CPU (NumPy backend), 8589934592.0 GB RAM available)
[2026-08-19 19:25:16][INFO] SIM_BRIDGE: Initializing simulation data for model: IZHIKEVICH (3D)... (playback_init: False)
[2026-08-19 19:25:16][INFO] SIM_BRIDGE: RNG initialized with seed: 42
[2026-08-19 19:25:16][INFO] SIM_BRIDGE: Initializing Izhikevich model specifics for 45856 neurons...
[2026-08-19 19:25:16][INFO] SIM_BRIDGE: Applying parameter heterogeneity to neuron parameters...
[2026-08-19 19:25:16][INFO] SIM_BRIDGE: Applied heterogeneity to 4 parameters.
[2026-08-19 19:25:16][INFO] SIM_BRIDGE: Initializing OU process state (tau=15.0ms, sigma=20.0pA)...
[2026-08-19 19:25:16][INFO] SIM_BRIDGE: Generating 3D neuron positions for 45856 neurons...
[2026-08-19 19:25:16][INFO] SIM_BRIDGE: Generating connections (3D)...
[2026-08-19 19:25:16][INFO] SIM_BRIDGE: Simulation data initialized for 45856 neurons (3D). Synapses: 0. GPU memory: 0.0GB/9223372036.9GB (0.0%)
[2026-08-19 19:25:16][INFO] SIM_BRIDGE: inject_explicit_wiring: installed 720 synapses across 1 populations.
[2026-08-19 19:25:47][INFO] SIM_BRIDGE: NumPy backend (CPU (NumPy backend), 8589934592.0 GB RAM available)
[2026-08-19 19:25:47][INFO] SIM_BRIDGE: Initializing simulation data for model: IZHIKEVICH (3D)... (playback_init: False)
[2026-08-19 19:25:47][INFO] SIM_BRIDGE: Brain-region framework: 2 regions, 1800 total neurons, 3 pathways.
[2026-08-19 19:25:47][INFO] SIM_BRIDGE: RNG initialized with seed: 42
[2026-08-19 19:25:47][INFO] SIM_BRIDGE: Initializing Izhikevich model specifics for 1800 neurons...
[2026-08-19 19:25:47][INFO] SIM_BRIDGE: Applying parameter heterogeneity to neuron parameters...
[2026-08-19 19:25:47][INFO] SIM_BRIDGE: Applied heterogeneity to 4 parameters.
[2026-08-19 19:25:47][INFO] SIM_BRIDGE: Initializing OU process state (tau=15.0ms, sigma=0.0pA)...
[2026-08-19 19:25:47][INFO] SIM_BRIDGE: Generating 3D neuron positions for 1800 neurons...
[2026-08-19 19:25:47][INFO] SIM_BRIDGE: Generating connections (brain-region framework)...
[2026-08-19 19:25:48][INFO] SIM_BRIDGE: inject_explicit_wiring: installed 1619529 synapses across 3 populations.
[2026-08-19 19:25:48][INFO] SIM_BRIDGE: Simulation data initialized for 1800 neurons (3D). Synapses: 1619529. GPU memory: 0.0GB/9223372036.9GB (0.0%)
[2026-08-19 19:25:48][INFO] SIM_BRIDGE: NumPy backend (CPU (NumPy backend), 8589934592.0 GB RAM available)
[2026-08-19 19:25:48][INFO] SIM_BRIDGE: Initializing simulation data for model: IZHIKEVICH (3D)... (playback_init: False)
[2026-08-19 19:25:48][INFO] SIM_BRIDGE: RNG initialized with seed: 42
[2026-08-19 19:25:48][INFO] SIM_BRIDGE: Initializing Izhikevich model specifics for 224 neurons...
[2026-08-19 19:25:48][INFO] SIM_BRIDGE: Applying parameter heterogeneity to neuron parameters...
[2026-08-19 19:25:48][INFO] SIM_BRIDGE: Applied heterogeneity to 4 parameters.
[2026-08-19 19:25:48][INFO] SIM_BRIDGE: Initializing OU process state (tau=15.0ms, sigma=20.0pA)...
[2026-08-19 19:25:48][INFO] SIM_BRIDGE: Generating 3D neuron positions for 224 neurons...
[2026-08-19 19:25:48][INFO] SIM_BRIDGE: Generating connections (3D)...
[2026-08-19 19:25:48][INFO] SIM_BRIDGE: Simulation data initialized for 224 neurons (3D). Synapses: 0. GPU memory: 0.0GB/9223372036.9GB (0.0%)
[2026-08-19 19:25:48][INFO] SIM_BRIDGE: inject_explicit_wiring: installed 4800 synapses across 1 populations.
[2026-08-19 19:26:25][INFO] SIM_BRIDGE: NumPy backend (CPU (NumPy backend), 8589934592.0 GB RAM available)
[2026-08-19 19:26:25][INFO] SIM_BRIDGE: Initializing simulation data for model: IZHIKEVICH (3D)... (playback_init: False)
[2026-08-19 19:26:25][INFO] SIM_BRIDGE: RNG initialized with seed: 42
[2026-08-19 19:26:25][INFO] SIM_BRIDGE: Initializing Izhikevich model specifics for 144 neurons...
[2026-08-19 19:26:25][INFO] SIM_BRIDGE: Applying parameter heterogeneity to neuron parameters...
[2026-08-19 19:26:25][INFO] SIM_BRIDGE: Applied heterogeneity to 4 parameters.
[2026-08-19 19:26:25][INFO] SIM_BRIDGE: Initializing OU process state (tau=15.0ms, sigma=0.0pA)...
[2026-08-19 19:26:25][INFO] SIM_BRIDGE: Generating 3D neuron positions for 144 neurons...
[2026-08-19 19:26:25][INFO] SIM_BRIDGE: Generating connections (3D)...
[2026-08-19 19:26:25][INFO] SIM_BRIDGE: Simulation data initialized for 144 neurons (3D). Synapses: 0. GPU memory: 0.0GB/9223372036.9GB (0.0%)
[2026-08-19 19:26:25][INFO] SIM_BRIDGE: NumPy backend (CPU (NumPy backend), 8589934592.0 GB RAM available)
[2026-08-19 19:26:25][INFO] SIM_BRIDGE: Initializing simulation data for model: IZHIKEVICH (3D)... (playback_init: False)
[2026-08-19 19:26:25][INFO] SIM_BRIDGE: RNG initialized with seed: 42
[2026-08-19 19:26:25][INFO] SIM_BRIDGE: Initializing Izhikevich model specifics for 2 neurons...
[2026-08-19 19:26:25][INFO] SIM_BRIDGE: Applying parameter heterogeneity to neuron parameters...
[2026-08-19 19:26:25][INFO] SIM_BRIDGE: Applied heterogeneity to 4 parameters.
[2026-08-19 19:26:25][INFO] SIM_BRIDGE: Initializing OU process state (tau=15.0ms, sigma=0.0pA)...
[2026-08-19 19:26:25][INFO] SIM_BRIDGE: Generating 3D neuron positions for 2 neurons...
[2026-08-19 19:26:25][INFO] SIM_BRIDGE: Generating connections (3D)...
[2026-08-19 19:26:25][INFO] SIM_BRIDGE: Simulation data initialized for 2 neurons (3D). Synapses: 0. GPU memory: 0.0GB/9223372036.9GB (0.0%)
[2026-08-19 19:26:32][INFO] SIM_BRIDGE: NumPy backend (CPU (NumPy backend), 8589934592.0 GB RAM available)
[2026-08-19 19:26:32][INFO] SIM_BRIDGE: Initializing simulation data for model: IZHIKEVICH (3D)... (playback_init: False)
[2026-08-19 19:26:32][INFO] SIM_BRIDGE: RNG initialized with seed: 42
[2026-08-19 19:26:32][INFO] SIM_BRIDGE: Initializing Izhikevich model specifics for 45856 neurons...
[2026-08-19 19:26:32][INFO] SIM_BRIDGE: Applying parameter heterogeneity to neuron parameters...
[2026-08-19 19:26:32][INFO] SIM_BRIDGE: Applied heterogeneity to 4 parameters.
[2026-08-19 19:26:32][INFO] SIM_BRIDGE: Initializing OU process state (tau=15.0ms, sigma=20.0pA)...
[2026-08-19 19:26:32][INFO] SIM_BRIDGE: Generating 3D neuron positions for 45856 neurons...
[2026-08-19 19:26:32][INFO] SIM_BRIDGE: Generating connections (3D)...
[2026-08-19 19:26:32][INFO] SIM_BRIDGE: Simulation data initialized for 45856 neurons (3D). Synapses: 0. GPU memory: 0.0GB/9223372036.9GB (0.0%)
[2026-08-19 19:26:32][INFO] SIM_BRIDGE: inject_explicit_wiring: installed 720 synapses across 1 populations.
[2026-08-19 19:27:02][INFO] SIM_BRIDGE: NumPy backend (CPU (NumPy backend), 8589934592.0 GB RAM available)
[2026-08-19 19:27:02][INFO] SIM_BRIDGE: Initializing simulation data for model: IZHIKEVICH (3D)... (playback_init: False)
[2026-08-19 19:27:02][INFO] SIM_BRIDGE: Brain-region framework: 2 regions, 1800 total neurons, 3 pathways.
[2026-08-19 19:27:02][INFO] SIM_BRIDGE: RNG initialized with seed: 42
[2026-08-19 19:27:02][INFO] SIM_BRIDGE: Initializing Izhikevich model specifics for 1800 neurons...
[2026-08-19 19:27:02][INFO] SIM_BRIDGE: Applying parameter heterogeneity to neuron parameters...
[2026-08-19 19:27:02][INFO] SIM_BRIDGE: Applied heterogeneity to 4 parameters.
[2026-08-19 19:27:02][INFO] SIM_BRIDGE: Initializing OU process state (tau=15.0ms, sigma=0.0pA)...
[2026-08-19 19:27:02][INFO] SIM_BRIDGE: Generating 3D neuron positions for 1800 neurons...
[2026-08-19 19:27:02][INFO] SIM_BRIDGE: Generating connections (brain-region framework)...
[2026-08-19 19:27:04][INFO] SIM_BRIDGE: inject_explicit_wiring: installed 1619529 synapses across 3 populations.
[2026-08-19 19:27:04][INFO] SIM_BRIDGE: Simulation data initialized for 1800 neurons (3D). Synapses: 1619529. GPU memory: 0.0GB/9223372036.9GB (0.0%)
[2026-08-19 19:27:04][INFO] SIM_BRIDGE: NumPy backend (CPU (NumPy backend), 8589934592.0 GB RAM available)
[2026-08-19 19:27:04][INFO] SIM_BRIDGE: Initializing simulation data for model: IZHIKEVICH (3D)... (playback_init: False)
[2026-08-19 19:27:04][INFO] SIM_BRIDGE: RNG initialized with seed: 42
[2026-08-19 19:27:04][INFO] SIM_BRIDGE: Initializing Izhikevich model specifics for 224 neurons...
[2026-08-19 19:27:04][INFO] SIM_BRIDGE: Applying parameter heterogeneity to neuron parameters...
[2026-08-19 19:27:04][INFO] SIM_BRIDGE: Applied heterogeneity to 4 parameters.
[2026-08-19 19:27:04][INFO] SIM_BRIDGE: Initializing OU process state (tau=15.0ms, sigma=20.0pA)...
[2026-08-19 19:27:04][INFO] SIM_BRIDGE: Generating 3D neuron positions for 224 neurons...
[2026-08-19 19:27:04][INFO] SIM_BRIDGE: Generating connections (3D)...
[2026-08-19 19:27:04][INFO] SIM_BRIDGE: Simulation data initialized for 224 neurons (3D). Synapses: 0. GPU memory: 0.0GB/9223372036.9GB (0.0%)
[2026-08-19 19:27:04][INFO] SIM_BRIDGE: inject_explicit_wiring: installed 4800 synapses across 1 populations.
[2026-08-19 19:27:39][INFO] SIM_BRIDGE: NumPy backend (CPU (NumPy backend), 8589934592.0 GB RAM available)
[2026-08-19 19:27:39][INFO] SIM_BRIDGE: Initializing simulation data for model: IZHIKEVICH (3D)... (playback_init: False)
[2026-08-19 19:27:39][INFO] SIM_BRIDGE: RNG initialized with seed: 42
[2026-08-19 19:27:39][INFO] SIM_BRIDGE: Initializing Izhikevich model specifics for 144 neurons...
[2026-08-19 19:27:39][INFO] SIM_BRIDGE: Applying parameter heterogeneity to neuron parameters...
[2026-08-19 19:27:39][INFO] SIM_BRIDGE: Applied heterogeneity to 4 parameters.
[2026-08-19 19:27:39][INFO] SIM_BRIDGE: Initializing OU process state (tau=15.0ms, sigma=0.0pA)...
[2026-08-19 19:27:39][INFO] SIM_BRIDGE: Generating 3D neuron positions for 144 neurons...
[2026-08-19 19:27:39][INFO] SIM_BRIDGE: Generating connections (3D)...
[2026-08-19 19:27:39][INFO] SIM_BRIDGE: Simulation data initialized for 144 neurons (3D). Synapses: 0. GPU memory: 0.0GB/9223372036.9GB (0.0%)
[2026-08-19 19:27:39][INFO] SIM_BRIDGE: NumPy backend (CPU (NumPy backend), 8589934592.0 GB RAM available)
[2026-08-19 19:27:39][INFO] SIM_BRIDGE: Initializing simulation data for model: IZHIKEVICH (3D)... (playback_init: False)
[2026-08-19 19:27:39][INFO] SIM_BRIDGE: RNG initialized with seed: 42
[2026-08-19 19:27:39][INFO] SIM_BRIDGE: Initializing Izhikevich model specifics for 2 neurons...
[2026-08-19 19:27:39][INFO] SIM_BRIDGE: Applying parameter heterogeneity to neuron parameters...
[2026-08-19 19:27:39][INFO] SIM_BRIDGE: Applied heterogeneity to 4 parameters.
[2026-08-19 19:27:39][INFO] SIM_BRIDGE: Initializing OU process state (tau=15.0ms, sigma=0.0pA)...
[2026-08-19 19:27:39][INFO] SIM_BRIDGE: Generating 3D neuron positions for 2 neurons...
[2026-08-19 19:27:39][INFO] SIM_BRIDGE: Generating connections (3D)...
[2026-08-19 19:27:39][INFO] SIM_BRIDGE: Simulation data initialized for 2 neurons (3D). Synapses: 0. GPU memory: 0.0GB/9223372036.9GB (0.0%)
  [episodic-memory           ] answer_changed=False meta_present=True  -> OBSERVER_OR_FEEDER
      intact : "I don't recall us discussing dog — no assembly completes for that cue (a genuine spiking c"
      lesion : "I don't recall us discussing dog — no assembly completes for that cue (a genuine spiking c"
[2026-08-19 19:27:46][INFO] SIM_BRIDGE: NumPy backend (CPU (NumPy backend), 8589934592.0 GB RAM available)
[2026-08-19 19:27:46][INFO] SIM_BRIDGE: Initializing simulation data for model: IZHIKEVICH (3D)... (playback_init: False)
[2026-08-19 19:27:46][INFO] SIM_BRIDGE: RNG initialized with seed: 42
[2026-08-19 19:27:46][INFO] SIM_BRIDGE: Initializing Izhikevich model specifics for 45856 neurons...
[2026-08-19 19:27:46][INFO] SIM_BRIDGE: Applying parameter heterogeneity to neuron parameters...
[2026-08-19 19:27:46][INFO] SIM_BRIDGE: Applied heterogeneity to 4 parameters.
[2026-08-19 19:27:46][INFO] SIM_BRIDGE: Initializing OU process state (tau=15.0ms, sigma=20.0pA)...
[2026-08-19 19:27:46][INFO] SIM_BRIDGE: Generating 3D neuron positions for 45856 neurons...
[2026-08-19 19:27:46][INFO] SIM_BRIDGE: Generating connections (3D)...
[2026-08-19 19:27:46][INFO] SIM_BRIDGE: Simulation data initialized for 45856 neurons (3D). Synapses: 0. GPU memory: 0.0GB/9223372036.9GB (0.0%)
[2026-08-19 19:27:46][INFO] SIM_BRIDGE: inject_explicit_wiring: installed 720 synapses across 1 populations.
[2026-08-19 19:28:17][INFO] SIM_BRIDGE: NumPy backend (CPU (NumPy backend), 8589934592.0 GB RAM available)
[2026-08-19 19:28:17][INFO] SIM_BRIDGE: Initializing simulation data for model: IZHIKEVICH (3D)... (playback_init: False)
[2026-08-19 19:28:17][INFO] SIM_BRIDGE: Brain-region framework: 2 regions, 1800 total neurons, 3 pathways.
[2026-08-19 19:28:17][INFO] SIM_BRIDGE: RNG initialized with seed: 42
[2026-08-19 19:28:17][INFO] SIM_BRIDGE: Initializing Izhikevich model specifics for 1800 neurons...
[2026-08-19 19:28:17][INFO] SIM_BRIDGE: Applying parameter heterogeneity to neuron parameters...
[2026-08-19 19:28:17][INFO] SIM_BRIDGE: Applied heterogeneity to 4 parameters.
[2026-08-19 19:28:17][INFO] SIM_BRIDGE: Initializing OU process state (tau=15.0ms, sigma=0.0pA)...
[2026-08-19 19:28:17][INFO] SIM_BRIDGE: Generating 3D neuron positions for 1800 neurons...
[2026-08-19 19:28:17][INFO] SIM_BRIDGE: Generating connections (brain-region framework)...
[2026-08-19 19:28:18][INFO] SIM_BRIDGE: inject_explicit_wiring: installed 1619529 synapses across 3 populations.
[2026-08-19 19:28:18][INFO] SIM_BRIDGE: Simulation data initialized for 1800 neurons (3D). Synapses: 1619529. GPU memory: 0.0GB/9223372036.9GB (0.0%)
[2026-08-19 19:28:18][INFO] SIM_BRIDGE: NumPy backend (CPU (NumPy backend), 8589934592.0 GB RAM available)
[2026-08-19 19:28:18][INFO] SIM_BRIDGE: Initializing simulation data for model: IZHIKEVICH (3D)... (playback_init: False)
[2026-08-19 19:28:18][INFO] SIM_BRIDGE: RNG initialized with seed: 42
[2026-08-19 19:28:18][INFO] SIM_BRIDGE: Initializing Izhikevich model specifics for 224 neurons...
[2026-08-19 19:28:18][INFO] SIM_BRIDGE: Applying parameter heterogeneity to neuron parameters...
[2026-08-19 19:28:18][INFO] SIM_BRIDGE: Applied heterogeneity to 4 parameters.
[2026-08-19 19:28:18][INFO] SIM_BRIDGE: Initializing OU process state (tau=15.0ms, sigma=20.0pA)...
[2026-08-19 19:28:18][INFO] SIM_BRIDGE: Generating 3D neuron positions for 224 neurons...
[2026-08-19 19:28:18][INFO] SIM_BRIDGE: Generating connections (3D)...
[2026-08-19 19:28:18][INFO] SIM_BRIDGE: Simulation data initialized for 224 neurons (3D). Synapses: 0. GPU memory: 0.0GB/9223372036.9GB (0.0%)
[2026-08-19 19:28:18][INFO] SIM_BRIDGE: inject_explicit_wiring: installed 4800 synapses across 1 populations.
[2026-08-19 19:29:01][INFO] SIM_BRIDGE: NumPy backend (CPU (NumPy backend), 8589934592.0 GB RAM available)
[2026-08-19 19:29:01][INFO] SIM_BRIDGE: Initializing simulation data for model: IZHIKEVICH (3D)... (playback_init: False)
[2026-08-19 19:29:01][INFO] SIM_BRIDGE: RNG initialized with seed: 42
[2026-08-19 19:29:01][INFO] SIM_BRIDGE: Initializing Izhikevich model specifics for 144 neurons...
[2026-08-19 19:29:01][INFO] SIM_BRIDGE: Applying parameter heterogeneity to neuron parameters...
[2026-08-19 19:29:01][INFO] SIM_BRIDGE: Applied heterogeneity to 4 parameters.
[2026-08-19 19:29:01][INFO] SIM_BRIDGE: Initializing OU process state (tau=15.0ms, sigma=0.0pA)...
[2026-08-19 19:29:01][INFO] SIM_BRIDGE: Generating 3D neuron positions for 144 neurons...
[2026-08-19 19:29:01][INFO] SIM_BRIDGE: Generating connections (3D)...
[2026-08-19 19:29:01][INFO] SIM_BRIDGE: Simulation data initialized for 144 neurons (3D). Synapses: 0. GPU memory: 0.0GB/9223372036.9GB (0.0%)
[2026-08-19 19:29:01][INFO] SIM_BRIDGE: NumPy backend (CPU (NumPy backend), 8589934592.0 GB RAM available)
[2026-08-19 19:29:01][INFO] SIM_BRIDGE: Initializing simulation data for model: IZHIKEVICH (3D)... (playback_init: False)
[2026-08-19 19:29:01][INFO] SIM_BRIDGE: RNG initialized with seed: 42
[2026-08-19 19:29:01][INFO] SIM_BRIDGE: Initializing Izhikevich model specifics for 2 neurons...
[2026-08-19 19:29:01][INFO] SIM_BRIDGE: Applying parameter heterogeneity to neuron parameters...
[2026-08-19 19:29:01][INFO] SIM_BRIDGE: Applied heterogeneity to 4 parameters.
[2026-08-19 19:29:01][INFO] SIM_BRIDGE: Initializing OU process state (tau=15.0ms, sigma=0.0pA)...
[2026-08-19 19:29:01][INFO] SIM_BRIDGE: Generating 3D neuron positions for 2 neurons...
[2026-08-19 19:29:01][INFO] SIM_BRIDGE: Generating connections (3D)...
[2026-08-19 19:29:01][INFO] SIM_BRIDGE: Simulation data initialized for 2 neurons (3D). Synapses: 0. GPU memory: 0.0GB/9223372036.9GB (0.0%)
[2026-08-19 19:29:03][INFO] SIM_BRIDGE: NumPy backend (CPU (NumPy backend), 8589934592.0 GB RAM available)
[2026-08-19 19:29:03][INFO] SIM_BRIDGE: Initializing simulation data for model: IZHIKEVICH (3D)... (playback_init: False)
[2026-08-19 19:29:03][INFO] SIM_BRIDGE: Brain-region framework: 2 regions, 1200 total neurons, 2 pathways.
[2026-08-19 19:29:03][INFO] SIM_BRIDGE: RNG initialized with seed: 42
[2026-08-19 19:29:03][INFO] SIM_BRIDGE: NMDA per-region mask: 2 regions enabled (1200 neurons)
[2026-08-19 19:29:03][INFO] SIM_BRIDGE: Initializing Izhikevich model specifics for 1200 neurons...
[2026-08-19 19:29:03][INFO] SIM_BRIDGE: Region 'cortex_ctx' (600 neurons): using Izh type IZH2007_HIPPO_PYRAMIDAL
[2026-08-19 19:29:03][INFO] SIM_BRIDGE: Region 'dlpfc_wm' (600 neurons): using Izh type IZH2007_HIPPO_PYRAMIDAL
[2026-08-19 19:29:03][INFO] SIM_BRIDGE: Applying parameter heterogeneity to neuron parameters...
[2026-08-19 19:29:03][INFO] SIM_BRIDGE: Applied heterogeneity to 4 parameters.
[2026-08-19 19:29:03][INFO] SIM_BRIDGE: Generating 3D neuron positions for 1200 neurons...
[2026-08-19 19:29:03][INFO] SIM_BRIDGE: Generating connections (brain-region framework)...
[2026-08-19 19:29:03][INFO] SIM_BRIDGE: inject_explicit_wiring: installed 107786 synapses across 4 populations.
[2026-08-19 19:29:03][INFO] SIM_BRIDGE: Initializing eligibility traces for 107786 synapses (capacity: 161679, dtype: float32)...
[2026-08-19 19:29:03][INFO] SIM_BRIDGE: Initializing STDP state for 1200 neurons...
[2026-08-19 19:29:03][INFO] SIM_BRIDGE: Simulation data initialized for 1200 neurons (3D). Synapses: 107786. GPU memory: 0.0GB/9223372036.9GB (0.0%)
[2026-08-19 19:29:04][INFO] SIM_BRIDGE: ⛔ STDP IS INERT: enable_stdp=True but runtime_state.current_time_ms is still 0.0 after 50 steps. _run_one_simulation_step() does NOT advance the clock (only step_simulation() does), so every spike shares one timestamp, delta_t==0 for every pair, and every STDP update is exactly 0.0. FIX: advance it in your loop -- `bridge.runtime_state.current_time_ms += bridge.core_config.dt_ms` after each step.
[2026-08-19 19:29:11][INFO] SIM_BRIDGE: NumPy backend (CPU (NumPy backend), 8589934592.0 GB RAM available)
[2026-08-19 19:29:11][INFO] SIM_BRIDGE: Initializing simulation data for model: IZHIKEVICH (3D)... (playback_init: False)
[2026-08-19 19:29:11][INFO] SIM_BRIDGE: RNG initialized with seed: 42
[2026-08-19 19:29:11][INFO] SIM_BRIDGE: Initializing Izhikevich model specifics for 45856 neurons...
[2026-08-19 19:29:11][INFO] SIM_BRIDGE: Applying parameter heterogeneity to neuron parameters...
[2026-08-19 19:29:11][INFO] SIM_BRIDGE: Applied heterogeneity to 4 parameters.
[2026-08-19 19:29:11][INFO] SIM_BRIDGE: Initializing OU process state (tau=15.0ms, sigma=20.0pA)...
[2026-08-19 19:29:11][INFO] SIM_BRIDGE: Generating 3D neuron positions for 45856 neurons...
[2026-08-19 19:29:11][INFO] SIM_BRIDGE: Generating connections (3D)...
[2026-08-19 19:29:11][INFO] SIM_BRIDGE: Simulation data initialized for 45856 neurons (3D). Synapses: 0. GPU memory: 0.0GB/9223372036.9GB (0.0%)
[2026-08-19 19:29:11][INFO] SIM_BRIDGE: inject_explicit_wiring: installed 720 synapses across 1 populations.
[2026-08-19 19:29:42][INFO] SIM_BRIDGE: NumPy backend (CPU (NumPy backend), 8589934592.0 GB RAM available)
[2026-08-19 19:29:42][INFO] SIM_BRIDGE: Initializing simulation data for model: IZHIKEVICH (3D)... (playback_init: False)
[2026-08-19 19:29:42][INFO] SIM_BRIDGE: Brain-region framework: 2 regions, 1800 total neurons, 3 pathways.
[2026-08-19 19:29:42][INFO] SIM_BRIDGE: RNG initialized with seed: 42
[2026-08-19 19:29:42][INFO] SIM_BRIDGE: Initializing Izhikevich model specifics for 1800 neurons...
[2026-08-19 19:29:42][INFO] SIM_BRIDGE: Applying parameter heterogeneity to neuron parameters...
[2026-08-19 19:29:42][INFO] SIM_BRIDGE: Applied heterogeneity to 4 parameters.
[2026-08-19 19:29:42][INFO] SIM_BRIDGE: Initializing OU process state (tau=15.0ms, sigma=0.0pA)...
[2026-08-19 19:29:42][INFO] SIM_BRIDGE: Generating 3D neuron positions for 1800 neurons...
[2026-08-19 19:29:42][INFO] SIM_BRIDGE: Generating connections (brain-region framework)...
[2026-08-19 19:29:44][INFO] SIM_BRIDGE: inject_explicit_wiring: installed 1619529 synapses across 3 populations.
[2026-08-19 19:29:44][INFO] SIM_BRIDGE: Simulation data initialized for 1800 neurons (3D). Synapses: 1619529. GPU memory: 0.0GB/9223372036.9GB (0.0%)
[2026-08-19 19:29:44][INFO] SIM_BRIDGE: NumPy backend (CPU (NumPy backend), 8589934592.0 GB RAM available)
[2026-08-19 19:29:44][INFO] SIM_BRIDGE: Initializing simulation data for model: IZHIKEVICH (3D)... (playback_init: False)
[2026-08-19 19:29:44][INFO] SIM_BRIDGE: RNG initialized with seed: 42
[2026-08-19 19:29:44][INFO] SIM_BRIDGE: Initializing Izhikevich model specifics for 224 neurons...
[2026-08-19 19:29:44][INFO] SIM_BRIDGE: Applying parameter heterogeneity to neuron parameters...
[2026-08-19 19:29:44][INFO] SIM_BRIDGE: Applied heterogeneity to 4 parameters.
[2026-08-19 19:29:44][INFO] SIM_BRIDGE: Initializing OU process state (tau=15.0ms, sigma=20.0pA)...
[2026-08-19 19:29:44][INFO] SIM_BRIDGE: Generating 3D neuron positions for 224 neurons...
[2026-08-19 19:29:44][INFO] SIM_BRIDGE: Generating connections (3D)...
[2026-08-19 19:29:44][INFO] SIM_BRIDGE: Simulation data initialized for 224 neurons (3D). Synapses: 0. GPU memory: 0.0GB/9223372036.9GB (0.0%)
[2026-08-19 19:29:44][INFO] SIM_BRIDGE: inject_explicit_wiring: installed 4800 synapses across 1 populations.
[2026-08-19 19:30:26][INFO] SIM_BRIDGE: NumPy backend (CPU (NumPy backend), 8589934592.0 GB RAM available)
[2026-08-19 19:30:26][INFO] SIM_BRIDGE: Initializing simulation data for model: IZHIKEVICH (3D)... (playback_init: False)
[2026-08-19 19:30:26][INFO] SIM_BRIDGE: RNG initialized with seed: 42
[2026-08-19 19:30:26][INFO] SIM_BRIDGE: Initializing Izhikevich model specifics for 144 neurons...
[2026-08-19 19:30:26][INFO] SIM_BRIDGE: Applying parameter heterogeneity to neuron parameters...
[2026-08-19 19:30:26][INFO] SIM_BRIDGE: Applied heterogeneity to 4 parameters.
[2026-08-19 19:30:26][INFO] SIM_BRIDGE: Initializing OU process state (tau=15.0ms, sigma=0.0pA)...
[2026-08-19 19:30:26][INFO] SIM_BRIDGE: Generating 3D neuron positions for 144 neurons...
[2026-08-19 19:30:26][INFO] SIM_BRIDGE: Generating connections (3D)...
[2026-08-19 19:30:26][INFO] SIM_BRIDGE: Simulation data initialized for 144 neurons (3D). Synapses: 0. GPU memory: 0.0GB/9223372036.9GB (0.0%)
[2026-08-19 19:30:26][INFO] SIM_BRIDGE: NumPy backend (CPU (NumPy backend), 8589934592.0 GB RAM available)
[2026-08-19 19:30:26][INFO] SIM_BRIDGE: Initializing simulation data for model: IZHIKEVICH (3D)... (playback_init: False)
[2026-08-19 19:30:26][INFO] SIM_BRIDGE: RNG initialized with seed: 42
[2026-08-19 19:30:26][INFO] SIM_BRIDGE: Initializing Izhikevich model specifics for 2 neurons...
[2026-08-19 19:30:26][INFO] SIM_BRIDGE: Applying parameter heterogeneity to neuron parameters...
[2026-08-19 19:30:26][INFO] SIM_BRIDGE: Applied heterogeneity to 4 parameters.
[2026-08-19 19:30:26][INFO] SIM_BRIDGE: Initializing OU process state (tau=15.0ms, sigma=0.0pA)...
[2026-08-19 19:30:26][INFO] SIM_BRIDGE: Generating 3D neuron positions for 2 neurons...
[2026-08-19 19:30:26][INFO] SIM_BRIDGE: Generating connections (3D)...
[2026-08-19 19:30:26][INFO] SIM_BRIDGE: Simulation data initialized for 2 neurons (3D). Synapses: 0. GPU memory: 0.0GB/9223372036.9GB (0.0%)
[2026-08-19 19:30:28][INFO] SIM_BRIDGE: NumPy backend (CPU (NumPy backend), 8589934592.0 GB RAM available)
[2026-08-19 19:30:28][INFO] SIM_BRIDGE: Initializing simulation data for model: IZHIKEVICH (3D)... (playback_init: False)
[2026-08-19 19:30:28][INFO] SIM_BRIDGE: Brain-region framework: 2 regions, 1200 total neurons, 2 pathways.
[2026-08-19 19:30:28][INFO] SIM_BRIDGE: RNG initialized with seed: 42
[2026-08-19 19:30:28][INFO] SIM_BRIDGE: NMDA per-region mask: 2 regions enabled (1200 neurons)
[2026-08-19 19:30:28][INFO] SIM_BRIDGE: Initializing Izhikevich model specifics for 1200 neurons...
[2026-08-19 19:30:28][INFO] SIM_BRIDGE: Region 'cortex_ctx' (600 neurons): using Izh type IZH2007_HIPPO_PYRAMIDAL
[2026-08-19 19:30:28][INFO] SIM_BRIDGE: Region 'dlpfc_wm' (600 neurons): using Izh type IZH2007_HIPPO_PYRAMIDAL
[2026-08-19 19:30:28][INFO] SIM_BRIDGE: Applying parameter heterogeneity to neuron parameters...
[2026-08-19 19:30:28][INFO] SIM_BRIDGE: Applied heterogeneity to 4 parameters.
[2026-08-19 19:30:28][INFO] SIM_BRIDGE: Generating 3D neuron positions for 1200 neurons...
[2026-08-19 19:30:28][INFO] SIM_BRIDGE: Generating connections (brain-region framework)...
[2026-08-19 19:30:28][INFO] SIM_BRIDGE: inject_explicit_wiring: installed 107786 synapses across 4 populations.
[2026-08-19 19:30:28][INFO] SIM_BRIDGE: Initializing eligibility traces for 107786 synapses (capacity: 161679, dtype: float32)...
[2026-08-19 19:30:28][INFO] SIM_BRIDGE: Initializing STDP state for 1200 neurons...
[2026-08-19 19:30:28][INFO] SIM_BRIDGE: Simulation data initialized for 1200 neurons (3D). Synapses: 107786. GPU memory: 0.0GB/9223372036.9GB (0.0%)
[2026-08-19 19:30:29][INFO] SIM_BRIDGE: ⛔ STDP IS INERT: enable_stdp=True but runtime_state.current_time_ms is still 0.0 after 50 steps. _run_one_simulation_step() does NOT advance the clock (only step_simulation() does), so every spike shares one timestamp, delta_t==0 for every pair, and every STDP update is exactly 0.0. FIX: advance it in your loop -- `bridge.runtime_state.current_time_ms += bridge.core_config.dt_ms` after each step.
  [gnw-deliberation          ] answer_changed=False meta_present=False -> NO_OBSERVED_EFFECT
      intact : 'The dog chases cat.'
      lesion : 'The dog chases cat.'
[2026-08-19 19:30:36][INFO] SIM_BRIDGE: NumPy backend (CPU (NumPy backend), 8589934592.0 GB RAM available)
[2026-08-19 19:30:36][INFO] SIM_BRIDGE: Initializing simulation data for model: IZHIKEVICH (3D)... (playback_init: False)
[2026-08-19 19:30:36][INFO] SIM_BRIDGE: RNG initialized with seed: 42
[2026-08-19 19:30:36][INFO] SIM_BRIDGE: Initializing Izhikevich model specifics for 45856 neurons...
[2026-08-19 19:30:36][INFO] SIM_BRIDGE: Applying parameter heterogeneity to neuron parameters...
[2026-08-19 19:30:36][INFO] SIM_BRIDGE: Applied heterogeneity to 4 parameters.
[2026-08-19 19:30:36][INFO] SIM_BRIDGE: Initializing OU process state (tau=15.0ms, sigma=20.0pA)...
[2026-08-19 19:30:36][INFO] SIM_BRIDGE: Generating 3D neuron positions for 45856 neurons...
[2026-08-19 19:30:36][INFO] SIM_BRIDGE: Generating connections (3D)...
[2026-08-19 19:30:36][INFO] SIM_BRIDGE: Simulation data initialized for 45856 neurons (3D). Synapses: 0. GPU memory: 0.0GB/9223372036.9GB (0.0%)
[2026-08-19 19:30:36][INFO] SIM_BRIDGE: inject_explicit_wiring: installed 720 synapses across 1 populations.
[2026-08-19 19:31:07][INFO] SIM_BRIDGE: NumPy backend (CPU (NumPy backend), 8589934592.0 GB RAM available)
[2026-08-19 19:31:07][INFO] SIM_BRIDGE: Initializing simulation data for model: IZHIKEVICH (3D)... (playback_init: False)
[2026-08-19 19:31:07][INFO] SIM_BRIDGE: Brain-region framework: 2 regions, 1800 total neurons, 3 pathways.
[2026-08-19 19:31:07][INFO] SIM_BRIDGE: RNG initialized with seed: 42
[2026-08-19 19:31:07][INFO] SIM_BRIDGE: Initializing Izhikevich model specifics for 1800 neurons...
[2026-08-19 19:31:07][INFO] SIM_BRIDGE: Applying parameter heterogeneity to neuron parameters...
[2026-08-19 19:31:07][INFO] SIM_BRIDGE: Applied heterogeneity to 4 parameters.
[2026-08-19 19:31:07][INFO] SIM_BRIDGE: Initializing OU process state (tau=15.0ms, sigma=0.0pA)...
[2026-08-19 19:31:07][INFO] SIM_BRIDGE: Generating 3D neuron positions for 1800 neurons...
[2026-08-19 19:31:07][INFO] SIM_BRIDGE: Generating connections (brain-region framework)...
[2026-08-19 19:31:08][INFO] SIM_BRIDGE: inject_explicit_wiring: installed 1619529 synapses across 3 populations.
[2026-08-19 19:31:08][INFO] SIM_BRIDGE: Simulation data initialized for 1800 neurons (3D). Synapses: 1619529. GPU memory: 0.0GB/9223372036.9GB (0.0%)
[2026-08-19 19:31:08][INFO] SIM_BRIDGE: NumPy backend (CPU (NumPy backend), 8589934592.0 GB RAM available)
[2026-08-19 19:31:08][INFO] SIM_BRIDGE: Initializing simulation data for model: IZHIKEVICH (3D)... (playback_init: False)
[2026-08-19 19:31:08][INFO] SIM_BRIDGE: RNG initialized with seed: 42
[2026-08-19 19:31:08][INFO] SIM_BRIDGE: Initializing Izhikevich model specifics for 224 neurons...
[2026-08-19 19:31:08][INFO] SIM_BRIDGE: Applying parameter heterogeneity to neuron parameters...
[2026-08-19 19:31:08][INFO] SIM_BRIDGE: Applied heterogeneity to 4 parameters.
[2026-08-19 19:31:08][INFO] SIM_BRIDGE: Initializing OU process state (tau=15.0ms, sigma=20.0pA)...
[2026-08-19 19:31:08][INFO] SIM_BRIDGE: Generating 3D neuron positions for 224 neurons...
[2026-08-19 19:31:08][INFO] SIM_BRIDGE: Generating connections (3D)...
[2026-08-19 19:31:08][INFO] SIM_BRIDGE: Simulation data initialized for 224 neurons (3D). Synapses: 0. GPU memory: 0.0GB/9223372036.9GB (0.0%)
[2026-08-19 19:31:08][INFO] SIM_BRIDGE: inject_explicit_wiring: installed 4800 synapses across 1 populations.
[2026-08-19 19:31:46][INFO] SIM_BRIDGE: NumPy backend (CPU (NumPy backend), 8589934592.0 GB RAM available)
[2026-08-19 19:31:46][INFO] SIM_BRIDGE: Initializing simulation data for model: IZHIKEVICH (3D)... (playback_init: False)
[2026-08-19 19:31:46][INFO] SIM_BRIDGE: RNG initialized with seed: 42
[2026-08-19 19:31:46][INFO] SIM_BRIDGE: Initializing Izhikevich model specifics for 144 neurons...
[2026-08-19 19:31:46][INFO] SIM_BRIDGE: Applying parameter heterogeneity to neuron parameters...
[2026-08-19 19:31:46][INFO] SIM_BRIDGE: Applied heterogeneity to 4 parameters.
[2026-08-19 19:31:46][INFO] SIM_BRIDGE: Initializing OU process state (tau=15.0ms, sigma=0.0pA)...
[2026-08-19 19:31:46][INFO] SIM_BRIDGE: Generating 3D neuron positions for 144 neurons...
[2026-08-19 19:31:46][INFO] SIM_BRIDGE: Generating connections (3D)...
[2026-08-19 19:31:46][INFO] SIM_BRIDGE: Simulation data initialized for 144 neurons (3D). Synapses: 0. GPU memory: 0.0GB/9223372036.9GB (0.0%)
[2026-08-19 19:31:46][INFO] SIM_BRIDGE: NumPy backend (CPU (NumPy backend), 8589934592.0 GB RAM available)
[2026-08-19 19:31:46][INFO] SIM_BRIDGE: Initializing simulation data for model: IZHIKEVICH (3D)... (playback_init: False)
[2026-08-19 19:31:46][INFO] SIM_BRIDGE: RNG initialized with seed: 42
[2026-08-19 19:31:46][INFO] SIM_BRIDGE: Initializing Izhikevich model specifics for 2 neurons...
[2026-08-19 19:31:46][INFO] SIM_BRIDGE: Applying parameter heterogeneity to neuron parameters...
[2026-08-19 19:31:46][INFO] SIM_BRIDGE: Applied heterogeneity to 4 parameters.
[2026-08-19 19:31:46][INFO] SIM_BRIDGE: Initializing OU process state (tau=15.0ms, sigma=0.0pA)...
[2026-08-19 19:31:46][INFO] SIM_BRIDGE: Generating 3D neuron positions for 2 neurons...
[2026-08-19 19:31:46][INFO] SIM_BRIDGE: Generating connections (3D)...
[2026-08-19 19:31:46][INFO] SIM_BRIDGE: Simulation data initialized for 2 neurons (3D). Synapses: 0. GPU memory: 0.0GB/9223372036.9GB (0.0%)
[2026-08-19 19:31:56][INFO] SIM_BRIDGE: NumPy backend (CPU (NumPy backend), 8589934592.0 GB RAM available)
[2026-08-19 19:31:56][INFO] SIM_BRIDGE: Initializing simulation data for model: IZHIKEVICH (3D)... (playback_init: False)
[2026-08-19 19:31:56][INFO] SIM_BRIDGE: RNG initialized with seed: 42
[2026-08-19 19:31:56][INFO] SIM_BRIDGE: Initializing Izhikevich model specifics for 45856 neurons...
[2026-08-19 19:31:56][INFO] SIM_BRIDGE: Applying parameter heterogeneity to neuron parameters...
[2026-08-19 19:31:56][INFO] SIM_BRIDGE: Applied heterogeneity to 4 parameters.
[2026-08-19 19:31:56][INFO] SIM_BRIDGE: Initializing OU process state (tau=15.0ms, sigma=20.0pA)...
[2026-08-19 19:31:56][INFO] SIM_BRIDGE: Generating 3D neuron positions for 45856 neurons...
[2026-08-19 19:31:56][INFO] SIM_BRIDGE: Generating connections (3D)...
[2026-08-19 19:31:56][INFO] SIM_BRIDGE: Simulation data initialized for 45856 neurons (3D). Synapses: 0. GPU memory: 0.0GB/9223372036.9GB (0.0%)
[2026-08-19 19:31:56][INFO] SIM_BRIDGE: inject_explicit_wiring: installed 720 synapses across 1 populations.
[2026-08-19 19:32:27][INFO] SIM_BRIDGE: NumPy backend (CPU (NumPy backend), 8589934592.0 GB RAM available)
[2026-08-19 19:32:27][INFO] SIM_BRIDGE: Initializing simulation data for model: IZHIKEVICH (3D)... (playback_init: False)
[2026-08-19 19:32:27][INFO] SIM_BRIDGE: Brain-region framework: 2 regions, 1800 total neurons, 3 pathways.
[2026-08-19 19:32:27][INFO] SIM_BRIDGE: RNG initialized with seed: 42
[2026-08-19 19:32:27][INFO] SIM_BRIDGE: Initializing Izhikevich model specifics for 1800 neurons...
[2026-08-19 19:32:27][INFO] SIM_BRIDGE: Applying parameter heterogeneity to neuron parameters...
[2026-08-19 19:32:27][INFO] SIM_BRIDGE: Applied heterogeneity to 4 parameters.
[2026-08-19 19:32:27][INFO] SIM_BRIDGE: Initializing OU process state (tau=15.0ms, sigma=0.0pA)...
[2026-08-19 19:32:27][INFO] SIM_BRIDGE: Generating 3D neuron positions for 1800 neurons...
[2026-08-19 19:32:27][INFO] SIM_BRIDGE: Generating connections (brain-region framework)...
[2026-08-19 19:32:28][INFO] SIM_BRIDGE: inject_explicit_wiring: installed 1619529 synapses across 3 populations.
[2026-08-19 19:32:28][INFO] SIM_BRIDGE: Simulation data initialized for 1800 neurons (3D). Synapses: 1619529. GPU memory: 0.0GB/9223372036.9GB (0.0%)
[2026-08-19 19:32:28][INFO] SIM_BRIDGE: NumPy backend (CPU (NumPy backend), 8589934592.0 GB RAM available)
[2026-08-19 19:32:28][INFO] SIM_BRIDGE: Initializing simulation data for model: IZHIKEVICH (3D)... (playback_init: False)
[2026-08-19 19:32:28][INFO] SIM_BRIDGE: RNG initialized with seed: 42
[2026-08-19 19:32:28][INFO] SIM_BRIDGE: Initializing Izhikevich model specifics for 224 neurons...
[2026-08-19 19:32:28][INFO] SIM_BRIDGE: Applying parameter heterogeneity to neuron parameters...
[2026-08-19 19:32:28][INFO] SIM_BRIDGE: Applied heterogeneity to 4 parameters.
[2026-08-19 19:32:28][INFO] SIM_BRIDGE: Initializing OU process state (tau=15.0ms, sigma=20.0pA)...
[2026-08-19 19:32:28][INFO] SIM_BRIDGE: Generating 3D neuron positions for 224 neurons...
[2026-08-19 19:32:28][INFO] SIM_BRIDGE: Generating connections (3D)...
[2026-08-19 19:32:28][INFO] SIM_BRIDGE: Simulation data initialized for 224 neurons (3D). Synapses: 0. GPU memory: 0.0GB/9223372036.9GB (0.0%)
[2026-08-19 19:32:28][INFO] SIM_BRIDGE: inject_explicit_wiring: installed 4800 synapses across 1 populations.
[2026-08-19 19:33:08][INFO] SIM_BRIDGE: NumPy backend (CPU (NumPy backend), 8589934592.0 GB RAM available)
[2026-08-19 19:33:08][INFO] SIM_BRIDGE: Initializing simulation data for model: IZHIKEVICH (3D)... (playback_init: False)
[2026-08-19 19:33:08][INFO] SIM_BRIDGE: RNG initialized with seed: 42
[2026-08-19 19:33:08][INFO] SIM_BRIDGE: Initializing Izhikevich model specifics for 144 neurons...
[2026-08-19 19:33:08][INFO] SIM_BRIDGE: Applying parameter heterogeneity to neuron parameters...
[2026-08-19 19:33:08][INFO] SIM_BRIDGE: Applied heterogeneity to 4 parameters.
[2026-08-19 19:33:08][INFO] SIM_BRIDGE: Initializing OU process state (tau=15.0ms, sigma=0.0pA)...
[2026-08-19 19:33:08][INFO] SIM_BRIDGE: Generating 3D neuron positions for 144 neurons...
[2026-08-19 19:33:08][INFO] SIM_BRIDGE: Generating connections (3D)...
[2026-08-19 19:33:08][INFO] SIM_BRIDGE: Simulation data initialized for 144 neurons (3D). Synapses: 0. GPU memory: 0.0GB/9223372036.9GB (0.0%)
[2026-08-19 19:33:08][INFO] SIM_BRIDGE: NumPy backend (CPU (NumPy backend), 8589934592.0 GB RAM available)
[2026-08-19 19:33:08][INFO] SIM_BRIDGE: Initializing simulation data for model: IZHIKEVICH (3D)... (playback_init: False)
[2026-08-19 19:33:08][INFO] SIM_BRIDGE: RNG initialized with seed: 42
[2026-08-19 19:33:08][INFO] SIM_BRIDGE: Initializing Izhikevich model specifics for 2 neurons...
[2026-08-19 19:33:08][INFO] SIM_BRIDGE: Applying parameter heterogeneity to neuron parameters...
[2026-08-19 19:33:08][INFO] SIM_BRIDGE: Applied heterogeneity to 4 parameters.
[2026-08-19 19:33:08][INFO] SIM_BRIDGE: Initializing OU process state (tau=15.0ms, sigma=0.0pA)...
[2026-08-19 19:33:08][INFO] SIM_BRIDGE: Generating 3D neuron positions for 2 neurons...
[2026-08-19 19:33:08][INFO] SIM_BRIDGE: Generating connections (3D)...
[2026-08-19 19:33:08][INFO] SIM_BRIDGE: Simulation data initialized for 2 neurons (3D). Synapses: 0. GPU memory: 0.0GB/9223372036.9GB (0.0%)
  [gnw-multistep-deliberation] answer_changed=False meta_present=False -> NO_OBSERVED_EFFECT
      intact : 'The zorp chases blib.'
      lesion : 'The zorp chases blib.'
[2026-08-19 19:33:18][INFO] SIM_BRIDGE: NumPy backend (CPU (NumPy backend), 8589934592.0 GB RAM available)
[2026-08-19 19:33:18][INFO] SIM_BRIDGE: Initializing simulation data for model: IZHIKEVICH (3D)... (playback_init: False)
[2026-08-19 19:33:18][INFO] SIM_BRIDGE: RNG initialized with seed: 42
[2026-08-19 19:33:18][INFO] SIM_BRIDGE: Initializing Izhikevich model specifics for 45856 neurons...
[2026-08-19 19:33:18][INFO] SIM_BRIDGE: Applying parameter heterogeneity to neuron parameters...
[2026-08-19 19:33:18][INFO] SIM_BRIDGE: Applied heterogeneity to 4 parameters.
[2026-08-19 19:33:18][INFO] SIM_BRIDGE: Initializing OU process state (tau=15.0ms, sigma=20.0pA)...
[2026-08-19 19:33:18][INFO] SIM_BRIDGE: Generating 3D neuron positions for 45856 neurons...
[2026-08-19 19:33:18][INFO] SIM_BRIDGE: Generating connections (3D)...
[2026-08-19 19:33:18][INFO] SIM_BRIDGE: Simulation data initialized for 45856 neurons (3D). Synapses: 0. GPU memory: 0.0GB/9223372036.9GB (0.0%)
[2026-08-19 19:33:18][INFO] SIM_BRIDGE: inject_explicit_wiring: installed 720 synapses across 1 populations.
[2026-08-19 19:33:48][INFO] SIM_BRIDGE: NumPy backend (CPU (NumPy backend), 8589934592.0 GB RAM available)
[2026-08-19 19:33:48][INFO] SIM_BRIDGE: Initializing simulation data for model: IZHIKEVICH (3D)... (playback_init: False)
[2026-08-19 19:33:48][INFO] SIM_BRIDGE: Brain-region framework: 2 regions, 1800 total neurons, 3 pathways.
[2026-08-19 19:33:48][INFO] SIM_BRIDGE: RNG initialized with seed: 42
[2026-08-19 19:33:48][INFO] SIM_BRIDGE: Initializing Izhikevich model specifics for 1800 neurons...
[2026-08-19 19:33:48][INFO] SIM_BRIDGE: Applying parameter heterogeneity to neuron parameters...
[2026-08-19 19:33:48][INFO] SIM_BRIDGE: Applied heterogeneity to 4 parameters.
[2026-08-19 19:33:48][INFO] SIM_BRIDGE: Initializing OU process state (tau=15.0ms, sigma=0.0pA)...
[2026-08-19 19:33:48][INFO] SIM_BRIDGE: Generating 3D neuron positions for 1800 neurons...
[2026-08-19 19:33:48][INFO] SIM_BRIDGE: Generating connections (brain-region framework)...
[2026-08-19 19:33:50][INFO] SIM_BRIDGE: inject_explicit_wiring: installed 1619529 synapses across 3 populations.
[2026-08-19 19:33:50][INFO] SIM_BRIDGE: Simulation data initialized for 1800 neurons (3D). Synapses: 1619529. GPU memory: 0.0GB/9223372036.9GB (0.0%)
[2026-08-19 19:33:50][INFO] SIM_BRIDGE: NumPy backend (CPU (NumPy backend), 8589934592.0 GB RAM available)
[2026-08-19 19:33:50][INFO] SIM_BRIDGE: Initializing simulation data for model: IZHIKEVICH (3D)... (playback_init: False)
[2026-08-19 19:33:50][INFO] SIM_BRIDGE: RNG initialized with seed: 42
[2026-08-19 19:33:50][INFO] SIM_BRIDGE: Initializing Izhikevich model specifics for 224 neurons...
[2026-08-19 19:33:50][INFO] SIM_BRIDGE: Applying parameter heterogeneity to neuron parameters...
[2026-08-19 19:33:50][INFO] SIM_BRIDGE: Applied heterogeneity to 4 parameters.
[2026-08-19 19:33:50][INFO] SIM_BRIDGE: Initializing OU process state (tau=15.0ms, sigma=20.0pA)...
[2026-08-19 19:33:50][INFO] SIM_BRIDGE: Generating 3D neuron positions for 224 neurons...
[2026-08-19 19:33:50][INFO] SIM_BRIDGE: Generating connections (3D)...
[2026-08-19 19:33:50][INFO] SIM_BRIDGE: Simulation data initialized for 224 neurons (3D). Synapses: 0. GPU memory: 0.0GB/9223372036.9GB (0.0%)
[2026-08-19 19:33:50][INFO] SIM_BRIDGE: inject_explicit_wiring: installed 4800 synapses across 1 populations.
[2026-08-19 19:34:24][INFO] SIM_BRIDGE: NumPy backend (CPU (NumPy backend), 8589934592.0 GB RAM available)
[2026-08-19 19:34:24][INFO] SIM_BRIDGE: Initializing simulation data for model: IZHIKEVICH (3D)... (playback_init: False)
[2026-08-19 19:34:24][INFO] SIM_BRIDGE: RNG initialized with seed: 42
[2026-08-19 19:34:24][INFO] SIM_BRIDGE: Initializing Izhikevich model specifics for 144 neurons...
[2026-08-19 19:34:24][INFO] SIM_BRIDGE: Applying parameter heterogeneity to neuron parameters...
[2026-08-19 19:34:24][INFO] SIM_BRIDGE: Applied heterogeneity to 4 parameters.
[2026-08-19 19:34:24][INFO] SIM_BRIDGE: Initializing OU process state (tau=15.0ms, sigma=0.0pA)...
[2026-08-19 19:34:24][INFO] SIM_BRIDGE: Generating 3D neuron positions for 144 neurons...
[2026-08-19 19:34:24][INFO] SIM_BRIDGE: Generating connections (3D)...
[2026-08-19 19:34:24][INFO] SIM_BRIDGE: Simulation data initialized for 144 neurons (3D). Synapses: 0. GPU memory: 0.0GB/9223372036.9GB (0.0%)
[2026-08-19 19:34:24][INFO] SIM_BRIDGE: NumPy backend (CPU (NumPy backend), 8589934592.0 GB RAM available)
[2026-08-19 19:34:24][INFO] SIM_BRIDGE: Initializing simulation data for model: IZHIKEVICH (3D)... (playback_init: False)
[2026-08-19 19:34:24][INFO] SIM_BRIDGE: RNG initialized with seed: 42
[2026-08-19 19:34:24][INFO] SIM_BRIDGE: Initializing Izhikevich model specifics for 2 neurons...
[2026-08-19 19:34:24][INFO] SIM_BRIDGE: Applying parameter heterogeneity to neuron parameters...
[2026-08-19 19:34:24][INFO] SIM_BRIDGE: Applied heterogeneity to 4 parameters.
[2026-08-19 19:34:24][INFO] SIM_BRIDGE: Initializing OU process state (tau=15.0ms, sigma=0.0pA)...
[2026-08-19 19:34:24][INFO] SIM_BRIDGE: Generating 3D neuron positions for 2 neurons...
[2026-08-19 19:34:24][INFO] SIM_BRIDGE: Generating connections (3D)...
[2026-08-19 19:34:24][INFO] SIM_BRIDGE: Simulation data initialized for 2 neurons (3D). Synapses: 0. GPU memory: 0.0GB/9223372036.9GB (0.0%)
[2026-08-19 19:34:32][INFO] SIM_BRIDGE: NumPy backend (CPU (NumPy backend), 8589934592.0 GB RAM available)
[2026-08-19 19:34:32][INFO] SIM_BRIDGE: Initializing simulation data for model: IZHIKEVICH (3D)... (playback_init: False)
[2026-08-19 19:34:32][INFO] SIM_BRIDGE: RNG initialized with seed: 42
[2026-08-19 19:34:32][INFO] SIM_BRIDGE: Initializing Izhikevich model specifics for 45856 neurons...
[2026-08-19 19:34:32][INFO] SIM_BRIDGE: Applying parameter heterogeneity to neuron parameters...
[2026-08-19 19:34:32][INFO] SIM_BRIDGE: Applied heterogeneity to 4 parameters.
[2026-08-19 19:34:32][INFO] SIM_BRIDGE: Initializing OU process state (tau=15.0ms, sigma=20.0pA)...
[2026-08-19 19:34:32][INFO] SIM_BRIDGE: Generating 3D neuron positions for 45856 neurons...
[2026-08-19 19:34:32][INFO] SIM_BRIDGE: Generating connections (3D)...
[2026-08-19 19:34:32][INFO] SIM_BRIDGE: Simulation data initialized for 45856 neurons (3D). Synapses: 0. GPU memory: 0.0GB/9223372036.9GB (0.0%)
[2026-08-19 19:34:32][INFO] SIM_BRIDGE: inject_explicit_wiring: installed 720 synapses across 1 populations.
[2026-08-19 19:35:02][INFO] SIM_BRIDGE: NumPy backend (CPU (NumPy backend), 8589934592.0 GB RAM available)
[2026-08-19 19:35:02][INFO] SIM_BRIDGE: Initializing simulation data for model: IZHIKEVICH (3D)... (playback_init: False)
[2026-08-19 19:35:02][INFO] SIM_BRIDGE: Brain-region framework: 2 regions, 1800 total neurons, 3 pathways.
[2026-08-19 19:35:02][INFO] SIM_BRIDGE: RNG initialized with seed: 42
[2026-08-19 19:35:02][INFO] SIM_BRIDGE: Initializing Izhikevich model specifics for 1800 neurons...
[2026-08-19 19:35:02][INFO] SIM_BRIDGE: Applying parameter heterogeneity to neuron parameters...
[2026-08-19 19:35:02][INFO] SIM_BRIDGE: Applied heterogeneity to 4 parameters.
[2026-08-19 19:35:02][INFO] SIM_BRIDGE: Initializing OU process state (tau=15.0ms, sigma=0.0pA)...
[2026-08-19 19:35:02][INFO] SIM_BRIDGE: Generating 3D neuron positions for 1800 neurons...
[2026-08-19 19:35:02][INFO] SIM_BRIDGE: Generating connections (brain-region framework)...
[2026-08-19 19:35:03][INFO] SIM_BRIDGE: inject_explicit_wiring: installed 1619529 synapses across 3 populations.
[2026-08-19 19:35:03][INFO] SIM_BRIDGE: Simulation data initialized for 1800 neurons (3D). Synapses: 1619529. GPU memory: 0.0GB/9223372036.9GB (0.0%)
[2026-08-19 19:35:03][INFO] SIM_BRIDGE: NumPy backend (CPU (NumPy backend), 8589934592.0 GB RAM available)
[2026-08-19 19:35:03][INFO] SIM_BRIDGE: Initializing simulation data for model: IZHIKEVICH (3D)... (playback_init: False)
[2026-08-19 19:35:03][INFO] SIM_BRIDGE: RNG initialized with seed: 42
[2026-08-19 19:35:03][INFO] SIM_BRIDGE: Initializing Izhikevich model specifics for 224 neurons...
[2026-08-19 19:35:03][INFO] SIM_BRIDGE: Applying parameter heterogeneity to neuron parameters...
[2026-08-19 19:35:03][INFO] SIM_BRIDGE: Applied heterogeneity to 4 parameters.
[2026-08-19 19:35:03][INFO] SIM_BRIDGE: Initializing OU process state (tau=15.0ms, sigma=20.0pA)...
[2026-08-19 19:35:03][INFO] SIM_BRIDGE: Generating 3D neuron positions for 224 neurons...
[2026-08-19 19:35:03][INFO] SIM_BRIDGE: Generating connections (3D)...
[2026-08-19 19:35:03][INFO] SIM_BRIDGE: Simulation data initialized for 224 neurons (3D). Synapses: 0. GPU memory: 0.0GB/9223372036.9GB (0.0%)
[2026-08-19 19:35:03][INFO] SIM_BRIDGE: inject_explicit_wiring: installed 4800 synapses across 1 populations.
[2026-08-19 19:35:38][INFO] SIM_BRIDGE: NumPy backend (CPU (NumPy backend), 8589934592.0 GB RAM available)
[2026-08-19 19:35:38][INFO] SIM_BRIDGE: Initializing simulation data for model: IZHIKEVICH (3D)... (playback_init: False)
[2026-08-19 19:35:38][INFO] SIM_BRIDGE: RNG initialized with seed: 42
[2026-08-19 19:35:38][INFO] SIM_BRIDGE: Initializing Izhikevich model specifics for 144 neurons...
[2026-08-19 19:35:38][INFO] SIM_BRIDGE: Applying parameter heterogeneity to neuron parameters...
[2026-08-19 19:35:38][INFO] SIM_BRIDGE: Applied heterogeneity to 4 parameters.
[2026-08-19 19:35:38][INFO] SIM_BRIDGE: Initializing OU process state (tau=15.0ms, sigma=0.0pA)...
[2026-08-19 19:35:38][INFO] SIM_BRIDGE: Generating 3D neuron positions for 144 neurons...
[2026-08-19 19:35:38][INFO] SIM_BRIDGE: Generating connections (3D)...
[2026-08-19 19:35:38][INFO] SIM_BRIDGE: Simulation data initialized for 144 neurons (3D). Synapses: 0. GPU memory: 0.0GB/9223372036.9GB (0.0%)
[2026-08-19 19:35:38][INFO] SIM_BRIDGE: NumPy backend (CPU (NumPy backend), 8589934592.0 GB RAM available)
[2026-08-19 19:35:38][INFO] SIM_BRIDGE: Initializing simulation data for model: IZHIKEVICH (3D)... (playback_init: False)
[2026-08-19 19:35:38][INFO] SIM_BRIDGE: RNG initialized with seed: 42
[2026-08-19 19:35:38][INFO] SIM_BRIDGE: Initializing Izhikevich model specifics for 2 neurons...
[2026-08-19 19:35:38][INFO] SIM_BRIDGE: Applying parameter heterogeneity to neuron parameters...
[2026-08-19 19:35:38][INFO] SIM_BRIDGE: Applied heterogeneity to 4 parameters.
[2026-08-19 19:35:38][INFO] SIM_BRIDGE: Initializing OU process state (tau=15.0ms, sigma=0.0pA)...
[2026-08-19 19:35:38][INFO] SIM_BRIDGE: Generating 3D neuron positions for 2 neurons...
[2026-08-19 19:35:38][INFO] SIM_BRIDGE: Generating connections (3D)...
[2026-08-19 19:35:38][INFO] SIM_BRIDGE: Simulation data initialized for 2 neurons (3D). Synapses: 0. GPU memory: 0.0GB/9223372036.9GB (0.0%)
  [causal-whatif             ] answer_changed=False meta_present=True  -> OBSERVER_OR_FEEDER
      intact : 'I cannot confirm that as a stored fact. I have no causal or explanatory model -- I have le'
      lesion : 'I cannot confirm that as a stored fact. I have no causal or explanatory model -- I have le'
[2026-08-19 19:35:45][INFO] SIM_BRIDGE: NumPy backend (CPU (NumPy backend), 8589934592.0 GB RAM available)
[2026-08-19 19:35:45][INFO] SIM_BRIDGE: Initializing simulation data for model: IZHIKEVICH (3D)... (playback_init: False)
[2026-08-19 19:35:45][INFO] SIM_BRIDGE: RNG initialized with seed: 42
[2026-08-19 19:35:45][INFO] SIM_BRIDGE: Initializing Izhikevich model specifics for 45856 neurons...
[2026-08-19 19:35:45][INFO] SIM_BRIDGE: Applying parameter heterogeneity to neuron parameters...
[2026-08-19 19:35:45][INFO] SIM_BRIDGE: Applied heterogeneity to 4 parameters.
[2026-08-19 19:35:45][INFO] SIM_BRIDGE: Initializing OU process state (tau=15.0ms, sigma=20.0pA)...
[2026-08-19 19:35:45][INFO] SIM_BRIDGE: Generating 3D neuron positions for 45856 neurons...
[2026-08-19 19:35:45][INFO] SIM_BRIDGE: Generating connections (3D)...
[2026-08-19 19:35:45][INFO] SIM_BRIDGE: Simulation data initialized for 45856 neurons (3D). Synapses: 0. GPU memory: 0.0GB/9223372036.9GB (0.0%)
[2026-08-19 19:35:45][INFO] SIM_BRIDGE: inject_explicit_wiring: installed 720 synapses across 1 populations.
[2026-08-19 19:36:16][INFO] SIM_BRIDGE: NumPy backend (CPU (NumPy backend), 8589934592.0 GB RAM available)
[2026-08-19 19:36:16][INFO] SIM_BRIDGE: Initializing simulation data for model: IZHIKEVICH (3D)... (playback_init: False)
[2026-08-19 19:36:16][INFO] SIM_BRIDGE: Brain-region framework: 2 regions, 1800 total neurons, 3 pathways.
[2026-08-19 19:36:16][INFO] SIM_BRIDGE: RNG initialized with seed: 42
[2026-08-19 19:36:16][INFO] SIM_BRIDGE: Initializing Izhikevich model specifics for 1800 neurons...
[2026-08-19 19:36:16][INFO] SIM_BRIDGE: Applying parameter heterogeneity to neuron parameters...
[2026-08-19 19:36:16][INFO] SIM_BRIDGE: Applied heterogeneity to 4 parameters.
[2026-08-19 19:36:16][INFO] SIM_BRIDGE: Initializing OU process state (tau=15.0ms, sigma=0.0pA)...
[2026-08-19 19:36:16][INFO] SIM_BRIDGE: Generating 3D neuron positions for 1800 neurons...
[2026-08-19 19:36:16][INFO] SIM_BRIDGE: Generating connections (brain-region framework)...
[2026-08-19 19:36:17][INFO] SIM_BRIDGE: inject_explicit_wiring: installed 1619529 synapses across 3 populations.
[2026-08-19 19:36:17][INFO] SIM_BRIDGE: Simulation data initialized for 1800 neurons (3D). Synapses: 1619529. GPU memory: 0.0GB/9223372036.9GB (0.0%)
[2026-08-19 19:36:17][INFO] SIM_BRIDGE: NumPy backend (CPU (NumPy backend), 8589934592.0 GB RAM available)
[2026-08-19 19:36:17][INFO] SIM_BRIDGE: Initializing simulation data for model: IZHIKEVICH (3D)... (playback_init: False)
[2026-08-19 19:36:17][INFO] SIM_BRIDGE: RNG initialized with seed: 42
[2026-08-19 19:36:17][INFO] SIM_BRIDGE: Initializing Izhikevich model specifics for 224 neurons...
[2026-08-19 19:36:17][INFO] SIM_BRIDGE: Applying parameter heterogeneity to neuron parameters...
[2026-08-19 19:36:17][INFO] SIM_BRIDGE: Applied heterogeneity to 4 parameters.
[2026-08-19 19:36:17][INFO] SIM_BRIDGE: Initializing OU process state (tau=15.0ms, sigma=20.0pA)...
[2026-08-19 19:36:17][INFO] SIM_BRIDGE: Generating 3D neuron positions for 224 neurons...
[2026-08-19 19:36:17][INFO] SIM_BRIDGE: Generating connections (3D)...
[2026-08-19 19:36:17][INFO] SIM_BRIDGE: Simulation data initialized for 224 neurons (3D). Synapses: 0. GPU memory: 0.0GB/9223372036.9GB (0.0%)
[2026-08-19 19:36:17][INFO] SIM_BRIDGE: inject_explicit_wiring: installed 4800 synapses across 1 populations.
[2026-08-19 19:36:52][INFO] SIM_BRIDGE: NumPy backend (CPU (NumPy backend), 8589934592.0 GB RAM available)
[2026-08-19 19:36:52][INFO] SIM_BRIDGE: Initializing simulation data for model: IZHIKEVICH (3D)... (playback_init: False)
[2026-08-19 19:36:52][INFO] SIM_BRIDGE: RNG initialized with seed: 295
[2026-08-19 19:36:52][INFO] SIM_BRIDGE: Initializing Izhikevich model specifics for 96 neurons...
[2026-08-19 19:36:52][INFO] SIM_BRIDGE: Applying parameter heterogeneity to neuron parameters...
[2026-08-19 19:36:52][INFO] SIM_BRIDGE: Applied heterogeneity to 4 parameters.
[2026-08-19 19:36:52][INFO] SIM_BRIDGE: Initializing OU process state (tau=15.0ms, sigma=200.0pA)...
[2026-08-19 19:36:52][INFO] SIM_BRIDGE: Generating 3D neuron positions for 96 neurons...
[2026-08-19 19:36:52][INFO] SIM_BRIDGE: Generating connections (3D)...
[2026-08-19 19:36:52][INFO] SIM_BRIDGE: Simulation data initialized for 96 neurons (3D). Synapses: 0. GPU memory: 0.0GB/9223372036.9GB (0.0%)
[2026-08-19 19:37:01][INFO] SIM_BRIDGE: NumPy backend (CPU (NumPy backend), 8589934592.0 GB RAM available)
[2026-08-19 19:37:01][INFO] SIM_BRIDGE: Initializing simulation data for model: IZHIKEVICH (3D)... (playback_init: False)
[2026-08-19 19:37:01][INFO] SIM_BRIDGE: RNG initialized with seed: 42
[2026-08-19 19:37:01][INFO] SIM_BRIDGE: Initializing Izhikevich model specifics for 45856 neurons...
[2026-08-19 19:37:01][INFO] SIM_BRIDGE: Applying parameter heterogeneity to neuron parameters...
[2026-08-19 19:37:01][INFO] SIM_BRIDGE: Applied heterogeneity to 4 parameters.
[2026-08-19 19:37:01][INFO] SIM_BRIDGE: Initializing OU process state (tau=15.0ms, sigma=20.0pA)...
[2026-08-19 19:37:01][INFO] SIM_BRIDGE: Generating 3D neuron positions for 45856 neurons...
[2026-08-19 19:37:01][INFO] SIM_BRIDGE: Generating connections (3D)...
[2026-08-19 19:37:01][INFO] SIM_BRIDGE: Simulation data initialized for 45856 neurons (3D). Synapses: 0. GPU memory: 0.0GB/9223372036.9GB (0.0%)
[2026-08-19 19:37:01][INFO] SIM_BRIDGE: inject_explicit_wiring: installed 720 synapses across 1 populations.
[2026-08-19 19:37:40][INFO] SIM_BRIDGE: NumPy backend (CPU (NumPy backend), 8589934592.0 GB RAM available)
[2026-08-19 19:37:40][INFO] SIM_BRIDGE: Initializing simulation data for model: IZHIKEVICH (3D)... (playback_init: False)
[2026-08-19 19:37:40][INFO] SIM_BRIDGE: Brain-region framework: 2 regions, 1800 total neurons, 3 pathways.
[2026-08-19 19:37:40][INFO] SIM_BRIDGE: RNG initialized with seed: 42
[2026-08-19 19:37:40][INFO] SIM_BRIDGE: Initializing Izhikevich model specifics for 1800 neurons...
[2026-08-19 19:37:40][INFO] SIM_BRIDGE: Applying parameter heterogeneity to neuron parameters...
[2026-08-19 19:37:40][INFO] SIM_BRIDGE: Applied heterogeneity to 4 parameters.
[2026-08-19 19:37:40][INFO] SIM_BRIDGE: Initializing OU process state (tau=15.0ms, sigma=0.0pA)...
[2026-08-19 19:37:40][INFO] SIM_BRIDGE: Generating 3D neuron positions for 1800 neurons...
[2026-08-19 19:37:40][INFO] SIM_BRIDGE: Generating connections (brain-region framework)...
[2026-08-19 19:37:41][INFO] SIM_BRIDGE: inject_explicit_wiring: installed 1619529 synapses across 3 populations.
[2026-08-19 19:37:41][INFO] SIM_BRIDGE: Simulation data initialized for 1800 neurons (3D). Synapses: 1619529. GPU memory: 0.0GB/9223372036.9GB (0.0%)
[2026-08-19 19:37:41][INFO] SIM_BRIDGE: NumPy backend (CPU (NumPy backend), 8589934592.0 GB RAM available)
[2026-08-19 19:37:41][INFO] SIM_BRIDGE: Initializing simulation data for model: IZHIKEVICH (3D)... (playback_init: False)
[2026-08-19 19:37:41][INFO] SIM_BRIDGE: RNG initialized with seed: 42
[2026-08-19 19:37:41][INFO] SIM_BRIDGE: Initializing Izhikevich model specifics for 224 neurons...
[2026-08-19 19:37:41][INFO] SIM_BRIDGE: Applying parameter heterogeneity to neuron parameters...
[2026-08-19 19:37:41][INFO] SIM_BRIDGE: Applied heterogeneity to 4 parameters.
[2026-08-19 19:37:41][INFO] SIM_BRIDGE: Initializing OU process state (tau=15.0ms, sigma=20.0pA)...
[2026-08-19 19:37:41][INFO] SIM_BRIDGE: Generating 3D neuron positions for 224 neurons...
[2026-08-19 19:37:41][INFO] SIM_BRIDGE: Generating connections (3D)...
[2026-08-19 19:37:41][INFO] SIM_BRIDGE: Simulation data initialized for 224 neurons (3D). Synapses: 0. GPU memory: 0.0GB/9223372036.9GB (0.0%)
[2026-08-19 19:37:41][INFO] SIM_BRIDGE: inject_explicit_wiring: installed 4800 synapses across 1 populations.
[2026-08-19 19:38:20][INFO] SIM_BRIDGE: NumPy backend (CPU (NumPy backend), 8589934592.0 GB RAM available)
[2026-08-19 19:38:20][INFO] SIM_BRIDGE: Initializing simulation data for model: IZHIKEVICH (3D)... (playback_init: False)
[2026-08-19 19:38:20][INFO] SIM_BRIDGE: RNG initialized with seed: 42
[2026-08-19 19:38:20][INFO] SIM_BRIDGE: Initializing Izhikevich model specifics for 144 neurons...
[2026-08-19 19:38:20][INFO] SIM_BRIDGE: Applying parameter heterogeneity to neuron parameters...
[2026-08-19 19:38:20][INFO] SIM_BRIDGE: Applied heterogeneity to 4 parameters.
[2026-08-19 19:38:20][INFO] SIM_BRIDGE: Initializing OU process state (tau=15.0ms, sigma=0.0pA)...
[2026-08-19 19:38:20][INFO] SIM_BRIDGE: Generating 3D neuron positions for 144 neurons...
[2026-08-19 19:38:20][INFO] SIM_BRIDGE: Generating connections (3D)...
[2026-08-19 19:38:20][INFO] SIM_BRIDGE: Simulation data initialized for 144 neurons (3D). Synapses: 0. GPU memory: 0.0GB/9223372036.9GB (0.0%)
[2026-08-19 19:38:20][INFO] SIM_BRIDGE: NumPy backend (CPU (NumPy backend), 8589934592.0 GB RAM available)
[2026-08-19 19:38:20][INFO] SIM_BRIDGE: Initializing simulation data for model: IZHIKEVICH (3D)... (playback_init: False)
[2026-08-19 19:38:20][INFO] SIM_BRIDGE: RNG initialized with seed: 42
[2026-08-19 19:38:20][INFO] SIM_BRIDGE: Initializing Izhikevich model specifics for 2 neurons...
[2026-08-19 19:38:20][INFO] SIM_BRIDGE: Applying parameter heterogeneity to neuron parameters...
[2026-08-19 19:38:20][INFO] SIM_BRIDGE: Applied heterogeneity to 4 parameters.
[2026-08-19 19:38:20][INFO] SIM_BRIDGE: Initializing OU process state (tau=15.0ms, sigma=0.0pA)...
[2026-08-19 19:38:20][INFO] SIM_BRIDGE: Generating 3D neuron positions for 2 neurons...
[2026-08-19 19:38:20][INFO] SIM_BRIDGE: Generating connections (3D)...
[2026-08-19 19:38:20][INFO] SIM_BRIDGE: Simulation data initialized for 2 neurons (3D). Synapses: 0. GPU memory: 0.0GB/9223372036.9GB (0.0%)
  [open-ended-generation     ] answer_changed=False meta_present=False -> NO_OBSERVED_EFFECT
      intact : "I don't know about that."
      lesion : "I don't know about that."

-- substrate-mechanism rows (answer-preserving escapes) --
[2026-08-19 19:38:28][INFO] SIM_BRIDGE: NumPy backend (CPU (NumPy backend), 8589934592.0 GB RAM available)
[2026-08-19 19:38:28][INFO] SIM_BRIDGE: Initializing simulation data for model: IZHIKEVICH (3D)... (playback_init: False)
[2026-08-19 19:38:28][INFO] SIM_BRIDGE: RNG initialized with seed: 42
[2026-08-19 19:38:28][INFO] SIM_BRIDGE: Initializing Izhikevich model specifics for 45856 neurons...
[2026-08-19 19:38:28][INFO] SIM_BRIDGE: Applying parameter heterogeneity to neuron parameters...
[2026-08-19 19:38:28][INFO] SIM_BRIDGE: Applied heterogeneity to 4 parameters.
[2026-08-19 19:38:28][INFO] SIM_BRIDGE: Initializing OU process state (tau=15.0ms, sigma=20.0pA)...
[2026-08-19 19:38:28][INFO] SIM_BRIDGE: Generating 3D neuron positions for 45856 neurons...
[2026-08-19 19:38:28][INFO] SIM_BRIDGE: Generating connections (3D)...
[2026-08-19 19:38:28][INFO] SIM_BRIDGE: Simulation data initialized for 45856 neurons (3D). Synapses: 0. GPU memory: 0.0GB/9223372036.9GB (0.0%)
[2026-08-19 19:38:28][INFO] SIM_BRIDGE: inject_explicit_wiring: installed 720 synapses across 1 populations.
[2026-08-19 19:39:04][INFO] SIM_BRIDGE: NumPy backend (CPU (NumPy backend), 8589934592.0 GB RAM available)
[2026-08-19 19:39:04][INFO] SIM_BRIDGE: Initializing simulation data for model: IZHIKEVICH (3D)... (playback_init: False)
[2026-08-19 19:39:04][INFO] SIM_BRIDGE: Brain-region framework: 2 regions, 1800 total neurons, 3 pathways.
[2026-08-19 19:39:04][INFO] SIM_BRIDGE: RNG initialized with seed: 42
[2026-08-19 19:39:04][INFO] SIM_BRIDGE: Initializing Izhikevich model specifics for 1800 neurons...
[2026-08-19 19:39:04][INFO] SIM_BRIDGE: Applying parameter heterogeneity to neuron parameters...
[2026-08-19 19:39:04][INFO] SIM_BRIDGE: Applied heterogeneity to 4 parameters.
[2026-08-19 19:39:04][INFO] SIM_BRIDGE: Initializing OU process state (tau=15.0ms, sigma=0.0pA)...
[2026-08-19 19:39:04][INFO] SIM_BRIDGE: Generating 3D neuron positions for 1800 neurons...
[2026-08-19 19:39:04][INFO] SIM_BRIDGE: Generating connections (brain-region framework)...
[2026-08-19 19:39:05][INFO] SIM_BRIDGE: inject_explicit_wiring: installed 1619529 synapses across 3 populations.
[2026-08-19 19:39:05][INFO] SIM_BRIDGE: Simulation data initialized for 1800 neurons (3D). Synapses: 1619529. GPU memory: 0.0GB/9223372036.9GB (0.0%)
[2026-08-19 19:39:05][INFO] SIM_BRIDGE: NumPy backend (CPU (NumPy backend), 8589934592.0 GB RAM available)
[2026-08-19 19:39:05][INFO] SIM_BRIDGE: Initializing simulation data for model: IZHIKEVICH (3D)... (playback_init: False)
[2026-08-19 19:39:05][INFO] SIM_BRIDGE: RNG initialized with seed: 42
[2026-08-19 19:39:05][INFO] SIM_BRIDGE: Initializing Izhikevich model specifics for 224 neurons...
[2026-08-19 19:39:05][INFO] SIM_BRIDGE: Applying parameter heterogeneity to neuron parameters...
[2026-08-19 19:39:05][INFO] SIM_BRIDGE: Applied heterogeneity to 4 parameters.
[2026-08-19 19:39:05][INFO] SIM_BRIDGE: Initializing OU process state (tau=15.0ms, sigma=20.0pA)...
[2026-08-19 19:39:05][INFO] SIM_BRIDGE: Generating 3D neuron positions for 224 neurons...
[2026-08-19 19:39:05][INFO] SIM_BRIDGE: Generating connections (3D)...
[2026-08-19 19:39:05][INFO] SIM_BRIDGE: Simulation data initialized for 224 neurons (3D). Synapses: 0. GPU memory: 0.0GB/9223372036.9GB (0.0%)
[2026-08-19 19:39:05][INFO] SIM_BRIDGE: inject_explicit_wiring: installed 4800 synapses across 1 populations.
[2026-08-19 19:39:44][INFO] SIM_BRIDGE: NumPy backend (CPU (NumPy backend), 8589934592.0 GB RAM available)
[2026-08-19 19:39:44][INFO] SIM_BRIDGE: Initializing simulation data for model: IZHIKEVICH (3D)... (playback_init: False)
[2026-08-19 19:39:44][INFO] SIM_BRIDGE: RNG initialized with seed: 42
[2026-08-19 19:39:44][INFO] SIM_BRIDGE: Initializing Izhikevich model specifics for 144 neurons...
[2026-08-19 19:39:44][INFO] SIM_BRIDGE: Applying parameter heterogeneity to neuron parameters...
[2026-08-19 19:39:44][INFO] SIM_BRIDGE: Applied heterogeneity to 4 parameters.
[2026-08-19 19:39:44][INFO] SIM_BRIDGE: Initializing OU process state (tau=15.0ms, sigma=0.0pA)...
[2026-08-19 19:39:44][INFO] SIM_BRIDGE: Generating 3D neuron positions for 144 neurons...
[2026-08-19 19:39:44][INFO] SIM_BRIDGE: Generating connections (3D)...
[2026-08-19 19:39:44][INFO] SIM_BRIDGE: Simulation data initialized for 144 neurons (3D). Synapses: 0. GPU memory: 0.0GB/9223372036.9GB (0.0%)
[2026-08-19 19:39:44][INFO] SIM_BRIDGE: NumPy backend (CPU (NumPy backend), 8589934592.0 GB RAM available)
[2026-08-19 19:39:44][INFO] SIM_BRIDGE: Initializing simulation data for model: IZHIKEVICH (3D)... (playback_init: False)
[2026-08-19 19:39:44][INFO] SIM_BRIDGE: RNG initialized with seed: 42
[2026-08-19 19:39:44][INFO] SIM_BRIDGE: Initializing Izhikevich model specifics for 2 neurons...
[2026-08-19 19:39:44][INFO] SIM_BRIDGE: Applying parameter heterogeneity to neuron parameters...
[2026-08-19 19:39:44][INFO] SIM_BRIDGE: Applied heterogeneity to 4 parameters.
[2026-08-19 19:39:44][INFO] SIM_BRIDGE: Initializing OU process state (tau=15.0ms, sigma=0.0pA)...
[2026-08-19 19:39:44][INFO] SIM_BRIDGE: Generating 3D neuron positions for 2 neurons...
[2026-08-19 19:39:44][INFO] SIM_BRIDGE: Generating connections (3D)...
[2026-08-19 19:39:44][INFO] SIM_BRIDGE: Simulation data initialized for 2 neurons (3D). Synapses: 0. GPU memory: 0.0GB/9223372036.9GB (0.0%)
[2026-08-19 19:39:47][INFO] SIM_BRIDGE: NumPy backend (CPU (NumPy backend), 8589934592.0 GB RAM available)
[2026-08-19 19:39:47][INFO] SIM_BRIDGE: Initializing simulation data for model: IZHIKEVICH (3D)... (playback_init: False)
[2026-08-19 19:39:47][INFO] SIM_BRIDGE: Brain-region framework: 2 regions, 1200 total neurons, 2 pathways.
[2026-08-19 19:39:47][INFO] SIM_BRIDGE: RNG initialized with seed: 42
[2026-08-19 19:39:47][INFO] SIM_BRIDGE: NMDA per-region mask: 2 regions enabled (1200 neurons)
[2026-08-19 19:39:47][INFO] SIM_BRIDGE: Initializing Izhikevich model specifics for 1200 neurons...
[2026-08-19 19:39:47][INFO] SIM_BRIDGE: Region 'cortex_ctx' (600 neurons): using Izh type IZH2007_HIPPO_PYRAMIDAL
[2026-08-19 19:39:47][INFO] SIM_BRIDGE: Region 'dlpfc_wm' (600 neurons): using Izh type IZH2007_HIPPO_PYRAMIDAL
[2026-08-19 19:39:47][INFO] SIM_BRIDGE: Applying parameter heterogeneity to neuron parameters...
[2026-08-19 19:39:47][INFO] SIM_BRIDGE: Applied heterogeneity to 4 parameters.
[2026-08-19 19:39:47][INFO] SIM_BRIDGE: Generating 3D neuron positions for 1200 neurons...
[2026-08-19 19:39:47][INFO] SIM_BRIDGE: Generating connections (brain-region framework)...
[2026-08-19 19:39:47][INFO] SIM_BRIDGE: inject_explicit_wiring: installed 107786 synapses across 4 populations.
[2026-08-19 19:39:47][INFO] SIM_BRIDGE: Initializing eligibility traces for 107786 synapses (capacity: 161679, dtype: float32)...
[2026-08-19 19:39:47][INFO] SIM_BRIDGE: Initializing STDP state for 1200 neurons...
[2026-08-19 19:39:47][INFO] SIM_BRIDGE: Simulation data initialized for 1200 neurons (3D). Synapses: 107786. GPU memory: 0.0GB/9223372036.9GB (0.0%)
[2026-08-19 19:39:47][INFO] SIM_BRIDGE: ⛔ STDP IS INERT: enable_stdp=True but runtime_state.current_time_ms is still 0.0 after 50 steps. _run_one_simulation_step() does NOT advance the clock (only step_simulation() does), so every spike shares one timestamp, delta_t==0 for every pair, and every STDP update is exactly 0.0. FIX: advance it in your loop -- `bridge.runtime_state.current_time_ms += bridge.core_config.dt_ms` after each step.
  [one-brain-substrate       ] ERROR 400: failed to load brain 'tiny-demo' with renderer 'stub': KeyError: 'composer'
[2026-08-19 19:40:02][INFO] SIM_BRIDGE: NumPy backend (CPU (NumPy backend), 8589934592.0 GB RAM available)
[2026-08-19 19:40:02][INFO] SIM_BRIDGE: Initializing simulation data for model: IZHIKEVICH (3D)... (playback_init: False)
[2026-08-19 19:40:02][INFO] SIM_BRIDGE: RNG initialized with seed: 42
[2026-08-19 19:40:02][INFO] SIM_BRIDGE: Initializing Izhikevich model specifics for 45856 neurons...
[2026-08-19 19:40:02][INFO] SIM_BRIDGE: Applying parameter heterogeneity to neuron parameters...
[2026-08-19 19:40:02][INFO] SIM_BRIDGE: Applied heterogeneity to 4 parameters.
[2026-08-19 19:40:02][INFO] SIM_BRIDGE: Initializing OU process state (tau=15.0ms, sigma=20.0pA)...
[2026-08-19 19:40:02][INFO] SIM_BRIDGE: Generating 3D neuron positions for 45856 neurons...
[2026-08-19 19:40:02][INFO] SIM_BRIDGE: Generating connections (3D)...
[2026-08-19 19:40:02][INFO] SIM_BRIDGE: Simulation data initialized for 45856 neurons (3D). Synapses: 0. GPU memory: 0.0GB/9223372036.9GB (0.0%)
[2026-08-19 19:40:02][INFO] SIM_BRIDGE: inject_explicit_wiring: installed 720 synapses across 1 populations.
[2026-08-19 19:40:33][INFO] SIM_BRIDGE: NumPy backend (CPU (NumPy backend), 8589934592.0 GB RAM available)
[2026-08-19 19:40:33][INFO] SIM_BRIDGE: Initializing simulation data for model: IZHIKEVICH (3D)... (playback_init: False)
[2026-08-19 19:40:33][INFO] SIM_BRIDGE: Brain-region framework: 2 regions, 1800 total neurons, 3 pathways.
[2026-08-19 19:40:33][INFO] SIM_BRIDGE: RNG initialized with seed: 42
[2026-08-19 19:40:33][INFO] SIM_BRIDGE: Initializing Izhikevich model specifics for 1800 neurons...
[2026-08-19 19:40:33][INFO] SIM_BRIDGE: Applying parameter heterogeneity to neuron parameters...
[2026-08-19 19:40:33][INFO] SIM_BRIDGE: Applied heterogeneity to 4 parameters.
[2026-08-19 19:40:33][INFO] SIM_BRIDGE: Initializing OU process state (tau=15.0ms, sigma=0.0pA)...
[2026-08-19 19:40:33][INFO] SIM_BRIDGE: Generating 3D neuron positions for 1800 neurons...
[2026-08-19 19:40:33][INFO] SIM_BRIDGE: Generating connections (brain-region framework)...
[2026-08-19 19:40:34][INFO] SIM_BRIDGE: inject_explicit_wiring: installed 1619529 synapses across 3 populations.
[2026-08-19 19:40:34][INFO] SIM_BRIDGE: Simulation data initialized for 1800 neurons (3D). Synapses: 1619529. GPU memory: 0.0GB/9223372036.9GB (0.0%)
[2026-08-19 19:40:34][INFO] SIM_BRIDGE: NumPy backend (CPU (NumPy backend), 8589934592.0 GB RAM available)
[2026-08-19 19:40:34][INFO] SIM_BRIDGE: Initializing simulation data for model: IZHIKEVICH (3D)... (playback_init: False)
[2026-08-19 19:40:34][INFO] SIM_BRIDGE: RNG initialized with seed: 42
[2026-08-19 19:40:34][INFO] SIM_BRIDGE: Initializing Izhikevich model specifics for 224 neurons...
[2026-08-19 19:40:34][INFO] SIM_BRIDGE: Applying parameter heterogeneity to neuron parameters...
[2026-08-19 19:40:34][INFO] SIM_BRIDGE: Applied heterogeneity to 4 parameters.
[2026-08-19 19:40:34][INFO] SIM_BRIDGE: Initializing OU process state (tau=15.0ms, sigma=20.0pA)...
[2026-08-19 19:40:34][INFO] SIM_BRIDGE: Generating 3D neuron positions for 224 neurons...
[2026-08-19 19:40:34][INFO] SIM_BRIDGE: Generating connections (3D)...
[2026-08-19 19:40:34][INFO] SIM_BRIDGE: Simulation data initialized for 224 neurons (3D). Synapses: 0. GPU memory: 0.0GB/9223372036.9GB (0.0%)
[2026-08-19 19:40:34][INFO] SIM_BRIDGE: inject_explicit_wiring: installed 4800 synapses across 1 populations.
[2026-08-19 19:41:09][INFO] SIM_BRIDGE: NumPy backend (CPU (NumPy backend), 8589934592.0 GB RAM available)
[2026-08-19 19:41:09][INFO] SIM_BRIDGE: Initializing simulation data for model: IZHIKEVICH (3D)... (playback_init: False)
[2026-08-19 19:41:09][INFO] SIM_BRIDGE: RNG initialized with seed: 42
[2026-08-19 19:41:09][INFO] SIM_BRIDGE: Initializing Izhikevich model specifics for 144 neurons...
[2026-08-19 19:41:09][INFO] SIM_BRIDGE: Applying parameter heterogeneity to neuron parameters...
[2026-08-19 19:41:09][INFO] SIM_BRIDGE: Applied heterogeneity to 4 parameters.
[2026-08-19 19:41:09][INFO] SIM_BRIDGE: Initializing OU process state (tau=15.0ms, sigma=0.0pA)...
[2026-08-19 19:41:09][INFO] SIM_BRIDGE: Generating 3D neuron positions for 144 neurons...
[2026-08-19 19:41:09][INFO] SIM_BRIDGE: Generating connections (3D)...
[2026-08-19 19:41:09][INFO] SIM_BRIDGE: Simulation data initialized for 144 neurons (3D). Synapses: 0. GPU memory: 0.0GB/9223372036.9GB (0.0%)
[2026-08-19 19:41:09][INFO] SIM_BRIDGE: NumPy backend (CPU (NumPy backend), 8589934592.0 GB RAM available)
[2026-08-19 19:41:09][INFO] SIM_BRIDGE: Initializing simulation data for model: IZHIKEVICH (3D)... (playback_init: False)
[2026-08-19 19:41:09][INFO] SIM_BRIDGE: RNG initialized with seed: 42
[2026-08-19 19:41:09][INFO] SIM_BRIDGE: Initializing Izhikevich model specifics for 2 neurons...
[2026-08-19 19:41:09][INFO] SIM_BRIDGE: Applying parameter heterogeneity to neuron parameters...
[2026-08-19 19:41:09][INFO] SIM_BRIDGE: Applied heterogeneity to 4 parameters.
[2026-08-19 19:41:09][INFO] SIM_BRIDGE: Initializing OU process state (tau=15.0ms, sigma=0.0pA)...
[2026-08-19 19:41:09][INFO] SIM_BRIDGE: Generating 3D neuron positions for 2 neurons...
[2026-08-19 19:41:09][INFO] SIM_BRIDGE: Generating connections (3D)...
[2026-08-19 19:41:09][INFO] SIM_BRIDGE: Simulation data initialized for 2 neurons (3D). Synapses: 0. GPU memory: 0.0GB/9223372036.9GB (0.0%)
[2026-08-19 19:41:12][INFO] SIM_BRIDGE: NumPy backend (CPU (NumPy backend), 8589934592.0 GB RAM available)
[2026-08-19 19:41:12][INFO] SIM_BRIDGE: Initializing simulation data for model: IZHIKEVICH (3D)... (playback_init: False)
[2026-08-19 19:41:12][INFO] SIM_BRIDGE: Brain-region framework: 2 regions, 1200 total neurons, 2 pathways.
[2026-08-19 19:41:12][INFO] SIM_BRIDGE: RNG initialized with seed: 42
[2026-08-19 19:41:12][INFO] SIM_BRIDGE: NMDA per-region mask: 2 regions enabled (1200 neurons)
[2026-08-19 19:41:12][INFO] SIM_BRIDGE: Initializing Izhikevich model specifics for 1200 neurons...
[2026-08-19 19:41:12][INFO] SIM_BRIDGE: Region 'cortex_ctx' (600 neurons): using Izh type IZH2007_HIPPO_PYRAMIDAL
[2026-08-19 19:41:12][INFO] SIM_BRIDGE: Region 'dlpfc_wm' (600 neurons): using Izh type IZH2007_HIPPO_PYRAMIDAL
[2026-08-19 19:41:12][INFO] SIM_BRIDGE: Applying parameter heterogeneity to neuron parameters...
[2026-08-19 19:41:12][INFO] SIM_BRIDGE: Applied heterogeneity to 4 parameters.
[2026-08-19 19:41:12][INFO] SIM_BRIDGE: Generating 3D neuron positions for 1200 neurons...
[2026-08-19 19:41:12][INFO] SIM_BRIDGE: Generating connections (brain-region framework)...
[2026-08-19 19:41:12][INFO] SIM_BRIDGE: inject_explicit_wiring: installed 107786 synapses across 4 populations.
[2026-08-19 19:41:12][INFO] SIM_BRIDGE: Initializing eligibility traces for 107786 synapses (capacity: 161679, dtype: float32)...
[2026-08-19 19:41:12][INFO] SIM_BRIDGE: Initializing STDP state for 1200 neurons...
[2026-08-19 19:41:12][INFO] SIM_BRIDGE: Simulation data initialized for 1200 neurons (3D). Synapses: 107786. GPU memory: 0.0GB/9223372036.9GB (0.0%)
[2026-08-19 19:41:12][INFO] SIM_BRIDGE: ⛔ STDP IS INERT: enable_stdp=True but runtime_state.current_time_ms is still 0.0 after 50 steps. _run_one_simulation_step() does NOT advance the clock (only step_simulation() does), so every spike shares one timestamp, delta_t==0 for every pair, and every STDP update is exactly 0.0. FIX: advance it in your loop -- `bridge.runtime_state.current_time_ms += bridge.core_config.dt_ms` after each step.
[2026-08-19 19:41:19][INFO] SIM_BRIDGE: NumPy backend (CPU (NumPy backend), 8589934592.0 GB RAM available)
[2026-08-19 19:41:19][INFO] SIM_BRIDGE: Initializing simulation data for model: IZHIKEVICH (3D)... (playback_init: False)
[2026-08-19 19:41:19][INFO] SIM_BRIDGE: RNG initialized with seed: 42
[2026-08-19 19:41:19][INFO] SIM_BRIDGE: Initializing Izhikevich model specifics for 45856 neurons...
[2026-08-19 19:41:19][INFO] SIM_BRIDGE: Applying parameter heterogeneity to neuron parameters...
[2026-08-19 19:41:19][INFO] SIM_BRIDGE: Applied heterogeneity to 4 parameters.
[2026-08-19 19:41:19][INFO] SIM_BRIDGE: Initializing OU process state (tau=15.0ms, sigma=20.0pA)...
[2026-08-19 19:41:19][INFO] SIM_BRIDGE: Generating 3D neuron positions for 45856 neurons...
[2026-08-19 19:41:19][INFO] SIM_BRIDGE: Generating connections (3D)...
[2026-08-19 19:41:19][INFO] SIM_BRIDGE: Simulation data initialized for 45856 neurons (3D). Synapses: 0. GPU memory: 0.0GB/9223372036.9GB (0.0%)
[2026-08-19 19:41:19][INFO] SIM_BRIDGE: inject_explicit_wiring: installed 720 synapses across 1 populations.
[2026-08-19 19:41:50][INFO] SIM_BRIDGE: NumPy backend (CPU (NumPy backend), 8589934592.0 GB RAM available)
[2026-08-19 19:41:50][INFO] SIM_BRIDGE: Initializing simulation data for model: IZHIKEVICH (3D)... (playback_init: False)
[2026-08-19 19:41:50][INFO] SIM_BRIDGE: Brain-region framework: 2 regions, 1800 total neurons, 3 pathways.
[2026-08-19 19:41:50][INFO] SIM_BRIDGE: RNG initialized with seed: 42
[2026-08-19 19:41:50][INFO] SIM_BRIDGE: Initializing Izhikevich model specifics for 1800 neurons...
[2026-08-19 19:41:50][INFO] SIM_BRIDGE: Applying parameter heterogeneity to neuron parameters...
[2026-08-19 19:41:50][INFO] SIM_BRIDGE: Applied heterogeneity to 4 parameters.
[2026-08-19 19:41:50][INFO] SIM_BRIDGE: Initializing OU process state (tau=15.0ms, sigma=0.0pA)...
[2026-08-19 19:41:50][INFO] SIM_BRIDGE: Generating 3D neuron positions for 1800 neurons...
[2026-08-19 19:41:50][INFO] SIM_BRIDGE: Generating connections (brain-region framework)...
[2026-08-19 19:41:51][INFO] SIM_BRIDGE: inject_explicit_wiring: installed 1619529 synapses across 3 populations.
[2026-08-19 19:41:51][INFO] SIM_BRIDGE: Simulation data initialized for 1800 neurons (3D). Synapses: 1619529. GPU memory: 0.0GB/9223372036.9GB (0.0%)
[2026-08-19 19:41:51][INFO] SIM_BRIDGE: NumPy backend (CPU (NumPy backend), 8589934592.0 GB RAM available)
[2026-08-19 19:41:51][INFO] SIM_BRIDGE: Initializing simulation data for model: IZHIKEVICH (3D)... (playback_init: False)
[2026-08-19 19:41:51][INFO] SIM_BRIDGE: RNG initialized with seed: 42
[2026-08-19 19:41:51][INFO] SIM_BRIDGE: Initializing Izhikevich model specifics for 224 neurons...
[2026-08-19 19:41:51][INFO] SIM_BRIDGE: Applying parameter heterogeneity to neuron parameters...
[2026-08-19 19:41:51][INFO] SIM_BRIDGE: Applied heterogeneity to 4 parameters.
[2026-08-19 19:41:51][INFO] SIM_BRIDGE: Initializing OU process state (tau=15.0ms, sigma=20.0pA)...
[2026-08-19 19:41:51][INFO] SIM_BRIDGE: Generating 3D neuron positions for 224 neurons...
[2026-08-19 19:41:51][INFO] SIM_BRIDGE: Generating connections (3D)...
[2026-08-19 19:41:51][INFO] SIM_BRIDGE: Simulation data initialized for 224 neurons (3D). Synapses: 0. GPU memory: 0.0GB/9223372036.9GB (0.0%)
[2026-08-19 19:41:51][INFO] SIM_BRIDGE: inject_explicit_wiring: installed 4800 synapses across 1 populations.
[2026-08-19 19:42:27][INFO] SIM_BRIDGE: NumPy backend (CPU (NumPy backend), 8589934592.0 GB RAM available)
[2026-08-19 19:42:27][INFO] SIM_BRIDGE: Initializing simulation data for model: IZHIKEVICH (3D)... (playback_init: False)
[2026-08-19 19:42:27][INFO] SIM_BRIDGE: RNG initialized with seed: 42
[2026-08-19 19:42:27][INFO] SIM_BRIDGE: Initializing Izhikevich model specifics for 144 neurons...
[2026-08-19 19:42:27][INFO] SIM_BRIDGE: Applying parameter heterogeneity to neuron parameters...
[2026-08-19 19:42:27][INFO] SIM_BRIDGE: Applied heterogeneity to 4 parameters.
[2026-08-19 19:42:27][INFO] SIM_BRIDGE: Initializing OU process state (tau=15.0ms, sigma=0.0pA)...
[2026-08-19 19:42:27][INFO] SIM_BRIDGE: Generating 3D neuron positions for 144 neurons...
[2026-08-19 19:42:27][INFO] SIM_BRIDGE: Generating connections (3D)...
[2026-08-19 19:42:27][INFO] SIM_BRIDGE: Simulation data initialized for 144 neurons (3D). Synapses: 0. GPU memory: 0.0GB/9223372036.9GB (0.0%)
[2026-08-19 19:42:27][INFO] SIM_BRIDGE: NumPy backend (CPU (NumPy backend), 8589934592.0 GB RAM available)
[2026-08-19 19:42:27][INFO] SIM_BRIDGE: Initializing simulation data for model: IZHIKEVICH (3D)... (playback_init: False)
[2026-08-19 19:42:27][INFO] SIM_BRIDGE: RNG initialized with seed: 42
[2026-08-19 19:42:27][INFO] SIM_BRIDGE: Initializing Izhikevich model specifics for 2 neurons...
[2026-08-19 19:42:27][INFO] SIM_BRIDGE: Applying parameter heterogeneity to neuron parameters...
[2026-08-19 19:42:27][INFO] SIM_BRIDGE: Applied heterogeneity to 4 parameters.
[2026-08-19 19:42:27][INFO] SIM_BRIDGE: Initializing OU process state (tau=15.0ms, sigma=0.0pA)...
[2026-08-19 19:42:27][INFO] SIM_BRIDGE: Generating 3D neuron positions for 2 neurons...
[2026-08-19 19:42:27][INFO] SIM_BRIDGE: Generating connections (3D)...
[2026-08-19 19:42:27][INFO] SIM_BRIDGE: Simulation data initialized for 2 neurons (3D). Synapses: 0. GPU memory: 0.0GB/9223372036.9GB (0.0%)
[2026-08-19 19:42:30][INFO] SIM_BRIDGE: NumPy backend (CPU (NumPy backend), 8589934592.0 GB RAM available)
[2026-08-19 19:42:30][INFO] SIM_BRIDGE: Initializing simulation data for model: IZHIKEVICH (3D)... (playback_init: False)
[2026-08-19 19:42:30][INFO] SIM_BRIDGE: Brain-region framework: 2 regions, 1200 total neurons, 2 pathways.
[2026-08-19 19:42:30][INFO] SIM_BRIDGE: RNG initialized with seed: 42
[2026-08-19 19:42:30][INFO] SIM_BRIDGE: NMDA per-region mask: 2 regions enabled (1200 neurons)
[2026-08-19 19:42:30][INFO] SIM_BRIDGE: Initializing Izhikevich model specifics for 1200 neurons...
[2026-08-19 19:42:30][INFO] SIM_BRIDGE: Region 'cortex_ctx' (600 neurons): using Izh type IZH2007_HIPPO_PYRAMIDAL
[2026-08-19 19:42:30][INFO] SIM_BRIDGE: Region 'dlpfc_wm' (600 neurons): using Izh type IZH2007_HIPPO_PYRAMIDAL
[2026-08-19 19:42:30][INFO] SIM_BRIDGE: Applying parameter heterogeneity to neuron parameters...
[2026-08-19 19:42:30][INFO] SIM_BRIDGE: Applied heterogeneity to 4 parameters.
[2026-08-19 19:42:30][INFO] SIM_BRIDGE: Generating 3D neuron positions for 1200 neurons...
[2026-08-19 19:42:30][INFO] SIM_BRIDGE: Generating connections (brain-region framework)...
[2026-08-19 19:42:30][INFO] SIM_BRIDGE: inject_explicit_wiring: installed 107786 synapses across 4 populations.
[2026-08-19 19:42:30][INFO] SIM_BRIDGE: Initializing eligibility traces for 107786 synapses (capacity: 161679, dtype: float32)...
[2026-08-19 19:42:30][INFO] SIM_BRIDGE: Initializing STDP state for 1200 neurons...
[2026-08-19 19:42:30][INFO] SIM_BRIDGE: Simulation data initialized for 1200 neurons (3D). Synapses: 107786. GPU memory: 0.0GB/9223372036.9GB (0.0%)
[2026-08-19 19:42:30][INFO] SIM_BRIDGE: ⛔ STDP IS INERT: enable_stdp=True but runtime_state.current_time_ms is still 0.0 after 50 steps. _run_one_simulation_step() does NOT advance the clock (only step_simulation() does), so every spike shares one timestamp, delta_t==0 for every pair, and every STDP update is exactly 0.0. FIX: advance it in your loop -- `bridge.runtime_state.current_time_ms += bridge.core_config.dt_ms` after each step.
  [onebrain-merge-organs     ] escape answer_changed=False -> FEEDER

-- discourse planner (rich vs single) --
[2026-08-19 19:42:38][INFO] SIM_BRIDGE: NumPy backend (CPU (NumPy backend), 8589934592.0 GB RAM available)
[2026-08-19 19:42:38][INFO] SIM_BRIDGE: Initializing simulation data for model: IZHIKEVICH (3D)... (playback_init: False)
[2026-08-19 19:42:38][INFO] SIM_BRIDGE: RNG initialized with seed: 42
[2026-08-19 19:42:38][INFO] SIM_BRIDGE: Initializing Izhikevich model specifics for 45856 neurons...
[2026-08-19 19:42:38][INFO] SIM_BRIDGE: Applying parameter heterogeneity to neuron parameters...
[2026-08-19 19:42:38][INFO] SIM_BRIDGE: Applied heterogeneity to 4 parameters.
[2026-08-19 19:42:38][INFO] SIM_BRIDGE: Initializing OU process state (tau=15.0ms, sigma=20.0pA)...
[2026-08-19 19:42:38][INFO] SIM_BRIDGE: Generating 3D neuron positions for 45856 neurons...
[2026-08-19 19:42:38][INFO] SIM_BRIDGE: Generating connections (3D)...
[2026-08-19 19:42:38][INFO] SIM_BRIDGE: Simulation data initialized for 45856 neurons (3D). Synapses: 0. GPU memory: 0.0GB/9223372036.9GB (0.0%)
[2026-08-19 19:42:38][INFO] SIM_BRIDGE: inject_explicit_wiring: installed 720 synapses across 1 populations.
[2026-08-19 19:43:09][INFO] SIM_BRIDGE: NumPy backend (CPU (NumPy backend), 8589934592.0 GB RAM available)
[2026-08-19 19:43:09][INFO] SIM_BRIDGE: Initializing simulation data for model: IZHIKEVICH (3D)... (playback_init: False)
[2026-08-19 19:43:09][INFO] SIM_BRIDGE: Brain-region framework: 2 regions, 1800 total neurons, 3 pathways.
[2026-08-19 19:43:09][INFO] SIM_BRIDGE: RNG initialized with seed: 42
[2026-08-19 19:43:09][INFO] SIM_BRIDGE: Initializing Izhikevich model specifics for 1800 neurons...
[2026-08-19 19:43:09][INFO] SIM_BRIDGE: Applying parameter heterogeneity to neuron parameters...
[2026-08-19 19:43:09][INFO] SIM_BRIDGE: Applied heterogeneity to 4 parameters.
[2026-08-19 19:43:09][INFO] SIM_BRIDGE: Initializing OU process state (tau=15.0ms, sigma=0.0pA)...
[2026-08-19 19:43:09][INFO] SIM_BRIDGE: Generating 3D neuron positions for 1800 neurons...
[2026-08-19 19:43:09][INFO] SIM_BRIDGE: Generating connections (brain-region framework)...
[2026-08-19 19:43:10][INFO] SIM_BRIDGE: inject_explicit_wiring: installed 1619529 synapses across 3 populations.
[2026-08-19 19:43:10][INFO] SIM_BRIDGE: Simulation data initialized for 1800 neurons (3D). Synapses: 1619529. GPU memory: 0.0GB/9223372036.9GB (0.0%)
[2026-08-19 19:43:10][INFO] SIM_BRIDGE: NumPy backend (CPU (NumPy backend), 8589934592.0 GB RAM available)
[2026-08-19 19:43:10][INFO] SIM_BRIDGE: Initializing simulation data for model: IZHIKEVICH (3D)... (playback_init: False)
[2026-08-19 19:43:10][INFO] SIM_BRIDGE: RNG initialized with seed: 42
[2026-08-19 19:43:10][INFO] SIM_BRIDGE: Initializing Izhikevich model specifics for 224 neurons...
[2026-08-19 19:43:10][INFO] SIM_BRIDGE: Applying parameter heterogeneity to neuron parameters...
[2026-08-19 19:43:10][INFO] SIM_BRIDGE: Applied heterogeneity to 4 parameters.
[2026-08-19 19:43:10][INFO] SIM_BRIDGE: Initializing OU process state (tau=15.0ms, sigma=20.0pA)...
[2026-08-19 19:43:10][INFO] SIM_BRIDGE: Generating 3D neuron positions for 224 neurons...
[2026-08-19 19:43:10][INFO] SIM_BRIDGE: Generating connections (3D)...
[2026-08-19 19:43:10][INFO] SIM_BRIDGE: Simulation data initialized for 224 neurons (3D). Synapses: 0. GPU memory: 0.0GB/9223372036.9GB (0.0%)
[2026-08-19 19:43:10][INFO] SIM_BRIDGE: inject_explicit_wiring: installed 4800 synapses across 1 populations.
[2026-08-19 19:43:45][INFO] SIM_BRIDGE: NumPy backend (CPU (NumPy backend), 8589934592.0 GB RAM available)
[2026-08-19 19:43:45][INFO] SIM_BRIDGE: Initializing simulation data for model: IZHIKEVICH (3D)... (playback_init: False)
[2026-08-19 19:43:45][INFO] SIM_BRIDGE: RNG initialized with seed: 42
[2026-08-19 19:43:45][INFO] SIM_BRIDGE: Initializing Izhikevich model specifics for 144 neurons...
[2026-08-19 19:43:45][INFO] SIM_BRIDGE: Applying parameter heterogeneity to neuron parameters...
[2026-08-19 19:43:45][INFO] SIM_BRIDGE: Applied heterogeneity to 4 parameters.
[2026-08-19 19:43:45][INFO] SIM_BRIDGE: Initializing OU process state (tau=15.0ms, sigma=0.0pA)...
[2026-08-19 19:43:45][INFO] SIM_BRIDGE: Generating 3D neuron positions for 144 neurons...
[2026-08-19 19:43:45][INFO] SIM_BRIDGE: Generating connections (3D)...
[2026-08-19 19:43:45][INFO] SIM_BRIDGE: Simulation data initialized for 144 neurons (3D). Synapses: 0. GPU memory: 0.0GB/9223372036.9GB (0.0%)
[2026-08-19 19:43:45][INFO] SIM_BRIDGE: NumPy backend (CPU (NumPy backend), 8589934592.0 GB RAM available)
[2026-08-19 19:43:45][INFO] SIM_BRIDGE: Initializing simulation data for model: IZHIKEVICH (3D)... (playback_init: False)
[2026-08-19 19:43:45][INFO] SIM_BRIDGE: RNG initialized with seed: 42
[2026-08-19 19:43:45][INFO] SIM_BRIDGE: Initializing Izhikevich model specifics for 2 neurons...
[2026-08-19 19:43:45][INFO] SIM_BRIDGE: Applying parameter heterogeneity to neuron parameters...
[2026-08-19 19:43:45][INFO] SIM_BRIDGE: Applied heterogeneity to 4 parameters.
[2026-08-19 19:43:45][INFO] SIM_BRIDGE: Initializing OU process state (tau=15.0ms, sigma=0.0pA)...
[2026-08-19 19:43:45][INFO] SIM_BRIDGE: Generating 3D neuron positions for 2 neurons...
[2026-08-19 19:43:45][INFO] SIM_BRIDGE: Generating connections (3D)...
[2026-08-19 19:43:45][INFO] SIM_BRIDGE: Simulation data initialized for 2 neurons (3D). Synapses: 0. GPU memory: 0.0GB/9223372036.9GB (0.0%)
[2026-08-19 19:43:47][INFO] SIM_BRIDGE: NumPy backend (CPU (NumPy backend), 8589934592.0 GB RAM available)
[2026-08-19 19:43:47][INFO] SIM_BRIDGE: Initializing simulation data for model: IZHIKEVICH (3D)... (playback_init: False)
[2026-08-19 19:43:47][INFO] SIM_BRIDGE: Brain-region framework: 2 regions, 1440 total neurons, 2 pathways.
[2026-08-19 19:43:47][INFO] SIM_BRIDGE: RNG initialized with seed: 42
[2026-08-19 19:43:47][INFO] SIM_BRIDGE: NMDA per-region mask: 2 regions enabled (1440 neurons)
[2026-08-19 19:43:47][INFO] SIM_BRIDGE: Initializing Izhikevich model specifics for 1440 neurons...
[2026-08-19 19:43:47][INFO] SIM_BRIDGE: Region 'cortex_ctx' (720 neurons): using Izh type IZH2007_HIPPO_PYRAMIDAL
[2026-08-19 19:43:47][INFO] SIM_BRIDGE: Region 'dlpfc_wm' (720 neurons): using Izh type IZH2007_HIPPO_PYRAMIDAL
[2026-08-19 19:43:47][INFO] SIM_BRIDGE: Applying parameter heterogeneity to neuron parameters...
[2026-08-19 19:43:47][INFO] SIM_BRIDGE: Applied heterogeneity to 4 parameters.
[2026-08-19 19:43:47][INFO] SIM_BRIDGE: Generating 3D neuron positions for 1440 neurons...
[2026-08-19 19:43:47][INFO] SIM_BRIDGE: Generating connections (brain-region framework)...
[2026-08-19 19:43:47][INFO] SIM_BRIDGE: inject_explicit_wiring: installed 51781 synapses across 2 populations.
[2026-08-19 19:43:47][INFO] SIM_BRIDGE: Initializing eligibility traces for 51781 synapses (capacity: 77671, dtype: float32)...
[2026-08-19 19:43:47][INFO] SIM_BRIDGE: Initializing STDP state for 1440 neurons...
[2026-08-19 19:43:47][INFO] SIM_BRIDGE: Simulation data initialized for 1440 neurons (3D). Synapses: 51781. GPU memory: 0.0GB/9223372036.9GB (0.0%)
[2026-08-19 19:43:48][INFO] SIM_BRIDGE: ⛔ STDP IS INERT: enable_stdp=True but runtime_state.current_time_ms is still 0.0 after 50 steps. _run_one_simulation_step() does NOT advance the clock (only step_simulation() does), so every spike shares one timestamp, delta_t==0 for every pair, and every STDP update is exactly 0.0. FIX: advance it in your loop -- `bridge.runtime_state.current_time_ms += bridge.core_config.dt_ms` after each step.
[2026-08-19 19:43:50][INFO] SIM_BRIDGE: NumPy backend (CPU (NumPy backend), 8589934592.0 GB RAM available)
[2026-08-19 19:43:50][INFO] SIM_BRIDGE: Initializing simulation data for model: IZHIKEVICH (3D)... (playback_init: False)
[2026-08-19 19:43:50][INFO] SIM_BRIDGE: Brain-region framework: 2 regions, 1200 total neurons, 2 pathways.
[2026-08-19 19:43:50][INFO] SIM_BRIDGE: RNG initialized with seed: 42
[2026-08-19 19:43:50][INFO] SIM_BRIDGE: NMDA per-region mask: 2 regions enabled (1200 neurons)
[2026-08-19 19:43:50][INFO] SIM_BRIDGE: Initializing Izhikevich model specifics for 1200 neurons...
[2026-08-19 19:43:50][INFO] SIM_BRIDGE: Region 'cortex_ctx' (600 neurons): using Izh type IZH2007_HIPPO_PYRAMIDAL
[2026-08-19 19:43:50][INFO] SIM_BRIDGE: Region 'dlpfc_wm' (600 neurons): using Izh type IZH2007_HIPPO_PYRAMIDAL
[2026-08-19 19:43:50][INFO] SIM_BRIDGE: Applying parameter heterogeneity to neuron parameters...
[2026-08-19 19:43:50][INFO] SIM_BRIDGE: Applied heterogeneity to 4 parameters.
[2026-08-19 19:43:50][INFO] SIM_BRIDGE: Generating 3D neuron positions for 1200 neurons...
[2026-08-19 19:43:50][INFO] SIM_BRIDGE: Generating connections (brain-region framework)...
[2026-08-19 19:43:50][INFO] SIM_BRIDGE: inject_explicit_wiring: installed 107786 synapses across 4 populations.
[2026-08-19 19:43:50][INFO] SIM_BRIDGE: Initializing eligibility traces for 107786 synapses (capacity: 161679, dtype: float32)...
[2026-08-19 19:43:50][INFO] SIM_BRIDGE: Initializing STDP state for 1200 neurons...
[2026-08-19 19:43:50][INFO] SIM_BRIDGE: Simulation data initialized for 1200 neurons (3D). Synapses: 107786. GPU memory: 0.0GB/9223372036.9GB (0.0%)
[2026-08-19 19:43:50][INFO] SIM_BRIDGE: ⛔ STDP IS INERT: enable_stdp=True but runtime_state.current_time_ms is still 0.0 after 50 steps. _run_one_simulation_step() does NOT advance the clock (only step_simulation() does), so every spike shares one timestamp, delta_t==0 for every pair, and every STDP update is exactly 0.0. FIX: advance it in your loop -- `bridge.runtime_state.current_time_ms += bridge.core_config.dt_ms` after each step.
[2026-08-19 19:43:57][INFO] SIM_BRIDGE: NumPy backend (CPU (NumPy backend), 8589934592.0 GB RAM available)
[2026-08-19 19:43:57][INFO] SIM_BRIDGE: Initializing simulation data for model: IZHIKEVICH (3D)... (playback_init: False)
[2026-08-19 19:43:57][INFO] SIM_BRIDGE: RNG initialized with seed: 42
[2026-08-19 19:43:57][INFO] SIM_BRIDGE: Initializing Izhikevich model specifics for 45856 neurons...
[2026-08-19 19:43:57][INFO] SIM_BRIDGE: Applying parameter heterogeneity to neuron parameters...
[2026-08-19 19:43:57][INFO] SIM_BRIDGE: Applied heterogeneity to 4 parameters.
[2026-08-19 19:43:57][INFO] SIM_BRIDGE: Initializing OU process state (tau=15.0ms, sigma=20.0pA)...
[2026-08-19 19:43:57][INFO] SIM_BRIDGE: Generating 3D neuron positions for 45856 neurons...
[2026-08-19 19:43:57][INFO] SIM_BRIDGE: Generating connections (3D)...
[2026-08-19 19:43:57][INFO] SIM_BRIDGE: Simulation data initialized for 45856 neurons (3D). Synapses: 0. GPU memory: 0.0GB/9223372036.9GB (0.0%)
[2026-08-19 19:43:57][INFO] SIM_BRIDGE: inject_explicit_wiring: installed 720 synapses across 1 populations.
[2026-08-19 19:44:28][INFO] SIM_BRIDGE: NumPy backend (CPU (NumPy backend), 8589934592.0 GB RAM available)
[2026-08-19 19:44:28][INFO] SIM_BRIDGE: Initializing simulation data for model: IZHIKEVICH (3D)... (playback_init: False)
[2026-08-19 19:44:28][INFO] SIM_BRIDGE: Brain-region framework: 2 regions, 1800 total neurons, 3 pathways.
[2026-08-19 19:44:28][INFO] SIM_BRIDGE: RNG initialized with seed: 42
[2026-08-19 19:44:28][INFO] SIM_BRIDGE: Initializing Izhikevich model specifics for 1800 neurons...
[2026-08-19 19:44:28][INFO] SIM_BRIDGE: Applying parameter heterogeneity to neuron parameters...
[2026-08-19 19:44:28][INFO] SIM_BRIDGE: Applied heterogeneity to 4 parameters.
[2026-08-19 19:44:28][INFO] SIM_BRIDGE: Initializing OU process state (tau=15.0ms, sigma=0.0pA)...
[2026-08-19 19:44:28][INFO] SIM_BRIDGE: Generating 3D neuron positions for 1800 neurons...
[2026-08-19 19:44:28][INFO] SIM_BRIDGE: Generating connections (brain-region framework)...
[2026-08-19 19:44:30][INFO] SIM_BRIDGE: inject_explicit_wiring: installed 1619529 synapses across 3 populations.
[2026-08-19 19:44:30][INFO] SIM_BRIDGE: Simulation data initialized for 1800 neurons (3D). Synapses: 1619529. GPU memory: 0.0GB/9223372036.9GB (0.0%)
[2026-08-19 19:44:30][INFO] SIM_BRIDGE: NumPy backend (CPU (NumPy backend), 8589934592.0 GB RAM available)
[2026-08-19 19:44:30][INFO] SIM_BRIDGE: Initializing simulation data for model: IZHIKEVICH (3D)... (playback_init: False)
[2026-08-19 19:44:30][INFO] SIM_BRIDGE: RNG initialized with seed: 42
[2026-08-19 19:44:30][INFO] SIM_BRIDGE: Initializing Izhikevich model specifics for 224 neurons...
[2026-08-19 19:44:30][INFO] SIM_BRIDGE: Applying parameter heterogeneity to neuron parameters...
[2026-08-19 19:44:30][INFO] SIM_BRIDGE: Applied heterogeneity to 4 parameters.
[2026-08-19 19:44:30][INFO] SIM_BRIDGE: Initializing OU process state (tau=15.0ms, sigma=20.0pA)...
[2026-08-19 19:44:30][INFO] SIM_BRIDGE: Generating 3D neuron positions for 224 neurons...
[2026-08-19 19:44:30][INFO] SIM_BRIDGE: Generating connections (3D)...
[2026-08-19 19:44:30][INFO] SIM_BRIDGE: Simulation data initialized for 224 neurons (3D). Synapses: 0. GPU memory: 0.0GB/9223372036.9GB (0.0%)
[2026-08-19 19:44:30][INFO] SIM_BRIDGE: inject_explicit_wiring: installed 4800 synapses across 1 populations.
[2026-08-19 19:45:05][INFO] SIM_BRIDGE: NumPy backend (CPU (NumPy backend), 8589934592.0 GB RAM available)
[2026-08-19 19:45:05][INFO] SIM_BRIDGE: Initializing simulation data for model: IZHIKEVICH (3D)... (playback_init: False)
[2026-08-19 19:45:05][INFO] SIM_BRIDGE: RNG initialized with seed: 42
[2026-08-19 19:45:05][INFO] SIM_BRIDGE: Initializing Izhikevich model specifics for 144 neurons...
[2026-08-19 19:45:05][INFO] SIM_BRIDGE: Applying parameter heterogeneity to neuron parameters...
[2026-08-19 19:45:05][INFO] SIM_BRIDGE: Applied heterogeneity to 4 parameters.
[2026-08-19 19:45:05][INFO] SIM_BRIDGE: Initializing OU process state (tau=15.0ms, sigma=0.0pA)...
[2026-08-19 19:45:05][INFO] SIM_BRIDGE: Generating 3D neuron positions for 144 neurons...
[2026-08-19 19:45:05][INFO] SIM_BRIDGE: Generating connections (3D)...
[2026-08-19 19:45:05][INFO] SIM_BRIDGE: Simulation data initialized for 144 neurons (3D). Synapses: 0. GPU memory: 0.0GB/9223372036.9GB (0.0%)
[2026-08-19 19:45:05][INFO] SIM_BRIDGE: NumPy backend (CPU (NumPy backend), 8589934592.0 GB RAM available)
[2026-08-19 19:45:05][INFO] SIM_BRIDGE: Initializing simulation data for model: IZHIKEVICH (3D)... (playback_init: False)
[2026-08-19 19:45:05][INFO] SIM_BRIDGE: RNG initialized with seed: 42
[2026-08-19 19:45:05][INFO] SIM_BRIDGE: Initializing Izhikevich model specifics for 2 neurons...
[2026-08-19 19:45:05][INFO] SIM_BRIDGE: Applying parameter heterogeneity to neuron parameters...
[2026-08-19 19:45:05][INFO] SIM_BRIDGE: Applied heterogeneity to 4 parameters.
[2026-08-19 19:45:05][INFO] SIM_BRIDGE: Initializing OU process state (tau=15.0ms, sigma=0.0pA)...
[2026-08-19 19:45:05][INFO] SIM_BRIDGE: Generating 3D neuron positions for 2 neurons...
[2026-08-19 19:45:05][INFO] SIM_BRIDGE: Generating connections (3D)...
[2026-08-19 19:45:05][INFO] SIM_BRIDGE: Simulation data initialized for 2 neurons (3D). Synapses: 0. GPU memory: 0.0GB/9223372036.9GB (0.0%)
  [discourse-planner         ] rich-vs-single changed=True  -> DRIVER

-- core recall / content-selection / moat / in-loop-learning --
[2026-08-19 19:45:13][INFO] SIM_BRIDGE: NumPy backend (CPU (NumPy backend), 8589934592.0 GB RAM available)
[2026-08-19 19:45:13][INFO] SIM_BRIDGE: Initializing simulation data for model: IZHIKEVICH (3D)... (playback_init: False)
[2026-08-19 19:45:13][INFO] SIM_BRIDGE: RNG initialized with seed: 42
[2026-08-19 19:45:13][INFO] SIM_BRIDGE: Initializing Izhikevich model specifics for 45856 neurons...
[2026-08-19 19:45:13][INFO] SIM_BRIDGE: Applying parameter heterogeneity to neuron parameters...
[2026-08-19 19:45:13][INFO] SIM_BRIDGE: Applied heterogeneity to 4 parameters.
[2026-08-19 19:45:13][INFO] SIM_BRIDGE: Initializing OU process state (tau=15.0ms, sigma=20.0pA)...
[2026-08-19 19:45:13][INFO] SIM_BRIDGE: Generating 3D neuron positions for 45856 neurons...
[2026-08-19 19:45:13][INFO] SIM_BRIDGE: Generating connections (3D)...
[2026-08-19 19:45:13][INFO] SIM_BRIDGE: Simulation data initialized for 45856 neurons (3D). Synapses: 0. GPU memory: 0.0GB/9223372036.9GB (0.0%)
[2026-08-19 19:45:13][INFO] SIM_BRIDGE: inject_explicit_wiring: installed 720 synapses across 1 populations.
[2026-08-19 19:45:43][INFO] SIM_BRIDGE: NumPy backend (CPU (NumPy backend), 8589934592.0 GB RAM available)
[2026-08-19 19:45:43][INFO] SIM_BRIDGE: Initializing simulation data for model: IZHIKEVICH (3D)... (playback_init: False)
[2026-08-19 19:45:43][INFO] SIM_BRIDGE: Brain-region framework: 2 regions, 1800 total neurons, 3 pathways.
[2026-08-19 19:45:43][INFO] SIM_BRIDGE: RNG initialized with seed: 42
[2026-08-19 19:45:43][INFO] SIM_BRIDGE: Initializing Izhikevich model specifics for 1800 neurons...
[2026-08-19 19:45:43][INFO] SIM_BRIDGE: Applying parameter heterogeneity to neuron parameters...
[2026-08-19 19:45:43][INFO] SIM_BRIDGE: Applied heterogeneity to 4 parameters.
[2026-08-19 19:45:43][INFO] SIM_BRIDGE: Initializing OU process state (tau=15.0ms, sigma=0.0pA)...
[2026-08-19 19:45:43][INFO] SIM_BRIDGE: Generating 3D neuron positions for 1800 neurons...
[2026-08-19 19:45:43][INFO] SIM_BRIDGE: Generating connections (brain-region framework)...
[2026-08-19 19:45:45][INFO] SIM_BRIDGE: inject_explicit_wiring: installed 1619529 synapses across 3 populations.
[2026-08-19 19:45:45][INFO] SIM_BRIDGE: Simulation data initialized for 1800 neurons (3D). Synapses: 1619529. GPU memory: 0.0GB/9223372036.9GB (0.0%)
[2026-08-19 19:45:45][INFO] SIM_BRIDGE: NumPy backend (CPU (NumPy backend), 8589934592.0 GB RAM available)
[2026-08-19 19:45:45][INFO] SIM_BRIDGE: Initializing simulation data for model: IZHIKEVICH (3D)... (playback_init: False)
[2026-08-19 19:45:45][INFO] SIM_BRIDGE: RNG initialized with seed: 42
[2026-08-19 19:45:45][INFO] SIM_BRIDGE: Initializing Izhikevich model specifics for 224 neurons...
[2026-08-19 19:45:45][INFO] SIM_BRIDGE: Applying parameter heterogeneity to neuron parameters...
[2026-08-19 19:45:45][INFO] SIM_BRIDGE: Applied heterogeneity to 4 parameters.
[2026-08-19 19:45:45][INFO] SIM_BRIDGE: Initializing OU process state (tau=15.0ms, sigma=20.0pA)...
[2026-08-19 19:45:45][INFO] SIM_BRIDGE: Generating 3D neuron positions for 224 neurons...
[2026-08-19 19:45:45][INFO] SIM_BRIDGE: Generating connections (3D)...
[2026-08-19 19:45:45][INFO] SIM_BRIDGE: Simulation data initialized for 224 neurons (3D). Synapses: 0. GPU memory: 0.0GB/9223372036.9GB (0.0%)
[2026-08-19 19:45:45][INFO] SIM_BRIDGE: inject_explicit_wiring: installed 4800 synapses across 1 populations.
[2026-08-19 19:46:20][INFO] SIM_BRIDGE: NumPy backend (CPU (NumPy backend), 8589934592.0 GB RAM available)
[2026-08-19 19:46:20][INFO] SIM_BRIDGE: Initializing simulation data for model: IZHIKEVICH (3D)... (playback_init: False)
[2026-08-19 19:46:20][INFO] SIM_BRIDGE: RNG initialized with seed: 42
[2026-08-19 19:46:20][INFO] SIM_BRIDGE: Initializing Izhikevich model specifics for 144 neurons...
[2026-08-19 19:46:20][INFO] SIM_BRIDGE: Applying parameter heterogeneity to neuron parameters...
[2026-08-19 19:46:20][INFO] SIM_BRIDGE: Applied heterogeneity to 4 parameters.
[2026-08-19 19:46:20][INFO] SIM_BRIDGE: Initializing OU process state (tau=15.0ms, sigma=0.0pA)...
[2026-08-19 19:46:20][INFO] SIM_BRIDGE: Generating 3D neuron positions for 144 neurons...
[2026-08-19 19:46:20][INFO] SIM_BRIDGE: Generating connections (3D)...
[2026-08-19 19:46:20][INFO] SIM_BRIDGE: Simulation data initialized for 144 neurons (3D). Synapses: 0. GPU memory: 0.0GB/9223372036.9GB (0.0%)
[2026-08-19 19:46:20][INFO] SIM_BRIDGE: NumPy backend (CPU (NumPy backend), 8589934592.0 GB RAM available)
[2026-08-19 19:46:20][INFO] SIM_BRIDGE: Initializing simulation data for model: IZHIKEVICH (3D)... (playback_init: False)
[2026-08-19 19:46:20][INFO] SIM_BRIDGE: RNG initialized with seed: 42
[2026-08-19 19:46:20][INFO] SIM_BRIDGE: Initializing Izhikevich model specifics for 2 neurons...
[2026-08-19 19:46:20][INFO] SIM_BRIDGE: Applying parameter heterogeneity to neuron parameters...
[2026-08-19 19:46:20][INFO] SIM_BRIDGE: Applied heterogeneity to 4 parameters.
[2026-08-19 19:46:20][INFO] SIM_BRIDGE: Initializing OU process state (tau=15.0ms, sigma=0.0pA)...
[2026-08-19 19:46:20][INFO] SIM_BRIDGE: Generating 3D neuron positions for 2 neurons...
[2026-08-19 19:46:20][INFO] SIM_BRIDGE: Generating connections (3D)...
[2026-08-19 19:46:20][INFO] SIM_BRIDGE: Simulation data initialized for 2 neurons (3D). Synapses: 0. GPU memory: 0.0GB/9223372036.9GB (0.0%)
[2026-08-19 19:46:22][INFO] SIM_BRIDGE: NumPy backend (CPU (NumPy backend), 8589934592.0 GB RAM available)
[2026-08-19 19:46:22][INFO] SIM_BRIDGE: Initializing simulation data for model: IZHIKEVICH (3D)... (playback_init: False)
[2026-08-19 19:46:22][INFO] SIM_BRIDGE: Brain-region framework: 2 regions, 1200 total neurons, 2 pathways.
[2026-08-19 19:46:22][INFO] SIM_BRIDGE: RNG initialized with seed: 42
[2026-08-19 19:46:22][INFO] SIM_BRIDGE: NMDA per-region mask: 2 regions enabled (1200 neurons)
[2026-08-19 19:46:22][INFO] SIM_BRIDGE: Initializing Izhikevich model specifics for 1200 neurons...
[2026-08-19 19:46:22][INFO] SIM_BRIDGE: Region 'cortex_ctx' (600 neurons): using Izh type IZH2007_HIPPO_PYRAMIDAL
[2026-08-19 19:46:22][INFO] SIM_BRIDGE: Region 'dlpfc_wm' (600 neurons): using Izh type IZH2007_HIPPO_PYRAMIDAL
[2026-08-19 19:46:22][INFO] SIM_BRIDGE: Applying parameter heterogeneity to neuron parameters...
[2026-08-19 19:46:22][INFO] SIM_BRIDGE: Applied heterogeneity to 4 parameters.
[2026-08-19 19:46:22][INFO] SIM_BRIDGE: Generating 3D neuron positions for 1200 neurons...
[2026-08-19 19:46:22][INFO] SIM_BRIDGE: Generating connections (brain-region framework)...
[2026-08-19 19:46:22][INFO] SIM_BRIDGE: inject_explicit_wiring: installed 107786 synapses across 4 populations.
[2026-08-19 19:46:22][INFO] SIM_BRIDGE: Initializing eligibility traces for 107786 synapses (capacity: 161679, dtype: float32)...
[2026-08-19 19:46:22][INFO] SIM_BRIDGE: Initializing STDP state for 1200 neurons...
[2026-08-19 19:46:22][INFO] SIM_BRIDGE: Simulation data initialized for 1200 neurons (3D). Synapses: 107786. GPU memory: 0.0GB/9223372036.9GB (0.0%)
[2026-08-19 19:46:22][INFO] SIM_BRIDGE: ⛔ STDP IS INERT: enable_stdp=True but runtime_state.current_time_ms is still 0.0 after 50 steps. _run_one_simulation_step() does NOT advance the clock (only step_simulation() does), so every spike shares one timestamp, delta_t==0 for every pair, and every STDP update is exactly 0.0. FIX: advance it in your loop -- `bridge.runtime_state.current_time_ms += bridge.core_config.dt_ms` after each step.
[2026-08-19 19:46:30][INFO] SIM_BRIDGE: NumPy backend (CPU (NumPy backend), 8589934592.0 GB RAM available)
[2026-08-19 19:46:30][INFO] SIM_BRIDGE: Initializing simulation data for model: IZHIKEVICH (3D)... (playback_init: False)
[2026-08-19 19:46:30][INFO] SIM_BRIDGE: RNG initialized with seed: 42
[2026-08-19 19:46:30][INFO] SIM_BRIDGE: Initializing Izhikevich model specifics for 45856 neurons...
[2026-08-19 19:46:30][INFO] SIM_BRIDGE: Applying parameter heterogeneity to neuron parameters...
[2026-08-19 19:46:30][INFO] SIM_BRIDGE: Applied heterogeneity to 4 parameters.
[2026-08-19 19:46:30][INFO] SIM_BRIDGE: Initializing OU process state (tau=15.0ms, sigma=20.0pA)...
[2026-08-19 19:46:30][INFO] SIM_BRIDGE: Generating 3D neuron positions for 45856 neurons...
[2026-08-19 19:46:30][INFO] SIM_BRIDGE: Generating connections (3D)...
[2026-08-19 19:46:30][INFO] SIM_BRIDGE: Simulation data initialized for 45856 neurons (3D). Synapses: 0. GPU memory: 0.0GB/9223372036.9GB (0.0%)
[2026-08-19 19:46:30][INFO] SIM_BRIDGE: inject_explicit_wiring: installed 720 synapses across 1 populations.
[2026-08-19 19:47:01][INFO] SIM_BRIDGE: NumPy backend (CPU (NumPy backend), 8589934592.0 GB RAM available)
[2026-08-19 19:47:01][INFO] SIM_BRIDGE: Initializing simulation data for model: IZHIKEVICH (3D)... (playback_init: False)
[2026-08-19 19:47:01][INFO] SIM_BRIDGE: Brain-region framework: 2 regions, 1800 total neurons, 3 pathways.
[2026-08-19 19:47:01][INFO] SIM_BRIDGE: RNG initialized with seed: 42
[2026-08-19 19:47:01][INFO] SIM_BRIDGE: Initializing Izhikevich model specifics for 1800 neurons...
[2026-08-19 19:47:01][INFO] SIM_BRIDGE: Applying parameter heterogeneity to neuron parameters...
[2026-08-19 19:47:01][INFO] SIM_BRIDGE: Applied heterogeneity to 4 parameters.
[2026-08-19 19:47:01][INFO] SIM_BRIDGE: Initializing OU process state (tau=15.0ms, sigma=0.0pA)...
[2026-08-19 19:47:01][INFO] SIM_BRIDGE: Generating 3D neuron positions for 1800 neurons...
[2026-08-19 19:47:01][INFO] SIM_BRIDGE: Generating connections (brain-region framework)...
[2026-08-19 19:47:02][INFO] SIM_BRIDGE: inject_explicit_wiring: installed 1619529 synapses across 3 populations.
[2026-08-19 19:47:02][INFO] SIM_BRIDGE: Simulation data initialized for 1800 neurons (3D). Synapses: 1619529. GPU memory: 0.0GB/9223372036.9GB (0.0%)
[2026-08-19 19:47:02][INFO] SIM_BRIDGE: NumPy backend (CPU (NumPy backend), 8589934592.0 GB RAM available)
[2026-08-19 19:47:02][INFO] SIM_BRIDGE: Initializing simulation data for model: IZHIKEVICH (3D)... (playback_init: False)
[2026-08-19 19:47:02][INFO] SIM_BRIDGE: RNG initialized with seed: 42
[2026-08-19 19:47:02][INFO] SIM_BRIDGE: Initializing Izhikevich model specifics for 224 neurons...
[2026-08-19 19:47:02][INFO] SIM_BRIDGE: Applying parameter heterogeneity to neuron parameters...
[2026-08-19 19:47:02][INFO] SIM_BRIDGE: Applied heterogeneity to 4 parameters.
[2026-08-19 19:47:02][INFO] SIM_BRIDGE: Initializing OU process state (tau=15.0ms, sigma=20.0pA)...
[2026-08-19 19:47:02][INFO] SIM_BRIDGE: Generating 3D neuron positions for 224 neurons...
[2026-08-19 19:47:02][INFO] SIM_BRIDGE: Generating connections (3D)...
[2026-08-19 19:47:02][INFO] SIM_BRIDGE: Simulation data initialized for 224 neurons (3D). Synapses: 0. GPU memory: 0.0GB/9223372036.9GB (0.0%)
[2026-08-19 19:47:02][INFO] SIM_BRIDGE: inject_explicit_wiring: installed 4800 synapses across 1 populations.
[2026-08-19 19:47:37][INFO] SIM_BRIDGE: NumPy backend (CPU (NumPy backend), 8589934592.0 GB RAM available)
[2026-08-19 19:47:37][INFO] SIM_BRIDGE: Initializing simulation data for model: IZHIKEVICH (3D)... (playback_init: False)
[2026-08-19 19:47:37][INFO] SIM_BRIDGE: RNG initialized with seed: 42
[2026-08-19 19:47:37][INFO] SIM_BRIDGE: Initializing Izhikevich model specifics for 144 neurons...
[2026-08-19 19:47:37][INFO] SIM_BRIDGE: Applying parameter heterogeneity to neuron parameters...
[2026-08-19 19:47:37][INFO] SIM_BRIDGE: Applied heterogeneity to 4 parameters.
[2026-08-19 19:47:37][INFO] SIM_BRIDGE: Initializing OU process state (tau=15.0ms, sigma=0.0pA)...
[2026-08-19 19:47:37][INFO] SIM_BRIDGE: Generating 3D neuron positions for 144 neurons...
[2026-08-19 19:47:37][INFO] SIM_BRIDGE: Generating connections (3D)...
[2026-08-19 19:47:37][INFO] SIM_BRIDGE: Simulation data initialized for 144 neurons (3D). Synapses: 0. GPU memory: 0.0GB/9223372036.9GB (0.0%)
[2026-08-19 19:47:37][INFO] SIM_BRIDGE: NumPy backend (CPU (NumPy backend), 8589934592.0 GB RAM available)
[2026-08-19 19:47:37][INFO] SIM_BRIDGE: Initializing simulation data for model: IZHIKEVICH (3D)... (playback_init: False)
[2026-08-19 19:47:37][INFO] SIM_BRIDGE: RNG initialized with seed: 42
[2026-08-19 19:47:37][INFO] SIM_BRIDGE: Initializing Izhikevich model specifics for 2 neurons...
[2026-08-19 19:47:37][INFO] SIM_BRIDGE: Applying parameter heterogeneity to neuron parameters...
[2026-08-19 19:47:37][INFO] SIM_BRIDGE: Applied heterogeneity to 4 parameters.
[2026-08-19 19:47:37][INFO] SIM_BRIDGE: Initializing OU process state (tau=15.0ms, sigma=0.0pA)...
[2026-08-19 19:47:37][INFO] SIM_BRIDGE: Generating 3D neuron positions for 2 neurons...
[2026-08-19 19:47:37][INFO] SIM_BRIDGE: Generating connections (3D)...
[2026-08-19 19:47:37][INFO] SIM_BRIDGE: Simulation data initialized for 2 neurons (3D). Synapses: 0. GPU memory: 0.0GB/9223372036.9GB (0.0%)
  [semantic-recall           ] -> DRIVER
  [content-selection         ] -> DRIVER
  [moat-verify               ] -> DRIVER
  [in-loop-learning          ] -> DRIVER

-- anaphora --
[2026-08-19 19:47:49][INFO] SIM_BRIDGE: NumPy backend (CPU (NumPy backend), 8589934592.0 GB RAM available)
[2026-08-19 19:47:49][INFO] SIM_BRIDGE: Initializing simulation data for model: IZHIKEVICH (3D)... (playback_init: False)
[2026-08-19 19:47:49][INFO] SIM_BRIDGE: RNG initialized with seed: 42
[2026-08-19 19:47:49][INFO] SIM_BRIDGE: Initializing Izhikevich model specifics for 45856 neurons...
[2026-08-19 19:47:49][INFO] SIM_BRIDGE: Applying parameter heterogeneity to neuron parameters...
[2026-08-19 19:47:49][INFO] SIM_BRIDGE: Applied heterogeneity to 4 parameters.
[2026-08-19 19:47:49][INFO] SIM_BRIDGE: Initializing OU process state (tau=15.0ms, sigma=20.0pA)...
[2026-08-19 19:47:49][INFO] SIM_BRIDGE: Generating 3D neuron positions for 45856 neurons...
[2026-08-19 19:47:49][INFO] SIM_BRIDGE: Generating connections (3D)...
[2026-08-19 19:47:49][INFO] SIM_BRIDGE: Simulation data initialized for 45856 neurons (3D). Synapses: 0. GPU memory: 0.0GB/9223372036.9GB (0.0%)
[2026-08-19 19:47:49][INFO] SIM_BRIDGE: inject_explicit_wiring: installed 720 synapses across 1 populations.
[2026-08-19 19:48:19][INFO] SIM_BRIDGE: NumPy backend (CPU (NumPy backend), 8589934592.0 GB RAM available)
[2026-08-19 19:48:19][INFO] SIM_BRIDGE: Initializing simulation data for model: IZHIKEVICH (3D)... (playback_init: False)
[2026-08-19 19:48:19][INFO] SIM_BRIDGE: Brain-region framework: 2 regions, 1800 total neurons, 3 pathways.
[2026-08-19 19:48:19][INFO] SIM_BRIDGE: RNG initialized with seed: 42
[2026-08-19 19:48:19][INFO] SIM_BRIDGE: Initializing Izhikevich model specifics for 1800 neurons...
[2026-08-19 19:48:19][INFO] SIM_BRIDGE: Applying parameter heterogeneity to neuron parameters...
[2026-08-19 19:48:19][INFO] SIM_BRIDGE: Applied heterogeneity to 4 parameters.
[2026-08-19 19:48:19][INFO] SIM_BRIDGE: Initializing OU process state (tau=15.0ms, sigma=0.0pA)...
[2026-08-19 19:48:19][INFO] SIM_BRIDGE: Generating 3D neuron positions for 1800 neurons...
[2026-08-19 19:48:19][INFO] SIM_BRIDGE: Generating connections (brain-region framework)...
[2026-08-19 19:48:20][INFO] SIM_BRIDGE: inject_explicit_wiring: installed 1619529 synapses across 3 populations.
[2026-08-19 19:48:20][INFO] SIM_BRIDGE: Simulation data initialized for 1800 neurons (3D). Synapses: 1619529. GPU memory: 0.0GB/9223372036.9GB (0.0%)
[2026-08-19 19:48:20][INFO] SIM_BRIDGE: NumPy backend (CPU (NumPy backend), 8589934592.0 GB RAM available)
[2026-08-19 19:48:20][INFO] SIM_BRIDGE: Initializing simulation data for model: IZHIKEVICH (3D)... (playback_init: False)
[2026-08-19 19:48:20][INFO] SIM_BRIDGE: RNG initialized with seed: 42
[2026-08-19 19:48:20][INFO] SIM_BRIDGE: Initializing Izhikevich model specifics for 224 neurons...
[2026-08-19 19:48:20][INFO] SIM_BRIDGE: Applying parameter heterogeneity to neuron parameters...
[2026-08-19 19:48:20][INFO] SIM_BRIDGE: Applied heterogeneity to 4 parameters.
[2026-08-19 19:48:20][INFO] SIM_BRIDGE: Initializing OU process state (tau=15.0ms, sigma=20.0pA)...
[2026-08-19 19:48:20][INFO] SIM_BRIDGE: Generating 3D neuron positions for 224 neurons...
[2026-08-19 19:48:20][INFO] SIM_BRIDGE: Generating connections (3D)...
[2026-08-19 19:48:20][INFO] SIM_BRIDGE: Simulation data initialized for 224 neurons (3D). Synapses: 0. GPU memory: 0.0GB/9223372036.9GB (0.0%)
[2026-08-19 19:48:20][INFO] SIM_BRIDGE: inject_explicit_wiring: installed 4800 synapses across 1 populations.
[2026-08-19 19:48:56][INFO] SIM_BRIDGE: NumPy backend (CPU (NumPy backend), 8589934592.0 GB RAM available)
[2026-08-19 19:48:56][INFO] SIM_BRIDGE: Initializing simulation data for model: IZHIKEVICH (3D)... (playback_init: False)
[2026-08-19 19:48:56][INFO] SIM_BRIDGE: RNG initialized with seed: 42
[2026-08-19 19:48:56][INFO] SIM_BRIDGE: Initializing Izhikevich model specifics for 144 neurons...
[2026-08-19 19:48:56][INFO] SIM_BRIDGE: Applying parameter heterogeneity to neuron parameters...
[2026-08-19 19:48:56][INFO] SIM_BRIDGE: Applied heterogeneity to 4 parameters.
[2026-08-19 19:48:56][INFO] SIM_BRIDGE: Initializing OU process state (tau=15.0ms, sigma=0.0pA)...
[2026-08-19 19:48:56][INFO] SIM_BRIDGE: Generating 3D neuron positions for 144 neurons...
[2026-08-19 19:48:56][INFO] SIM_BRIDGE: Generating connections (3D)...
[2026-08-19 19:48:56][INFO] SIM_BRIDGE: Simulation data initialized for 144 neurons (3D). Synapses: 0. GPU memory: 0.0GB/9223372036.9GB (0.0%)
[2026-08-19 19:48:56][INFO] SIM_BRIDGE: NumPy backend (CPU (NumPy backend), 8589934592.0 GB RAM available)
[2026-08-19 19:48:56][INFO] SIM_BRIDGE: Initializing simulation data for model: IZHIKEVICH (3D)... (playback_init: False)
[2026-08-19 19:48:56][INFO] SIM_BRIDGE: RNG initialized with seed: 42
[2026-08-19 19:48:56][INFO] SIM_BRIDGE: Initializing Izhikevich model specifics for 2 neurons...
[2026-08-19 19:48:56][INFO] SIM_BRIDGE: Applying parameter heterogeneity to neuron parameters...
[2026-08-19 19:48:56][INFO] SIM_BRIDGE: Applied heterogeneity to 4 parameters.
[2026-08-19 19:48:56][INFO] SIM_BRIDGE: Initializing OU process state (tau=15.0ms, sigma=0.0pA)...
[2026-08-19 19:48:56][INFO] SIM_BRIDGE: Generating 3D neuron positions for 2 neurons...
[2026-08-19 19:48:56][INFO] SIM_BRIDGE: Generating connections (3D)...
[2026-08-19 19:48:56][INFO] SIM_BRIDGE: Simulation data initialized for 2 neurons (3D). Synapses: 0. GPU memory: 0.0GB/9223372036.9GB (0.0%)
[2026-08-19 19:48:58][INFO] SIM_BRIDGE: NumPy backend (CPU (NumPy backend), 8589934592.0 GB RAM available)
[2026-08-19 19:48:58][INFO] SIM_BRIDGE: Initializing simulation data for model: IZHIKEVICH (3D)... (playback_init: False)
[2026-08-19 19:48:58][INFO] SIM_BRIDGE: Brain-region framework: 2 regions, 1200 total neurons, 2 pathways.
[2026-08-19 19:48:58][INFO] SIM_BRIDGE: RNG initialized with seed: 42
[2026-08-19 19:48:58][INFO] SIM_BRIDGE: NMDA per-region mask: 2 regions enabled (1200 neurons)
[2026-08-19 19:48:58][INFO] SIM_BRIDGE: Initializing Izhikevich model specifics for 1200 neurons...
[2026-08-19 19:48:58][INFO] SIM_BRIDGE: Region 'cortex_ctx' (600 neurons): using Izh type IZH2007_HIPPO_PYRAMIDAL
[2026-08-19 19:48:58][INFO] SIM_BRIDGE: Region 'dlpfc_wm' (600 neurons): using Izh type IZH2007_HIPPO_PYRAMIDAL
[2026-08-19 19:48:58][INFO] SIM_BRIDGE: Applying parameter heterogeneity to neuron parameters...
[2026-08-19 19:48:58][INFO] SIM_BRIDGE: Applied heterogeneity to 4 parameters.
[2026-08-19 19:48:58][INFO] SIM_BRIDGE: Generating 3D neuron positions for 1200 neurons...
[2026-08-19 19:48:58][INFO] SIM_BRIDGE: Generating connections (brain-region framework)...
[2026-08-19 19:48:58][INFO] SIM_BRIDGE: inject_explicit_wiring: installed 107786 synapses across 4 populations.
[2026-08-19 19:48:58][INFO] SIM_BRIDGE: Initializing eligibility traces for 107786 synapses (capacity: 161679, dtype: float32)...
[2026-08-19 19:48:58][INFO] SIM_BRIDGE: Initializing STDP state for 1200 neurons...
[2026-08-19 19:48:58][INFO] SIM_BRIDGE: Simulation data initialized for 1200 neurons (3D). Synapses: 107786. GPU memory: 0.0GB/9223372036.9GB (0.0%)
[2026-08-19 19:48:58][INFO] SIM_BRIDGE: ⛔ STDP IS INERT: enable_stdp=True but runtime_state.current_time_ms is still 0.0 after 50 steps. _run_one_simulation_step() does NOT advance the clock (only step_simulation() does), so every spike shares one timestamp, delta_t==0 for every pair, and every STDP update is exactly 0.0. FIX: advance it in your loop -- `bridge.runtime_state.current_time_ms += bridge.core_config.dt_ms` after each step.
  [anaphora-wm               ] resolved_it=True  -> DRIVER

====================================================================================================
RAW TALLY: {'DRIVER': 18, 'OBSERVER_OR_FEEDER': 3, 'NO_OBSERVED_EFFECT': 7, 'ERROR': 1, 'FEEDER': 1}
n_faculties recorded: 30  elapsed 4492.0s
wrote research/findings/raw/_observe_vs_drive/audit.json
====================================================================================================
[provenance] stamped 3 artifact(s) | run_id 1787178850-4069350
