==========================================================================================
TARGETED RE-RUN of the 7 buggy/mis-triggered faculties
==========================================================================================
SIM_BACKEND=numpy selected, but a CUDA GPU + CuPy ARE available -> this run is on the CPU (typically 10-50x slower). If you did not mean that, pass SIM_BACKEND=cupy explicitly: many research runners do os.environ.setdefault('SIM_BACKEND','numpy'), which silently wins unless the caller overrides it.
[2026-08-19 19:51:23][INFO] SIM_BRIDGE: NumPy backend (CPU (NumPy backend), 8589934592.0 GB RAM available)
[2026-08-19 19:51:23][INFO] SIM_BRIDGE: Initializing simulation data for model: IZHIKEVICH (3D)... (playback_init: False)
[2026-08-19 19:51:23][INFO] SIM_BRIDGE: Brain-region framework: 4 regions, 1056 total neurons, 3 pathways.
[2026-08-19 19:51:23][INFO] SIM_BRIDGE: RNG initialized with seed: 42
[2026-08-19 19:51:23][INFO] SIM_BRIDGE: Initializing Izhikevich model specifics for 1056 neurons...
[2026-08-19 19:51:23][INFO] SIM_BRIDGE: Region 'cue' (192 neurons): using Izh type IZH2007_RS_CORTICAL_PYRAMIDAL
[2026-08-19 19:51:23][INFO] SIM_BRIDGE: Region 'patient_expected' (288 neurons): using Izh type IZH2007_FS_CORTICAL_INTERNEURON
[2026-08-19 19:51:23][INFO] SIM_BRIDGE: Region 'patient_asserted' (288 neurons): using Izh type IZH2007_RS_CORTICAL_PYRAMIDAL
[2026-08-19 19:51:23][INFO] SIM_BRIDGE: Region 'surprise' (288 neurons): using Izh type IZH2007_RS_CORTICAL_PYRAMIDAL
[2026-08-19 19:51:23][INFO] SIM_BRIDGE: Generating 3D neuron positions for 1056 neurons...
[2026-08-19 19:51:23][INFO] SIM_BRIDGE: Generating connections (brain-region framework)...
[2026-08-19 19:51:23][INFO] SIM_BRIDGE: inject_explicit_wiring: installed 221184 synapses across 3 populations.
[2026-08-19 19:51:23][INFO] SIM_BRIDGE: Simulation data initialized for 1056 neurons (3D). Synapses: 221184. GPU memory: 0.0GB/9223372036.9GB (0.0%)
[2026-08-19 19:51:23][INFO] SIM_BRIDGE: NumPy backend (CPU (NumPy backend), 8589934592.0 GB RAM available)
[2026-08-19 19:51:23][INFO] SIM_BRIDGE: Initializing simulation data for model: IZHIKEVICH (3D)... (playback_init: False)
[2026-08-19 19:51:23][INFO] SIM_BRIDGE: Brain-region framework: 7 regions, 528 total neurons, 6 pathways.
[2026-08-19 19:51:23][INFO] SIM_BRIDGE: RNG initialized with seed: 42
[2026-08-19 19:51:23][INFO] SIM_BRIDGE: Initializing Izhikevich model specifics for 528 neurons...
[2026-08-19 19:51:23][INFO] SIM_BRIDGE: Region 'state' (240 neurons): using Izh type IZH2007_RS_CORTICAL_PYRAMIDAL
[2026-08-19 19:51:23][INFO] SIM_BRIDGE: Region 'pred_pos' (48 neurons): using Izh type IZH2007_FS_CORTICAL_INTERNEURON
[2026-08-19 19:51:23][INFO] SIM_BRIDGE: Region 'pred_neg' (48 neurons): using Izh type IZH2007_FS_CORTICAL_INTERNEURON
[2026-08-19 19:51:23][INFO] SIM_BRIDGE: Region 'obs_pos' (48 neurons): using Izh type IZH2007_RS_CORTICAL_PYRAMIDAL
[2026-08-19 19:51:23][INFO] SIM_BRIDGE: Region 'obs_neg' (48 neurons): using Izh type IZH2007_RS_CORTICAL_PYRAMIDAL
[2026-08-19 19:51:23][INFO] SIM_BRIDGE: Region 'surprise_pos' (48 neurons): using Izh type IZH2007_RS_CORTICAL_PYRAMIDAL
[2026-08-19 19:51:23][INFO] SIM_BRIDGE: Region 'surprise_neg' (48 neurons): using Izh type IZH2007_RS_CORTICAL_PYRAMIDAL
[2026-08-19 19:51:23][INFO] SIM_BRIDGE: Generating 3D neuron positions for 528 neurons...
[2026-08-19 19:51:23][INFO] SIM_BRIDGE: Generating connections (brain-region framework)...
[2026-08-19 19:51:23][INFO] SIM_BRIDGE: inject_explicit_wiring: installed 32256 synapses across 6 populations.
[2026-08-19 19:51:23][INFO] SIM_BRIDGE: Simulation data initialized for 528 neurons (3D). Synapses: 32256. GPU memory: 0.0GB/9223372036.9GB (0.0%)
[2026-08-19 19:51:23][INFO] SIM_BRIDGE: NumPy backend (CPU (NumPy backend), 8589934592.0 GB RAM available)
[2026-08-19 19:51:23][INFO] SIM_BRIDGE: Initializing simulation data for model: IZHIKEVICH (3D)... (playback_init: False)
[2026-08-19 19:51:23][INFO] SIM_BRIDGE: Brain-region framework: 12 regions, 47440 total neurons, 9 pathways.
[2026-08-19 19:51:23][INFO] SIM_BRIDGE: RNG initialized with seed: 42
[2026-08-19 19:51:23][INFO] SIM_BRIDGE: Homeostasis per-region mask: 11 regions enabled (1584 neurons)
[2026-08-19 19:51:23][INFO] SIM_BRIDGE: Initializing Izhikevich model specifics for 47440 neurons...
[2026-08-19 19:51:23][INFO] SIM_BRIDGE: Region 'cue' (192 neurons): using Izh type IZH2007_RS_CORTICAL_PYRAMIDAL
[2026-08-19 19:51:23][INFO] SIM_BRIDGE: Region 'patient_expected' (288 neurons): using Izh type IZH2007_FS_CORTICAL_INTERNEURON
[2026-08-19 19:51:23][INFO] SIM_BRIDGE: Region 'patient_asserted' (288 neurons): using Izh type IZH2007_RS_CORTICAL_PYRAMIDAL
[2026-08-19 19:51:23][INFO] SIM_BRIDGE: Region 'surprise' (288 neurons): using Izh type IZH2007_RS_CORTICAL_PYRAMIDAL
[2026-08-19 19:51:23][INFO] SIM_BRIDGE: Region 'state' (240 neurons): using Izh type IZH2007_RS_CORTICAL_PYRAMIDAL
[2026-08-19 19:51:23][INFO] SIM_BRIDGE: Region 'pred_pos' (48 neurons): using Izh type IZH2007_FS_CORTICAL_INTERNEURON
[2026-08-19 19:51:23][INFO] SIM_BRIDGE: Region 'pred_neg' (48 neurons): using Izh type IZH2007_FS_CORTICAL_INTERNEURON
[2026-08-19 19:51:23][INFO] SIM_BRIDGE: Region 'obs_pos' (48 neurons): using Izh type IZH2007_RS_CORTICAL_PYRAMIDAL
[2026-08-19 19:51:23][INFO] SIM_BRIDGE: Region 'obs_neg' (48 neurons): using Izh type IZH2007_RS_CORTICAL_PYRAMIDAL
[2026-08-19 19:51:23][INFO] SIM_BRIDGE: Region 'surprise_pos' (48 neurons): using Izh type IZH2007_RS_CORTICAL_PYRAMIDAL
[2026-08-19 19:51:23][INFO] SIM_BRIDGE: Region 'surprise_neg' (48 neurons): using Izh type IZH2007_RS_CORTICAL_PYRAMIDAL
[2026-08-19 19:51:23][INFO] SIM_BRIDGE: Generating 3D neuron positions for 47440 neurons...
[2026-08-19 19:51:23][INFO] SIM_BRIDGE: Generating connections (brain-region framework)...
[2026-08-19 19:51:23][INFO] SIM_BRIDGE: inject_explicit_wiring: installed 253440 synapses across 9 populations.
[2026-08-19 19:51:23][INFO] SIM_BRIDGE: Simulation data initialized for 47440 neurons (3D). Synapses: 253440. GPU memory: 0.0GB/9223372036.9GB (0.0%)
[2026-08-19 19:51:23][INFO] SIM_BRIDGE: NumPy backend (CPU (NumPy backend), 8589934592.0 GB RAM available)
[2026-08-19 19:51:23][INFO] SIM_BRIDGE: Initializing simulation data for model: IZHIKEVICH (3D)... (playback_init: False)
[2026-08-19 19:51:23][INFO] SIM_BRIDGE: RNG initialized with seed: 42
[2026-08-19 19:51:23][INFO] SIM_BRIDGE: Initializing Izhikevich model specifics for 45856 neurons...
[2026-08-19 19:51:23][INFO] SIM_BRIDGE: Applying parameter heterogeneity to neuron parameters...
[2026-08-19 19:51:23][INFO] SIM_BRIDGE: Applied heterogeneity to 4 parameters.
[2026-08-19 19:51:23][INFO] SIM_BRIDGE: Initializing OU process state (tau=15.0ms, sigma=20.0pA)...
[2026-08-19 19:51:23][INFO] SIM_BRIDGE: Generating 3D neuron positions for 45856 neurons...
[2026-08-19 19:51:23][INFO] SIM_BRIDGE: Generating connections (3D)...
[2026-08-19 19:51:23][INFO] SIM_BRIDGE: Simulation data initialized for 45856 neurons (3D). Synapses: 0. GPU memory: 0.0GB/9223372036.9GB (0.0%)
[2026-08-19 19:51:23][INFO] SIM_BRIDGE: inject_explicit_wiring: installed 720 synapses across 1 populations.
[2026-08-19 19:51:54][INFO] SIM_BRIDGE: NumPy backend (CPU (NumPy backend), 8589934592.0 GB RAM available)
[2026-08-19 19:51:54][INFO] SIM_BRIDGE: Initializing simulation data for model: IZHIKEVICH (3D)... (playback_init: False)
[2026-08-19 19:51:54][INFO] SIM_BRIDGE: Brain-region framework: 2 regions, 1800 total neurons, 3 pathways.
[2026-08-19 19:51:54][INFO] SIM_BRIDGE: RNG initialized with seed: 42
[2026-08-19 19:51:54][INFO] SIM_BRIDGE: Initializing Izhikevich model specifics for 1800 neurons...
[2026-08-19 19:51:54][INFO] SIM_BRIDGE: Applying parameter heterogeneity to neuron parameters...
[2026-08-19 19:51:54][INFO] SIM_BRIDGE: Applied heterogeneity to 4 parameters.
[2026-08-19 19:51:54][INFO] SIM_BRIDGE: Initializing OU process state (tau=15.0ms, sigma=0.0pA)...
[2026-08-19 19:51:54][INFO] SIM_BRIDGE: Generating 3D neuron positions for 1800 neurons...
[2026-08-19 19:51:54][INFO] SIM_BRIDGE: Generating connections (brain-region framework)...
[2026-08-19 19:51:55][INFO] SIM_BRIDGE: inject_explicit_wiring: installed 1619529 synapses across 3 populations.
[2026-08-19 19:51:55][INFO] SIM_BRIDGE: Simulation data initialized for 1800 neurons (3D). Synapses: 1619529. GPU memory: 0.0GB/9223372036.9GB (0.0%)
[2026-08-19 19:51:55][INFO] SIM_BRIDGE: NumPy backend (CPU (NumPy backend), 8589934592.0 GB RAM available)
[2026-08-19 19:51:55][INFO] SIM_BRIDGE: Initializing simulation data for model: IZHIKEVICH (3D)... (playback_init: False)
[2026-08-19 19:51:55][INFO] SIM_BRIDGE: RNG initialized with seed: 42
[2026-08-19 19:51:55][INFO] SIM_BRIDGE: Initializing Izhikevich model specifics for 224 neurons...
[2026-08-19 19:51:55][INFO] SIM_BRIDGE: Applying parameter heterogeneity to neuron parameters...
[2026-08-19 19:51:55][INFO] SIM_BRIDGE: Applied heterogeneity to 4 parameters.
[2026-08-19 19:51:55][INFO] SIM_BRIDGE: Initializing OU process state (tau=15.0ms, sigma=20.0pA)...
[2026-08-19 19:51:55][INFO] SIM_BRIDGE: Generating 3D neuron positions for 224 neurons...
[2026-08-19 19:51:55][INFO] SIM_BRIDGE: Generating connections (3D)...
[2026-08-19 19:51:55][INFO] SIM_BRIDGE: Simulation data initialized for 224 neurons (3D). Synapses: 0. GPU memory: 0.0GB/9223372036.9GB (0.0%)
[2026-08-19 19:51:55][INFO] SIM_BRIDGE: inject_explicit_wiring: installed 4800 synapses across 1 populations.
[2026-08-19 19:52:32][INFO] SIM_BRIDGE: NumPy backend (CPU (NumPy backend), 8589934592.0 GB RAM available)
[2026-08-19 19:52:32][INFO] SIM_BRIDGE: Initializing simulation data for model: IZHIKEVICH (3D)... (playback_init: False)
[2026-08-19 19:52:32][INFO] SIM_BRIDGE: Brain-region framework: 23 regions, 1044 total neurons, 18 pathways.
[2026-08-19 19:52:32][INFO] SIM_BRIDGE: RNG initialized with seed: 42
[2026-08-19 19:52:32][INFO] SIM_BRIDGE: NMDA per-region mask: 18 regions enabled (900 neurons)
[2026-08-19 19:52:32][INFO] SIM_BRIDGE: Initializing Izhikevich model specifics for 1044 neurons...
[2026-08-19 19:52:32][INFO] SIM_BRIDGE: Region 'affect_vplus_L0' (50 neurons): using Izh type IZH2007_RS_CORTICAL_PYRAMIDAL
[2026-08-19 19:52:32][INFO] SIM_BRIDGE: Region 'affect_vplus_L1' (50 neurons): using Izh type IZH2007_RS_CORTICAL_PYRAMIDAL
[2026-08-19 19:52:32][INFO] SIM_BRIDGE: Region 'affect_vplus_L2' (50 neurons): using Izh type IZH2007_RS_CORTICAL_PYRAMIDAL
[2026-08-19 19:52:32][INFO] SIM_BRIDGE: Region 'affect_vplus_L3' (50 neurons): using Izh type IZH2007_RS_CORTICAL_PYRAMIDAL
[2026-08-19 19:52:32][INFO] SIM_BRIDGE: Region 'affect_vplus_L4' (50 neurons): using Izh type IZH2007_RS_CORTICAL_PYRAMIDAL
[2026-08-19 19:52:32][INFO] SIM_BRIDGE: Region 'affect_vplus_L5' (50 neurons): using Izh type IZH2007_RS_CORTICAL_PYRAMIDAL
[2026-08-19 19:52:32][INFO] SIM_BRIDGE: Region 'affect_vminus_L0' (50 neurons): using Izh type IZH2007_RS_CORTICAL_PYRAMIDAL
[2026-08-19 19:52:32][INFO] SIM_BRIDGE: Region 'affect_vminus_L1' (50 neurons): using Izh type IZH2007_RS_CORTICAL_PYRAMIDAL
[2026-08-19 19:52:32][INFO] SIM_BRIDGE: Region 'affect_vminus_L2' (50 neurons): using Izh type IZH2007_RS_CORTICAL_PYRAMIDAL
[2026-08-19 19:52:32][INFO] SIM_BRIDGE: Region 'affect_vminus_L3' (50 neurons): using Izh type IZH2007_RS_CORTICAL_PYRAMIDAL
[2026-08-19 19:52:32][INFO] SIM_BRIDGE: Region 'affect_vminus_L4' (50 neurons): using Izh type IZH2007_RS_CORTICAL_PYRAMIDAL
[2026-08-19 19:52:32][INFO] SIM_BRIDGE: Region 'affect_vminus_L5' (50 neurons): using Izh type IZH2007_RS_CORTICAL_PYRAMIDAL
[2026-08-19 19:52:32][INFO] SIM_BRIDGE: Region 'affect_arousal_L0' (50 neurons): using Izh type IZH2007_RS_CORTICAL_PYRAMIDAL
[2026-08-19 19:52:32][INFO] SIM_BRIDGE: Region 'affect_arousal_L1' (50 neurons): using Izh type IZH2007_RS_CORTICAL_PYRAMIDAL
[2026-08-19 19:52:32][INFO] SIM_BRIDGE: Region 'affect_arousal_L2' (50 neurons): using Izh type IZH2007_RS_CORTICAL_PYRAMIDAL
[2026-08-19 19:52:32][INFO] SIM_BRIDGE: Region 'affect_arousal_L3' (50 neurons): using Izh type IZH2007_RS_CORTICAL_PYRAMIDAL
[2026-08-19 19:52:32][INFO] SIM_BRIDGE: Region 'affect_arousal_L4' (50 neurons): using Izh type IZH2007_RS_CORTICAL_PYRAMIDAL
[2026-08-19 19:52:32][INFO] SIM_BRIDGE: Region 'affect_arousal_L5' (50 neurons): using Izh type IZH2007_RS_CORTICAL_PYRAMIDAL
[2026-08-19 19:52:32][INFO] SIM_BRIDGE: Region 'inh_plus' (12 neurons): using Izh type IZH2007_FS_CORTICAL_INTERNEURON
[2026-08-19 19:52:32][INFO] SIM_BRIDGE: Region 'inh_minus' (12 neurons): using Izh type IZH2007_FS_CORTICAL_INTERNEURON
[2026-08-19 19:52:32][INFO] SIM_BRIDGE: Region 'intero_comfort' (40 neurons): using Izh type IZH2007_RS_CORTICAL_PYRAMIDAL
[2026-08-19 19:52:32][INFO] SIM_BRIDGE: Region 'intero_discomfort' (40 neurons): using Izh type IZH2007_RS_CORTICAL_PYRAMIDAL
[2026-08-19 19:52:32][INFO] SIM_BRIDGE: Region 'intero_arousal' (40 neurons): using Izh type IZH2007_RS_CORTICAL_PYRAMIDAL
[2026-08-19 19:52:32][INFO] SIM_BRIDGE: Initializing OU process state (tau=15.0ms, sigma=8.0pA)...
[2026-08-19 19:52:32][INFO] SIM_BRIDGE: Generating 3D neuron positions for 1044 neurons...
[2026-08-19 19:52:32][INFO] SIM_BRIDGE: Generating connections (brain-region framework)...
[2026-08-19 19:52:32][INFO] SIM_BRIDGE: inject_explicit_wiring: installed 43633 synapses across 36 populations.
[2026-08-19 19:52:32][INFO] SIM_BRIDGE: Simulation data initialized for 1044 neurons (3D). Synapses: 43633. GPU memory: 0.0GB/9223372036.9GB (0.0%)
[2026-08-19 19:52:32][INFO] SIM_BRIDGE: Initializing simulation data for model: IZHIKEVICH (3D)... (playback_init: False)
[2026-08-19 19:52:32][INFO] SIM_BRIDGE: Brain-region framework: 23 regions, 1044 total neurons, 18 pathways.
[2026-08-19 19:52:32][INFO] SIM_BRIDGE: RNG initialized with seed: 42
[2026-08-19 19:52:32][INFO] SIM_BRIDGE: NMDA per-region mask: 18 regions enabled (900 neurons)
[2026-08-19 19:52:32][INFO] SIM_BRIDGE: Initializing Izhikevich model specifics for 1044 neurons...
[2026-08-19 19:52:32][INFO] SIM_BRIDGE: Region 'affect_vplus_L0' (50 neurons): using Izh type IZH2007_RS_CORTICAL_PYRAMIDAL
[2026-08-19 19:52:32][INFO] SIM_BRIDGE: Region 'affect_vplus_L1' (50 neurons): using Izh type IZH2007_RS_CORTICAL_PYRAMIDAL
[2026-08-19 19:52:32][INFO] SIM_BRIDGE: Region 'affect_vplus_L2' (50 neurons): using Izh type IZH2007_RS_CORTICAL_PYRAMIDAL
[2026-08-19 19:52:32][INFO] SIM_BRIDGE: Region 'affect_vplus_L3' (50 neurons): using Izh type IZH2007_RS_CORTICAL_PYRAMIDAL
[2026-08-19 19:52:32][INFO] SIM_BRIDGE: Region 'affect_vplus_L4' (50 neurons): using Izh type IZH2007_RS_CORTICAL_PYRAMIDAL
[2026-08-19 19:52:32][INFO] SIM_BRIDGE: Region 'affect_vplus_L5' (50 neurons): using Izh type IZH2007_RS_CORTICAL_PYRAMIDAL
[2026-08-19 19:52:32][INFO] SIM_BRIDGE: Region 'affect_vminus_L0' (50 neurons): using Izh type IZH2007_RS_CORTICAL_PYRAMIDAL
[2026-08-19 19:52:32][INFO] SIM_BRIDGE: Region 'affect_vminus_L1' (50 neurons): using Izh type IZH2007_RS_CORTICAL_PYRAMIDAL
[2026-08-19 19:52:32][INFO] SIM_BRIDGE: Region 'affect_vminus_L2' (50 neurons): using Izh type IZH2007_RS_CORTICAL_PYRAMIDAL
[2026-08-19 19:52:32][INFO] SIM_BRIDGE: Region 'affect_vminus_L3' (50 neurons): using Izh type IZH2007_RS_CORTICAL_PYRAMIDAL
[2026-08-19 19:52:32][INFO] SIM_BRIDGE: Region 'affect_vminus_L4' (50 neurons): using Izh type IZH2007_RS_CORTICAL_PYRAMIDAL
[2026-08-19 19:52:32][INFO] SIM_BRIDGE: Region 'affect_vminus_L5' (50 neurons): using Izh type IZH2007_RS_CORTICAL_PYRAMIDAL
[2026-08-19 19:52:32][INFO] SIM_BRIDGE: Region 'affect_arousal_L0' (50 neurons): using Izh type IZH2007_RS_CORTICAL_PYRAMIDAL
[2026-08-19 19:52:32][INFO] SIM_BRIDGE: Region 'affect_arousal_L1' (50 neurons): using Izh type IZH2007_RS_CORTICAL_PYRAMIDAL
[2026-08-19 19:52:32][INFO] SIM_BRIDGE: Region 'affect_arousal_L2' (50 neurons): using Izh type IZH2007_RS_CORTICAL_PYRAMIDAL
[2026-08-19 19:52:32][INFO] SIM_BRIDGE: Region 'affect_arousal_L3' (50 neurons): using Izh type IZH2007_RS_CORTICAL_PYRAMIDAL
[2026-08-19 19:52:32][INFO] SIM_BRIDGE: Region 'affect_arousal_L4' (50 neurons): using Izh type IZH2007_RS_CORTICAL_PYRAMIDAL
[2026-08-19 19:52:32][INFO] SIM_BRIDGE: Region 'affect_arousal_L5' (50 neurons): using Izh type IZH2007_RS_CORTICAL_PYRAMIDAL
[2026-08-19 19:52:32][INFO] SIM_BRIDGE: Region 'inh_plus' (12 neurons): using Izh type IZH2007_FS_CORTICAL_INTERNEURON
[2026-08-19 19:52:32][INFO] SIM_BRIDGE: Region 'inh_minus' (12 neurons): using Izh type IZH2007_FS_CORTICAL_INTERNEURON
[2026-08-19 19:52:32][INFO] SIM_BRIDGE: Region 'intero_comfort' (40 neurons): using Izh type IZH2007_RS_CORTICAL_PYRAMIDAL
[2026-08-19 19:52:32][INFO] SIM_BRIDGE: Region 'intero_discomfort' (40 neurons): using Izh type IZH2007_RS_CORTICAL_PYRAMIDAL
[2026-08-19 19:52:32][INFO] SIM_BRIDGE: Region 'intero_arousal' (40 neurons): using Izh type IZH2007_RS_CORTICAL_PYRAMIDAL
[2026-08-19 19:52:32][INFO] SIM_BRIDGE: Initializing OU process state (tau=15.0ms, sigma=8.0pA)...
[2026-08-19 19:52:32][INFO] SIM_BRIDGE: Generating 3D neuron positions for 1044 neurons...
[2026-08-19 19:52:32][INFO] SIM_BRIDGE: Generating connections (brain-region framework)...
[2026-08-19 19:52:32][INFO] SIM_BRIDGE: inject_explicit_wiring: installed 43633 synapses across 36 populations.
[2026-08-19 19:52:32][INFO] SIM_BRIDGE: Simulation data initialized for 1044 neurons (3D). Synapses: 43633. GPU memory: 0.0GB/9223372036.9GB (0.0%)
[2026-08-19 19:52:33][INFO] SIM_BRIDGE: NumPy backend (CPU (NumPy backend), 8589934592.0 GB RAM available)
[2026-08-19 19:52:33][INFO] SIM_BRIDGE: Initializing simulation data for model: IZHIKEVICH (3D)... (playback_init: False)
[2026-08-19 19:52:33][INFO] SIM_BRIDGE: RNG initialized with seed: 42
[2026-08-19 19:52:33][INFO] SIM_BRIDGE: Initializing Izhikevich model specifics for 144 neurons...
[2026-08-19 19:52:33][INFO] SIM_BRIDGE: Applying parameter heterogeneity to neuron parameters...
[2026-08-19 19:52:33][INFO] SIM_BRIDGE: Applied heterogeneity to 4 parameters.
[2026-08-19 19:52:33][INFO] SIM_BRIDGE: Initializing OU process state (tau=15.0ms, sigma=0.0pA)...
[2026-08-19 19:52:33][INFO] SIM_BRIDGE: Generating 3D neuron positions for 144 neurons...
[2026-08-19 19:52:33][INFO] SIM_BRIDGE: Generating connections (3D)...
[2026-08-19 19:52:33][INFO] SIM_BRIDGE: Simulation data initialized for 144 neurons (3D). Synapses: 0. GPU memory: 0.0GB/9223372036.9GB (0.0%)
[2026-08-19 19:52:33][INFO] SIM_BRIDGE: NumPy backend (CPU (NumPy backend), 8589934592.0 GB RAM available)
[2026-08-19 19:52:33][INFO] SIM_BRIDGE: Initializing simulation data for model: IZHIKEVICH (3D)... (playback_init: False)
[2026-08-19 19:52:33][INFO] SIM_BRIDGE: RNG initialized with seed: 42
[2026-08-19 19:52:33][INFO] SIM_BRIDGE: Initializing Izhikevich model specifics for 2 neurons...
[2026-08-19 19:52:33][INFO] SIM_BRIDGE: Applying parameter heterogeneity to neuron parameters...
[2026-08-19 19:52:33][INFO] SIM_BRIDGE: Applied heterogeneity to 4 parameters.
[2026-08-19 19:52:33][INFO] SIM_BRIDGE: Initializing OU process state (tau=15.0ms, sigma=0.0pA)...
[2026-08-19 19:52:33][INFO] SIM_BRIDGE: Generating 3D neuron positions for 2 neurons...
[2026-08-19 19:52:33][INFO] SIM_BRIDGE: Generating connections (3D)...
[2026-08-19 19:52:33][INFO] SIM_BRIDGE: Simulation data initialized for 2 neurons (3D). Synapses: 0. GPU memory: 0.0GB/9223372036.9GB (0.0%)
[2026-08-19 19:52:36][INFO] SIM_BRIDGE: NumPy backend (CPU (NumPy backend), 8589934592.0 GB RAM available)
[2026-08-19 19:52:36][INFO] SIM_BRIDGE: Initializing simulation data for model: IZHIKEVICH (3D)... (playback_init: False)
[2026-08-19 19:52:36][INFO] SIM_BRIDGE: Brain-region framework: 2 regions, 390 total neurons, 2 pathways.
[2026-08-19 19:52:36][INFO] SIM_BRIDGE: RNG initialized with seed: 42
[2026-08-19 19:52:36][INFO] SIM_BRIDGE: NMDA per-region mask: 1 regions enabled (340 neurons)
[2026-08-19 19:52:36][INFO] SIM_BRIDGE: Initializing Izhikevich model specifics for 390 neurons...
[2026-08-19 19:52:36][INFO] SIM_BRIDGE: Generating 3D neuron positions for 390 neurons...
[2026-08-19 19:52:36][INFO] SIM_BRIDGE: Generating connections (brain-region framework)...
[2026-08-19 19:52:36][INFO] SIM_BRIDGE: inject_explicit_wiring: installed 17011 synapses across 2 populations.
[2026-08-19 19:52:36][INFO] SIM_BRIDGE: Simulation data initialized for 390 neurons (3D). Synapses: 17011. GPU memory: 0.0GB/9223372036.9GB (0.0%)
[2026-08-19 19:52:36][INFO] SIM_BRIDGE: inject_explicit_wiring: installed 42291 synapses across 6 populations.
[2026-08-19 19:52:36][INFO] SIM_BRIDGE: NumPy backend (CPU (NumPy backend), 8589934592.0 GB RAM available)
[2026-08-19 19:52:36][INFO] SIM_BRIDGE: Initializing simulation data for model: IZHIKEVICH (3D)... (playback_init: False)
[2026-08-19 19:52:36][INFO] SIM_BRIDGE: Brain-region framework: 2 regions, 1200 total neurons, 2 pathways.
[2026-08-19 19:52:36][INFO] SIM_BRIDGE: RNG initialized with seed: 42
[2026-08-19 19:52:36][INFO] SIM_BRIDGE: NMDA per-region mask: 2 regions enabled (1200 neurons)
[2026-08-19 19:52:36][INFO] SIM_BRIDGE: Initializing Izhikevich model specifics for 1200 neurons...
[2026-08-19 19:52:36][INFO] SIM_BRIDGE: Region 'cortex_ctx' (600 neurons): using Izh type IZH2007_HIPPO_PYRAMIDAL
[2026-08-19 19:52:36][INFO] SIM_BRIDGE: Region 'dlpfc_wm' (600 neurons): using Izh type IZH2007_HIPPO_PYRAMIDAL
[2026-08-19 19:52:36][INFO] SIM_BRIDGE: Applying parameter heterogeneity to neuron parameters...
[2026-08-19 19:52:36][INFO] SIM_BRIDGE: Applied heterogeneity to 4 parameters.
[2026-08-19 19:52:36][INFO] SIM_BRIDGE: Generating 3D neuron positions for 1200 neurons...
[2026-08-19 19:52:36][INFO] SIM_BRIDGE: Generating connections (brain-region framework)...
[2026-08-19 19:52:36][INFO] SIM_BRIDGE: inject_explicit_wiring: installed 107786 synapses across 4 populations.
[2026-08-19 19:52:36][INFO] SIM_BRIDGE: Initializing eligibility traces for 107786 synapses (capacity: 161679, dtype: float32)...
[2026-08-19 19:52:36][INFO] SIM_BRIDGE: Initializing STDP state for 1200 neurons...
[2026-08-19 19:52:36][INFO] SIM_BRIDGE: Simulation data initialized for 1200 neurons (3D). Synapses: 107786. GPU memory: 0.0GB/9223372036.9GB (0.0%)
[2026-08-19 19:52:36][INFO] SIM_BRIDGE: ⛔ STDP IS INERT: enable_stdp=True but runtime_state.current_time_ms is still 0.0 after 50 steps. _run_one_simulation_step() does NOT advance the clock (only step_simulation() does), so every spike shares one timestamp, delta_t==0 for every pair, and every STDP update is exactly 0.0. FIX: advance it in your loop -- `bridge.runtime_state.current_time_ms += bridge.core_config.dt_ms` after each step.
[2026-08-19 19:52:44][INFO] SIM_BRIDGE: NumPy backend (CPU (NumPy backend), 8589934592.0 GB RAM available)
[2026-08-19 19:52:44][INFO] SIM_BRIDGE: Initializing simulation data for model: IZHIKEVICH (3D)... (playback_init: False)
[2026-08-19 19:52:44][INFO] SIM_BRIDGE: RNG initialized with seed: 42
[2026-08-19 19:52:44][INFO] SIM_BRIDGE: Initializing Izhikevich model specifics for 45856 neurons...
[2026-08-19 19:52:44][INFO] SIM_BRIDGE: Applying parameter heterogeneity to neuron parameters...
[2026-08-19 19:52:44][INFO] SIM_BRIDGE: Applied heterogeneity to 4 parameters.
[2026-08-19 19:52:44][INFO] SIM_BRIDGE: Initializing OU process state (tau=15.0ms, sigma=20.0pA)...
[2026-08-19 19:52:44][INFO] SIM_BRIDGE: Generating 3D neuron positions for 45856 neurons...
[2026-08-19 19:52:44][INFO] SIM_BRIDGE: Generating connections (3D)...
[2026-08-19 19:52:44][INFO] SIM_BRIDGE: Simulation data initialized for 45856 neurons (3D). Synapses: 0. GPU memory: 0.0GB/9223372036.9GB (0.0%)
[2026-08-19 19:52:44][INFO] SIM_BRIDGE: inject_explicit_wiring: installed 720 synapses across 1 populations.
[2026-08-19 19:53:15][INFO] SIM_BRIDGE: NumPy backend (CPU (NumPy backend), 8589934592.0 GB RAM available)
[2026-08-19 19:53:15][INFO] SIM_BRIDGE: Initializing simulation data for model: IZHIKEVICH (3D)... (playback_init: False)
[2026-08-19 19:53:15][INFO] SIM_BRIDGE: Brain-region framework: 2 regions, 1800 total neurons, 3 pathways.
[2026-08-19 19:53:15][INFO] SIM_BRIDGE: RNG initialized with seed: 42
[2026-08-19 19:53:15][INFO] SIM_BRIDGE: Initializing Izhikevich model specifics for 1800 neurons...
[2026-08-19 19:53:15][INFO] SIM_BRIDGE: Applying parameter heterogeneity to neuron parameters...
[2026-08-19 19:53:15][INFO] SIM_BRIDGE: Applied heterogeneity to 4 parameters.
[2026-08-19 19:53:15][INFO] SIM_BRIDGE: Initializing OU process state (tau=15.0ms, sigma=0.0pA)...
[2026-08-19 19:53:15][INFO] SIM_BRIDGE: Generating 3D neuron positions for 1800 neurons...
[2026-08-19 19:53:15][INFO] SIM_BRIDGE: Generating connections (brain-region framework)...
[2026-08-19 19:53:17][INFO] SIM_BRIDGE: inject_explicit_wiring: installed 1619529 synapses across 3 populations.
[2026-08-19 19:53:17][INFO] SIM_BRIDGE: Simulation data initialized for 1800 neurons (3D). Synapses: 1619529. GPU memory: 0.0GB/9223372036.9GB (0.0%)
[2026-08-19 19:53:17][INFO] SIM_BRIDGE: NumPy backend (CPU (NumPy backend), 8589934592.0 GB RAM available)
[2026-08-19 19:53:17][INFO] SIM_BRIDGE: Initializing simulation data for model: IZHIKEVICH (3D)... (playback_init: False)
[2026-08-19 19:53:17][INFO] SIM_BRIDGE: RNG initialized with seed: 42
[2026-08-19 19:53:17][INFO] SIM_BRIDGE: Initializing Izhikevich model specifics for 224 neurons...
[2026-08-19 19:53:17][INFO] SIM_BRIDGE: Applying parameter heterogeneity to neuron parameters...
[2026-08-19 19:53:17][INFO] SIM_BRIDGE: Applied heterogeneity to 4 parameters.
[2026-08-19 19:53:17][INFO] SIM_BRIDGE: Initializing OU process state (tau=15.0ms, sigma=20.0pA)...
[2026-08-19 19:53:17][INFO] SIM_BRIDGE: Generating 3D neuron positions for 224 neurons...
[2026-08-19 19:53:17][INFO] SIM_BRIDGE: Generating connections (3D)...
[2026-08-19 19:53:17][INFO] SIM_BRIDGE: Simulation data initialized for 224 neurons (3D). Synapses: 0. GPU memory: 0.0GB/9223372036.9GB (0.0%)
[2026-08-19 19:53:17][INFO] SIM_BRIDGE: inject_explicit_wiring: installed 4800 synapses across 1 populations.
[2026-08-19 19:53:56][INFO] SIM_BRIDGE: NumPy backend (CPU (NumPy backend), 8589934592.0 GB RAM available)
[2026-08-19 19:53:56][INFO] SIM_BRIDGE: Initializing simulation data for model: IZHIKEVICH (3D)... (playback_init: False)
[2026-08-19 19:53:56][INFO] SIM_BRIDGE: Brain-region framework: 23 regions, 1044 total neurons, 18 pathways.
[2026-08-19 19:53:56][INFO] SIM_BRIDGE: RNG initialized with seed: 42
[2026-08-19 19:53:56][INFO] SIM_BRIDGE: NMDA per-region mask: 18 regions enabled (900 neurons)
[2026-08-19 19:53:56][INFO] SIM_BRIDGE: Initializing Izhikevich model specifics for 1044 neurons...
[2026-08-19 19:53:56][INFO] SIM_BRIDGE: Region 'affect_vplus_L0' (50 neurons): using Izh type IZH2007_RS_CORTICAL_PYRAMIDAL
[2026-08-19 19:53:56][INFO] SIM_BRIDGE: Region 'affect_vplus_L1' (50 neurons): using Izh type IZH2007_RS_CORTICAL_PYRAMIDAL
[2026-08-19 19:53:56][INFO] SIM_BRIDGE: Region 'affect_vplus_L2' (50 neurons): using Izh type IZH2007_RS_CORTICAL_PYRAMIDAL
[2026-08-19 19:53:56][INFO] SIM_BRIDGE: Region 'affect_vplus_L3' (50 neurons): using Izh type IZH2007_RS_CORTICAL_PYRAMIDAL
[2026-08-19 19:53:56][INFO] SIM_BRIDGE: Region 'affect_vplus_L4' (50 neurons): using Izh type IZH2007_RS_CORTICAL_PYRAMIDAL
[2026-08-19 19:53:56][INFO] SIM_BRIDGE: Region 'affect_vplus_L5' (50 neurons): using Izh type IZH2007_RS_CORTICAL_PYRAMIDAL
[2026-08-19 19:53:56][INFO] SIM_BRIDGE: Region 'affect_vminus_L0' (50 neurons): using Izh type IZH2007_RS_CORTICAL_PYRAMIDAL
[2026-08-19 19:53:56][INFO] SIM_BRIDGE: Region 'affect_vminus_L1' (50 neurons): using Izh type IZH2007_RS_CORTICAL_PYRAMIDAL
[2026-08-19 19:53:56][INFO] SIM_BRIDGE: Region 'affect_vminus_L2' (50 neurons): using Izh type IZH2007_RS_CORTICAL_PYRAMIDAL
[2026-08-19 19:53:56][INFO] SIM_BRIDGE: Region 'affect_vminus_L3' (50 neurons): using Izh type IZH2007_RS_CORTICAL_PYRAMIDAL
[2026-08-19 19:53:56][INFO] SIM_BRIDGE: Region 'affect_vminus_L4' (50 neurons): using Izh type IZH2007_RS_CORTICAL_PYRAMIDAL
[2026-08-19 19:53:56][INFO] SIM_BRIDGE: Region 'affect_vminus_L5' (50 neurons): using Izh type IZH2007_RS_CORTICAL_PYRAMIDAL
[2026-08-19 19:53:56][INFO] SIM_BRIDGE: Region 'affect_arousal_L0' (50 neurons): using Izh type IZH2007_RS_CORTICAL_PYRAMIDAL
[2026-08-19 19:53:56][INFO] SIM_BRIDGE: Region 'affect_arousal_L1' (50 neurons): using Izh type IZH2007_RS_CORTICAL_PYRAMIDAL
[2026-08-19 19:53:56][INFO] SIM_BRIDGE: Region 'affect_arousal_L2' (50 neurons): using Izh type IZH2007_RS_CORTICAL_PYRAMIDAL
[2026-08-19 19:53:56][INFO] SIM_BRIDGE: Region 'affect_arousal_L3' (50 neurons): using Izh type IZH2007_RS_CORTICAL_PYRAMIDAL
[2026-08-19 19:53:56][INFO] SIM_BRIDGE: Region 'affect_arousal_L4' (50 neurons): using Izh type IZH2007_RS_CORTICAL_PYRAMIDAL
[2026-08-19 19:53:56][INFO] SIM_BRIDGE: Region 'affect_arousal_L5' (50 neurons): using Izh type IZH2007_RS_CORTICAL_PYRAMIDAL
[2026-08-19 19:53:56][INFO] SIM_BRIDGE: Region 'inh_plus' (12 neurons): using Izh type IZH2007_FS_CORTICAL_INTERNEURON
[2026-08-19 19:53:56][INFO] SIM_BRIDGE: Region 'inh_minus' (12 neurons): using Izh type IZH2007_FS_CORTICAL_INTERNEURON
[2026-08-19 19:53:56][INFO] SIM_BRIDGE: Region 'intero_comfort' (40 neurons): using Izh type IZH2007_RS_CORTICAL_PYRAMIDAL
[2026-08-19 19:53:56][INFO] SIM_BRIDGE: Region 'intero_discomfort' (40 neurons): using Izh type IZH2007_RS_CORTICAL_PYRAMIDAL
[2026-08-19 19:53:56][INFO] SIM_BRIDGE: Region 'intero_arousal' (40 neurons): using Izh type IZH2007_RS_CORTICAL_PYRAMIDAL
[2026-08-19 19:53:56][INFO] SIM_BRIDGE: Initializing OU process state (tau=15.0ms, sigma=8.0pA)...
[2026-08-19 19:53:56][INFO] SIM_BRIDGE: Generating 3D neuron positions for 1044 neurons...
[2026-08-19 19:53:56][INFO] SIM_BRIDGE: Generating connections (brain-region framework)...
[2026-08-19 19:53:56][INFO] SIM_BRIDGE: inject_explicit_wiring: installed 43633 synapses across 36 populations.
[2026-08-19 19:53:56][INFO] SIM_BRIDGE: Simulation data initialized for 1044 neurons (3D). Synapses: 43633. GPU memory: 0.0GB/9223372036.9GB (0.0%)
[2026-08-19 19:53:56][INFO] SIM_BRIDGE: Initializing simulation data for model: IZHIKEVICH (3D)... (playback_init: False)
[2026-08-19 19:53:56][INFO] SIM_BRIDGE: Brain-region framework: 23 regions, 1044 total neurons, 18 pathways.
[2026-08-19 19:53:56][INFO] SIM_BRIDGE: RNG initialized with seed: 42
[2026-08-19 19:53:56][INFO] SIM_BRIDGE: NMDA per-region mask: 18 regions enabled (900 neurons)
[2026-08-19 19:53:56][INFO] SIM_BRIDGE: Initializing Izhikevich model specifics for 1044 neurons...
[2026-08-19 19:53:56][INFO] SIM_BRIDGE: Region 'affect_vplus_L0' (50 neurons): using Izh type IZH2007_RS_CORTICAL_PYRAMIDAL
[2026-08-19 19:53:56][INFO] SIM_BRIDGE: Region 'affect_vplus_L1' (50 neurons): using Izh type IZH2007_RS_CORTICAL_PYRAMIDAL
[2026-08-19 19:53:56][INFO] SIM_BRIDGE: Region 'affect_vplus_L2' (50 neurons): using Izh type IZH2007_RS_CORTICAL_PYRAMIDAL
[2026-08-19 19:53:56][INFO] SIM_BRIDGE: Region 'affect_vplus_L3' (50 neurons): using Izh type IZH2007_RS_CORTICAL_PYRAMIDAL
[2026-08-19 19:53:56][INFO] SIM_BRIDGE: Region 'affect_vplus_L4' (50 neurons): using Izh type IZH2007_RS_CORTICAL_PYRAMIDAL
[2026-08-19 19:53:56][INFO] SIM_BRIDGE: Region 'affect_vplus_L5' (50 neurons): using Izh type IZH2007_RS_CORTICAL_PYRAMIDAL
[2026-08-19 19:53:56][INFO] SIM_BRIDGE: Region 'affect_vminus_L0' (50 neurons): using Izh type IZH2007_RS_CORTICAL_PYRAMIDAL
[2026-08-19 19:53:56][INFO] SIM_BRIDGE: Region 'affect_vminus_L1' (50 neurons): using Izh type IZH2007_RS_CORTICAL_PYRAMIDAL
[2026-08-19 19:53:56][INFO] SIM_BRIDGE: Region 'affect_vminus_L2' (50 neurons): using Izh type IZH2007_RS_CORTICAL_PYRAMIDAL
[2026-08-19 19:53:56][INFO] SIM_BRIDGE: Region 'affect_vminus_L3' (50 neurons): using Izh type IZH2007_RS_CORTICAL_PYRAMIDAL
[2026-08-19 19:53:56][INFO] SIM_BRIDGE: Region 'affect_vminus_L4' (50 neurons): using Izh type IZH2007_RS_CORTICAL_PYRAMIDAL
[2026-08-19 19:53:56][INFO] SIM_BRIDGE: Region 'affect_vminus_L5' (50 neurons): using Izh type IZH2007_RS_CORTICAL_PYRAMIDAL
[2026-08-19 19:53:56][INFO] SIM_BRIDGE: Region 'affect_arousal_L0' (50 neurons): using Izh type IZH2007_RS_CORTICAL_PYRAMIDAL
[2026-08-19 19:53:56][INFO] SIM_BRIDGE: Region 'affect_arousal_L1' (50 neurons): using Izh type IZH2007_RS_CORTICAL_PYRAMIDAL
[2026-08-19 19:53:56][INFO] SIM_BRIDGE: Region 'affect_arousal_L2' (50 neurons): using Izh type IZH2007_RS_CORTICAL_PYRAMIDAL
[2026-08-19 19:53:56][INFO] SIM_BRIDGE: Region 'affect_arousal_L3' (50 neurons): using Izh type IZH2007_RS_CORTICAL_PYRAMIDAL
[2026-08-19 19:53:56][INFO] SIM_BRIDGE: Region 'affect_arousal_L4' (50 neurons): using Izh type IZH2007_RS_CORTICAL_PYRAMIDAL
[2026-08-19 19:53:56][INFO] SIM_BRIDGE: Region 'affect_arousal_L5' (50 neurons): using Izh type IZH2007_RS_CORTICAL_PYRAMIDAL
[2026-08-19 19:53:56][INFO] SIM_BRIDGE: Region 'inh_plus' (12 neurons): using Izh type IZH2007_FS_CORTICAL_INTERNEURON
[2026-08-19 19:53:56][INFO] SIM_BRIDGE: Region 'inh_minus' (12 neurons): using Izh type IZH2007_FS_CORTICAL_INTERNEURON
[2026-08-19 19:53:56][INFO] SIM_BRIDGE: Region 'intero_comfort' (40 neurons): using Izh type IZH2007_RS_CORTICAL_PYRAMIDAL
[2026-08-19 19:53:56][INFO] SIM_BRIDGE: Region 'intero_discomfort' (40 neurons): using Izh type IZH2007_RS_CORTICAL_PYRAMIDAL
[2026-08-19 19:53:56][INFO] SIM_BRIDGE: Region 'intero_arousal' (40 neurons): using Izh type IZH2007_RS_CORTICAL_PYRAMIDAL
[2026-08-19 19:53:56][INFO] SIM_BRIDGE: Initializing OU process state (tau=15.0ms, sigma=8.0pA)...
[2026-08-19 19:53:56][INFO] SIM_BRIDGE: Generating 3D neuron positions for 1044 neurons...
[2026-08-19 19:53:56][INFO] SIM_BRIDGE: Generating connections (brain-region framework)...
[2026-08-19 19:53:56][INFO] SIM_BRIDGE: inject_explicit_wiring: installed 43633 synapses across 36 populations.
[2026-08-19 19:53:56][INFO] SIM_BRIDGE: Simulation data initialized for 1044 neurons (3D). Synapses: 43633. GPU memory: 0.0GB/9223372036.9GB (0.0%)
[2026-08-19 19:53:57][INFO] SIM_BRIDGE: NumPy backend (CPU (NumPy backend), 8589934592.0 GB RAM available)
[2026-08-19 19:53:57][INFO] SIM_BRIDGE: Initializing simulation data for model: IZHIKEVICH (3D)... (playback_init: False)
[2026-08-19 19:53:57][INFO] SIM_BRIDGE: RNG initialized with seed: 42
[2026-08-19 19:53:57][INFO] SIM_BRIDGE: Initializing Izhikevich model specifics for 144 neurons...
[2026-08-19 19:53:57][INFO] SIM_BRIDGE: Applying parameter heterogeneity to neuron parameters...
[2026-08-19 19:53:57][INFO] SIM_BRIDGE: Applied heterogeneity to 4 parameters.
[2026-08-19 19:53:57][INFO] SIM_BRIDGE: Initializing OU process state (tau=15.0ms, sigma=0.0pA)...
[2026-08-19 19:53:57][INFO] SIM_BRIDGE: Generating 3D neuron positions for 144 neurons...
[2026-08-19 19:53:57][INFO] SIM_BRIDGE: Generating connections (3D)...
[2026-08-19 19:53:57][INFO] SIM_BRIDGE: Simulation data initialized for 144 neurons (3D). Synapses: 0. GPU memory: 0.0GB/9223372036.9GB (0.0%)
[2026-08-19 19:53:57][INFO] SIM_BRIDGE: NumPy backend (CPU (NumPy backend), 8589934592.0 GB RAM available)
[2026-08-19 19:53:57][INFO] SIM_BRIDGE: Initializing simulation data for model: IZHIKEVICH (3D)... (playback_init: False)
[2026-08-19 19:53:57][INFO] SIM_BRIDGE: RNG initialized with seed: 42
[2026-08-19 19:53:57][INFO] SIM_BRIDGE: Initializing Izhikevich model specifics for 2 neurons...
[2026-08-19 19:53:57][INFO] SIM_BRIDGE: Applying parameter heterogeneity to neuron parameters...
[2026-08-19 19:53:57][INFO] SIM_BRIDGE: Applied heterogeneity to 4 parameters.
[2026-08-19 19:53:57][INFO] SIM_BRIDGE: Initializing OU process state (tau=15.0ms, sigma=0.0pA)...
[2026-08-19 19:53:57][INFO] SIM_BRIDGE: Generating 3D neuron positions for 2 neurons...
[2026-08-19 19:53:57][INFO] SIM_BRIDGE: Generating connections (3D)...
[2026-08-19 19:53:57][INFO] SIM_BRIDGE: Simulation data initialized for 2 neurons (3D). Synapses: 0. GPU memory: 0.0GB/9223372036.9GB (0.0%)
[2026-08-19 19:53:59][INFO] SIM_BRIDGE: NumPy backend (CPU (NumPy backend), 8589934592.0 GB RAM available)
[2026-08-19 19:53:59][INFO] SIM_BRIDGE: Initializing simulation data for model: IZHIKEVICH (3D)... (playback_init: False)
[2026-08-19 19:53:59][INFO] SIM_BRIDGE: Brain-region framework: 2 regions, 1200 total neurons, 2 pathways.
[2026-08-19 19:53:59][INFO] SIM_BRIDGE: RNG initialized with seed: 42
[2026-08-19 19:53:59][INFO] SIM_BRIDGE: NMDA per-region mask: 2 regions enabled (1200 neurons)
[2026-08-19 19:53:59][INFO] SIM_BRIDGE: Initializing Izhikevich model specifics for 1200 neurons...
[2026-08-19 19:53:59][INFO] SIM_BRIDGE: Region 'cortex_ctx' (600 neurons): using Izh type IZH2007_HIPPO_PYRAMIDAL
[2026-08-19 19:53:59][INFO] SIM_BRIDGE: Region 'dlpfc_wm' (600 neurons): using Izh type IZH2007_HIPPO_PYRAMIDAL
[2026-08-19 19:53:59][INFO] SIM_BRIDGE: Applying parameter heterogeneity to neuron parameters...
[2026-08-19 19:53:59][INFO] SIM_BRIDGE: Applied heterogeneity to 4 parameters.
[2026-08-19 19:53:59][INFO] SIM_BRIDGE: Generating 3D neuron positions for 1200 neurons...
[2026-08-19 19:53:59][INFO] SIM_BRIDGE: Generating connections (brain-region framework)...
[2026-08-19 19:54:00][INFO] SIM_BRIDGE: inject_explicit_wiring: installed 107786 synapses across 4 populations.
[2026-08-19 19:54:00][INFO] SIM_BRIDGE: Initializing eligibility traces for 107786 synapses (capacity: 161679, dtype: float32)...
[2026-08-19 19:54:00][INFO] SIM_BRIDGE: Initializing STDP state for 1200 neurons...
[2026-08-19 19:54:00][INFO] SIM_BRIDGE: Simulation data initialized for 1200 neurons (3D). Synapses: 107786. GPU memory: 0.0GB/9223372036.9GB (0.0%)
[2026-08-19 19:54:00][INFO] SIM_BRIDGE: ⛔ STDP IS INERT: enable_stdp=True but runtime_state.current_time_ms is still 0.0 after 50 steps. _run_one_simulation_step() does NOT advance the clock (only step_simulation() does), so every spike shares one timestamp, delta_t==0 for every pair, and every STDP update is exactly 0.0. FIX: advance it in your loop -- `bridge.runtime_state.current_time_ms += bridge.core_config.dt_ms` after each step.
  [affect-drives-response    ] answer_changed=True  meta_present=True  -> DRIVER
      intact : 'Frankly! The dog chases cat.'
      lesion : 'The dog chases cat.'
[2026-08-19 19:54:08][INFO] SIM_BRIDGE: NumPy backend (CPU (NumPy backend), 8589934592.0 GB RAM available)
[2026-08-19 19:54:08][INFO] SIM_BRIDGE: Initializing simulation data for model: IZHIKEVICH (3D)... (playback_init: False)
[2026-08-19 19:54:08][INFO] SIM_BRIDGE: RNG initialized with seed: 42
[2026-08-19 19:54:08][INFO] SIM_BRIDGE: Initializing Izhikevich model specifics for 45856 neurons...
[2026-08-19 19:54:08][INFO] SIM_BRIDGE: Applying parameter heterogeneity to neuron parameters...
[2026-08-19 19:54:08][INFO] SIM_BRIDGE: Applied heterogeneity to 4 parameters.
[2026-08-19 19:54:08][INFO] SIM_BRIDGE: Initializing OU process state (tau=15.0ms, sigma=20.0pA)...
[2026-08-19 19:54:08][INFO] SIM_BRIDGE: Generating 3D neuron positions for 45856 neurons...
[2026-08-19 19:54:08][INFO] SIM_BRIDGE: Generating connections (3D)...
[2026-08-19 19:54:08][INFO] SIM_BRIDGE: Simulation data initialized for 45856 neurons (3D). Synapses: 0. GPU memory: 0.0GB/9223372036.9GB (0.0%)
[2026-08-19 19:54:08][INFO] SIM_BRIDGE: inject_explicit_wiring: installed 720 synapses across 1 populations.
[2026-08-19 19:54:40][INFO] SIM_BRIDGE: NumPy backend (CPU (NumPy backend), 8589934592.0 GB RAM available)
[2026-08-19 19:54:40][INFO] SIM_BRIDGE: Initializing simulation data for model: IZHIKEVICH (3D)... (playback_init: False)
[2026-08-19 19:54:40][INFO] SIM_BRIDGE: Brain-region framework: 2 regions, 1800 total neurons, 3 pathways.
[2026-08-19 19:54:40][INFO] SIM_BRIDGE: RNG initialized with seed: 42
[2026-08-19 19:54:40][INFO] SIM_BRIDGE: Initializing Izhikevich model specifics for 1800 neurons...
[2026-08-19 19:54:40][INFO] SIM_BRIDGE: Applying parameter heterogeneity to neuron parameters...
[2026-08-19 19:54:40][INFO] SIM_BRIDGE: Applied heterogeneity to 4 parameters.
[2026-08-19 19:54:40][INFO] SIM_BRIDGE: Initializing OU process state (tau=15.0ms, sigma=0.0pA)...
[2026-08-19 19:54:40][INFO] SIM_BRIDGE: Generating 3D neuron positions for 1800 neurons...
[2026-08-19 19:54:40][INFO] SIM_BRIDGE: Generating connections (brain-region framework)...
[2026-08-19 19:54:41][INFO] SIM_BRIDGE: inject_explicit_wiring: installed 1619529 synapses across 3 populations.
[2026-08-19 19:54:42][INFO] SIM_BRIDGE: Simulation data initialized for 1800 neurons (3D). Synapses: 1619529. GPU memory: 0.0GB/9223372036.9GB (0.0%)
[2026-08-19 19:54:42][INFO] SIM_BRIDGE: NumPy backend (CPU (NumPy backend), 8589934592.0 GB RAM available)
[2026-08-19 19:54:42][INFO] SIM_BRIDGE: Initializing simulation data for model: IZHIKEVICH (3D)... (playback_init: False)
[2026-08-19 19:54:42][INFO] SIM_BRIDGE: RNG initialized with seed: 42
[2026-08-19 19:54:42][INFO] SIM_BRIDGE: Initializing Izhikevich model specifics for 224 neurons...
[2026-08-19 19:54:42][INFO] SIM_BRIDGE: Applying parameter heterogeneity to neuron parameters...
[2026-08-19 19:54:42][INFO] SIM_BRIDGE: Applied heterogeneity to 4 parameters.
[2026-08-19 19:54:42][INFO] SIM_BRIDGE: Initializing OU process state (tau=15.0ms, sigma=20.0pA)...
[2026-08-19 19:54:42][INFO] SIM_BRIDGE: Generating 3D neuron positions for 224 neurons...
[2026-08-19 19:54:42][INFO] SIM_BRIDGE: Generating connections (3D)...
[2026-08-19 19:54:42][INFO] SIM_BRIDGE: Simulation data initialized for 224 neurons (3D). Synapses: 0. GPU memory: 0.0GB/9223372036.9GB (0.0%)
[2026-08-19 19:54:42][INFO] SIM_BRIDGE: inject_explicit_wiring: installed 4800 synapses across 1 populations.
[2026-08-19 19:55:20][INFO] SIM_BRIDGE: NumPy backend (CPU (NumPy backend), 8589934592.0 GB RAM available)
[2026-08-19 19:55:20][INFO] SIM_BRIDGE: Initializing simulation data for model: IZHIKEVICH (3D)... (playback_init: False)
[2026-08-19 19:55:20][INFO] SIM_BRIDGE: Brain-region framework: 7 regions, 960 total neurons, 0 pathways.
[2026-08-19 19:55:20][INFO] SIM_BRIDGE: RNG initialized with seed: 42
[2026-08-19 19:55:20][INFO] SIM_BRIDGE: NMDA per-region mask: 1 regions enabled (320 neurons)
[2026-08-19 19:55:20][INFO] SIM_BRIDGE: Initializing Izhikevich model specifics for 960 neurons...
[2026-08-19 19:55:20][INFO] SIM_BRIDGE: Applying parameter heterogeneity to neuron parameters...
[2026-08-19 19:55:20][INFO] SIM_BRIDGE: Applied heterogeneity to 4 parameters.
[2026-08-19 19:55:20][INFO] SIM_BRIDGE: Initializing OU process state (tau=15.0ms, sigma=30.0pA)...
[2026-08-19 19:55:20][INFO] SIM_BRIDGE: Generating 3D neuron positions for 960 neurons...
[2026-08-19 19:55:20][INFO] SIM_BRIDGE: Generating connections (brain-region framework)...
[2026-08-19 19:55:20][WARNING] SIM_BRIDGE: inject_explicit_wiring: no synapses in plan.
[2026-08-19 19:55:20][WARNING] SIM_BRIDGE: Connection generation resulted in None. Initializing as empty matrix.
[2026-08-19 19:55:20][INFO] SIM_BRIDGE: Simulation data initialized for 960 neurons (3D). Synapses: 0. GPU memory: 0.0GB/9223372036.9GB (0.0%)
[2026-08-19 19:55:20][INFO] SIM_BRIDGE: inject_explicit_wiring: installed 140100 synapses across 17 populations.
/tmp/claude-1000/-home-dant123-Projects-sim/87891831-e642-4a2f-abeb-50ea0867609b/scratchpad/wt-audit/sim/kernels.py:1204: RuntimeWarning: overflow encountered in exp
  mg_block = 1.0 / (1.0 + (mg_conc / 3.57) * cp.exp(-0.062 * v))
[2026-08-19 19:55:22][INFO] SIM_BRIDGE: NumPy backend (CPU (NumPy backend), 8589934592.0 GB RAM available)
[2026-08-19 19:55:22][INFO] SIM_BRIDGE: Initializing simulation data for model: IZHIKEVICH (3D)... (playback_init: False)
[2026-08-19 19:55:22][INFO] SIM_BRIDGE: RNG initialized with seed: 42
[2026-08-19 19:55:22][INFO] SIM_BRIDGE: Initializing Izhikevich model specifics for 144 neurons...
[2026-08-19 19:55:22][INFO] SIM_BRIDGE: Applying parameter heterogeneity to neuron parameters...
[2026-08-19 19:55:22][INFO] SIM_BRIDGE: Applied heterogeneity to 4 parameters.
[2026-08-19 19:55:22][INFO] SIM_BRIDGE: Initializing OU process state (tau=15.0ms, sigma=0.0pA)...
[2026-08-19 19:55:22][INFO] SIM_BRIDGE: Generating 3D neuron positions for 144 neurons...
[2026-08-19 19:55:22][INFO] SIM_BRIDGE: Generating connections (3D)...
[2026-08-19 19:55:22][INFO] SIM_BRIDGE: Simulation data initialized for 144 neurons (3D). Synapses: 0. GPU memory: 0.0GB/9223372036.9GB (0.0%)
[2026-08-19 19:55:22][INFO] SIM_BRIDGE: NumPy backend (CPU (NumPy backend), 8589934592.0 GB RAM available)
[2026-08-19 19:55:22][INFO] SIM_BRIDGE: Initializing simulation data for model: IZHIKEVICH (3D)... (playback_init: False)
[2026-08-19 19:55:22][INFO] SIM_BRIDGE: RNG initialized with seed: 42
[2026-08-19 19:55:22][INFO] SIM_BRIDGE: Initializing Izhikevich model specifics for 2 neurons...
[2026-08-19 19:55:22][INFO] SIM_BRIDGE: Applying parameter heterogeneity to neuron parameters...
[2026-08-19 19:55:22][INFO] SIM_BRIDGE: Applied heterogeneity to 4 parameters.
[2026-08-19 19:55:22][INFO] SIM_BRIDGE: Initializing OU process state (tau=15.0ms, sigma=0.0pA)...
[2026-08-19 19:55:22][INFO] SIM_BRIDGE: Generating 3D neuron positions for 2 neurons...
[2026-08-19 19:55:22][INFO] SIM_BRIDGE: Generating connections (3D)...
[2026-08-19 19:55:22][INFO] SIM_BRIDGE: Simulation data initialized for 2 neurons (3D). Synapses: 0. GPU memory: 0.0GB/9223372036.9GB (0.0%)
[2026-08-19 19:55:29][INFO] SIM_BRIDGE: NumPy backend (CPU (NumPy backend), 8589934592.0 GB RAM available)
[2026-08-19 19:55:29][INFO] SIM_BRIDGE: Initializing simulation data for model: IZHIKEVICH (3D)... (playback_init: False)
[2026-08-19 19:55:29][INFO] SIM_BRIDGE: Brain-region framework: 2 regions, 1200 total neurons, 2 pathways.
[2026-08-19 19:55:29][INFO] SIM_BRIDGE: RNG initialized with seed: 42
[2026-08-19 19:55:29][INFO] SIM_BRIDGE: NMDA per-region mask: 2 regions enabled (1200 neurons)
[2026-08-19 19:55:29][INFO] SIM_BRIDGE: Initializing Izhikevich model specifics for 1200 neurons...
[2026-08-19 19:55:29][INFO] SIM_BRIDGE: Region 'cortex_ctx' (600 neurons): using Izh type IZH2007_HIPPO_PYRAMIDAL
[2026-08-19 19:55:29][INFO] SIM_BRIDGE: Region 'dlpfc_wm' (600 neurons): using Izh type IZH2007_HIPPO_PYRAMIDAL
[2026-08-19 19:55:29][INFO] SIM_BRIDGE: Applying parameter heterogeneity to neuron parameters...
[2026-08-19 19:55:29][INFO] SIM_BRIDGE: Applied heterogeneity to 4 parameters.
[2026-08-19 19:55:29][INFO] SIM_BRIDGE: Generating 3D neuron positions for 1200 neurons...
[2026-08-19 19:55:29][INFO] SIM_BRIDGE: Generating connections (brain-region framework)...
[2026-08-19 19:55:29][INFO] SIM_BRIDGE: inject_explicit_wiring: installed 107786 synapses across 4 populations.
[2026-08-19 19:55:29][INFO] SIM_BRIDGE: Initializing eligibility traces for 107786 synapses (capacity: 161679, dtype: float32)...
[2026-08-19 19:55:29][INFO] SIM_BRIDGE: Initializing STDP state for 1200 neurons...
[2026-08-19 19:55:29][INFO] SIM_BRIDGE: Simulation data initialized for 1200 neurons (3D). Synapses: 107786. GPU memory: 0.0GB/9223372036.9GB (0.0%)
[2026-08-19 19:55:29][INFO] SIM_BRIDGE: ⛔ STDP IS INERT: enable_stdp=True but runtime_state.current_time_ms is still 0.0 after 50 steps. _run_one_simulation_step() does NOT advance the clock (only step_simulation() does), so every spike shares one timestamp, delta_t==0 for every pair, and every STDP update is exactly 0.0. FIX: advance it in your loop -- `bridge.runtime_state.current_time_ms += bridge.core_config.dt_ms` after each step.
[2026-08-19 19:55:37][INFO] SIM_BRIDGE: NumPy backend (CPU (NumPy backend), 8589934592.0 GB RAM available)
[2026-08-19 19:55:37][INFO] SIM_BRIDGE: Initializing simulation data for model: IZHIKEVICH (3D)... (playback_init: False)
[2026-08-19 19:55:37][INFO] SIM_BRIDGE: RNG initialized with seed: 42
[2026-08-19 19:55:37][INFO] SIM_BRIDGE: Initializing Izhikevich model specifics for 45856 neurons...
[2026-08-19 19:55:37][INFO] SIM_BRIDGE: Applying parameter heterogeneity to neuron parameters...
[2026-08-19 19:55:37][INFO] SIM_BRIDGE: Applied heterogeneity to 4 parameters.
[2026-08-19 19:55:37][INFO] SIM_BRIDGE: Initializing OU process state (tau=15.0ms, sigma=20.0pA)...
[2026-08-19 19:55:37][INFO] SIM_BRIDGE: Generating 3D neuron positions for 45856 neurons...
[2026-08-19 19:55:37][INFO] SIM_BRIDGE: Generating connections (3D)...
[2026-08-19 19:55:37][INFO] SIM_BRIDGE: Simulation data initialized for 45856 neurons (3D). Synapses: 0. GPU memory: 0.0GB/9223372036.9GB (0.0%)
[2026-08-19 19:55:37][INFO] SIM_BRIDGE: inject_explicit_wiring: installed 720 synapses across 1 populations.
[2026-08-19 19:56:09][INFO] SIM_BRIDGE: NumPy backend (CPU (NumPy backend), 8589934592.0 GB RAM available)
[2026-08-19 19:56:09][INFO] SIM_BRIDGE: Initializing simulation data for model: IZHIKEVICH (3D)... (playback_init: False)
[2026-08-19 19:56:09][INFO] SIM_BRIDGE: Brain-region framework: 2 regions, 1800 total neurons, 3 pathways.
[2026-08-19 19:56:09][INFO] SIM_BRIDGE: RNG initialized with seed: 42
[2026-08-19 19:56:09][INFO] SIM_BRIDGE: Initializing Izhikevich model specifics for 1800 neurons...
[2026-08-19 19:56:09][INFO] SIM_BRIDGE: Applying parameter heterogeneity to neuron parameters...
[2026-08-19 19:56:09][INFO] SIM_BRIDGE: Applied heterogeneity to 4 parameters.
[2026-08-19 19:56:09][INFO] SIM_BRIDGE: Initializing OU process state (tau=15.0ms, sigma=0.0pA)...
[2026-08-19 19:56:09][INFO] SIM_BRIDGE: Generating 3D neuron positions for 1800 neurons...
[2026-08-19 19:56:09][INFO] SIM_BRIDGE: Generating connections (brain-region framework)...
[2026-08-19 19:56:10][INFO] SIM_BRIDGE: inject_explicit_wiring: installed 1619529 synapses across 3 populations.
[2026-08-19 19:56:10][INFO] SIM_BRIDGE: Simulation data initialized for 1800 neurons (3D). Synapses: 1619529. GPU memory: 0.0GB/9223372036.9GB (0.0%)
[2026-08-19 19:56:10][INFO] SIM_BRIDGE: NumPy backend (CPU (NumPy backend), 8589934592.0 GB RAM available)
[2026-08-19 19:56:10][INFO] SIM_BRIDGE: Initializing simulation data for model: IZHIKEVICH (3D)... (playback_init: False)
[2026-08-19 19:56:10][INFO] SIM_BRIDGE: RNG initialized with seed: 42
[2026-08-19 19:56:10][INFO] SIM_BRIDGE: Initializing Izhikevich model specifics for 224 neurons...
[2026-08-19 19:56:10][INFO] SIM_BRIDGE: Applying parameter heterogeneity to neuron parameters...
[2026-08-19 19:56:10][INFO] SIM_BRIDGE: Applied heterogeneity to 4 parameters.
[2026-08-19 19:56:10][INFO] SIM_BRIDGE: Initializing OU process state (tau=15.0ms, sigma=20.0pA)...
[2026-08-19 19:56:10][INFO] SIM_BRIDGE: Generating 3D neuron positions for 224 neurons...
[2026-08-19 19:56:10][INFO] SIM_BRIDGE: Generating connections (3D)...
[2026-08-19 19:56:10][INFO] SIM_BRIDGE: Simulation data initialized for 224 neurons (3D). Synapses: 0. GPU memory: 0.0GB/9223372036.9GB (0.0%)
[2026-08-19 19:56:10][INFO] SIM_BRIDGE: inject_explicit_wiring: installed 4800 synapses across 1 populations.
[2026-08-19 19:56:49][INFO] SIM_BRIDGE: NumPy backend (CPU (NumPy backend), 8589934592.0 GB RAM available)
[2026-08-19 19:56:49][INFO] SIM_BRIDGE: Initializing simulation data for model: IZHIKEVICH (3D)... (playback_init: False)
[2026-08-19 19:56:49][INFO] SIM_BRIDGE: Brain-region framework: 7 regions, 960 total neurons, 0 pathways.
[2026-08-19 19:56:49][INFO] SIM_BRIDGE: RNG initialized with seed: 42
[2026-08-19 19:56:49][INFO] SIM_BRIDGE: NMDA per-region mask: 1 regions enabled (320 neurons)
[2026-08-19 19:56:49][INFO] SIM_BRIDGE: Initializing Izhikevich model specifics for 960 neurons...
[2026-08-19 19:56:49][INFO] SIM_BRIDGE: Applying parameter heterogeneity to neuron parameters...
[2026-08-19 19:56:49][INFO] SIM_BRIDGE: Applied heterogeneity to 4 parameters.
[2026-08-19 19:56:49][INFO] SIM_BRIDGE: Initializing OU process state (tau=15.0ms, sigma=30.0pA)...
[2026-08-19 19:56:49][INFO] SIM_BRIDGE: Generating 3D neuron positions for 960 neurons...
[2026-08-19 19:56:49][INFO] SIM_BRIDGE: Generating connections (brain-region framework)...
[2026-08-19 19:56:49][WARNING] SIM_BRIDGE: inject_explicit_wiring: no synapses in plan.
[2026-08-19 19:56:49][WARNING] SIM_BRIDGE: Connection generation resulted in None. Initializing as empty matrix.
[2026-08-19 19:56:49][INFO] SIM_BRIDGE: Simulation data initialized for 960 neurons (3D). Synapses: 0. GPU memory: 0.0GB/9223372036.9GB (0.0%)
[2026-08-19 19:56:49][INFO] SIM_BRIDGE: inject_explicit_wiring: installed 140100 synapses across 17 populations.
[2026-08-19 19:56:50][INFO] SIM_BRIDGE: NumPy backend (CPU (NumPy backend), 8589934592.0 GB RAM available)
[2026-08-19 19:56:50][INFO] SIM_BRIDGE: Initializing simulation data for model: IZHIKEVICH (3D)... (playback_init: False)
[2026-08-19 19:56:50][INFO] SIM_BRIDGE: RNG initialized with seed: 42
[2026-08-19 19:56:50][INFO] SIM_BRIDGE: Initializing Izhikevich model specifics for 144 neurons...
[2026-08-19 19:56:50][INFO] SIM_BRIDGE: Applying parameter heterogeneity to neuron parameters...
[2026-08-19 19:56:50][INFO] SIM_BRIDGE: Applied heterogeneity to 4 parameters.
[2026-08-19 19:56:50][INFO] SIM_BRIDGE: Initializing OU process state (tau=15.0ms, sigma=0.0pA)...
[2026-08-19 19:56:50][INFO] SIM_BRIDGE: Generating 3D neuron positions for 144 neurons...
[2026-08-19 19:56:50][INFO] SIM_BRIDGE: Generating connections (3D)...
[2026-08-19 19:56:50][INFO] SIM_BRIDGE: Simulation data initialized for 144 neurons (3D). Synapses: 0. GPU memory: 0.0GB/9223372036.9GB (0.0%)
[2026-08-19 19:56:50][INFO] SIM_BRIDGE: NumPy backend (CPU (NumPy backend), 8589934592.0 GB RAM available)
[2026-08-19 19:56:50][INFO] SIM_BRIDGE: Initializing simulation data for model: IZHIKEVICH (3D)... (playback_init: False)
[2026-08-19 19:56:50][INFO] SIM_BRIDGE: RNG initialized with seed: 42
[2026-08-19 19:56:50][INFO] SIM_BRIDGE: Initializing Izhikevich model specifics for 2 neurons...
[2026-08-19 19:56:50][INFO] SIM_BRIDGE: Applying parameter heterogeneity to neuron parameters...
[2026-08-19 19:56:50][INFO] SIM_BRIDGE: Applied heterogeneity to 4 parameters.
[2026-08-19 19:56:50][INFO] SIM_BRIDGE: Initializing OU process state (tau=15.0ms, sigma=0.0pA)...
[2026-08-19 19:56:50][INFO] SIM_BRIDGE: Generating 3D neuron positions for 2 neurons...
[2026-08-19 19:56:50][INFO] SIM_BRIDGE: Generating connections (3D)...
[2026-08-19 19:56:50][INFO] SIM_BRIDGE: Simulation data initialized for 2 neurons (3D). Synapses: 0. GPU memory: 0.0GB/9223372036.9GB (0.0%)
[2026-08-19 19:56:57][INFO] SIM_BRIDGE: NumPy backend (CPU (NumPy backend), 8589934592.0 GB RAM available)
[2026-08-19 19:56:57][INFO] SIM_BRIDGE: Initializing simulation data for model: IZHIKEVICH (3D)... (playback_init: False)
[2026-08-19 19:56:57][INFO] SIM_BRIDGE: Brain-region framework: 2 regions, 1200 total neurons, 2 pathways.
[2026-08-19 19:56:57][INFO] SIM_BRIDGE: RNG initialized with seed: 42
[2026-08-19 19:56:57][INFO] SIM_BRIDGE: NMDA per-region mask: 2 regions enabled (1200 neurons)
[2026-08-19 19:56:57][INFO] SIM_BRIDGE: Initializing Izhikevich model specifics for 1200 neurons...
[2026-08-19 19:56:57][INFO] SIM_BRIDGE: Region 'cortex_ctx' (600 neurons): using Izh type IZH2007_HIPPO_PYRAMIDAL
[2026-08-19 19:56:57][INFO] SIM_BRIDGE: Region 'dlpfc_wm' (600 neurons): using Izh type IZH2007_HIPPO_PYRAMIDAL
[2026-08-19 19:56:57][INFO] SIM_BRIDGE: Applying parameter heterogeneity to neuron parameters...
[2026-08-19 19:56:57][INFO] SIM_BRIDGE: Applied heterogeneity to 4 parameters.
[2026-08-19 19:56:57][INFO] SIM_BRIDGE: Generating 3D neuron positions for 1200 neurons...
[2026-08-19 19:56:57][INFO] SIM_BRIDGE: Generating connections (brain-region framework)...
[2026-08-19 19:56:58][INFO] SIM_BRIDGE: inject_explicit_wiring: installed 107786 synapses across 4 populations.
[2026-08-19 19:56:58][INFO] SIM_BRIDGE: Initializing eligibility traces for 107786 synapses (capacity: 161679, dtype: float32)...
[2026-08-19 19:56:58][INFO] SIM_BRIDGE: Initializing STDP state for 1200 neurons...
[2026-08-19 19:56:58][INFO] SIM_BRIDGE: Simulation data initialized for 1200 neurons (3D). Synapses: 107786. GPU memory: 0.0GB/9223372036.9GB (0.0%)
[2026-08-19 19:56:58][INFO] SIM_BRIDGE: ⛔ STDP IS INERT: enable_stdp=True but runtime_state.current_time_ms is still 0.0 after 50 steps. _run_one_simulation_step() does NOT advance the clock (only step_simulation() does), so every spike shares one timestamp, delta_t==0 for every pair, and every STDP update is exactly 0.0. FIX: advance it in your loop -- `bridge.runtime_state.current_time_ms += bridge.core_config.dt_ms` after each step.
  [swap-drives-response      ] answer_changed=True  meta_present=True  -> DRIVER
      intact : 'On dog, then — The dog chases cat.'
      lesion : 'The dog chases cat.'
[2026-08-19 19:57:07][INFO] SIM_BRIDGE: NumPy backend (CPU (NumPy backend), 8589934592.0 GB RAM available)
[2026-08-19 19:57:07][INFO] SIM_BRIDGE: Initializing simulation data for model: IZHIKEVICH (3D)... (playback_init: False)
[2026-08-19 19:57:07][INFO] SIM_BRIDGE: RNG initialized with seed: 42
[2026-08-19 19:57:07][INFO] SIM_BRIDGE: Initializing Izhikevich model specifics for 45856 neurons...
[2026-08-19 19:57:07][INFO] SIM_BRIDGE: Applying parameter heterogeneity to neuron parameters...
[2026-08-19 19:57:07][INFO] SIM_BRIDGE: Applied heterogeneity to 4 parameters.
[2026-08-19 19:57:07][INFO] SIM_BRIDGE: Initializing OU process state (tau=15.0ms, sigma=20.0pA)...
[2026-08-19 19:57:07][INFO] SIM_BRIDGE: Generating 3D neuron positions for 45856 neurons...
[2026-08-19 19:57:07][INFO] SIM_BRIDGE: Generating connections (3D)...
[2026-08-19 19:57:07][INFO] SIM_BRIDGE: Simulation data initialized for 45856 neurons (3D). Synapses: 0. GPU memory: 0.0GB/9223372036.9GB (0.0%)
[2026-08-19 19:57:07][INFO] SIM_BRIDGE: inject_explicit_wiring: installed 720 synapses across 1 populations.
[2026-08-19 19:57:41][INFO] SIM_BRIDGE: NumPy backend (CPU (NumPy backend), 8589934592.0 GB RAM available)
[2026-08-19 19:57:41][INFO] SIM_BRIDGE: Initializing simulation data for model: IZHIKEVICH (3D)... (playback_init: False)
[2026-08-19 19:57:41][INFO] SIM_BRIDGE: Brain-region framework: 2 regions, 1800 total neurons, 3 pathways.
[2026-08-19 19:57:41][INFO] SIM_BRIDGE: RNG initialized with seed: 42
[2026-08-19 19:57:41][INFO] SIM_BRIDGE: Initializing Izhikevich model specifics for 1800 neurons...
[2026-08-19 19:57:41][INFO] SIM_BRIDGE: Applying parameter heterogeneity to neuron parameters...
[2026-08-19 19:57:41][INFO] SIM_BRIDGE: Applied heterogeneity to 4 parameters.
[2026-08-19 19:57:41][INFO] SIM_BRIDGE: Initializing OU process state (tau=15.0ms, sigma=0.0pA)...
[2026-08-19 19:57:41][INFO] SIM_BRIDGE: Generating 3D neuron positions for 1800 neurons...
[2026-08-19 19:57:41][INFO] SIM_BRIDGE: Generating connections (brain-region framework)...
[2026-08-19 19:57:43][INFO] SIM_BRIDGE: inject_explicit_wiring: installed 1619529 synapses across 3 populations.
[2026-08-19 19:57:43][INFO] SIM_BRIDGE: Simulation data initialized for 1800 neurons (3D). Synapses: 1619529. GPU memory: 0.0GB/9223372036.9GB (0.0%)
[2026-08-19 19:57:43][INFO] SIM_BRIDGE: NumPy backend (CPU (NumPy backend), 8589934592.0 GB RAM available)
[2026-08-19 19:57:43][INFO] SIM_BRIDGE: Initializing simulation data for model: IZHIKEVICH (3D)... (playback_init: False)
[2026-08-19 19:57:43][INFO] SIM_BRIDGE: RNG initialized with seed: 42
[2026-08-19 19:57:43][INFO] SIM_BRIDGE: Initializing Izhikevich model specifics for 224 neurons...
[2026-08-19 19:57:43][INFO] SIM_BRIDGE: Applying parameter heterogeneity to neuron parameters...
[2026-08-19 19:57:43][INFO] SIM_BRIDGE: Applied heterogeneity to 4 parameters.
[2026-08-19 19:57:43][INFO] SIM_BRIDGE: Initializing OU process state (tau=15.0ms, sigma=20.0pA)...
[2026-08-19 19:57:43][INFO] SIM_BRIDGE: Generating 3D neuron positions for 224 neurons...
[2026-08-19 19:57:43][INFO] SIM_BRIDGE: Generating connections (3D)...
[2026-08-19 19:57:43][INFO] SIM_BRIDGE: Simulation data initialized for 224 neurons (3D). Synapses: 0. GPU memory: 0.0GB/9223372036.9GB (0.0%)
[2026-08-19 19:57:43][INFO] SIM_BRIDGE: inject_explicit_wiring: installed 4800 synapses across 1 populations.
[2026-08-19 19:58:28][INFO] SIM_BRIDGE: NumPy backend (CPU (NumPy backend), 8589934592.0 GB RAM available)
[2026-08-19 19:58:28][INFO] SIM_BRIDGE: Initializing simulation data for model: IZHIKEVICH (3D)... (playback_init: False)
[2026-08-19 19:58:28][INFO] SIM_BRIDGE: Brain-region framework: 42 regions, 758 total neurons, 128 pathways.
[2026-08-19 19:58:28][INFO] SIM_BRIDGE: RNG initialized with seed: 42
[2026-08-19 19:58:28][INFO] SIM_BRIDGE: Initializing Izhikevich model specifics for 758 neurons...
[2026-08-19 19:58:28][INFO] SIM_BRIDGE: Region 'cortex_N' (25 neurons): using Izh type IZH2007_RS_CORTICAL_PYRAMIDAL
[2026-08-19 19:58:28][INFO] SIM_BRIDGE: Region 'cortex_E' (25 neurons): using Izh type IZH2007_RS_CORTICAL_PYRAMIDAL
[2026-08-19 19:58:28][INFO] SIM_BRIDGE: Region 'cortex_S' (25 neurons): using Izh type IZH2007_RS_CORTICAL_PYRAMIDAL
[2026-08-19 19:58:28][INFO] SIM_BRIDGE: Region 'cortex_W' (25 neurons): using Izh type IZH2007_RS_CORTICAL_PYRAMIDAL
[2026-08-19 19:58:28][INFO] SIM_BRIDGE: Region 'str_D1_N' (50 neurons): using Izh type IZH2007_STRIATAL_MSN_D1
[2026-08-19 19:58:28][INFO] SIM_BRIDGE: Region 'str_D2_N' (50 neurons): using Izh type IZH2007_STRIATAL_MSN_D2
[2026-08-19 19:58:28][INFO] SIM_BRIDGE: Region 'str_D1_E' (50 neurons): using Izh type IZH2007_STRIATAL_MSN_D1
[2026-08-19 19:58:28][INFO] SIM_BRIDGE: Region 'str_D2_E' (50 neurons): using Izh type IZH2007_STRIATAL_MSN_D2
[2026-08-19 19:58:28][INFO] SIM_BRIDGE: Region 'str_D1_S' (50 neurons): using Izh type IZH2007_STRIATAL_MSN_D1
[2026-08-19 19:58:28][INFO] SIM_BRIDGE: Region 'str_D2_S' (50 neurons): using Izh type IZH2007_STRIATAL_MSN_D2
[2026-08-19 19:58:28][INFO] SIM_BRIDGE: Region 'str_D1_W' (50 neurons): using Izh type IZH2007_STRIATAL_MSN_D1
[2026-08-19 19:58:28][INFO] SIM_BRIDGE: Region 'str_D2_W' (50 neurons): using Izh type IZH2007_STRIATAL_MSN_D2
[2026-08-19 19:58:28][INFO] SIM_BRIDGE: Region 'str_PV_FSI_N' (5 neurons): using Izh type IZH2007_FS_CORTICAL_INTERNEURON
[2026-08-19 19:58:28][INFO] SIM_BRIDGE: Region 'str_PV_FSI_E' (5 neurons): using Izh type IZH2007_FS_CORTICAL_INTERNEURON
[2026-08-19 19:58:28][INFO] SIM_BRIDGE: Region 'str_PV_FSI_S' (5 neurons): using Izh type IZH2007_FS_CORTICAL_INTERNEURON
[2026-08-19 19:58:28][INFO] SIM_BRIDGE: Region 'str_PV_FSI_W' (5 neurons): using Izh type IZH2007_FS_CORTICAL_INTERNEURON
[2026-08-19 19:58:28][INFO] SIM_BRIDGE: Region 'gpe_N' (10 neurons): using Izh type IZH2007_GPE_PACEMAKER
[2026-08-19 19:58:28][INFO] SIM_BRIDGE: Region 'gpe_arky_N' (4 neurons): using Izh type IZH2007_GPE_PACEMAKER
[2026-08-19 19:58:28][INFO] SIM_BRIDGE: Region 'gpi_N' (10 neurons): using Izh type IZH2007_GPI_OUTPUT
[2026-08-19 19:58:28][INFO] SIM_BRIDGE: Region 'str_striosome_N' (8 neurons): using Izh type IZH2007_STRIATAL_MSN_D1
[2026-08-19 19:58:28][INFO] SIM_BRIDGE: Region 'gpe_E' (10 neurons): using Izh type IZH2007_GPE_PACEMAKER
[2026-08-19 19:58:28][INFO] SIM_BRIDGE: Region 'gpe_arky_E' (4 neurons): using Izh type IZH2007_GPE_PACEMAKER
[2026-08-19 19:58:28][INFO] SIM_BRIDGE: Region 'gpi_E' (10 neurons): using Izh type IZH2007_GPI_OUTPUT
[2026-08-19 19:58:28][INFO] SIM_BRIDGE: Region 'str_striosome_E' (8 neurons): using Izh type IZH2007_STRIATAL_MSN_D1
[2026-08-19 19:58:28][INFO] SIM_BRIDGE: Region 'gpe_S' (10 neurons): using Izh type IZH2007_GPE_PACEMAKER
[2026-08-19 19:58:28][INFO] SIM_BRIDGE: Region 'gpe_arky_S' (4 neurons): using Izh type IZH2007_GPE_PACEMAKER
[2026-08-19 19:58:28][INFO] SIM_BRIDGE: Region 'gpi_S' (10 neurons): using Izh type IZH2007_GPI_OUTPUT
[2026-08-19 19:58:28][INFO] SIM_BRIDGE: Region 'str_striosome_S' (8 neurons): using Izh type IZH2007_STRIATAL_MSN_D1
[2026-08-19 19:58:28][INFO] SIM_BRIDGE: Region 'gpe_W' (10 neurons): using Izh type IZH2007_GPE_PACEMAKER
[2026-08-19 19:58:28][INFO] SIM_BRIDGE: Region 'gpe_arky_W' (4 neurons): using Izh type IZH2007_GPE_PACEMAKER
[2026-08-19 19:58:28][INFO] SIM_BRIDGE: Region 'gpi_W' (10 neurons): using Izh type IZH2007_GPI_OUTPUT
[2026-08-19 19:58:28][INFO] SIM_BRIDGE: Region 'str_striosome_W' (8 neurons): using Izh type IZH2007_STRIATAL_MSN_D1
[2026-08-19 19:58:28][INFO] SIM_BRIDGE: Region 'stn' (20 neurons): using Izh type IZH2007_STN_BURST
[2026-08-19 19:58:28][INFO] SIM_BRIDGE: Region 'thal_N' (10 neurons): using Izh type IZH2007_THALAMIC_RELAY
[2026-08-19 19:58:28][INFO] SIM_BRIDGE: Region 'motor_N' (10 neurons): using Izh type IZH2007_RS_CORTICAL_PYRAMIDAL
[2026-08-19 19:58:28][INFO] SIM_BRIDGE: Region 'thal_E' (10 neurons): using Izh type IZH2007_THALAMIC_RELAY
[2026-08-19 19:58:28][INFO] SIM_BRIDGE: Region 'motor_E' (10 neurons): using Izh type IZH2007_RS_CORTICAL_PYRAMIDAL
[2026-08-19 19:58:28][INFO] SIM_BRIDGE: Region 'thal_S' (10 neurons): using Izh type IZH2007_THALAMIC_RELAY
[2026-08-19 19:58:28][INFO] SIM_BRIDGE: Region 'motor_S' (10 neurons): using Izh type IZH2007_RS_CORTICAL_PYRAMIDAL
[2026-08-19 19:58:28][INFO] SIM_BRIDGE: Region 'thal_W' (10 neurons): using Izh type IZH2007_THALAMIC_RELAY
[2026-08-19 19:58:28][INFO] SIM_BRIDGE: Region 'motor_W' (10 neurons): using Izh type IZH2007_RS_CORTICAL_PYRAMIDAL
[2026-08-19 19:58:28][INFO] SIM_BRIDGE: Region 'snc' (10 neurons): using Izh type IZH2007_DOPAMINE
[2026-08-19 19:58:28][INFO] SIM_BRIDGE: Generating 3D neuron positions for 758 neurons...
[2026-08-19 19:58:28][INFO] SIM_BRIDGE: Generating connections (brain-region framework)...
[2026-08-19 19:58:28][INFO] SIM_BRIDGE: inject_explicit_wiring: installed 32839 synapses across 128 populations.
[2026-08-19 19:58:28][INFO] SIM_BRIDGE: Simulation data initialized for 758 neurons (3D). Synapses: 32839. GPU memory: 0.0GB/9223372036.9GB (0.0%)
[2026-08-19 19:58:30][INFO] SIM_BRIDGE: NumPy backend (CPU (NumPy backend), 8589934592.0 GB RAM available)
[2026-08-19 19:58:30][INFO] SIM_BRIDGE: Initializing simulation data for model: IZHIKEVICH (3D)... (playback_init: False)
[2026-08-19 19:58:30][INFO] SIM_BRIDGE: RNG initialized with seed: 42
[2026-08-19 19:58:30][INFO] SIM_BRIDGE: Initializing Izhikevich model specifics for 144 neurons...
[2026-08-19 19:58:30][INFO] SIM_BRIDGE: Applying parameter heterogeneity to neuron parameters...
[2026-08-19 19:58:30][INFO] SIM_BRIDGE: Applied heterogeneity to 4 parameters.
[2026-08-19 19:58:30][INFO] SIM_BRIDGE: Initializing OU process state (tau=15.0ms, sigma=0.0pA)...
[2026-08-19 19:58:30][INFO] SIM_BRIDGE: Generating 3D neuron positions for 144 neurons...
[2026-08-19 19:58:30][INFO] SIM_BRIDGE: Generating connections (3D)...
[2026-08-19 19:58:30][INFO] SIM_BRIDGE: Simulation data initialized for 144 neurons (3D). Synapses: 0. GPU memory: 0.0GB/9223372036.9GB (0.0%)
[2026-08-19 19:58:30][INFO] SIM_BRIDGE: NumPy backend (CPU (NumPy backend), 8589934592.0 GB RAM available)
[2026-08-19 19:58:30][INFO] SIM_BRIDGE: Initializing simulation data for model: IZHIKEVICH (3D)... (playback_init: False)
[2026-08-19 19:58:30][INFO] SIM_BRIDGE: RNG initialized with seed: 42
[2026-08-19 19:58:30][INFO] SIM_BRIDGE: Initializing Izhikevich model specifics for 2 neurons...
[2026-08-19 19:58:30][INFO] SIM_BRIDGE: Applying parameter heterogeneity to neuron parameters...
[2026-08-19 19:58:30][INFO] SIM_BRIDGE: Applied heterogeneity to 4 parameters.
[2026-08-19 19:58:30][INFO] SIM_BRIDGE: Initializing OU process state (tau=15.0ms, sigma=0.0pA)...
[2026-08-19 19:58:30][INFO] SIM_BRIDGE: Generating 3D neuron positions for 2 neurons...
[2026-08-19 19:58:30][INFO] SIM_BRIDGE: Generating connections (3D)...
[2026-08-19 19:58:30][INFO] SIM_BRIDGE: Simulation data initialized for 2 neurons (3D). Synapses: 0. GPU memory: 0.0GB/9223372036.9GB (0.0%)
[2026-08-19 19:58:32][INFO] SIM_BRIDGE: NumPy backend (CPU (NumPy backend), 8589934592.0 GB RAM available)
[2026-08-19 19:58:32][INFO] SIM_BRIDGE: Initializing simulation data for model: IZHIKEVICH (3D)... (playback_init: False)
[2026-08-19 19:58:32][INFO] SIM_BRIDGE: Brain-region framework: 2 regions, 1200 total neurons, 2 pathways.
[2026-08-19 19:58:32][INFO] SIM_BRIDGE: RNG initialized with seed: 42
[2026-08-19 19:58:32][INFO] SIM_BRIDGE: NMDA per-region mask: 2 regions enabled (1200 neurons)
[2026-08-19 19:58:32][INFO] SIM_BRIDGE: Initializing Izhikevich model specifics for 1200 neurons...
[2026-08-19 19:58:32][INFO] SIM_BRIDGE: Region 'cortex_ctx' (600 neurons): using Izh type IZH2007_HIPPO_PYRAMIDAL
[2026-08-19 19:58:32][INFO] SIM_BRIDGE: Region 'dlpfc_wm' (600 neurons): using Izh type IZH2007_HIPPO_PYRAMIDAL
[2026-08-19 19:58:32][INFO] SIM_BRIDGE: Applying parameter heterogeneity to neuron parameters...
[2026-08-19 19:58:32][INFO] SIM_BRIDGE: Applied heterogeneity to 4 parameters.
[2026-08-19 19:58:32][INFO] SIM_BRIDGE: Generating 3D neuron positions for 1200 neurons...
[2026-08-19 19:58:32][INFO] SIM_BRIDGE: Generating connections (brain-region framework)...
[2026-08-19 19:58:32][INFO] SIM_BRIDGE: inject_explicit_wiring: installed 107786 synapses across 4 populations.
[2026-08-19 19:58:32][INFO] SIM_BRIDGE: Initializing eligibility traces for 107786 synapses (capacity: 161679, dtype: float32)...
[2026-08-19 19:58:32][INFO] SIM_BRIDGE: Initializing STDP state for 1200 neurons...
[2026-08-19 19:58:32][INFO] SIM_BRIDGE: Simulation data initialized for 1200 neurons (3D). Synapses: 107786. GPU memory: 0.0GB/9223372036.9GB (0.0%)
[2026-08-19 19:58:33][INFO] SIM_BRIDGE: ⛔ STDP IS INERT: enable_stdp=True but runtime_state.current_time_ms is still 0.0 after 50 steps. _run_one_simulation_step() does NOT advance the clock (only step_simulation() does), so every spike shares one timestamp, delta_t==0 for every pair, and every STDP update is exactly 0.0. FIX: advance it in your loop -- `bridge.runtime_state.current_time_ms += bridge.core_config.dt_ms` after each step.
[2026-08-19 19:58:43][INFO] SIM_BRIDGE: NumPy backend (CPU (NumPy backend), 8589934592.0 GB RAM available)
[2026-08-19 19:58:43][INFO] SIM_BRIDGE: Initializing simulation data for model: IZHIKEVICH (3D)... (playback_init: False)
[2026-08-19 19:58:43][INFO] SIM_BRIDGE: RNG initialized with seed: 42
[2026-08-19 19:58:43][INFO] SIM_BRIDGE: Initializing Izhikevich model specifics for 45856 neurons...
[2026-08-19 19:58:43][INFO] SIM_BRIDGE: Applying parameter heterogeneity to neuron parameters...
[2026-08-19 19:58:43][INFO] SIM_BRIDGE: Applied heterogeneity to 4 parameters.
[2026-08-19 19:58:43][INFO] SIM_BRIDGE: Initializing OU process state (tau=15.0ms, sigma=20.0pA)...
[2026-08-19 19:58:43][INFO] SIM_BRIDGE: Generating 3D neuron positions for 45856 neurons...
[2026-08-19 19:58:43][INFO] SIM_BRIDGE: Generating connections (3D)...
[2026-08-19 19:58:43][INFO] SIM_BRIDGE: Simulation data initialized for 45856 neurons (3D). Synapses: 0. GPU memory: 0.0GB/9223372036.9GB (0.0%)
[2026-08-19 19:58:43][INFO] SIM_BRIDGE: inject_explicit_wiring: installed 720 synapses across 1 populations.
[2026-08-19 19:59:17][INFO] SIM_BRIDGE: NumPy backend (CPU (NumPy backend), 8589934592.0 GB RAM available)
[2026-08-19 19:59:17][INFO] SIM_BRIDGE: Initializing simulation data for model: IZHIKEVICH (3D)... (playback_init: False)
[2026-08-19 19:59:17][INFO] SIM_BRIDGE: Brain-region framework: 2 regions, 1800 total neurons, 3 pathways.
[2026-08-19 19:59:17][INFO] SIM_BRIDGE: RNG initialized with seed: 42
[2026-08-19 19:59:17][INFO] SIM_BRIDGE: Initializing Izhikevich model specifics for 1800 neurons...
[2026-08-19 19:59:17][INFO] SIM_BRIDGE: Applying parameter heterogeneity to neuron parameters...
[2026-08-19 19:59:17][INFO] SIM_BRIDGE: Applied heterogeneity to 4 parameters.
[2026-08-19 19:59:17][INFO] SIM_BRIDGE: Initializing OU process state (tau=15.0ms, sigma=0.0pA)...
[2026-08-19 19:59:17][INFO] SIM_BRIDGE: Generating 3D neuron positions for 1800 neurons...
[2026-08-19 19:59:17][INFO] SIM_BRIDGE: Generating connections (brain-region framework)...
[2026-08-19 19:59:19][INFO] SIM_BRIDGE: inject_explicit_wiring: installed 1619529 synapses across 3 populations.
[2026-08-19 19:59:19][INFO] SIM_BRIDGE: Simulation data initialized for 1800 neurons (3D). Synapses: 1619529. GPU memory: 0.0GB/9223372036.9GB (0.0%)
[2026-08-19 19:59:19][INFO] SIM_BRIDGE: NumPy backend (CPU (NumPy backend), 8589934592.0 GB RAM available)
[2026-08-19 19:59:19][INFO] SIM_BRIDGE: Initializing simulation data for model: IZHIKEVICH (3D)... (playback_init: False)
[2026-08-19 19:59:19][INFO] SIM_BRIDGE: RNG initialized with seed: 42
[2026-08-19 19:59:19][INFO] SIM_BRIDGE: Initializing Izhikevich model specifics for 224 neurons...
[2026-08-19 19:59:19][INFO] SIM_BRIDGE: Applying parameter heterogeneity to neuron parameters...
[2026-08-19 19:59:19][INFO] SIM_BRIDGE: Applied heterogeneity to 4 parameters.
[2026-08-19 19:59:19][INFO] SIM_BRIDGE: Initializing OU process state (tau=15.0ms, sigma=20.0pA)...
[2026-08-19 19:59:19][INFO] SIM_BRIDGE: Generating 3D neuron positions for 224 neurons...
[2026-08-19 19:59:19][INFO] SIM_BRIDGE: Generating connections (3D)...
[2026-08-19 19:59:19][INFO] SIM_BRIDGE: Simulation data initialized for 224 neurons (3D). Synapses: 0. GPU memory: 0.0GB/9223372036.9GB (0.0%)
[2026-08-19 19:59:19][INFO] SIM_BRIDGE: inject_explicit_wiring: installed 4800 synapses across 1 populations.
[2026-08-19 20:00:00][INFO] SIM_BRIDGE: NumPy backend (CPU (NumPy backend), 8589934592.0 GB RAM available)
[2026-08-19 20:00:00][INFO] SIM_BRIDGE: Initializing simulation data for model: IZHIKEVICH (3D)... (playback_init: False)
[2026-08-19 20:00:00][INFO] SIM_BRIDGE: Brain-region framework: 42 regions, 758 total neurons, 128 pathways.
[2026-08-19 20:00:00][INFO] SIM_BRIDGE: RNG initialized with seed: 42
[2026-08-19 20:00:00][INFO] SIM_BRIDGE: Initializing Izhikevich model specifics for 758 neurons...
[2026-08-19 20:00:00][INFO] SIM_BRIDGE: Region 'cortex_N' (25 neurons): using Izh type IZH2007_RS_CORTICAL_PYRAMIDAL
[2026-08-19 20:00:00][INFO] SIM_BRIDGE: Region 'cortex_E' (25 neurons): using Izh type IZH2007_RS_CORTICAL_PYRAMIDAL
[2026-08-19 20:00:00][INFO] SIM_BRIDGE: Region 'cortex_S' (25 neurons): using Izh type IZH2007_RS_CORTICAL_PYRAMIDAL
[2026-08-19 20:00:00][INFO] SIM_BRIDGE: Region 'cortex_W' (25 neurons): using Izh type IZH2007_RS_CORTICAL_PYRAMIDAL
[2026-08-19 20:00:00][INFO] SIM_BRIDGE: Region 'str_D1_N' (50 neurons): using Izh type IZH2007_STRIATAL_MSN_D1
[2026-08-19 20:00:00][INFO] SIM_BRIDGE: Region 'str_D2_N' (50 neurons): using Izh type IZH2007_STRIATAL_MSN_D2
[2026-08-19 20:00:00][INFO] SIM_BRIDGE: Region 'str_D1_E' (50 neurons): using Izh type IZH2007_STRIATAL_MSN_D1
[2026-08-19 20:00:00][INFO] SIM_BRIDGE: Region 'str_D2_E' (50 neurons): using Izh type IZH2007_STRIATAL_MSN_D2
[2026-08-19 20:00:00][INFO] SIM_BRIDGE: Region 'str_D1_S' (50 neurons): using Izh type IZH2007_STRIATAL_MSN_D1
[2026-08-19 20:00:00][INFO] SIM_BRIDGE: Region 'str_D2_S' (50 neurons): using Izh type IZH2007_STRIATAL_MSN_D2
[2026-08-19 20:00:00][INFO] SIM_BRIDGE: Region 'str_D1_W' (50 neurons): using Izh type IZH2007_STRIATAL_MSN_D1
[2026-08-19 20:00:00][INFO] SIM_BRIDGE: Region 'str_D2_W' (50 neurons): using Izh type IZH2007_STRIATAL_MSN_D2
[2026-08-19 20:00:00][INFO] SIM_BRIDGE: Region 'str_PV_FSI_N' (5 neurons): using Izh type IZH2007_FS_CORTICAL_INTERNEURON
[2026-08-19 20:00:00][INFO] SIM_BRIDGE: Region 'str_PV_FSI_E' (5 neurons): using Izh type IZH2007_FS_CORTICAL_INTERNEURON
[2026-08-19 20:00:00][INFO] SIM_BRIDGE: Region 'str_PV_FSI_S' (5 neurons): using Izh type IZH2007_FS_CORTICAL_INTERNEURON
[2026-08-19 20:00:00][INFO] SIM_BRIDGE: Region 'str_PV_FSI_W' (5 neurons): using Izh type IZH2007_FS_CORTICAL_INTERNEURON
[2026-08-19 20:00:00][INFO] SIM_BRIDGE: Region 'gpe_N' (10 neurons): using Izh type IZH2007_GPE_PACEMAKER
[2026-08-19 20:00:00][INFO] SIM_BRIDGE: Region 'gpe_arky_N' (4 neurons): using Izh type IZH2007_GPE_PACEMAKER
[2026-08-19 20:00:00][INFO] SIM_BRIDGE: Region 'gpi_N' (10 neurons): using Izh type IZH2007_GPI_OUTPUT
[2026-08-19 20:00:00][INFO] SIM_BRIDGE: Region 'str_striosome_N' (8 neurons): using Izh type IZH2007_STRIATAL_MSN_D1
[2026-08-19 20:00:00][INFO] SIM_BRIDGE: Region 'gpe_E' (10 neurons): using Izh type IZH2007_GPE_PACEMAKER
[2026-08-19 20:00:00][INFO] SIM_BRIDGE: Region 'gpe_arky_E' (4 neurons): using Izh type IZH2007_GPE_PACEMAKER
[2026-08-19 20:00:00][INFO] SIM_BRIDGE: Region 'gpi_E' (10 neurons): using Izh type IZH2007_GPI_OUTPUT
[2026-08-19 20:00:00][INFO] SIM_BRIDGE: Region 'str_striosome_E' (8 neurons): using Izh type IZH2007_STRIATAL_MSN_D1
[2026-08-19 20:00:00][INFO] SIM_BRIDGE: Region 'gpe_S' (10 neurons): using Izh type IZH2007_GPE_PACEMAKER
[2026-08-19 20:00:00][INFO] SIM_BRIDGE: Region 'gpe_arky_S' (4 neurons): using Izh type IZH2007_GPE_PACEMAKER
[2026-08-19 20:00:00][INFO] SIM_BRIDGE: Region 'gpi_S' (10 neurons): using Izh type IZH2007_GPI_OUTPUT
[2026-08-19 20:00:00][INFO] SIM_BRIDGE: Region 'str_striosome_S' (8 neurons): using Izh type IZH2007_STRIATAL_MSN_D1
[2026-08-19 20:00:00][INFO] SIM_BRIDGE: Region 'gpe_W' (10 neurons): using Izh type IZH2007_GPE_PACEMAKER
[2026-08-19 20:00:00][INFO] SIM_BRIDGE: Region 'gpe_arky_W' (4 neurons): using Izh type IZH2007_GPE_PACEMAKER
[2026-08-19 20:00:00][INFO] SIM_BRIDGE: Region 'gpi_W' (10 neurons): using Izh type IZH2007_GPI_OUTPUT
[2026-08-19 20:00:00][INFO] SIM_BRIDGE: Region 'str_striosome_W' (8 neurons): using Izh type IZH2007_STRIATAL_MSN_D1
[2026-08-19 20:00:00][INFO] SIM_BRIDGE: Region 'stn' (20 neurons): using Izh type IZH2007_STN_BURST
[2026-08-19 20:00:00][INFO] SIM_BRIDGE: Region 'thal_N' (10 neurons): using Izh type IZH2007_THALAMIC_RELAY
[2026-08-19 20:00:00][INFO] SIM_BRIDGE: Region 'motor_N' (10 neurons): using Izh type IZH2007_RS_CORTICAL_PYRAMIDAL
[2026-08-19 20:00:00][INFO] SIM_BRIDGE: Region 'thal_E' (10 neurons): using Izh type IZH2007_THALAMIC_RELAY
[2026-08-19 20:00:00][INFO] SIM_BRIDGE: Region 'motor_E' (10 neurons): using Izh type IZH2007_RS_CORTICAL_PYRAMIDAL
[2026-08-19 20:00:00][INFO] SIM_BRIDGE: Region 'thal_S' (10 neurons): using Izh type IZH2007_THALAMIC_RELAY
[2026-08-19 20:00:00][INFO] SIM_BRIDGE: Region 'motor_S' (10 neurons): using Izh type IZH2007_RS_CORTICAL_PYRAMIDAL
[2026-08-19 20:00:00][INFO] SIM_BRIDGE: Region 'thal_W' (10 neurons): using Izh type IZH2007_THALAMIC_RELAY
[2026-08-19 20:00:00][INFO] SIM_BRIDGE: Region 'motor_W' (10 neurons): using Izh type IZH2007_RS_CORTICAL_PYRAMIDAL
[2026-08-19 20:00:00][INFO] SIM_BRIDGE: Region 'snc' (10 neurons): using Izh type IZH2007_DOPAMINE
[2026-08-19 20:00:00][INFO] SIM_BRIDGE: Generating 3D neuron positions for 758 neurons...
[2026-08-19 20:00:00][INFO] SIM_BRIDGE: Generating connections (brain-region framework)...
[2026-08-19 20:00:00][INFO] SIM_BRIDGE: inject_explicit_wiring: installed 32839 synapses across 128 populations.
[2026-08-19 20:00:00][INFO] SIM_BRIDGE: Simulation data initialized for 758 neurons (3D). Synapses: 32839. GPU memory: 0.0GB/9223372036.9GB (0.0%)
[2026-08-19 20:00:02][INFO] SIM_BRIDGE: NumPy backend (CPU (NumPy backend), 8589934592.0 GB RAM available)
[2026-08-19 20:00:02][INFO] SIM_BRIDGE: Initializing simulation data for model: IZHIKEVICH (3D)... (playback_init: False)
[2026-08-19 20:00:02][INFO] SIM_BRIDGE: RNG initialized with seed: 42
[2026-08-19 20:00:02][INFO] SIM_BRIDGE: Initializing Izhikevich model specifics for 144 neurons...
[2026-08-19 20:00:02][INFO] SIM_BRIDGE: Applying parameter heterogeneity to neuron parameters...
[2026-08-19 20:00:02][INFO] SIM_BRIDGE: Applied heterogeneity to 4 parameters.
[2026-08-19 20:00:02][INFO] SIM_BRIDGE: Initializing OU process state (tau=15.0ms, sigma=0.0pA)...
[2026-08-19 20:00:02][INFO] SIM_BRIDGE: Generating 3D neuron positions for 144 neurons...
[2026-08-19 20:00:02][INFO] SIM_BRIDGE: Generating connections (3D)...
[2026-08-19 20:00:02][INFO] SIM_BRIDGE: Simulation data initialized for 144 neurons (3D). Synapses: 0. GPU memory: 0.0GB/9223372036.9GB (0.0%)
[2026-08-19 20:00:02][INFO] SIM_BRIDGE: NumPy backend (CPU (NumPy backend), 8589934592.0 GB RAM available)
[2026-08-19 20:00:02][INFO] SIM_BRIDGE: Initializing simulation data for model: IZHIKEVICH (3D)... (playback_init: False)
[2026-08-19 20:00:02][INFO] SIM_BRIDGE: RNG initialized with seed: 42
[2026-08-19 20:00:02][INFO] SIM_BRIDGE: Initializing Izhikevich model specifics for 2 neurons...
[2026-08-19 20:00:02][INFO] SIM_BRIDGE: Applying parameter heterogeneity to neuron parameters...
[2026-08-19 20:00:02][INFO] SIM_BRIDGE: Applied heterogeneity to 4 parameters.
[2026-08-19 20:00:02][INFO] SIM_BRIDGE: Initializing OU process state (tau=15.0ms, sigma=0.0pA)...
[2026-08-19 20:00:02][INFO] SIM_BRIDGE: Generating 3D neuron positions for 2 neurons...
[2026-08-19 20:00:02][INFO] SIM_BRIDGE: Generating connections (3D)...
[2026-08-19 20:00:02][INFO] SIM_BRIDGE: Simulation data initialized for 2 neurons (3D). Synapses: 0. GPU memory: 0.0GB/9223372036.9GB (0.0%)
[2026-08-19 20:00:04][INFO] SIM_BRIDGE: NumPy backend (CPU (NumPy backend), 8589934592.0 GB RAM available)
[2026-08-19 20:00:04][INFO] SIM_BRIDGE: Initializing simulation data for model: IZHIKEVICH (3D)... (playback_init: False)
[2026-08-19 20:00:04][INFO] SIM_BRIDGE: Brain-region framework: 2 regions, 1200 total neurons, 2 pathways.
[2026-08-19 20:00:04][INFO] SIM_BRIDGE: RNG initialized with seed: 42
[2026-08-19 20:00:04][INFO] SIM_BRIDGE: NMDA per-region mask: 2 regions enabled (1200 neurons)
[2026-08-19 20:00:04][INFO] SIM_BRIDGE: Initializing Izhikevich model specifics for 1200 neurons...
[2026-08-19 20:00:04][INFO] SIM_BRIDGE: Region 'cortex_ctx' (600 neurons): using Izh type IZH2007_HIPPO_PYRAMIDAL
[2026-08-19 20:00:04][INFO] SIM_BRIDGE: Region 'dlpfc_wm' (600 neurons): using Izh type IZH2007_HIPPO_PYRAMIDAL
[2026-08-19 20:00:04][INFO] SIM_BRIDGE: Applying parameter heterogeneity to neuron parameters...
[2026-08-19 20:00:04][INFO] SIM_BRIDGE: Applied heterogeneity to 4 parameters.
[2026-08-19 20:00:04][INFO] SIM_BRIDGE: Generating 3D neuron positions for 1200 neurons...
[2026-08-19 20:00:04][INFO] SIM_BRIDGE: Generating connections (brain-region framework)...
[2026-08-19 20:00:04][INFO] SIM_BRIDGE: inject_explicit_wiring: installed 107786 synapses across 4 populations.
[2026-08-19 20:00:04][INFO] SIM_BRIDGE: Initializing eligibility traces for 107786 synapses (capacity: 161679, dtype: float32)...
[2026-08-19 20:00:04][INFO] SIM_BRIDGE: Initializing STDP state for 1200 neurons...
[2026-08-19 20:00:04][INFO] SIM_BRIDGE: Simulation data initialized for 1200 neurons (3D). Synapses: 107786. GPU memory: 0.0GB/9223372036.9GB (0.0%)
[2026-08-19 20:00:05][INFO] SIM_BRIDGE: ⛔ STDP IS INERT: enable_stdp=True but runtime_state.current_time_ms is still 0.0 after 50 steps. _run_one_simulation_step() does NOT advance the clock (only step_simulation() does), so every spike shares one timestamp, delta_t==0 for every pair, and every STDP update is exactly 0.0. FIX: advance it in your loop -- `bridge.runtime_state.current_time_ms += bridge.core_config.dt_ms` after each step.
  [da-mode-drives-response   ] answer_changed=True  meta_present=True  -> DRIVER
      intact : "The dog chases cat. — there's plenty more to dig into here!"
      lesion : 'The dog chases cat.'
[2026-08-19 20:00:13][INFO] SIM_BRIDGE: NumPy backend (CPU (NumPy backend), 8589934592.0 GB RAM available)
[2026-08-19 20:00:13][INFO] SIM_BRIDGE: Initializing simulation data for model: IZHIKEVICH (3D)... (playback_init: False)
[2026-08-19 20:00:13][INFO] SIM_BRIDGE: RNG initialized with seed: 42
[2026-08-19 20:00:13][INFO] SIM_BRIDGE: Initializing Izhikevich model specifics for 45856 neurons...
[2026-08-19 20:00:13][INFO] SIM_BRIDGE: Applying parameter heterogeneity to neuron parameters...
[2026-08-19 20:00:13][INFO] SIM_BRIDGE: Applied heterogeneity to 4 parameters.
[2026-08-19 20:00:13][INFO] SIM_BRIDGE: Initializing OU process state (tau=15.0ms, sigma=20.0pA)...
[2026-08-19 20:00:13][INFO] SIM_BRIDGE: Generating 3D neuron positions for 45856 neurons...
[2026-08-19 20:00:13][INFO] SIM_BRIDGE: Generating connections (3D)...
[2026-08-19 20:00:13][INFO] SIM_BRIDGE: Simulation data initialized for 45856 neurons (3D). Synapses: 0. GPU memory: 0.0GB/9223372036.9GB (0.0%)
[2026-08-19 20:00:13][INFO] SIM_BRIDGE: inject_explicit_wiring: installed 720 synapses across 1 populations.
[2026-08-19 20:00:48][INFO] SIM_BRIDGE: NumPy backend (CPU (NumPy backend), 8589934592.0 GB RAM available)
[2026-08-19 20:00:48][INFO] SIM_BRIDGE: Initializing simulation data for model: IZHIKEVICH (3D)... (playback_init: False)
[2026-08-19 20:00:48][INFO] SIM_BRIDGE: Brain-region framework: 2 regions, 1800 total neurons, 3 pathways.
[2026-08-19 20:00:48][INFO] SIM_BRIDGE: RNG initialized with seed: 42
[2026-08-19 20:00:48][INFO] SIM_BRIDGE: Initializing Izhikevich model specifics for 1800 neurons...
[2026-08-19 20:00:48][INFO] SIM_BRIDGE: Applying parameter heterogeneity to neuron parameters...
[2026-08-19 20:00:48][INFO] SIM_BRIDGE: Applied heterogeneity to 4 parameters.
[2026-08-19 20:00:48][INFO] SIM_BRIDGE: Initializing OU process state (tau=15.0ms, sigma=0.0pA)...
[2026-08-19 20:00:48][INFO] SIM_BRIDGE: Generating 3D neuron positions for 1800 neurons...
[2026-08-19 20:00:48][INFO] SIM_BRIDGE: Generating connections (brain-region framework)...
[2026-08-19 20:00:49][INFO] SIM_BRIDGE: inject_explicit_wiring: installed 1619529 synapses across 3 populations.
[2026-08-19 20:00:49][INFO] SIM_BRIDGE: Simulation data initialized for 1800 neurons (3D). Synapses: 1619529. GPU memory: 0.0GB/9223372036.9GB (0.0%)
[2026-08-19 20:00:49][INFO] SIM_BRIDGE: NumPy backend (CPU (NumPy backend), 8589934592.0 GB RAM available)
[2026-08-19 20:00:49][INFO] SIM_BRIDGE: Initializing simulation data for model: IZHIKEVICH (3D)... (playback_init: False)
[2026-08-19 20:00:49][INFO] SIM_BRIDGE: RNG initialized with seed: 42
[2026-08-19 20:00:49][INFO] SIM_BRIDGE: Initializing Izhikevich model specifics for 224 neurons...
[2026-08-19 20:00:49][INFO] SIM_BRIDGE: Applying parameter heterogeneity to neuron parameters...
[2026-08-19 20:00:49][INFO] SIM_BRIDGE: Applied heterogeneity to 4 parameters.
[2026-08-19 20:00:49][INFO] SIM_BRIDGE: Initializing OU process state (tau=15.0ms, sigma=20.0pA)...
[2026-08-19 20:00:49][INFO] SIM_BRIDGE: Generating 3D neuron positions for 224 neurons...
[2026-08-19 20:00:49][INFO] SIM_BRIDGE: Generating connections (3D)...
[2026-08-19 20:00:49][INFO] SIM_BRIDGE: Simulation data initialized for 224 neurons (3D). Synapses: 0. GPU memory: 0.0GB/9223372036.9GB (0.0%)
[2026-08-19 20:00:49][INFO] SIM_BRIDGE: inject_explicit_wiring: installed 4800 synapses across 1 populations.
[2026-08-19 20:01:41][INFO] SIM_BRIDGE: NumPy backend (CPU (NumPy backend), 8589934592.0 GB RAM available)
[2026-08-19 20:01:41][INFO] SIM_BRIDGE: Initializing simulation data for model: IZHIKEVICH (3D)... (playback_init: False)
[2026-08-19 20:01:41][INFO] SIM_BRIDGE: RNG initialized with seed: 42
[2026-08-19 20:01:41][INFO] SIM_BRIDGE: Initializing Izhikevich model specifics for 144 neurons...
[2026-08-19 20:01:41][INFO] SIM_BRIDGE: Applying parameter heterogeneity to neuron parameters...
[2026-08-19 20:01:41][INFO] SIM_BRIDGE: Applied heterogeneity to 4 parameters.
[2026-08-19 20:01:41][INFO] SIM_BRIDGE: Initializing OU process state (tau=15.0ms, sigma=0.0pA)...
[2026-08-19 20:01:41][INFO] SIM_BRIDGE: Generating 3D neuron positions for 144 neurons...
[2026-08-19 20:01:41][INFO] SIM_BRIDGE: Generating connections (3D)...
[2026-08-19 20:01:41][INFO] SIM_BRIDGE: Simulation data initialized for 144 neurons (3D). Synapses: 0. GPU memory: 0.0GB/9223372036.9GB (0.0%)
[2026-08-19 20:01:41][INFO] SIM_BRIDGE: NumPy backend (CPU (NumPy backend), 8589934592.0 GB RAM available)
[2026-08-19 20:01:41][INFO] SIM_BRIDGE: Initializing simulation data for model: IZHIKEVICH (3D)... (playback_init: False)
[2026-08-19 20:01:41][INFO] SIM_BRIDGE: RNG initialized with seed: 42
[2026-08-19 20:01:41][INFO] SIM_BRIDGE: Initializing Izhikevich model specifics for 2 neurons...
[2026-08-19 20:01:41][INFO] SIM_BRIDGE: Applying parameter heterogeneity to neuron parameters...
[2026-08-19 20:01:41][INFO] SIM_BRIDGE: Applied heterogeneity to 4 parameters.
[2026-08-19 20:01:41][INFO] SIM_BRIDGE: Initializing OU process state (tau=15.0ms, sigma=0.0pA)...
[2026-08-19 20:01:41][INFO] SIM_BRIDGE: Generating 3D neuron positions for 2 neurons...
[2026-08-19 20:01:41][INFO] SIM_BRIDGE: Generating connections (3D)...
[2026-08-19 20:01:41][INFO] SIM_BRIDGE: Simulation data initialized for 2 neurons (3D). Synapses: 0. GPU memory: 0.0GB/9223372036.9GB (0.0%)
[2026-08-19 20:01:43][INFO] SIM_BRIDGE: NumPy backend (CPU (NumPy backend), 8589934592.0 GB RAM available)
[2026-08-19 20:01:43][INFO] SIM_BRIDGE: Initializing simulation data for model: IZHIKEVICH (3D)... (playback_init: False)
[2026-08-19 20:01:43][INFO] SIM_BRIDGE: Brain-region framework: 2 regions, 1200 total neurons, 2 pathways.
[2026-08-19 20:01:43][INFO] SIM_BRIDGE: RNG initialized with seed: 42
[2026-08-19 20:01:43][INFO] SIM_BRIDGE: NMDA per-region mask: 2 regions enabled (1200 neurons)
[2026-08-19 20:01:43][INFO] SIM_BRIDGE: Initializing Izhikevich model specifics for 1200 neurons...
[2026-08-19 20:01:43][INFO] SIM_BRIDGE: Region 'cortex_ctx' (600 neurons): using Izh type IZH2007_HIPPO_PYRAMIDAL
[2026-08-19 20:01:43][INFO] SIM_BRIDGE: Region 'dlpfc_wm' (600 neurons): using Izh type IZH2007_HIPPO_PYRAMIDAL
[2026-08-19 20:01:43][INFO] SIM_BRIDGE: Applying parameter heterogeneity to neuron parameters...
[2026-08-19 20:01:43][INFO] SIM_BRIDGE: Applied heterogeneity to 4 parameters.
[2026-08-19 20:01:43][INFO] SIM_BRIDGE: Generating 3D neuron positions for 1200 neurons...
[2026-08-19 20:01:43][INFO] SIM_BRIDGE: Generating connections (brain-region framework)...
[2026-08-19 20:01:44][INFO] SIM_BRIDGE: inject_explicit_wiring: installed 107786 synapses across 4 populations.
[2026-08-19 20:01:44][INFO] SIM_BRIDGE: Initializing eligibility traces for 107786 synapses (capacity: 161679, dtype: float32)...
[2026-08-19 20:01:44][INFO] SIM_BRIDGE: Initializing STDP state for 1200 neurons...
[2026-08-19 20:01:44][INFO] SIM_BRIDGE: Simulation data initialized for 1200 neurons (3D). Synapses: 107786. GPU memory: 0.0GB/9223372036.9GB (0.0%)
[2026-08-19 20:01:44][INFO] SIM_BRIDGE: ⛔ STDP IS INERT: enable_stdp=True but runtime_state.current_time_ms is still 0.0 after 50 steps. _run_one_simulation_step() does NOT advance the clock (only step_simulation() does), so every spike shares one timestamp, delta_t==0 for every pair, and every STDP update is exactly 0.0. FIX: advance it in your loop -- `bridge.runtime_state.current_time_ms += bridge.core_config.dt_ms` after each step.
[2026-08-19 20:01:52][INFO] SIM_BRIDGE: NumPy backend (CPU (NumPy backend), 8589934592.0 GB RAM available)
[2026-08-19 20:01:52][INFO] SIM_BRIDGE: Initializing simulation data for model: IZHIKEVICH (3D)... (playback_init: False)
[2026-08-19 20:01:52][INFO] SIM_BRIDGE: RNG initialized with seed: 42
[2026-08-19 20:01:52][INFO] SIM_BRIDGE: Initializing Izhikevich model specifics for 45856 neurons...
[2026-08-19 20:01:52][INFO] SIM_BRIDGE: Applying parameter heterogeneity to neuron parameters...
[2026-08-19 20:01:52][INFO] SIM_BRIDGE: Applied heterogeneity to 4 parameters.
[2026-08-19 20:01:52][INFO] SIM_BRIDGE: Initializing OU process state (tau=15.0ms, sigma=20.0pA)...
[2026-08-19 20:01:52][INFO] SIM_BRIDGE: Generating 3D neuron positions for 45856 neurons...
[2026-08-19 20:01:52][INFO] SIM_BRIDGE: Generating connections (3D)...
[2026-08-19 20:01:52][INFO] SIM_BRIDGE: Simulation data initialized for 45856 neurons (3D). Synapses: 0. GPU memory: 0.0GB/9223372036.9GB (0.0%)
[2026-08-19 20:01:52][INFO] SIM_BRIDGE: inject_explicit_wiring: installed 720 synapses across 1 populations.
[2026-08-19 20:02:22][INFO] SIM_BRIDGE: NumPy backend (CPU (NumPy backend), 8589934592.0 GB RAM available)
[2026-08-19 20:02:22][INFO] SIM_BRIDGE: Initializing simulation data for model: IZHIKEVICH (3D)... (playback_init: False)
[2026-08-19 20:02:22][INFO] SIM_BRIDGE: Brain-region framework: 2 regions, 1800 total neurons, 3 pathways.
[2026-08-19 20:02:22][INFO] SIM_BRIDGE: RNG initialized with seed: 42
[2026-08-19 20:02:22][INFO] SIM_BRIDGE: Initializing Izhikevich model specifics for 1800 neurons...
[2026-08-19 20:02:22][INFO] SIM_BRIDGE: Applying parameter heterogeneity to neuron parameters...
[2026-08-19 20:02:22][INFO] SIM_BRIDGE: Applied heterogeneity to 4 parameters.
[2026-08-19 20:02:22][INFO] SIM_BRIDGE: Initializing OU process state (tau=15.0ms, sigma=0.0pA)...
[2026-08-19 20:02:22][INFO] SIM_BRIDGE: Generating 3D neuron positions for 1800 neurons...
[2026-08-19 20:02:22][INFO] SIM_BRIDGE: Generating connections (brain-region framework)...
[2026-08-19 20:02:23][INFO] SIM_BRIDGE: inject_explicit_wiring: installed 1619529 synapses across 3 populations.
[2026-08-19 20:02:24][INFO] SIM_BRIDGE: Simulation data initialized for 1800 neurons (3D). Synapses: 1619529. GPU memory: 0.0GB/9223372036.9GB (0.0%)
[2026-08-19 20:02:24][INFO] SIM_BRIDGE: NumPy backend (CPU (NumPy backend), 8589934592.0 GB RAM available)
[2026-08-19 20:02:24][INFO] SIM_BRIDGE: Initializing simulation data for model: IZHIKEVICH (3D)... (playback_init: False)
[2026-08-19 20:02:24][INFO] SIM_BRIDGE: RNG initialized with seed: 42
[2026-08-19 20:02:24][INFO] SIM_BRIDGE: Initializing Izhikevich model specifics for 224 neurons...
[2026-08-19 20:02:24][INFO] SIM_BRIDGE: Applying parameter heterogeneity to neuron parameters...
[2026-08-19 20:02:24][INFO] SIM_BRIDGE: Applied heterogeneity to 4 parameters.
[2026-08-19 20:02:24][INFO] SIM_BRIDGE: Initializing OU process state (tau=15.0ms, sigma=20.0pA)...
[2026-08-19 20:02:24][INFO] SIM_BRIDGE: Generating 3D neuron positions for 224 neurons...
[2026-08-19 20:02:24][INFO] SIM_BRIDGE: Generating connections (3D)...
[2026-08-19 20:02:24][INFO] SIM_BRIDGE: Simulation data initialized for 224 neurons (3D). Synapses: 0. GPU memory: 0.0GB/9223372036.9GB (0.0%)
[2026-08-19 20:02:24][INFO] SIM_BRIDGE: inject_explicit_wiring: installed 4800 synapses across 1 populations.
[2026-08-19 20:03:10][INFO] SIM_BRIDGE: NumPy backend (CPU (NumPy backend), 8589934592.0 GB RAM available)
[2026-08-19 20:03:10][INFO] SIM_BRIDGE: Initializing simulation data for model: IZHIKEVICH (3D)... (playback_init: False)
[2026-08-19 20:03:10][INFO] SIM_BRIDGE: RNG initialized with seed: 42
[2026-08-19 20:03:10][INFO] SIM_BRIDGE: Initializing Izhikevich model specifics for 144 neurons...
[2026-08-19 20:03:10][INFO] SIM_BRIDGE: Applying parameter heterogeneity to neuron parameters...
[2026-08-19 20:03:10][INFO] SIM_BRIDGE: Applied heterogeneity to 4 parameters.
[2026-08-19 20:03:10][INFO] SIM_BRIDGE: Initializing OU process state (tau=15.0ms, sigma=0.0pA)...
[2026-08-19 20:03:10][INFO] SIM_BRIDGE: Generating 3D neuron positions for 144 neurons...
[2026-08-19 20:03:10][INFO] SIM_BRIDGE: Generating connections (3D)...
[2026-08-19 20:03:10][INFO] SIM_BRIDGE: Simulation data initialized for 144 neurons (3D). Synapses: 0. GPU memory: 0.0GB/9223372036.9GB (0.0%)
[2026-08-19 20:03:10][INFO] SIM_BRIDGE: NumPy backend (CPU (NumPy backend), 8589934592.0 GB RAM available)
[2026-08-19 20:03:10][INFO] SIM_BRIDGE: Initializing simulation data for model: IZHIKEVICH (3D)... (playback_init: False)
[2026-08-19 20:03:10][INFO] SIM_BRIDGE: RNG initialized with seed: 42
[2026-08-19 20:03:10][INFO] SIM_BRIDGE: Initializing Izhikevich model specifics for 2 neurons...
[2026-08-19 20:03:10][INFO] SIM_BRIDGE: Applying parameter heterogeneity to neuron parameters...
[2026-08-19 20:03:10][INFO] SIM_BRIDGE: Applied heterogeneity to 4 parameters.
[2026-08-19 20:03:10][INFO] SIM_BRIDGE: Initializing OU process state (tau=15.0ms, sigma=0.0pA)...
[2026-08-19 20:03:10][INFO] SIM_BRIDGE: Generating 3D neuron positions for 2 neurons...
[2026-08-19 20:03:10][INFO] SIM_BRIDGE: Generating connections (3D)...
[2026-08-19 20:03:10][INFO] SIM_BRIDGE: Simulation data initialized for 2 neurons (3D). Synapses: 0. GPU memory: 0.0GB/9223372036.9GB (0.0%)
[2026-08-19 20:03:13][INFO] SIM_BRIDGE: NumPy backend (CPU (NumPy backend), 8589934592.0 GB RAM available)
[2026-08-19 20:03:13][INFO] SIM_BRIDGE: Initializing simulation data for model: IZHIKEVICH (3D)... (playback_init: False)
[2026-08-19 20:03:13][INFO] SIM_BRIDGE: Brain-region framework: 2 regions, 1200 total neurons, 2 pathways.
[2026-08-19 20:03:13][INFO] SIM_BRIDGE: RNG initialized with seed: 42
[2026-08-19 20:03:13][INFO] SIM_BRIDGE: NMDA per-region mask: 2 regions enabled (1200 neurons)
[2026-08-19 20:03:13][INFO] SIM_BRIDGE: Initializing Izhikevich model specifics for 1200 neurons...
[2026-08-19 20:03:13][INFO] SIM_BRIDGE: Region 'cortex_ctx' (600 neurons): using Izh type IZH2007_HIPPO_PYRAMIDAL
[2026-08-19 20:03:13][INFO] SIM_BRIDGE: Region 'dlpfc_wm' (600 neurons): using Izh type IZH2007_HIPPO_PYRAMIDAL
[2026-08-19 20:03:13][INFO] SIM_BRIDGE: Applying parameter heterogeneity to neuron parameters...
[2026-08-19 20:03:13][INFO] SIM_BRIDGE: Applied heterogeneity to 4 parameters.
[2026-08-19 20:03:13][INFO] SIM_BRIDGE: Generating 3D neuron positions for 1200 neurons...
[2026-08-19 20:03:13][INFO] SIM_BRIDGE: Generating connections (brain-region framework)...
[2026-08-19 20:03:13][INFO] SIM_BRIDGE: inject_explicit_wiring: installed 107786 synapses across 4 populations.
[2026-08-19 20:03:13][INFO] SIM_BRIDGE: Initializing eligibility traces for 107786 synapses (capacity: 161679, dtype: float32)...
[2026-08-19 20:03:13][INFO] SIM_BRIDGE: Initializing STDP state for 1200 neurons...
[2026-08-19 20:03:13][INFO] SIM_BRIDGE: Simulation data initialized for 1200 neurons (3D). Synapses: 107786. GPU memory: 0.0GB/9223372036.9GB (0.0%)
[2026-08-19 20:03:13][INFO] SIM_BRIDGE: ⛔ STDP IS INERT: enable_stdp=True but runtime_state.current_time_ms is still 0.0 after 50 steps. _run_one_simulation_step() does NOT advance the clock (only step_simulation() does), so every spike shares one timestamp, delta_t==0 for every pair, and every STDP update is exactly 0.0. FIX: advance it in your loop -- `bridge.runtime_state.current_time_ms += bridge.core_config.dt_ms` after each step.
  [gnw-deliberation          ] answer_changed=False meta_present=False -> NO_OBSERVED_EFFECT
      intact : 'The dog chases cat.'
      lesion : 'The dog chases cat.'
[2026-08-19 20:03:21][INFO] SIM_BRIDGE: NumPy backend (CPU (NumPy backend), 8589934592.0 GB RAM available)
[2026-08-19 20:03:21][INFO] SIM_BRIDGE: Initializing simulation data for model: IZHIKEVICH (3D)... (playback_init: False)
[2026-08-19 20:03:21][INFO] SIM_BRIDGE: RNG initialized with seed: 42
[2026-08-19 20:03:21][INFO] SIM_BRIDGE: Initializing Izhikevich model specifics for 45856 neurons...
[2026-08-19 20:03:21][INFO] SIM_BRIDGE: Applying parameter heterogeneity to neuron parameters...
[2026-08-19 20:03:21][INFO] SIM_BRIDGE: Applied heterogeneity to 4 parameters.
[2026-08-19 20:03:21][INFO] SIM_BRIDGE: Initializing OU process state (tau=15.0ms, sigma=20.0pA)...
[2026-08-19 20:03:21][INFO] SIM_BRIDGE: Generating 3D neuron positions for 45856 neurons...
[2026-08-19 20:03:21][INFO] SIM_BRIDGE: Generating connections (3D)...
[2026-08-19 20:03:21][INFO] SIM_BRIDGE: Simulation data initialized for 45856 neurons (3D). Synapses: 0. GPU memory: 0.0GB/9223372036.9GB (0.0%)
[2026-08-19 20:03:21][INFO] SIM_BRIDGE: inject_explicit_wiring: installed 720 synapses across 1 populations.
[2026-08-19 20:03:51][INFO] SIM_BRIDGE: NumPy backend (CPU (NumPy backend), 8589934592.0 GB RAM available)
[2026-08-19 20:03:51][INFO] SIM_BRIDGE: Initializing simulation data for model: IZHIKEVICH (3D)... (playback_init: False)
[2026-08-19 20:03:51][INFO] SIM_BRIDGE: Brain-region framework: 2 regions, 1800 total neurons, 3 pathways.
[2026-08-19 20:03:51][INFO] SIM_BRIDGE: RNG initialized with seed: 42
[2026-08-19 20:03:51][INFO] SIM_BRIDGE: Initializing Izhikevich model specifics for 1800 neurons...
[2026-08-19 20:03:51][INFO] SIM_BRIDGE: Applying parameter heterogeneity to neuron parameters...
[2026-08-19 20:03:51][INFO] SIM_BRIDGE: Applied heterogeneity to 4 parameters.
[2026-08-19 20:03:51][INFO] SIM_BRIDGE: Initializing OU process state (tau=15.0ms, sigma=0.0pA)...
[2026-08-19 20:03:51][INFO] SIM_BRIDGE: Generating 3D neuron positions for 1800 neurons...
[2026-08-19 20:03:51][INFO] SIM_BRIDGE: Generating connections (brain-region framework)...
[2026-08-19 20:03:52][INFO] SIM_BRIDGE: inject_explicit_wiring: installed 1619529 synapses across 3 populations.
[2026-08-19 20:03:52][INFO] SIM_BRIDGE: Simulation data initialized for 1800 neurons (3D). Synapses: 1619529. GPU memory: 0.0GB/9223372036.9GB (0.0%)
[2026-08-19 20:03:52][INFO] SIM_BRIDGE: NumPy backend (CPU (NumPy backend), 8589934592.0 GB RAM available)
[2026-08-19 20:03:52][INFO] SIM_BRIDGE: Initializing simulation data for model: IZHIKEVICH (3D)... (playback_init: False)
[2026-08-19 20:03:52][INFO] SIM_BRIDGE: RNG initialized with seed: 42
[2026-08-19 20:03:52][INFO] SIM_BRIDGE: Initializing Izhikevich model specifics for 224 neurons...
[2026-08-19 20:03:52][INFO] SIM_BRIDGE: Applying parameter heterogeneity to neuron parameters...
[2026-08-19 20:03:52][INFO] SIM_BRIDGE: Applied heterogeneity to 4 parameters.
[2026-08-19 20:03:52][INFO] SIM_BRIDGE: Initializing OU process state (tau=15.0ms, sigma=20.0pA)...
[2026-08-19 20:03:52][INFO] SIM_BRIDGE: Generating 3D neuron positions for 224 neurons...
[2026-08-19 20:03:52][INFO] SIM_BRIDGE: Generating connections (3D)...
[2026-08-19 20:03:52][INFO] SIM_BRIDGE: Simulation data initialized for 224 neurons (3D). Synapses: 0. GPU memory: 0.0GB/9223372036.9GB (0.0%)
[2026-08-19 20:03:52][INFO] SIM_BRIDGE: inject_explicit_wiring: installed 4800 synapses across 1 populations.
[2026-08-19 20:04:35][INFO] SIM_BRIDGE: NumPy backend (CPU (NumPy backend), 8589934592.0 GB RAM available)
[2026-08-19 20:04:35][INFO] SIM_BRIDGE: Initializing simulation data for model: IZHIKEVICH (3D)... (playback_init: False)
[2026-08-19 20:04:35][INFO] SIM_BRIDGE: RNG initialized with seed: 42
[2026-08-19 20:04:35][INFO] SIM_BRIDGE: Initializing Izhikevich model specifics for 144 neurons...
[2026-08-19 20:04:35][INFO] SIM_BRIDGE: Applying parameter heterogeneity to neuron parameters...
[2026-08-19 20:04:35][INFO] SIM_BRIDGE: Applied heterogeneity to 4 parameters.
[2026-08-19 20:04:35][INFO] SIM_BRIDGE: Initializing OU process state (tau=15.0ms, sigma=0.0pA)...
[2026-08-19 20:04:35][INFO] SIM_BRIDGE: Generating 3D neuron positions for 144 neurons...
[2026-08-19 20:04:35][INFO] SIM_BRIDGE: Generating connections (3D)...
[2026-08-19 20:04:35][INFO] SIM_BRIDGE: Simulation data initialized for 144 neurons (3D). Synapses: 0. GPU memory: 0.0GB/9223372036.9GB (0.0%)
[2026-08-19 20:04:35][INFO] SIM_BRIDGE: NumPy backend (CPU (NumPy backend), 8589934592.0 GB RAM available)
[2026-08-19 20:04:35][INFO] SIM_BRIDGE: Initializing simulation data for model: IZHIKEVICH (3D)... (playback_init: False)
[2026-08-19 20:04:35][INFO] SIM_BRIDGE: RNG initialized with seed: 42
[2026-08-19 20:04:35][INFO] SIM_BRIDGE: Initializing Izhikevich model specifics for 2 neurons...
[2026-08-19 20:04:35][INFO] SIM_BRIDGE: Applying parameter heterogeneity to neuron parameters...
[2026-08-19 20:04:35][INFO] SIM_BRIDGE: Applied heterogeneity to 4 parameters.
[2026-08-19 20:04:35][INFO] SIM_BRIDGE: Initializing OU process state (tau=15.0ms, sigma=0.0pA)...
[2026-08-19 20:04:35][INFO] SIM_BRIDGE: Generating 3D neuron positions for 2 neurons...
[2026-08-19 20:04:35][INFO] SIM_BRIDGE: Generating connections (3D)...
[2026-08-19 20:04:35][INFO] SIM_BRIDGE: Simulation data initialized for 2 neurons (3D). Synapses: 0. GPU memory: 0.0GB/9223372036.9GB (0.0%)
[2026-08-19 20:04:38][INFO] SIM_BRIDGE: NumPy backend (CPU (NumPy backend), 8589934592.0 GB RAM available)
[2026-08-19 20:04:38][INFO] SIM_BRIDGE: Initializing simulation data for model: IZHIKEVICH (3D)... (playback_init: False)
[2026-08-19 20:04:38][INFO] SIM_BRIDGE: Brain-region framework: 2 regions, 390 total neurons, 2 pathways.
[2026-08-19 20:04:38][INFO] SIM_BRIDGE: RNG initialized with seed: 42
[2026-08-19 20:04:38][INFO] SIM_BRIDGE: NMDA per-region mask: 1 regions enabled (340 neurons)
[2026-08-19 20:04:38][INFO] SIM_BRIDGE: Initializing Izhikevich model specifics for 390 neurons...
[2026-08-19 20:04:38][INFO] SIM_BRIDGE: Generating 3D neuron positions for 390 neurons...
[2026-08-19 20:04:38][INFO] SIM_BRIDGE: Generating connections (brain-region framework)...
[2026-08-19 20:04:38][INFO] SIM_BRIDGE: inject_explicit_wiring: installed 17011 synapses across 2 populations.
[2026-08-19 20:04:38][INFO] SIM_BRIDGE: Simulation data initialized for 390 neurons (3D). Synapses: 17011. GPU memory: 0.0GB/9223372036.9GB (0.0%)
[2026-08-19 20:04:38][INFO] SIM_BRIDGE: inject_explicit_wiring: installed 42291 synapses across 6 populations.
[2026-08-19 20:04:48][INFO] SIM_BRIDGE: NumPy backend (CPU (NumPy backend), 8589934592.0 GB RAM available)
[2026-08-19 20:04:48][INFO] SIM_BRIDGE: Initializing simulation data for model: IZHIKEVICH (3D)... (playback_init: False)
[2026-08-19 20:04:48][INFO] SIM_BRIDGE: RNG initialized with seed: 42
[2026-08-19 20:04:48][INFO] SIM_BRIDGE: Initializing Izhikevich model specifics for 45856 neurons...
[2026-08-19 20:04:48][INFO] SIM_BRIDGE: Applying parameter heterogeneity to neuron parameters...
[2026-08-19 20:04:48][INFO] SIM_BRIDGE: Applied heterogeneity to 4 parameters.
[2026-08-19 20:04:48][INFO] SIM_BRIDGE: Initializing OU process state (tau=15.0ms, sigma=20.0pA)...
[2026-08-19 20:04:48][INFO] SIM_BRIDGE: Generating 3D neuron positions for 45856 neurons...
[2026-08-19 20:04:48][INFO] SIM_BRIDGE: Generating connections (3D)...
[2026-08-19 20:04:48][INFO] SIM_BRIDGE: Simulation data initialized for 45856 neurons (3D). Synapses: 0. GPU memory: 0.0GB/9223372036.9GB (0.0%)
[2026-08-19 20:04:48][INFO] SIM_BRIDGE: inject_explicit_wiring: installed 720 synapses across 1 populations.
[2026-08-19 20:05:19][INFO] SIM_BRIDGE: NumPy backend (CPU (NumPy backend), 8589934592.0 GB RAM available)
[2026-08-19 20:05:19][INFO] SIM_BRIDGE: Initializing simulation data for model: IZHIKEVICH (3D)... (playback_init: False)
[2026-08-19 20:05:19][INFO] SIM_BRIDGE: Brain-region framework: 2 regions, 1800 total neurons, 3 pathways.
[2026-08-19 20:05:19][INFO] SIM_BRIDGE: RNG initialized with seed: 42
[2026-08-19 20:05:19][INFO] SIM_BRIDGE: Initializing Izhikevich model specifics for 1800 neurons...
[2026-08-19 20:05:19][INFO] SIM_BRIDGE: Applying parameter heterogeneity to neuron parameters...
[2026-08-19 20:05:19][INFO] SIM_BRIDGE: Applied heterogeneity to 4 parameters.
[2026-08-19 20:05:19][INFO] SIM_BRIDGE: Initializing OU process state (tau=15.0ms, sigma=0.0pA)...
[2026-08-19 20:05:19][INFO] SIM_BRIDGE: Generating 3D neuron positions for 1800 neurons...
[2026-08-19 20:05:19][INFO] SIM_BRIDGE: Generating connections (brain-region framework)...
[2026-08-19 20:05:20][INFO] SIM_BRIDGE: inject_explicit_wiring: installed 1619529 synapses across 3 populations.
[2026-08-19 20:05:20][INFO] SIM_BRIDGE: Simulation data initialized for 1800 neurons (3D). Synapses: 1619529. GPU memory: 0.0GB/9223372036.9GB (0.0%)
[2026-08-19 20:05:20][INFO] SIM_BRIDGE: NumPy backend (CPU (NumPy backend), 8589934592.0 GB RAM available)
[2026-08-19 20:05:20][INFO] SIM_BRIDGE: Initializing simulation data for model: IZHIKEVICH (3D)... (playback_init: False)
[2026-08-19 20:05:20][INFO] SIM_BRIDGE: RNG initialized with seed: 42
[2026-08-19 20:05:20][INFO] SIM_BRIDGE: Initializing Izhikevich model specifics for 224 neurons...
[2026-08-19 20:05:20][INFO] SIM_BRIDGE: Applying parameter heterogeneity to neuron parameters...
[2026-08-19 20:05:20][INFO] SIM_BRIDGE: Applied heterogeneity to 4 parameters.
[2026-08-19 20:05:20][INFO] SIM_BRIDGE: Initializing OU process state (tau=15.0ms, sigma=20.0pA)...
[2026-08-19 20:05:20][INFO] SIM_BRIDGE: Generating 3D neuron positions for 224 neurons...
[2026-08-19 20:05:20][INFO] SIM_BRIDGE: Generating connections (3D)...
[2026-08-19 20:05:20][INFO] SIM_BRIDGE: Simulation data initialized for 224 neurons (3D). Synapses: 0. GPU memory: 0.0GB/9223372036.9GB (0.0%)
[2026-08-19 20:05:20][INFO] SIM_BRIDGE: inject_explicit_wiring: installed 4800 synapses across 1 populations.
[2026-08-19 20:06:03][INFO] SIM_BRIDGE: NumPy backend (CPU (NumPy backend), 8589934592.0 GB RAM available)
[2026-08-19 20:06:03][INFO] SIM_BRIDGE: Initializing simulation data for model: IZHIKEVICH (3D)... (playback_init: False)
[2026-08-19 20:06:03][INFO] SIM_BRIDGE: RNG initialized with seed: 42
[2026-08-19 20:06:03][INFO] SIM_BRIDGE: Initializing Izhikevich model specifics for 144 neurons...
[2026-08-19 20:06:03][INFO] SIM_BRIDGE: Applying parameter heterogeneity to neuron parameters...
[2026-08-19 20:06:03][INFO] SIM_BRIDGE: Applied heterogeneity to 4 parameters.
[2026-08-19 20:06:03][INFO] SIM_BRIDGE: Initializing OU process state (tau=15.0ms, sigma=0.0pA)...
[2026-08-19 20:06:03][INFO] SIM_BRIDGE: Generating 3D neuron positions for 144 neurons...
[2026-08-19 20:06:03][INFO] SIM_BRIDGE: Generating connections (3D)...
[2026-08-19 20:06:03][INFO] SIM_BRIDGE: Simulation data initialized for 144 neurons (3D). Synapses: 0. GPU memory: 0.0GB/9223372036.9GB (0.0%)
[2026-08-19 20:06:03][INFO] SIM_BRIDGE: NumPy backend (CPU (NumPy backend), 8589934592.0 GB RAM available)
[2026-08-19 20:06:03][INFO] SIM_BRIDGE: Initializing simulation data for model: IZHIKEVICH (3D)... (playback_init: False)
[2026-08-19 20:06:03][INFO] SIM_BRIDGE: RNG initialized with seed: 42
[2026-08-19 20:06:03][INFO] SIM_BRIDGE: Initializing Izhikevich model specifics for 2 neurons...
[2026-08-19 20:06:03][INFO] SIM_BRIDGE: Applying parameter heterogeneity to neuron parameters...
[2026-08-19 20:06:03][INFO] SIM_BRIDGE: Applied heterogeneity to 4 parameters.
[2026-08-19 20:06:03][INFO] SIM_BRIDGE: Initializing OU process state (tau=15.0ms, sigma=0.0pA)...
[2026-08-19 20:06:03][INFO] SIM_BRIDGE: Generating 3D neuron positions for 2 neurons...
[2026-08-19 20:06:03][INFO] SIM_BRIDGE: Generating connections (3D)...
[2026-08-19 20:06:03][INFO] SIM_BRIDGE: Simulation data initialized for 2 neurons (3D). Synapses: 0. GPU memory: 0.0GB/9223372036.9GB (0.0%)
[2026-08-19 20:06:05][INFO] SIM_BRIDGE: NumPy backend (CPU (NumPy backend), 8589934592.0 GB RAM available)
[2026-08-19 20:06:05][INFO] SIM_BRIDGE: Initializing simulation data for model: IZHIKEVICH (3D)... (playback_init: False)
[2026-08-19 20:06:05][INFO] SIM_BRIDGE: Brain-region framework: 2 regions, 390 total neurons, 2 pathways.
[2026-08-19 20:06:05][INFO] SIM_BRIDGE: RNG initialized with seed: 42
[2026-08-19 20:06:05][INFO] SIM_BRIDGE: NMDA per-region mask: 1 regions enabled (340 neurons)
[2026-08-19 20:06:05][INFO] SIM_BRIDGE: Initializing Izhikevich model specifics for 390 neurons...
[2026-08-19 20:06:05][INFO] SIM_BRIDGE: Generating 3D neuron positions for 390 neurons...
[2026-08-19 20:06:05][INFO] SIM_BRIDGE: Generating connections (brain-region framework)...
[2026-08-19 20:06:05][INFO] SIM_BRIDGE: inject_explicit_wiring: installed 17011 synapses across 2 populations.
[2026-08-19 20:06:05][INFO] SIM_BRIDGE: Simulation data initialized for 390 neurons (3D). Synapses: 17011. GPU memory: 0.0GB/9223372036.9GB (0.0%)
[2026-08-19 20:06:05][INFO] SIM_BRIDGE: inject_explicit_wiring: installed 42291 synapses across 6 populations.
  [gnw-multistep-deliberation] answer_changed=True  meta_present=False -> DRIVER
      intact : 'The zorp chases munt.'
      lesion : "I don't know about that."
[2026-08-19 20:06:13][INFO] SIM_BRIDGE: NumPy backend (CPU (NumPy backend), 8589934592.0 GB RAM available)
[2026-08-19 20:06:13][INFO] SIM_BRIDGE: Initializing simulation data for model: IZHIKEVICH (3D)... (playback_init: False)
[2026-08-19 20:06:13][INFO] SIM_BRIDGE: RNG initialized with seed: 42
[2026-08-19 20:06:13][INFO] SIM_BRIDGE: Initializing Izhikevich model specifics for 45856 neurons...
[2026-08-19 20:06:13][INFO] SIM_BRIDGE: Applying parameter heterogeneity to neuron parameters...
[2026-08-19 20:06:13][INFO] SIM_BRIDGE: Applied heterogeneity to 4 parameters.
[2026-08-19 20:06:13][INFO] SIM_BRIDGE: Initializing OU process state (tau=15.0ms, sigma=20.0pA)...
[2026-08-19 20:06:13][INFO] SIM_BRIDGE: Generating 3D neuron positions for 45856 neurons...
[2026-08-19 20:06:13][INFO] SIM_BRIDGE: Generating connections (3D)...
[2026-08-19 20:06:13][INFO] SIM_BRIDGE: Simulation data initialized for 45856 neurons (3D). Synapses: 0. GPU memory: 0.0GB/9223372036.9GB (0.0%)
[2026-08-19 20:06:13][INFO] SIM_BRIDGE: inject_explicit_wiring: installed 720 synapses across 1 populations.
[2026-08-19 20:06:43][INFO] SIM_BRIDGE: NumPy backend (CPU (NumPy backend), 8589934592.0 GB RAM available)
[2026-08-19 20:06:43][INFO] SIM_BRIDGE: Initializing simulation data for model: IZHIKEVICH (3D)... (playback_init: False)
[2026-08-19 20:06:43][INFO] SIM_BRIDGE: Brain-region framework: 2 regions, 1800 total neurons, 3 pathways.
[2026-08-19 20:06:43][INFO] SIM_BRIDGE: RNG initialized with seed: 42
[2026-08-19 20:06:43][INFO] SIM_BRIDGE: Initializing Izhikevich model specifics for 1800 neurons...
[2026-08-19 20:06:43][INFO] SIM_BRIDGE: Applying parameter heterogeneity to neuron parameters...
[2026-08-19 20:06:43][INFO] SIM_BRIDGE: Applied heterogeneity to 4 parameters.
[2026-08-19 20:06:43][INFO] SIM_BRIDGE: Initializing OU process state (tau=15.0ms, sigma=0.0pA)...
[2026-08-19 20:06:43][INFO] SIM_BRIDGE: Generating 3D neuron positions for 1800 neurons...
[2026-08-19 20:06:43][INFO] SIM_BRIDGE: Generating connections (brain-region framework)...
[2026-08-19 20:06:45][INFO] SIM_BRIDGE: inject_explicit_wiring: installed 1619529 synapses across 3 populations.
[2026-08-19 20:06:45][INFO] SIM_BRIDGE: Simulation data initialized for 1800 neurons (3D). Synapses: 1619529. GPU memory: 0.0GB/9223372036.9GB (0.0%)
[2026-08-19 20:06:45][INFO] SIM_BRIDGE: NumPy backend (CPU (NumPy backend), 8589934592.0 GB RAM available)
[2026-08-19 20:06:45][INFO] SIM_BRIDGE: Initializing simulation data for model: IZHIKEVICH (3D)... (playback_init: False)
[2026-08-19 20:06:45][INFO] SIM_BRIDGE: RNG initialized with seed: 42
[2026-08-19 20:06:45][INFO] SIM_BRIDGE: Initializing Izhikevich model specifics for 224 neurons...
[2026-08-19 20:06:45][INFO] SIM_BRIDGE: Applying parameter heterogeneity to neuron parameters...
[2026-08-19 20:06:45][INFO] SIM_BRIDGE: Applied heterogeneity to 4 parameters.
[2026-08-19 20:06:45][INFO] SIM_BRIDGE: Initializing OU process state (tau=15.0ms, sigma=20.0pA)...
[2026-08-19 20:06:45][INFO] SIM_BRIDGE: Generating 3D neuron positions for 224 neurons...
[2026-08-19 20:06:45][INFO] SIM_BRIDGE: Generating connections (3D)...
[2026-08-19 20:06:45][INFO] SIM_BRIDGE: Simulation data initialized for 224 neurons (3D). Synapses: 0. GPU memory: 0.0GB/9223372036.9GB (0.0%)
[2026-08-19 20:06:45][INFO] SIM_BRIDGE: inject_explicit_wiring: installed 4800 synapses across 1 populations.
[2026-08-19 20:07:22][INFO] SIM_BRIDGE: NumPy backend (CPU (NumPy backend), 8589934592.0 GB RAM available)
[2026-08-19 20:07:22][INFO] SIM_BRIDGE: Initializing simulation data for model: IZHIKEVICH (3D)... (playback_init: False)
[2026-08-19 20:07:22][INFO] SIM_BRIDGE: RNG initialized with seed: 42
[2026-08-19 20:07:22][INFO] SIM_BRIDGE: Initializing Izhikevich model specifics for 144 neurons...
[2026-08-19 20:07:22][INFO] SIM_BRIDGE: Applying parameter heterogeneity to neuron parameters...
[2026-08-19 20:07:22][INFO] SIM_BRIDGE: Applied heterogeneity to 4 parameters.
[2026-08-19 20:07:22][INFO] SIM_BRIDGE: Initializing OU process state (tau=15.0ms, sigma=0.0pA)...
[2026-08-19 20:07:22][INFO] SIM_BRIDGE: Generating 3D neuron positions for 144 neurons...
[2026-08-19 20:07:22][INFO] SIM_BRIDGE: Generating connections (3D)...
[2026-08-19 20:07:22][INFO] SIM_BRIDGE: Simulation data initialized for 144 neurons (3D). Synapses: 0. GPU memory: 0.0GB/9223372036.9GB (0.0%)
[2026-08-19 20:07:22][INFO] SIM_BRIDGE: NumPy backend (CPU (NumPy backend), 8589934592.0 GB RAM available)
[2026-08-19 20:07:22][INFO] SIM_BRIDGE: Initializing simulation data for model: IZHIKEVICH (3D)... (playback_init: False)
[2026-08-19 20:07:22][INFO] SIM_BRIDGE: RNG initialized with seed: 42
[2026-08-19 20:07:22][INFO] SIM_BRIDGE: Initializing Izhikevich model specifics for 2 neurons...
[2026-08-19 20:07:22][INFO] SIM_BRIDGE: Applying parameter heterogeneity to neuron parameters...
[2026-08-19 20:07:22][INFO] SIM_BRIDGE: Applied heterogeneity to 4 parameters.
[2026-08-19 20:07:22][INFO] SIM_BRIDGE: Initializing OU process state (tau=15.0ms, sigma=0.0pA)...
[2026-08-19 20:07:22][INFO] SIM_BRIDGE: Generating 3D neuron positions for 2 neurons...
[2026-08-19 20:07:22][INFO] SIM_BRIDGE: Generating connections (3D)...
[2026-08-19 20:07:22][INFO] SIM_BRIDGE: Simulation data initialized for 2 neurons (3D). Synapses: 0. GPU memory: 0.0GB/9223372036.9GB (0.0%)
[2026-08-19 20:07:32][INFO] SIM_BRIDGE: NumPy backend (CPU (NumPy backend), 8589934592.0 GB RAM available)
[2026-08-19 20:07:32][INFO] SIM_BRIDGE: Initializing simulation data for model: IZHIKEVICH (3D)... (playback_init: False)
[2026-08-19 20:07:32][INFO] SIM_BRIDGE: RNG initialized with seed: 42
[2026-08-19 20:07:32][INFO] SIM_BRIDGE: Initializing Izhikevich model specifics for 45856 neurons...
[2026-08-19 20:07:32][INFO] SIM_BRIDGE: Applying parameter heterogeneity to neuron parameters...
[2026-08-19 20:07:32][INFO] SIM_BRIDGE: Applied heterogeneity to 4 parameters.
[2026-08-19 20:07:32][INFO] SIM_BRIDGE: Initializing OU process state (tau=15.0ms, sigma=20.0pA)...
[2026-08-19 20:07:32][INFO] SIM_BRIDGE: Generating 3D neuron positions for 45856 neurons...
[2026-08-19 20:07:32][INFO] SIM_BRIDGE: Generating connections (3D)...
[2026-08-19 20:07:32][INFO] SIM_BRIDGE: Simulation data initialized for 45856 neurons (3D). Synapses: 0. GPU memory: 0.0GB/9223372036.9GB (0.0%)
[2026-08-19 20:07:32][INFO] SIM_BRIDGE: inject_explicit_wiring: installed 720 synapses across 1 populations.
[2026-08-19 20:08:02][INFO] SIM_BRIDGE: NumPy backend (CPU (NumPy backend), 8589934592.0 GB RAM available)
[2026-08-19 20:08:02][INFO] SIM_BRIDGE: Initializing simulation data for model: IZHIKEVICH (3D)... (playback_init: False)
[2026-08-19 20:08:02][INFO] SIM_BRIDGE: Brain-region framework: 2 regions, 1800 total neurons, 3 pathways.
[2026-08-19 20:08:02][INFO] SIM_BRIDGE: RNG initialized with seed: 42
[2026-08-19 20:08:02][INFO] SIM_BRIDGE: Initializing Izhikevich model specifics for 1800 neurons...
[2026-08-19 20:08:02][INFO] SIM_BRIDGE: Applying parameter heterogeneity to neuron parameters...
[2026-08-19 20:08:02][INFO] SIM_BRIDGE: Applied heterogeneity to 4 parameters.
[2026-08-19 20:08:02][INFO] SIM_BRIDGE: Initializing OU process state (tau=15.0ms, sigma=0.0pA)...
[2026-08-19 20:08:02][INFO] SIM_BRIDGE: Generating 3D neuron positions for 1800 neurons...
[2026-08-19 20:08:02][INFO] SIM_BRIDGE: Generating connections (brain-region framework)...
[2026-08-19 20:08:03][INFO] SIM_BRIDGE: inject_explicit_wiring: installed 1619529 synapses across 3 populations.
[2026-08-19 20:08:03][INFO] SIM_BRIDGE: Simulation data initialized for 1800 neurons (3D). Synapses: 1619529. GPU memory: 0.0GB/9223372036.9GB (0.0%)
[2026-08-19 20:08:03][INFO] SIM_BRIDGE: NumPy backend (CPU (NumPy backend), 8589934592.0 GB RAM available)
[2026-08-19 20:08:03][INFO] SIM_BRIDGE: Initializing simulation data for model: IZHIKEVICH (3D)... (playback_init: False)
[2026-08-19 20:08:03][INFO] SIM_BRIDGE: RNG initialized with seed: 42
[2026-08-19 20:08:03][INFO] SIM_BRIDGE: Initializing Izhikevich model specifics for 224 neurons...
[2026-08-19 20:08:03][INFO] SIM_BRIDGE: Applying parameter heterogeneity to neuron parameters...
[2026-08-19 20:08:03][INFO] SIM_BRIDGE: Applied heterogeneity to 4 parameters.
[2026-08-19 20:08:03][INFO] SIM_BRIDGE: Initializing OU process state (tau=15.0ms, sigma=20.0pA)...
[2026-08-19 20:08:03][INFO] SIM_BRIDGE: Generating 3D neuron positions for 224 neurons...
[2026-08-19 20:08:03][INFO] SIM_BRIDGE: Generating connections (3D)...
[2026-08-19 20:08:03][INFO] SIM_BRIDGE: Simulation data initialized for 224 neurons (3D). Synapses: 0. GPU memory: 0.0GB/9223372036.9GB (0.0%)
[2026-08-19 20:08:03][INFO] SIM_BRIDGE: inject_explicit_wiring: installed 4800 synapses across 1 populations.
  [noncontradiction-gate     ] answer_changed=True  meta_present=True  -> DRIVER
      intact : "That contradicts what I hold: my polarity recall says wolf does not hunts deer. I won't ac"
      lesion : 'The wolf huntses deer.'
[2026-08-19 20:08:52][INFO] SIM_BRIDGE: NumPy backend (CPU (NumPy backend), 8589934592.0 GB RAM available)
[2026-08-19 20:08:52][INFO] SIM_BRIDGE: Initializing simulation data for model: IZHIKEVICH (3D)... (playback_init: False)
[2026-08-19 20:08:52][INFO] SIM_BRIDGE: Brain-region framework: 7 regions, 96 total neurons, 12 pathways.
[2026-08-19 20:08:52][INFO] SIM_BRIDGE: RNG initialized with seed: 42
[2026-08-19 20:08:52][INFO] SIM_BRIDGE: Initializing Izhikevich model specifics for 96 neurons...
[2026-08-19 20:08:52][INFO] SIM_BRIDGE: Applying parameter heterogeneity to neuron parameters...
[2026-08-19 20:08:52][INFO] SIM_BRIDGE: Applied heterogeneity to 4 parameters.
[2026-08-19 20:08:52][INFO] SIM_BRIDGE: Initializing OU process state (tau=15.0ms, sigma=0.0pA)...
[2026-08-19 20:08:52][INFO] SIM_BRIDGE: Generating 3D neuron positions for 96 neurons...
[2026-08-19 20:08:52][INFO] SIM_BRIDGE: Generating connections (brain-region framework)...
[2026-08-19 20:08:52][INFO] SIM_BRIDGE: inject_explicit_wiring: installed 2057 synapses across 12 populations.
[2026-08-19 20:08:52][INFO] SIM_BRIDGE: Simulation data initialized for 96 neurons (3D). Synapses: 2057. GPU memory: 0.0GB/9223372036.9GB (0.0%)
[2026-08-19 20:08:52][INFO] SIM_BRIDGE: NumPy backend (CPU (NumPy backend), 8589934592.0 GB RAM available)
[2026-08-19 20:08:52][INFO] SIM_BRIDGE: Initializing simulation data for model: IZHIKEVICH (3D)... (playback_init: False)
[2026-08-19 20:08:52][INFO] SIM_BRIDGE: Brain-region framework: 7 regions, 96 total neurons, 12 pathways.
[2026-08-19 20:08:52][INFO] SIM_BRIDGE: RNG initialized with seed: 45
[2026-08-19 20:08:52][INFO] SIM_BRIDGE: Initializing Izhikevich model specifics for 96 neurons...
[2026-08-19 20:08:52][INFO] SIM_BRIDGE: Applying parameter heterogeneity to neuron parameters...
[2026-08-19 20:08:52][INFO] SIM_BRIDGE: Applied heterogeneity to 4 parameters.
[2026-08-19 20:08:52][INFO] SIM_BRIDGE: Initializing OU process state (tau=15.0ms, sigma=0.0pA)...
[2026-08-19 20:08:52][INFO] SIM_BRIDGE: Generating 3D neuron positions for 96 neurons...
[2026-08-19 20:08:52][INFO] SIM_BRIDGE: Generating connections (brain-region framework)...
[2026-08-19 20:08:52][INFO] SIM_BRIDGE: inject_explicit_wiring: installed 2029 synapses across 12 populations.
[2026-08-19 20:08:52][INFO] SIM_BRIDGE: Simulation data initialized for 96 neurons (3D). Synapses: 2029. GPU memory: 0.0GB/9223372036.9GB (0.0%)
[2026-08-19 20:08:52][INFO] SIM_BRIDGE: NumPy backend (CPU (NumPy backend), 8589934592.0 GB RAM available)
[2026-08-19 20:08:52][INFO] SIM_BRIDGE: Initializing simulation data for model: IZHIKEVICH (3D)... (playback_init: False)
[2026-08-19 20:08:52][INFO] SIM_BRIDGE: Brain-region framework: 7 regions, 96 total neurons, 12 pathways.
[2026-08-19 20:08:52][INFO] SIM_BRIDGE: RNG initialized with seed: 48
[2026-08-19 20:08:52][INFO] SIM_BRIDGE: Initializing Izhikevich model specifics for 96 neurons...
[2026-08-19 20:08:52][INFO] SIM_BRIDGE: Applying parameter heterogeneity to neuron parameters...
[2026-08-19 20:08:52][INFO] SIM_BRIDGE: Applied heterogeneity to 4 parameters.
[2026-08-19 20:08:52][INFO] SIM_BRIDGE: Initializing OU process state (tau=15.0ms, sigma=0.0pA)...
[2026-08-19 20:08:52][INFO] SIM_BRIDGE: Generating 3D neuron positions for 96 neurons...
[2026-08-19 20:08:52][INFO] SIM_BRIDGE: Generating connections (brain-region framework)...
[2026-08-19 20:08:52][INFO] SIM_BRIDGE: inject_explicit_wiring: installed 2007 synapses across 12 populations.
[2026-08-19 20:08:52][INFO] SIM_BRIDGE: Simulation data initialized for 96 neurons (3D). Synapses: 2007. GPU memory: 0.0GB/9223372036.9GB (0.0%)
[2026-08-19 20:08:52][INFO] SIM_BRIDGE: NumPy backend (CPU (NumPy backend), 8589934592.0 GB RAM available)
[2026-08-19 20:08:52][INFO] SIM_BRIDGE: Initializing simulation data for model: IZHIKEVICH (3D)... (playback_init: False)
[2026-08-19 20:08:52][INFO] SIM_BRIDGE: Brain-region framework: 7 regions, 96 total neurons, 12 pathways.
[2026-08-19 20:08:52][INFO] SIM_BRIDGE: RNG initialized with seed: 51
[2026-08-19 20:08:52][INFO] SIM_BRIDGE: Initializing Izhikevich model specifics for 96 neurons...
[2026-08-19 20:08:52][INFO] SIM_BRIDGE: Applying parameter heterogeneity to neuron parameters...
[2026-08-19 20:08:52][INFO] SIM_BRIDGE: Applied heterogeneity to 4 parameters.
[2026-08-19 20:08:52][INFO] SIM_BRIDGE: Initializing OU process state (tau=15.0ms, sigma=0.0pA)...
[2026-08-19 20:08:52][INFO] SIM_BRIDGE: Generating 3D neuron positions for 96 neurons...
[2026-08-19 20:08:52][INFO] SIM_BRIDGE: Generating connections (brain-region framework)...
[2026-08-19 20:08:52][INFO] SIM_BRIDGE: inject_explicit_wiring: installed 2043 synapses across 12 populations.
[2026-08-19 20:08:52][INFO] SIM_BRIDGE: Simulation data initialized for 96 neurons (3D). Synapses: 2043. GPU memory: 0.0GB/9223372036.9GB (0.0%)
[2026-08-19 20:08:52][INFO] SIM_BRIDGE: NumPy backend (CPU (NumPy backend), 8589934592.0 GB RAM available)
[2026-08-19 20:08:52][INFO] SIM_BRIDGE: Initializing simulation data for model: IZHIKEVICH (3D)... (playback_init: False)
[2026-08-19 20:08:52][INFO] SIM_BRIDGE: RNG initialized with seed: 42
[2026-08-19 20:08:52][INFO] SIM_BRIDGE: Initializing Izhikevich model specifics for 45856 neurons...
[2026-08-19 20:08:52][INFO] SIM_BRIDGE: Applying parameter heterogeneity to neuron parameters...
[2026-08-19 20:08:52][INFO] SIM_BRIDGE: Applied heterogeneity to 4 parameters.
[2026-08-19 20:08:52][INFO] SIM_BRIDGE: Initializing OU process state (tau=15.0ms, sigma=20.0pA)...
[2026-08-19 20:08:52][INFO] SIM_BRIDGE: Generating 3D neuron positions for 45856 neurons...
[2026-08-19 20:08:52][INFO] SIM_BRIDGE: Generating connections (3D)...
[2026-08-19 20:08:52][INFO] SIM_BRIDGE: Simulation data initialized for 45856 neurons (3D). Synapses: 0. GPU memory: 0.0GB/9223372036.9GB (0.0%)
[2026-08-19 20:08:52][INFO] SIM_BRIDGE: inject_explicit_wiring: installed 720 synapses across 1 populations.
[2026-08-19 20:09:22][INFO] SIM_BRIDGE: NumPy backend (CPU (NumPy backend), 8589934592.0 GB RAM available)
[2026-08-19 20:09:22][INFO] SIM_BRIDGE: Initializing simulation data for model: IZHIKEVICH (3D)... (playback_init: False)
[2026-08-19 20:09:22][INFO] SIM_BRIDGE: Brain-region framework: 2 regions, 1800 total neurons, 3 pathways.
[2026-08-19 20:09:22][INFO] SIM_BRIDGE: RNG initialized with seed: 42
[2026-08-19 20:09:22][INFO] SIM_BRIDGE: Initializing Izhikevich model specifics for 1800 neurons...
[2026-08-19 20:09:22][INFO] SIM_BRIDGE: Applying parameter heterogeneity to neuron parameters...
[2026-08-19 20:09:22][INFO] SIM_BRIDGE: Applied heterogeneity to 4 parameters.
[2026-08-19 20:09:22][INFO] SIM_BRIDGE: Initializing OU process state (tau=15.0ms, sigma=0.0pA)...
[2026-08-19 20:09:22][INFO] SIM_BRIDGE: Generating 3D neuron positions for 1800 neurons...
[2026-08-19 20:09:22][INFO] SIM_BRIDGE: Generating connections (brain-region framework)...
[2026-08-19 20:09:24][INFO] SIM_BRIDGE: inject_explicit_wiring: installed 1619529 synapses across 3 populations.
[2026-08-19 20:09:24][INFO] SIM_BRIDGE: Simulation data initialized for 1800 neurons (3D). Synapses: 1619529. GPU memory: 0.0GB/9223372036.9GB (0.0%)
[2026-08-19 20:09:24][INFO] SIM_BRIDGE: NumPy backend (CPU (NumPy backend), 8589934592.0 GB RAM available)
[2026-08-19 20:09:24][INFO] SIM_BRIDGE: Initializing simulation data for model: IZHIKEVICH (3D)... (playback_init: False)
[2026-08-19 20:09:24][INFO] SIM_BRIDGE: RNG initialized with seed: 42
[2026-08-19 20:09:24][INFO] SIM_BRIDGE: Initializing Izhikevich model specifics for 224 neurons...
[2026-08-19 20:09:24][INFO] SIM_BRIDGE: Applying parameter heterogeneity to neuron parameters...
[2026-08-19 20:09:24][INFO] SIM_BRIDGE: Applied heterogeneity to 4 parameters.
[2026-08-19 20:09:24][INFO] SIM_BRIDGE: Initializing OU process state (tau=15.0ms, sigma=20.0pA)...
[2026-08-19 20:09:24][INFO] SIM_BRIDGE: Generating 3D neuron positions for 224 neurons...
[2026-08-19 20:09:24][INFO] SIM_BRIDGE: Generating connections (3D)...
[2026-08-19 20:09:24][INFO] SIM_BRIDGE: Simulation data initialized for 224 neurons (3D). Synapses: 0. GPU memory: 0.0GB/9223372036.9GB (0.0%)
[2026-08-19 20:09:24][INFO] SIM_BRIDGE: inject_explicit_wiring: installed 4800 synapses across 1 populations.
[2026-08-19 20:10:02][INFO] SIM_BRIDGE: NumPy backend (CPU (NumPy backend), 8589934592.0 GB RAM available)
[2026-08-19 20:10:02][INFO] SIM_BRIDGE: Initializing simulation data for model: IZHIKEVICH (3D)... (playback_init: False)
[2026-08-19 20:10:02][INFO] SIM_BRIDGE: RNG initialized with seed: 42
[2026-08-19 20:10:02][INFO] SIM_BRIDGE: Initializing Izhikevich model specifics for 144 neurons...
[2026-08-19 20:10:02][INFO] SIM_BRIDGE: Applying parameter heterogeneity to neuron parameters...
[2026-08-19 20:10:02][INFO] SIM_BRIDGE: Applied heterogeneity to 4 parameters.
[2026-08-19 20:10:02][INFO] SIM_BRIDGE: Initializing OU process state (tau=15.0ms, sigma=0.0pA)...
[2026-08-19 20:10:02][INFO] SIM_BRIDGE: Generating 3D neuron positions for 144 neurons...
[2026-08-19 20:10:02][INFO] SIM_BRIDGE: Generating connections (3D)...
[2026-08-19 20:10:02][INFO] SIM_BRIDGE: Simulation data initialized for 144 neurons (3D). Synapses: 0. GPU memory: 0.0GB/9223372036.9GB (0.0%)
[2026-08-19 20:10:02][INFO] SIM_BRIDGE: NumPy backend (CPU (NumPy backend), 8589934592.0 GB RAM available)
[2026-08-19 20:10:02][INFO] SIM_BRIDGE: Initializing simulation data for model: IZHIKEVICH (3D)... (playback_init: False)
[2026-08-19 20:10:02][INFO] SIM_BRIDGE: RNG initialized with seed: 42
[2026-08-19 20:10:02][INFO] SIM_BRIDGE: Initializing Izhikevich model specifics for 2 neurons...
[2026-08-19 20:10:02][INFO] SIM_BRIDGE: Applying parameter heterogeneity to neuron parameters...
[2026-08-19 20:10:02][INFO] SIM_BRIDGE: Applied heterogeneity to 4 parameters.
[2026-08-19 20:10:02][INFO] SIM_BRIDGE: Initializing OU process state (tau=15.0ms, sigma=0.0pA)...
[2026-08-19 20:10:02][INFO] SIM_BRIDGE: Generating 3D neuron positions for 2 neurons...
[2026-08-19 20:10:02][INFO] SIM_BRIDGE: Generating connections (3D)...
[2026-08-19 20:10:02][INFO] SIM_BRIDGE: Simulation data initialized for 2 neurons (3D). Synapses: 0. GPU memory: 0.0GB/9223372036.9GB (0.0%)
[2026-08-19 20:10:10][INFO] SIM_BRIDGE: NumPy backend (CPU (NumPy backend), 8589934592.0 GB RAM available)
[2026-08-19 20:10:10][INFO] SIM_BRIDGE: Initializing simulation data for model: IZHIKEVICH (3D)... (playback_init: False)
[2026-08-19 20:10:10][INFO] SIM_BRIDGE: Brain-region framework: 7 regions, 96 total neurons, 12 pathways.
[2026-08-19 20:10:10][INFO] SIM_BRIDGE: RNG initialized with seed: 42
[2026-08-19 20:10:10][INFO] SIM_BRIDGE: Initializing Izhikevich model specifics for 96 neurons...
[2026-08-19 20:10:10][INFO] SIM_BRIDGE: Applying parameter heterogeneity to neuron parameters...
[2026-08-19 20:10:10][INFO] SIM_BRIDGE: Applied heterogeneity to 4 parameters.
[2026-08-19 20:10:10][INFO] SIM_BRIDGE: Initializing OU process state (tau=15.0ms, sigma=0.0pA)...
[2026-08-19 20:10:10][INFO] SIM_BRIDGE: Generating 3D neuron positions for 96 neurons...
[2026-08-19 20:10:10][INFO] SIM_BRIDGE: Generating connections (brain-region framework)...
[2026-08-19 20:10:10][INFO] SIM_BRIDGE: inject_explicit_wiring: installed 2057 synapses across 12 populations.
[2026-08-19 20:10:10][INFO] SIM_BRIDGE: Simulation data initialized for 96 neurons (3D). Synapses: 2057. GPU memory: 0.0GB/9223372036.9GB (0.0%)
[2026-08-19 20:10:10][INFO] SIM_BRIDGE: NumPy backend (CPU (NumPy backend), 8589934592.0 GB RAM available)
[2026-08-19 20:10:10][INFO] SIM_BRIDGE: Initializing simulation data for model: IZHIKEVICH (3D)... (playback_init: False)
[2026-08-19 20:10:10][INFO] SIM_BRIDGE: Brain-region framework: 7 regions, 96 total neurons, 12 pathways.
[2026-08-19 20:10:10][INFO] SIM_BRIDGE: RNG initialized with seed: 45
[2026-08-19 20:10:10][INFO] SIM_BRIDGE: Initializing Izhikevich model specifics for 96 neurons...
[2026-08-19 20:10:10][INFO] SIM_BRIDGE: Applying parameter heterogeneity to neuron parameters...
[2026-08-19 20:10:10][INFO] SIM_BRIDGE: Applied heterogeneity to 4 parameters.
[2026-08-19 20:10:10][INFO] SIM_BRIDGE: Initializing OU process state (tau=15.0ms, sigma=0.0pA)...
[2026-08-19 20:10:10][INFO] SIM_BRIDGE: Generating 3D neuron positions for 96 neurons...
[2026-08-19 20:10:10][INFO] SIM_BRIDGE: Generating connections (brain-region framework)...
[2026-08-19 20:10:10][INFO] SIM_BRIDGE: inject_explicit_wiring: installed 2029 synapses across 12 populations.
[2026-08-19 20:10:10][INFO] SIM_BRIDGE: Simulation data initialized for 96 neurons (3D). Synapses: 2029. GPU memory: 0.0GB/9223372036.9GB (0.0%)
[2026-08-19 20:10:10][INFO] SIM_BRIDGE: NumPy backend (CPU (NumPy backend), 8589934592.0 GB RAM available)
[2026-08-19 20:10:10][INFO] SIM_BRIDGE: Initializing simulation data for model: IZHIKEVICH (3D)... (playback_init: False)
[2026-08-19 20:10:10][INFO] SIM_BRIDGE: Brain-region framework: 7 regions, 96 total neurons, 12 pathways.
[2026-08-19 20:10:10][INFO] SIM_BRIDGE: RNG initialized with seed: 48
[2026-08-19 20:10:10][INFO] SIM_BRIDGE: Initializing Izhikevich model specifics for 96 neurons...
[2026-08-19 20:10:10][INFO] SIM_BRIDGE: Applying parameter heterogeneity to neuron parameters...
[2026-08-19 20:10:10][INFO] SIM_BRIDGE: Applied heterogeneity to 4 parameters.
[2026-08-19 20:10:10][INFO] SIM_BRIDGE: Initializing OU process state (tau=15.0ms, sigma=0.0pA)...
[2026-08-19 20:10:10][INFO] SIM_BRIDGE: Generating 3D neuron positions for 96 neurons...
[2026-08-19 20:10:10][INFO] SIM_BRIDGE: Generating connections (brain-region framework)...
[2026-08-19 20:10:10][INFO] SIM_BRIDGE: inject_explicit_wiring: installed 2007 synapses across 12 populations.
[2026-08-19 20:10:10][INFO] SIM_BRIDGE: Simulation data initialized for 96 neurons (3D). Synapses: 2007. GPU memory: 0.0GB/9223372036.9GB (0.0%)
[2026-08-19 20:10:10][INFO] SIM_BRIDGE: NumPy backend (CPU (NumPy backend), 8589934592.0 GB RAM available)
[2026-08-19 20:10:10][INFO] SIM_BRIDGE: Initializing simulation data for model: IZHIKEVICH (3D)... (playback_init: False)
[2026-08-19 20:10:10][INFO] SIM_BRIDGE: Brain-region framework: 7 regions, 96 total neurons, 12 pathways.
[2026-08-19 20:10:10][INFO] SIM_BRIDGE: RNG initialized with seed: 51
[2026-08-19 20:10:10][INFO] SIM_BRIDGE: Initializing Izhikevich model specifics for 96 neurons...
[2026-08-19 20:10:10][INFO] SIM_BRIDGE: Applying parameter heterogeneity to neuron parameters...
[2026-08-19 20:10:10][INFO] SIM_BRIDGE: Applied heterogeneity to 4 parameters.
[2026-08-19 20:10:10][INFO] SIM_BRIDGE: Initializing OU process state (tau=15.0ms, sigma=0.0pA)...
[2026-08-19 20:10:10][INFO] SIM_BRIDGE: Generating 3D neuron positions for 96 neurons...
[2026-08-19 20:10:10][INFO] SIM_BRIDGE: Generating connections (brain-region framework)...
[2026-08-19 20:10:10][INFO] SIM_BRIDGE: inject_explicit_wiring: installed 2043 synapses across 12 populations.
[2026-08-19 20:10:10][INFO] SIM_BRIDGE: Simulation data initialized for 96 neurons (3D). Synapses: 2043. GPU memory: 0.0GB/9223372036.9GB (0.0%)
[2026-08-19 20:10:10][INFO] SIM_BRIDGE: NumPy backend (CPU (NumPy backend), 8589934592.0 GB RAM available)
[2026-08-19 20:10:10][INFO] SIM_BRIDGE: Initializing simulation data for model: IZHIKEVICH (3D)... (playback_init: False)
[2026-08-19 20:10:10][INFO] SIM_BRIDGE: RNG initialized with seed: 42
[2026-08-19 20:10:10][INFO] SIM_BRIDGE: Initializing Izhikevich model specifics for 45856 neurons...
[2026-08-19 20:10:10][INFO] SIM_BRIDGE: Applying parameter heterogeneity to neuron parameters...
[2026-08-19 20:10:10][INFO] SIM_BRIDGE: Applied heterogeneity to 4 parameters.
[2026-08-19 20:10:10][INFO] SIM_BRIDGE: Initializing OU process state (tau=15.0ms, sigma=20.0pA)...
[2026-08-19 20:10:10][INFO] SIM_BRIDGE: Generating 3D neuron positions for 45856 neurons...
[2026-08-19 20:10:10][INFO] SIM_BRIDGE: Generating connections (3D)...
[2026-08-19 20:10:10][INFO] SIM_BRIDGE: Simulation data initialized for 45856 neurons (3D). Synapses: 0. GPU memory: 0.0GB/9223372036.9GB (0.0%)
[2026-08-19 20:10:10][INFO] SIM_BRIDGE: inject_explicit_wiring: installed 720 synapses across 1 populations.
[2026-08-19 20:10:40][INFO] SIM_BRIDGE: NumPy backend (CPU (NumPy backend), 8589934592.0 GB RAM available)
[2026-08-19 20:10:40][INFO] SIM_BRIDGE: Initializing simulation data for model: IZHIKEVICH (3D)... (playback_init: False)
[2026-08-19 20:10:40][INFO] SIM_BRIDGE: Brain-region framework: 2 regions, 1800 total neurons, 3 pathways.
[2026-08-19 20:10:40][INFO] SIM_BRIDGE: RNG initialized with seed: 42
[2026-08-19 20:10:40][INFO] SIM_BRIDGE: Initializing Izhikevich model specifics for 1800 neurons...
[2026-08-19 20:10:40][INFO] SIM_BRIDGE: Applying parameter heterogeneity to neuron parameters...
[2026-08-19 20:10:40][INFO] SIM_BRIDGE: Applied heterogeneity to 4 parameters.
[2026-08-19 20:10:40][INFO] SIM_BRIDGE: Initializing OU process state (tau=15.0ms, sigma=0.0pA)...
[2026-08-19 20:10:40][INFO] SIM_BRIDGE: Generating 3D neuron positions for 1800 neurons...
[2026-08-19 20:10:40][INFO] SIM_BRIDGE: Generating connections (brain-region framework)...
[2026-08-19 20:10:41][INFO] SIM_BRIDGE: inject_explicit_wiring: installed 1619529 synapses across 3 populations.
[2026-08-19 20:10:41][INFO] SIM_BRIDGE: Simulation data initialized for 1800 neurons (3D). Synapses: 1619529. GPU memory: 0.0GB/9223372036.9GB (0.0%)
[2026-08-19 20:10:41][INFO] SIM_BRIDGE: NumPy backend (CPU (NumPy backend), 8589934592.0 GB RAM available)
[2026-08-19 20:10:41][INFO] SIM_BRIDGE: Initializing simulation data for model: IZHIKEVICH (3D)... (playback_init: False)
[2026-08-19 20:10:41][INFO] SIM_BRIDGE: RNG initialized with seed: 42
[2026-08-19 20:10:41][INFO] SIM_BRIDGE: Initializing Izhikevich model specifics for 224 neurons...
[2026-08-19 20:10:41][INFO] SIM_BRIDGE: Applying parameter heterogeneity to neuron parameters...
[2026-08-19 20:10:41][INFO] SIM_BRIDGE: Applied heterogeneity to 4 parameters.
[2026-08-19 20:10:41][INFO] SIM_BRIDGE: Initializing OU process state (tau=15.0ms, sigma=20.0pA)...
[2026-08-19 20:10:41][INFO] SIM_BRIDGE: Generating 3D neuron positions for 224 neurons...
[2026-08-19 20:10:41][INFO] SIM_BRIDGE: Generating connections (3D)...
[2026-08-19 20:10:41][INFO] SIM_BRIDGE: Simulation data initialized for 224 neurons (3D). Synapses: 0. GPU memory: 0.0GB/9223372036.9GB (0.0%)
[2026-08-19 20:10:41][INFO] SIM_BRIDGE: inject_explicit_wiring: installed 4800 synapses across 1 populations.
[2026-08-19 20:11:19][INFO] SIM_BRIDGE: NumPy backend (CPU (NumPy backend), 8589934592.0 GB RAM available)
[2026-08-19 20:11:19][INFO] SIM_BRIDGE: Initializing simulation data for model: IZHIKEVICH (3D)... (playback_init: False)
[2026-08-19 20:11:19][INFO] SIM_BRIDGE: RNG initialized with seed: 42
[2026-08-19 20:11:19][INFO] SIM_BRIDGE: Initializing Izhikevich model specifics for 144 neurons...
[2026-08-19 20:11:19][INFO] SIM_BRIDGE: Applying parameter heterogeneity to neuron parameters...
[2026-08-19 20:11:19][INFO] SIM_BRIDGE: Applied heterogeneity to 4 parameters.
[2026-08-19 20:11:19][INFO] SIM_BRIDGE: Initializing OU process state (tau=15.0ms, sigma=0.0pA)...
[2026-08-19 20:11:19][INFO] SIM_BRIDGE: Generating 3D neuron positions for 144 neurons...
[2026-08-19 20:11:19][INFO] SIM_BRIDGE: Generating connections (3D)...
[2026-08-19 20:11:19][INFO] SIM_BRIDGE: Simulation data initialized for 144 neurons (3D). Synapses: 0. GPU memory: 0.0GB/9223372036.9GB (0.0%)
[2026-08-19 20:11:19][INFO] SIM_BRIDGE: NumPy backend (CPU (NumPy backend), 8589934592.0 GB RAM available)
[2026-08-19 20:11:19][INFO] SIM_BRIDGE: Initializing simulation data for model: IZHIKEVICH (3D)... (playback_init: False)
[2026-08-19 20:11:19][INFO] SIM_BRIDGE: RNG initialized with seed: 42
[2026-08-19 20:11:19][INFO] SIM_BRIDGE: Initializing Izhikevich model specifics for 2 neurons...
[2026-08-19 20:11:19][INFO] SIM_BRIDGE: Applying parameter heterogeneity to neuron parameters...
[2026-08-19 20:11:19][INFO] SIM_BRIDGE: Applied heterogeneity to 4 parameters.
[2026-08-19 20:11:19][INFO] SIM_BRIDGE: Initializing OU process state (tau=15.0ms, sigma=0.0pA)...
[2026-08-19 20:11:19][INFO] SIM_BRIDGE: Generating 3D neuron positions for 2 neurons...
[2026-08-19 20:11:19][INFO] SIM_BRIDGE: Generating connections (3D)...
[2026-08-19 20:11:19][INFO] SIM_BRIDGE: Simulation data initialized for 2 neurons (3D). Synapses: 0. GPU memory: 0.0GB/9223372036.9GB (0.0%)
  [discourse-register        ] answer_changed=False meta_present=True  -> OBSERVER_OR_FEEDER
      intact : "I don't know who was doing it before -- no earlier event yet."
      lesion : "I don't know who was doing it before -- no earlier event yet."
[2026-08-19 20:11:27][INFO] SIM_BRIDGE: NumPy backend (CPU (NumPy backend), 8589934592.0 GB RAM available)
[2026-08-19 20:11:27][INFO] SIM_BRIDGE: Initializing simulation data for model: IZHIKEVICH (3D)... (playback_init: False)
[2026-08-19 20:11:27][INFO] SIM_BRIDGE: RNG initialized with seed: 42
[2026-08-19 20:11:27][INFO] SIM_BRIDGE: Initializing Izhikevich model specifics for 45856 neurons...
[2026-08-19 20:11:27][INFO] SIM_BRIDGE: Applying parameter heterogeneity to neuron parameters...
[2026-08-19 20:11:27][INFO] SIM_BRIDGE: Applied heterogeneity to 4 parameters.
[2026-08-19 20:11:27][INFO] SIM_BRIDGE: Initializing OU process state (tau=15.0ms, sigma=20.0pA)...
[2026-08-19 20:11:27][INFO] SIM_BRIDGE: Generating 3D neuron positions for 45856 neurons...
[2026-08-19 20:11:27][INFO] SIM_BRIDGE: Generating connections (3D)...
[2026-08-19 20:11:27][INFO] SIM_BRIDGE: Simulation data initialized for 45856 neurons (3D). Synapses: 0. GPU memory: 0.0GB/9223372036.9GB (0.0%)
[2026-08-19 20:11:27][INFO] SIM_BRIDGE: inject_explicit_wiring: installed 720 synapses across 1 populations.
[2026-08-19 20:11:57][INFO] SIM_BRIDGE: NumPy backend (CPU (NumPy backend), 8589934592.0 GB RAM available)
[2026-08-19 20:11:57][INFO] SIM_BRIDGE: Initializing simulation data for model: IZHIKEVICH (3D)... (playback_init: False)
[2026-08-19 20:11:57][INFO] SIM_BRIDGE: Brain-region framework: 2 regions, 1800 total neurons, 3 pathways.
[2026-08-19 20:11:57][INFO] SIM_BRIDGE: RNG initialized with seed: 42
[2026-08-19 20:11:57][INFO] SIM_BRIDGE: Initializing Izhikevich model specifics for 1800 neurons...
[2026-08-19 20:11:57][INFO] SIM_BRIDGE: Applying parameter heterogeneity to neuron parameters...
[2026-08-19 20:11:57][INFO] SIM_BRIDGE: Applied heterogeneity to 4 parameters.
[2026-08-19 20:11:57][INFO] SIM_BRIDGE: Initializing OU process state (tau=15.0ms, sigma=0.0pA)...
[2026-08-19 20:11:57][INFO] SIM_BRIDGE: Generating 3D neuron positions for 1800 neurons...
[2026-08-19 20:11:57][INFO] SIM_BRIDGE: Generating connections (brain-region framework)...
[2026-08-19 20:11:58][INFO] SIM_BRIDGE: inject_explicit_wiring: installed 1619529 synapses across 3 populations.
[2026-08-19 20:11:58][INFO] SIM_BRIDGE: Simulation data initialized for 1800 neurons (3D). Synapses: 1619529. GPU memory: 0.0GB/9223372036.9GB (0.0%)
[2026-08-19 20:11:58][INFO] SIM_BRIDGE: NumPy backend (CPU (NumPy backend), 8589934592.0 GB RAM available)
[2026-08-19 20:11:58][INFO] SIM_BRIDGE: Initializing simulation data for model: IZHIKEVICH (3D)... (playback_init: False)
[2026-08-19 20:11:58][INFO] SIM_BRIDGE: RNG initialized with seed: 42
[2026-08-19 20:11:58][INFO] SIM_BRIDGE: Initializing Izhikevich model specifics for 224 neurons...
[2026-08-19 20:11:58][INFO] SIM_BRIDGE: Applying parameter heterogeneity to neuron parameters...
[2026-08-19 20:11:58][INFO] SIM_BRIDGE: Applied heterogeneity to 4 parameters.
[2026-08-19 20:11:58][INFO] SIM_BRIDGE: Initializing OU process state (tau=15.0ms, sigma=20.0pA)...
[2026-08-19 20:11:58][INFO] SIM_BRIDGE: Generating 3D neuron positions for 224 neurons...
[2026-08-19 20:11:58][INFO] SIM_BRIDGE: Generating connections (3D)...
[2026-08-19 20:11:58][INFO] SIM_BRIDGE: Simulation data initialized for 224 neurons (3D). Synapses: 0. GPU memory: 0.0GB/9223372036.9GB (0.0%)
[2026-08-19 20:11:58][INFO] SIM_BRIDGE: inject_explicit_wiring: installed 4800 synapses across 1 populations.
[2026-08-19 20:12:35][INFO] SIM_BRIDGE: NumPy backend (CPU (NumPy backend), 8589934592.0 GB RAM available)
[2026-08-19 20:12:35][INFO] SIM_BRIDGE: Initializing simulation data for model: IZHIKEVICH (3D)... (playback_init: False)
[2026-08-19 20:12:35][INFO] SIM_BRIDGE: RNG initialized with seed: 295
[2026-08-19 20:12:35][INFO] SIM_BRIDGE: Initializing Izhikevich model specifics for 96 neurons...
[2026-08-19 20:12:35][INFO] SIM_BRIDGE: Applying parameter heterogeneity to neuron parameters...
[2026-08-19 20:12:35][INFO] SIM_BRIDGE: Applied heterogeneity to 4 parameters.
[2026-08-19 20:12:35][INFO] SIM_BRIDGE: Initializing OU process state (tau=15.0ms, sigma=200.0pA)...
[2026-08-19 20:12:35][INFO] SIM_BRIDGE: Generating 3D neuron positions for 96 neurons...
[2026-08-19 20:12:35][INFO] SIM_BRIDGE: Generating connections (3D)...
[2026-08-19 20:12:35][INFO] SIM_BRIDGE: Simulation data initialized for 96 neurons (3D). Synapses: 0. GPU memory: 0.0GB/9223372036.9GB (0.0%)
[2026-08-19 20:12:44][INFO] SIM_BRIDGE: NumPy backend (CPU (NumPy backend), 8589934592.0 GB RAM available)
[2026-08-19 20:12:44][INFO] SIM_BRIDGE: Initializing simulation data for model: IZHIKEVICH (3D)... (playback_init: False)
[2026-08-19 20:12:44][INFO] SIM_BRIDGE: RNG initialized with seed: 42
[2026-08-19 20:12:44][INFO] SIM_BRIDGE: Initializing Izhikevich model specifics for 45856 neurons...
[2026-08-19 20:12:44][INFO] SIM_BRIDGE: Applying parameter heterogeneity to neuron parameters...
[2026-08-19 20:12:44][INFO] SIM_BRIDGE: Applied heterogeneity to 4 parameters.
[2026-08-19 20:12:44][INFO] SIM_BRIDGE: Initializing OU process state (tau=15.0ms, sigma=20.0pA)...
[2026-08-19 20:12:44][INFO] SIM_BRIDGE: Generating 3D neuron positions for 45856 neurons...
[2026-08-19 20:12:44][INFO] SIM_BRIDGE: Generating connections (3D)...
[2026-08-19 20:12:44][INFO] SIM_BRIDGE: Simulation data initialized for 45856 neurons (3D). Synapses: 0. GPU memory: 0.0GB/9223372036.9GB (0.0%)
[2026-08-19 20:12:44][INFO] SIM_BRIDGE: inject_explicit_wiring: installed 720 synapses across 1 populations.
[2026-08-19 20:13:14][INFO] SIM_BRIDGE: NumPy backend (CPU (NumPy backend), 8589934592.0 GB RAM available)
[2026-08-19 20:13:14][INFO] SIM_BRIDGE: Initializing simulation data for model: IZHIKEVICH (3D)... (playback_init: False)
[2026-08-19 20:13:14][INFO] SIM_BRIDGE: Brain-region framework: 2 regions, 1800 total neurons, 3 pathways.
[2026-08-19 20:13:14][INFO] SIM_BRIDGE: RNG initialized with seed: 42
[2026-08-19 20:13:14][INFO] SIM_BRIDGE: Initializing Izhikevich model specifics for 1800 neurons...
[2026-08-19 20:13:14][INFO] SIM_BRIDGE: Applying parameter heterogeneity to neuron parameters...
[2026-08-19 20:13:14][INFO] SIM_BRIDGE: Applied heterogeneity to 4 parameters.
[2026-08-19 20:13:14][INFO] SIM_BRIDGE: Initializing OU process state (tau=15.0ms, sigma=0.0pA)...
[2026-08-19 20:13:14][INFO] SIM_BRIDGE: Generating 3D neuron positions for 1800 neurons...
[2026-08-19 20:13:14][INFO] SIM_BRIDGE: Generating connections (brain-region framework)...
[2026-08-19 20:13:15][INFO] SIM_BRIDGE: inject_explicit_wiring: installed 1619529 synapses across 3 populations.
[2026-08-19 20:13:16][INFO] SIM_BRIDGE: Simulation data initialized for 1800 neurons (3D). Synapses: 1619529. GPU memory: 0.0GB/9223372036.9GB (0.0%)
[2026-08-19 20:13:16][INFO] SIM_BRIDGE: NumPy backend (CPU (NumPy backend), 8589934592.0 GB RAM available)
[2026-08-19 20:13:16][INFO] SIM_BRIDGE: Initializing simulation data for model: IZHIKEVICH (3D)... (playback_init: False)
[2026-08-19 20:13:16][INFO] SIM_BRIDGE: RNG initialized with seed: 42
[2026-08-19 20:13:16][INFO] SIM_BRIDGE: Initializing Izhikevich model specifics for 224 neurons...
[2026-08-19 20:13:16][INFO] SIM_BRIDGE: Applying parameter heterogeneity to neuron parameters...
[2026-08-19 20:13:16][INFO] SIM_BRIDGE: Applied heterogeneity to 4 parameters.
[2026-08-19 20:13:16][INFO] SIM_BRIDGE: Initializing OU process state (tau=15.0ms, sigma=20.0pA)...
[2026-08-19 20:13:16][INFO] SIM_BRIDGE: Generating 3D neuron positions for 224 neurons...
[2026-08-19 20:13:16][INFO] SIM_BRIDGE: Generating connections (3D)...
[2026-08-19 20:13:16][INFO] SIM_BRIDGE: Simulation data initialized for 224 neurons (3D). Synapses: 0. GPU memory: 0.0GB/9223372036.9GB (0.0%)
[2026-08-19 20:13:16][INFO] SIM_BRIDGE: inject_explicit_wiring: installed 4800 synapses across 1 populations.
[2026-08-19 20:13:54][INFO] SIM_BRIDGE: NumPy backend (CPU (NumPy backend), 8589934592.0 GB RAM available)
[2026-08-19 20:13:54][INFO] SIM_BRIDGE: Initializing simulation data for model: IZHIKEVICH (3D)... (playback_init: False)
[2026-08-19 20:13:54][INFO] SIM_BRIDGE: RNG initialized with seed: 42
[2026-08-19 20:13:54][INFO] SIM_BRIDGE: Initializing Izhikevich model specifics for 144 neurons...
[2026-08-19 20:13:54][INFO] SIM_BRIDGE: Applying parameter heterogeneity to neuron parameters...
[2026-08-19 20:13:54][INFO] SIM_BRIDGE: Applied heterogeneity to 4 parameters.
[2026-08-19 20:13:54][INFO] SIM_BRIDGE: Initializing OU process state (tau=15.0ms, sigma=0.0pA)...
[2026-08-19 20:13:54][INFO] SIM_BRIDGE: Generating 3D neuron positions for 144 neurons...
[2026-08-19 20:13:54][INFO] SIM_BRIDGE: Generating connections (3D)...
[2026-08-19 20:13:54][INFO] SIM_BRIDGE: Simulation data initialized for 144 neurons (3D). Synapses: 0. GPU memory: 0.0GB/9223372036.9GB (0.0%)
[2026-08-19 20:13:54][INFO] SIM_BRIDGE: NumPy backend (CPU (NumPy backend), 8589934592.0 GB RAM available)
[2026-08-19 20:13:54][INFO] SIM_BRIDGE: Initializing simulation data for model: IZHIKEVICH (3D)... (playback_init: False)
[2026-08-19 20:13:54][INFO] SIM_BRIDGE: RNG initialized with seed: 42
[2026-08-19 20:13:54][INFO] SIM_BRIDGE: Initializing Izhikevich model specifics for 2 neurons...
[2026-08-19 20:13:54][INFO] SIM_BRIDGE: Applying parameter heterogeneity to neuron parameters...
[2026-08-19 20:13:54][INFO] SIM_BRIDGE: Applied heterogeneity to 4 parameters.
[2026-08-19 20:13:54][INFO] SIM_BRIDGE: Initializing OU process state (tau=15.0ms, sigma=0.0pA)...
[2026-08-19 20:13:54][INFO] SIM_BRIDGE: Generating 3D neuron positions for 2 neurons...
[2026-08-19 20:13:54][INFO] SIM_BRIDGE: Generating connections (3D)...
[2026-08-19 20:13:54][INFO] SIM_BRIDGE: Simulation data initialized for 2 neurons (3D). Synapses: 0. GPU memory: 0.0GB/9223372036.9GB (0.0%)
  [open-ended-generation     ] answer_changed=False meta_present=False -> NO_OBSERVED_EFFECT
      intact : "I don't know about that."
      lesion : "I don't know about that."
[2026-08-19 20:14:01][INFO] SIM_BRIDGE: NumPy backend (CPU (NumPy backend), 8589934592.0 GB RAM available)
[2026-08-19 20:14:01][INFO] SIM_BRIDGE: Initializing simulation data for model: IZHIKEVICH (3D)... (playback_init: False)
[2026-08-19 20:14:01][INFO] SIM_BRIDGE: Brain-region framework: 7 regions, 96 total neurons, 12 pathways.
[2026-08-19 20:14:01][INFO] SIM_BRIDGE: RNG initialized with seed: 42
[2026-08-19 20:14:01][INFO] SIM_BRIDGE: Initializing Izhikevich model specifics for 96 neurons...
[2026-08-19 20:14:01][INFO] SIM_BRIDGE: Applying parameter heterogeneity to neuron parameters...
[2026-08-19 20:14:01][INFO] SIM_BRIDGE: Applied heterogeneity to 4 parameters.
[2026-08-19 20:14:01][INFO] SIM_BRIDGE: Initializing OU process state (tau=15.0ms, sigma=0.0pA)...
[2026-08-19 20:14:01][INFO] SIM_BRIDGE: Generating 3D neuron positions for 96 neurons...
[2026-08-19 20:14:01][INFO] SIM_BRIDGE: Generating connections (brain-region framework)...
[2026-08-19 20:14:01][INFO] SIM_BRIDGE: inject_explicit_wiring: installed 2057 synapses across 12 populations.
[2026-08-19 20:14:01][INFO] SIM_BRIDGE: Simulation data initialized for 96 neurons (3D). Synapses: 2057. GPU memory: 0.0GB/9223372036.9GB (0.0%)
[2026-08-19 20:14:01][INFO] SIM_BRIDGE: NumPy backend (CPU (NumPy backend), 8589934592.0 GB RAM available)
[2026-08-19 20:14:01][INFO] SIM_BRIDGE: Initializing simulation data for model: IZHIKEVICH (3D)... (playback_init: False)
[2026-08-19 20:14:01][INFO] SIM_BRIDGE: Brain-region framework: 7 regions, 96 total neurons, 12 pathways.
[2026-08-19 20:14:01][INFO] SIM_BRIDGE: RNG initialized with seed: 45
[2026-08-19 20:14:01][INFO] SIM_BRIDGE: Initializing Izhikevich model specifics for 96 neurons...
[2026-08-19 20:14:01][INFO] SIM_BRIDGE: Applying parameter heterogeneity to neuron parameters...
[2026-08-19 20:14:01][INFO] SIM_BRIDGE: Applied heterogeneity to 4 parameters.
[2026-08-19 20:14:01][INFO] SIM_BRIDGE: Initializing OU process state (tau=15.0ms, sigma=0.0pA)...
[2026-08-19 20:14:01][INFO] SIM_BRIDGE: Generating 3D neuron positions for 96 neurons...
[2026-08-19 20:14:01][INFO] SIM_BRIDGE: Generating connections (brain-region framework)...
[2026-08-19 20:14:01][INFO] SIM_BRIDGE: inject_explicit_wiring: installed 2029 synapses across 12 populations.
[2026-08-19 20:14:01][INFO] SIM_BRIDGE: Simulation data initialized for 96 neurons (3D). Synapses: 2029. GPU memory: 0.0GB/9223372036.9GB (0.0%)
[2026-08-19 20:14:01][INFO] SIM_BRIDGE: NumPy backend (CPU (NumPy backend), 8589934592.0 GB RAM available)
[2026-08-19 20:14:01][INFO] SIM_BRIDGE: Initializing simulation data for model: IZHIKEVICH (3D)... (playback_init: False)
[2026-08-19 20:14:01][INFO] SIM_BRIDGE: Brain-region framework: 7 regions, 96 total neurons, 12 pathways.
[2026-08-19 20:14:01][INFO] SIM_BRIDGE: RNG initialized with seed: 48
[2026-08-19 20:14:01][INFO] SIM_BRIDGE: Initializing Izhikevich model specifics for 96 neurons...
[2026-08-19 20:14:01][INFO] SIM_BRIDGE: Applying parameter heterogeneity to neuron parameters...
[2026-08-19 20:14:01][INFO] SIM_BRIDGE: Applied heterogeneity to 4 parameters.
[2026-08-19 20:14:01][INFO] SIM_BRIDGE: Initializing OU process state (tau=15.0ms, sigma=0.0pA)...
[2026-08-19 20:14:01][INFO] SIM_BRIDGE: Generating 3D neuron positions for 96 neurons...
[2026-08-19 20:14:01][INFO] SIM_BRIDGE: Generating connections (brain-region framework)...
[2026-08-19 20:14:01][INFO] SIM_BRIDGE: inject_explicit_wiring: installed 2007 synapses across 12 populations.
[2026-08-19 20:14:01][INFO] SIM_BRIDGE: Simulation data initialized for 96 neurons (3D). Synapses: 2007. GPU memory: 0.0GB/9223372036.9GB (0.0%)
[2026-08-19 20:14:01][INFO] SIM_BRIDGE: NumPy backend (CPU (NumPy backend), 8589934592.0 GB RAM available)
[2026-08-19 20:14:01][INFO] SIM_BRIDGE: Initializing simulation data for model: IZHIKEVICH (3D)... (playback_init: False)
[2026-08-19 20:14:01][INFO] SIM_BRIDGE: Brain-region framework: 7 regions, 96 total neurons, 12 pathways.
[2026-08-19 20:14:01][INFO] SIM_BRIDGE: RNG initialized with seed: 51
[2026-08-19 20:14:01][INFO] SIM_BRIDGE: Initializing Izhikevich model specifics for 96 neurons...
[2026-08-19 20:14:01][INFO] SIM_BRIDGE: Applying parameter heterogeneity to neuron parameters...
[2026-08-19 20:14:01][INFO] SIM_BRIDGE: Applied heterogeneity to 4 parameters.
[2026-08-19 20:14:01][INFO] SIM_BRIDGE: Initializing OU process state (tau=15.0ms, sigma=0.0pA)...
[2026-08-19 20:14:01][INFO] SIM_BRIDGE: Generating 3D neuron positions for 96 neurons...
[2026-08-19 20:14:01][INFO] SIM_BRIDGE: Generating connections (brain-region framework)...
[2026-08-19 20:14:01][INFO] SIM_BRIDGE: inject_explicit_wiring: installed 2043 synapses across 12 populations.
[2026-08-19 20:14:01][INFO] SIM_BRIDGE: Simulation data initialized for 96 neurons (3D). Synapses: 2043. GPU memory: 0.0GB/9223372036.9GB (0.0%)
[2026-08-19 20:14:01][INFO] SIM_BRIDGE: NumPy backend (CPU (NumPy backend), 8589934592.0 GB RAM available)
[2026-08-19 20:14:01][INFO] SIM_BRIDGE: Initializing simulation data for model: IZHIKEVICH (3D)... (playback_init: False)
[2026-08-19 20:14:01][INFO] SIM_BRIDGE: RNG initialized with seed: 42
[2026-08-19 20:14:01][INFO] SIM_BRIDGE: Initializing Izhikevich model specifics for 45856 neurons...
[2026-08-19 20:14:01][INFO] SIM_BRIDGE: Applying parameter heterogeneity to neuron parameters...
[2026-08-19 20:14:01][INFO] SIM_BRIDGE: Applied heterogeneity to 4 parameters.
[2026-08-19 20:14:01][INFO] SIM_BRIDGE: Initializing OU process state (tau=15.0ms, sigma=20.0pA)...
[2026-08-19 20:14:01][INFO] SIM_BRIDGE: Generating 3D neuron positions for 45856 neurons...
[2026-08-19 20:14:01][INFO] SIM_BRIDGE: Generating connections (3D)...
[2026-08-19 20:14:01][INFO] SIM_BRIDGE: Simulation data initialized for 45856 neurons (3D). Synapses: 0. GPU memory: 0.0GB/9223372036.9GB (0.0%)
[2026-08-19 20:14:01][INFO] SIM_BRIDGE: inject_explicit_wiring: installed 720 synapses across 1 populations.
[2026-08-19 20:14:31][INFO] SIM_BRIDGE: NumPy backend (CPU (NumPy backend), 8589934592.0 GB RAM available)
[2026-08-19 20:14:31][INFO] SIM_BRIDGE: Initializing simulation data for model: IZHIKEVICH (3D)... (playback_init: False)
[2026-08-19 20:14:31][INFO] SIM_BRIDGE: Brain-region framework: 2 regions, 1800 total neurons, 3 pathways.
[2026-08-19 20:14:31][INFO] SIM_BRIDGE: RNG initialized with seed: 42
[2026-08-19 20:14:31][INFO] SIM_BRIDGE: Initializing Izhikevich model specifics for 1800 neurons...
[2026-08-19 20:14:31][INFO] SIM_BRIDGE: Applying parameter heterogeneity to neuron parameters...
[2026-08-19 20:14:31][INFO] SIM_BRIDGE: Applied heterogeneity to 4 parameters.
[2026-08-19 20:14:31][INFO] SIM_BRIDGE: Initializing OU process state (tau=15.0ms, sigma=0.0pA)...
[2026-08-19 20:14:31][INFO] SIM_BRIDGE: Generating 3D neuron positions for 1800 neurons...
[2026-08-19 20:14:31][INFO] SIM_BRIDGE: Generating connections (brain-region framework)...
[2026-08-19 20:14:33][INFO] SIM_BRIDGE: inject_explicit_wiring: installed 1619529 synapses across 3 populations.
[2026-08-19 20:14:33][INFO] SIM_BRIDGE: Simulation data initialized for 1800 neurons (3D). Synapses: 1619529. GPU memory: 0.0GB/9223372036.9GB (0.0%)
[2026-08-19 20:14:33][INFO] SIM_BRIDGE: NumPy backend (CPU (NumPy backend), 8589934592.0 GB RAM available)
[2026-08-19 20:14:33][INFO] SIM_BRIDGE: Initializing simulation data for model: IZHIKEVICH (3D)... (playback_init: False)
[2026-08-19 20:14:33][INFO] SIM_BRIDGE: RNG initialized with seed: 42
[2026-08-19 20:14:33][INFO] SIM_BRIDGE: Initializing Izhikevich model specifics for 224 neurons...
[2026-08-19 20:14:33][INFO] SIM_BRIDGE: Applying parameter heterogeneity to neuron parameters...
[2026-08-19 20:14:33][INFO] SIM_BRIDGE: Applied heterogeneity to 4 parameters.
[2026-08-19 20:14:33][INFO] SIM_BRIDGE: Initializing OU process state (tau=15.0ms, sigma=20.0pA)...
[2026-08-19 20:14:33][INFO] SIM_BRIDGE: Generating 3D neuron positions for 224 neurons...
[2026-08-19 20:14:33][INFO] SIM_BRIDGE: Generating connections (3D)...
[2026-08-19 20:14:33][INFO] SIM_BRIDGE: Simulation data initialized for 224 neurons (3D). Synapses: 0. GPU memory: 0.0GB/9223372036.9GB (0.0%)
[2026-08-19 20:14:33][INFO] SIM_BRIDGE: inject_explicit_wiring: installed 4800 synapses across 1 populations.
[2026-08-19 20:15:10][INFO] SIM_BRIDGE: NumPy backend (CPU (NumPy backend), 8589934592.0 GB RAM available)
[2026-08-19 20:15:10][INFO] SIM_BRIDGE: Initializing simulation data for model: IZHIKEVICH (3D)... (playback_init: False)
[2026-08-19 20:15:10][INFO] SIM_BRIDGE: Brain-region framework: 7 regions, 960 total neurons, 0 pathways.
[2026-08-19 20:15:10][INFO] SIM_BRIDGE: RNG initialized with seed: 42
[2026-08-19 20:15:10][INFO] SIM_BRIDGE: NMDA per-region mask: 1 regions enabled (320 neurons)
[2026-08-19 20:15:10][INFO] SIM_BRIDGE: Initializing Izhikevich model specifics for 960 neurons...
[2026-08-19 20:15:10][INFO] SIM_BRIDGE: Applying parameter heterogeneity to neuron parameters...
[2026-08-19 20:15:10][INFO] SIM_BRIDGE: Applied heterogeneity to 4 parameters.
[2026-08-19 20:15:10][INFO] SIM_BRIDGE: Initializing OU process state (tau=15.0ms, sigma=30.0pA)...
[2026-08-19 20:15:10][INFO] SIM_BRIDGE: Generating 3D neuron positions for 960 neurons...
[2026-08-19 20:15:10][INFO] SIM_BRIDGE: Generating connections (brain-region framework)...
[2026-08-19 20:15:10][WARNING] SIM_BRIDGE: inject_explicit_wiring: no synapses in plan.
[2026-08-19 20:15:10][WARNING] SIM_BRIDGE: Connection generation resulted in None. Initializing as empty matrix.
[2026-08-19 20:15:10][INFO] SIM_BRIDGE: Simulation data initialized for 960 neurons (3D). Synapses: 0. GPU memory: 0.0GB/9223372036.9GB (0.0%)
[2026-08-19 20:15:10][INFO] SIM_BRIDGE: inject_explicit_wiring: installed 140100 synapses across 17 populations.
[2026-08-19 20:15:10][INFO] SIM_BRIDGE: NumPy backend (CPU (NumPy backend), 8589934592.0 GB RAM available)
[2026-08-19 20:15:10][INFO] SIM_BRIDGE: Initializing simulation data for model: IZHIKEVICH (3D)... (playback_init: False)
[2026-08-19 20:15:10][INFO] SIM_BRIDGE: Brain-region framework: 48 regions, 25531 total neurons, 69 pathways.
[2026-08-19 20:15:10][INFO] SIM_BRIDGE: RNG initialized with seed: 42
[2026-08-19 20:15:10][INFO] SIM_BRIDGE: NMDA per-region mask: 34 regions enabled (1070 neurons)
[2026-08-19 20:15:10][INFO] SIM_BRIDGE: Initializing Izhikevich model specifics for 25531 neurons...
[2026-08-19 20:15:10][INFO] SIM_BRIDGE: Region 'affect_vplus' (50 neurons): using Izh type IZH2007_RS_CORTICAL_PYRAMIDAL
[2026-08-19 20:15:10][INFO] SIM_BRIDGE: Region 'affect_vminus' (50 neurons): using Izh type IZH2007_RS_CORTICAL_PYRAMIDAL
[2026-08-19 20:15:10][INFO] SIM_BRIDGE: Region 'affect_arousal' (50 neurons): using Izh type IZH2007_RS_CORTICAL_PYRAMIDAL
[2026-08-19 20:15:10][INFO] SIM_BRIDGE: Region 'inh_plus' (15 neurons): using Izh type IZH2007_FS_CORTICAL_INTERNEURON
[2026-08-19 20:15:10][INFO] SIM_BRIDGE: Region 'inh_minus' (15 neurons): using Izh type IZH2007_FS_CORTICAL_INTERNEURON
[2026-08-19 20:15:10][INFO] SIM_BRIDGE: Region 'recall_pos' (40 neurons): using Izh type IZH2007_RS_CORTICAL_PYRAMIDAL
[2026-08-19 20:15:10][INFO] SIM_BRIDGE: Region 'recall_neg' (40 neurons): using Izh type IZH2007_RS_CORTICAL_PYRAMIDAL
[2026-08-19 20:15:10][INFO] SIM_BRIDGE: Region 'speak_acc' (40 neurons): using Izh type IZH2007_RS_CORTICAL_PYRAMIDAL
[2026-08-19 20:15:10][INFO] SIM_BRIDGE: Region 'silence_acc' (40 neurons): using Izh type IZH2007_RS_CORTICAL_PYRAMIDAL
[2026-08-19 20:15:10][INFO] SIM_BRIDGE: Region 'wta_fs' (20 neurons): using Izh type IZH2007_FS_CORTICAL_INTERNEURON
[2026-08-19 20:15:10][INFO] SIM_BRIDGE: Region 'aff_vplus_L1' (20 neurons): using Izh type IZH2007_RS_CORTICAL_PYRAMIDAL
[2026-08-19 20:15:10][INFO] SIM_BRIDGE: Region 'aff_vplus_L2' (20 neurons): using Izh type IZH2007_RS_CORTICAL_PYRAMIDAL
[2026-08-19 20:15:10][INFO] SIM_BRIDGE: Region 'aff_vplus_L3' (20 neurons): using Izh type IZH2007_RS_CORTICAL_PYRAMIDAL
[2026-08-19 20:15:10][INFO] SIM_BRIDGE: Region 'aff_vplus_L4' (20 neurons): using Izh type IZH2007_RS_CORTICAL_PYRAMIDAL
[2026-08-19 20:15:10][INFO] SIM_BRIDGE: Region 'aff_vplus_L5' (20 neurons): using Izh type IZH2007_RS_CORTICAL_PYRAMIDAL
[2026-08-19 20:15:10][INFO] SIM_BRIDGE: Region 'aff_vplus_L6' (20 neurons): using Izh type IZH2007_RS_CORTICAL_PYRAMIDAL
[2026-08-19 20:15:10][INFO] SIM_BRIDGE: Region 'aff_vplus_L7' (20 neurons): using Izh type IZH2007_RS_CORTICAL_PYRAMIDAL
[2026-08-19 20:15:10][INFO] SIM_BRIDGE: Region 'aff_vplus_L8' (20 neurons): using Izh type IZH2007_RS_CORTICAL_PYRAMIDAL
[2026-08-19 20:15:10][INFO] SIM_BRIDGE: Region 'aff_vminus_L1' (20 neurons): using Izh type IZH2007_RS_CORTICAL_PYRAMIDAL
[2026-08-19 20:15:10][INFO] SIM_BRIDGE: Region 'aff_vminus_L2' (20 neurons): using Izh type IZH2007_RS_CORTICAL_PYRAMIDAL
[2026-08-19 20:15:10][INFO] SIM_BRIDGE: Region 'aff_vminus_L3' (20 neurons): using Izh type IZH2007_RS_CORTICAL_PYRAMIDAL
[2026-08-19 20:15:10][INFO] SIM_BRIDGE: Region 'aff_vminus_L4' (20 neurons): using Izh type IZH2007_RS_CORTICAL_PYRAMIDAL
[2026-08-19 20:15:10][INFO] SIM_BRIDGE: Region 'aff_vminus_L5' (20 neurons): using Izh type IZH2007_RS_CORTICAL_PYRAMIDAL
[2026-08-19 20:15:10][INFO] SIM_BRIDGE: Region 'aff_vminus_L6' (20 neurons): using Izh type IZH2007_RS_CORTICAL_PYRAMIDAL
[2026-08-19 20:15:10][INFO] SIM_BRIDGE: Region 'aff_vminus_L7' (20 neurons): using Izh type IZH2007_RS_CORTICAL_PYRAMIDAL
[2026-08-19 20:15:10][INFO] SIM_BRIDGE: Region 'aff_vminus_L8' (20 neurons): using Izh type IZH2007_RS_CORTICAL_PYRAMIDAL
[2026-08-19 20:15:10][INFO] SIM_BRIDGE: Region 'aff_arousal_L1' (20 neurons): using Izh type IZH2007_RS_CORTICAL_PYRAMIDAL
[2026-08-19 20:15:10][INFO] SIM_BRIDGE: Region 'aff_arousal_L2' (20 neurons): using Izh type IZH2007_RS_CORTICAL_PYRAMIDAL
[2026-08-19 20:15:10][INFO] SIM_BRIDGE: Region 'aff_arousal_L3' (20 neurons): using Izh type IZH2007_RS_CORTICAL_PYRAMIDAL
[2026-08-19 20:15:10][INFO] SIM_BRIDGE: Region 'aff_arousal_L4' (20 neurons): using Izh type IZH2007_RS_CORTICAL_PYRAMIDAL
[2026-08-19 20:15:10][INFO] SIM_BRIDGE: Region 'aff_arousal_L5' (20 neurons): using Izh type IZH2007_RS_CORTICAL_PYRAMIDAL
[2026-08-19 20:15:10][INFO] SIM_BRIDGE: Region 'aff_arousal_L6' (20 neurons): using Izh type IZH2007_RS_CORTICAL_PYRAMIDAL
[2026-08-19 20:15:10][INFO] SIM_BRIDGE: Region 'aff_arousal_L7' (20 neurons): using Izh type IZH2007_RS_CORTICAL_PYRAMIDAL
[2026-08-19 20:15:10][INFO] SIM_BRIDGE: Region 'aff_arousal_L8' (20 neurons): using Izh type IZH2007_RS_CORTICAL_PYRAMIDAL
[2026-08-19 20:15:10][INFO] SIM_BRIDGE: Region 'aff_pos_readout' (30 neurons): using Izh type IZH2007_RS_CORTICAL_PYRAMIDAL
[2026-08-19 20:15:10][INFO] SIM_BRIDGE: Region 'aff_neg_readout' (30 neurons): using Izh type IZH2007_RS_CORTICAL_PYRAMIDAL
[2026-08-19 20:15:10][INFO] SIM_BRIDGE: Region 'aff_agg_plus' (15 neurons): using Izh type IZH2007_FS_CORTICAL_INTERNEURON
[2026-08-19 20:15:10][INFO] SIM_BRIDGE: Region 'aff_agg_minus' (15 neurons): using Izh type IZH2007_FS_CORTICAL_INTERNEURON
[2026-08-19 20:15:10][INFO] SIM_BRIDGE: Applying parameter heterogeneity to neuron parameters...
[2026-08-19 20:15:10][INFO] SIM_BRIDGE: Applied heterogeneity to 4 parameters.
[2026-08-19 20:15:10][INFO] SIM_BRIDGE: Initializing OU process state (tau=15.0ms, sigma=8.0pA)...
[2026-08-19 20:15:10][INFO] SIM_BRIDGE: Generating 3D neuron positions for 25531 neurons...
[2026-08-19 20:15:10][INFO] SIM_BRIDGE: Generating connections (brain-region framework)...
[2026-08-19 20:15:10][INFO] SIM_BRIDGE: inject_explicit_wiring: installed 35543 synapses across 74 populations.
[2026-08-19 20:15:10][INFO] SIM_BRIDGE: Initialized neuromodulator subsystem with 7 modulators: ['appraisal_vplus', 'appraisal_vminus', 'appraisal_arousal', 'curiosity', 'appraisal_lad_vplus', 'appraisal_lad_vminus', 'appraisal_lad_arousal']
[2026-08-19 20:15:10][INFO] SIM_BRIDGE: Simulation data initialized for 25531 neurons (3D). Synapses: 35543. GPU memory: 0.0GB/9223372036.9GB (0.0%)
[2026-08-19 20:15:10][INFO] SIM_BRIDGE: inject_explicit_wiring: installed 91333 synapses across 112 populations.
[2026-08-19 20:15:11][INFO] SIM_BRIDGE: NumPy backend (CPU (NumPy backend), 8589934592.0 GB RAM available)
[2026-08-19 20:15:11][INFO] SIM_BRIDGE: Initializing simulation data for model: IZHIKEVICH (3D)... (playback_init: False)
[2026-08-19 20:15:11][INFO] SIM_BRIDGE: Brain-region framework: 23 regions, 1044 total neurons, 18 pathways.
[2026-08-19 20:15:11][INFO] SIM_BRIDGE: RNG initialized with seed: 42
[2026-08-19 20:15:11][INFO] SIM_BRIDGE: NMDA per-region mask: 18 regions enabled (900 neurons)
[2026-08-19 20:15:11][INFO] SIM_BRIDGE: Initializing Izhikevich model specifics for 1044 neurons...
[2026-08-19 20:15:11][INFO] SIM_BRIDGE: Region 'affect_vplus_L0' (50 neurons): using Izh type IZH2007_RS_CORTICAL_PYRAMIDAL
[2026-08-19 20:15:11][INFO] SIM_BRIDGE: Region 'affect_vplus_L1' (50 neurons): using Izh type IZH2007_RS_CORTICAL_PYRAMIDAL
[2026-08-19 20:15:11][INFO] SIM_BRIDGE: Region 'affect_vplus_L2' (50 neurons): using Izh type IZH2007_RS_CORTICAL_PYRAMIDAL
[2026-08-19 20:15:11][INFO] SIM_BRIDGE: Region 'affect_vplus_L3' (50 neurons): using Izh type IZH2007_RS_CORTICAL_PYRAMIDAL
[2026-08-19 20:15:11][INFO] SIM_BRIDGE: Region 'affect_vplus_L4' (50 neurons): using Izh type IZH2007_RS_CORTICAL_PYRAMIDAL
[2026-08-19 20:15:11][INFO] SIM_BRIDGE: Region 'affect_vplus_L5' (50 neurons): using Izh type IZH2007_RS_CORTICAL_PYRAMIDAL
[2026-08-19 20:15:11][INFO] SIM_BRIDGE: Region 'affect_vminus_L0' (50 neurons): using Izh type IZH2007_RS_CORTICAL_PYRAMIDAL
[2026-08-19 20:15:11][INFO] SIM_BRIDGE: Region 'affect_vminus_L1' (50 neurons): using Izh type IZH2007_RS_CORTICAL_PYRAMIDAL
[2026-08-19 20:15:11][INFO] SIM_BRIDGE: Region 'affect_vminus_L2' (50 neurons): using Izh type IZH2007_RS_CORTICAL_PYRAMIDAL
[2026-08-19 20:15:11][INFO] SIM_BRIDGE: Region 'affect_vminus_L3' (50 neurons): using Izh type IZH2007_RS_CORTICAL_PYRAMIDAL
[2026-08-19 20:15:11][INFO] SIM_BRIDGE: Region 'affect_vminus_L4' (50 neurons): using Izh type IZH2007_RS_CORTICAL_PYRAMIDAL
[2026-08-19 20:15:11][INFO] SIM_BRIDGE: Region 'affect_vminus_L5' (50 neurons): using Izh type IZH2007_RS_CORTICAL_PYRAMIDAL
[2026-08-19 20:15:11][INFO] SIM_BRIDGE: Region 'affect_arousal_L0' (50 neurons): using Izh type IZH2007_RS_CORTICAL_PYRAMIDAL
[2026-08-19 20:15:11][INFO] SIM_BRIDGE: Region 'affect_arousal_L1' (50 neurons): using Izh type IZH2007_RS_CORTICAL_PYRAMIDAL
[2026-08-19 20:15:11][INFO] SIM_BRIDGE: Region 'affect_arousal_L2' (50 neurons): using Izh type IZH2007_RS_CORTICAL_PYRAMIDAL
[2026-08-19 20:15:11][INFO] SIM_BRIDGE: Region 'affect_arousal_L3' (50 neurons): using Izh type IZH2007_RS_CORTICAL_PYRAMIDAL
[2026-08-19 20:15:11][INFO] SIM_BRIDGE: Region 'affect_arousal_L4' (50 neurons): using Izh type IZH2007_RS_CORTICAL_PYRAMIDAL
[2026-08-19 20:15:11][INFO] SIM_BRIDGE: Region 'affect_arousal_L5' (50 neurons): using Izh type IZH2007_RS_CORTICAL_PYRAMIDAL
[2026-08-19 20:15:11][INFO] SIM_BRIDGE: Region 'inh_plus' (12 neurons): using Izh type IZH2007_FS_CORTICAL_INTERNEURON
[2026-08-19 20:15:11][INFO] SIM_BRIDGE: Region 'inh_minus' (12 neurons): using Izh type IZH2007_FS_CORTICAL_INTERNEURON
[2026-08-19 20:15:11][INFO] SIM_BRIDGE: Region 'intero_comfort' (40 neurons): using Izh type IZH2007_RS_CORTICAL_PYRAMIDAL
[2026-08-19 20:15:11][INFO] SIM_BRIDGE: Region 'intero_discomfort' (40 neurons): using Izh type IZH2007_RS_CORTICAL_PYRAMIDAL
[2026-08-19 20:15:11][INFO] SIM_BRIDGE: Region 'intero_arousal' (40 neurons): using Izh type IZH2007_RS_CORTICAL_PYRAMIDAL
[2026-08-19 20:15:11][INFO] SIM_BRIDGE: Initializing OU process state (tau=15.0ms, sigma=8.0pA)...
[2026-08-19 20:15:11][INFO] SIM_BRIDGE: Generating 3D neuron positions for 1044 neurons...
[2026-08-19 20:15:11][INFO] SIM_BRIDGE: Generating connections (brain-region framework)...
[2026-08-19 20:15:11][INFO] SIM_BRIDGE: inject_explicit_wiring: installed 43633 synapses across 36 populations.
[2026-08-19 20:15:11][INFO] SIM_BRIDGE: Simulation data initialized for 1044 neurons (3D). Synapses: 43633. GPU memory: 0.0GB/9223372036.9GB (0.0%)
[2026-08-19 20:15:11][INFO] SIM_BRIDGE: Initializing simulation data for model: IZHIKEVICH (3D)... (playback_init: False)
[2026-08-19 20:15:11][INFO] SIM_BRIDGE: Brain-region framework: 23 regions, 1044 total neurons, 18 pathways.
[2026-08-19 20:15:11][INFO] SIM_BRIDGE: RNG initialized with seed: 42
[2026-08-19 20:15:11][INFO] SIM_BRIDGE: NMDA per-region mask: 18 regions enabled (900 neurons)
[2026-08-19 20:15:11][INFO] SIM_BRIDGE: Initializing Izhikevich model specifics for 1044 neurons...
[2026-08-19 20:15:11][INFO] SIM_BRIDGE: Region 'affect_vplus_L0' (50 neurons): using Izh type IZH2007_RS_CORTICAL_PYRAMIDAL
[2026-08-19 20:15:11][INFO] SIM_BRIDGE: Region 'affect_vplus_L1' (50 neurons): using Izh type IZH2007_RS_CORTICAL_PYRAMIDAL
[2026-08-19 20:15:11][INFO] SIM_BRIDGE: Region 'affect_vplus_L2' (50 neurons): using Izh type IZH2007_RS_CORTICAL_PYRAMIDAL
[2026-08-19 20:15:11][INFO] SIM_BRIDGE: Region 'affect_vplus_L3' (50 neurons): using Izh type IZH2007_RS_CORTICAL_PYRAMIDAL
[2026-08-19 20:15:11][INFO] SIM_BRIDGE: Region 'affect_vplus_L4' (50 neurons): using Izh type IZH2007_RS_CORTICAL_PYRAMIDAL
[2026-08-19 20:15:11][INFO] SIM_BRIDGE: Region 'affect_vplus_L5' (50 neurons): using Izh type IZH2007_RS_CORTICAL_PYRAMIDAL
[2026-08-19 20:15:11][INFO] SIM_BRIDGE: Region 'affect_vminus_L0' (50 neurons): using Izh type IZH2007_RS_CORTICAL_PYRAMIDAL
[2026-08-19 20:15:11][INFO] SIM_BRIDGE: Region 'affect_vminus_L1' (50 neurons): using Izh type IZH2007_RS_CORTICAL_PYRAMIDAL
[2026-08-19 20:15:11][INFO] SIM_BRIDGE: Region 'affect_vminus_L2' (50 neurons): using Izh type IZH2007_RS_CORTICAL_PYRAMIDAL
[2026-08-19 20:15:11][INFO] SIM_BRIDGE: Region 'affect_vminus_L3' (50 neurons): using Izh type IZH2007_RS_CORTICAL_PYRAMIDAL
[2026-08-19 20:15:11][INFO] SIM_BRIDGE: Region 'affect_vminus_L4' (50 neurons): using Izh type IZH2007_RS_CORTICAL_PYRAMIDAL
[2026-08-19 20:15:11][INFO] SIM_BRIDGE: Region 'affect_vminus_L5' (50 neurons): using Izh type IZH2007_RS_CORTICAL_PYRAMIDAL
[2026-08-19 20:15:11][INFO] SIM_BRIDGE: Region 'affect_arousal_L0' (50 neurons): using Izh type IZH2007_RS_CORTICAL_PYRAMIDAL
[2026-08-19 20:15:11][INFO] SIM_BRIDGE: Region 'affect_arousal_L1' (50 neurons): using Izh type IZH2007_RS_CORTICAL_PYRAMIDAL
[2026-08-19 20:15:11][INFO] SIM_BRIDGE: Region 'affect_arousal_L2' (50 neurons): using Izh type IZH2007_RS_CORTICAL_PYRAMIDAL
[2026-08-19 20:15:11][INFO] SIM_BRIDGE: Region 'affect_arousal_L3' (50 neurons): using Izh type IZH2007_RS_CORTICAL_PYRAMIDAL
[2026-08-19 20:15:11][INFO] SIM_BRIDGE: Region 'affect_arousal_L4' (50 neurons): using Izh type IZH2007_RS_CORTICAL_PYRAMIDAL
[2026-08-19 20:15:11][INFO] SIM_BRIDGE: Region 'affect_arousal_L5' (50 neurons): using Izh type IZH2007_RS_CORTICAL_PYRAMIDAL
[2026-08-19 20:15:11][INFO] SIM_BRIDGE: Region 'inh_plus' (12 neurons): using Izh type IZH2007_FS_CORTICAL_INTERNEURON
[2026-08-19 20:15:11][INFO] SIM_BRIDGE: Region 'inh_minus' (12 neurons): using Izh type IZH2007_FS_CORTICAL_INTERNEURON
[2026-08-19 20:15:11][INFO] SIM_BRIDGE: Region 'intero_comfort' (40 neurons): using Izh type IZH2007_RS_CORTICAL_PYRAMIDAL
[2026-08-19 20:15:11][INFO] SIM_BRIDGE: Region 'intero_discomfort' (40 neurons): using Izh type IZH2007_RS_CORTICAL_PYRAMIDAL
[2026-08-19 20:15:11][INFO] SIM_BRIDGE: Region 'intero_arousal' (40 neurons): using Izh type IZH2007_RS_CORTICAL_PYRAMIDAL
[2026-08-19 20:15:11][INFO] SIM_BRIDGE: Initializing OU process state (tau=15.0ms, sigma=8.0pA)...
[2026-08-19 20:15:11][INFO] SIM_BRIDGE: Generating 3D neuron positions for 1044 neurons...
[2026-08-19 20:15:11][INFO] SIM_BRIDGE: Generating connections (brain-region framework)...
[2026-08-19 20:15:11][INFO] SIM_BRIDGE: inject_explicit_wiring: installed 43633 synapses across 36 populations.
[2026-08-19 20:15:11][INFO] SIM_BRIDGE: Simulation data initialized for 1044 neurons (3D). Synapses: 43633. GPU memory: 0.0GB/9223372036.9GB (0.0%)
[2026-08-19 20:15:11][INFO] SIM_BRIDGE: NumPy backend (CPU (NumPy backend), 8589934592.0 GB RAM available)
[2026-08-19 20:15:11][INFO] SIM_BRIDGE: Initializing simulation data for model: IZHIKEVICH (3D)... (playback_init: False)
[2026-08-19 20:15:11][INFO] SIM_BRIDGE: Brain-region framework: 42 regions, 758 total neurons, 128 pathways.
[2026-08-19 20:15:11][INFO] SIM_BRIDGE: RNG initialized with seed: 42
[2026-08-19 20:15:11][INFO] SIM_BRIDGE: Initializing Izhikevich model specifics for 758 neurons...
[2026-08-19 20:15:11][INFO] SIM_BRIDGE: Region 'cortex_N' (25 neurons): using Izh type IZH2007_RS_CORTICAL_PYRAMIDAL
[2026-08-19 20:15:11][INFO] SIM_BRIDGE: Region 'cortex_E' (25 neurons): using Izh type IZH2007_RS_CORTICAL_PYRAMIDAL
[2026-08-19 20:15:11][INFO] SIM_BRIDGE: Region 'cortex_S' (25 neurons): using Izh type IZH2007_RS_CORTICAL_PYRAMIDAL
[2026-08-19 20:15:11][INFO] SIM_BRIDGE: Region 'cortex_W' (25 neurons): using Izh type IZH2007_RS_CORTICAL_PYRAMIDAL
[2026-08-19 20:15:11][INFO] SIM_BRIDGE: Region 'str_D1_N' (50 neurons): using Izh type IZH2007_STRIATAL_MSN_D1
[2026-08-19 20:15:11][INFO] SIM_BRIDGE: Region 'str_D2_N' (50 neurons): using Izh type IZH2007_STRIATAL_MSN_D2
[2026-08-19 20:15:11][INFO] SIM_BRIDGE: Region 'str_D1_E' (50 neurons): using Izh type IZH2007_STRIATAL_MSN_D1
[2026-08-19 20:15:11][INFO] SIM_BRIDGE: Region 'str_D2_E' (50 neurons): using Izh type IZH2007_STRIATAL_MSN_D2
[2026-08-19 20:15:11][INFO] SIM_BRIDGE: Region 'str_D1_S' (50 neurons): using Izh type IZH2007_STRIATAL_MSN_D1
[2026-08-19 20:15:11][INFO] SIM_BRIDGE: Region 'str_D2_S' (50 neurons): using Izh type IZH2007_STRIATAL_MSN_D2
[2026-08-19 20:15:11][INFO] SIM_BRIDGE: Region 'str_D1_W' (50 neurons): using Izh type IZH2007_STRIATAL_MSN_D1
[2026-08-19 20:15:11][INFO] SIM_BRIDGE: Region 'str_D2_W' (50 neurons): using Izh type IZH2007_STRIATAL_MSN_D2
[2026-08-19 20:15:11][INFO] SIM_BRIDGE: Region 'str_PV_FSI_N' (5 neurons): using Izh type IZH2007_FS_CORTICAL_INTERNEURON
[2026-08-19 20:15:11][INFO] SIM_BRIDGE: Region 'str_PV_FSI_E' (5 neurons): using Izh type IZH2007_FS_CORTICAL_INTERNEURON
[2026-08-19 20:15:11][INFO] SIM_BRIDGE: Region 'str_PV_FSI_S' (5 neurons): using Izh type IZH2007_FS_CORTICAL_INTERNEURON
[2026-08-19 20:15:11][INFO] SIM_BRIDGE: Region 'str_PV_FSI_W' (5 neurons): using Izh type IZH2007_FS_CORTICAL_INTERNEURON
[2026-08-19 20:15:11][INFO] SIM_BRIDGE: Region 'gpe_N' (10 neurons): using Izh type IZH2007_GPE_PACEMAKER
[2026-08-19 20:15:11][INFO] SIM_BRIDGE: Region 'gpe_arky_N' (4 neurons): using Izh type IZH2007_GPE_PACEMAKER
[2026-08-19 20:15:11][INFO] SIM_BRIDGE: Region 'gpi_N' (10 neurons): using Izh type IZH2007_GPI_OUTPUT
[2026-08-19 20:15:11][INFO] SIM_BRIDGE: Region 'str_striosome_N' (8 neurons): using Izh type IZH2007_STRIATAL_MSN_D1
[2026-08-19 20:15:11][INFO] SIM_BRIDGE: Region 'gpe_E' (10 neurons): using Izh type IZH2007_GPE_PACEMAKER
[2026-08-19 20:15:11][INFO] SIM_BRIDGE: Region 'gpe_arky_E' (4 neurons): using Izh type IZH2007_GPE_PACEMAKER
[2026-08-19 20:15:11][INFO] SIM_BRIDGE: Region 'gpi_E' (10 neurons): using Izh type IZH2007_GPI_OUTPUT
[2026-08-19 20:15:11][INFO] SIM_BRIDGE: Region 'str_striosome_E' (8 neurons): using Izh type IZH2007_STRIATAL_MSN_D1
[2026-08-19 20:15:11][INFO] SIM_BRIDGE: Region 'gpe_S' (10 neurons): using Izh type IZH2007_GPE_PACEMAKER
[2026-08-19 20:15:11][INFO] SIM_BRIDGE: Region 'gpe_arky_S' (4 neurons): using Izh type IZH2007_GPE_PACEMAKER
[2026-08-19 20:15:11][INFO] SIM_BRIDGE: Region 'gpi_S' (10 neurons): using Izh type IZH2007_GPI_OUTPUT
[2026-08-19 20:15:11][INFO] SIM_BRIDGE: Region 'str_striosome_S' (8 neurons): using Izh type IZH2007_STRIATAL_MSN_D1
[2026-08-19 20:15:11][INFO] SIM_BRIDGE: Region 'gpe_W' (10 neurons): using Izh type IZH2007_GPE_PACEMAKER
[2026-08-19 20:15:11][INFO] SIM_BRIDGE: Region 'gpe_arky_W' (4 neurons): using Izh type IZH2007_GPE_PACEMAKER
[2026-08-19 20:15:11][INFO] SIM_BRIDGE: Region 'gpi_W' (10 neurons): using Izh type IZH2007_GPI_OUTPUT
[2026-08-19 20:15:11][INFO] SIM_BRIDGE: Region 'str_striosome_W' (8 neurons): using Izh type IZH2007_STRIATAL_MSN_D1
[2026-08-19 20:15:11][INFO] SIM_BRIDGE: Region 'stn' (20 neurons): using Izh type IZH2007_STN_BURST
[2026-08-19 20:15:11][INFO] SIM_BRIDGE: Region 'thal_N' (10 neurons): using Izh type IZH2007_THALAMIC_RELAY
[2026-08-19 20:15:11][INFO] SIM_BRIDGE: Region 'motor_N' (10 neurons): using Izh type IZH2007_RS_CORTICAL_PYRAMIDAL
[2026-08-19 20:15:11][INFO] SIM_BRIDGE: Region 'thal_E' (10 neurons): using Izh type IZH2007_THALAMIC_RELAY
[2026-08-19 20:15:11][INFO] SIM_BRIDGE: Region 'motor_E' (10 neurons): using Izh type IZH2007_RS_CORTICAL_PYRAMIDAL
[2026-08-19 20:15:11][INFO] SIM_BRIDGE: Region 'thal_S' (10 neurons): using Izh type IZH2007_THALAMIC_RELAY
[2026-08-19 20:15:11][INFO] SIM_BRIDGE: Region 'motor_S' (10 neurons): using Izh type IZH2007_RS_CORTICAL_PYRAMIDAL
[2026-08-19 20:15:11][INFO] SIM_BRIDGE: Region 'thal_W' (10 neurons): using Izh type IZH2007_THALAMIC_RELAY
[2026-08-19 20:15:11][INFO] SIM_BRIDGE: Region 'motor_W' (10 neurons): using Izh type IZH2007_RS_CORTICAL_PYRAMIDAL
[2026-08-19 20:15:11][INFO] SIM_BRIDGE: Region 'snc' (10 neurons): using Izh type IZH2007_DOPAMINE
[2026-08-19 20:15:11][INFO] SIM_BRIDGE: Generating 3D neuron positions for 758 neurons...
[2026-08-19 20:15:11][INFO] SIM_BRIDGE: Generating connections (brain-region framework)...
[2026-08-19 20:15:11][INFO] SIM_BRIDGE: inject_explicit_wiring: installed 32839 synapses across 128 populations.
[2026-08-19 20:15:11][INFO] SIM_BRIDGE: Simulation data initialized for 758 neurons (3D). Synapses: 32839. GPU memory: 0.0GB/9223372036.9GB (0.0%)
[2026-08-19 20:15:11][INFO] SIM_BRIDGE: NumPy backend (CPU (NumPy backend), 8589934592.0 GB RAM available)
[2026-08-19 20:15:11][INFO] SIM_BRIDGE: Initializing simulation data for model: IZHIKEVICH (3D)... (playback_init: False)
[2026-08-19 20:15:11][INFO] SIM_BRIDGE: Brain-region framework: 31 regions, 624 total neurons, 90 pathways.
[2026-08-19 20:15:11][INFO] SIM_BRIDGE: RNG initialized with seed: 42
[2026-08-19 20:15:11][INFO] SIM_BRIDGE: Initializing Izhikevich model specifics for 624 neurons...
[2026-08-19 20:15:11][INFO] SIM_BRIDGE: Applying parameter heterogeneity to neuron parameters...
[2026-08-19 20:15:11][INFO] SIM_BRIDGE: Applied heterogeneity to 4 parameters.
[2026-08-19 20:15:11][INFO] SIM_BRIDGE: Initializing OU process state (tau=15.0ms, sigma=0.0pA)...
[2026-08-19 20:15:11][INFO] SIM_BRIDGE: Generating 3D neuron positions for 624 neurons...
[2026-08-19 20:15:11][INFO] SIM_BRIDGE: Generating connections (brain-region framework)...
[2026-08-19 20:15:12][INFO] SIM_BRIDGE: inject_explicit_wiring: installed 27995 synapses across 90 populations.
[2026-08-19 20:15:12][INFO] SIM_BRIDGE: Simulation data initialized for 624 neurons (3D). Synapses: 27995. GPU memory: 0.0GB/9223372036.9GB (0.0%)
[2026-08-19 20:15:13][INFO] SIM_BRIDGE: NumPy backend (CPU (NumPy backend), 8589934592.0 GB RAM available)
[2026-08-19 20:15:13][INFO] SIM_BRIDGE: Initializing simulation data for model: IZHIKEVICH (3D)... (playback_init: False)
[2026-08-19 20:15:13][INFO] SIM_BRIDGE: RNG initialized with seed: 42
[2026-08-19 20:15:13][INFO] SIM_BRIDGE: Initializing Izhikevich model specifics for 144 neurons...
[2026-08-19 20:15:13][INFO] SIM_BRIDGE: Applying parameter heterogeneity to neuron parameters...
[2026-08-19 20:15:13][INFO] SIM_BRIDGE: Applied heterogeneity to 4 parameters.
[2026-08-19 20:15:13][INFO] SIM_BRIDGE: Initializing OU process state (tau=15.0ms, sigma=0.0pA)...
[2026-08-19 20:15:13][INFO] SIM_BRIDGE: Generating 3D neuron positions for 144 neurons...
[2026-08-19 20:15:13][INFO] SIM_BRIDGE: Generating connections (3D)...
[2026-08-19 20:15:13][INFO] SIM_BRIDGE: Simulation data initialized for 144 neurons (3D). Synapses: 0. GPU memory: 0.0GB/9223372036.9GB (0.0%)
[2026-08-19 20:15:13][INFO] SIM_BRIDGE: NumPy backend (CPU (NumPy backend), 8589934592.0 GB RAM available)
[2026-08-19 20:15:13][INFO] SIM_BRIDGE: Initializing simulation data for model: IZHIKEVICH (3D)... (playback_init: False)
[2026-08-19 20:15:13][INFO] SIM_BRIDGE: RNG initialized with seed: 42
[2026-08-19 20:15:13][INFO] SIM_BRIDGE: Initializing Izhikevich model specifics for 2 neurons...
[2026-08-19 20:15:13][INFO] SIM_BRIDGE: Applying parameter heterogeneity to neuron parameters...
[2026-08-19 20:15:13][INFO] SIM_BRIDGE: Applied heterogeneity to 4 parameters.
[2026-08-19 20:15:13][INFO] SIM_BRIDGE: Initializing OU process state (tau=15.0ms, sigma=0.0pA)...
[2026-08-19 20:15:13][INFO] SIM_BRIDGE: Generating 3D neuron positions for 2 neurons...
[2026-08-19 20:15:13][INFO] SIM_BRIDGE: Generating connections (3D)...
[2026-08-19 20:15:13][INFO] SIM_BRIDGE: Simulation data initialized for 2 neurons (3D). Synapses: 0. GPU memory: 0.0GB/9223372036.9GB (0.0%)
[2026-08-19 20:15:15][INFO] SIM_BRIDGE: NumPy backend (CPU (NumPy backend), 8589934592.0 GB RAM available)
[2026-08-19 20:15:15][INFO] SIM_BRIDGE: Initializing simulation data for model: IZHIKEVICH (3D)... (playback_init: False)
[2026-08-19 20:15:15][INFO] SIM_BRIDGE: Brain-region framework: 2 regions, 1200 total neurons, 2 pathways.
[2026-08-19 20:15:15][INFO] SIM_BRIDGE: RNG initialized with seed: 42
[2026-08-19 20:15:15][INFO] SIM_BRIDGE: NMDA per-region mask: 2 regions enabled (1200 neurons)
[2026-08-19 20:15:15][INFO] SIM_BRIDGE: Initializing Izhikevich model specifics for 1200 neurons...
[2026-08-19 20:15:15][INFO] SIM_BRIDGE: Region 'cortex_ctx' (600 neurons): using Izh type IZH2007_HIPPO_PYRAMIDAL
[2026-08-19 20:15:15][INFO] SIM_BRIDGE: Region 'dlpfc_wm' (600 neurons): using Izh type IZH2007_HIPPO_PYRAMIDAL
[2026-08-19 20:15:15][INFO] SIM_BRIDGE: Applying parameter heterogeneity to neuron parameters...
[2026-08-19 20:15:15][INFO] SIM_BRIDGE: Applied heterogeneity to 4 parameters.
[2026-08-19 20:15:15][INFO] SIM_BRIDGE: Generating 3D neuron positions for 1200 neurons...
[2026-08-19 20:15:15][INFO] SIM_BRIDGE: Generating connections (brain-region framework)...
[2026-08-19 20:15:15][INFO] SIM_BRIDGE: inject_explicit_wiring: installed 107786 synapses across 4 populations.
[2026-08-19 20:15:15][INFO] SIM_BRIDGE: Initializing eligibility traces for 107786 synapses (capacity: 161679, dtype: float32)...
[2026-08-19 20:15:15][INFO] SIM_BRIDGE: Initializing STDP state for 1200 neurons...
[2026-08-19 20:15:15][INFO] SIM_BRIDGE: Simulation data initialized for 1200 neurons (3D). Synapses: 107786. GPU memory: 0.0GB/9223372036.9GB (0.0%)
[2026-08-19 20:15:15][INFO] SIM_BRIDGE: ⛔ STDP IS INERT: enable_stdp=True but runtime_state.current_time_ms is still 0.0 after 50 steps. _run_one_simulation_step() does NOT advance the clock (only step_simulation() does), so every spike shares one timestamp, delta_t==0 for every pair, and every STDP update is exactly 0.0. FIX: advance it in your loop -- `bridge.runtime_state.current_time_ms += bridge.core_config.dt_ms` after each step.
[2026-08-19 20:15:16][INFO] SIM_BRIDGE: NumPy backend (CPU (NumPy backend), 8589934592.0 GB RAM available)
[2026-08-19 20:15:16][INFO] SIM_BRIDGE: Initializing simulation data for model: IZHIKEVICH (3D)... (playback_init: False)
[2026-08-19 20:15:16][INFO] SIM_BRIDGE: Brain-region framework: 5 regions, 450 total neurons, 4 pathways.
[2026-08-19 20:15:16][INFO] SIM_BRIDGE: RNG initialized with seed: 42
[2026-08-19 20:15:16][INFO] SIM_BRIDGE: NMDA per-region mask: 2 regions enabled (240 neurons)
[2026-08-19 20:15:16][INFO] SIM_BRIDGE: Initializing Izhikevich model specifics for 450 neurons...
[2026-08-19 20:15:16][INFO] SIM_BRIDGE: Applying parameter heterogeneity to neuron parameters...
[2026-08-19 20:15:16][INFO] SIM_BRIDGE: Applied heterogeneity to 4 parameters.
[2026-08-19 20:15:16][INFO] SIM_BRIDGE: Generating 3D neuron positions for 450 neurons...
[2026-08-19 20:15:16][INFO] SIM_BRIDGE: Generating connections (brain-region framework)...
[2026-08-19 20:15:16][INFO] SIM_BRIDGE: inject_explicit_wiring: installed 13681 synapses across 4 populations.
[2026-08-19 20:15:16][INFO] SIM_BRIDGE: Simulation data initialized for 450 neurons (3D). Synapses: 13681. GPU memory: 0.0GB/9223372036.9GB (0.0%)
[2026-08-19 20:15:16][INFO] SIM_BRIDGE: inject_explicit_wiring: installed 26321 synapses across 6 populations.
[2026-08-19 20:15:25][INFO] SIM_BRIDGE: NumPy backend (CPU (NumPy backend), 8589934592.0 GB RAM available)
[2026-08-19 20:15:25][INFO] SIM_BRIDGE: Initializing simulation data for model: IZHIKEVICH (3D)... (playback_init: False)
[2026-08-19 20:15:25][INFO] SIM_BRIDGE: Brain-region framework: 7 regions, 96 total neurons, 12 pathways.
[2026-08-19 20:15:25][INFO] SIM_BRIDGE: RNG initialized with seed: 42
[2026-08-19 20:15:25][INFO] SIM_BRIDGE: Initializing Izhikevich model specifics for 96 neurons...
[2026-08-19 20:15:25][INFO] SIM_BRIDGE: Applying parameter heterogeneity to neuron parameters...
[2026-08-19 20:15:25][INFO] SIM_BRIDGE: Applied heterogeneity to 4 parameters.
[2026-08-19 20:15:25][INFO] SIM_BRIDGE: Initializing OU process state (tau=15.0ms, sigma=0.0pA)...
[2026-08-19 20:15:25][INFO] SIM_BRIDGE: Generating 3D neuron positions for 96 neurons...
[2026-08-19 20:15:25][INFO] SIM_BRIDGE: Generating connections (brain-region framework)...
[2026-08-19 20:15:25][INFO] SIM_BRIDGE: inject_explicit_wiring: installed 2057 synapses across 12 populations.
[2026-08-19 20:15:25][INFO] SIM_BRIDGE: Simulation data initialized for 96 neurons (3D). Synapses: 2057. GPU memory: 0.0GB/9223372036.9GB (0.0%)
[2026-08-19 20:15:25][INFO] SIM_BRIDGE: NumPy backend (CPU (NumPy backend), 8589934592.0 GB RAM available)
[2026-08-19 20:15:25][INFO] SIM_BRIDGE: Initializing simulation data for model: IZHIKEVICH (3D)... (playback_init: False)
[2026-08-19 20:15:25][INFO] SIM_BRIDGE: Brain-region framework: 7 regions, 96 total neurons, 12 pathways.
[2026-08-19 20:15:25][INFO] SIM_BRIDGE: RNG initialized with seed: 45
[2026-08-19 20:15:25][INFO] SIM_BRIDGE: Initializing Izhikevich model specifics for 96 neurons...
[2026-08-19 20:15:25][INFO] SIM_BRIDGE: Applying parameter heterogeneity to neuron parameters...
[2026-08-19 20:15:25][INFO] SIM_BRIDGE: Applied heterogeneity to 4 parameters.
[2026-08-19 20:15:25][INFO] SIM_BRIDGE: Initializing OU process state (tau=15.0ms, sigma=0.0pA)...
[2026-08-19 20:15:25][INFO] SIM_BRIDGE: Generating 3D neuron positions for 96 neurons...
[2026-08-19 20:15:25][INFO] SIM_BRIDGE: Generating connections (brain-region framework)...
[2026-08-19 20:15:25][INFO] SIM_BRIDGE: inject_explicit_wiring: installed 2029 synapses across 12 populations.
[2026-08-19 20:15:25][INFO] SIM_BRIDGE: Simulation data initialized for 96 neurons (3D). Synapses: 2029. GPU memory: 0.0GB/9223372036.9GB (0.0%)
[2026-08-19 20:15:25][INFO] SIM_BRIDGE: NumPy backend (CPU (NumPy backend), 8589934592.0 GB RAM available)
[2026-08-19 20:15:25][INFO] SIM_BRIDGE: Initializing simulation data for model: IZHIKEVICH (3D)... (playback_init: False)
[2026-08-19 20:15:25][INFO] SIM_BRIDGE: Brain-region framework: 7 regions, 96 total neurons, 12 pathways.
[2026-08-19 20:15:25][INFO] SIM_BRIDGE: RNG initialized with seed: 48
[2026-08-19 20:15:25][INFO] SIM_BRIDGE: Initializing Izhikevich model specifics for 96 neurons...
[2026-08-19 20:15:25][INFO] SIM_BRIDGE: Applying parameter heterogeneity to neuron parameters...
[2026-08-19 20:15:25][INFO] SIM_BRIDGE: Applied heterogeneity to 4 parameters.
[2026-08-19 20:15:25][INFO] SIM_BRIDGE: Initializing OU process state (tau=15.0ms, sigma=0.0pA)...
[2026-08-19 20:15:25][INFO] SIM_BRIDGE: Generating 3D neuron positions for 96 neurons...
[2026-08-19 20:15:25][INFO] SIM_BRIDGE: Generating connections (brain-region framework)...
[2026-08-19 20:15:25][INFO] SIM_BRIDGE: inject_explicit_wiring: installed 2007 synapses across 12 populations.
[2026-08-19 20:15:25][INFO] SIM_BRIDGE: Simulation data initialized for 96 neurons (3D). Synapses: 2007. GPU memory: 0.0GB/9223372036.9GB (0.0%)
[2026-08-19 20:15:25][INFO] SIM_BRIDGE: NumPy backend (CPU (NumPy backend), 8589934592.0 GB RAM available)
[2026-08-19 20:15:25][INFO] SIM_BRIDGE: Initializing simulation data for model: IZHIKEVICH (3D)... (playback_init: False)
[2026-08-19 20:15:25][INFO] SIM_BRIDGE: Brain-region framework: 7 regions, 96 total neurons, 12 pathways.
[2026-08-19 20:15:25][INFO] SIM_BRIDGE: RNG initialized with seed: 51
[2026-08-19 20:15:25][INFO] SIM_BRIDGE: Initializing Izhikevich model specifics for 96 neurons...
[2026-08-19 20:15:25][INFO] SIM_BRIDGE: Applying parameter heterogeneity to neuron parameters...
[2026-08-19 20:15:25][INFO] SIM_BRIDGE: Applied heterogeneity to 4 parameters.
[2026-08-19 20:15:25][INFO] SIM_BRIDGE: Initializing OU process state (tau=15.0ms, sigma=0.0pA)...
[2026-08-19 20:15:25][INFO] SIM_BRIDGE: Generating 3D neuron positions for 96 neurons...
[2026-08-19 20:15:25][INFO] SIM_BRIDGE: Generating connections (brain-region framework)...
[2026-08-19 20:15:25][INFO] SIM_BRIDGE: inject_explicit_wiring: installed 2043 synapses across 12 populations.
[2026-08-19 20:15:25][INFO] SIM_BRIDGE: Simulation data initialized for 96 neurons (3D). Synapses: 2043. GPU memory: 0.0GB/9223372036.9GB (0.0%)
  [one-brain-substrate retry] changed=False -> FEEDER

FINAL TALLY: {'DRIVER': 18, 'DEAD_OBSERVER': 1, 'NOT_CLEANLY_TESTABLE': 9, 'FEEDER': 2}
  surprise-monitor             -> DRIVER
  metacog-monitor              -> DRIVER
  worldmodel-forward           -> DRIVER
  curiosity-followup           -> DRIVER
  pragmatic-implicature        -> DRIVER
  comprehension-monitor        -> DRIVER
  other-repair                 -> DRIVER
  noncontradiction-gate        -> DRIVER
  affect-drives-response       -> DRIVER
  swap-drives-response         -> DRIVER
  da-mode-drives-response      -> DRIVER
  gnw-bus-shadow               -> DRIVER
  self-initiated-utterance     -> DRIVER
  reconsolidation              -> DRIVER
  wm-binding-advanced          -> DRIVER
  discourse-register           -> DEAD_OBSERVER
  prospective-memory           -> DRIVER
  episodic-memory              -> NOT_CLEANLY_TESTABLE
  gnw-deliberation             -> NOT_CLEANLY_TESTABLE
  gnw-multistep-deliberation   -> DRIVER
  causal-whatif                -> NOT_CLEANLY_TESTABLE
  open-ended-generation        -> NOT_CLEANLY_TESTABLE
  one-brain-substrate          -> FEEDER
  onebrain-merge-organs        -> FEEDER
  discourse-planner            -> DRIVER
  semantic-recall              -> NOT_CLEANLY_TESTABLE
  content-selection            -> NOT_CLEANLY_TESTABLE
  moat-verify                  -> NOT_CLEANLY_TESTABLE
  in-loop-learning             -> NOT_CLEANLY_TESTABLE
  anaphora-wm                  -> NOT_CLEANLY_TESTABLE
wrote research/findings/raw/_observe_vs_drive/audit.json
[provenance] stamped 5 artifact(s) | run_id 1787183476-4193320
