C:\Users\dant123\AppData\Roaming\Python\Python312\site-packages\torch\nn\modules\module.py:1367: UserWarning: expandable_segments not supported on this platform (Triggered internally at C:\actions-runner\_work\pytorch\pytorch\pytorch\c10/cuda/CUDAAllocatorConfig.h:39.)
  return t.to(
[phase4-mt] loaded RA-fine-tuned ~21.3M (dev=cuda)

[2026-07-01 09:05:18][INFO] SIM_BRIDGE: NumPy backend (CPU (NumPy backend), 47.7 GB RAM available)
[2026-07-01 09:05:18][INFO] SIM_BRIDGE: Initializing simulation data for model: IZHIKEVICH (3D)... (playback_init: False)
[2026-07-01 09:05:18][INFO] SIM_BRIDGE: RNG initialized with seed: 42
[2026-07-01 09:05:18][INFO] SIM_BRIDGE: Initializing Izhikevich model specifics for 126 neurons...
[2026-07-01 09:05:18][INFO] SIM_BRIDGE: Applying parameter heterogeneity to neuron parameters...
[2026-07-01 09:05:18][INFO] SIM_BRIDGE: Applied heterogeneity to 4 parameters.
[2026-07-01 09:05:18][INFO] SIM_BRIDGE: Initializing OU process state (tau=15.0ms, sigma=20.0pA)...
[2026-07-01 09:05:18][INFO] SIM_BRIDGE: Generating 3D neuron positions for 126 neurons...
[2026-07-01 09:05:18][INFO] SIM_BRIDGE: Generating connections (3D)...
[2026-07-01 09:05:18][INFO] SIM_BRIDGE: Simulation data initialized for 126 neurons (3D). Synapses: 0. GPU memory: 23.0GB/51.2GB (45.0%)
[2026-07-01 09:05:18][INFO] SIM_BRIDGE: inject_explicit_wiring: installed 720 synapses across 1 populations.
[2026-07-01 09:05:21][INFO] SIM_BRIDGE: NumPy backend (CPU (NumPy backend), 47.7 GB RAM available)
[2026-07-01 09:05:21][INFO] SIM_BRIDGE: Initializing simulation data for model: IZHIKEVICH (3D)... (playback_init: False)
[2026-07-01 09:05:21][INFO] SIM_BRIDGE: Brain-region framework: 2 regions, 484 total neurons, 0 pathways.
[2026-07-01 09:05:21][INFO] SIM_BRIDGE: RNG initialized with seed: 42
[2026-07-01 09:05:21][INFO] SIM_BRIDGE: Initializing Izhikevich model specifics for 484 neurons...
[2026-07-01 09:05:21][INFO] SIM_BRIDGE: Applying parameter heterogeneity to neuron parameters...
[2026-07-01 09:05:21][INFO] SIM_BRIDGE: Applied heterogeneity to 4 parameters.
[2026-07-01 09:05:21][INFO] SIM_BRIDGE: Generating 3D neuron positions for 484 neurons...
[2026-07-01 09:05:21][INFO] SIM_BRIDGE: Generating connections (brain-region framework)...
[2026-07-01 09:05:21][WARNING] SIM_BRIDGE: No trait info available; all synapses default to E->E STP type.
[2026-07-01 09:05:21][INFO] SIM_BRIDGE: inject_explicit_wiring: installed 12 synapses across 1 populations.
[2026-07-01 09:05:21][INFO] SIM_BRIDGE: Initializing STP state for 12 synapses (capacity: 18)...
[2026-07-01 09:05:21][INFO] SIM_BRIDGE: Initializing eligibility traces for 12 synapses (capacity: 18, dtype: float32)...
[2026-07-01 09:05:21][WARNING] SIM_BRIDGE: No trait info available; all synapses default to E->E STP type.
[2026-07-01 09:05:21][INFO] SIM_BRIDGE: Initializing structural plasticity state...
[2026-07-01 09:05:21][INFO] SIM_BRIDGE: Simulation data initialized for 484 neurons (3D). Synapses: 12. GPU memory: 23.1GB/51.2GB (45.0%)
[2026-07-01 09:05:21][INFO] SIM_BRIDGE: NumPy backend (CPU (NumPy backend), 47.7 GB RAM available)
[2026-07-01 09:05:21][INFO] SIM_BRIDGE: Initializing simulation data for model: IZHIKEVICH (3D)... (playback_init: False)
[2026-07-01 09:05:21][INFO] SIM_BRIDGE: RNG initialized with seed: 42
[2026-07-01 09:05:21][INFO] SIM_BRIDGE: Initializing Izhikevich model specifics for 224 neurons...
[2026-07-01 09:05:21][INFO] SIM_BRIDGE: Applying parameter heterogeneity to neuron parameters...
[2026-07-01 09:05:21][INFO] SIM_BRIDGE: Applied heterogeneity to 4 parameters.
[2026-07-01 09:05:21][INFO] SIM_BRIDGE: Initializing OU process state (tau=15.0ms, sigma=20.0pA)...
[2026-07-01 09:05:21][INFO] SIM_BRIDGE: Generating 3D neuron positions for 224 neurons...
[2026-07-01 09:05:21][INFO] SIM_BRIDGE: Generating connections (3D)...
[2026-07-01 09:05:21][INFO] SIM_BRIDGE: Simulation data initialized for 224 neurons (3D). Synapses: 0. GPU memory: 23.1GB/51.2GB (45.0%)
[2026-07-01 09:05:21][INFO] SIM_BRIDGE: inject_explicit_wiring: installed 4800 synapses across 1 populations.
[2026-07-01 09:05:25][INFO] SIM_BRIDGE: NumPy backend (CPU (NumPy backend), 47.7 GB RAM available)
[2026-07-01 09:05:25][INFO] SIM_BRIDGE: Initializing simulation data for model: IZHIKEVICH (3D)... (playback_init: False)
[2026-07-01 09:05:25][INFO] SIM_BRIDGE: RNG initialized with seed: 42
[2026-07-01 09:05:25][INFO] SIM_BRIDGE: Initializing Izhikevich model specifics for 256 neurons...
[2026-07-01 09:05:25][INFO] SIM_BRIDGE: Applying parameter heterogeneity to neuron parameters...
[2026-07-01 09:05:25][INFO] SIM_BRIDGE: Applied heterogeneity to 4 parameters.
[2026-07-01 09:05:25][INFO] SIM_BRIDGE: Initializing OU process state (tau=15.0ms, sigma=0.0pA)...
[2026-07-01 09:05:25][INFO] SIM_BRIDGE: Generating 3D neuron positions for 256 neurons...
[2026-07-01 09:05:25][INFO] SIM_BRIDGE: Generating connections (3D)...
[2026-07-01 09:05:25][INFO] SIM_BRIDGE: Simulation data initialized for 256 neurons (3D). Synapses: 0. GPU memory: 23.1GB/51.2GB (45.0%)
[2026-07-01 09:05:25][INFO] SIM_BRIDGE: NumPy backend (CPU (NumPy backend), 47.7 GB RAM available)
[2026-07-01 09:05:25][INFO] SIM_BRIDGE: Initializing simulation data for model: IZHIKEVICH (3D)... (playback_init: False)
[2026-07-01 09:05:25][INFO] SIM_BRIDGE: RNG initialized with seed: 42
[2026-07-01 09:05:25][INFO] SIM_BRIDGE: Initializing Izhikevich model specifics for 640 neurons...
[2026-07-01 09:05:25][INFO] SIM_BRIDGE: Applying parameter heterogeneity to neuron parameters...
[2026-07-01 09:05:25][INFO] SIM_BRIDGE: Applied heterogeneity to 4 parameters.
[2026-07-01 09:05:25][INFO] SIM_BRIDGE: Initializing OU process state (tau=15.0ms, sigma=0.0pA)...
[2026-07-01 09:05:25][INFO] SIM_BRIDGE: Generating 3D neuron positions for 640 neurons...
[2026-07-01 09:05:25][INFO] SIM_BRIDGE: Generating connections (3D)...
[2026-07-01 09:05:25][INFO] SIM_BRIDGE: Simulation data initialized for 640 neurons (3D). Synapses: 0. GPU memory: 23.1GB/51.2GB (45.0%)
[2026-07-01 09:05:27][INFO] SIM_BRIDGE: NumPy backend (CPU (NumPy backend), 47.7 GB RAM available)
[2026-07-01 09:05:27][INFO] SIM_BRIDGE: Initializing simulation data for model: IZHIKEVICH (3D)... (playback_init: False)
[2026-07-01 09:05:27][INFO] SIM_BRIDGE: RNG initialized with seed: 42
[2026-07-01 09:05:27][INFO] SIM_BRIDGE: Initializing Izhikevich model specifics for 512 neurons...
[2026-07-01 09:05:27][INFO] SIM_BRIDGE: Applying parameter heterogeneity to neuron parameters...
[2026-07-01 09:05:27][INFO] SIM_BRIDGE: Applied heterogeneity to 4 parameters.
[2026-07-01 09:05:27][INFO] SIM_BRIDGE: Initializing OU process state (tau=15.0ms, sigma=0.0pA)...
[2026-07-01 09:05:27][INFO] SIM_BRIDGE: Generating 3D neuron positions for 512 neurons...
[2026-07-01 09:05:27][INFO] SIM_BRIDGE: Generating connections (3D)...
[2026-07-01 09:05:27][INFO] SIM_BRIDGE: Simulation data initialized for 512 neurons (3D). Synapses: 0. GPU memory: 23.1GB/51.2GB (45.0%)
[2026-07-01 09:05:27][INFO] SIM_BRIDGE: NumPy backend (CPU (NumPy backend), 47.7 GB RAM available)
[2026-07-01 09:05:27][INFO] SIM_BRIDGE: Initializing simulation data for model: IZHIKEVICH (3D)... (playback_init: False)
[2026-07-01 09:05:27][INFO] SIM_BRIDGE: Brain-region framework: 2 regions, 1200 total neurons, 2 pathways.
[2026-07-01 09:05:27][INFO] SIM_BRIDGE: RNG initialized with seed: 42
[2026-07-01 09:05:27][INFO] SIM_BRIDGE: NMDA per-region mask: 2 regions enabled (1200 neurons)
[2026-07-01 09:05:27][INFO] SIM_BRIDGE: Initializing Izhikevich model specifics for 1200 neurons...
[2026-07-01 09:05:27][INFO] SIM_BRIDGE: Region 'cortex_ctx' (600 neurons): using Izh type IZH2007_HIPPO_PYRAMIDAL
[2026-07-01 09:05:27][INFO] SIM_BRIDGE: Region 'dlpfc_wm' (600 neurons): using Izh type IZH2007_HIPPO_PYRAMIDAL
[2026-07-01 09:05:27][INFO] SIM_BRIDGE: Applying parameter heterogeneity to neuron parameters...
[2026-07-01 09:05:27][INFO] SIM_BRIDGE: Applied heterogeneity to 4 parameters.
[2026-07-01 09:05:27][INFO] SIM_BRIDGE: Generating 3D neuron positions for 1200 neurons...
[2026-07-01 09:05:27][INFO] SIM_BRIDGE: Generating connections (brain-region framework)...
[2026-07-01 09:05:27][INFO] SIM_BRIDGE: inject_explicit_wiring: installed 107786 synapses across 4 populations.
[2026-07-01 09:05:27][INFO] SIM_BRIDGE: Initializing eligibility traces for 107786 synapses (capacity: 161679, dtype: float32)...
[2026-07-01 09:05:27][INFO] SIM_BRIDGE: Initializing STDP state for 1200 neurons...
[2026-07-01 09:05:27][INFO] SIM_BRIDGE: Simulation data initialized for 1200 neurons (3D). Synapses: 107786. GPU memory: 23.1GB/51.2GB (45.1%)
[2026-07-01 09:05:27][INFO] SIM_BRIDGE: NumPy backend (CPU (NumPy backend), 47.7 GB RAM available)
[2026-07-01 09:05:27][INFO] SIM_BRIDGE: Initializing simulation data for model: IZHIKEVICH (3D)... (playback_init: False)
[2026-07-01 09:05:27][INFO] SIM_BRIDGE: RNG initialized with seed: 42
[2026-07-01 09:05:27][INFO] SIM_BRIDGE: Initializing Izhikevich model specifics for 8704 neurons...
[2026-07-01 09:05:27][INFO] SIM_BRIDGE: Applying parameter heterogeneity to neuron parameters...
[2026-07-01 09:05:27][INFO] SIM_BRIDGE: Applied heterogeneity to 4 parameters.
[2026-07-01 09:05:27][INFO] SIM_BRIDGE: Initializing OU process state (tau=15.0ms, sigma=0.0pA)...
[2026-07-01 09:05:27][INFO] SIM_BRIDGE: Generating 3D neuron positions for 8704 neurons...
[2026-07-01 09:05:27][INFO] SIM_BRIDGE: Generating connections (3D)...
[2026-07-01 09:05:27][INFO] SIM_BRIDGE: Simulation data initialized for 8704 neurons (3D). Synapses: 0. GPU memory: 23.1GB/51.2GB (45.1%)
[2026-07-01 09:05:27][INFO] SIM_BRIDGE: NumPy backend (CPU (NumPy backend), 47.7 GB RAM available)
[2026-07-01 09:05:27][INFO] SIM_BRIDGE: Initializing simulation data for model: IZHIKEVICH (3D)... (playback_init: False)
[2026-07-01 09:05:27][INFO] SIM_BRIDGE: RNG initialized with seed: 42
[2026-07-01 09:05:27][INFO] SIM_BRIDGE: Initializing Izhikevich model specifics for 126 neurons...
[2026-07-01 09:05:27][INFO] SIM_BRIDGE: Applying parameter heterogeneity to neuron parameters...
[2026-07-01 09:05:27][INFO] SIM_BRIDGE: Applied heterogeneity to 4 parameters.
[2026-07-01 09:05:27][INFO] SIM_BRIDGE: Initializing OU process state (tau=15.0ms, sigma=20.0pA)...
[2026-07-01 09:05:27][INFO] SIM_BRIDGE: Generating 3D neuron positions for 126 neurons...
[2026-07-01 09:05:27][INFO] SIM_BRIDGE: Generating connections (3D)...
[2026-07-01 09:05:27][INFO] SIM_BRIDGE: Simulation data initialized for 126 neurons (3D). Synapses: 0. GPU memory: 23.4GB/51.2GB (45.6%)
[2026-07-01 09:05:27][INFO] SIM_BRIDGE: inject_explicit_wiring: installed 720 synapses across 1 populations.
[2026-07-01 09:05:30][INFO] SIM_BRIDGE: NumPy backend (CPU (NumPy backend), 47.7 GB RAM available)
[2026-07-01 09:05:30][INFO] SIM_BRIDGE: Initializing simulation data for model: IZHIKEVICH (3D)... (playback_init: False)
[2026-07-01 09:05:30][INFO] SIM_BRIDGE: Brain-region framework: 2 regions, 484 total neurons, 0 pathways.
[2026-07-01 09:05:30][INFO] SIM_BRIDGE: RNG initialized with seed: 42
[2026-07-01 09:05:30][INFO] SIM_BRIDGE: Initializing Izhikevich model specifics for 484 neurons...
[2026-07-01 09:05:30][INFO] SIM_BRIDGE: Applying parameter heterogeneity to neuron parameters...
[2026-07-01 09:05:30][INFO] SIM_BRIDGE: Applied heterogeneity to 4 parameters.
[2026-07-01 09:05:30][INFO] SIM_BRIDGE: Generating 3D neuron positions for 484 neurons...
[2026-07-01 09:05:30][INFO] SIM_BRIDGE: Generating connections (brain-region framework)...
[2026-07-01 09:05:30][WARNING] SIM_BRIDGE: No trait info available; all synapses default to E->E STP type.
[2026-07-01 09:05:30][INFO] SIM_BRIDGE: inject_explicit_wiring: installed 12 synapses across 1 populations.
[2026-07-01 09:05:30][INFO] SIM_BRIDGE: Initializing STP state for 12 synapses (capacity: 18)...
[2026-07-01 09:05:30][INFO] SIM_BRIDGE: Initializing eligibility traces for 12 synapses (capacity: 18, dtype: float32)...
[2026-07-01 09:05:30][WARNING] SIM_BRIDGE: No trait info available; all synapses default to E->E STP type.
[2026-07-01 09:05:30][INFO] SIM_BRIDGE: Initializing structural plasticity state...
[2026-07-01 09:05:30][INFO] SIM_BRIDGE: Simulation data initialized for 484 neurons (3D). Synapses: 12. GPU memory: 23.4GB/51.2GB (45.6%)
[2026-07-01 09:05:30][INFO] SIM_BRIDGE: NumPy backend (CPU (NumPy backend), 47.7 GB RAM available)
[2026-07-01 09:05:30][INFO] SIM_BRIDGE: Initializing simulation data for model: IZHIKEVICH (3D)... (playback_init: False)
[2026-07-01 09:05:30][INFO] SIM_BRIDGE: RNG initialized with seed: 42
[2026-07-01 09:05:30][INFO] SIM_BRIDGE: Initializing Izhikevich model specifics for 224 neurons...
[2026-07-01 09:05:30][INFO] SIM_BRIDGE: Applying parameter heterogeneity to neuron parameters...
[2026-07-01 09:05:30][INFO] SIM_BRIDGE: Applied heterogeneity to 4 parameters.
[2026-07-01 09:05:30][INFO] SIM_BRIDGE: Initializing OU process state (tau=15.0ms, sigma=20.0pA)...
[2026-07-01 09:05:30][INFO] SIM_BRIDGE: Generating 3D neuron positions for 224 neurons...
[2026-07-01 09:05:30][INFO] SIM_BRIDGE: Generating connections (3D)...
[2026-07-01 09:05:30][INFO] SIM_BRIDGE: Simulation data initialized for 224 neurons (3D). Synapses: 0. GPU memory: 23.4GB/51.2GB (45.6%)
[2026-07-01 09:05:30][INFO] SIM_BRIDGE: inject_explicit_wiring: installed 4800 synapses across 1 populations.
[2026-07-01 09:05:33][INFO] SIM_BRIDGE: NumPy backend (CPU (NumPy backend), 47.7 GB RAM available)
[2026-07-01 09:05:33][INFO] SIM_BRIDGE: Initializing simulation data for model: IZHIKEVICH (3D)... (playback_init: False)
[2026-07-01 09:05:33][INFO] SIM_BRIDGE: RNG initialized with seed: 42
[2026-07-01 09:05:33][INFO] SIM_BRIDGE: Initializing Izhikevich model specifics for 256 neurons...
[2026-07-01 09:05:33][INFO] SIM_BRIDGE: Applying parameter heterogeneity to neuron parameters...
[2026-07-01 09:05:33][INFO] SIM_BRIDGE: Applied heterogeneity to 4 parameters.
[2026-07-01 09:05:33][INFO] SIM_BRIDGE: Initializing OU process state (tau=15.0ms, sigma=0.0pA)...
[2026-07-01 09:05:33][INFO] SIM_BRIDGE: Generating 3D neuron positions for 256 neurons...
[2026-07-01 09:05:33][INFO] SIM_BRIDGE: Generating connections (3D)...
[2026-07-01 09:05:33][INFO] SIM_BRIDGE: Simulation data initialized for 256 neurons (3D). Synapses: 0. GPU memory: 23.4GB/51.2GB (45.7%)
[2026-07-01 09:05:33][INFO] SIM_BRIDGE: NumPy backend (CPU (NumPy backend), 47.7 GB RAM available)
[2026-07-01 09:05:33][INFO] SIM_BRIDGE: Initializing simulation data for model: IZHIKEVICH (3D)... (playback_init: False)
[2026-07-01 09:05:33][INFO] SIM_BRIDGE: RNG initialized with seed: 42
[2026-07-01 09:05:33][INFO] SIM_BRIDGE: Initializing Izhikevich model specifics for 640 neurons...
[2026-07-01 09:05:33][INFO] SIM_BRIDGE: Applying parameter heterogeneity to neuron parameters...
[2026-07-01 09:05:33][INFO] SIM_BRIDGE: Applied heterogeneity to 4 parameters.
[2026-07-01 09:05:33][INFO] SIM_BRIDGE: Initializing OU process state (tau=15.0ms, sigma=0.0pA)...
[2026-07-01 09:05:33][INFO] SIM_BRIDGE: Generating 3D neuron positions for 640 neurons...
[2026-07-01 09:05:33][INFO] SIM_BRIDGE: Generating connections (3D)...
[2026-07-01 09:05:33][INFO] SIM_BRIDGE: Simulation data initialized for 640 neurons (3D). Synapses: 0. GPU memory: 23.4GB/51.2GB (45.7%)
[2026-07-01 09:05:35][INFO] SIM_BRIDGE: NumPy backend (CPU (NumPy backend), 47.7 GB RAM available)
[2026-07-01 09:05:35][INFO] SIM_BRIDGE: Initializing simulation data for model: IZHIKEVICH (3D)... (playback_init: False)
[2026-07-01 09:05:35][INFO] SIM_BRIDGE: RNG initialized with seed: 42
[2026-07-01 09:05:35][INFO] SIM_BRIDGE: Initializing Izhikevich model specifics for 512 neurons...
[2026-07-01 09:05:35][INFO] SIM_BRIDGE: Applying parameter heterogeneity to neuron parameters...
[2026-07-01 09:05:35][INFO] SIM_BRIDGE: Applied heterogeneity to 4 parameters.
[2026-07-01 09:05:35][INFO] SIM_BRIDGE: Initializing OU process state (tau=15.0ms, sigma=0.0pA)...
[2026-07-01 09:05:35][INFO] SIM_BRIDGE: Generating 3D neuron positions for 512 neurons...
[2026-07-01 09:05:35][INFO] SIM_BRIDGE: Generating connections (3D)...
[2026-07-01 09:05:35][INFO] SIM_BRIDGE: Simulation data initialized for 512 neurons (3D). Synapses: 0. GPU memory: 23.4GB/51.2GB (45.7%)
[2026-07-01 09:05:35][INFO] SIM_BRIDGE: NumPy backend (CPU (NumPy backend), 47.7 GB RAM available)
[2026-07-01 09:05:35][INFO] SIM_BRIDGE: Initializing simulation data for model: IZHIKEVICH (3D)... (playback_init: False)
[2026-07-01 09:05:35][INFO] SIM_BRIDGE: Brain-region framework: 2 regions, 1200 total neurons, 2 pathways.
[2026-07-01 09:05:35][INFO] SIM_BRIDGE: RNG initialized with seed: 42
[2026-07-01 09:05:35][INFO] SIM_BRIDGE: NMDA per-region mask: 2 regions enabled (1200 neurons)
[2026-07-01 09:05:35][INFO] SIM_BRIDGE: Initializing Izhikevich model specifics for 1200 neurons...
[2026-07-01 09:05:35][INFO] SIM_BRIDGE: Region 'cortex_ctx' (600 neurons): using Izh type IZH2007_HIPPO_PYRAMIDAL
[2026-07-01 09:05:35][INFO] SIM_BRIDGE: Region 'dlpfc_wm' (600 neurons): using Izh type IZH2007_HIPPO_PYRAMIDAL
[2026-07-01 09:05:35][INFO] SIM_BRIDGE: Applying parameter heterogeneity to neuron parameters...
[2026-07-01 09:05:35][INFO] SIM_BRIDGE: Applied heterogeneity to 4 parameters.
[2026-07-01 09:05:35][INFO] SIM_BRIDGE: Generating 3D neuron positions for 1200 neurons...
[2026-07-01 09:05:35][INFO] SIM_BRIDGE: Generating connections (brain-region framework)...
[2026-07-01 09:05:36][INFO] SIM_BRIDGE: inject_explicit_wiring: installed 107786 synapses across 4 populations.
[2026-07-01 09:05:36][INFO] SIM_BRIDGE: Initializing eligibility traces for 107786 synapses (capacity: 161679, dtype: float32)...
[2026-07-01 09:05:36][INFO] SIM_BRIDGE: Initializing STDP state for 1200 neurons...
[2026-07-01 09:05:36][INFO] SIM_BRIDGE: Simulation data initialized for 1200 neurons (3D). Synapses: 107786. GPU memory: 23.4GB/51.2GB (45.7%)
[2026-07-01 09:05:36][INFO] SIM_BRIDGE: NumPy backend (CPU (NumPy backend), 47.7 GB RAM available)
[2026-07-01 09:05:36][INFO] SIM_BRIDGE: Initializing simulation data for model: IZHIKEVICH (3D)... (playback_init: False)
[2026-07-01 09:05:36][INFO] SIM_BRIDGE: RNG initialized with seed: 42
[2026-07-01 09:05:36][INFO] SIM_BRIDGE: Initializing Izhikevich model specifics for 8704 neurons...
[2026-07-01 09:05:36][INFO] SIM_BRIDGE: Applying parameter heterogeneity to neuron parameters...
[2026-07-01 09:05:36][INFO] SIM_BRIDGE: Applied heterogeneity to 4 parameters.
[2026-07-01 09:05:36][INFO] SIM_BRIDGE: Initializing OU process state (tau=15.0ms, sigma=0.0pA)...
[2026-07-01 09:05:36][INFO] SIM_BRIDGE: Generating 3D neuron positions for 8704 neurons...
[2026-07-01 09:05:36][INFO] SIM_BRIDGE: Generating connections (3D)...
[2026-07-01 09:05:36][INFO] SIM_BRIDGE: Simulation data initialized for 8704 neurons (3D). Synapses: 0. GPU memory: 23.4GB/51.2GB (45.7%)
[2026-07-01 09:05:36][INFO] SIM_BRIDGE: NumPy backend (CPU (NumPy backend), 47.7 GB RAM available)
[2026-07-01 09:05:36][INFO] SIM_BRIDGE: Initializing simulation data for model: IZHIKEVICH (3D)... (playback_init: False)
[2026-07-01 09:05:36][INFO] SIM_BRIDGE: Brain-region framework: 2 regions, 1200 total neurons, 2 pathways.
[2026-07-01 09:05:36][INFO] SIM_BRIDGE: RNG initialized with seed: 42
[2026-07-01 09:05:36][INFO] SIM_BRIDGE: NMDA per-region mask: 2 regions enabled (1200 neurons)
[2026-07-01 09:05:36][INFO] SIM_BRIDGE: Initializing Izhikevich model specifics for 1200 neurons...
[2026-07-01 09:05:36][INFO] SIM_BRIDGE: Region 'cortex_ctx' (600 neurons): using Izh type IZH2007_HIPPO_PYRAMIDAL
[2026-07-01 09:05:36][INFO] SIM_BRIDGE: Region 'dlpfc_wm' (600 neurons): using Izh type IZH2007_HIPPO_PYRAMIDAL
[2026-07-01 09:05:36][INFO] SIM_BRIDGE: Applying parameter heterogeneity to neuron parameters...
[2026-07-01 09:05:36][INFO] SIM_BRIDGE: Applied heterogeneity to 4 parameters.
[2026-07-01 09:05:36][INFO] SIM_BRIDGE: Generating 3D neuron positions for 1200 neurons...
[2026-07-01 09:05:36][INFO] SIM_BRIDGE: Generating connections (brain-region framework)...
[2026-07-01 09:05:36][INFO] SIM_BRIDGE: inject_explicit_wiring: installed 107786 synapses across 4 populations.
[2026-07-01 09:05:36][INFO] SIM_BRIDGE: Initializing eligibility traces for 107786 synapses (capacity: 161679, dtype: float32)...
[2026-07-01 09:05:36][INFO] SIM_BRIDGE: Initializing STDP state for 1200 neurons...
[2026-07-01 09:05:36][INFO] SIM_BRIDGE: Simulation data initialized for 1200 neurons (3D). Synapses: 107786. GPU memory: 23.4GB/51.2GB (45.7%)
[2026-07-01 09:05:36][INFO] SIM_BRIDGE: NumPy backend (CPU (NumPy backend), 47.7 GB RAM available)
[2026-07-01 09:05:36][INFO] SIM_BRIDGE: Initializing simulation data for model: IZHIKEVICH (3D)... (playback_init: False)
[2026-07-01 09:05:36][INFO] SIM_BRIDGE: RNG initialized with seed: 42
[2026-07-01 09:05:36][INFO] SIM_BRIDGE: Initializing Izhikevich model specifics for 126 neurons...
[2026-07-01 09:05:36][INFO] SIM_BRIDGE: Applying parameter heterogeneity to neuron parameters...
[2026-07-01 09:05:36][INFO] SIM_BRIDGE: Applied heterogeneity to 4 parameters.
[2026-07-01 09:05:36][INFO] SIM_BRIDGE: Initializing OU process state (tau=15.0ms, sigma=20.0pA)...
[2026-07-01 09:05:36][INFO] SIM_BRIDGE: Generating 3D neuron positions for 126 neurons...
[2026-07-01 09:05:36][INFO] SIM_BRIDGE: Generating connections (3D)...
[2026-07-01 09:05:36][INFO] SIM_BRIDGE: Simulation data initialized for 126 neurons (3D). Synapses: 0. GPU memory: 23.4GB/51.2GB (45.7%)
[2026-07-01 09:05:36][INFO] SIM_BRIDGE: inject_explicit_wiring: installed 720 synapses across 1 populations.
[2026-07-01 09:05:38][INFO] SIM_BRIDGE: NumPy backend (CPU (NumPy backend), 47.7 GB RAM available)
[2026-07-01 09:05:38][INFO] SIM_BRIDGE: Initializing simulation data for model: IZHIKEVICH (3D)... (playback_init: False)
[2026-07-01 09:05:38][INFO] SIM_BRIDGE: Brain-region framework: 2 regions, 484 total neurons, 0 pathways.
[2026-07-01 09:05:38][INFO] SIM_BRIDGE: RNG initialized with seed: 42
[2026-07-01 09:05:38][INFO] SIM_BRIDGE: Initializing Izhikevich model specifics for 484 neurons...
[2026-07-01 09:05:38][INFO] SIM_BRIDGE: Applying parameter heterogeneity to neuron parameters...
[2026-07-01 09:05:38][INFO] SIM_BRIDGE: Applied heterogeneity to 4 parameters.
[2026-07-01 09:05:38][INFO] SIM_BRIDGE: Generating 3D neuron positions for 484 neurons...
[2026-07-01 09:05:38][INFO] SIM_BRIDGE: Generating connections (brain-region framework)...
[2026-07-01 09:05:38][WARNING] SIM_BRIDGE: No trait info available; all synapses default to E->E STP type.
[2026-07-01 09:05:38][INFO] SIM_BRIDGE: inject_explicit_wiring: installed 12 synapses across 1 populations.
[2026-07-01 09:05:38][INFO] SIM_BRIDGE: Initializing STP state for 12 synapses (capacity: 18)...
[2026-07-01 09:05:38][INFO] SIM_BRIDGE: Initializing eligibility traces for 12 synapses (capacity: 18, dtype: float32)...
[2026-07-01 09:05:38][WARNING] SIM_BRIDGE: No trait info available; all synapses default to E->E STP type.
[2026-07-01 09:05:38][INFO] SIM_BRIDGE: Initializing structural plasticity state...
[2026-07-01 09:05:38][INFO] SIM_BRIDGE: Simulation data initialized for 484 neurons (3D). Synapses: 12. GPU memory: 23.5GB/51.2GB (45.8%)
[2026-07-01 09:05:38][INFO] SIM_BRIDGE: NumPy backend (CPU (NumPy backend), 47.7 GB RAM available)
[2026-07-01 09:05:38][INFO] SIM_BRIDGE: Initializing simulation data for model: IZHIKEVICH (3D)... (playback_init: False)
[2026-07-01 09:05:38][INFO] SIM_BRIDGE: RNG initialized with seed: 42
[2026-07-01 09:05:38][INFO] SIM_BRIDGE: Initializing Izhikevich model specifics for 224 neurons...
[2026-07-01 09:05:38][INFO] SIM_BRIDGE: Applying parameter heterogeneity to neuron parameters...
[2026-07-01 09:05:38][INFO] SIM_BRIDGE: Applied heterogeneity to 4 parameters.
[2026-07-01 09:05:38][INFO] SIM_BRIDGE: Initializing OU process state (tau=15.0ms, sigma=20.0pA)...
[2026-07-01 09:05:38][INFO] SIM_BRIDGE: Generating 3D neuron positions for 224 neurons...
[2026-07-01 09:05:38][INFO] SIM_BRIDGE: Generating connections (3D)...
[2026-07-01 09:05:38][INFO] SIM_BRIDGE: Simulation data initialized for 224 neurons (3D). Synapses: 0. GPU memory: 23.5GB/51.2GB (45.8%)
[2026-07-01 09:05:38][INFO] SIM_BRIDGE: inject_explicit_wiring: installed 4800 synapses across 1 populations.
[2026-07-01 09:05:42][INFO] SIM_BRIDGE: NumPy backend (CPU (NumPy backend), 47.7 GB RAM available)
[2026-07-01 09:05:42][INFO] SIM_BRIDGE: Initializing simulation data for model: IZHIKEVICH (3D)... (playback_init: False)
[2026-07-01 09:05:42][INFO] SIM_BRIDGE: RNG initialized with seed: 42
[2026-07-01 09:05:42][INFO] SIM_BRIDGE: Initializing Izhikevich model specifics for 256 neurons...
[2026-07-01 09:05:42][INFO] SIM_BRIDGE: Applying parameter heterogeneity to neuron parameters...
[2026-07-01 09:05:42][INFO] SIM_BRIDGE: Applied heterogeneity to 4 parameters.
[2026-07-01 09:05:42][INFO] SIM_BRIDGE: Initializing OU process state (tau=15.0ms, sigma=0.0pA)...
[2026-07-01 09:05:42][INFO] SIM_BRIDGE: Generating 3D neuron positions for 256 neurons...
[2026-07-01 09:05:42][INFO] SIM_BRIDGE: Generating connections (3D)...
[2026-07-01 09:05:42][INFO] SIM_BRIDGE: Simulation data initialized for 256 neurons (3D). Synapses: 0. GPU memory: 23.4GB/51.2GB (45.7%)
[2026-07-01 09:05:42][INFO] SIM_BRIDGE: NumPy backend (CPU (NumPy backend), 47.7 GB RAM available)
[2026-07-01 09:05:42][INFO] SIM_BRIDGE: Initializing simulation data for model: IZHIKEVICH (3D)... (playback_init: False)
[2026-07-01 09:05:42][INFO] SIM_BRIDGE: RNG initialized with seed: 42
[2026-07-01 09:05:42][INFO] SIM_BRIDGE: Initializing Izhikevich model specifics for 640 neurons...
[2026-07-01 09:05:42][INFO] SIM_BRIDGE: Applying parameter heterogeneity to neuron parameters...
[2026-07-01 09:05:42][INFO] SIM_BRIDGE: Applied heterogeneity to 4 parameters.
[2026-07-01 09:05:42][INFO] SIM_BRIDGE: Initializing OU process state (tau=15.0ms, sigma=0.0pA)...
[2026-07-01 09:05:42][INFO] SIM_BRIDGE: Generating 3D neuron positions for 640 neurons...
[2026-07-01 09:05:42][INFO] SIM_BRIDGE: Generating connections (3D)...
[2026-07-01 09:05:42][INFO] SIM_BRIDGE: Simulation data initialized for 640 neurons (3D). Synapses: 0. GPU memory: 23.4GB/51.2GB (45.8%)
[2026-07-01 09:05:44][INFO] SIM_BRIDGE: NumPy backend (CPU (NumPy backend), 47.7 GB RAM available)
[2026-07-01 09:05:44][INFO] SIM_BRIDGE: Initializing simulation data for model: IZHIKEVICH (3D)... (playback_init: False)
[2026-07-01 09:05:44][INFO] SIM_BRIDGE: RNG initialized with seed: 42
[2026-07-01 09:05:44][INFO] SIM_BRIDGE: Initializing Izhikevich model specifics for 512 neurons...
[2026-07-01 09:05:44][INFO] SIM_BRIDGE: Applying parameter heterogeneity to neuron parameters...
[2026-07-01 09:05:44][INFO] SIM_BRIDGE: Applied heterogeneity to 4 parameters.
[2026-07-01 09:05:44][INFO] SIM_BRIDGE: Initializing OU process state (tau=15.0ms, sigma=0.0pA)...
[2026-07-01 09:05:44][INFO] SIM_BRIDGE: Generating 3D neuron positions for 512 neurons...
[2026-07-01 09:05:44][INFO] SIM_BRIDGE: Generating connections (3D)...
[2026-07-01 09:05:44][INFO] SIM_BRIDGE: Simulation data initialized for 512 neurons (3D). Synapses: 0. GPU memory: 23.4GB/51.2GB (45.7%)
[2026-07-01 09:05:44][INFO] SIM_BRIDGE: NumPy backend (CPU (NumPy backend), 47.7 GB RAM available)
[2026-07-01 09:05:44][INFO] SIM_BRIDGE: Initializing simulation data for model: IZHIKEVICH (3D)... (playback_init: False)
[2026-07-01 09:05:44][INFO] SIM_BRIDGE: Brain-region framework: 2 regions, 1200 total neurons, 2 pathways.
[2026-07-01 09:05:44][INFO] SIM_BRIDGE: RNG initialized with seed: 42
[2026-07-01 09:05:44][INFO] SIM_BRIDGE: NMDA per-region mask: 2 regions enabled (1200 neurons)
[2026-07-01 09:05:44][INFO] SIM_BRIDGE: Initializing Izhikevich model specifics for 1200 neurons...
[2026-07-01 09:05:44][INFO] SIM_BRIDGE: Region 'cortex_ctx' (600 neurons): using Izh type IZH2007_HIPPO_PYRAMIDAL
[2026-07-01 09:05:44][INFO] SIM_BRIDGE: Region 'dlpfc_wm' (600 neurons): using Izh type IZH2007_HIPPO_PYRAMIDAL
[2026-07-01 09:05:44][INFO] SIM_BRIDGE: Applying parameter heterogeneity to neuron parameters...
[2026-07-01 09:05:44][INFO] SIM_BRIDGE: Applied heterogeneity to 4 parameters.
[2026-07-01 09:05:44][INFO] SIM_BRIDGE: Generating 3D neuron positions for 1200 neurons...
[2026-07-01 09:05:44][INFO] SIM_BRIDGE: Generating connections (brain-region framework)...
[2026-07-01 09:05:44][INFO] SIM_BRIDGE: inject_explicit_wiring: installed 107786 synapses across 4 populations.
[2026-07-01 09:05:44][INFO] SIM_BRIDGE: Initializing eligibility traces for 107786 synapses (capacity: 161679, dtype: float32)...
[2026-07-01 09:05:44][INFO] SIM_BRIDGE: Initializing STDP state for 1200 neurons...
[2026-07-01 09:05:44][INFO] SIM_BRIDGE: Simulation data initialized for 1200 neurons (3D). Synapses: 107786. GPU memory: 23.4GB/51.2GB (45.7%)
[2026-07-01 09:05:44][INFO] SIM_BRIDGE: NumPy backend (CPU (NumPy backend), 47.7 GB RAM available)
[2026-07-01 09:05:44][INFO] SIM_BRIDGE: Initializing simulation data for model: IZHIKEVICH (3D)... (playback_init: False)
[2026-07-01 09:05:44][INFO] SIM_BRIDGE: RNG initialized with seed: 42
[2026-07-01 09:05:44][INFO] SIM_BRIDGE: Initializing Izhikevich model specifics for 126 neurons...
[2026-07-01 09:05:44][INFO] SIM_BRIDGE: Applying parameter heterogeneity to neuron parameters...
[2026-07-01 09:05:44][INFO] SIM_BRIDGE: Applied heterogeneity to 4 parameters.
[2026-07-01 09:05:44][INFO] SIM_BRIDGE: Initializing OU process state (tau=15.0ms, sigma=20.0pA)...
[2026-07-01 09:05:44][INFO] SIM_BRIDGE: Generating 3D neuron positions for 126 neurons...
[2026-07-01 09:05:44][INFO] SIM_BRIDGE: Generating connections (3D)...
[2026-07-01 09:05:44][INFO] SIM_BRIDGE: Simulation data initialized for 126 neurons (3D). Synapses: 0. GPU memory: 23.4GB/51.2GB (45.7%)
[2026-07-01 09:05:44][INFO] SIM_BRIDGE: inject_explicit_wiring: installed 720 synapses across 1 populations.
[2026-07-01 09:05:46][INFO] SIM_BRIDGE: NumPy backend (CPU (NumPy backend), 47.7 GB RAM available)
[2026-07-01 09:05:46][INFO] SIM_BRIDGE: Initializing simulation data for model: IZHIKEVICH (3D)... (playback_init: False)
[2026-07-01 09:05:46][INFO] SIM_BRIDGE: Brain-region framework: 2 regions, 484 total neurons, 0 pathways.
[2026-07-01 09:05:46][INFO] SIM_BRIDGE: RNG initialized with seed: 42
[2026-07-01 09:05:46][INFO] SIM_BRIDGE: Initializing Izhikevich model specifics for 484 neurons...
[2026-07-01 09:05:46][INFO] SIM_BRIDGE: Applying parameter heterogeneity to neuron parameters...
[2026-07-01 09:05:46][INFO] SIM_BRIDGE: Applied heterogeneity to 4 parameters.
[2026-07-01 09:05:46][INFO] SIM_BRIDGE: Generating 3D neuron positions for 484 neurons...
[2026-07-01 09:05:46][INFO] SIM_BRIDGE: Generating connections (brain-region framework)...
[2026-07-01 09:05:46][WARNING] SIM_BRIDGE: No trait info available; all synapses default to E->E STP type.
[2026-07-01 09:05:46][INFO] SIM_BRIDGE: inject_explicit_wiring: installed 12 synapses across 1 populations.
[2026-07-01 09:05:46][INFO] SIM_BRIDGE: Initializing STP state for 12 synapses (capacity: 18)...
[2026-07-01 09:05:46][INFO] SIM_BRIDGE: Initializing eligibility traces for 12 synapses (capacity: 18, dtype: float32)...
[2026-07-01 09:05:46][WARNING] SIM_BRIDGE: No trait info available; all synapses default to E->E STP type.
[2026-07-01 09:05:46][INFO] SIM_BRIDGE: Initializing structural plasticity state...
[2026-07-01 09:05:46][INFO] SIM_BRIDGE: Simulation data initialized for 484 neurons (3D). Synapses: 12. GPU memory: 23.4GB/51.2GB (45.7%)
[2026-07-01 09:05:46][INFO] SIM_BRIDGE: NumPy backend (CPU (NumPy backend), 47.7 GB RAM available)
[2026-07-01 09:05:46][INFO] SIM_BRIDGE: Initializing simulation data for model: IZHIKEVICH (3D)... (playback_init: False)
[2026-07-01 09:05:46][INFO] SIM_BRIDGE: RNG initialized with seed: 42
[2026-07-01 09:05:46][INFO] SIM_BRIDGE: Initializing Izhikevich model specifics for 224 neurons...
[2026-07-01 09:05:46][INFO] SIM_BRIDGE: Applying parameter heterogeneity to neuron parameters...
[2026-07-01 09:05:46][INFO] SIM_BRIDGE: Applied heterogeneity to 4 parameters.
[2026-07-01 09:05:46][INFO] SIM_BRIDGE: Initializing OU process state (tau=15.0ms, sigma=20.0pA)...
[2026-07-01 09:05:46][INFO] SIM_BRIDGE: Generating 3D neuron positions for 224 neurons...
[2026-07-01 09:05:46][INFO] SIM_BRIDGE: Generating connections (3D)...
[2026-07-01 09:05:46][INFO] SIM_BRIDGE: Simulation data initialized for 224 neurons (3D). Synapses: 0. GPU memory: 23.4GB/51.2GB (45.7%)
[2026-07-01 09:05:46][INFO] SIM_BRIDGE: inject_explicit_wiring: installed 4800 synapses across 1 populations.
[2026-07-01 09:05:50][INFO] SIM_BRIDGE: NumPy backend (CPU (NumPy backend), 47.7 GB RAM available)
[2026-07-01 09:05:50][INFO] SIM_BRIDGE: Initializing simulation data for model: IZHIKEVICH (3D)... (playback_init: False)
[2026-07-01 09:05:50][INFO] SIM_BRIDGE: RNG initialized with seed: 42
[2026-07-01 09:05:50][INFO] SIM_BRIDGE: Initializing Izhikevich model specifics for 256 neurons...
[2026-07-01 09:05:50][INFO] SIM_BRIDGE: Applying parameter heterogeneity to neuron parameters...
[2026-07-01 09:05:50][INFO] SIM_BRIDGE: Applied heterogeneity to 4 parameters.
[2026-07-01 09:05:50][INFO] SIM_BRIDGE: Initializing OU process state (tau=15.0ms, sigma=0.0pA)...
[2026-07-01 09:05:50][INFO] SIM_BRIDGE: Generating 3D neuron positions for 256 neurons...
[2026-07-01 09:05:50][INFO] SIM_BRIDGE: Generating connections (3D)...
[2026-07-01 09:05:50][INFO] SIM_BRIDGE: Simulation data initialized for 256 neurons (3D). Synapses: 0. GPU memory: 23.4GB/51.2GB (45.7%)
[2026-07-01 09:05:50][INFO] SIM_BRIDGE: NumPy backend (CPU (NumPy backend), 47.7 GB RAM available)
[2026-07-01 09:05:50][INFO] SIM_BRIDGE: Initializing simulation data for model: IZHIKEVICH (3D)... (playback_init: False)
[2026-07-01 09:05:50][INFO] SIM_BRIDGE: RNG initialized with seed: 42
[2026-07-01 09:05:50][INFO] SIM_BRIDGE: Initializing Izhikevich model specifics for 640 neurons...
[2026-07-01 09:05:50][INFO] SIM_BRIDGE: Applying parameter heterogeneity to neuron parameters...
[2026-07-01 09:05:50][INFO] SIM_BRIDGE: Applied heterogeneity to 4 parameters.
[2026-07-01 09:05:50][INFO] SIM_BRIDGE: Initializing OU process state (tau=15.0ms, sigma=0.0pA)...
[2026-07-01 09:05:50][INFO] SIM_BRIDGE: Generating 3D neuron positions for 640 neurons...
[2026-07-01 09:05:50][INFO] SIM_BRIDGE: Generating connections (3D)...
[2026-07-01 09:05:50][INFO] SIM_BRIDGE: Simulation data initialized for 640 neurons (3D). Synapses: 0. GPU memory: 23.4GB/51.2GB (45.7%)
[2026-07-01 09:05:52][INFO] SIM_BRIDGE: NumPy backend (CPU (NumPy backend), 47.7 GB RAM available)
[2026-07-01 09:05:52][INFO] SIM_BRIDGE: Initializing simulation data for model: IZHIKEVICH (3D)... (playback_init: False)
[2026-07-01 09:05:52][INFO] SIM_BRIDGE: RNG initialized with seed: 42
[2026-07-01 09:05:52][INFO] SIM_BRIDGE: Initializing Izhikevich model specifics for 512 neurons...
[2026-07-01 09:05:52][INFO] SIM_BRIDGE: Applying parameter heterogeneity to neuron parameters...
[2026-07-01 09:05:52][INFO] SIM_BRIDGE: Applied heterogeneity to 4 parameters.
[2026-07-01 09:05:52][INFO] SIM_BRIDGE: Initializing OU process state (tau=15.0ms, sigma=0.0pA)...
[2026-07-01 09:05:52][INFO] SIM_BRIDGE: Generating 3D neuron positions for 512 neurons...
[2026-07-01 09:05:52][INFO] SIM_BRIDGE: Generating connections (3D)...
[2026-07-01 09:05:52][INFO] SIM_BRIDGE: Simulation data initialized for 512 neurons (3D). Synapses: 0. GPU memory: 23.4GB/51.2GB (45.7%)
[2026-07-01 09:05:52][INFO] SIM_BRIDGE: NumPy backend (CPU (NumPy backend), 47.7 GB RAM available)
[2026-07-01 09:05:52][INFO] SIM_BRIDGE: Initializing simulation data for model: IZHIKEVICH (3D)... (playback_init: False)
[2026-07-01 09:05:52][INFO] SIM_BRIDGE: Brain-region framework: 2 regions, 1200 total neurons, 2 pathways.
[2026-07-01 09:05:52][INFO] SIM_BRIDGE: RNG initialized with seed: 42
[2026-07-01 09:05:52][INFO] SIM_BRIDGE: NMDA per-region mask: 2 regions enabled (1200 neurons)
[2026-07-01 09:05:52][INFO] SIM_BRIDGE: Initializing Izhikevich model specifics for 1200 neurons...
[2026-07-01 09:05:52][INFO] SIM_BRIDGE: Region 'cortex_ctx' (600 neurons): using Izh type IZH2007_HIPPO_PYRAMIDAL
[2026-07-01 09:05:52][INFO] SIM_BRIDGE: Region 'dlpfc_wm' (600 neurons): using Izh type IZH2007_HIPPO_PYRAMIDAL
[2026-07-01 09:05:52][INFO] SIM_BRIDGE: Applying parameter heterogeneity to neuron parameters...
[2026-07-01 09:05:52][INFO] SIM_BRIDGE: Applied heterogeneity to 4 parameters.
[2026-07-01 09:05:52][INFO] SIM_BRIDGE: Generating 3D neuron positions for 1200 neurons...
[2026-07-01 09:05:52][INFO] SIM_BRIDGE: Generating connections (brain-region framework)...
[2026-07-01 09:05:53][INFO] SIM_BRIDGE: inject_explicit_wiring: installed 107786 synapses across 4 populations.
[2026-07-01 09:05:53][INFO] SIM_BRIDGE: Initializing eligibility traces for 107786 synapses (capacity: 161679, dtype: float32)...
[2026-07-01 09:05:53][INFO] SIM_BRIDGE: Initializing STDP state for 1200 neurons...
[2026-07-01 09:05:53][INFO] SIM_BRIDGE: Simulation data initialized for 1200 neurons (3D). Synapses: 107786. GPU memory: 23.4GB/51.2GB (45.7%)
[2026-07-01 09:05:53][INFO] SIM_BRIDGE: NumPy backend (CPU (NumPy backend), 47.7 GB RAM available)
[2026-07-01 09:05:53][INFO] SIM_BRIDGE: Initializing simulation data for model: IZHIKEVICH (3D)... (playback_init: False)
[2026-07-01 09:05:53][INFO] SIM_BRIDGE: RNG initialized with seed: 42
[2026-07-01 09:05:53][INFO] SIM_BRIDGE: Initializing Izhikevich model specifics for 8704 neurons...
[2026-07-01 09:05:53][INFO] SIM_BRIDGE: Applying parameter heterogeneity to neuron parameters...
[2026-07-01 09:05:53][INFO] SIM_BRIDGE: Applied heterogeneity to 4 parameters.
[2026-07-01 09:05:53][INFO] SIM_BRIDGE: Initializing OU process state (tau=15.0ms, sigma=0.0pA)...
[2026-07-01 09:05:53][INFO] SIM_BRIDGE: Generating 3D neuron positions for 8704 neurons...
[2026-07-01 09:05:53][INFO] SIM_BRIDGE: Generating connections (3D)...
[2026-07-01 09:05:53][INFO] SIM_BRIDGE: Simulation data initialized for 8704 neurons (3D). Synapses: 0. GPU memory: 23.4GB/51.2GB (45.7%)
  [seed 42] subj=bird anaphora=False lesion=True empty=True single=True
[2026-07-01 09:05:53][INFO] SIM_BRIDGE: NumPy backend (CPU (NumPy backend), 47.7 GB RAM available)
[2026-07-01 09:05:53][INFO] SIM_BRIDGE: Initializing simulation data for model: IZHIKEVICH (3D)... (playback_init: False)
[2026-07-01 09:05:53][INFO] SIM_BRIDGE: RNG initialized with seed: 43
[2026-07-01 09:05:53][INFO] SIM_BRIDGE: Initializing Izhikevich model specifics for 126 neurons...
[2026-07-01 09:05:53][INFO] SIM_BRIDGE: Applying parameter heterogeneity to neuron parameters...
[2026-07-01 09:05:53][INFO] SIM_BRIDGE: Applied heterogeneity to 4 parameters.
[2026-07-01 09:05:53][INFO] SIM_BRIDGE: Initializing OU process state (tau=15.0ms, sigma=20.0pA)...
[2026-07-01 09:05:53][INFO] SIM_BRIDGE: Generating 3D neuron positions for 126 neurons...
[2026-07-01 09:05:53][INFO] SIM_BRIDGE: Generating connections (3D)...
[2026-07-01 09:05:53][INFO] SIM_BRIDGE: Simulation data initialized for 126 neurons (3D). Synapses: 0. GPU memory: 23.4GB/51.2GB (45.7%)
[2026-07-01 09:05:53][INFO] SIM_BRIDGE: inject_explicit_wiring: installed 720 synapses across 1 populations.
[2026-07-01 09:05:55][INFO] SIM_BRIDGE: NumPy backend (CPU (NumPy backend), 47.7 GB RAM available)
[2026-07-01 09:05:55][INFO] SIM_BRIDGE: Initializing simulation data for model: IZHIKEVICH (3D)... (playback_init: False)
[2026-07-01 09:05:55][INFO] SIM_BRIDGE: Brain-region framework: 2 regions, 484 total neurons, 0 pathways.
[2026-07-01 09:05:55][INFO] SIM_BRIDGE: RNG initialized with seed: 43
[2026-07-01 09:05:55][INFO] SIM_BRIDGE: Initializing Izhikevich model specifics for 484 neurons...
[2026-07-01 09:05:55][INFO] SIM_BRIDGE: Applying parameter heterogeneity to neuron parameters...
[2026-07-01 09:05:55][INFO] SIM_BRIDGE: Applied heterogeneity to 4 parameters.
[2026-07-01 09:05:55][INFO] SIM_BRIDGE: Generating 3D neuron positions for 484 neurons...
[2026-07-01 09:05:55][INFO] SIM_BRIDGE: Generating connections (brain-region framework)...
[2026-07-01 09:05:55][WARNING] SIM_BRIDGE: No trait info available; all synapses default to E->E STP type.
[2026-07-01 09:05:55][INFO] SIM_BRIDGE: inject_explicit_wiring: installed 12 synapses across 1 populations.
[2026-07-01 09:05:55][INFO] SIM_BRIDGE: Initializing STP state for 12 synapses (capacity: 18)...
[2026-07-01 09:05:55][INFO] SIM_BRIDGE: Initializing eligibility traces for 12 synapses (capacity: 18, dtype: float32)...
[2026-07-01 09:05:55][WARNING] SIM_BRIDGE: No trait info available; all synapses default to E->E STP type.
[2026-07-01 09:05:55][INFO] SIM_BRIDGE: Initializing structural plasticity state...
[2026-07-01 09:05:55][INFO] SIM_BRIDGE: Simulation data initialized for 484 neurons (3D). Synapses: 12. GPU memory: 23.4GB/51.2GB (45.7%)
[2026-07-01 09:05:55][INFO] SIM_BRIDGE: NumPy backend (CPU (NumPy backend), 47.7 GB RAM available)
[2026-07-01 09:05:55][INFO] SIM_BRIDGE: Initializing simulation data for model: IZHIKEVICH (3D)... (playback_init: False)
[2026-07-01 09:05:55][INFO] SIM_BRIDGE: RNG initialized with seed: 43
[2026-07-01 09:05:55][INFO] SIM_BRIDGE: Initializing Izhikevich model specifics for 224 neurons...
[2026-07-01 09:05:55][INFO] SIM_BRIDGE: Applying parameter heterogeneity to neuron parameters...
[2026-07-01 09:05:55][INFO] SIM_BRIDGE: Applied heterogeneity to 4 parameters.
[2026-07-01 09:05:55][INFO] SIM_BRIDGE: Initializing OU process state (tau=15.0ms, sigma=20.0pA)...
[2026-07-01 09:05:55][INFO] SIM_BRIDGE: Generating 3D neuron positions for 224 neurons...
[2026-07-01 09:05:55][INFO] SIM_BRIDGE: Generating connections (3D)...
[2026-07-01 09:05:55][INFO] SIM_BRIDGE: Simulation data initialized for 224 neurons (3D). Synapses: 0. GPU memory: 23.4GB/51.2GB (45.7%)
[2026-07-01 09:05:55][INFO] SIM_BRIDGE: inject_explicit_wiring: installed 4800 synapses across 1 populations.
[2026-07-01 09:05:59][INFO] SIM_BRIDGE: NumPy backend (CPU (NumPy backend), 47.7 GB RAM available)
[2026-07-01 09:05:59][INFO] SIM_BRIDGE: Initializing simulation data for model: IZHIKEVICH (3D)... (playback_init: False)
[2026-07-01 09:05:59][INFO] SIM_BRIDGE: RNG initialized with seed: 43
[2026-07-01 09:05:59][INFO] SIM_BRIDGE: Initializing Izhikevich model specifics for 256 neurons...
[2026-07-01 09:05:59][INFO] SIM_BRIDGE: Applying parameter heterogeneity to neuron parameters...
[2026-07-01 09:05:59][INFO] SIM_BRIDGE: Applied heterogeneity to 4 parameters.
[2026-07-01 09:05:59][INFO] SIM_BRIDGE: Initializing OU process state (tau=15.0ms, sigma=0.0pA)...
[2026-07-01 09:05:59][INFO] SIM_BRIDGE: Generating 3D neuron positions for 256 neurons...
[2026-07-01 09:05:59][INFO] SIM_BRIDGE: Generating connections (3D)...
[2026-07-01 09:05:59][INFO] SIM_BRIDGE: Simulation data initialized for 256 neurons (3D). Synapses: 0. GPU memory: 23.4GB/51.2GB (45.8%)
[2026-07-01 09:05:59][INFO] SIM_BRIDGE: NumPy backend (CPU (NumPy backend), 47.7 GB RAM available)
[2026-07-01 09:05:59][INFO] SIM_BRIDGE: Initializing simulation data for model: IZHIKEVICH (3D)... (playback_init: False)
[2026-07-01 09:05:59][INFO] SIM_BRIDGE: RNG initialized with seed: 43
[2026-07-01 09:05:59][INFO] SIM_BRIDGE: Initializing Izhikevich model specifics for 640 neurons...
[2026-07-01 09:05:59][INFO] SIM_BRIDGE: Applying parameter heterogeneity to neuron parameters...
[2026-07-01 09:05:59][INFO] SIM_BRIDGE: Applied heterogeneity to 4 parameters.
[2026-07-01 09:05:59][INFO] SIM_BRIDGE: Initializing OU process state (tau=15.0ms, sigma=0.0pA)...
[2026-07-01 09:05:59][INFO] SIM_BRIDGE: Generating 3D neuron positions for 640 neurons...
[2026-07-01 09:05:59][INFO] SIM_BRIDGE: Generating connections (3D)...
[2026-07-01 09:05:59][INFO] SIM_BRIDGE: Simulation data initialized for 640 neurons (3D). Synapses: 0. GPU memory: 23.4GB/51.2GB (45.8%)
[2026-07-01 09:06:01][INFO] SIM_BRIDGE: NumPy backend (CPU (NumPy backend), 47.7 GB RAM available)
[2026-07-01 09:06:01][INFO] SIM_BRIDGE: Initializing simulation data for model: IZHIKEVICH (3D)... (playback_init: False)
[2026-07-01 09:06:01][INFO] SIM_BRIDGE: RNG initialized with seed: 43
[2026-07-01 09:06:01][INFO] SIM_BRIDGE: Initializing Izhikevich model specifics for 512 neurons...
[2026-07-01 09:06:01][INFO] SIM_BRIDGE: Applying parameter heterogeneity to neuron parameters...
[2026-07-01 09:06:01][INFO] SIM_BRIDGE: Applied heterogeneity to 4 parameters.
[2026-07-01 09:06:01][INFO] SIM_BRIDGE: Initializing OU process state (tau=15.0ms, sigma=0.0pA)...
[2026-07-01 09:06:01][INFO] SIM_BRIDGE: Generating 3D neuron positions for 512 neurons...
[2026-07-01 09:06:01][INFO] SIM_BRIDGE: Generating connections (3D)...
[2026-07-01 09:06:01][INFO] SIM_BRIDGE: Simulation data initialized for 512 neurons (3D). Synapses: 0. GPU memory: 23.4GB/51.2GB (45.7%)
[2026-07-01 09:06:01][INFO] SIM_BRIDGE: NumPy backend (CPU (NumPy backend), 47.7 GB RAM available)
[2026-07-01 09:06:01][INFO] SIM_BRIDGE: Initializing simulation data for model: IZHIKEVICH (3D)... (playback_init: False)
[2026-07-01 09:06:01][INFO] SIM_BRIDGE: Brain-region framework: 2 regions, 1200 total neurons, 2 pathways.
[2026-07-01 09:06:01][INFO] SIM_BRIDGE: RNG initialized with seed: 43
[2026-07-01 09:06:01][INFO] SIM_BRIDGE: NMDA per-region mask: 2 regions enabled (1200 neurons)
[2026-07-01 09:06:01][INFO] SIM_BRIDGE: Initializing Izhikevich model specifics for 1200 neurons...
[2026-07-01 09:06:01][INFO] SIM_BRIDGE: Region 'cortex_ctx' (600 neurons): using Izh type IZH2007_HIPPO_PYRAMIDAL
[2026-07-01 09:06:01][INFO] SIM_BRIDGE: Region 'dlpfc_wm' (600 neurons): using Izh type IZH2007_HIPPO_PYRAMIDAL
[2026-07-01 09:06:01][INFO] SIM_BRIDGE: Applying parameter heterogeneity to neuron parameters...
[2026-07-01 09:06:01][INFO] SIM_BRIDGE: Applied heterogeneity to 4 parameters.
[2026-07-01 09:06:01][INFO] SIM_BRIDGE: Generating 3D neuron positions for 1200 neurons...
[2026-07-01 09:06:01][INFO] SIM_BRIDGE: Generating connections (brain-region framework)...
[2026-07-01 09:06:01][INFO] SIM_BRIDGE: inject_explicit_wiring: installed 107649 synapses across 4 populations.
[2026-07-01 09:06:01][INFO] SIM_BRIDGE: Initializing eligibility traces for 107649 synapses (capacity: 161473, dtype: float32)...
[2026-07-01 09:06:01][INFO] SIM_BRIDGE: Initializing STDP state for 1200 neurons...
[2026-07-01 09:06:01][INFO] SIM_BRIDGE: Simulation data initialized for 1200 neurons (3D). Synapses: 107649. GPU memory: 23.4GB/51.2GB (45.7%)
[2026-07-01 09:06:01][INFO] SIM_BRIDGE: NumPy backend (CPU (NumPy backend), 47.7 GB RAM available)
[2026-07-01 09:06:01][INFO] SIM_BRIDGE: Initializing simulation data for model: IZHIKEVICH (3D)... (playback_init: False)
[2026-07-01 09:06:01][INFO] SIM_BRIDGE: RNG initialized with seed: 43
[2026-07-01 09:06:01][INFO] SIM_BRIDGE: Initializing Izhikevich model specifics for 8704 neurons...
[2026-07-01 09:06:01][INFO] SIM_BRIDGE: Applying parameter heterogeneity to neuron parameters...
[2026-07-01 09:06:01][INFO] SIM_BRIDGE: Applied heterogeneity to 4 parameters.
[2026-07-01 09:06:01][INFO] SIM_BRIDGE: Initializing OU process state (tau=15.0ms, sigma=0.0pA)...
[2026-07-01 09:06:01][INFO] SIM_BRIDGE: Generating 3D neuron positions for 8704 neurons...
[2026-07-01 09:06:01][INFO] SIM_BRIDGE: Generating connections (3D)...
[2026-07-01 09:06:01][INFO] SIM_BRIDGE: Simulation data initialized for 8704 neurons (3D). Synapses: 0. GPU memory: 23.4GB/51.2GB (45.7%)
[2026-07-01 09:06:01][INFO] SIM_BRIDGE: NumPy backend (CPU (NumPy backend), 47.7 GB RAM available)
[2026-07-01 09:06:01][INFO] SIM_BRIDGE: Initializing simulation data for model: IZHIKEVICH (3D)... (playback_init: False)
[2026-07-01 09:06:01][INFO] SIM_BRIDGE: RNG initialized with seed: 43
[2026-07-01 09:06:01][INFO] SIM_BRIDGE: Initializing Izhikevich model specifics for 126 neurons...
[2026-07-01 09:06:01][INFO] SIM_BRIDGE: Applying parameter heterogeneity to neuron parameters...
[2026-07-01 09:06:01][INFO] SIM_BRIDGE: Applied heterogeneity to 4 parameters.
[2026-07-01 09:06:01][INFO] SIM_BRIDGE: Initializing OU process state (tau=15.0ms, sigma=20.0pA)...
[2026-07-01 09:06:01][INFO] SIM_BRIDGE: Generating 3D neuron positions for 126 neurons...
[2026-07-01 09:06:01][INFO] SIM_BRIDGE: Generating connections (3D)...
[2026-07-01 09:06:01][INFO] SIM_BRIDGE: Simulation data initialized for 126 neurons (3D). Synapses: 0. GPU memory: 23.4GB/51.2GB (45.6%)
[2026-07-01 09:06:01][INFO] SIM_BRIDGE: inject_explicit_wiring: installed 720 synapses across 1 populations.
[2026-07-01 09:06:03][INFO] SIM_BRIDGE: NumPy backend (CPU (NumPy backend), 47.7 GB RAM available)
[2026-07-01 09:06:03][INFO] SIM_BRIDGE: Initializing simulation data for model: IZHIKEVICH (3D)... (playback_init: False)
[2026-07-01 09:06:03][INFO] SIM_BRIDGE: Brain-region framework: 2 regions, 484 total neurons, 0 pathways.
[2026-07-01 09:06:03][INFO] SIM_BRIDGE: RNG initialized with seed: 43
[2026-07-01 09:06:03][INFO] SIM_BRIDGE: Initializing Izhikevich model specifics for 484 neurons...
[2026-07-01 09:06:03][INFO] SIM_BRIDGE: Applying parameter heterogeneity to neuron parameters...
[2026-07-01 09:06:03][INFO] SIM_BRIDGE: Applied heterogeneity to 4 parameters.
[2026-07-01 09:06:03][INFO] SIM_BRIDGE: Generating 3D neuron positions for 484 neurons...
[2026-07-01 09:06:03][INFO] SIM_BRIDGE: Generating connections (brain-region framework)...
[2026-07-01 09:06:03][WARNING] SIM_BRIDGE: No trait info available; all synapses default to E->E STP type.
[2026-07-01 09:06:03][INFO] SIM_BRIDGE: inject_explicit_wiring: installed 12 synapses across 1 populations.
[2026-07-01 09:06:03][INFO] SIM_BRIDGE: Initializing STP state for 12 synapses (capacity: 18)...
[2026-07-01 09:06:03][INFO] SIM_BRIDGE: Initializing eligibility traces for 12 synapses (capacity: 18, dtype: float32)...
[2026-07-01 09:06:03][WARNING] SIM_BRIDGE: No trait info available; all synapses default to E->E STP type.
[2026-07-01 09:06:03][INFO] SIM_BRIDGE: Initializing structural plasticity state...
[2026-07-01 09:06:03][INFO] SIM_BRIDGE: Simulation data initialized for 484 neurons (3D). Synapses: 12. GPU memory: 23.4GB/51.2GB (45.7%)
[2026-07-01 09:06:03][INFO] SIM_BRIDGE: NumPy backend (CPU (NumPy backend), 47.7 GB RAM available)
[2026-07-01 09:06:03][INFO] SIM_BRIDGE: Initializing simulation data for model: IZHIKEVICH (3D)... (playback_init: False)
[2026-07-01 09:06:03][INFO] SIM_BRIDGE: RNG initialized with seed: 43
[2026-07-01 09:06:03][INFO] SIM_BRIDGE: Initializing Izhikevich model specifics for 224 neurons...
[2026-07-01 09:06:03][INFO] SIM_BRIDGE: Applying parameter heterogeneity to neuron parameters...
[2026-07-01 09:06:03][INFO] SIM_BRIDGE: Applied heterogeneity to 4 parameters.
[2026-07-01 09:06:03][INFO] SIM_BRIDGE: Initializing OU process state (tau=15.0ms, sigma=20.0pA)...
[2026-07-01 09:06:03][INFO] SIM_BRIDGE: Generating 3D neuron positions for 224 neurons...
[2026-07-01 09:06:03][INFO] SIM_BRIDGE: Generating connections (3D)...
[2026-07-01 09:06:03][INFO] SIM_BRIDGE: Simulation data initialized for 224 neurons (3D). Synapses: 0. GPU memory: 23.4GB/51.2GB (45.7%)
[2026-07-01 09:06:03][INFO] SIM_BRIDGE: inject_explicit_wiring: installed 4800 synapses across 1 populations.
[2026-07-01 09:06:07][INFO] SIM_BRIDGE: NumPy backend (CPU (NumPy backend), 47.7 GB RAM available)
[2026-07-01 09:06:07][INFO] SIM_BRIDGE: Initializing simulation data for model: IZHIKEVICH (3D)... (playback_init: False)
[2026-07-01 09:06:07][INFO] SIM_BRIDGE: RNG initialized with seed: 43
[2026-07-01 09:06:07][INFO] SIM_BRIDGE: Initializing Izhikevich model specifics for 256 neurons...
[2026-07-01 09:06:07][INFO] SIM_BRIDGE: Applying parameter heterogeneity to neuron parameters...
[2026-07-01 09:06:07][INFO] SIM_BRIDGE: Applied heterogeneity to 4 parameters.
[2026-07-01 09:06:07][INFO] SIM_BRIDGE: Initializing OU process state (tau=15.0ms, sigma=0.0pA)...
[2026-07-01 09:06:07][INFO] SIM_BRIDGE: Generating 3D neuron positions for 256 neurons...
[2026-07-01 09:06:07][INFO] SIM_BRIDGE: Generating connections (3D)...
[2026-07-01 09:06:07][INFO] SIM_BRIDGE: Simulation data initialized for 256 neurons (3D). Synapses: 0. GPU memory: 23.3GB/51.2GB (45.5%)
[2026-07-01 09:06:07][INFO] SIM_BRIDGE: NumPy backend (CPU (NumPy backend), 47.7 GB RAM available)
[2026-07-01 09:06:07][INFO] SIM_BRIDGE: Initializing simulation data for model: IZHIKEVICH (3D)... (playback_init: False)
[2026-07-01 09:06:07][INFO] SIM_BRIDGE: RNG initialized with seed: 43
[2026-07-01 09:06:07][INFO] SIM_BRIDGE: Initializing Izhikevich model specifics for 640 neurons...
[2026-07-01 09:06:07][INFO] SIM_BRIDGE: Applying parameter heterogeneity to neuron parameters...
[2026-07-01 09:06:07][INFO] SIM_BRIDGE: Applied heterogeneity to 4 parameters.
[2026-07-01 09:06:07][INFO] SIM_BRIDGE: Initializing OU process state (tau=15.0ms, sigma=0.0pA)...
[2026-07-01 09:06:07][INFO] SIM_BRIDGE: Generating 3D neuron positions for 640 neurons...
[2026-07-01 09:06:07][INFO] SIM_BRIDGE: Generating connections (3D)...
[2026-07-01 09:06:07][INFO] SIM_BRIDGE: Simulation data initialized for 640 neurons (3D). Synapses: 0. GPU memory: 23.3GB/51.2GB (45.5%)
[2026-07-01 09:06:09][INFO] SIM_BRIDGE: NumPy backend (CPU (NumPy backend), 47.7 GB RAM available)
[2026-07-01 09:06:09][INFO] SIM_BRIDGE: Initializing simulation data for model: IZHIKEVICH (3D)... (playback_init: False)
[2026-07-01 09:06:09][INFO] SIM_BRIDGE: RNG initialized with seed: 43
[2026-07-01 09:06:09][INFO] SIM_BRIDGE: Initializing Izhikevich model specifics for 512 neurons...
[2026-07-01 09:06:09][INFO] SIM_BRIDGE: Applying parameter heterogeneity to neuron parameters...
[2026-07-01 09:06:09][INFO] SIM_BRIDGE: Applied heterogeneity to 4 parameters.
[2026-07-01 09:06:09][INFO] SIM_BRIDGE: Initializing OU process state (tau=15.0ms, sigma=0.0pA)...
[2026-07-01 09:06:09][INFO] SIM_BRIDGE: Generating 3D neuron positions for 512 neurons...
[2026-07-01 09:06:09][INFO] SIM_BRIDGE: Generating connections (3D)...
[2026-07-01 09:06:09][INFO] SIM_BRIDGE: Simulation data initialized for 512 neurons (3D). Synapses: 0. GPU memory: 23.3GB/51.2GB (45.5%)
[2026-07-01 09:06:09][INFO] SIM_BRIDGE: NumPy backend (CPU (NumPy backend), 47.7 GB RAM available)
[2026-07-01 09:06:09][INFO] SIM_BRIDGE: Initializing simulation data for model: IZHIKEVICH (3D)... (playback_init: False)
[2026-07-01 09:06:09][INFO] SIM_BRIDGE: Brain-region framework: 2 regions, 1200 total neurons, 2 pathways.
[2026-07-01 09:06:09][INFO] SIM_BRIDGE: RNG initialized with seed: 43
[2026-07-01 09:06:09][INFO] SIM_BRIDGE: NMDA per-region mask: 2 regions enabled (1200 neurons)
[2026-07-01 09:06:09][INFO] SIM_BRIDGE: Initializing Izhikevich model specifics for 1200 neurons...
[2026-07-01 09:06:09][INFO] SIM_BRIDGE: Region 'cortex_ctx' (600 neurons): using Izh type IZH2007_HIPPO_PYRAMIDAL
[2026-07-01 09:06:09][INFO] SIM_BRIDGE: Region 'dlpfc_wm' (600 neurons): using Izh type IZH2007_HIPPO_PYRAMIDAL
[2026-07-01 09:06:09][INFO] SIM_BRIDGE: Applying parameter heterogeneity to neuron parameters...
[2026-07-01 09:06:09][INFO] SIM_BRIDGE: Applied heterogeneity to 4 parameters.
[2026-07-01 09:06:09][INFO] SIM_BRIDGE: Generating 3D neuron positions for 1200 neurons...
[2026-07-01 09:06:09][INFO] SIM_BRIDGE: Generating connections (brain-region framework)...
[2026-07-01 09:06:10][INFO] SIM_BRIDGE: inject_explicit_wiring: installed 107649 synapses across 4 populations.
[2026-07-01 09:06:10][INFO] SIM_BRIDGE: Initializing eligibility traces for 107649 synapses (capacity: 161473, dtype: float32)...
[2026-07-01 09:06:10][INFO] SIM_BRIDGE: Initializing STDP state for 1200 neurons...
[2026-07-01 09:06:10][INFO] SIM_BRIDGE: Simulation data initialized for 1200 neurons (3D). Synapses: 107649. GPU memory: 23.3GB/51.2GB (45.5%)
[2026-07-01 09:06:10][INFO] SIM_BRIDGE: NumPy backend (CPU (NumPy backend), 47.7 GB RAM available)
[2026-07-01 09:06:10][INFO] SIM_BRIDGE: Initializing simulation data for model: IZHIKEVICH (3D)... (playback_init: False)
[2026-07-01 09:06:10][INFO] SIM_BRIDGE: RNG initialized with seed: 43
[2026-07-01 09:06:10][INFO] SIM_BRIDGE: Initializing Izhikevich model specifics for 8704 neurons...
[2026-07-01 09:06:10][INFO] SIM_BRIDGE: Applying parameter heterogeneity to neuron parameters...
[2026-07-01 09:06:10][INFO] SIM_BRIDGE: Applied heterogeneity to 4 parameters.
[2026-07-01 09:06:10][INFO] SIM_BRIDGE: Initializing OU process state (tau=15.0ms, sigma=0.0pA)...
[2026-07-01 09:06:10][INFO] SIM_BRIDGE: Generating 3D neuron positions for 8704 neurons...
[2026-07-01 09:06:10][INFO] SIM_BRIDGE: Generating connections (3D)...
[2026-07-01 09:06:10][INFO] SIM_BRIDGE: Simulation data initialized for 8704 neurons (3D). Synapses: 0. GPU memory: 23.3GB/51.2GB (45.5%)
[2026-07-01 09:06:10][INFO] SIM_BRIDGE: NumPy backend (CPU (NumPy backend), 47.7 GB RAM available)
[2026-07-01 09:06:10][INFO] SIM_BRIDGE: Initializing simulation data for model: IZHIKEVICH (3D)... (playback_init: False)
[2026-07-01 09:06:10][INFO] SIM_BRIDGE: Brain-region framework: 2 regions, 1200 total neurons, 2 pathways.
[2026-07-01 09:06:10][INFO] SIM_BRIDGE: RNG initialized with seed: 43
[2026-07-01 09:06:10][INFO] SIM_BRIDGE: NMDA per-region mask: 2 regions enabled (1200 neurons)
[2026-07-01 09:06:10][INFO] SIM_BRIDGE: Initializing Izhikevich model specifics for 1200 neurons...
[2026-07-01 09:06:10][INFO] SIM_BRIDGE: Region 'cortex_ctx' (600 neurons): using Izh type IZH2007_HIPPO_PYRAMIDAL
[2026-07-01 09:06:10][INFO] SIM_BRIDGE: Region 'dlpfc_wm' (600 neurons): using Izh type IZH2007_HIPPO_PYRAMIDAL
[2026-07-01 09:06:10][INFO] SIM_BRIDGE: Applying parameter heterogeneity to neuron parameters...
[2026-07-01 09:06:10][INFO] SIM_BRIDGE: Applied heterogeneity to 4 parameters.
[2026-07-01 09:06:10][INFO] SIM_BRIDGE: Generating 3D neuron positions for 1200 neurons...
[2026-07-01 09:06:10][INFO] SIM_BRIDGE: Generating connections (brain-region framework)...
[2026-07-01 09:06:10][INFO] SIM_BRIDGE: inject_explicit_wiring: installed 107649 synapses across 4 populations.
[2026-07-01 09:06:10][INFO] SIM_BRIDGE: Initializing eligibility traces for 107649 synapses (capacity: 161473, dtype: float32)...
[2026-07-01 09:06:10][INFO] SIM_BRIDGE: Initializing STDP state for 1200 neurons...
[2026-07-01 09:06:10][INFO] SIM_BRIDGE: Simulation data initialized for 1200 neurons (3D). Synapses: 107649. GPU memory: 23.3GB/51.2GB (45.5%)
[2026-07-01 09:06:10][INFO] SIM_BRIDGE: NumPy backend (CPU (NumPy backend), 47.7 GB RAM available)
[2026-07-01 09:06:10][INFO] SIM_BRIDGE: Initializing simulation data for model: IZHIKEVICH (3D)... (playback_init: False)
[2026-07-01 09:06:10][INFO] SIM_BRIDGE: RNG initialized with seed: 43
[2026-07-01 09:06:10][INFO] SIM_BRIDGE: Initializing Izhikevich model specifics for 126 neurons...
[2026-07-01 09:06:10][INFO] SIM_BRIDGE: Applying parameter heterogeneity to neuron parameters...
[2026-07-01 09:06:10][INFO] SIM_BRIDGE: Applied heterogeneity to 4 parameters.
[2026-07-01 09:06:10][INFO] SIM_BRIDGE: Initializing OU process state (tau=15.0ms, sigma=20.0pA)...
[2026-07-01 09:06:10][INFO] SIM_BRIDGE: Generating 3D neuron positions for 126 neurons...
[2026-07-01 09:06:10][INFO] SIM_BRIDGE: Generating connections (3D)...
[2026-07-01 09:06:10][INFO] SIM_BRIDGE: Simulation data initialized for 126 neurons (3D). Synapses: 0. GPU memory: 23.3GB/51.2GB (45.5%)
[2026-07-01 09:06:10][INFO] SIM_BRIDGE: inject_explicit_wiring: installed 720 synapses across 1 populations.
[2026-07-01 09:06:12][INFO] SIM_BRIDGE: NumPy backend (CPU (NumPy backend), 47.7 GB RAM available)
[2026-07-01 09:06:12][INFO] SIM_BRIDGE: Initializing simulation data for model: IZHIKEVICH (3D)... (playback_init: False)
[2026-07-01 09:06:12][INFO] SIM_BRIDGE: Brain-region framework: 2 regions, 484 total neurons, 0 pathways.
[2026-07-01 09:06:12][INFO] SIM_BRIDGE: RNG initialized with seed: 43
[2026-07-01 09:06:12][INFO] SIM_BRIDGE: Initializing Izhikevich model specifics for 484 neurons...
[2026-07-01 09:06:12][INFO] SIM_BRIDGE: Applying parameter heterogeneity to neuron parameters...
[2026-07-01 09:06:12][INFO] SIM_BRIDGE: Applied heterogeneity to 4 parameters.
[2026-07-01 09:06:12][INFO] SIM_BRIDGE: Generating 3D neuron positions for 484 neurons...
[2026-07-01 09:06:12][INFO] SIM_BRIDGE: Generating connections (brain-region framework)...
[2026-07-01 09:06:12][WARNING] SIM_BRIDGE: No trait info available; all synapses default to E->E STP type.
[2026-07-01 09:06:12][INFO] SIM_BRIDGE: inject_explicit_wiring: installed 12 synapses across 1 populations.
[2026-07-01 09:06:12][INFO] SIM_BRIDGE: Initializing STP state for 12 synapses (capacity: 18)...
[2026-07-01 09:06:12][INFO] SIM_BRIDGE: Initializing eligibility traces for 12 synapses (capacity: 18, dtype: float32)...
[2026-07-01 09:06:12][WARNING] SIM_BRIDGE: No trait info available; all synapses default to E->E STP type.
[2026-07-01 09:06:12][INFO] SIM_BRIDGE: Initializing structural plasticity state...
[2026-07-01 09:06:12][INFO] SIM_BRIDGE: Simulation data initialized for 484 neurons (3D). Synapses: 12. GPU memory: 23.3GB/51.2GB (45.5%)
[2026-07-01 09:06:12][INFO] SIM_BRIDGE: NumPy backend (CPU (NumPy backend), 47.7 GB RAM available)
[2026-07-01 09:06:12][INFO] SIM_BRIDGE: Initializing simulation data for model: IZHIKEVICH (3D)... (playback_init: False)
[2026-07-01 09:06:12][INFO] SIM_BRIDGE: RNG initialized with seed: 43
[2026-07-01 09:06:12][INFO] SIM_BRIDGE: Initializing Izhikevich model specifics for 224 neurons...
[2026-07-01 09:06:12][INFO] SIM_BRIDGE: Applying parameter heterogeneity to neuron parameters...
[2026-07-01 09:06:12][INFO] SIM_BRIDGE: Applied heterogeneity to 4 parameters.
[2026-07-01 09:06:12][INFO] SIM_BRIDGE: Initializing OU process state (tau=15.0ms, sigma=20.0pA)...
[2026-07-01 09:06:12][INFO] SIM_BRIDGE: Generating 3D neuron positions for 224 neurons...
[2026-07-01 09:06:12][INFO] SIM_BRIDGE: Generating connections (3D)...
[2026-07-01 09:06:12][INFO] SIM_BRIDGE: Simulation data initialized for 224 neurons (3D). Synapses: 0. GPU memory: 23.3GB/51.2GB (45.5%)
[2026-07-01 09:06:12][INFO] SIM_BRIDGE: inject_explicit_wiring: installed 4800 synapses across 1 populations.
[2026-07-01 09:06:16][INFO] SIM_BRIDGE: NumPy backend (CPU (NumPy backend), 47.7 GB RAM available)
[2026-07-01 09:06:16][INFO] SIM_BRIDGE: Initializing simulation data for model: IZHIKEVICH (3D)... (playback_init: False)
[2026-07-01 09:06:16][INFO] SIM_BRIDGE: RNG initialized with seed: 43
[2026-07-01 09:06:16][INFO] SIM_BRIDGE: Initializing Izhikevich model specifics for 256 neurons...
[2026-07-01 09:06:16][INFO] SIM_BRIDGE: Applying parameter heterogeneity to neuron parameters...
[2026-07-01 09:06:16][INFO] SIM_BRIDGE: Applied heterogeneity to 4 parameters.
[2026-07-01 09:06:16][INFO] SIM_BRIDGE: Initializing OU process state (tau=15.0ms, sigma=0.0pA)...
[2026-07-01 09:06:16][INFO] SIM_BRIDGE: Generating 3D neuron positions for 256 neurons...
[2026-07-01 09:06:16][INFO] SIM_BRIDGE: Generating connections (3D)...
[2026-07-01 09:06:16][INFO] SIM_BRIDGE: Simulation data initialized for 256 neurons (3D). Synapses: 0. GPU memory: 23.3GB/51.2GB (45.5%)
[2026-07-01 09:06:16][INFO] SIM_BRIDGE: NumPy backend (CPU (NumPy backend), 47.7 GB RAM available)
[2026-07-01 09:06:16][INFO] SIM_BRIDGE: Initializing simulation data for model: IZHIKEVICH (3D)... (playback_init: False)
[2026-07-01 09:06:16][INFO] SIM_BRIDGE: RNG initialized with seed: 43
[2026-07-01 09:06:16][INFO] SIM_BRIDGE: Initializing Izhikevich model specifics for 640 neurons...
[2026-07-01 09:06:16][INFO] SIM_BRIDGE: Applying parameter heterogeneity to neuron parameters...
[2026-07-01 09:06:16][INFO] SIM_BRIDGE: Applied heterogeneity to 4 parameters.
[2026-07-01 09:06:16][INFO] SIM_BRIDGE: Initializing OU process state (tau=15.0ms, sigma=0.0pA)...
[2026-07-01 09:06:16][INFO] SIM_BRIDGE: Generating 3D neuron positions for 640 neurons...
[2026-07-01 09:06:16][INFO] SIM_BRIDGE: Generating connections (3D)...
[2026-07-01 09:06:16][INFO] SIM_BRIDGE: Simulation data initialized for 640 neurons (3D). Synapses: 0. GPU memory: 23.3GB/51.2GB (45.5%)
[2026-07-01 09:06:18][INFO] SIM_BRIDGE: NumPy backend (CPU (NumPy backend), 47.7 GB RAM available)
[2026-07-01 09:06:18][INFO] SIM_BRIDGE: Initializing simulation data for model: IZHIKEVICH (3D)... (playback_init: False)
[2026-07-01 09:06:18][INFO] SIM_BRIDGE: RNG initialized with seed: 43
[2026-07-01 09:06:18][INFO] SIM_BRIDGE: Initializing Izhikevich model specifics for 512 neurons...
[2026-07-01 09:06:18][INFO] SIM_BRIDGE: Applying parameter heterogeneity to neuron parameters...
[2026-07-01 09:06:18][INFO] SIM_BRIDGE: Applied heterogeneity to 4 parameters.
[2026-07-01 09:06:18][INFO] SIM_BRIDGE: Initializing OU process state (tau=15.0ms, sigma=0.0pA)...
[2026-07-01 09:06:18][INFO] SIM_BRIDGE: Generating 3D neuron positions for 512 neurons...
[2026-07-01 09:06:18][INFO] SIM_BRIDGE: Generating connections (3D)...
[2026-07-01 09:06:18][INFO] SIM_BRIDGE: Simulation data initialized for 512 neurons (3D). Synapses: 0. GPU memory: 23.3GB/51.2GB (45.5%)
[2026-07-01 09:06:18][INFO] SIM_BRIDGE: NumPy backend (CPU (NumPy backend), 47.7 GB RAM available)
[2026-07-01 09:06:18][INFO] SIM_BRIDGE: Initializing simulation data for model: IZHIKEVICH (3D)... (playback_init: False)
[2026-07-01 09:06:18][INFO] SIM_BRIDGE: Brain-region framework: 2 regions, 1200 total neurons, 2 pathways.
[2026-07-01 09:06:18][INFO] SIM_BRIDGE: RNG initialized with seed: 43
[2026-07-01 09:06:18][INFO] SIM_BRIDGE: NMDA per-region mask: 2 regions enabled (1200 neurons)
[2026-07-01 09:06:18][INFO] SIM_BRIDGE: Initializing Izhikevich model specifics for 1200 neurons...
[2026-07-01 09:06:18][INFO] SIM_BRIDGE: Region 'cortex_ctx' (600 neurons): using Izh type IZH2007_HIPPO_PYRAMIDAL
[2026-07-01 09:06:18][INFO] SIM_BRIDGE: Region 'dlpfc_wm' (600 neurons): using Izh type IZH2007_HIPPO_PYRAMIDAL
[2026-07-01 09:06:18][INFO] SIM_BRIDGE: Applying parameter heterogeneity to neuron parameters...
[2026-07-01 09:06:18][INFO] SIM_BRIDGE: Applied heterogeneity to 4 parameters.
[2026-07-01 09:06:18][INFO] SIM_BRIDGE: Generating 3D neuron positions for 1200 neurons...
[2026-07-01 09:06:18][INFO] SIM_BRIDGE: Generating connections (brain-region framework)...
[2026-07-01 09:06:18][INFO] SIM_BRIDGE: inject_explicit_wiring: installed 107649 synapses across 4 populations.
[2026-07-01 09:06:18][INFO] SIM_BRIDGE: Initializing eligibility traces for 107649 synapses (capacity: 161473, dtype: float32)...
[2026-07-01 09:06:18][INFO] SIM_BRIDGE: Initializing STDP state for 1200 neurons...
[2026-07-01 09:06:18][INFO] SIM_BRIDGE: Simulation data initialized for 1200 neurons (3D). Synapses: 107649. GPU memory: 23.3GB/51.2GB (45.5%)
[2026-07-01 09:06:18][INFO] SIM_BRIDGE: NumPy backend (CPU (NumPy backend), 47.7 GB RAM available)
[2026-07-01 09:06:18][INFO] SIM_BRIDGE: Initializing simulation data for model: IZHIKEVICH (3D)... (playback_init: False)
[2026-07-01 09:06:18][INFO] SIM_BRIDGE: RNG initialized with seed: 43
[2026-07-01 09:06:18][INFO] SIM_BRIDGE: Initializing Izhikevich model specifics for 126 neurons...
[2026-07-01 09:06:18][INFO] SIM_BRIDGE: Applying parameter heterogeneity to neuron parameters...
[2026-07-01 09:06:18][INFO] SIM_BRIDGE: Applied heterogeneity to 4 parameters.
[2026-07-01 09:06:18][INFO] SIM_BRIDGE: Initializing OU process state (tau=15.0ms, sigma=20.0pA)...
[2026-07-01 09:06:18][INFO] SIM_BRIDGE: Generating 3D neuron positions for 126 neurons...
[2026-07-01 09:06:18][INFO] SIM_BRIDGE: Generating connections (3D)...
[2026-07-01 09:06:18][INFO] SIM_BRIDGE: Simulation data initialized for 126 neurons (3D). Synapses: 0. GPU memory: 23.3GB/51.2GB (45.5%)
[2026-07-01 09:06:18][INFO] SIM_BRIDGE: inject_explicit_wiring: installed 720 synapses across 1 populations.
[2026-07-01 09:06:20][INFO] SIM_BRIDGE: NumPy backend (CPU (NumPy backend), 47.7 GB RAM available)
[2026-07-01 09:06:20][INFO] SIM_BRIDGE: Initializing simulation data for model: IZHIKEVICH (3D)... (playback_init: False)
[2026-07-01 09:06:20][INFO] SIM_BRIDGE: Brain-region framework: 2 regions, 484 total neurons, 0 pathways.
[2026-07-01 09:06:20][INFO] SIM_BRIDGE: RNG initialized with seed: 43
[2026-07-01 09:06:20][INFO] SIM_BRIDGE: Initializing Izhikevich model specifics for 484 neurons...
[2026-07-01 09:06:20][INFO] SIM_BRIDGE: Applying parameter heterogeneity to neuron parameters...
[2026-07-01 09:06:20][INFO] SIM_BRIDGE: Applied heterogeneity to 4 parameters.
[2026-07-01 09:06:20][INFO] SIM_BRIDGE: Generating 3D neuron positions for 484 neurons...
[2026-07-01 09:06:20][INFO] SIM_BRIDGE: Generating connections (brain-region framework)...
[2026-07-01 09:06:20][WARNING] SIM_BRIDGE: No trait info available; all synapses default to E->E STP type.
[2026-07-01 09:06:20][INFO] SIM_BRIDGE: inject_explicit_wiring: installed 12 synapses across 1 populations.
[2026-07-01 09:06:20][INFO] SIM_BRIDGE: Initializing STP state for 12 synapses (capacity: 18)...
[2026-07-01 09:06:20][INFO] SIM_BRIDGE: Initializing eligibility traces for 12 synapses (capacity: 18, dtype: float32)...
[2026-07-01 09:06:20][WARNING] SIM_BRIDGE: No trait info available; all synapses default to E->E STP type.
[2026-07-01 09:06:20][INFO] SIM_BRIDGE: Initializing structural plasticity state...
[2026-07-01 09:06:20][INFO] SIM_BRIDGE: Simulation data initialized for 484 neurons (3D). Synapses: 12. GPU memory: 23.3GB/51.2GB (45.5%)
[2026-07-01 09:06:20][INFO] SIM_BRIDGE: NumPy backend (CPU (NumPy backend), 47.7 GB RAM available)
[2026-07-01 09:06:20][INFO] SIM_BRIDGE: Initializing simulation data for model: IZHIKEVICH (3D)... (playback_init: False)
[2026-07-01 09:06:20][INFO] SIM_BRIDGE: RNG initialized with seed: 43
[2026-07-01 09:06:20][INFO] SIM_BRIDGE: Initializing Izhikevich model specifics for 224 neurons...
[2026-07-01 09:06:20][INFO] SIM_BRIDGE: Applying parameter heterogeneity to neuron parameters...
[2026-07-01 09:06:20][INFO] SIM_BRIDGE: Applied heterogeneity to 4 parameters.
[2026-07-01 09:06:20][INFO] SIM_BRIDGE: Initializing OU process state (tau=15.0ms, sigma=20.0pA)...
[2026-07-01 09:06:20][INFO] SIM_BRIDGE: Generating 3D neuron positions for 224 neurons...
[2026-07-01 09:06:20][INFO] SIM_BRIDGE: Generating connections (3D)...
[2026-07-01 09:06:20][INFO] SIM_BRIDGE: Simulation data initialized for 224 neurons (3D). Synapses: 0. GPU memory: 23.3GB/51.2GB (45.5%)
[2026-07-01 09:06:20][INFO] SIM_BRIDGE: inject_explicit_wiring: installed 4800 synapses across 1 populations.
[2026-07-01 09:06:24][INFO] SIM_BRIDGE: NumPy backend (CPU (NumPy backend), 47.7 GB RAM available)
[2026-07-01 09:06:24][INFO] SIM_BRIDGE: Initializing simulation data for model: IZHIKEVICH (3D)... (playback_init: False)
[2026-07-01 09:06:24][INFO] SIM_BRIDGE: RNG initialized with seed: 43
[2026-07-01 09:06:24][INFO] SIM_BRIDGE: Initializing Izhikevich model specifics for 256 neurons...
[2026-07-01 09:06:24][INFO] SIM_BRIDGE: Applying parameter heterogeneity to neuron parameters...
[2026-07-01 09:06:24][INFO] SIM_BRIDGE: Applied heterogeneity to 4 parameters.
[2026-07-01 09:06:24][INFO] SIM_BRIDGE: Initializing OU process state (tau=15.0ms, sigma=0.0pA)...
[2026-07-01 09:06:24][INFO] SIM_BRIDGE: Generating 3D neuron positions for 256 neurons...
[2026-07-01 09:06:24][INFO] SIM_BRIDGE: Generating connections (3D)...
[2026-07-01 09:06:24][INFO] SIM_BRIDGE: Simulation data initialized for 256 neurons (3D). Synapses: 0. GPU memory: 23.3GB/51.2GB (45.5%)
[2026-07-01 09:06:24][INFO] SIM_BRIDGE: NumPy backend (CPU (NumPy backend), 47.7 GB RAM available)
[2026-07-01 09:06:24][INFO] SIM_BRIDGE: Initializing simulation data for model: IZHIKEVICH (3D)... (playback_init: False)
[2026-07-01 09:06:24][INFO] SIM_BRIDGE: RNG initialized with seed: 43
[2026-07-01 09:06:24][INFO] SIM_BRIDGE: Initializing Izhikevich model specifics for 640 neurons...
[2026-07-01 09:06:24][INFO] SIM_BRIDGE: Applying parameter heterogeneity to neuron parameters...
[2026-07-01 09:06:24][INFO] SIM_BRIDGE: Applied heterogeneity to 4 parameters.
[2026-07-01 09:06:24][INFO] SIM_BRIDGE: Initializing OU process state (tau=15.0ms, sigma=0.0pA)...
[2026-07-01 09:06:24][INFO] SIM_BRIDGE: Generating 3D neuron positions for 640 neurons...
[2026-07-01 09:06:24][INFO] SIM_BRIDGE: Generating connections (3D)...
[2026-07-01 09:06:24][INFO] SIM_BRIDGE: Simulation data initialized for 640 neurons (3D). Synapses: 0. GPU memory: 23.3GB/51.2GB (45.5%)
[2026-07-01 09:06:26][INFO] SIM_BRIDGE: NumPy backend (CPU (NumPy backend), 47.7 GB RAM available)
[2026-07-01 09:06:26][INFO] SIM_BRIDGE: Initializing simulation data for model: IZHIKEVICH (3D)... (playback_init: False)
[2026-07-01 09:06:26][INFO] SIM_BRIDGE: RNG initialized with seed: 43
[2026-07-01 09:06:26][INFO] SIM_BRIDGE: Initializing Izhikevich model specifics for 512 neurons...
[2026-07-01 09:06:26][INFO] SIM_BRIDGE: Applying parameter heterogeneity to neuron parameters...
[2026-07-01 09:06:26][INFO] SIM_BRIDGE: Applied heterogeneity to 4 parameters.
[2026-07-01 09:06:26][INFO] SIM_BRIDGE: Initializing OU process state (tau=15.0ms, sigma=0.0pA)...
[2026-07-01 09:06:26][INFO] SIM_BRIDGE: Generating 3D neuron positions for 512 neurons...
[2026-07-01 09:06:26][INFO] SIM_BRIDGE: Generating connections (3D)...
[2026-07-01 09:06:26][INFO] SIM_BRIDGE: Simulation data initialized for 512 neurons (3D). Synapses: 0. GPU memory: 23.3GB/51.2GB (45.5%)
[2026-07-01 09:06:26][INFO] SIM_BRIDGE: NumPy backend (CPU (NumPy backend), 47.7 GB RAM available)
[2026-07-01 09:06:26][INFO] SIM_BRIDGE: Initializing simulation data for model: IZHIKEVICH (3D)... (playback_init: False)
[2026-07-01 09:06:26][INFO] SIM_BRIDGE: Brain-region framework: 2 regions, 1200 total neurons, 2 pathways.
[2026-07-01 09:06:26][INFO] SIM_BRIDGE: RNG initialized with seed: 43
[2026-07-01 09:06:26][INFO] SIM_BRIDGE: NMDA per-region mask: 2 regions enabled (1200 neurons)
[2026-07-01 09:06:26][INFO] SIM_BRIDGE: Initializing Izhikevich model specifics for 1200 neurons...
[2026-07-01 09:06:26][INFO] SIM_BRIDGE: Region 'cortex_ctx' (600 neurons): using Izh type IZH2007_HIPPO_PYRAMIDAL
[2026-07-01 09:06:26][INFO] SIM_BRIDGE: Region 'dlpfc_wm' (600 neurons): using Izh type IZH2007_HIPPO_PYRAMIDAL
[2026-07-01 09:06:26][INFO] SIM_BRIDGE: Applying parameter heterogeneity to neuron parameters...
[2026-07-01 09:06:26][INFO] SIM_BRIDGE: Applied heterogeneity to 4 parameters.
[2026-07-01 09:06:26][INFO] SIM_BRIDGE: Generating 3D neuron positions for 1200 neurons...
[2026-07-01 09:06:26][INFO] SIM_BRIDGE: Generating connections (brain-region framework)...
[2026-07-01 09:06:26][INFO] SIM_BRIDGE: inject_explicit_wiring: installed 107649 synapses across 4 populations.
[2026-07-01 09:06:26][INFO] SIM_BRIDGE: Initializing eligibility traces for 107649 synapses (capacity: 161473, dtype: float32)...
[2026-07-01 09:06:26][INFO] SIM_BRIDGE: Initializing STDP state for 1200 neurons...
[2026-07-01 09:06:26][INFO] SIM_BRIDGE: Simulation data initialized for 1200 neurons (3D). Synapses: 107649. GPU memory: 23.3GB/51.2GB (45.5%)
[2026-07-01 09:06:27][INFO] SIM_BRIDGE: NumPy backend (CPU (NumPy backend), 47.7 GB RAM available)
[2026-07-01 09:06:27][INFO] SIM_BRIDGE: Initializing simulation data for model: IZHIKEVICH (3D)... (playback_init: False)
[2026-07-01 09:06:27][INFO] SIM_BRIDGE: RNG initialized with seed: 43
[2026-07-01 09:06:27][INFO] SIM_BRIDGE: Initializing Izhikevich model specifics for 8704 neurons...
[2026-07-01 09:06:27][INFO] SIM_BRIDGE: Applying parameter heterogeneity to neuron parameters...
[2026-07-01 09:06:27][INFO] SIM_BRIDGE: Applied heterogeneity to 4 parameters.
[2026-07-01 09:06:27][INFO] SIM_BRIDGE: Initializing OU process state (tau=15.0ms, sigma=0.0pA)...
[2026-07-01 09:06:27][INFO] SIM_BRIDGE: Generating 3D neuron positions for 8704 neurons...
[2026-07-01 09:06:27][INFO] SIM_BRIDGE: Generating connections (3D)...
[2026-07-01 09:06:27][INFO] SIM_BRIDGE: Simulation data initialized for 8704 neurons (3D). Synapses: 0. GPU memory: 23.3GB/51.2GB (45.5%)
  [seed 43] subj=bird anaphora=False lesion=True empty=True single=True
[2026-07-01 09:06:27][INFO] SIM_BRIDGE: NumPy backend (CPU (NumPy backend), 47.7 GB RAM available)
[2026-07-01 09:06:27][INFO] SIM_BRIDGE: Initializing simulation data for model: IZHIKEVICH (3D)... (playback_init: False)
[2026-07-01 09:06:27][INFO] SIM_BRIDGE: RNG initialized with seed: 44
[2026-07-01 09:06:27][INFO] SIM_BRIDGE: Initializing Izhikevich model specifics for 126 neurons...
[2026-07-01 09:06:27][INFO] SIM_BRIDGE: Applying parameter heterogeneity to neuron parameters...
[2026-07-01 09:06:27][INFO] SIM_BRIDGE: Applied heterogeneity to 4 parameters.
[2026-07-01 09:06:27][INFO] SIM_BRIDGE: Initializing OU process state (tau=15.0ms, sigma=20.0pA)...
[2026-07-01 09:06:27][INFO] SIM_BRIDGE: Generating 3D neuron positions for 126 neurons...
[2026-07-01 09:06:27][INFO] SIM_BRIDGE: Generating connections (3D)...
[2026-07-01 09:06:27][INFO] SIM_BRIDGE: Simulation data initialized for 126 neurons (3D). Synapses: 0. GPU memory: 23.3GB/51.2GB (45.4%)
[2026-07-01 09:06:27][INFO] SIM_BRIDGE: inject_explicit_wiring: installed 720 synapses across 1 populations.
[2026-07-01 09:06:29][INFO] SIM_BRIDGE: NumPy backend (CPU (NumPy backend), 47.7 GB RAM available)
[2026-07-01 09:06:29][INFO] SIM_BRIDGE: Initializing simulation data for model: IZHIKEVICH (3D)... (playback_init: False)
[2026-07-01 09:06:29][INFO] SIM_BRIDGE: Brain-region framework: 2 regions, 484 total neurons, 0 pathways.
[2026-07-01 09:06:29][INFO] SIM_BRIDGE: RNG initialized with seed: 44
[2026-07-01 09:06:29][INFO] SIM_BRIDGE: Initializing Izhikevich model specifics for 484 neurons...
[2026-07-01 09:06:29][INFO] SIM_BRIDGE: Applying parameter heterogeneity to neuron parameters...
[2026-07-01 09:06:29][INFO] SIM_BRIDGE: Applied heterogeneity to 4 parameters.
[2026-07-01 09:06:29][INFO] SIM_BRIDGE: Generating 3D neuron positions for 484 neurons...
[2026-07-01 09:06:29][INFO] SIM_BRIDGE: Generating connections (brain-region framework)...
[2026-07-01 09:06:29][WARNING] SIM_BRIDGE: No trait info available; all synapses default to E->E STP type.
[2026-07-01 09:06:29][INFO] SIM_BRIDGE: inject_explicit_wiring: installed 12 synapses across 1 populations.
[2026-07-01 09:06:29][INFO] SIM_BRIDGE: Initializing STP state for 12 synapses (capacity: 18)...
[2026-07-01 09:06:29][INFO] SIM_BRIDGE: Initializing eligibility traces for 12 synapses (capacity: 18, dtype: float32)...
[2026-07-01 09:06:29][WARNING] SIM_BRIDGE: No trait info available; all synapses default to E->E STP type.
[2026-07-01 09:06:29][INFO] SIM_BRIDGE: Initializing structural plasticity state...
[2026-07-01 09:06:29][INFO] SIM_BRIDGE: Simulation data initialized for 484 neurons (3D). Synapses: 12. GPU memory: 23.3GB/51.2GB (45.4%)
[2026-07-01 09:06:29][INFO] SIM_BRIDGE: NumPy backend (CPU (NumPy backend), 47.7 GB RAM available)
[2026-07-01 09:06:29][INFO] SIM_BRIDGE: Initializing simulation data for model: IZHIKEVICH (3D)... (playback_init: False)
[2026-07-01 09:06:29][INFO] SIM_BRIDGE: RNG initialized with seed: 44
[2026-07-01 09:06:29][INFO] SIM_BRIDGE: Initializing Izhikevich model specifics for 224 neurons...
[2026-07-01 09:06:29][INFO] SIM_BRIDGE: Applying parameter heterogeneity to neuron parameters...
[2026-07-01 09:06:29][INFO] SIM_BRIDGE: Applied heterogeneity to 4 parameters.
[2026-07-01 09:06:29][INFO] SIM_BRIDGE: Initializing OU process state (tau=15.0ms, sigma=20.0pA)...
[2026-07-01 09:06:29][INFO] SIM_BRIDGE: Generating 3D neuron positions for 224 neurons...
[2026-07-01 09:06:29][INFO] SIM_BRIDGE: Generating connections (3D)...
[2026-07-01 09:06:29][INFO] SIM_BRIDGE: Simulation data initialized for 224 neurons (3D). Synapses: 0. GPU memory: 23.3GB/51.2GB (45.4%)
[2026-07-01 09:06:29][INFO] SIM_BRIDGE: inject_explicit_wiring: installed 4800 synapses across 1 populations.
[2026-07-01 09:06:33][INFO] SIM_BRIDGE: NumPy backend (CPU (NumPy backend), 47.7 GB RAM available)
[2026-07-01 09:06:33][INFO] SIM_BRIDGE: Initializing simulation data for model: IZHIKEVICH (3D)... (playback_init: False)
[2026-07-01 09:06:33][INFO] SIM_BRIDGE: RNG initialized with seed: 44
[2026-07-01 09:06:33][INFO] SIM_BRIDGE: Initializing Izhikevich model specifics for 256 neurons...
[2026-07-01 09:06:33][INFO] SIM_BRIDGE: Applying parameter heterogeneity to neuron parameters...
[2026-07-01 09:06:33][INFO] SIM_BRIDGE: Applied heterogeneity to 4 parameters.
[2026-07-01 09:06:33][INFO] SIM_BRIDGE: Initializing OU process state (tau=15.0ms, sigma=0.0pA)...
[2026-07-01 09:06:33][INFO] SIM_BRIDGE: Generating 3D neuron positions for 256 neurons...
[2026-07-01 09:06:33][INFO] SIM_BRIDGE: Generating connections (3D)...
[2026-07-01 09:06:33][INFO] SIM_BRIDGE: Simulation data initialized for 256 neurons (3D). Synapses: 0. GPU memory: 23.2GB/51.2GB (45.4%)
[2026-07-01 09:06:33][INFO] SIM_BRIDGE: NumPy backend (CPU (NumPy backend), 47.7 GB RAM available)
[2026-07-01 09:06:33][INFO] SIM_BRIDGE: Initializing simulation data for model: IZHIKEVICH (3D)... (playback_init: False)
[2026-07-01 09:06:33][INFO] SIM_BRIDGE: RNG initialized with seed: 44
[2026-07-01 09:06:33][INFO] SIM_BRIDGE: Initializing Izhikevich model specifics for 640 neurons...
[2026-07-01 09:06:33][INFO] SIM_BRIDGE: Applying parameter heterogeneity to neuron parameters...
[2026-07-01 09:06:33][INFO] SIM_BRIDGE: Applied heterogeneity to 4 parameters.
[2026-07-01 09:06:33][INFO] SIM_BRIDGE: Initializing OU process state (tau=15.0ms, sigma=0.0pA)...
[2026-07-01 09:06:33][INFO] SIM_BRIDGE: Generating 3D neuron positions for 640 neurons...
[2026-07-01 09:06:33][INFO] SIM_BRIDGE: Generating connections (3D)...
[2026-07-01 09:06:33][INFO] SIM_BRIDGE: Simulation data initialized for 640 neurons (3D). Synapses: 0. GPU memory: 23.2GB/51.2GB (45.4%)
[2026-07-01 09:06:35][INFO] SIM_BRIDGE: NumPy backend (CPU (NumPy backend), 47.7 GB RAM available)
[2026-07-01 09:06:35][INFO] SIM_BRIDGE: Initializing simulation data for model: IZHIKEVICH (3D)... (playback_init: False)
[2026-07-01 09:06:35][INFO] SIM_BRIDGE: RNG initialized with seed: 44
[2026-07-01 09:06:35][INFO] SIM_BRIDGE: Initializing Izhikevich model specifics for 512 neurons...
[2026-07-01 09:06:35][INFO] SIM_BRIDGE: Applying parameter heterogeneity to neuron parameters...
[2026-07-01 09:06:35][INFO] SIM_BRIDGE: Applied heterogeneity to 4 parameters.
[2026-07-01 09:06:35][INFO] SIM_BRIDGE: Initializing OU process state (tau=15.0ms, sigma=0.0pA)...
[2026-07-01 09:06:35][INFO] SIM_BRIDGE: Generating 3D neuron positions for 512 neurons...
[2026-07-01 09:06:35][INFO] SIM_BRIDGE: Generating connections (3D)...
[2026-07-01 09:06:35][INFO] SIM_BRIDGE: Simulation data initialized for 512 neurons (3D). Synapses: 0. GPU memory: 23.3GB/51.2GB (45.4%)
[2026-07-01 09:06:35][INFO] SIM_BRIDGE: NumPy backend (CPU (NumPy backend), 47.7 GB RAM available)
[2026-07-01 09:06:35][INFO] SIM_BRIDGE: Initializing simulation data for model: IZHIKEVICH (3D)... (playback_init: False)
[2026-07-01 09:06:35][INFO] SIM_BRIDGE: Brain-region framework: 2 regions, 1200 total neurons, 2 pathways.
[2026-07-01 09:06:35][INFO] SIM_BRIDGE: RNG initialized with seed: 44
[2026-07-01 09:06:35][INFO] SIM_BRIDGE: NMDA per-region mask: 2 regions enabled (1200 neurons)
[2026-07-01 09:06:35][INFO] SIM_BRIDGE: Initializing Izhikevich model specifics for 1200 neurons...
[2026-07-01 09:06:35][INFO] SIM_BRIDGE: Region 'cortex_ctx' (600 neurons): using Izh type IZH2007_HIPPO_PYRAMIDAL
[2026-07-01 09:06:35][INFO] SIM_BRIDGE: Region 'dlpfc_wm' (600 neurons): using Izh type IZH2007_HIPPO_PYRAMIDAL
[2026-07-01 09:06:35][INFO] SIM_BRIDGE: Applying parameter heterogeneity to neuron parameters...
[2026-07-01 09:06:35][INFO] SIM_BRIDGE: Applied heterogeneity to 4 parameters.
[2026-07-01 09:06:35][INFO] SIM_BRIDGE: Generating 3D neuron positions for 1200 neurons...
[2026-07-01 09:06:35][INFO] SIM_BRIDGE: Generating connections (brain-region framework)...
[2026-07-01 09:06:35][INFO] SIM_BRIDGE: inject_explicit_wiring: installed 107422 synapses across 4 populations.
[2026-07-01 09:06:35][INFO] SIM_BRIDGE: Initializing eligibility traces for 107422 synapses (capacity: 161133, dtype: float32)...
[2026-07-01 09:06:35][INFO] SIM_BRIDGE: Initializing STDP state for 1200 neurons...
[2026-07-01 09:06:35][INFO] SIM_BRIDGE: Simulation data initialized for 1200 neurons (3D). Synapses: 107422. GPU memory: 23.3GB/51.2GB (45.5%)
[2026-07-01 09:06:35][INFO] SIM_BRIDGE: NumPy backend (CPU (NumPy backend), 47.7 GB RAM available)
[2026-07-01 09:06:35][INFO] SIM_BRIDGE: Initializing simulation data for model: IZHIKEVICH (3D)... (playback_init: False)
[2026-07-01 09:06:35][INFO] SIM_BRIDGE: RNG initialized with seed: 44
[2026-07-01 09:06:35][INFO] SIM_BRIDGE: Initializing Izhikevich model specifics for 8704 neurons...
[2026-07-01 09:06:35][INFO] SIM_BRIDGE: Applying parameter heterogeneity to neuron parameters...
[2026-07-01 09:06:35][INFO] SIM_BRIDGE: Applied heterogeneity to 4 parameters.
[2026-07-01 09:06:35][INFO] SIM_BRIDGE: Initializing OU process state (tau=15.0ms, sigma=0.0pA)...
[2026-07-01 09:06:35][INFO] SIM_BRIDGE: Generating 3D neuron positions for 8704 neurons...
[2026-07-01 09:06:35][INFO] SIM_BRIDGE: Generating connections (3D)...
[2026-07-01 09:06:35][INFO] SIM_BRIDGE: Simulation data initialized for 8704 neurons (3D). Synapses: 0. GPU memory: 23.3GB/51.2GB (45.5%)
[2026-07-01 09:06:35][INFO] SIM_BRIDGE: NumPy backend (CPU (NumPy backend), 47.7 GB RAM available)
[2026-07-01 09:06:35][INFO] SIM_BRIDGE: Initializing simulation data for model: IZHIKEVICH (3D)... (playback_init: False)
[2026-07-01 09:06:35][INFO] SIM_BRIDGE: RNG initialized with seed: 44
[2026-07-01 09:06:35][INFO] SIM_BRIDGE: Initializing Izhikevich model specifics for 126 neurons...
[2026-07-01 09:06:35][INFO] SIM_BRIDGE: Applying parameter heterogeneity to neuron parameters...
[2026-07-01 09:06:35][INFO] SIM_BRIDGE: Applied heterogeneity to 4 parameters.
[2026-07-01 09:06:35][INFO] SIM_BRIDGE: Initializing OU process state (tau=15.0ms, sigma=20.0pA)...
[2026-07-01 09:06:35][INFO] SIM_BRIDGE: Generating 3D neuron positions for 126 neurons...
[2026-07-01 09:06:35][INFO] SIM_BRIDGE: Generating connections (3D)...
[2026-07-01 09:06:35][INFO] SIM_BRIDGE: Simulation data initialized for 126 neurons (3D). Synapses: 0. GPU memory: 23.3GB/51.2GB (45.5%)
[2026-07-01 09:06:35][INFO] SIM_BRIDGE: inject_explicit_wiring: installed 720 synapses across 1 populations.
[2026-07-01 09:06:37][INFO] SIM_BRIDGE: NumPy backend (CPU (NumPy backend), 47.7 GB RAM available)
[2026-07-01 09:06:37][INFO] SIM_BRIDGE: Initializing simulation data for model: IZHIKEVICH (3D)... (playback_init: False)
[2026-07-01 09:06:37][INFO] SIM_BRIDGE: Brain-region framework: 2 regions, 484 total neurons, 0 pathways.
[2026-07-01 09:06:37][INFO] SIM_BRIDGE: RNG initialized with seed: 44
[2026-07-01 09:06:37][INFO] SIM_BRIDGE: Initializing Izhikevich model specifics for 484 neurons...
[2026-07-01 09:06:37][INFO] SIM_BRIDGE: Applying parameter heterogeneity to neuron parameters...
[2026-07-01 09:06:37][INFO] SIM_BRIDGE: Applied heterogeneity to 4 parameters.
[2026-07-01 09:06:37][INFO] SIM_BRIDGE: Generating 3D neuron positions for 484 neurons...
[2026-07-01 09:06:37][INFO] SIM_BRIDGE: Generating connections (brain-region framework)...
[2026-07-01 09:06:37][WARNING] SIM_BRIDGE: No trait info available; all synapses default to E->E STP type.
[2026-07-01 09:06:37][INFO] SIM_BRIDGE: inject_explicit_wiring: installed 12 synapses across 1 populations.
[2026-07-01 09:06:37][INFO] SIM_BRIDGE: Initializing STP state for 12 synapses (capacity: 18)...
[2026-07-01 09:06:37][INFO] SIM_BRIDGE: Initializing eligibility traces for 12 synapses (capacity: 18, dtype: float32)...
[2026-07-01 09:06:37][WARNING] SIM_BRIDGE: No trait info available; all synapses default to E->E STP type.
[2026-07-01 09:06:37][INFO] SIM_BRIDGE: Initializing structural plasticity state...
[2026-07-01 09:06:37][INFO] SIM_BRIDGE: Simulation data initialized for 484 neurons (3D). Synapses: 12. GPU memory: 23.3GB/51.2GB (45.5%)
[2026-07-01 09:06:37][INFO] SIM_BRIDGE: NumPy backend (CPU (NumPy backend), 47.7 GB RAM available)
[2026-07-01 09:06:37][INFO] SIM_BRIDGE: Initializing simulation data for model: IZHIKEVICH (3D)... (playback_init: False)
[2026-07-01 09:06:37][INFO] SIM_BRIDGE: RNG initialized with seed: 44
[2026-07-01 09:06:37][INFO] SIM_BRIDGE: Initializing Izhikevich model specifics for 224 neurons...
[2026-07-01 09:06:37][INFO] SIM_BRIDGE: Applying parameter heterogeneity to neuron parameters...
[2026-07-01 09:06:37][INFO] SIM_BRIDGE: Applied heterogeneity to 4 parameters.
[2026-07-01 09:06:37][INFO] SIM_BRIDGE: Initializing OU process state (tau=15.0ms, sigma=20.0pA)...
[2026-07-01 09:06:37][INFO] SIM_BRIDGE: Generating 3D neuron positions for 224 neurons...
[2026-07-01 09:06:37][INFO] SIM_BRIDGE: Generating connections (3D)...
[2026-07-01 09:06:37][INFO] SIM_BRIDGE: Simulation data initialized for 224 neurons (3D). Synapses: 0. GPU memory: 23.3GB/51.2GB (45.5%)
[2026-07-01 09:06:37][INFO] SIM_BRIDGE: inject_explicit_wiring: installed 4800 synapses across 1 populations.
[2026-07-01 09:06:41][INFO] SIM_BRIDGE: NumPy backend (CPU (NumPy backend), 47.7 GB RAM available)
[2026-07-01 09:06:41][INFO] SIM_BRIDGE: Initializing simulation data for model: IZHIKEVICH (3D)... (playback_init: False)
[2026-07-01 09:06:41][INFO] SIM_BRIDGE: RNG initialized with seed: 44
[2026-07-01 09:06:41][INFO] SIM_BRIDGE: Initializing Izhikevich model specifics for 256 neurons...
[2026-07-01 09:06:41][INFO] SIM_BRIDGE: Applying parameter heterogeneity to neuron parameters...
[2026-07-01 09:06:41][INFO] SIM_BRIDGE: Applied heterogeneity to 4 parameters.
[2026-07-01 09:06:41][INFO] SIM_BRIDGE: Initializing OU process state (tau=15.0ms, sigma=0.0pA)...
[2026-07-01 09:06:41][INFO] SIM_BRIDGE: Generating 3D neuron positions for 256 neurons...
[2026-07-01 09:06:41][INFO] SIM_BRIDGE: Generating connections (3D)...
[2026-07-01 09:06:41][INFO] SIM_BRIDGE: Simulation data initialized for 256 neurons (3D). Synapses: 0. GPU memory: 23.3GB/51.2GB (45.5%)
[2026-07-01 09:06:41][INFO] SIM_BRIDGE: NumPy backend (CPU (NumPy backend), 47.7 GB RAM available)
[2026-07-01 09:06:41][INFO] SIM_BRIDGE: Initializing simulation data for model: IZHIKEVICH (3D)... (playback_init: False)
[2026-07-01 09:06:41][INFO] SIM_BRIDGE: RNG initialized with seed: 44
[2026-07-01 09:06:41][INFO] SIM_BRIDGE: Initializing Izhikevich model specifics for 640 neurons...
[2026-07-01 09:06:41][INFO] SIM_BRIDGE: Applying parameter heterogeneity to neuron parameters...
[2026-07-01 09:06:41][INFO] SIM_BRIDGE: Applied heterogeneity to 4 parameters.
[2026-07-01 09:06:41][INFO] SIM_BRIDGE: Initializing OU process state (tau=15.0ms, sigma=0.0pA)...
[2026-07-01 09:06:41][INFO] SIM_BRIDGE: Generating 3D neuron positions for 640 neurons...
[2026-07-01 09:06:41][INFO] SIM_BRIDGE: Generating connections (3D)...
[2026-07-01 09:06:41][INFO] SIM_BRIDGE: Simulation data initialized for 640 neurons (3D). Synapses: 0. GPU memory: 23.3GB/51.2GB (45.5%)
[2026-07-01 09:06:43][INFO] SIM_BRIDGE: NumPy backend (CPU (NumPy backend), 47.7 GB RAM available)
[2026-07-01 09:06:43][INFO] SIM_BRIDGE: Initializing simulation data for model: IZHIKEVICH (3D)... (playback_init: False)
[2026-07-01 09:06:43][INFO] SIM_BRIDGE: RNG initialized with seed: 44
[2026-07-01 09:06:43][INFO] SIM_BRIDGE: Initializing Izhikevich model specifics for 512 neurons...
[2026-07-01 09:06:43][INFO] SIM_BRIDGE: Applying parameter heterogeneity to neuron parameters...
[2026-07-01 09:06:43][INFO] SIM_BRIDGE: Applied heterogeneity to 4 parameters.
[2026-07-01 09:06:43][INFO] SIM_BRIDGE: Initializing OU process state (tau=15.0ms, sigma=0.0pA)...
[2026-07-01 09:06:43][INFO] SIM_BRIDGE: Generating 3D neuron positions for 512 neurons...
[2026-07-01 09:06:43][INFO] SIM_BRIDGE: Generating connections (3D)...
[2026-07-01 09:06:43][INFO] SIM_BRIDGE: Simulation data initialized for 512 neurons (3D). Synapses: 0. GPU memory: 23.3GB/51.2GB (45.4%)
[2026-07-01 09:06:43][INFO] SIM_BRIDGE: NumPy backend (CPU (NumPy backend), 47.7 GB RAM available)
[2026-07-01 09:06:43][INFO] SIM_BRIDGE: Initializing simulation data for model: IZHIKEVICH (3D)... (playback_init: False)
[2026-07-01 09:06:43][INFO] SIM_BRIDGE: Brain-region framework: 2 regions, 1200 total neurons, 2 pathways.
[2026-07-01 09:06:43][INFO] SIM_BRIDGE: RNG initialized with seed: 44
[2026-07-01 09:06:43][INFO] SIM_BRIDGE: NMDA per-region mask: 2 regions enabled (1200 neurons)
[2026-07-01 09:06:43][INFO] SIM_BRIDGE: Initializing Izhikevich model specifics for 1200 neurons...
[2026-07-01 09:06:43][INFO] SIM_BRIDGE: Region 'cortex_ctx' (600 neurons): using Izh type IZH2007_HIPPO_PYRAMIDAL
[2026-07-01 09:06:43][INFO] SIM_BRIDGE: Region 'dlpfc_wm' (600 neurons): using Izh type IZH2007_HIPPO_PYRAMIDAL
[2026-07-01 09:06:43][INFO] SIM_BRIDGE: Applying parameter heterogeneity to neuron parameters...
[2026-07-01 09:06:43][INFO] SIM_BRIDGE: Applied heterogeneity to 4 parameters.
[2026-07-01 09:06:43][INFO] SIM_BRIDGE: Generating 3D neuron positions for 1200 neurons...
[2026-07-01 09:06:43][INFO] SIM_BRIDGE: Generating connections (brain-region framework)...
[2026-07-01 09:06:43][INFO] SIM_BRIDGE: inject_explicit_wiring: installed 107422 synapses across 4 populations.
[2026-07-01 09:06:43][INFO] SIM_BRIDGE: Initializing eligibility traces for 107422 synapses (capacity: 161133, dtype: float32)...
[2026-07-01 09:06:43][INFO] SIM_BRIDGE: Initializing STDP state for 1200 neurons...
[2026-07-01 09:06:43][INFO] SIM_BRIDGE: Simulation data initialized for 1200 neurons (3D). Synapses: 107422. GPU memory: 23.3GB/51.2GB (45.4%)
[2026-07-01 09:06:44][INFO] SIM_BRIDGE: NumPy backend (CPU (NumPy backend), 47.7 GB RAM available)
[2026-07-01 09:06:44][INFO] SIM_BRIDGE: Initializing simulation data for model: IZHIKEVICH (3D)... (playback_init: False)
[2026-07-01 09:06:44][INFO] SIM_BRIDGE: RNG initialized with seed: 44
[2026-07-01 09:06:44][INFO] SIM_BRIDGE: Initializing Izhikevich model specifics for 8704 neurons...
[2026-07-01 09:06:44][INFO] SIM_BRIDGE: Applying parameter heterogeneity to neuron parameters...
[2026-07-01 09:06:44][INFO] SIM_BRIDGE: Applied heterogeneity to 4 parameters.
[2026-07-01 09:06:44][INFO] SIM_BRIDGE: Initializing OU process state (tau=15.0ms, sigma=0.0pA)...
[2026-07-01 09:06:44][INFO] SIM_BRIDGE: Generating 3D neuron positions for 8704 neurons...
[2026-07-01 09:06:44][INFO] SIM_BRIDGE: Generating connections (3D)...
[2026-07-01 09:06:44][INFO] SIM_BRIDGE: Simulation data initialized for 8704 neurons (3D). Synapses: 0. GPU memory: 23.3GB/51.2GB (45.4%)
[2026-07-01 09:06:44][INFO] SIM_BRIDGE: NumPy backend (CPU (NumPy backend), 47.7 GB RAM available)
[2026-07-01 09:06:44][INFO] SIM_BRIDGE: Initializing simulation data for model: IZHIKEVICH (3D)... (playback_init: False)
[2026-07-01 09:06:44][INFO] SIM_BRIDGE: Brain-region framework: 2 regions, 1200 total neurons, 2 pathways.
[2026-07-01 09:06:44][INFO] SIM_BRIDGE: RNG initialized with seed: 44
[2026-07-01 09:06:44][INFO] SIM_BRIDGE: NMDA per-region mask: 2 regions enabled (1200 neurons)
[2026-07-01 09:06:44][INFO] SIM_BRIDGE: Initializing Izhikevich model specifics for 1200 neurons...
[2026-07-01 09:06:44][INFO] SIM_BRIDGE: Region 'cortex_ctx' (600 neurons): using Izh type IZH2007_HIPPO_PYRAMIDAL
[2026-07-01 09:06:44][INFO] SIM_BRIDGE: Region 'dlpfc_wm' (600 neurons): using Izh type IZH2007_HIPPO_PYRAMIDAL
[2026-07-01 09:06:44][INFO] SIM_BRIDGE: Applying parameter heterogeneity to neuron parameters...
[2026-07-01 09:06:44][INFO] SIM_BRIDGE: Applied heterogeneity to 4 parameters.
[2026-07-01 09:06:44][INFO] SIM_BRIDGE: Generating 3D neuron positions for 1200 neurons...
[2026-07-01 09:06:44][INFO] SIM_BRIDGE: Generating connections (brain-region framework)...
[2026-07-01 09:06:44][INFO] SIM_BRIDGE: inject_explicit_wiring: installed 107422 synapses across 4 populations.
[2026-07-01 09:06:44][INFO] SIM_BRIDGE: Initializing eligibility traces for 107422 synapses (capacity: 161133, dtype: float32)...
[2026-07-01 09:06:44][INFO] SIM_BRIDGE: Initializing STDP state for 1200 neurons...
[2026-07-01 09:06:44][INFO] SIM_BRIDGE: Simulation data initialized for 1200 neurons (3D). Synapses: 107422. GPU memory: 23.3GB/51.2GB (45.4%)
[2026-07-01 09:06:44][INFO] SIM_BRIDGE: NumPy backend (CPU (NumPy backend), 47.7 GB RAM available)
[2026-07-01 09:06:44][INFO] SIM_BRIDGE: Initializing simulation data for model: IZHIKEVICH (3D)... (playback_init: False)
[2026-07-01 09:06:44][INFO] SIM_BRIDGE: RNG initialized with seed: 44
[2026-07-01 09:06:44][INFO] SIM_BRIDGE: Initializing Izhikevich model specifics for 126 neurons...
[2026-07-01 09:06:44][INFO] SIM_BRIDGE: Applying parameter heterogeneity to neuron parameters...
[2026-07-01 09:06:44][INFO] SIM_BRIDGE: Applied heterogeneity to 4 parameters.
[2026-07-01 09:06:44][INFO] SIM_BRIDGE: Initializing OU process state (tau=15.0ms, sigma=20.0pA)...
[2026-07-01 09:06:44][INFO] SIM_BRIDGE: Generating 3D neuron positions for 126 neurons...
[2026-07-01 09:06:44][INFO] SIM_BRIDGE: Generating connections (3D)...
[2026-07-01 09:06:44][INFO] SIM_BRIDGE: Simulation data initialized for 126 neurons (3D). Synapses: 0. GPU memory: 23.3GB/51.2GB (45.4%)
[2026-07-01 09:06:44][INFO] SIM_BRIDGE: inject_explicit_wiring: installed 720 synapses across 1 populations.
[2026-07-01 09:06:46][INFO] SIM_BRIDGE: NumPy backend (CPU (NumPy backend), 47.7 GB RAM available)
[2026-07-01 09:06:46][INFO] SIM_BRIDGE: Initializing simulation data for model: IZHIKEVICH (3D)... (playback_init: False)
[2026-07-01 09:06:46][INFO] SIM_BRIDGE: Brain-region framework: 2 regions, 484 total neurons, 0 pathways.
[2026-07-01 09:06:46][INFO] SIM_BRIDGE: RNG initialized with seed: 44
[2026-07-01 09:06:46][INFO] SIM_BRIDGE: Initializing Izhikevich model specifics for 484 neurons...
[2026-07-01 09:06:46][INFO] SIM_BRIDGE: Applying parameter heterogeneity to neuron parameters...
[2026-07-01 09:06:46][INFO] SIM_BRIDGE: Applied heterogeneity to 4 parameters.
[2026-07-01 09:06:46][INFO] SIM_BRIDGE: Generating 3D neuron positions for 484 neurons...
[2026-07-01 09:06:46][INFO] SIM_BRIDGE: Generating connections (brain-region framework)...
[2026-07-01 09:06:46][WARNING] SIM_BRIDGE: No trait info available; all synapses default to E->E STP type.
[2026-07-01 09:06:46][INFO] SIM_BRIDGE: inject_explicit_wiring: installed 12 synapses across 1 populations.
[2026-07-01 09:06:46][INFO] SIM_BRIDGE: Initializing STP state for 12 synapses (capacity: 18)...
[2026-07-01 09:06:46][INFO] SIM_BRIDGE: Initializing eligibility traces for 12 synapses (capacity: 18, dtype: float32)...
[2026-07-01 09:06:46][WARNING] SIM_BRIDGE: No trait info available; all synapses default to E->E STP type.
[2026-07-01 09:06:46][INFO] SIM_BRIDGE: Initializing structural plasticity state...
[2026-07-01 09:06:46][INFO] SIM_BRIDGE: Simulation data initialized for 484 neurons (3D). Synapses: 12. GPU memory: 23.3GB/51.2GB (45.5%)
[2026-07-01 09:06:46][INFO] SIM_BRIDGE: NumPy backend (CPU (NumPy backend), 47.7 GB RAM available)
[2026-07-01 09:06:46][INFO] SIM_BRIDGE: Initializing simulation data for model: IZHIKEVICH (3D)... (playback_init: False)
[2026-07-01 09:06:46][INFO] SIM_BRIDGE: RNG initialized with seed: 44
[2026-07-01 09:06:46][INFO] SIM_BRIDGE: Initializing Izhikevich model specifics for 224 neurons...
[2026-07-01 09:06:46][INFO] SIM_BRIDGE: Applying parameter heterogeneity to neuron parameters...
[2026-07-01 09:06:46][INFO] SIM_BRIDGE: Applied heterogeneity to 4 parameters.
[2026-07-01 09:06:46][INFO] SIM_BRIDGE: Initializing OU process state (tau=15.0ms, sigma=20.0pA)...
[2026-07-01 09:06:46][INFO] SIM_BRIDGE: Generating 3D neuron positions for 224 neurons...
[2026-07-01 09:06:46][INFO] SIM_BRIDGE: Generating connections (3D)...
[2026-07-01 09:06:46][INFO] SIM_BRIDGE: Simulation data initialized for 224 neurons (3D). Synapses: 0. GPU memory: 23.3GB/51.2GB (45.5%)
[2026-07-01 09:06:46][INFO] SIM_BRIDGE: inject_explicit_wiring: installed 4800 synapses across 1 populations.
[2026-07-01 09:06:50][INFO] SIM_BRIDGE: NumPy backend (CPU (NumPy backend), 47.7 GB RAM available)
[2026-07-01 09:06:50][INFO] SIM_BRIDGE: Initializing simulation data for model: IZHIKEVICH (3D)... (playback_init: False)
[2026-07-01 09:06:50][INFO] SIM_BRIDGE: RNG initialized with seed: 44
[2026-07-01 09:06:50][INFO] SIM_BRIDGE: Initializing Izhikevich model specifics for 256 neurons...
[2026-07-01 09:06:50][INFO] SIM_BRIDGE: Applying parameter heterogeneity to neuron parameters...
[2026-07-01 09:06:50][INFO] SIM_BRIDGE: Applied heterogeneity to 4 parameters.
[2026-07-01 09:06:50][INFO] SIM_BRIDGE: Initializing OU process state (tau=15.0ms, sigma=0.0pA)...
[2026-07-01 09:06:50][INFO] SIM_BRIDGE: Generating 3D neuron positions for 256 neurons...
[2026-07-01 09:06:50][INFO] SIM_BRIDGE: Generating connections (3D)...
[2026-07-01 09:06:50][INFO] SIM_BRIDGE: Simulation data initialized for 256 neurons (3D). Synapses: 0. GPU memory: 23.3GB/51.2GB (45.5%)
[2026-07-01 09:06:50][INFO] SIM_BRIDGE: NumPy backend (CPU (NumPy backend), 47.7 GB RAM available)
[2026-07-01 09:06:50][INFO] SIM_BRIDGE: Initializing simulation data for model: IZHIKEVICH (3D)... (playback_init: False)
[2026-07-01 09:06:50][INFO] SIM_BRIDGE: RNG initialized with seed: 44
[2026-07-01 09:06:50][INFO] SIM_BRIDGE: Initializing Izhikevich model specifics for 640 neurons...
[2026-07-01 09:06:50][INFO] SIM_BRIDGE: Applying parameter heterogeneity to neuron parameters...
[2026-07-01 09:06:50][INFO] SIM_BRIDGE: Applied heterogeneity to 4 parameters.
[2026-07-01 09:06:50][INFO] SIM_BRIDGE: Initializing OU process state (tau=15.0ms, sigma=0.0pA)...
[2026-07-01 09:06:50][INFO] SIM_BRIDGE: Generating 3D neuron positions for 640 neurons...
[2026-07-01 09:06:50][INFO] SIM_BRIDGE: Generating connections (3D)...
[2026-07-01 09:06:50][INFO] SIM_BRIDGE: Simulation data initialized for 640 neurons (3D). Synapses: 0. GPU memory: 23.3GB/51.2GB (45.5%)
[2026-07-01 09:06:52][INFO] SIM_BRIDGE: NumPy backend (CPU (NumPy backend), 47.7 GB RAM available)
[2026-07-01 09:06:52][INFO] SIM_BRIDGE: Initializing simulation data for model: IZHIKEVICH (3D)... (playback_init: False)
[2026-07-01 09:06:52][INFO] SIM_BRIDGE: RNG initialized with seed: 44
[2026-07-01 09:06:52][INFO] SIM_BRIDGE: Initializing Izhikevich model specifics for 512 neurons...
[2026-07-01 09:06:52][INFO] SIM_BRIDGE: Applying parameter heterogeneity to neuron parameters...
[2026-07-01 09:06:52][INFO] SIM_BRIDGE: Applied heterogeneity to 4 parameters.
[2026-07-01 09:06:52][INFO] SIM_BRIDGE: Initializing OU process state (tau=15.0ms, sigma=0.0pA)...
[2026-07-01 09:06:52][INFO] SIM_BRIDGE: Generating 3D neuron positions for 512 neurons...
[2026-07-01 09:06:52][INFO] SIM_BRIDGE: Generating connections (3D)...
[2026-07-01 09:06:52][INFO] SIM_BRIDGE: Simulation data initialized for 512 neurons (3D). Synapses: 0. GPU memory: 23.3GB/51.2GB (45.5%)
[2026-07-01 09:06:52][INFO] SIM_BRIDGE: NumPy backend (CPU (NumPy backend), 47.7 GB RAM available)
[2026-07-01 09:06:52][INFO] SIM_BRIDGE: Initializing simulation data for model: IZHIKEVICH (3D)... (playback_init: False)
[2026-07-01 09:06:52][INFO] SIM_BRIDGE: Brain-region framework: 2 regions, 1200 total neurons, 2 pathways.
[2026-07-01 09:06:52][INFO] SIM_BRIDGE: RNG initialized with seed: 44
[2026-07-01 09:06:52][INFO] SIM_BRIDGE: NMDA per-region mask: 2 regions enabled (1200 neurons)
[2026-07-01 09:06:52][INFO] SIM_BRIDGE: Initializing Izhikevich model specifics for 1200 neurons...
[2026-07-01 09:06:52][INFO] SIM_BRIDGE: Region 'cortex_ctx' (600 neurons): using Izh type IZH2007_HIPPO_PYRAMIDAL
[2026-07-01 09:06:52][INFO] SIM_BRIDGE: Region 'dlpfc_wm' (600 neurons): using Izh type IZH2007_HIPPO_PYRAMIDAL
[2026-07-01 09:06:52][INFO] SIM_BRIDGE: Applying parameter heterogeneity to neuron parameters...
[2026-07-01 09:06:52][INFO] SIM_BRIDGE: Applied heterogeneity to 4 parameters.
[2026-07-01 09:06:52][INFO] SIM_BRIDGE: Generating 3D neuron positions for 1200 neurons...
[2026-07-01 09:06:52][INFO] SIM_BRIDGE: Generating connections (brain-region framework)...
[2026-07-01 09:06:52][INFO] SIM_BRIDGE: inject_explicit_wiring: installed 107422 synapses across 4 populations.
[2026-07-01 09:06:52][INFO] SIM_BRIDGE: Initializing eligibility traces for 107422 synapses (capacity: 161133, dtype: float32)...
[2026-07-01 09:06:52][INFO] SIM_BRIDGE: Initializing STDP state for 1200 neurons...
[2026-07-01 09:06:52][INFO] SIM_BRIDGE: Simulation data initialized for 1200 neurons (3D). Synapses: 107422. GPU memory: 23.3GB/51.2GB (45.5%)
[2026-07-01 09:06:52][INFO] SIM_BRIDGE: NumPy backend (CPU (NumPy backend), 47.7 GB RAM available)
[2026-07-01 09:06:52][INFO] SIM_BRIDGE: Initializing simulation data for model: IZHIKEVICH (3D)... (playback_init: False)
[2026-07-01 09:06:52][INFO] SIM_BRIDGE: RNG initialized with seed: 44
[2026-07-01 09:06:52][INFO] SIM_BRIDGE: Initializing Izhikevich model specifics for 126 neurons...
[2026-07-01 09:06:52][INFO] SIM_BRIDGE: Applying parameter heterogeneity to neuron parameters...
[2026-07-01 09:06:52][INFO] SIM_BRIDGE: Applied heterogeneity to 4 parameters.
[2026-07-01 09:06:52][INFO] SIM_BRIDGE: Initializing OU process state (tau=15.0ms, sigma=20.0pA)...
[2026-07-01 09:06:52][INFO] SIM_BRIDGE: Generating 3D neuron positions for 126 neurons...
[2026-07-01 09:06:52][INFO] SIM_BRIDGE: Generating connections (3D)...
[2026-07-01 09:06:52][INFO] SIM_BRIDGE: Simulation data initialized for 126 neurons (3D). Synapses: 0. GPU memory: 23.3GB/51.2GB (45.6%)
[2026-07-01 09:06:52][INFO] SIM_BRIDGE: inject_explicit_wiring: installed 720 synapses across 1 populations.
[2026-07-01 09:06:54][INFO] SIM_BRIDGE: NumPy backend (CPU (NumPy backend), 47.7 GB RAM available)
[2026-07-01 09:06:54][INFO] SIM_BRIDGE: Initializing simulation data for model: IZHIKEVICH (3D)... (playback_init: False)
[2026-07-01 09:06:54][INFO] SIM_BRIDGE: Brain-region framework: 2 regions, 484 total neurons, 0 pathways.
[2026-07-01 09:06:54][INFO] SIM_BRIDGE: RNG initialized with seed: 44
[2026-07-01 09:06:54][INFO] SIM_BRIDGE: Initializing Izhikevich model specifics for 484 neurons...
[2026-07-01 09:06:54][INFO] SIM_BRIDGE: Applying parameter heterogeneity to neuron parameters...
[2026-07-01 09:06:54][INFO] SIM_BRIDGE: Applied heterogeneity to 4 parameters.
[2026-07-01 09:06:54][INFO] SIM_BRIDGE: Generating 3D neuron positions for 484 neurons...
[2026-07-01 09:06:54][INFO] SIM_BRIDGE: Generating connections (brain-region framework)...
[2026-07-01 09:06:54][WARNING] SIM_BRIDGE: No trait info available; all synapses default to E->E STP type.
[2026-07-01 09:06:54][INFO] SIM_BRIDGE: inject_explicit_wiring: installed 12 synapses across 1 populations.
[2026-07-01 09:06:54][INFO] SIM_BRIDGE: Initializing STP state for 12 synapses (capacity: 18)...
[2026-07-01 09:06:54][INFO] SIM_BRIDGE: Initializing eligibility traces for 12 synapses (capacity: 18, dtype: float32)...
[2026-07-01 09:06:54][WARNING] SIM_BRIDGE: No trait info available; all synapses default to E->E STP type.
[2026-07-01 09:06:54][INFO] SIM_BRIDGE: Initializing structural plasticity state...
[2026-07-01 09:06:54][INFO] SIM_BRIDGE: Simulation data initialized for 484 neurons (3D). Synapses: 12. GPU memory: 23.3GB/51.2GB (45.6%)
[2026-07-01 09:06:54][INFO] SIM_BRIDGE: NumPy backend (CPU (NumPy backend), 47.7 GB RAM available)
[2026-07-01 09:06:54][INFO] SIM_BRIDGE: Initializing simulation data for model: IZHIKEVICH (3D)... (playback_init: False)
[2026-07-01 09:06:54][INFO] SIM_BRIDGE: RNG initialized with seed: 44
[2026-07-01 09:06:54][INFO] SIM_BRIDGE: Initializing Izhikevich model specifics for 224 neurons...
[2026-07-01 09:06:54][INFO] SIM_BRIDGE: Applying parameter heterogeneity to neuron parameters...
[2026-07-01 09:06:54][INFO] SIM_BRIDGE: Applied heterogeneity to 4 parameters.
[2026-07-01 09:06:54][INFO] SIM_BRIDGE: Initializing OU process state (tau=15.0ms, sigma=20.0pA)...
[2026-07-01 09:06:54][INFO] SIM_BRIDGE: Generating 3D neuron positions for 224 neurons...
[2026-07-01 09:06:54][INFO] SIM_BRIDGE: Generating connections (3D)...
[2026-07-01 09:06:54][INFO] SIM_BRIDGE: Simulation data initialized for 224 neurons (3D). Synapses: 0. GPU memory: 23.3GB/51.2GB (45.6%)
[2026-07-01 09:06:54][INFO] SIM_BRIDGE: inject_explicit_wiring: installed 4800 synapses across 1 populations.
[2026-07-01 09:06:58][INFO] SIM_BRIDGE: NumPy backend (CPU (NumPy backend), 47.7 GB RAM available)
[2026-07-01 09:06:58][INFO] SIM_BRIDGE: Initializing simulation data for model: IZHIKEVICH (3D)... (playback_init: False)
[2026-07-01 09:06:58][INFO] SIM_BRIDGE: RNG initialized with seed: 44
[2026-07-01 09:06:58][INFO] SIM_BRIDGE: Initializing Izhikevich model specifics for 256 neurons...
[2026-07-01 09:06:58][INFO] SIM_BRIDGE: Applying parameter heterogeneity to neuron parameters...
[2026-07-01 09:06:58][INFO] SIM_BRIDGE: Applied heterogeneity to 4 parameters.
[2026-07-01 09:06:58][INFO] SIM_BRIDGE: Initializing OU process state (tau=15.0ms, sigma=0.0pA)...
[2026-07-01 09:06:58][INFO] SIM_BRIDGE: Generating 3D neuron positions for 256 neurons...
[2026-07-01 09:06:58][INFO] SIM_BRIDGE: Generating connections (3D)...
[2026-07-01 09:06:58][INFO] SIM_BRIDGE: Simulation data initialized for 256 neurons (3D). Synapses: 0. GPU memory: 23.3GB/51.2GB (45.5%)
[2026-07-01 09:06:58][INFO] SIM_BRIDGE: NumPy backend (CPU (NumPy backend), 47.7 GB RAM available)
[2026-07-01 09:06:58][INFO] SIM_BRIDGE: Initializing simulation data for model: IZHIKEVICH (3D)... (playback_init: False)
[2026-07-01 09:06:58][INFO] SIM_BRIDGE: RNG initialized with seed: 44
[2026-07-01 09:06:58][INFO] SIM_BRIDGE: Initializing Izhikevich model specifics for 640 neurons...
[2026-07-01 09:06:58][INFO] SIM_BRIDGE: Applying parameter heterogeneity to neuron parameters...
[2026-07-01 09:06:58][INFO] SIM_BRIDGE: Applied heterogeneity to 4 parameters.
[2026-07-01 09:06:58][INFO] SIM_BRIDGE: Initializing OU process state (tau=15.0ms, sigma=0.0pA)...
[2026-07-01 09:06:58][INFO] SIM_BRIDGE: Generating 3D neuron positions for 640 neurons...
[2026-07-01 09:06:58][INFO] SIM_BRIDGE: Generating connections (3D)...
[2026-07-01 09:06:58][INFO] SIM_BRIDGE: Simulation data initialized for 640 neurons (3D). Synapses: 0. GPU memory: 23.3GB/51.2GB (45.5%)
[2026-07-01 09:07:00][INFO] SIM_BRIDGE: NumPy backend (CPU (NumPy backend), 47.7 GB RAM available)
[2026-07-01 09:07:00][INFO] SIM_BRIDGE: Initializing simulation data for model: IZHIKEVICH (3D)... (playback_init: False)
[2026-07-01 09:07:00][INFO] SIM_BRIDGE: RNG initialized with seed: 44
[2026-07-01 09:07:00][INFO] SIM_BRIDGE: Initializing Izhikevich model specifics for 512 neurons...
[2026-07-01 09:07:00][INFO] SIM_BRIDGE: Applying parameter heterogeneity to neuron parameters...
[2026-07-01 09:07:00][INFO] SIM_BRIDGE: Applied heterogeneity to 4 parameters.
[2026-07-01 09:07:00][INFO] SIM_BRIDGE: Initializing OU process state (tau=15.0ms, sigma=0.0pA)...
[2026-07-01 09:07:00][INFO] SIM_BRIDGE: Generating 3D neuron positions for 512 neurons...
[2026-07-01 09:07:00][INFO] SIM_BRIDGE: Generating connections (3D)...
[2026-07-01 09:07:00][INFO] SIM_BRIDGE: Simulation data initialized for 512 neurons (3D). Synapses: 0. GPU memory: 23.3GB/51.2GB (45.5%)
[2026-07-01 09:07:00][INFO] SIM_BRIDGE: NumPy backend (CPU (NumPy backend), 47.7 GB RAM available)
[2026-07-01 09:07:00][INFO] SIM_BRIDGE: Initializing simulation data for model: IZHIKEVICH (3D)... (playback_init: False)
[2026-07-01 09:07:00][INFO] SIM_BRIDGE: Brain-region framework: 2 regions, 1200 total neurons, 2 pathways.
[2026-07-01 09:07:00][INFO] SIM_BRIDGE: RNG initialized with seed: 44
[2026-07-01 09:07:00][INFO] SIM_BRIDGE: NMDA per-region mask: 2 regions enabled (1200 neurons)
[2026-07-01 09:07:00][INFO] SIM_BRIDGE: Initializing Izhikevich model specifics for 1200 neurons...
[2026-07-01 09:07:00][INFO] SIM_BRIDGE: Region 'cortex_ctx' (600 neurons): using Izh type IZH2007_HIPPO_PYRAMIDAL
[2026-07-01 09:07:00][INFO] SIM_BRIDGE: Region 'dlpfc_wm' (600 neurons): using Izh type IZH2007_HIPPO_PYRAMIDAL
[2026-07-01 09:07:00][INFO] SIM_BRIDGE: Applying parameter heterogeneity to neuron parameters...
[2026-07-01 09:07:00][INFO] SIM_BRIDGE: Applied heterogeneity to 4 parameters.
[2026-07-01 09:07:00][INFO] SIM_BRIDGE: Generating 3D neuron positions for 1200 neurons...
[2026-07-01 09:07:00][INFO] SIM_BRIDGE: Generating connections (brain-region framework)...
[2026-07-01 09:07:00][INFO] SIM_BRIDGE: inject_explicit_wiring: installed 107422 synapses across 4 populations.
[2026-07-01 09:07:00][INFO] SIM_BRIDGE: Initializing eligibility traces for 107422 synapses (capacity: 161133, dtype: float32)...
[2026-07-01 09:07:00][INFO] SIM_BRIDGE: Initializing STDP state for 1200 neurons...
[2026-07-01 09:07:00][INFO] SIM_BRIDGE: Simulation data initialized for 1200 neurons (3D). Synapses: 107422. GPU memory: 23.4GB/51.2GB (45.6%)
[2026-07-01 09:07:01][INFO] SIM_BRIDGE: NumPy backend (CPU (NumPy backend), 47.7 GB RAM available)
[2026-07-01 09:07:01][INFO] SIM_BRIDGE: Initializing simulation data for model: IZHIKEVICH (3D)... (playback_init: False)
[2026-07-01 09:07:01][INFO] SIM_BRIDGE: RNG initialized with seed: 44
[2026-07-01 09:07:01][INFO] SIM_BRIDGE: Initializing Izhikevich model specifics for 8704 neurons...
[2026-07-01 09:07:01][INFO] SIM_BRIDGE: Applying parameter heterogeneity to neuron parameters...
[2026-07-01 09:07:01][INFO] SIM_BRIDGE: Applied heterogeneity to 4 parameters.
[2026-07-01 09:07:01][INFO] SIM_BRIDGE: Initializing OU process state (tau=15.0ms, sigma=0.0pA)...
[2026-07-01 09:07:01][INFO] SIM_BRIDGE: Generating 3D neuron positions for 8704 neurons...
[2026-07-01 09:07:01][INFO] SIM_BRIDGE: Generating connections (3D)...
[2026-07-01 09:07:01][INFO] SIM_BRIDGE: Simulation data initialized for 8704 neurons (3D). Synapses: 0. GPU memory: 23.4GB/51.2GB (45.6%)
  [seed 44] subj=bird anaphora=False lesion=True empty=True single=True

  --- multi-turn transcript (seed 42) ---
    you> what does the bird eat ?
    brain> the bird eats seed .
    you> what does it like ?
    brain> I don't know.   (it -> held_referent(none))

============================================================================================================
[phase4-mt] VERDICT: HONEST/PARTIAL -- anaphora [False, False, False]
[phase4-mt] wrote E:\Documents\Projects\sim\research\findings\raw\_fluidconv_phase4_multiturn.json
============================================================================================================
