[ms160] 05/16/2026 00:36:10 ===== SEED 43 =====
[ms160] 05/16/2026 00:36:10 s43 bridgeA_nouns (32) train
=== concept_pool_sparse_distributed (seed=43, n_concepts=32) ===
  Shared pool: 2000 neurons
  Pattern size: 100 per concept (sparse, random)
  Substrate per concept: 100 neurons (vs contiguous-slice's 62)

[2026-05-16 00:36:11][INFO] SIM_BRIDGE: CuPy using GPU: NVIDIA GeForce RTX 3090 (24.0 GB), mempool limit: 80%
[2026-05-16 00:36:11][INFO] SIM_BRIDGE: Initializing simulation data for model: IZHIKEVICH (3D)... (playback_init: False)
[2026-05-16 00:36:11][INFO] SIM_BRIDGE: Brain-region framework: 4 regions, 18684 total neurons, 4 pathways.
[2026-05-16 00:36:11][INFO] SIM_BRIDGE: RNG initialized with seed: 43
[2026-05-16 00:36:11][INFO] SIM_BRIDGE: Initializing Izhikevich model specifics for 18684 neurons...
[2026-05-16 00:36:11][INFO] SIM_BRIDGE: Applying parameter heterogeneity to neuron parameters...
[2026-05-16 00:36:11][INFO] SIM_BRIDGE: Applied heterogeneity to 4 parameters.
[2026-05-16 00:36:11][INFO] SIM_BRIDGE: Initializing OU process state (tau=15.0ms, sigma=100.0pA)...
[2026-05-16 00:36:11][INFO] SIM_BRIDGE: Generating 3D neuron positions for 18684 neurons...
[2026-05-16 00:36:11][INFO] SIM_BRIDGE: Generating connections (brain-region framework)...
[2026-05-16 00:36:25][INFO] SIM_BRIDGE: inject_explicit_wiring: installed 10387529 synapses across 5 populations.
[2026-05-16 00:36:25][INFO] SIM_BRIDGE: Initializing eligibility traces for 10387529 synapses (capacity: 15581293, dtype: float32)...
[2026-05-16 00:36:25][INFO] SIM_BRIDGE: Initializing STDP state for 18684 neurons...
[2026-05-16 00:36:25][INFO] SIM_BRIDGE: Simulation data initialized for 18684 neurons (3D). Synapses: 10387529. GPU memory: 2.1GB/25.8GB (8.0%)
[sparse-pool bridge] shared_pool=2000, lang_input=8192
[build] 15.6s
[sparse patterns] generated 32 patterns of size 100; mean pairwise overlap (first 20): 4.8 / 100
[sparse topographic prior] GPU-vectorized; ~524800 boost-targets, ~9971200 dampen-targets across 32 sparse patterns (upper bounds; actual = intersection with existing edges)
[topographic prior] 0.3s

[TRAIN] 32 x 400 = 12800 events
  event 500/12800 (41s)
  event 1000/12800 (79s)
  event 1500/12800 (117s)
  event 2000/12800 (154s)
  event 2500/12800 (192s)
  event 3000/12800 (230s)
  event 3500/12800 (267s)
  event 4000/12800 (307s)
  event 4500/12800 (345s)
  event 5000/12800 (384s)
  event 5500/12800 (423s)
  event 6000/12800 (460s)
  event 6500/12800 (498s)
  event 7000/12800 (540s)
  event 7500/12800 (577s)
  event 8000/12800 (614s)
  event 8500/12800 (653s)
  event 9000/12800 (693s)
  event 9500/12800 (732s)
  event 10000/12800 (770s)
  event 10500/12800 (809s)
  event 11000/12800 (847s)
  event 11500/12800 (884s)
  event 12000/12800 (923s)
  event 12500/12800 (960s)
[TRAIN] 982.1s total

[ENGRAM] capturing 32 tags with teacher-bias
[ENGRAM] 9.9s

[EVAL] sparse-pattern discrimination
[EVAL] 20.1s

[RESULTS] 31/32 top-1 (96.9%), 32/32 top-5 (100.0%)
  chance top-1: 3.1%, observed/chance: 31.0x
[2026-05-16 00:53:18][INFO] SIM_BRIDGE: Saving checkpoint to research/findings/raw/g11_bg/g20_sparse_bridges_s43/bridgeA_nouns_sparse.simstate.h5...
[2026-05-16 00:53:20][SUCCESS] SIM_BRIDGE: Checkpoint saved successfully to research/findings/raw/g11_bg/g20_sparse_bridges_s43/bridgeA_nouns_sparse.simstate.h5
[SAVE] -> research/findings/raw/g11_bg/g20_sparse_bridges_s43/bridgeA_nouns_sparse.simstate.h5
[OUT] -> research/findings/raw/g11_bg/g20_sparse_bridges_s43/bridgeA_nouns_sparse.json
[ms160] 05/16/2026 00:53:21 s43 bridgeB_verbs (32) train
=== concept_pool_sparse_distributed (seed=43, n_concepts=32) ===
  Shared pool: 2000 neurons
  Pattern size: 100 per concept (sparse, random)
  Substrate per concept: 100 neurons (vs contiguous-slice's 62)

[2026-05-16 00:53:22][INFO] SIM_BRIDGE: CuPy using GPU: NVIDIA GeForce RTX 3090 (24.0 GB), mempool limit: 80%
[2026-05-16 00:53:22][INFO] SIM_BRIDGE: Initializing simulation data for model: IZHIKEVICH (3D)... (playback_init: False)
[2026-05-16 00:53:22][INFO] SIM_BRIDGE: Brain-region framework: 4 regions, 18684 total neurons, 4 pathways.
[2026-05-16 00:53:22][INFO] SIM_BRIDGE: RNG initialized with seed: 43
[2026-05-16 00:53:22][INFO] SIM_BRIDGE: Initializing Izhikevich model specifics for 18684 neurons...
[2026-05-16 00:53:22][INFO] SIM_BRIDGE: Applying parameter heterogeneity to neuron parameters...
[2026-05-16 00:53:22][INFO] SIM_BRIDGE: Applied heterogeneity to 4 parameters.
[2026-05-16 00:53:22][INFO] SIM_BRIDGE: Initializing OU process state (tau=15.0ms, sigma=100.0pA)...
[2026-05-16 00:53:22][INFO] SIM_BRIDGE: Generating 3D neuron positions for 18684 neurons...
[2026-05-16 00:53:22][INFO] SIM_BRIDGE: Generating connections (brain-region framework)...
[2026-05-16 00:53:35][INFO] SIM_BRIDGE: inject_explicit_wiring: installed 10387529 synapses across 5 populations.
[2026-05-16 00:53:36][INFO] SIM_BRIDGE: Initializing eligibility traces for 10387529 synapses (capacity: 15581293, dtype: float32)...
[2026-05-16 00:53:36][INFO] SIM_BRIDGE: Initializing STDP state for 18684 neurons...
[2026-05-16 00:53:36][INFO] SIM_BRIDGE: Simulation data initialized for 18684 neurons (3D). Synapses: 10387529. GPU memory: 2.1GB/25.8GB (8.0%)
[sparse-pool bridge] shared_pool=2000, lang_input=8192
[build] 14.9s
[sparse patterns] generated 32 patterns of size 100; mean pairwise overlap (first 20): 4.8 / 100
[sparse topographic prior] GPU-vectorized; ~524800 boost-targets, ~9971200 dampen-targets across 32 sparse patterns (upper bounds; actual = intersection with existing edges)
[topographic prior] 0.2s

[TRAIN] 32 x 400 = 12800 events
  event 500/12800 (39s)
  event 1000/12800 (78s)
  event 1500/12800 (117s)
  event 2000/12800 (153s)
  event 2500/12800 (190s)
  event 3000/12800 (228s)
  event 3500/12800 (265s)
  event 4000/12800 (303s)
  event 4500/12800 (341s)
  event 5000/12800 (381s)
  event 5500/12800 (420s)
  event 6000/12800 (460s)
  event 6500/12800 (497s)
  event 7000/12800 (535s)
  event 7500/12800 (575s)
  event 8000/12800 (613s)
  event 8500/12800 (651s)
  event 9000/12800 (687s)
  event 9500/12800 (728s)
  event 10000/12800 (767s)
  event 10500/12800 (804s)
  event 11000/12800 (843s)
  event 11500/12800 (880s)
  event 12000/12800 (917s)
  event 12500/12800 (956s)
[TRAIN] 978.1s total

[ENGRAM] capturing 32 tags with teacher-bias
[ENGRAM] 10.0s

[EVAL] sparse-pattern discrimination
[EVAL] 18.2s

[RESULTS] 31/32 top-1 (96.9%), 32/32 top-5 (100.0%)
  chance top-1: 3.1%, observed/chance: 31.0x
[2026-05-16 01:10:22][INFO] SIM_BRIDGE: Saving checkpoint to research/findings/raw/g11_bg/g20_sparse_bridges_s43/bridgeB_verbs_sparse.simstate.h5...
[2026-05-16 01:10:24][SUCCESS] SIM_BRIDGE: Checkpoint saved successfully to research/findings/raw/g11_bg/g20_sparse_bridges_s43/bridgeB_verbs_sparse.simstate.h5
[SAVE] -> research/findings/raw/g11_bg/g20_sparse_bridges_s43/bridgeB_verbs_sparse.simstate.h5
[OUT] -> research/findings/raw/g11_bg/g20_sparse_bridges_s43/bridgeB_verbs_sparse.json
[ms160] 05/16/2026 01:10:25 s43 bridgeC_adj (32) train
=== concept_pool_sparse_distributed (seed=43, n_concepts=32) ===
  Shared pool: 2000 neurons
  Pattern size: 100 per concept (sparse, random)
  Substrate per concept: 100 neurons (vs contiguous-slice's 62)

[2026-05-16 01:10:26][INFO] SIM_BRIDGE: CuPy using GPU: NVIDIA GeForce RTX 3090 (24.0 GB), mempool limit: 80%
[2026-05-16 01:10:26][INFO] SIM_BRIDGE: Initializing simulation data for model: IZHIKEVICH (3D)... (playback_init: False)
[2026-05-16 01:10:26][INFO] SIM_BRIDGE: Brain-region framework: 4 regions, 18684 total neurons, 4 pathways.
[2026-05-16 01:10:26][INFO] SIM_BRIDGE: RNG initialized with seed: 43
[2026-05-16 01:10:26][INFO] SIM_BRIDGE: Initializing Izhikevich model specifics for 18684 neurons...
[2026-05-16 01:10:26][INFO] SIM_BRIDGE: Applying parameter heterogeneity to neuron parameters...
[2026-05-16 01:10:26][INFO] SIM_BRIDGE: Applied heterogeneity to 4 parameters.
[2026-05-16 01:10:26][INFO] SIM_BRIDGE: Initializing OU process state (tau=15.0ms, sigma=100.0pA)...
[2026-05-16 01:10:26][INFO] SIM_BRIDGE: Generating 3D neuron positions for 18684 neurons...
[2026-05-16 01:10:26][INFO] SIM_BRIDGE: Generating connections (brain-region framework)...
[2026-05-16 01:10:40][INFO] SIM_BRIDGE: inject_explicit_wiring: installed 10387529 synapses across 5 populations.
[2026-05-16 01:10:40][INFO] SIM_BRIDGE: Initializing eligibility traces for 10387529 synapses (capacity: 15581293, dtype: float32)...
[2026-05-16 01:10:40][INFO] SIM_BRIDGE: Initializing STDP state for 18684 neurons...
[2026-05-16 01:10:40][INFO] SIM_BRIDGE: Simulation data initialized for 18684 neurons (3D). Synapses: 10387529. GPU memory: 2.1GB/25.8GB (8.0%)
[sparse-pool bridge] shared_pool=2000, lang_input=8192
[build] 14.9s
[sparse patterns] generated 32 patterns of size 100; mean pairwise overlap (first 20): 4.8 / 100
[sparse topographic prior] GPU-vectorized; ~524800 boost-targets, ~9971200 dampen-targets across 32 sparse patterns (upper bounds; actual = intersection with existing edges)
[topographic prior] 0.2s

[TRAIN] 32 x 400 = 12800 events
  event 500/12800 (38s)
  event 1000/12800 (78s)
  event 1500/12800 (117s)
  event 2000/12800 (154s)
  event 2500/12800 (192s)
  event 3000/12800 (229s)
  event 3500/12800 (265s)
  event 4000/12800 (303s)
  event 4500/12800 (340s)
  event 5000/12800 (377s)
  event 5500/12800 (416s)
  event 6000/12800 (455s)
  event 6500/12800 (494s)
  event 7000/12800 (533s)
  event 7500/12800 (570s)
  event 8000/12800 (607s)
  event 8500/12800 (644s)
  event 9000/12800 (682s)
  event 9500/12800 (718s)
  event 10000/12800 (756s)
  event 10500/12800 (795s)
  event 11000/12800 (834s)
  event 11500/12800 (874s)
  event 12000/12800 (912s)
  event 12500/12800 (949s)
[TRAIN] 971.1s total

[ENGRAM] capturing 32 tags with teacher-bias
[ENGRAM] 9.9s

[EVAL] sparse-pattern discrimination
[EVAL] 19.3s

[RESULTS] 31/32 top-1 (96.9%), 32/32 top-5 (100.0%)
  chance top-1: 3.1%, observed/chance: 31.0x
[2026-05-16 01:27:20][INFO] SIM_BRIDGE: Saving checkpoint to research/findings/raw/g11_bg/g20_sparse_bridges_s43/bridgeC_adj_sparse.simstate.h5...
[2026-05-16 01:27:23][SUCCESS] SIM_BRIDGE: Checkpoint saved successfully to research/findings/raw/g11_bg/g20_sparse_bridges_s43/bridgeC_adj_sparse.simstate.h5
[SAVE] -> research/findings/raw/g11_bg/g20_sparse_bridges_s43/bridgeC_adj_sparse.simstate.h5
[OUT] -> research/findings/raw/g11_bg/g20_sparse_bridges_s43/bridgeC_adj_sparse.json
[ms160] 05/16/2026 01:27:23 s43 bridgeD_spatial (32) train
=== concept_pool_sparse_distributed (seed=43, n_concepts=32) ===
  Shared pool: 2000 neurons
  Pattern size: 100 per concept (sparse, random)
  Substrate per concept: 100 neurons (vs contiguous-slice's 62)

[2026-05-16 01:27:24][INFO] SIM_BRIDGE: CuPy using GPU: NVIDIA GeForce RTX 3090 (24.0 GB), mempool limit: 80%
[2026-05-16 01:27:24][INFO] SIM_BRIDGE: Initializing simulation data for model: IZHIKEVICH (3D)... (playback_init: False)
[2026-05-16 01:27:24][INFO] SIM_BRIDGE: Brain-region framework: 4 regions, 18684 total neurons, 4 pathways.
[2026-05-16 01:27:24][INFO] SIM_BRIDGE: RNG initialized with seed: 43
[2026-05-16 01:27:24][INFO] SIM_BRIDGE: Initializing Izhikevich model specifics for 18684 neurons...
[2026-05-16 01:27:24][INFO] SIM_BRIDGE: Applying parameter heterogeneity to neuron parameters...
[2026-05-16 01:27:24][INFO] SIM_BRIDGE: Applied heterogeneity to 4 parameters.
[2026-05-16 01:27:24][INFO] SIM_BRIDGE: Initializing OU process state (tau=15.0ms, sigma=100.0pA)...
[2026-05-16 01:27:24][INFO] SIM_BRIDGE: Generating 3D neuron positions for 18684 neurons...
[2026-05-16 01:27:24][INFO] SIM_BRIDGE: Generating connections (brain-region framework)...
[2026-05-16 01:27:38][INFO] SIM_BRIDGE: inject_explicit_wiring: installed 10387529 synapses across 5 populations.
[2026-05-16 01:27:38][INFO] SIM_BRIDGE: Initializing eligibility traces for 10387529 synapses (capacity: 15581293, dtype: float32)...
[2026-05-16 01:27:38][INFO] SIM_BRIDGE: Initializing STDP state for 18684 neurons...
[2026-05-16 01:27:38][INFO] SIM_BRIDGE: Simulation data initialized for 18684 neurons (3D). Synapses: 10387529. GPU memory: 2.1GB/25.8GB (8.0%)
[sparse-pool bridge] shared_pool=2000, lang_input=8192
[build] 14.9s
[sparse patterns] generated 32 patterns of size 100; mean pairwise overlap (first 20): 4.8 / 100
[sparse topographic prior] GPU-vectorized; ~524800 boost-targets, ~9971200 dampen-targets across 32 sparse patterns (upper bounds; actual = intersection with existing edges)
[topographic prior] 0.2s

[TRAIN] 32 x 400 = 12800 events
  event 500/12800 (37s)
  event 1000/12800 (74s)
  event 1500/12800 (113s)
  event 2000/12800 (153s)
  event 2500/12800 (192s)
  event 3000/12800 (230s)
  event 3500/12800 (267s)
  event 4000/12800 (305s)
  event 4500/12800 (343s)
  event 5000/12800 (380s)
  event 5500/12800 (418s)
  event 6000/12800 (455s)
  event 6500/12800 (495s)
  event 7000/12800 (536s)
  event 7500/12800 (576s)
  event 8000/12800 (614s)
  event 8500/12800 (651s)
  event 9000/12800 (688s)
  event 9500/12800 (726s)
  event 10000/12800 (763s)
  event 10500/12800 (804s)
  event 11000/12800 (844s)
  event 11500/12800 (883s)
  event 12000/12800 (923s)
  event 12500/12800 (962s)
[TRAIN] 984.5s total

[ENGRAM] capturing 32 tags with teacher-bias
[ENGRAM] 10.1s

[EVAL] sparse-pattern discrimination
[EVAL] 19.6s

[RESULTS] 31/32 top-1 (96.9%), 32/32 top-5 (100.0%)
  chance top-1: 3.1%, observed/chance: 31.0x
[2026-05-16 01:44:32][INFO] SIM_BRIDGE: Saving checkpoint to research/findings/raw/g11_bg/g20_sparse_bridges_s43/bridgeD_spatial_sparse.simstate.h5...
[2026-05-16 01:44:34][SUCCESS] SIM_BRIDGE: Checkpoint saved successfully to research/findings/raw/g11_bg/g20_sparse_bridges_s43/bridgeD_spatial_sparse.simstate.h5
[SAVE] -> research/findings/raw/g11_bg/g20_sparse_bridges_s43/bridgeD_spatial_sparse.simstate.h5
[OUT] -> research/findings/raw/g11_bg/g20_sparse_bridges_s43/bridgeD_spatial_sparse.json
[ms160] 05/16/2026 01:44:35 s43 bridgeE_functional (32) train
=== concept_pool_sparse_distributed (seed=43, n_concepts=32) ===
  Shared pool: 2000 neurons
  Pattern size: 100 per concept (sparse, random)
  Substrate per concept: 100 neurons (vs contiguous-slice's 62)

[2026-05-16 01:44:36][INFO] SIM_BRIDGE: CuPy using GPU: NVIDIA GeForce RTX 3090 (24.0 GB), mempool limit: 80%
[2026-05-16 01:44:36][INFO] SIM_BRIDGE: Initializing simulation data for model: IZHIKEVICH (3D)... (playback_init: False)
[2026-05-16 01:44:36][INFO] SIM_BRIDGE: Brain-region framework: 4 regions, 18684 total neurons, 4 pathways.
[2026-05-16 01:44:36][INFO] SIM_BRIDGE: RNG initialized with seed: 43
[2026-05-16 01:44:36][INFO] SIM_BRIDGE: Initializing Izhikevich model specifics for 18684 neurons...
[2026-05-16 01:44:36][INFO] SIM_BRIDGE: Applying parameter heterogeneity to neuron parameters...
[2026-05-16 01:44:36][INFO] SIM_BRIDGE: Applied heterogeneity to 4 parameters.
[2026-05-16 01:44:36][INFO] SIM_BRIDGE: Initializing OU process state (tau=15.0ms, sigma=100.0pA)...
[2026-05-16 01:44:36][INFO] SIM_BRIDGE: Generating 3D neuron positions for 18684 neurons...
[2026-05-16 01:44:36][INFO] SIM_BRIDGE: Generating connections (brain-region framework)...
[2026-05-16 01:44:50][INFO] SIM_BRIDGE: inject_explicit_wiring: installed 10387529 synapses across 5 populations.
[2026-05-16 01:44:50][INFO] SIM_BRIDGE: Initializing eligibility traces for 10387529 synapses (capacity: 15581293, dtype: float32)...
[2026-05-16 01:44:50][INFO] SIM_BRIDGE: Initializing STDP state for 18684 neurons...
[2026-05-16 01:44:50][INFO] SIM_BRIDGE: Simulation data initialized for 18684 neurons (3D). Synapses: 10387529. GPU memory: 2.1GB/25.8GB (8.0%)
[sparse-pool bridge] shared_pool=2000, lang_input=8192
[build] 15.0s
[sparse patterns] generated 32 patterns of size 100; mean pairwise overlap (first 20): 4.8 / 100
[sparse topographic prior] GPU-vectorized; ~524800 boost-targets, ~9971200 dampen-targets across 32 sparse patterns (upper bounds; actual = intersection with existing edges)
[topographic prior] 0.2s

[TRAIN] 32 x 400 = 12800 events
  event 500/12800 (37s)
  event 1000/12800 (74s)
  event 1500/12800 (111s)
  event 2000/12800 (148s)
  event 2500/12800 (188s)
  event 3000/12800 (227s)
  event 3500/12800 (265s)
  event 4000/12800 (303s)
  event 4500/12800 (340s)
  event 5000/12800 (376s)
  event 5500/12800 (415s)
  event 6000/12800 (451s)
  event 6500/12800 (488s)
  event 7000/12800 (528s)
  event 7500/12800 (568s)
  event 8000/12800 (607s)
  event 8500/12800 (645s)
  event 9000/12800 (682s)
  event 9500/12800 (719s)
  event 10000/12800 (756s)
  event 10500/12800 (793s)
  event 11000/12800 (829s)
  event 11500/12800 (868s)
  event 12000/12800 (908s)
  event 12500/12800 (947s)
[TRAIN] 969.5s total

[ENGRAM] capturing 32 tags with teacher-bias
[ENGRAM] 10.6s

[EVAL] sparse-pattern discrimination
[EVAL] 21.5s

[RESULTS] 31/32 top-1 (96.9%), 32/32 top-5 (100.0%)
  chance top-1: 3.1%, observed/chance: 31.0x
[2026-05-16 02:01:32][INFO] SIM_BRIDGE: Saving checkpoint to research/findings/raw/g11_bg/g20_sparse_bridges_s43/bridgeE_functional_sparse.simstate.h5...
[2026-05-16 02:01:34][SUCCESS] SIM_BRIDGE: Checkpoint saved successfully to research/findings/raw/g11_bg/g20_sparse_bridges_s43/bridgeE_functional_sparse.simstate.h5
[SAVE] -> research/findings/raw/g11_bg/g20_sparse_bridges_s43/bridgeE_functional_sparse.simstate.h5
[OUT] -> research/findings/raw/g11_bg/g20_sparse_bridges_s43/bridgeE_functional_sparse.json
[ms160] 05/16/2026 02:01:34 s43 end-to-end demo
=== G.20 multi-bridge ensemble ===
  Bridges: ['bridgeA_nouns', 'bridgeB_verbs', 'bridgeC_adj', 'bridgeD_spatial', 'bridgeE_functional']
  Total unique vocab: 160 concepts across 5 bridges
  Form: SPARSE-DISTRIBUTED (Kanerva SDM), K=100, pool=2000
  Path 3: hierarchy queries ENABLED

  [loading bridgeA_nouns (32 concepts)]
[2026-05-16 02:01:36][INFO] SIM_BRIDGE: CuPy using GPU: NVIDIA GeForce RTX 3090 (24.0 GB), mempool limit: 80%
[2026-05-16 02:01:36][INFO] SIM_BRIDGE: Initializing simulation data for model: IZHIKEVICH (3D)... (playback_init: False)
[2026-05-16 02:01:36][INFO] SIM_BRIDGE: Brain-region framework: 4 regions, 18684 total neurons, 4 pathways.
[2026-05-16 02:01:36][INFO] SIM_BRIDGE: RNG initialized with seed: 43
[2026-05-16 02:01:36][INFO] SIM_BRIDGE: Initializing Izhikevich model specifics for 18684 neurons...
[2026-05-16 02:01:36][INFO] SIM_BRIDGE: Applying parameter heterogeneity to neuron parameters...
[2026-05-16 02:01:36][INFO] SIM_BRIDGE: Applied heterogeneity to 4 parameters.
[2026-05-16 02:01:36][INFO] SIM_BRIDGE: Initializing OU process state (tau=15.0ms, sigma=100.0pA)...
[2026-05-16 02:01:36][INFO] SIM_BRIDGE: Generating 3D neuron positions for 18684 neurons...
[2026-05-16 02:01:36][INFO] SIM_BRIDGE: Generating connections (brain-region framework)...
[2026-05-16 02:01:49][INFO] SIM_BRIDGE: inject_explicit_wiring: installed 10387529 synapses across 5 populations.
[2026-05-16 02:01:49][INFO] SIM_BRIDGE: Initializing eligibility traces for 10387529 synapses (capacity: 15581293, dtype: float32)...
[2026-05-16 02:01:49][INFO] SIM_BRIDGE: Initializing STDP state for 18684 neurons...
[2026-05-16 02:01:49][INFO] SIM_BRIDGE: Simulation data initialized for 18684 neurons (3D). Synapses: 10387529. GPU memory: 2.1GB/25.8GB (8.0%)
[2026-05-16 02:01:49][INFO] SIM_BRIDGE: Loading checkpoint from research/findings/raw/g11_bg/g20_sparse_bridges_s43/bridgeA_nouns_sparse.simstate.h5...
[2026-05-16 02:01:49][INFO] SIM_BRIDGE: Clearing simulation state and GPU memory...
[2026-05-16 02:01:49][INFO] SIM_BRIDGE: Cleared simulation state and GPU memory.
[2026-05-16 02:01:49][DEBUG] SIM_BRIDGE: Checkpoint: Dataset for 'cp_adex_w' not found or was empty. Using default.
[2026-05-16 02:01:50][DEBUG] SIM_BRIDGE: Checkpoint: Dataset for 'cp_stp_u' not found or was empty. Using default.
[2026-05-16 02:01:50][DEBUG] SIM_BRIDGE: Checkpoint: Dataset for 'cp_stp_x' not found or was empty. Using default.
[2026-05-16 02:01:50][SUCCESS] SIM_BRIDGE: Checkpoint loaded. Sim time: 0.0ms, Step: 0, Model: IZHIKEVICH
    32 concepts, 32 engram tags restored
  [loading bridgeB_verbs (32 concepts)]
[2026-05-16 02:01:50][INFO] SIM_BRIDGE: CuPy using GPU: NVIDIA GeForce RTX 3090 (24.0 GB), mempool limit: 80%
[2026-05-16 02:01:50][INFO] SIM_BRIDGE: Initializing simulation data for model: IZHIKEVICH (3D)... (playback_init: False)
[2026-05-16 02:01:50][INFO] SIM_BRIDGE: Brain-region framework: 4 regions, 18684 total neurons, 4 pathways.
[2026-05-16 02:01:50][INFO] SIM_BRIDGE: RNG initialized with seed: 43
[2026-05-16 02:01:50][INFO] SIM_BRIDGE: Initializing Izhikevich model specifics for 18684 neurons...
[2026-05-16 02:01:50][INFO] SIM_BRIDGE: Applying parameter heterogeneity to neuron parameters...
[2026-05-16 02:01:50][INFO] SIM_BRIDGE: Applied heterogeneity to 4 parameters.
[2026-05-16 02:01:50][INFO] SIM_BRIDGE: Initializing OU process state (tau=15.0ms, sigma=100.0pA)...
[2026-05-16 02:01:50][INFO] SIM_BRIDGE: Generating 3D neuron positions for 18684 neurons...
[2026-05-16 02:01:50][INFO] SIM_BRIDGE: Generating connections (brain-region framework)...
[2026-05-16 02:02:03][INFO] SIM_BRIDGE: inject_explicit_wiring: installed 10387529 synapses across 5 populations.
[2026-05-16 02:02:03][INFO] SIM_BRIDGE: Initializing eligibility traces for 10387529 synapses (capacity: 15581293, dtype: float32)...
[2026-05-16 02:02:03][INFO] SIM_BRIDGE: Initializing STDP state for 18684 neurons...
[2026-05-16 02:02:03][INFO] SIM_BRIDGE: Simulation data initialized for 18684 neurons (3D). Synapses: 10387529. GPU memory: 2.5GB/25.8GB (9.8%)
[2026-05-16 02:02:04][INFO] SIM_BRIDGE: Loading checkpoint from research/findings/raw/g11_bg/g20_sparse_bridges_s43/bridgeB_verbs_sparse.simstate.h5...
[2026-05-16 02:02:04][INFO] SIM_BRIDGE: Clearing simulation state and GPU memory...
[2026-05-16 02:02:04][INFO] SIM_BRIDGE: Cleared simulation state and GPU memory.
[2026-05-16 02:02:04][DEBUG] SIM_BRIDGE: Checkpoint: Dataset for 'cp_adex_w' not found or was empty. Using default.
[2026-05-16 02:02:04][DEBUG] SIM_BRIDGE: Checkpoint: Dataset for 'cp_stp_u' not found or was empty. Using default.
[2026-05-16 02:02:04][DEBUG] SIM_BRIDGE: Checkpoint: Dataset for 'cp_stp_x' not found or was empty. Using default.
[2026-05-16 02:02:04][SUCCESS] SIM_BRIDGE: Checkpoint loaded. Sim time: 0.0ms, Step: 0, Model: IZHIKEVICH
    32 concepts, 32 engram tags restored
  [loading bridgeC_adj (32 concepts)]
[2026-05-16 02:02:04][INFO] SIM_BRIDGE: CuPy using GPU: NVIDIA GeForce RTX 3090 (24.0 GB), mempool limit: 80%
[2026-05-16 02:02:04][INFO] SIM_BRIDGE: Initializing simulation data for model: IZHIKEVICH (3D)... (playback_init: False)
[2026-05-16 02:02:04][INFO] SIM_BRIDGE: Brain-region framework: 4 regions, 18684 total neurons, 4 pathways.
[2026-05-16 02:02:04][INFO] SIM_BRIDGE: RNG initialized with seed: 43
[2026-05-16 02:02:04][INFO] SIM_BRIDGE: Initializing Izhikevich model specifics for 18684 neurons...
[2026-05-16 02:02:04][INFO] SIM_BRIDGE: Applying parameter heterogeneity to neuron parameters...
[2026-05-16 02:02:04][INFO] SIM_BRIDGE: Applied heterogeneity to 4 parameters.
[2026-05-16 02:02:04][INFO] SIM_BRIDGE: Initializing OU process state (tau=15.0ms, sigma=100.0pA)...
[2026-05-16 02:02:04][INFO] SIM_BRIDGE: Generating 3D neuron positions for 18684 neurons...
[2026-05-16 02:02:04][INFO] SIM_BRIDGE: Generating connections (brain-region framework)...
[2026-05-16 02:02:17][INFO] SIM_BRIDGE: inject_explicit_wiring: installed 10387529 synapses across 5 populations.
[2026-05-16 02:02:18][INFO] SIM_BRIDGE: Initializing eligibility traces for 10387529 synapses (capacity: 15581293, dtype: float32)...
[2026-05-16 02:02:18][INFO] SIM_BRIDGE: Initializing STDP state for 18684 neurons...
[2026-05-16 02:02:18][INFO] SIM_BRIDGE: Simulation data initialized for 18684 neurons (3D). Synapses: 10387529. GPU memory: 2.9GB/25.8GB (11.3%)
[2026-05-16 02:02:18][INFO] SIM_BRIDGE: Loading checkpoint from research/findings/raw/g11_bg/g20_sparse_bridges_s43/bridgeC_adj_sparse.simstate.h5...
[2026-05-16 02:02:18][INFO] SIM_BRIDGE: Clearing simulation state and GPU memory...
[2026-05-16 02:02:18][INFO] SIM_BRIDGE: Cleared simulation state and GPU memory.
[2026-05-16 02:02:18][DEBUG] SIM_BRIDGE: Checkpoint: Dataset for 'cp_adex_w' not found or was empty. Using default.
[2026-05-16 02:02:18][DEBUG] SIM_BRIDGE: Checkpoint: Dataset for 'cp_stp_u' not found or was empty. Using default.
[2026-05-16 02:02:18][DEBUG] SIM_BRIDGE: Checkpoint: Dataset for 'cp_stp_x' not found or was empty. Using default.
[2026-05-16 02:02:18][SUCCESS] SIM_BRIDGE: Checkpoint loaded. Sim time: 0.0ms, Step: 0, Model: IZHIKEVICH
    32 concepts, 32 engram tags restored
  [loading bridgeD_spatial (32 concepts)]
[2026-05-16 02:02:18][INFO] SIM_BRIDGE: CuPy using GPU: NVIDIA GeForce RTX 3090 (24.0 GB), mempool limit: 80%
[2026-05-16 02:02:18][INFO] SIM_BRIDGE: Initializing simulation data for model: IZHIKEVICH (3D)... (playback_init: False)
[2026-05-16 02:02:18][INFO] SIM_BRIDGE: Brain-region framework: 4 regions, 18684 total neurons, 4 pathways.
[2026-05-16 02:02:18][INFO] SIM_BRIDGE: RNG initialized with seed: 43
[2026-05-16 02:02:18][INFO] SIM_BRIDGE: Initializing Izhikevich model specifics for 18684 neurons...
[2026-05-16 02:02:18][INFO] SIM_BRIDGE: Applying parameter heterogeneity to neuron parameters...
[2026-05-16 02:02:18][INFO] SIM_BRIDGE: Applied heterogeneity to 4 parameters.
[2026-05-16 02:02:18][INFO] SIM_BRIDGE: Initializing OU process state (tau=15.0ms, sigma=100.0pA)...
[2026-05-16 02:02:18][INFO] SIM_BRIDGE: Generating 3D neuron positions for 18684 neurons...
[2026-05-16 02:02:18][INFO] SIM_BRIDGE: Generating connections (brain-region framework)...
[2026-05-16 02:02:31][INFO] SIM_BRIDGE: inject_explicit_wiring: installed 10387529 synapses across 5 populations.
[2026-05-16 02:02:32][INFO] SIM_BRIDGE: Initializing eligibility traces for 10387529 synapses (capacity: 15581293, dtype: float32)...
[2026-05-16 02:02:32][INFO] SIM_BRIDGE: Initializing STDP state for 18684 neurons...
[2026-05-16 02:02:32][INFO] SIM_BRIDGE: Simulation data initialized for 18684 neurons (3D). Synapses: 10387529. GPU memory: 3.3GB/25.8GB (12.9%)
[2026-05-16 02:02:32][INFO] SIM_BRIDGE: Loading checkpoint from research/findings/raw/g11_bg/g20_sparse_bridges_s43/bridgeD_spatial_sparse.simstate.h5...
[2026-05-16 02:02:32][INFO] SIM_BRIDGE: Clearing simulation state and GPU memory...
[2026-05-16 02:02:32][INFO] SIM_BRIDGE: Cleared simulation state and GPU memory.
[2026-05-16 02:02:32][DEBUG] SIM_BRIDGE: Checkpoint: Dataset for 'cp_adex_w' not found or was empty. Using default.
[2026-05-16 02:02:32][DEBUG] SIM_BRIDGE: Checkpoint: Dataset for 'cp_stp_u' not found or was empty. Using default.
[2026-05-16 02:02:32][DEBUG] SIM_BRIDGE: Checkpoint: Dataset for 'cp_stp_x' not found or was empty. Using default.
[2026-05-16 02:02:32][SUCCESS] SIM_BRIDGE: Checkpoint loaded. Sim time: 0.0ms, Step: 0, Model: IZHIKEVICH
    32 concepts, 32 engram tags restored
  [loading bridgeE_functional (32 concepts)]
[2026-05-16 02:02:32][INFO] SIM_BRIDGE: CuPy using GPU: NVIDIA GeForce RTX 3090 (24.0 GB), mempool limit: 80%
[2026-05-16 02:02:32][INFO] SIM_BRIDGE: Initializing simulation data for model: IZHIKEVICH (3D)... (playback_init: False)
[2026-05-16 02:02:32][INFO] SIM_BRIDGE: Brain-region framework: 4 regions, 18684 total neurons, 4 pathways.
[2026-05-16 02:02:32][INFO] SIM_BRIDGE: RNG initialized with seed: 43
[2026-05-16 02:02:32][INFO] SIM_BRIDGE: Initializing Izhikevich model specifics for 18684 neurons...
[2026-05-16 02:02:32][INFO] SIM_BRIDGE: Applying parameter heterogeneity to neuron parameters...
[2026-05-16 02:02:32][INFO] SIM_BRIDGE: Applied heterogeneity to 4 parameters.
[2026-05-16 02:02:32][INFO] SIM_BRIDGE: Initializing OU process state (tau=15.0ms, sigma=100.0pA)...
[2026-05-16 02:02:32][INFO] SIM_BRIDGE: Generating 3D neuron positions for 18684 neurons...
[2026-05-16 02:02:32][INFO] SIM_BRIDGE: Generating connections (brain-region framework)...
[2026-05-16 02:02:46][INFO] SIM_BRIDGE: inject_explicit_wiring: installed 10387529 synapses across 5 populations.
[2026-05-16 02:02:46][INFO] SIM_BRIDGE: Initializing eligibility traces for 10387529 synapses (capacity: 15581293, dtype: float32)...
[2026-05-16 02:02:46][INFO] SIM_BRIDGE: Initializing STDP state for 18684 neurons...
[2026-05-16 02:02:46][INFO] SIM_BRIDGE: Simulation data initialized for 18684 neurons (3D). Synapses: 10387529. GPU memory: 3.7GB/25.8GB (14.4%)
[2026-05-16 02:02:46][INFO] SIM_BRIDGE: Loading checkpoint from research/findings/raw/g11_bg/g20_sparse_bridges_s43/bridgeE_functional_sparse.simstate.h5...
[2026-05-16 02:02:46][INFO] SIM_BRIDGE: Clearing simulation state and GPU memory...
[2026-05-16 02:02:46][INFO] SIM_BRIDGE: Cleared simulation state and GPU memory.
[2026-05-16 02:02:46][DEBUG] SIM_BRIDGE: Checkpoint: Dataset for 'cp_adex_w' not found or was empty. Using default.
[2026-05-16 02:02:46][DEBUG] SIM_BRIDGE: Checkpoint: Dataset for 'cp_stp_u' not found or was empty. Using default.
[2026-05-16 02:02:46][DEBUG] SIM_BRIDGE: Checkpoint: Dataset for 'cp_stp_x' not found or was empty. Using default.
[2026-05-16 02:02:47][SUCCESS] SIM_BRIDGE: Checkpoint loaded. Sim time: 0.0ms, Step: 0, Model: IZHIKEVICH
    32 concepts, 32 engram tags restored

Commands:
  remember a is b      Encode (a, b) on bridge containing both
  what is X            Find associates of X
  <word>               Same as 'what is'
  is X Y?              Exact tag match
  concepts / vocab     List per-bridge vocab
  tags                 List per-bridge tags
  quit                 Exit


> remember apple is big
  [cross-bridge: 'apple_big' encoded in ['bridgeA_nouns', 'bridgeC_adj']]

> what is apple
  'apple' associates (from 2 tag(s) across 2 bridges):
    big          876 via bridgeC_adj/apple_big
    happy        486 via bridgeC_adj/apple_big
    cold         411 via bridgeC_adj/apple_big
    leaf         387 via bridgeA_nouns/apple

> is apple big?
  YES (tag 'apple_big' in ['bridgeA_nouns', 'bridgeC_adj'])

> remember dog run fast
  [sentence 'dog_run_fast' encoded in ['bridgeA_nouns', 'bridgeB_verbs', 'bridgeC_adj']]

> who run fast?
  [subjects of 'run fast']: ['dog']

> what did dog run?
  [objects of 'dog run']: ['fast']

> quit
Done.
[ms160] 05/16/2026 02:02:51 ===== SEED 44 =====
[ms160] 05/16/2026 02:02:51 s44 bridgeA_nouns (32) train
=== concept_pool_sparse_distributed (seed=44, n_concepts=32) ===
  Shared pool: 2000 neurons
  Pattern size: 100 per concept (sparse, random)
  Substrate per concept: 100 neurons (vs contiguous-slice's 62)

[2026-05-16 02:02:52][INFO] SIM_BRIDGE: CuPy using GPU: NVIDIA GeForce RTX 3090 (24.0 GB), mempool limit: 80%
[2026-05-16 02:02:52][INFO] SIM_BRIDGE: Initializing simulation data for model: IZHIKEVICH (3D)... (playback_init: False)
[2026-05-16 02:02:52][INFO] SIM_BRIDGE: Brain-region framework: 4 regions, 18684 total neurons, 4 pathways.
[2026-05-16 02:02:52][INFO] SIM_BRIDGE: RNG initialized with seed: 44
[2026-05-16 02:02:52][INFO] SIM_BRIDGE: Initializing Izhikevich model specifics for 18684 neurons...
[2026-05-16 02:02:52][INFO] SIM_BRIDGE: Applying parameter heterogeneity to neuron parameters...
[2026-05-16 02:02:52][INFO] SIM_BRIDGE: Applied heterogeneity to 4 parameters.
[2026-05-16 02:02:52][INFO] SIM_BRIDGE: Initializing OU process state (tau=15.0ms, sigma=100.0pA)...
[2026-05-16 02:02:52][INFO] SIM_BRIDGE: Generating 3D neuron positions for 18684 neurons...
[2026-05-16 02:02:52][INFO] SIM_BRIDGE: Generating connections (brain-region framework)...
[2026-05-16 02:03:05][INFO] SIM_BRIDGE: inject_explicit_wiring: installed 10388936 synapses across 5 populations.
[2026-05-16 02:03:05][INFO] SIM_BRIDGE: Initializing eligibility traces for 10388936 synapses (capacity: 15583404, dtype: float32)...
[2026-05-16 02:03:05][INFO] SIM_BRIDGE: Initializing STDP state for 18684 neurons...
[2026-05-16 02:03:05][INFO] SIM_BRIDGE: Simulation data initialized for 18684 neurons (3D). Synapses: 10388936. GPU memory: 2.1GB/25.8GB (8.0%)
[sparse-pool bridge] shared_pool=2000, lang_input=8192
[build] 14.8s
[sparse patterns] generated 32 patterns of size 100; mean pairwise overlap (first 20): 5.1 / 100
[sparse topographic prior] GPU-vectorized; ~524800 boost-targets, ~9971200 dampen-targets across 32 sparse patterns (upper bounds; actual = intersection with existing edges)
[topographic prior] 0.2s

[TRAIN] 32 x 400 = 12800 events
  event 500/12800 (39s)
  event 1000/12800 (76s)
  event 1500/12800 (113s)
  event 2000/12800 (153s)
  event 2500/12800 (193s)
  event 3000/12800 (232s)
  event 3500/12800 (270s)
  event 4000/12800 (306s)
  event 4500/12800 (344s)
  event 5000/12800 (381s)
  event 5500/12800 (419s)
  event 6000/12800 (456s)
  event 6500/12800 (493s)
  event 7000/12800 (532s)
  event 7500/12800 (572s)
  event 8000/12800 (611s)
  event 8500/12800 (649s)
  event 9000/12800 (685s)
  event 9500/12800 (722s)
  event 10000/12800 (761s)
  event 10500/12800 (798s)
  event 11000/12800 (834s)
  event 11500/12800 (874s)
  event 12000/12800 (913s)
  event 12500/12800 (952s)
[TRAIN] 976.0s total

[ENGRAM] capturing 32 tags with teacher-bias
[ENGRAM] 11.0s

[EVAL] sparse-pattern discrimination
[EVAL] 18.8s

[RESULTS] 32/32 top-1 (100.0%), 32/32 top-5 (100.0%)
  chance top-1: 3.1%, observed/chance: 32.0x
[2026-05-16 02:19:52][INFO] SIM_BRIDGE: Saving checkpoint to research/findings/raw/g11_bg/g20_sparse_bridges_s44/bridgeA_nouns_sparse.simstate.h5...
[2026-05-16 02:19:54][SUCCESS] SIM_BRIDGE: Checkpoint saved successfully to research/findings/raw/g11_bg/g20_sparse_bridges_s44/bridgeA_nouns_sparse.simstate.h5
[SAVE] -> research/findings/raw/g11_bg/g20_sparse_bridges_s44/bridgeA_nouns_sparse.simstate.h5
[OUT] -> research/findings/raw/g11_bg/g20_sparse_bridges_s44/bridgeA_nouns_sparse.json
[ms160] 05/16/2026 02:19:54 s44 bridgeB_verbs (32) train
=== concept_pool_sparse_distributed (seed=44, n_concepts=32) ===
  Shared pool: 2000 neurons
  Pattern size: 100 per concept (sparse, random)
  Substrate per concept: 100 neurons (vs contiguous-slice's 62)

[2026-05-16 02:19:55][INFO] SIM_BRIDGE: CuPy using GPU: NVIDIA GeForce RTX 3090 (24.0 GB), mempool limit: 80%
[2026-05-16 02:19:55][INFO] SIM_BRIDGE: Initializing simulation data for model: IZHIKEVICH (3D)... (playback_init: False)
[2026-05-16 02:19:55][INFO] SIM_BRIDGE: Brain-region framework: 4 regions, 18684 total neurons, 4 pathways.
[2026-05-16 02:19:55][INFO] SIM_BRIDGE: RNG initialized with seed: 44
[2026-05-16 02:19:55][INFO] SIM_BRIDGE: Initializing Izhikevich model specifics for 18684 neurons...
[2026-05-16 02:19:55][INFO] SIM_BRIDGE: Applying parameter heterogeneity to neuron parameters...
[2026-05-16 02:19:55][INFO] SIM_BRIDGE: Applied heterogeneity to 4 parameters.
[2026-05-16 02:19:55][INFO] SIM_BRIDGE: Initializing OU process state (tau=15.0ms, sigma=100.0pA)...
[2026-05-16 02:19:55][INFO] SIM_BRIDGE: Generating 3D neuron positions for 18684 neurons...
[2026-05-16 02:19:55][INFO] SIM_BRIDGE: Generating connections (brain-region framework)...
[2026-05-16 02:20:09][INFO] SIM_BRIDGE: inject_explicit_wiring: installed 10388936 synapses across 5 populations.
[2026-05-16 02:20:09][INFO] SIM_BRIDGE: Initializing eligibility traces for 10388936 synapses (capacity: 15583404, dtype: float32)...
[2026-05-16 02:20:09][INFO] SIM_BRIDGE: Initializing STDP state for 18684 neurons...
[2026-05-16 02:20:09][INFO] SIM_BRIDGE: Simulation data initialized for 18684 neurons (3D). Synapses: 10388936. GPU memory: 2.1GB/25.8GB (8.0%)
[sparse-pool bridge] shared_pool=2000, lang_input=8192
[build] 15.0s
[sparse patterns] generated 32 patterns of size 100; mean pairwise overlap (first 20): 5.1 / 100
[sparse topographic prior] GPU-vectorized; ~524800 boost-targets, ~9971200 dampen-targets across 32 sparse patterns (upper bounds; actual = intersection with existing edges)
[topographic prior] 0.2s

[TRAIN] 32 x 400 = 12800 events
  event 500/12800 (39s)
  event 1000/12800 (79s)
  event 1500/12800 (115s)
  event 2000/12800 (153s)
  event 2500/12800 (191s)
  event 3000/12800 (231s)
  event 3500/12800 (270s)
  event 4000/12800 (307s)
  event 4500/12800 (345s)
  event 5000/12800 (382s)
  event 5500/12800 (419s)
  event 6000/12800 (458s)
  event 6500/12800 (495s)
  event 7000/12800 (535s)
  event 7500/12800 (576s)
  event 8000/12800 (615s)
  event 8500/12800 (655s)
  event 9000/12800 (693s)
  event 9500/12800 (730s)
  event 10000/12800 (768s)
  event 10500/12800 (807s)
  event 11000/12800 (844s)
  event 11500/12800 (881s)
  event 12000/12800 (919s)
  event 12500/12800 (959s)
[TRAIN] 983.2s total

[ENGRAM] capturing 32 tags with teacher-bias
[ENGRAM] 10.7s

[EVAL] sparse-pattern discrimination
[EVAL] 20.1s

[RESULTS] 32/32 top-1 (100.0%), 32/32 top-5 (100.0%)
  chance top-1: 3.1%, observed/chance: 32.0x
[2026-05-16 02:37:04][INFO] SIM_BRIDGE: Saving checkpoint to research/findings/raw/g11_bg/g20_sparse_bridges_s44/bridgeB_verbs_sparse.simstate.h5...
[2026-05-16 02:37:06][SUCCESS] SIM_BRIDGE: Checkpoint saved successfully to research/findings/raw/g11_bg/g20_sparse_bridges_s44/bridgeB_verbs_sparse.simstate.h5
[SAVE] -> research/findings/raw/g11_bg/g20_sparse_bridges_s44/bridgeB_verbs_sparse.simstate.h5
[OUT] -> research/findings/raw/g11_bg/g20_sparse_bridges_s44/bridgeB_verbs_sparse.json
[ms160] 05/16/2026 02:37:06 s44 bridgeC_adj (32) train
=== concept_pool_sparse_distributed (seed=44, n_concepts=32) ===
  Shared pool: 2000 neurons
  Pattern size: 100 per concept (sparse, random)
  Substrate per concept: 100 neurons (vs contiguous-slice's 62)

[2026-05-16 02:37:07][INFO] SIM_BRIDGE: CuPy using GPU: NVIDIA GeForce RTX 3090 (24.0 GB), mempool limit: 80%
[2026-05-16 02:37:07][INFO] SIM_BRIDGE: Initializing simulation data for model: IZHIKEVICH (3D)... (playback_init: False)
[2026-05-16 02:37:07][INFO] SIM_BRIDGE: Brain-region framework: 4 regions, 18684 total neurons, 4 pathways.
[2026-05-16 02:37:07][INFO] SIM_BRIDGE: RNG initialized with seed: 44
[2026-05-16 02:37:07][INFO] SIM_BRIDGE: Initializing Izhikevich model specifics for 18684 neurons...
[2026-05-16 02:37:07][INFO] SIM_BRIDGE: Applying parameter heterogeneity to neuron parameters...
[2026-05-16 02:37:07][INFO] SIM_BRIDGE: Applied heterogeneity to 4 parameters.
[2026-05-16 02:37:07][INFO] SIM_BRIDGE: Initializing OU process state (tau=15.0ms, sigma=100.0pA)...
[2026-05-16 02:37:07][INFO] SIM_BRIDGE: Generating 3D neuron positions for 18684 neurons...
[2026-05-16 02:37:07][INFO] SIM_BRIDGE: Generating connections (brain-region framework)...
[2026-05-16 02:37:21][INFO] SIM_BRIDGE: inject_explicit_wiring: installed 10388936 synapses across 5 populations.
[2026-05-16 02:37:21][INFO] SIM_BRIDGE: Initializing eligibility traces for 10388936 synapses (capacity: 15583404, dtype: float32)...
[2026-05-16 02:37:21][INFO] SIM_BRIDGE: Initializing STDP state for 18684 neurons...
[2026-05-16 02:37:21][INFO] SIM_BRIDGE: Simulation data initialized for 18684 neurons (3D). Synapses: 10388936. GPU memory: 2.1GB/25.8GB (8.0%)
[sparse-pool bridge] shared_pool=2000, lang_input=8192
[build] 14.9s
[sparse patterns] generated 32 patterns of size 100; mean pairwise overlap (first 20): 5.1 / 100
[sparse topographic prior] GPU-vectorized; ~524800 boost-targets, ~9971200 dampen-targets across 32 sparse patterns (upper bounds; actual = intersection with existing edges)
[topographic prior] 0.2s

[TRAIN] 32 x 400 = 12800 events
  event 500/12800 (37s)
  event 1000/12800 (74s)
  event 1500/12800 (111s)
  event 2000/12800 (149s)
  event 2500/12800 (187s)
  event 3000/12800 (224s)
  event 3500/12800 (265s)
  event 4000/12800 (302s)
  event 4500/12800 (339s)
  event 5000/12800 (378s)
  event 5500/12800 (415s)
  event 6000/12800 (452s)
  event 6500/12800 (490s)
  event 7000/12800 (527s)
  event 7500/12800 (563s)
  event 8000/12800 (602s)
  event 8500/12800 (642s)
  event 9000/12800 (681s)
  event 9500/12800 (720s)
  event 10000/12800 (756s)
  event 10500/12800 (794s)
  event 11000/12800 (831s)
  event 11500/12800 (869s)
  event 12000/12800 (906s)
  event 12500/12800 (942s)
[TRAIN] 967.6s total

[ENGRAM] capturing 32 tags with teacher-bias
[ENGRAM] 10.7s

[EVAL] sparse-pattern discrimination
[EVAL] 20.1s

[RESULTS] 32/32 top-1 (100.0%), 32/32 top-5 (100.0%)
  chance top-1: 3.1%, observed/chance: 32.0x
[2026-05-16 02:54:00][INFO] SIM_BRIDGE: Saving checkpoint to research/findings/raw/g11_bg/g20_sparse_bridges_s44/bridgeC_adj_sparse.simstate.h5...
[2026-05-16 02:54:02][SUCCESS] SIM_BRIDGE: Checkpoint saved successfully to research/findings/raw/g11_bg/g20_sparse_bridges_s44/bridgeC_adj_sparse.simstate.h5
[SAVE] -> research/findings/raw/g11_bg/g20_sparse_bridges_s44/bridgeC_adj_sparse.simstate.h5
[OUT] -> research/findings/raw/g11_bg/g20_sparse_bridges_s44/bridgeC_adj_sparse.json
[ms160] 05/16/2026 02:54:02 s44 bridgeD_spatial (32) train
=== concept_pool_sparse_distributed (seed=44, n_concepts=32) ===
  Shared pool: 2000 neurons
  Pattern size: 100 per concept (sparse, random)
  Substrate per concept: 100 neurons (vs contiguous-slice's 62)

[2026-05-16 02:54:04][INFO] SIM_BRIDGE: CuPy using GPU: NVIDIA GeForce RTX 3090 (24.0 GB), mempool limit: 80%
[2026-05-16 02:54:04][INFO] SIM_BRIDGE: Initializing simulation data for model: IZHIKEVICH (3D)... (playback_init: False)
[2026-05-16 02:54:04][INFO] SIM_BRIDGE: Brain-region framework: 4 regions, 18684 total neurons, 4 pathways.
[2026-05-16 02:54:04][INFO] SIM_BRIDGE: RNG initialized with seed: 44
[2026-05-16 02:54:04][INFO] SIM_BRIDGE: Initializing Izhikevich model specifics for 18684 neurons...
[2026-05-16 02:54:04][INFO] SIM_BRIDGE: Applying parameter heterogeneity to neuron parameters...
[2026-05-16 02:54:04][INFO] SIM_BRIDGE: Applied heterogeneity to 4 parameters.
[2026-05-16 02:54:04][INFO] SIM_BRIDGE: Initializing OU process state (tau=15.0ms, sigma=100.0pA)...
[2026-05-16 02:54:04][INFO] SIM_BRIDGE: Generating 3D neuron positions for 18684 neurons...
[2026-05-16 02:54:04][INFO] SIM_BRIDGE: Generating connections (brain-region framework)...
[2026-05-16 02:54:17][INFO] SIM_BRIDGE: inject_explicit_wiring: installed 10388936 synapses across 5 populations.
[2026-05-16 02:54:18][INFO] SIM_BRIDGE: Initializing eligibility traces for 10388936 synapses (capacity: 15583404, dtype: float32)...
[2026-05-16 02:54:18][INFO] SIM_BRIDGE: Initializing STDP state for 18684 neurons...
[2026-05-16 02:54:18][INFO] SIM_BRIDGE: Simulation data initialized for 18684 neurons (3D). Synapses: 10388936. GPU memory: 2.1GB/25.8GB (8.0%)
[sparse-pool bridge] shared_pool=2000, lang_input=8192
[build] 15.1s
[sparse patterns] generated 32 patterns of size 100; mean pairwise overlap (first 20): 5.1 / 100
[sparse topographic prior] GPU-vectorized; ~524800 boost-targets, ~9971200 dampen-targets across 32 sparse patterns (upper bounds; actual = intersection with existing edges)
[topographic prior] 0.3s

[TRAIN] 32 x 400 = 12800 events
  event 500/12800 (41s)
  event 1000/12800 (79s)
  event 1500/12800 (115s)
  event 2000/12800 (152s)
  event 2500/12800 (190s)
  event 3000/12800 (227s)
  event 3500/12800 (264s)
  event 4000/12800 (302s)
  event 4500/12800 (342s)
  event 5000/12800 (381s)
  event 5500/12800 (419s)
  event 6000/12800 (457s)
  event 6500/12800 (494s)
  event 7000/12800 (531s)
  event 7500/12800 (568s)
  event 8000/12800 (604s)
  event 8500/12800 (641s)
  event 9000/12800 (680s)
  event 9500/12800 (721s)
  event 10000/12800 (757s)
  event 10500/12800 (796s)
  event 11000/12800 (833s)
  event 11500/12800 (870s)
  event 12000/12800 (908s)
  event 12500/12800 (945s)
[TRAIN] 967.5s total

[ENGRAM] capturing 32 tags with teacher-bias
[ENGRAM] 10.2s

[EVAL] sparse-pattern discrimination
[EVAL] 18.6s

[RESULTS] 32/32 top-1 (100.0%), 32/32 top-5 (100.0%)
  chance top-1: 3.1%, observed/chance: 32.0x
[2026-05-16 03:10:54][INFO] SIM_BRIDGE: Saving checkpoint to research/findings/raw/g11_bg/g20_sparse_bridges_s44/bridgeD_spatial_sparse.simstate.h5...
[2026-05-16 03:10:57][SUCCESS] SIM_BRIDGE: Checkpoint saved successfully to research/findings/raw/g11_bg/g20_sparse_bridges_s44/bridgeD_spatial_sparse.simstate.h5
[SAVE] -> research/findings/raw/g11_bg/g20_sparse_bridges_s44/bridgeD_spatial_sparse.simstate.h5
[OUT] -> research/findings/raw/g11_bg/g20_sparse_bridges_s44/bridgeD_spatial_sparse.json
[ms160] 05/16/2026 03:10:57 s44 bridgeE_functional (32) train
=== concept_pool_sparse_distributed (seed=44, n_concepts=32) ===
  Shared pool: 2000 neurons
  Pattern size: 100 per concept (sparse, random)
  Substrate per concept: 100 neurons (vs contiguous-slice's 62)

[2026-05-16 03:11:07][INFO] SIM_BRIDGE: CuPy using GPU: NVIDIA GeForce RTX 3090 (24.0 GB), mempool limit: 80%
[2026-05-16 03:11:07][INFO] SIM_BRIDGE: Initializing simulation data for model: IZHIKEVICH (3D)... (playback_init: False)
[2026-05-16 03:11:07][INFO] SIM_BRIDGE: Brain-region framework: 4 regions, 18684 total neurons, 4 pathways.
[2026-05-16 03:11:07][INFO] SIM_BRIDGE: RNG initialized with seed: 44
[2026-05-16 03:11:08][INFO] SIM_BRIDGE: Initializing Izhikevich model specifics for 18684 neurons...
[2026-05-16 03:11:08][INFO] SIM_BRIDGE: Applying parameter heterogeneity to neuron parameters...
[2026-05-16 03:11:08][INFO] SIM_BRIDGE: Applied heterogeneity to 4 parameters.
[2026-05-16 03:11:08][INFO] SIM_BRIDGE: Initializing OU process state (tau=15.0ms, sigma=100.0pA)...
[2026-05-16 03:11:08][INFO] SIM_BRIDGE: Generating 3D neuron positions for 18684 neurons...
[2026-05-16 03:11:08][INFO] SIM_BRIDGE: Generating connections (brain-region framework)...
[2026-05-16 03:11:21][INFO] SIM_BRIDGE: inject_explicit_wiring: installed 10388936 synapses across 5 populations.
[2026-05-16 03:11:21][INFO] SIM_BRIDGE: Initializing eligibility traces for 10388936 synapses (capacity: 15583404, dtype: float32)...
[2026-05-16 03:11:21][INFO] SIM_BRIDGE: Initializing STDP state for 18684 neurons...
[2026-05-16 03:11:21][INFO] SIM_BRIDGE: Simulation data initialized for 18684 neurons (3D). Synapses: 10388936. GPU memory: 2.1GB/25.8GB (8.0%)
[sparse-pool bridge] shared_pool=2000, lang_input=8192
[build] 24.4s
[sparse patterns] generated 32 patterns of size 100; mean pairwise overlap (first 20): 5.1 / 100
[sparse topographic prior] GPU-vectorized; ~524800 boost-targets, ~9971200 dampen-targets across 32 sparse patterns (upper bounds; actual = intersection with existing edges)
[topographic prior] 0.3s

[TRAIN] 32 x 400 = 12800 events
  event 500/12800 (40s)
  event 1000/12800 (80s)
  event 1500/12800 (118s)
  event 2000/12800 (156s)
  event 2500/12800 (192s)
  event 3000/12800 (229s)
  event 3500/12800 (267s)
  event 4000/12800 (304s)
  event 4500/12800 (346s)
  event 5000/12800 (387s)
  event 5500/12800 (426s)
  event 6000/12800 (463s)
  event 6500/12800 (502s)
  event 7000/12800 (539s)
  event 7500/12800 (576s)
  event 8000/12800 (614s)
  event 8500/12800 (651s)
  event 9000/12800 (688s)
  event 9500/12800 (728s)
  event 10000/12800 (768s)
  event 10500/12800 (806s)
  event 11000/12800 (846s)
  event 11500/12800 (882s)
  event 12000/12800 (919s)
  event 12500/12800 (957s)
[TRAIN] 979.6s total

[ENGRAM] capturing 32 tags with teacher-bias
[ENGRAM] 10.0s

[EVAL] sparse-pattern discrimination
[EVAL] 18.8s

[RESULTS] 32/32 top-1 (100.0%), 32/32 top-5 (100.0%)
  chance top-1: 3.1%, observed/chance: 32.0x
[2026-05-16 03:28:10][INFO] SIM_BRIDGE: Saving checkpoint to research/findings/raw/g11_bg/g20_sparse_bridges_s44/bridgeE_functional_sparse.simstate.h5...
[2026-05-16 03:28:12][SUCCESS] SIM_BRIDGE: Checkpoint saved successfully to research/findings/raw/g11_bg/g20_sparse_bridges_s44/bridgeE_functional_sparse.simstate.h5
[SAVE] -> research/findings/raw/g11_bg/g20_sparse_bridges_s44/bridgeE_functional_sparse.simstate.h5
[OUT] -> research/findings/raw/g11_bg/g20_sparse_bridges_s44/bridgeE_functional_sparse.json
[ms160] 05/16/2026 03:28:13 s44 end-to-end demo
=== G.20 multi-bridge ensemble ===
  Bridges: ['bridgeA_nouns', 'bridgeB_verbs', 'bridgeC_adj', 'bridgeD_spatial', 'bridgeE_functional']
  Total unique vocab: 160 concepts across 5 bridges
  Form: SPARSE-DISTRIBUTED (Kanerva SDM), K=100, pool=2000
  Path 3: hierarchy queries ENABLED

  [loading bridgeA_nouns (32 concepts)]
[2026-05-16 03:28:14][INFO] SIM_BRIDGE: CuPy using GPU: NVIDIA GeForce RTX 3090 (24.0 GB), mempool limit: 80%
[2026-05-16 03:28:14][INFO] SIM_BRIDGE: Initializing simulation data for model: IZHIKEVICH (3D)... (playback_init: False)
[2026-05-16 03:28:14][INFO] SIM_BRIDGE: Brain-region framework: 4 regions, 18684 total neurons, 4 pathways.
[2026-05-16 03:28:14][INFO] SIM_BRIDGE: RNG initialized with seed: 44
[2026-05-16 03:28:14][INFO] SIM_BRIDGE: Initializing Izhikevich model specifics for 18684 neurons...
[2026-05-16 03:28:14][INFO] SIM_BRIDGE: Applying parameter heterogeneity to neuron parameters...
[2026-05-16 03:28:14][INFO] SIM_BRIDGE: Applied heterogeneity to 4 parameters.
[2026-05-16 03:28:14][INFO] SIM_BRIDGE: Initializing OU process state (tau=15.0ms, sigma=100.0pA)...
[2026-05-16 03:28:14][INFO] SIM_BRIDGE: Generating 3D neuron positions for 18684 neurons...
[2026-05-16 03:28:14][INFO] SIM_BRIDGE: Generating connections (brain-region framework)...
[2026-05-16 03:28:27][INFO] SIM_BRIDGE: inject_explicit_wiring: installed 10388936 synapses across 5 populations.
[2026-05-16 03:28:28][INFO] SIM_BRIDGE: Initializing eligibility traces for 10388936 synapses (capacity: 15583404, dtype: float32)...
[2026-05-16 03:28:28][INFO] SIM_BRIDGE: Initializing STDP state for 18684 neurons...
[2026-05-16 03:28:28][INFO] SIM_BRIDGE: Simulation data initialized for 18684 neurons (3D). Synapses: 10388936. GPU memory: 2.1GB/25.8GB (8.0%)
[2026-05-16 03:28:28][INFO] SIM_BRIDGE: Loading checkpoint from research/findings/raw/g11_bg/g20_sparse_bridges_s44/bridgeA_nouns_sparse.simstate.h5...
[2026-05-16 03:28:28][INFO] SIM_BRIDGE: Clearing simulation state and GPU memory...
[2026-05-16 03:28:28][INFO] SIM_BRIDGE: Cleared simulation state and GPU memory.
[2026-05-16 03:28:28][DEBUG] SIM_BRIDGE: Checkpoint: Dataset for 'cp_adex_w' not found or was empty. Using default.
[2026-05-16 03:28:28][DEBUG] SIM_BRIDGE: Checkpoint: Dataset for 'cp_stp_u' not found or was empty. Using default.
[2026-05-16 03:28:28][DEBUG] SIM_BRIDGE: Checkpoint: Dataset for 'cp_stp_x' not found or was empty. Using default.
[2026-05-16 03:28:28][SUCCESS] SIM_BRIDGE: Checkpoint loaded. Sim time: 0.0ms, Step: 0, Model: IZHIKEVICH
    32 concepts, 32 engram tags restored
  [loading bridgeB_verbs (32 concepts)]
[2026-05-16 03:28:28][INFO] SIM_BRIDGE: CuPy using GPU: NVIDIA GeForce RTX 3090 (24.0 GB), mempool limit: 80%
[2026-05-16 03:28:28][INFO] SIM_BRIDGE: Initializing simulation data for model: IZHIKEVICH (3D)... (playback_init: False)
[2026-05-16 03:28:28][INFO] SIM_BRIDGE: Brain-region framework: 4 regions, 18684 total neurons, 4 pathways.
[2026-05-16 03:28:28][INFO] SIM_BRIDGE: RNG initialized with seed: 44
[2026-05-16 03:28:28][INFO] SIM_BRIDGE: Initializing Izhikevich model specifics for 18684 neurons...
[2026-05-16 03:28:28][INFO] SIM_BRIDGE: Applying parameter heterogeneity to neuron parameters...
[2026-05-16 03:28:28][INFO] SIM_BRIDGE: Applied heterogeneity to 4 parameters.
[2026-05-16 03:28:28][INFO] SIM_BRIDGE: Initializing OU process state (tau=15.0ms, sigma=100.0pA)...
[2026-05-16 03:28:28][INFO] SIM_BRIDGE: Generating 3D neuron positions for 18684 neurons...
[2026-05-16 03:28:28][INFO] SIM_BRIDGE: Generating connections (brain-region framework)...
[2026-05-16 03:28:42][INFO] SIM_BRIDGE: inject_explicit_wiring: installed 10388936 synapses across 5 populations.
[2026-05-16 03:28:42][INFO] SIM_BRIDGE: Initializing eligibility traces for 10388936 synapses (capacity: 15583404, dtype: float32)...
[2026-05-16 03:28:42][INFO] SIM_BRIDGE: Initializing STDP state for 18684 neurons...
[2026-05-16 03:28:42][INFO] SIM_BRIDGE: Simulation data initialized for 18684 neurons (3D). Synapses: 10388936. GPU memory: 2.5GB/25.8GB (9.8%)
[2026-05-16 03:28:42][INFO] SIM_BRIDGE: Loading checkpoint from research/findings/raw/g11_bg/g20_sparse_bridges_s44/bridgeB_verbs_sparse.simstate.h5...
[2026-05-16 03:28:42][INFO] SIM_BRIDGE: Clearing simulation state and GPU memory...
[2026-05-16 03:28:42][INFO] SIM_BRIDGE: Cleared simulation state and GPU memory.
[2026-05-16 03:28:42][DEBUG] SIM_BRIDGE: Checkpoint: Dataset for 'cp_adex_w' not found or was empty. Using default.
[2026-05-16 03:28:42][DEBUG] SIM_BRIDGE: Checkpoint: Dataset for 'cp_stp_u' not found or was empty. Using default.
[2026-05-16 03:28:42][DEBUG] SIM_BRIDGE: Checkpoint: Dataset for 'cp_stp_x' not found or was empty. Using default.
[2026-05-16 03:28:43][SUCCESS] SIM_BRIDGE: Checkpoint loaded. Sim time: 0.0ms, Step: 0, Model: IZHIKEVICH
    32 concepts, 32 engram tags restored
  [loading bridgeC_adj (32 concepts)]
[2026-05-16 03:28:43][INFO] SIM_BRIDGE: CuPy using GPU: NVIDIA GeForce RTX 3090 (24.0 GB), mempool limit: 80%
[2026-05-16 03:28:43][INFO] SIM_BRIDGE: Initializing simulation data for model: IZHIKEVICH (3D)... (playback_init: False)
[2026-05-16 03:28:43][INFO] SIM_BRIDGE: Brain-region framework: 4 regions, 18684 total neurons, 4 pathways.
[2026-05-16 03:28:43][INFO] SIM_BRIDGE: RNG initialized with seed: 44
[2026-05-16 03:28:43][INFO] SIM_BRIDGE: Initializing Izhikevich model specifics for 18684 neurons...
[2026-05-16 03:28:43][INFO] SIM_BRIDGE: Applying parameter heterogeneity to neuron parameters...
[2026-05-16 03:28:43][INFO] SIM_BRIDGE: Applied heterogeneity to 4 parameters.
[2026-05-16 03:28:43][INFO] SIM_BRIDGE: Initializing OU process state (tau=15.0ms, sigma=100.0pA)...
[2026-05-16 03:28:43][INFO] SIM_BRIDGE: Generating 3D neuron positions for 18684 neurons...
[2026-05-16 03:28:43][INFO] SIM_BRIDGE: Generating connections (brain-region framework)...
[2026-05-16 03:28:56][INFO] SIM_BRIDGE: inject_explicit_wiring: installed 10388936 synapses across 5 populations.
[2026-05-16 03:28:56][INFO] SIM_BRIDGE: Initializing eligibility traces for 10388936 synapses (capacity: 15583404, dtype: float32)...
[2026-05-16 03:28:56][INFO] SIM_BRIDGE: Initializing STDP state for 18684 neurons...
[2026-05-16 03:28:56][INFO] SIM_BRIDGE: Simulation data initialized for 18684 neurons (3D). Synapses: 10388936. GPU memory: 2.9GB/25.8GB (11.3%)
[2026-05-16 03:28:56][INFO] SIM_BRIDGE: Loading checkpoint from research/findings/raw/g11_bg/g20_sparse_bridges_s44/bridgeC_adj_sparse.simstate.h5...
[2026-05-16 03:28:56][INFO] SIM_BRIDGE: Clearing simulation state and GPU memory...
[2026-05-16 03:28:56][INFO] SIM_BRIDGE: Cleared simulation state and GPU memory.
[2026-05-16 03:28:56][DEBUG] SIM_BRIDGE: Checkpoint: Dataset for 'cp_adex_w' not found or was empty. Using default.
[2026-05-16 03:28:56][DEBUG] SIM_BRIDGE: Checkpoint: Dataset for 'cp_stp_u' not found or was empty. Using default.
[2026-05-16 03:28:56][DEBUG] SIM_BRIDGE: Checkpoint: Dataset for 'cp_stp_x' not found or was empty. Using default.
[2026-05-16 03:28:57][SUCCESS] SIM_BRIDGE: Checkpoint loaded. Sim time: 0.0ms, Step: 0, Model: IZHIKEVICH
    32 concepts, 32 engram tags restored
  [loading bridgeD_spatial (32 concepts)]
[2026-05-16 03:28:57][INFO] SIM_BRIDGE: CuPy using GPU: NVIDIA GeForce RTX 3090 (24.0 GB), mempool limit: 80%
[2026-05-16 03:28:57][INFO] SIM_BRIDGE: Initializing simulation data for model: IZHIKEVICH (3D)... (playback_init: False)
[2026-05-16 03:28:57][INFO] SIM_BRIDGE: Brain-region framework: 4 regions, 18684 total neurons, 4 pathways.
[2026-05-16 03:28:57][INFO] SIM_BRIDGE: RNG initialized with seed: 44
[2026-05-16 03:28:57][INFO] SIM_BRIDGE: Initializing Izhikevich model specifics for 18684 neurons...
[2026-05-16 03:28:57][INFO] SIM_BRIDGE: Applying parameter heterogeneity to neuron parameters...
[2026-05-16 03:28:57][INFO] SIM_BRIDGE: Applied heterogeneity to 4 parameters.
[2026-05-16 03:28:57][INFO] SIM_BRIDGE: Initializing OU process state (tau=15.0ms, sigma=100.0pA)...
[2026-05-16 03:28:57][INFO] SIM_BRIDGE: Generating 3D neuron positions for 18684 neurons...
[2026-05-16 03:28:57][INFO] SIM_BRIDGE: Generating connections (brain-region framework)...
[2026-05-16 03:29:10][INFO] SIM_BRIDGE: inject_explicit_wiring: installed 10388936 synapses across 5 populations.
[2026-05-16 03:29:10][INFO] SIM_BRIDGE: Initializing eligibility traces for 10388936 synapses (capacity: 15583404, dtype: float32)...
[2026-05-16 03:29:10][INFO] SIM_BRIDGE: Initializing STDP state for 18684 neurons...
[2026-05-16 03:29:10][INFO] SIM_BRIDGE: Simulation data initialized for 18684 neurons (3D). Synapses: 10388936. GPU memory: 3.3GB/25.8GB (12.7%)
[2026-05-16 03:29:10][INFO] SIM_BRIDGE: Loading checkpoint from research/findings/raw/g11_bg/g20_sparse_bridges_s44/bridgeD_spatial_sparse.simstate.h5...
[2026-05-16 03:29:10][INFO] SIM_BRIDGE: Clearing simulation state and GPU memory...
[2026-05-16 03:29:10][INFO] SIM_BRIDGE: Cleared simulation state and GPU memory.
[2026-05-16 03:29:10][DEBUG] SIM_BRIDGE: Checkpoint: Dataset for 'cp_adex_w' not found or was empty. Using default.
[2026-05-16 03:29:11][DEBUG] SIM_BRIDGE: Checkpoint: Dataset for 'cp_stp_u' not found or was empty. Using default.
[2026-05-16 03:29:11][DEBUG] SIM_BRIDGE: Checkpoint: Dataset for 'cp_stp_x' not found or was empty. Using default.
[2026-05-16 03:29:11][SUCCESS] SIM_BRIDGE: Checkpoint loaded. Sim time: 0.0ms, Step: 0, Model: IZHIKEVICH
    32 concepts, 32 engram tags restored
  [loading bridgeE_functional (32 concepts)]
[2026-05-16 03:29:11][INFO] SIM_BRIDGE: CuPy using GPU: NVIDIA GeForce RTX 3090 (24.0 GB), mempool limit: 80%
[2026-05-16 03:29:11][INFO] SIM_BRIDGE: Initializing simulation data for model: IZHIKEVICH (3D)... (playback_init: False)
[2026-05-16 03:29:11][INFO] SIM_BRIDGE: Brain-region framework: 4 regions, 18684 total neurons, 4 pathways.
[2026-05-16 03:29:11][INFO] SIM_BRIDGE: RNG initialized with seed: 44
[2026-05-16 03:29:11][INFO] SIM_BRIDGE: Initializing Izhikevich model specifics for 18684 neurons...
[2026-05-16 03:29:11][INFO] SIM_BRIDGE: Applying parameter heterogeneity to neuron parameters...
[2026-05-16 03:29:11][INFO] SIM_BRIDGE: Applied heterogeneity to 4 parameters.
[2026-05-16 03:29:11][INFO] SIM_BRIDGE: Initializing OU process state (tau=15.0ms, sigma=100.0pA)...
[2026-05-16 03:29:11][INFO] SIM_BRIDGE: Generating 3D neuron positions for 18684 neurons...
[2026-05-16 03:29:11][INFO] SIM_BRIDGE: Generating connections (brain-region framework)...
[2026-05-16 03:29:24][INFO] SIM_BRIDGE: inject_explicit_wiring: installed 10388936 synapses across 5 populations.
[2026-05-16 03:29:24][INFO] SIM_BRIDGE: Initializing eligibility traces for 10388936 synapses (capacity: 15583404, dtype: float32)...
[2026-05-16 03:29:24][INFO] SIM_BRIDGE: Initializing STDP state for 18684 neurons...
[2026-05-16 03:29:24][INFO] SIM_BRIDGE: Simulation data initialized for 18684 neurons (3D). Synapses: 10388936. GPU memory: 3.7GB/25.8GB (14.4%)
[2026-05-16 03:29:24][INFO] SIM_BRIDGE: Loading checkpoint from research/findings/raw/g11_bg/g20_sparse_bridges_s44/bridgeE_functional_sparse.simstate.h5...
[2026-05-16 03:29:24][INFO] SIM_BRIDGE: Clearing simulation state and GPU memory...
[2026-05-16 03:29:24][INFO] SIM_BRIDGE: Cleared simulation state and GPU memory.
[2026-05-16 03:29:24][DEBUG] SIM_BRIDGE: Checkpoint: Dataset for 'cp_adex_w' not found or was empty. Using default.
[2026-05-16 03:29:25][DEBUG] SIM_BRIDGE: Checkpoint: Dataset for 'cp_stp_u' not found or was empty. Using default.
[2026-05-16 03:29:25][DEBUG] SIM_BRIDGE: Checkpoint: Dataset for 'cp_stp_x' not found or was empty. Using default.
[2026-05-16 03:29:25][SUCCESS] SIM_BRIDGE: Checkpoint loaded. Sim time: 0.0ms, Step: 0, Model: IZHIKEVICH
    32 concepts, 32 engram tags restored

Commands:
  remember a is b      Encode (a, b) on bridge containing both
  what is X            Find associates of X
  <word>               Same as 'what is'
  is X Y?              Exact tag match
  concepts / vocab     List per-bridge vocab
  tags                 List per-bridge tags
  quit                 Exit


> remember apple is big
  [cross-bridge: 'apple_big' encoded in ['bridgeA_nouns', 'bridgeC_adj']]

> what is apple
  'apple' associates (from 2 tag(s) across 2 bridges):
    big          649 via bridgeC_adj/apple_big
    moon         465 via bridgeA_nouns/apple
    fast         459 via bridgeC_adj/apple_big
    slow         415 via bridgeC_adj/apple_big

> is apple big?
  YES (tag 'apple_big' in ['bridgeA_nouns', 'bridgeC_adj'])

> remember dog run fast
  [sentence 'dog_run_fast' encoded in ['bridgeA_nouns', 'bridgeB_verbs', 'bridgeC_adj']]

> who run fast?
  [subjects of 'run fast']: ['dog']

> what did dog run?
  [objects of 'dog run']: ['fast']

> quit
Done.
[ms160] 05/16/2026 03:29:30 ===== SEED 45 =====
[ms160] 05/16/2026 03:29:30 s45 bridgeA_nouns (32) train
=== concept_pool_sparse_distributed (seed=45, n_concepts=32) ===
  Shared pool: 2000 neurons
  Pattern size: 100 per concept (sparse, random)
  Substrate per concept: 100 neurons (vs contiguous-slice's 62)

[2026-05-16 03:29:31][INFO] SIM_BRIDGE: CuPy using GPU: NVIDIA GeForce RTX 3090 (24.0 GB), mempool limit: 80%
[2026-05-16 03:29:31][INFO] SIM_BRIDGE: Initializing simulation data for model: IZHIKEVICH (3D)... (playback_init: False)
[2026-05-16 03:29:31][INFO] SIM_BRIDGE: Brain-region framework: 4 regions, 18684 total neurons, 4 pathways.
[2026-05-16 03:29:31][INFO] SIM_BRIDGE: RNG initialized with seed: 45
[2026-05-16 03:29:31][INFO] SIM_BRIDGE: Initializing Izhikevich model specifics for 18684 neurons...
[2026-05-16 03:29:31][INFO] SIM_BRIDGE: Applying parameter heterogeneity to neuron parameters...
[2026-05-16 03:29:31][INFO] SIM_BRIDGE: Applied heterogeneity to 4 parameters.
[2026-05-16 03:29:31][INFO] SIM_BRIDGE: Initializing OU process state (tau=15.0ms, sigma=100.0pA)...
[2026-05-16 03:29:31][INFO] SIM_BRIDGE: Generating 3D neuron positions for 18684 neurons...
[2026-05-16 03:29:31][INFO] SIM_BRIDGE: Generating connections (brain-region framework)...
[2026-05-16 03:29:45][INFO] SIM_BRIDGE: inject_explicit_wiring: installed 10392481 synapses across 5 populations.
[2026-05-16 03:29:45][INFO] SIM_BRIDGE: Initializing eligibility traces for 10392481 synapses (capacity: 15588721, dtype: float32)...
[2026-05-16 03:29:45][INFO] SIM_BRIDGE: Initializing STDP state for 18684 neurons...
[2026-05-16 03:29:45][INFO] SIM_BRIDGE: Simulation data initialized for 18684 neurons (3D). Synapses: 10392481. GPU memory: 2.1GB/25.8GB (8.0%)
[sparse-pool bridge] shared_pool=2000, lang_input=8192
[build] 14.9s
[sparse patterns] generated 32 patterns of size 100; mean pairwise overlap (first 20): 5.1 / 100
[sparse topographic prior] GPU-vectorized; ~524800 boost-targets, ~9971200 dampen-targets across 32 sparse patterns (upper bounds; actual = intersection with existing edges)
[topographic prior] 0.2s

[TRAIN] 32 x 400 = 12800 events
  event 500/12800 (40s)
  event 1000/12800 (79s)
  event 1500/12800 (117s)
  event 2000/12800 (154s)
  event 2500/12800 (191s)
  event 3000/12800 (231s)
  event 3500/12800 (268s)
  event 4000/12800 (305s)
  event 4500/12800 (344s)
  event 5000/12800 (385s)
  event 5500/12800 (423s)
  event 6000/12800 (463s)
  event 6500/12800 (500s)
  event 7000/12800 (537s)
  event 7500/12800 (576s)
  event 8000/12800 (613s)
  event 8500/12800 (650s)
  event 9000/12800 (689s)
  event 9500/12800 (729s)
  event 10000/12800 (769s)
  event 10500/12800 (806s)
  event 11000/12800 (844s)
  event 11500/12800 (881s)
  event 12000/12800 (918s)
  event 12500/12800 (957s)
[TRAIN] 979.6s total

[ENGRAM] capturing 32 tags with teacher-bias
[ENGRAM] 10.1s

[EVAL] sparse-pattern discrimination
[EVAL] 18.0s

[RESULTS] 32/32 top-1 (100.0%), 32/32 top-5 (100.0%)
  chance top-1: 3.1%, observed/chance: 32.0x
[2026-05-16 03:46:33][INFO] SIM_BRIDGE: Saving checkpoint to research/findings/raw/g11_bg/g20_sparse_bridges_s45/bridgeA_nouns_sparse.simstate.h5...
[2026-05-16 03:46:35][SUCCESS] SIM_BRIDGE: Checkpoint saved successfully to research/findings/raw/g11_bg/g20_sparse_bridges_s45/bridgeA_nouns_sparse.simstate.h5
[SAVE] -> research/findings/raw/g11_bg/g20_sparse_bridges_s45/bridgeA_nouns_sparse.simstate.h5
[OUT] -> research/findings/raw/g11_bg/g20_sparse_bridges_s45/bridgeA_nouns_sparse.json
[ms160] 05/16/2026 03:46:35 s45 bridgeB_verbs (32) train
=== concept_pool_sparse_distributed (seed=45, n_concepts=32) ===
  Shared pool: 2000 neurons
  Pattern size: 100 per concept (sparse, random)
  Substrate per concept: 100 neurons (vs contiguous-slice's 62)

[2026-05-16 03:46:37][INFO] SIM_BRIDGE: CuPy using GPU: NVIDIA GeForce RTX 3090 (24.0 GB), mempool limit: 80%
[2026-05-16 03:46:37][INFO] SIM_BRIDGE: Initializing simulation data for model: IZHIKEVICH (3D)... (playback_init: False)
[2026-05-16 03:46:37][INFO] SIM_BRIDGE: Brain-region framework: 4 regions, 18684 total neurons, 4 pathways.
[2026-05-16 03:46:37][INFO] SIM_BRIDGE: RNG initialized with seed: 45
[2026-05-16 03:46:37][INFO] SIM_BRIDGE: Initializing Izhikevich model specifics for 18684 neurons...
[2026-05-16 03:46:37][INFO] SIM_BRIDGE: Applying parameter heterogeneity to neuron parameters...
[2026-05-16 03:46:37][INFO] SIM_BRIDGE: Applied heterogeneity to 4 parameters.
[2026-05-16 03:46:37][INFO] SIM_BRIDGE: Initializing OU process state (tau=15.0ms, sigma=100.0pA)...
[2026-05-16 03:46:37][INFO] SIM_BRIDGE: Generating 3D neuron positions for 18684 neurons...
[2026-05-16 03:46:37][INFO] SIM_BRIDGE: Generating connections (brain-region framework)...
[2026-05-16 03:46:50][INFO] SIM_BRIDGE: inject_explicit_wiring: installed 10392481 synapses across 5 populations.
[2026-05-16 03:46:50][INFO] SIM_BRIDGE: Initializing eligibility traces for 10392481 synapses (capacity: 15588721, dtype: float32)...
[2026-05-16 03:46:50][INFO] SIM_BRIDGE: Initializing STDP state for 18684 neurons...
[2026-05-16 03:46:50][INFO] SIM_BRIDGE: Simulation data initialized for 18684 neurons (3D). Synapses: 10392481. GPU memory: 2.1GB/25.8GB (8.0%)
[sparse-pool bridge] shared_pool=2000, lang_input=8192
[build] 14.9s
[sparse patterns] generated 32 patterns of size 100; mean pairwise overlap (first 20): 5.1 / 100
[sparse topographic prior] GPU-vectorized; ~524800 boost-targets, ~9971200 dampen-targets across 32 sparse patterns (upper bounds; actual = intersection with existing edges)
[topographic prior] 0.2s

[TRAIN] 32 x 400 = 12800 events
  event 500/12800 (39s)
  event 1000/12800 (79s)
  event 1500/12800 (118s)
  event 2000/12800 (158s)
  event 2500/12800 (195s)
  event 3000/12800 (232s)
  event 3500/12800 (270s)
  event 4000/12800 (308s)
  event 4500/12800 (345s)
  event 5000/12800 (383s)
  event 5500/12800 (424s)
  event 6000/12800 (463s)
  event 6500/12800 (501s)
  event 7000/12800 (540s)
  event 7500/12800 (577s)
  event 8000/12800 (614s)
  event 8500/12800 (652s)
  event 9000/12800 (689s)
  event 9500/12800 (727s)
  event 10000/12800 (766s)
  event 10500/12800 (805s)
  event 11000/12800 (844s)
  event 11500/12800 (883s)
  event 12000/12800 (921s)
  event 12500/12800 (958s)
[TRAIN] 981.3s total

[ENGRAM] capturing 32 tags with teacher-bias
[ENGRAM] 10.9s

[EVAL] sparse-pattern discrimination
[EVAL] 20.1s

[RESULTS] 32/32 top-1 (100.0%), 32/32 top-5 (100.0%)
  chance top-1: 3.1%, observed/chance: 32.0x
[2026-05-16 04:03:43][INFO] SIM_BRIDGE: Saving checkpoint to research/findings/raw/g11_bg/g20_sparse_bridges_s45/bridgeB_verbs_sparse.simstate.h5...
[2026-05-16 04:03:45][SUCCESS] SIM_BRIDGE: Checkpoint saved successfully to research/findings/raw/g11_bg/g20_sparse_bridges_s45/bridgeB_verbs_sparse.simstate.h5
[SAVE] -> research/findings/raw/g11_bg/g20_sparse_bridges_s45/bridgeB_verbs_sparse.simstate.h5
[OUT] -> research/findings/raw/g11_bg/g20_sparse_bridges_s45/bridgeB_verbs_sparse.json
[ms160] 05/16/2026 04:03:46 s45 bridgeC_adj (32) train
=== concept_pool_sparse_distributed (seed=45, n_concepts=32) ===
  Shared pool: 2000 neurons
  Pattern size: 100 per concept (sparse, random)
  Substrate per concept: 100 neurons (vs contiguous-slice's 62)

[2026-05-16 04:03:47][INFO] SIM_BRIDGE: CuPy using GPU: NVIDIA GeForce RTX 3090 (24.0 GB), mempool limit: 80%
[2026-05-16 04:03:47][INFO] SIM_BRIDGE: Initializing simulation data for model: IZHIKEVICH (3D)... (playback_init: False)
[2026-05-16 04:03:47][INFO] SIM_BRIDGE: Brain-region framework: 4 regions, 18684 total neurons, 4 pathways.
[2026-05-16 04:03:47][INFO] SIM_BRIDGE: RNG initialized with seed: 45
[2026-05-16 04:03:47][INFO] SIM_BRIDGE: Initializing Izhikevich model specifics for 18684 neurons...
[2026-05-16 04:03:47][INFO] SIM_BRIDGE: Applying parameter heterogeneity to neuron parameters...
[2026-05-16 04:03:47][INFO] SIM_BRIDGE: Applied heterogeneity to 4 parameters.
[2026-05-16 04:03:47][INFO] SIM_BRIDGE: Initializing OU process state (tau=15.0ms, sigma=100.0pA)...
[2026-05-16 04:03:47][INFO] SIM_BRIDGE: Generating 3D neuron positions for 18684 neurons...
[2026-05-16 04:03:47][INFO] SIM_BRIDGE: Generating connections (brain-region framework)...
[2026-05-16 04:04:00][INFO] SIM_BRIDGE: inject_explicit_wiring: installed 10392481 synapses across 5 populations.
[2026-05-16 04:04:01][INFO] SIM_BRIDGE: Initializing eligibility traces for 10392481 synapses (capacity: 15588721, dtype: float32)...
[2026-05-16 04:04:01][INFO] SIM_BRIDGE: Initializing STDP state for 18684 neurons...
[2026-05-16 04:04:01][INFO] SIM_BRIDGE: Simulation data initialized for 18684 neurons (3D). Synapses: 10392481. GPU memory: 2.1GB/25.8GB (8.0%)
[sparse-pool bridge] shared_pool=2000, lang_input=8192
[build] 15.0s
[sparse patterns] generated 32 patterns of size 100; mean pairwise overlap (first 20): 5.1 / 100
[sparse topographic prior] GPU-vectorized; ~524800 boost-targets, ~9971200 dampen-targets across 32 sparse patterns (upper bounds; actual = intersection with existing edges)
[topographic prior] 0.2s

[TRAIN] 32 x 400 = 12800 events
  event 500/12800 (37s)
  event 1000/12800 (75s)
  event 1500/12800 (115s)
  event 2000/12800 (155s)
  event 2500/12800 (195s)
  event 3000/12800 (233s)
  event 3500/12800 (270s)
  event 4000/12800 (311s)
  event 4500/12800 (349s)
  event 5000/12800 (386s)
  event 5500/12800 (423s)
  event 6000/12800 (464s)
  event 6500/12800 (504s)
  event 7000/12800 (543s)
  event 7500/12800 (582s)
  event 8000/12800 (619s)
  event 8500/12800 (656s)
  event 9000/12800 (695s)
  event 9500/12800 (732s)
  event 10000/12800 (769s)
  event 10500/12800 (809s)
  event 11000/12800 (849s)
  event 11500/12800 (887s)
  event 12000/12800 (925s)
  event 12500/12800 (962s)
[TRAIN] 985.3s total

[ENGRAM] capturing 32 tags with teacher-bias
[ENGRAM] 9.9s

[EVAL] sparse-pattern discrimination
[EVAL] 18.6s

[RESULTS] 32/32 top-1 (100.0%), 32/32 top-5 (100.0%)
  chance top-1: 3.1%, observed/chance: 32.0x
[2026-05-16 04:20:55][INFO] SIM_BRIDGE: Saving checkpoint to research/findings/raw/g11_bg/g20_sparse_bridges_s45/bridgeC_adj_sparse.simstate.h5...
[2026-05-16 04:20:57][SUCCESS] SIM_BRIDGE: Checkpoint saved successfully to research/findings/raw/g11_bg/g20_sparse_bridges_s45/bridgeC_adj_sparse.simstate.h5
[SAVE] -> research/findings/raw/g11_bg/g20_sparse_bridges_s45/bridgeC_adj_sparse.simstate.h5
[OUT] -> research/findings/raw/g11_bg/g20_sparse_bridges_s45/bridgeC_adj_sparse.json
[ms160] 05/16/2026 04:20:57 s45 bridgeD_spatial (32) train
=== concept_pool_sparse_distributed (seed=45, n_concepts=32) ===
  Shared pool: 2000 neurons
  Pattern size: 100 per concept (sparse, random)
  Substrate per concept: 100 neurons (vs contiguous-slice's 62)

[2026-05-16 04:20:59][INFO] SIM_BRIDGE: CuPy using GPU: NVIDIA GeForce RTX 3090 (24.0 GB), mempool limit: 80%
[2026-05-16 04:20:59][INFO] SIM_BRIDGE: Initializing simulation data for model: IZHIKEVICH (3D)... (playback_init: False)
[2026-05-16 04:20:59][INFO] SIM_BRIDGE: Brain-region framework: 4 regions, 18684 total neurons, 4 pathways.
[2026-05-16 04:20:59][INFO] SIM_BRIDGE: RNG initialized with seed: 45
[2026-05-16 04:20:59][INFO] SIM_BRIDGE: Initializing Izhikevich model specifics for 18684 neurons...
[2026-05-16 04:20:59][INFO] SIM_BRIDGE: Applying parameter heterogeneity to neuron parameters...
[2026-05-16 04:20:59][INFO] SIM_BRIDGE: Applied heterogeneity to 4 parameters.
[2026-05-16 04:20:59][INFO] SIM_BRIDGE: Initializing OU process state (tau=15.0ms, sigma=100.0pA)...
[2026-05-16 04:20:59][INFO] SIM_BRIDGE: Generating 3D neuron positions for 18684 neurons...
[2026-05-16 04:20:59][INFO] SIM_BRIDGE: Generating connections (brain-region framework)...
[2026-05-16 04:21:12][INFO] SIM_BRIDGE: inject_explicit_wiring: installed 10392481 synapses across 5 populations.
[2026-05-16 04:21:12][INFO] SIM_BRIDGE: Initializing eligibility traces for 10392481 synapses (capacity: 15588721, dtype: float32)...
[2026-05-16 04:21:12][INFO] SIM_BRIDGE: Initializing STDP state for 18684 neurons...
[2026-05-16 04:21:12][INFO] SIM_BRIDGE: Simulation data initialized for 18684 neurons (3D). Synapses: 10392481. GPU memory: 2.1GB/25.8GB (8.0%)
[sparse-pool bridge] shared_pool=2000, lang_input=8192
[build] 14.9s
[sparse patterns] generated 32 patterns of size 100; mean pairwise overlap (first 20): 5.1 / 100
[sparse topographic prior] GPU-vectorized; ~524800 boost-targets, ~9971200 dampen-targets across 32 sparse patterns (upper bounds; actual = intersection with existing edges)
[topographic prior] 0.2s

[TRAIN] 32 x 400 = 12800 events
  event 500/12800 (39s)
  event 1000/12800 (76s)
  event 1500/12800 (113s)
  event 2000/12800 (154s)
  event 2500/12800 (193s)
  event 3000/12800 (233s)
  event 3500/12800 (272s)
  event 4000/12800 (308s)
  event 4500/12800 (346s)
  event 5000/12800 (386s)
  event 5500/12800 (423s)
  event 6000/12800 (460s)
  event 6500/12800 (498s)
  event 7000/12800 (538s)
  event 7500/12800 (577s)
  event 8000/12800 (617s)
  event 8500/12800 (654s)
  event 9000/12800 (691s)
  event 9500/12800 (728s)
  event 10000/12800 (765s)
  event 10500/12800 (802s)
  event 11000/12800 (840s)
  event 11500/12800 (880s)
  event 12000/12800 (919s)
  event 12500/12800 (958s)
[TRAIN] 981.0s total

[ENGRAM] capturing 32 tags with teacher-bias
[ENGRAM] 9.9s

[EVAL] sparse-pattern discrimination
[EVAL] 18.4s

[RESULTS] 32/32 top-1 (100.0%), 32/32 top-5 (100.0%)
  chance top-1: 3.1%, observed/chance: 32.0x
[2026-05-16 04:38:02][INFO] SIM_BRIDGE: Saving checkpoint to research/findings/raw/g11_bg/g20_sparse_bridges_s45/bridgeD_spatial_sparse.simstate.h5...
[2026-05-16 04:38:04][SUCCESS] SIM_BRIDGE: Checkpoint saved successfully to research/findings/raw/g11_bg/g20_sparse_bridges_s45/bridgeD_spatial_sparse.simstate.h5
[SAVE] -> research/findings/raw/g11_bg/g20_sparse_bridges_s45/bridgeD_spatial_sparse.simstate.h5
[OUT] -> research/findings/raw/g11_bg/g20_sparse_bridges_s45/bridgeD_spatial_sparse.json
[ms160] 05/16/2026 04:38:05 s45 bridgeE_functional (32) train
=== concept_pool_sparse_distributed (seed=45, n_concepts=32) ===
  Shared pool: 2000 neurons
  Pattern size: 100 per concept (sparse, random)
  Substrate per concept: 100 neurons (vs contiguous-slice's 62)

[2026-05-16 04:38:06][INFO] SIM_BRIDGE: CuPy using GPU: NVIDIA GeForce RTX 3090 (24.0 GB), mempool limit: 80%
[2026-05-16 04:38:06][INFO] SIM_BRIDGE: Initializing simulation data for model: IZHIKEVICH (3D)... (playback_init: False)
[2026-05-16 04:38:06][INFO] SIM_BRIDGE: Brain-region framework: 4 regions, 18684 total neurons, 4 pathways.
[2026-05-16 04:38:06][INFO] SIM_BRIDGE: RNG initialized with seed: 45
[2026-05-16 04:38:06][INFO] SIM_BRIDGE: Initializing Izhikevich model specifics for 18684 neurons...
[2026-05-16 04:38:06][INFO] SIM_BRIDGE: Applying parameter heterogeneity to neuron parameters...
[2026-05-16 04:38:06][INFO] SIM_BRIDGE: Applied heterogeneity to 4 parameters.
[2026-05-16 04:38:06][INFO] SIM_BRIDGE: Initializing OU process state (tau=15.0ms, sigma=100.0pA)...
[2026-05-16 04:38:06][INFO] SIM_BRIDGE: Generating 3D neuron positions for 18684 neurons...
[2026-05-16 04:38:06][INFO] SIM_BRIDGE: Generating connections (brain-region framework)...
[2026-05-16 04:38:19][INFO] SIM_BRIDGE: inject_explicit_wiring: installed 10392481 synapses across 5 populations.
[2026-05-16 04:38:20][INFO] SIM_BRIDGE: Initializing eligibility traces for 10392481 synapses (capacity: 15588721, dtype: float32)...
[2026-05-16 04:38:20][INFO] SIM_BRIDGE: Initializing STDP state for 18684 neurons...
[2026-05-16 04:38:20][INFO] SIM_BRIDGE: Simulation data initialized for 18684 neurons (3D). Synapses: 10392481. GPU memory: 2.1GB/25.8GB (8.0%)
[sparse-pool bridge] shared_pool=2000, lang_input=8192
[build] 15.0s
[sparse patterns] generated 32 patterns of size 100; mean pairwise overlap (first 20): 5.1 / 100
[sparse topographic prior] GPU-vectorized; ~524800 boost-targets, ~9971200 dampen-targets across 32 sparse patterns (upper bounds; actual = intersection with existing edges)
[topographic prior] 0.2s

[TRAIN] 32 x 400 = 12800 events
  event 500/12800 (37s)
  event 1000/12800 (75s)
  event 1500/12800 (112s)
  event 2000/12800 (148s)
  event 2500/12800 (188s)
  event 3000/12800 (227s)
  event 3500/12800 (266s)
  event 4000/12800 (305s)
  event 4500/12800 (343s)
  event 5000/12800 (379s)
  event 5500/12800 (417s)
  event 6000/12800 (454s)
  event 6500/12800 (491s)
  event 7000/12800 (528s)
  event 7500/12800 (569s)
  event 8000/12800 (608s)
  event 8500/12800 (646s)
  event 9000/12800 (685s)
  event 9500/12800 (722s)
  event 10000/12800 (758s)
  event 10500/12800 (797s)
  event 11000/12800 (834s)
  event 11500/12800 (871s)
  event 12000/12800 (909s)
  event 12500/12800 (949s)
[TRAIN] 973.2s total

[ENGRAM] capturing 32 tags with teacher-bias
[ENGRAM] 10.1s

[EVAL] sparse-pattern discrimination
[EVAL] 18.2s

[RESULTS] 32/32 top-1 (100.0%), 32/32 top-5 (100.0%)
  chance top-1: 3.1%, observed/chance: 32.0x
[2026-05-16 04:55:02][INFO] SIM_BRIDGE: Saving checkpoint to research/findings/raw/g11_bg/g20_sparse_bridges_s45/bridgeE_functional_sparse.simstate.h5...
[2026-05-16 04:55:04][SUCCESS] SIM_BRIDGE: Checkpoint saved successfully to research/findings/raw/g11_bg/g20_sparse_bridges_s45/bridgeE_functional_sparse.simstate.h5
[SAVE] -> research/findings/raw/g11_bg/g20_sparse_bridges_s45/bridgeE_functional_sparse.simstate.h5
[OUT] -> research/findings/raw/g11_bg/g20_sparse_bridges_s45/bridgeE_functional_sparse.json
[ms160] 05/16/2026 04:55:04 s45 end-to-end demo
=== G.20 multi-bridge ensemble ===
  Bridges: ['bridgeA_nouns', 'bridgeB_verbs', 'bridgeC_adj', 'bridgeD_spatial', 'bridgeE_functional']
  Total unique vocab: 160 concepts across 5 bridges
  Form: SPARSE-DISTRIBUTED (Kanerva SDM), K=100, pool=2000
  Path 3: hierarchy queries ENABLED

  [loading bridgeA_nouns (32 concepts)]
[2026-05-16 04:55:05][INFO] SIM_BRIDGE: CuPy using GPU: NVIDIA GeForce RTX 3090 (24.0 GB), mempool limit: 80%
[2026-05-16 04:55:05][INFO] SIM_BRIDGE: Initializing simulation data for model: IZHIKEVICH (3D)... (playback_init: False)
[2026-05-16 04:55:05][INFO] SIM_BRIDGE: Brain-region framework: 4 regions, 18684 total neurons, 4 pathways.
[2026-05-16 04:55:05][INFO] SIM_BRIDGE: RNG initialized with seed: 45
[2026-05-16 04:55:05][INFO] SIM_BRIDGE: Initializing Izhikevich model specifics for 18684 neurons...
[2026-05-16 04:55:05][INFO] SIM_BRIDGE: Applying parameter heterogeneity to neuron parameters...
[2026-05-16 04:55:05][INFO] SIM_BRIDGE: Applied heterogeneity to 4 parameters.
[2026-05-16 04:55:05][INFO] SIM_BRIDGE: Initializing OU process state (tau=15.0ms, sigma=100.0pA)...
[2026-05-16 04:55:05][INFO] SIM_BRIDGE: Generating 3D neuron positions for 18684 neurons...
[2026-05-16 04:55:05][INFO] SIM_BRIDGE: Generating connections (brain-region framework)...
[2026-05-16 04:55:19][INFO] SIM_BRIDGE: inject_explicit_wiring: installed 10392481 synapses across 5 populations.
[2026-05-16 04:55:19][INFO] SIM_BRIDGE: Initializing eligibility traces for 10392481 synapses (capacity: 15588721, dtype: float32)...
[2026-05-16 04:55:19][INFO] SIM_BRIDGE: Initializing STDP state for 18684 neurons...
[2026-05-16 04:55:19][INFO] SIM_BRIDGE: Simulation data initialized for 18684 neurons (3D). Synapses: 10392481. GPU memory: 2.1GB/25.8GB (8.0%)
[2026-05-16 04:55:19][INFO] SIM_BRIDGE: Loading checkpoint from research/findings/raw/g11_bg/g20_sparse_bridges_s45/bridgeA_nouns_sparse.simstate.h5...
[2026-05-16 04:55:19][INFO] SIM_BRIDGE: Clearing simulation state and GPU memory...
[2026-05-16 04:55:19][INFO] SIM_BRIDGE: Cleared simulation state and GPU memory.
[2026-05-16 04:55:19][DEBUG] SIM_BRIDGE: Checkpoint: Dataset for 'cp_adex_w' not found or was empty. Using default.
[2026-05-16 04:55:20][DEBUG] SIM_BRIDGE: Checkpoint: Dataset for 'cp_stp_u' not found or was empty. Using default.
[2026-05-16 04:55:20][DEBUG] SIM_BRIDGE: Checkpoint: Dataset for 'cp_stp_x' not found or was empty. Using default.
[2026-05-16 04:55:20][SUCCESS] SIM_BRIDGE: Checkpoint loaded. Sim time: 0.0ms, Step: 0, Model: IZHIKEVICH
    32 concepts, 32 engram tags restored
  [loading bridgeB_verbs (32 concepts)]
[2026-05-16 04:55:20][INFO] SIM_BRIDGE: CuPy using GPU: NVIDIA GeForce RTX 3090 (24.0 GB), mempool limit: 80%
[2026-05-16 04:55:20][INFO] SIM_BRIDGE: Initializing simulation data for model: IZHIKEVICH (3D)... (playback_init: False)
[2026-05-16 04:55:20][INFO] SIM_BRIDGE: Brain-region framework: 4 regions, 18684 total neurons, 4 pathways.
[2026-05-16 04:55:20][INFO] SIM_BRIDGE: RNG initialized with seed: 45
[2026-05-16 04:55:20][INFO] SIM_BRIDGE: Initializing Izhikevich model specifics for 18684 neurons...
[2026-05-16 04:55:20][INFO] SIM_BRIDGE: Applying parameter heterogeneity to neuron parameters...
[2026-05-16 04:55:20][INFO] SIM_BRIDGE: Applied heterogeneity to 4 parameters.
[2026-05-16 04:55:20][INFO] SIM_BRIDGE: Initializing OU process state (tau=15.0ms, sigma=100.0pA)...
[2026-05-16 04:55:20][INFO] SIM_BRIDGE: Generating 3D neuron positions for 18684 neurons...
[2026-05-16 04:55:20][INFO] SIM_BRIDGE: Generating connections (brain-region framework)...
[2026-05-16 04:55:33][INFO] SIM_BRIDGE: inject_explicit_wiring: installed 10392481 synapses across 5 populations.
[2026-05-16 04:55:33][INFO] SIM_BRIDGE: Initializing eligibility traces for 10392481 synapses (capacity: 15588721, dtype: float32)...
[2026-05-16 04:55:33][INFO] SIM_BRIDGE: Initializing STDP state for 18684 neurons...
[2026-05-16 04:55:33][INFO] SIM_BRIDGE: Simulation data initialized for 18684 neurons (3D). Synapses: 10392481. GPU memory: 2.5GB/25.8GB (9.8%)
[2026-05-16 04:55:33][INFO] SIM_BRIDGE: Loading checkpoint from research/findings/raw/g11_bg/g20_sparse_bridges_s45/bridgeB_verbs_sparse.simstate.h5...
[2026-05-16 04:55:33][INFO] SIM_BRIDGE: Clearing simulation state and GPU memory...
[2026-05-16 04:55:33][INFO] SIM_BRIDGE: Cleared simulation state and GPU memory.
[2026-05-16 04:55:33][DEBUG] SIM_BRIDGE: Checkpoint: Dataset for 'cp_adex_w' not found or was empty. Using default.
[2026-05-16 04:55:34][DEBUG] SIM_BRIDGE: Checkpoint: Dataset for 'cp_stp_u' not found or was empty. Using default.
[2026-05-16 04:55:34][DEBUG] SIM_BRIDGE: Checkpoint: Dataset for 'cp_stp_x' not found or was empty. Using default.
[2026-05-16 04:55:34][SUCCESS] SIM_BRIDGE: Checkpoint loaded. Sim time: 0.0ms, Step: 0, Model: IZHIKEVICH
    32 concepts, 32 engram tags restored
  [loading bridgeC_adj (32 concepts)]
[2026-05-16 04:55:34][INFO] SIM_BRIDGE: CuPy using GPU: NVIDIA GeForce RTX 3090 (24.0 GB), mempool limit: 80%
[2026-05-16 04:55:34][INFO] SIM_BRIDGE: Initializing simulation data for model: IZHIKEVICH (3D)... (playback_init: False)
[2026-05-16 04:55:34][INFO] SIM_BRIDGE: Brain-region framework: 4 regions, 18684 total neurons, 4 pathways.
[2026-05-16 04:55:34][INFO] SIM_BRIDGE: RNG initialized with seed: 45
[2026-05-16 04:55:34][INFO] SIM_BRIDGE: Initializing Izhikevich model specifics for 18684 neurons...
[2026-05-16 04:55:34][INFO] SIM_BRIDGE: Applying parameter heterogeneity to neuron parameters...
[2026-05-16 04:55:34][INFO] SIM_BRIDGE: Applied heterogeneity to 4 parameters.
[2026-05-16 04:55:34][INFO] SIM_BRIDGE: Initializing OU process state (tau=15.0ms, sigma=100.0pA)...
[2026-05-16 04:55:34][INFO] SIM_BRIDGE: Generating 3D neuron positions for 18684 neurons...
[2026-05-16 04:55:34][INFO] SIM_BRIDGE: Generating connections (brain-region framework)...
[2026-05-16 04:55:47][INFO] SIM_BRIDGE: inject_explicit_wiring: installed 10392481 synapses across 5 populations.
[2026-05-16 04:55:47][INFO] SIM_BRIDGE: Initializing eligibility traces for 10392481 synapses (capacity: 15588721, dtype: float32)...
[2026-05-16 04:55:47][INFO] SIM_BRIDGE: Initializing STDP state for 18684 neurons...
[2026-05-16 04:55:47][INFO] SIM_BRIDGE: Simulation data initialized for 18684 neurons (3D). Synapses: 10392481. GPU memory: 2.9GB/25.8GB (11.3%)
[2026-05-16 04:55:48][INFO] SIM_BRIDGE: Loading checkpoint from research/findings/raw/g11_bg/g20_sparse_bridges_s45/bridgeC_adj_sparse.simstate.h5...
[2026-05-16 04:55:48][INFO] SIM_BRIDGE: Clearing simulation state and GPU memory...
[2026-05-16 04:55:48][INFO] SIM_BRIDGE: Cleared simulation state and GPU memory.
[2026-05-16 04:55:48][DEBUG] SIM_BRIDGE: Checkpoint: Dataset for 'cp_adex_w' not found or was empty. Using default.
[2026-05-16 04:55:48][DEBUG] SIM_BRIDGE: Checkpoint: Dataset for 'cp_stp_u' not found or was empty. Using default.
[2026-05-16 04:55:48][DEBUG] SIM_BRIDGE: Checkpoint: Dataset for 'cp_stp_x' not found or was empty. Using default.
[2026-05-16 04:55:48][SUCCESS] SIM_BRIDGE: Checkpoint loaded. Sim time: 0.0ms, Step: 0, Model: IZHIKEVICH
    32 concepts, 32 engram tags restored
  [loading bridgeD_spatial (32 concepts)]
[2026-05-16 04:55:48][INFO] SIM_BRIDGE: CuPy using GPU: NVIDIA GeForce RTX 3090 (24.0 GB), mempool limit: 80%
[2026-05-16 04:55:48][INFO] SIM_BRIDGE: Initializing simulation data for model: IZHIKEVICH (3D)... (playback_init: False)
[2026-05-16 04:55:48][INFO] SIM_BRIDGE: Brain-region framework: 4 regions, 18684 total neurons, 4 pathways.
[2026-05-16 04:55:48][INFO] SIM_BRIDGE: RNG initialized with seed: 45
[2026-05-16 04:55:48][INFO] SIM_BRIDGE: Initializing Izhikevich model specifics for 18684 neurons...
[2026-05-16 04:55:48][INFO] SIM_BRIDGE: Applying parameter heterogeneity to neuron parameters...
[2026-05-16 04:55:48][INFO] SIM_BRIDGE: Applied heterogeneity to 4 parameters.
[2026-05-16 04:55:48][INFO] SIM_BRIDGE: Initializing OU process state (tau=15.0ms, sigma=100.0pA)...
[2026-05-16 04:55:48][INFO] SIM_BRIDGE: Generating 3D neuron positions for 18684 neurons...
[2026-05-16 04:55:48][INFO] SIM_BRIDGE: Generating connections (brain-region framework)...
[2026-05-16 04:56:01][INFO] SIM_BRIDGE: inject_explicit_wiring: installed 10392481 synapses across 5 populations.
[2026-05-16 04:56:01][INFO] SIM_BRIDGE: Initializing eligibility traces for 10392481 synapses (capacity: 15588721, dtype: float32)...
[2026-05-16 04:56:01][INFO] SIM_BRIDGE: Initializing STDP state for 18684 neurons...
[2026-05-16 04:56:01][INFO] SIM_BRIDGE: Simulation data initialized for 18684 neurons (3D). Synapses: 10392481. GPU memory: 3.3GB/25.8GB (12.9%)
[2026-05-16 04:56:02][INFO] SIM_BRIDGE: Loading checkpoint from research/findings/raw/g11_bg/g20_sparse_bridges_s45/bridgeD_spatial_sparse.simstate.h5...
[2026-05-16 04:56:02][INFO] SIM_BRIDGE: Clearing simulation state and GPU memory...
[2026-05-16 04:56:02][INFO] SIM_BRIDGE: Cleared simulation state and GPU memory.
[2026-05-16 04:56:02][DEBUG] SIM_BRIDGE: Checkpoint: Dataset for 'cp_adex_w' not found or was empty. Using default.
[2026-05-16 04:56:02][DEBUG] SIM_BRIDGE: Checkpoint: Dataset for 'cp_stp_u' not found or was empty. Using default.
[2026-05-16 04:56:02][DEBUG] SIM_BRIDGE: Checkpoint: Dataset for 'cp_stp_x' not found or was empty. Using default.
[2026-05-16 04:56:02][SUCCESS] SIM_BRIDGE: Checkpoint loaded. Sim time: 0.0ms, Step: 0, Model: IZHIKEVICH
    32 concepts, 32 engram tags restored
  [loading bridgeE_functional (32 concepts)]
[2026-05-16 04:56:02][INFO] SIM_BRIDGE: CuPy using GPU: NVIDIA GeForce RTX 3090 (24.0 GB), mempool limit: 80%
[2026-05-16 04:56:02][INFO] SIM_BRIDGE: Initializing simulation data for model: IZHIKEVICH (3D)... (playback_init: False)
[2026-05-16 04:56:02][INFO] SIM_BRIDGE: Brain-region framework: 4 regions, 18684 total neurons, 4 pathways.
[2026-05-16 04:56:02][INFO] SIM_BRIDGE: RNG initialized with seed: 45
[2026-05-16 04:56:02][INFO] SIM_BRIDGE: Initializing Izhikevich model specifics for 18684 neurons...
[2026-05-16 04:56:02][INFO] SIM_BRIDGE: Applying parameter heterogeneity to neuron parameters...
[2026-05-16 04:56:02][INFO] SIM_BRIDGE: Applied heterogeneity to 4 parameters.
[2026-05-16 04:56:02][INFO] SIM_BRIDGE: Initializing OU process state (tau=15.0ms, sigma=100.0pA)...
[2026-05-16 04:56:02][INFO] SIM_BRIDGE: Generating 3D neuron positions for 18684 neurons...
[2026-05-16 04:56:02][INFO] SIM_BRIDGE: Generating connections (brain-region framework)...
[2026-05-16 04:56:15][INFO] SIM_BRIDGE: inject_explicit_wiring: installed 10392481 synapses across 5 populations.
[2026-05-16 04:56:16][INFO] SIM_BRIDGE: Initializing eligibility traces for 10392481 synapses (capacity: 15588721, dtype: float32)...
[2026-05-16 04:56:16][INFO] SIM_BRIDGE: Initializing STDP state for 18684 neurons...
[2026-05-16 04:56:16][INFO] SIM_BRIDGE: Simulation data initialized for 18684 neurons (3D). Synapses: 10392481. GPU memory: 3.7GB/25.8GB (14.4%)
[2026-05-16 04:56:16][INFO] SIM_BRIDGE: Loading checkpoint from research/findings/raw/g11_bg/g20_sparse_bridges_s45/bridgeE_functional_sparse.simstate.h5...
[2026-05-16 04:56:16][INFO] SIM_BRIDGE: Clearing simulation state and GPU memory...
[2026-05-16 04:56:16][INFO] SIM_BRIDGE: Cleared simulation state and GPU memory.
[2026-05-16 04:56:16][DEBUG] SIM_BRIDGE: Checkpoint: Dataset for 'cp_adex_w' not found or was empty. Using default.
[2026-05-16 04:56:16][DEBUG] SIM_BRIDGE: Checkpoint: Dataset for 'cp_stp_u' not found or was empty. Using default.
[2026-05-16 04:56:16][DEBUG] SIM_BRIDGE: Checkpoint: Dataset for 'cp_stp_x' not found or was empty. Using default.
[2026-05-16 04:56:16][SUCCESS] SIM_BRIDGE: Checkpoint loaded. Sim time: 0.0ms, Step: 0, Model: IZHIKEVICH
    32 concepts, 32 engram tags restored

Commands:
  remember a is b      Encode (a, b) on bridge containing both
  what is X            Find associates of X
  <word>               Same as 'what is'
  is X Y?              Exact tag match
  concepts / vocab     List per-bridge vocab
  tags                 List per-bridge tags
  quit                 Exit


> remember apple is big
  [cross-bridge: 'apple_big' encoded in ['bridgeA_nouns', 'bridgeC_adj']]

> what is apple
  'apple' associates (from 2 tag(s) across 2 bridges):
    big          764 via bridgeC_adj/apple_big
    house        359 via bridgeA_nouns/apple_big
    new          351 via bridgeC_adj/apple_big
    child        343 via bridgeA_nouns/apple_big

> is apple big?
  YES (tag 'apple_big' in ['bridgeA_nouns', 'bridgeC_adj'])

> remember dog run fast
  [sentence 'dog_run_fast' encoded in ['bridgeA_nouns', 'bridgeB_verbs', 'bridgeC_adj']]

> who run fast?
  [subjects of 'run fast']: ['dog']

> what did dog run?
  [objects of 'dog run']: ['fast']

> quit
Done.
[ms160] 05/16/2026 04:56:20 ===== SEED 46 =====
[ms160] 05/16/2026 04:56:20 s46 bridgeA_nouns (32) train
=== concept_pool_sparse_distributed (seed=46, n_concepts=32) ===
  Shared pool: 2000 neurons
  Pattern size: 100 per concept (sparse, random)
  Substrate per concept: 100 neurons (vs contiguous-slice's 62)

[2026-05-16 04:56:22][INFO] SIM_BRIDGE: CuPy using GPU: NVIDIA GeForce RTX 3090 (24.0 GB), mempool limit: 80%
[2026-05-16 04:56:22][INFO] SIM_BRIDGE: Initializing simulation data for model: IZHIKEVICH (3D)... (playback_init: False)
[2026-05-16 04:56:22][INFO] SIM_BRIDGE: Brain-region framework: 4 regions, 18684 total neurons, 4 pathways.
[2026-05-16 04:56:22][INFO] SIM_BRIDGE: RNG initialized with seed: 46
[2026-05-16 04:56:22][INFO] SIM_BRIDGE: Initializing Izhikevich model specifics for 18684 neurons...
[2026-05-16 04:56:22][INFO] SIM_BRIDGE: Applying parameter heterogeneity to neuron parameters...
[2026-05-16 04:56:22][INFO] SIM_BRIDGE: Applied heterogeneity to 4 parameters.
[2026-05-16 04:56:22][INFO] SIM_BRIDGE: Initializing OU process state (tau=15.0ms, sigma=100.0pA)...
[2026-05-16 04:56:22][INFO] SIM_BRIDGE: Generating 3D neuron positions for 18684 neurons...
[2026-05-16 04:56:22][INFO] SIM_BRIDGE: Generating connections (brain-region framework)...
[2026-05-16 04:56:35][INFO] SIM_BRIDGE: inject_explicit_wiring: installed 10393792 synapses across 5 populations.
[2026-05-16 04:56:35][INFO] SIM_BRIDGE: Initializing eligibility traces for 10393792 synapses (capacity: 15590688, dtype: float32)...
[2026-05-16 04:56:35][INFO] SIM_BRIDGE: Initializing STDP state for 18684 neurons...
[2026-05-16 04:56:35][INFO] SIM_BRIDGE: Simulation data initialized for 18684 neurons (3D). Synapses: 10393792. GPU memory: 2.1GB/25.8GB (8.0%)
[sparse-pool bridge] shared_pool=2000, lang_input=8192
[build] 14.9s
[sparse patterns] generated 32 patterns of size 100; mean pairwise overlap (first 20): 5.0 / 100
[sparse topographic prior] GPU-vectorized; ~524800 boost-targets, ~9971200 dampen-targets across 32 sparse patterns (upper bounds; actual = intersection with existing edges)
[topographic prior] 0.2s

[TRAIN] 32 x 400 = 12800 events
  event 500/12800 (36s)
  event 1000/12800 (75s)
  event 1500/12800 (112s)
  event 2000/12800 (148s)
  event 2500/12800 (188s)
  event 3000/12800 (226s)
  event 3500/12800 (266s)
  event 4000/12800 (304s)
  event 4500/12800 (341s)
  event 5000/12800 (378s)
  event 5500/12800 (415s)
  event 6000/12800 (452s)
  event 6500/12800 (491s)
  event 7000/12800 (533s)
  event 7500/12800 (572s)
  event 8000/12800 (610s)
  event 8500/12800 (648s)
  event 9000/12800 (684s)
  event 9500/12800 (721s)
  event 10000/12800 (759s)
  event 10500/12800 (796s)
  event 11000/12800 (833s)
  event 11500/12800 (870s)
  event 12000/12800 (910s)
  event 12500/12800 (949s)
[TRAIN] 971.8s total

[ENGRAM] capturing 32 tags with teacher-bias
[ENGRAM] 9.9s

[EVAL] sparse-pattern discrimination
[EVAL] 21.8s

[RESULTS] 30/32 top-1 (93.8%), 32/32 top-5 (100.0%)
  chance top-1: 3.1%, observed/chance: 30.0x
[2026-05-16 05:13:19][INFO] SIM_BRIDGE: Saving checkpoint to research/findings/raw/g11_bg/g20_sparse_bridges_s46/bridgeA_nouns_sparse.simstate.h5...
[2026-05-16 05:13:22][SUCCESS] SIM_BRIDGE: Checkpoint saved successfully to research/findings/raw/g11_bg/g20_sparse_bridges_s46/bridgeA_nouns_sparse.simstate.h5
[SAVE] -> research/findings/raw/g11_bg/g20_sparse_bridges_s46/bridgeA_nouns_sparse.simstate.h5
[OUT] -> research/findings/raw/g11_bg/g20_sparse_bridges_s46/bridgeA_nouns_sparse.json
[ms160] 05/16/2026 05:13:22 s46 bridgeB_verbs (32) train
=== concept_pool_sparse_distributed (seed=46, n_concepts=32) ===
  Shared pool: 2000 neurons
  Pattern size: 100 per concept (sparse, random)
  Substrate per concept: 100 neurons (vs contiguous-slice's 62)

[2026-05-16 05:13:23][INFO] SIM_BRIDGE: CuPy using GPU: NVIDIA GeForce RTX 3090 (24.0 GB), mempool limit: 80%
[2026-05-16 05:13:23][INFO] SIM_BRIDGE: Initializing simulation data for model: IZHIKEVICH (3D)... (playback_init: False)
[2026-05-16 05:13:23][INFO] SIM_BRIDGE: Brain-region framework: 4 regions, 18684 total neurons, 4 pathways.
[2026-05-16 05:13:23][INFO] SIM_BRIDGE: RNG initialized with seed: 46
[2026-05-16 05:13:23][INFO] SIM_BRIDGE: Initializing Izhikevich model specifics for 18684 neurons...
[2026-05-16 05:13:23][INFO] SIM_BRIDGE: Applying parameter heterogeneity to neuron parameters...
[2026-05-16 05:13:23][INFO] SIM_BRIDGE: Applied heterogeneity to 4 parameters.
[2026-05-16 05:13:23][INFO] SIM_BRIDGE: Initializing OU process state (tau=15.0ms, sigma=100.0pA)...
[2026-05-16 05:13:23][INFO] SIM_BRIDGE: Generating 3D neuron positions for 18684 neurons...
[2026-05-16 05:13:23][INFO] SIM_BRIDGE: Generating connections (brain-region framework)...
[2026-05-16 05:13:37][INFO] SIM_BRIDGE: inject_explicit_wiring: installed 10393792 synapses across 5 populations.
[2026-05-16 05:13:37][INFO] SIM_BRIDGE: Initializing eligibility traces for 10393792 synapses (capacity: 15590688, dtype: float32)...
[2026-05-16 05:13:37][INFO] SIM_BRIDGE: Initializing STDP state for 18684 neurons...
[2026-05-16 05:13:37][INFO] SIM_BRIDGE: Simulation data initialized for 18684 neurons (3D). Synapses: 10393792. GPU memory: 2.1GB/25.8GB (8.0%)
[sparse-pool bridge] shared_pool=2000, lang_input=8192
[build] 15.0s
[sparse patterns] generated 32 patterns of size 100; mean pairwise overlap (first 20): 5.0 / 100
[sparse topographic prior] GPU-vectorized; ~524800 boost-targets, ~9971200 dampen-targets across 32 sparse patterns (upper bounds; actual = intersection with existing edges)
[topographic prior] 0.2s

[TRAIN] 32 x 400 = 12800 events
  event 500/12800 (36s)
  event 1000/12800 (73s)
  event 1500/12800 (112s)
  event 2000/12800 (148s)
  event 2500/12800 (185s)
  event 3000/12800 (223s)
  event 3500/12800 (262s)
  event 4000/12800 (302s)
  event 4500/12800 (343s)
  event 5000/12800 (380s)
  event 5500/12800 (419s)
  event 6000/12800 (456s)
  event 6500/12800 (493s)
  event 7000/12800 (531s)
  event 7500/12800 (568s)
  event 8000/12800 (609s)
  event 8500/12800 (648s)
  event 9000/12800 (685s)
  event 9500/12800 (724s)
  event 10000/12800 (761s)
  event 10500/12800 (797s)
  event 11000/12800 (836s)
  event 11500/12800 (872s)
  event 12000/12800 (909s)
  event 12500/12800 (947s)
[TRAIN] 971.6s total

[ENGRAM] capturing 32 tags with teacher-bias
[ENGRAM] 10.5s

[EVAL] sparse-pattern discrimination
[EVAL] 20.3s

[RESULTS] 30/32 top-1 (93.8%), 32/32 top-5 (100.0%)
  chance top-1: 3.1%, observed/chance: 30.0x
[2026-05-16 05:30:20][INFO] SIM_BRIDGE: Saving checkpoint to research/findings/raw/g11_bg/g20_sparse_bridges_s46/bridgeB_verbs_sparse.simstate.h5...
[2026-05-16 05:30:22][SUCCESS] SIM_BRIDGE: Checkpoint saved successfully to research/findings/raw/g11_bg/g20_sparse_bridges_s46/bridgeB_verbs_sparse.simstate.h5
[SAVE] -> research/findings/raw/g11_bg/g20_sparse_bridges_s46/bridgeB_verbs_sparse.simstate.h5
[OUT] -> research/findings/raw/g11_bg/g20_sparse_bridges_s46/bridgeB_verbs_sparse.json
[ms160] 05/16/2026 05:30:22 s46 bridgeC_adj (32) train
=== concept_pool_sparse_distributed (seed=46, n_concepts=32) ===
  Shared pool: 2000 neurons
  Pattern size: 100 per concept (sparse, random)
  Substrate per concept: 100 neurons (vs contiguous-slice's 62)

[2026-05-16 05:30:23][INFO] SIM_BRIDGE: CuPy using GPU: NVIDIA GeForce RTX 3090 (24.0 GB), mempool limit: 80%
[2026-05-16 05:30:23][INFO] SIM_BRIDGE: Initializing simulation data for model: IZHIKEVICH (3D)... (playback_init: False)
[2026-05-16 05:30:23][INFO] SIM_BRIDGE: Brain-region framework: 4 regions, 18684 total neurons, 4 pathways.
[2026-05-16 05:30:23][INFO] SIM_BRIDGE: RNG initialized with seed: 46
[2026-05-16 05:30:23][INFO] SIM_BRIDGE: Initializing Izhikevich model specifics for 18684 neurons...
[2026-05-16 05:30:23][INFO] SIM_BRIDGE: Applying parameter heterogeneity to neuron parameters...
[2026-05-16 05:30:23][INFO] SIM_BRIDGE: Applied heterogeneity to 4 parameters.
[2026-05-16 05:30:23][INFO] SIM_BRIDGE: Initializing OU process state (tau=15.0ms, sigma=100.0pA)...
[2026-05-16 05:30:23][INFO] SIM_BRIDGE: Generating 3D neuron positions for 18684 neurons...
[2026-05-16 05:30:24][INFO] SIM_BRIDGE: Generating connections (brain-region framework)...
[2026-05-16 05:30:37][INFO] SIM_BRIDGE: inject_explicit_wiring: installed 10393792 synapses across 5 populations.
[2026-05-16 05:30:37][INFO] SIM_BRIDGE: Initializing eligibility traces for 10393792 synapses (capacity: 15590688, dtype: float32)...
[2026-05-16 05:30:37][INFO] SIM_BRIDGE: Initializing STDP state for 18684 neurons...
[2026-05-16 05:30:37][INFO] SIM_BRIDGE: Simulation data initialized for 18684 neurons (3D). Synapses: 10393792. GPU memory: 2.1GB/25.8GB (8.0%)
[sparse-pool bridge] shared_pool=2000, lang_input=8192
[build] 15.1s
[sparse patterns] generated 32 patterns of size 100; mean pairwise overlap (first 20): 5.0 / 100
[sparse topographic prior] GPU-vectorized; ~524800 boost-targets, ~9971200 dampen-targets across 32 sparse patterns (upper bounds; actual = intersection with existing edges)
[topographic prior] 0.2s

[TRAIN] 32 x 400 = 12800 events
  event 500/12800 (36s)
  event 1000/12800 (74s)
  event 1500/12800 (110s)
  event 2000/12800 (147s)
  event 2500/12800 (186s)
  event 3000/12800 (222s)
  event 3500/12800 (262s)
  event 4000/12800 (303s)
  event 4500/12800 (342s)
  event 5000/12800 (381s)
  event 5500/12800 (419s)
  event 6000/12800 (455s)
  event 6500/12800 (492s)
  event 7000/12800 (529s)
  event 7500/12800 (566s)
  event 8000/12800 (603s)
  event 8500/12800 (641s)
  event 9000/12800 (680s)
  event 9500/12800 (718s)
  event 10000/12800 (755s)
  event 10500/12800 (793s)
  event 11000/12800 (830s)
  event 11500/12800 (866s)
  event 12000/12800 (904s)
  event 12500/12800 (941s)
[TRAIN] 963.7s total

[ENGRAM] capturing 32 tags with teacher-bias
[ENGRAM] 9.9s

[EVAL] sparse-pattern discrimination
[EVAL] 19.5s

[RESULTS] 30/32 top-1 (93.8%), 32/32 top-5 (100.0%)
  chance top-1: 3.1%, observed/chance: 30.0x
[2026-05-16 05:47:11][INFO] SIM_BRIDGE: Saving checkpoint to research/findings/raw/g11_bg/g20_sparse_bridges_s46/bridgeC_adj_sparse.simstate.h5...
[2026-05-16 05:47:13][SUCCESS] SIM_BRIDGE: Checkpoint saved successfully to research/findings/raw/g11_bg/g20_sparse_bridges_s46/bridgeC_adj_sparse.simstate.h5
[SAVE] -> research/findings/raw/g11_bg/g20_sparse_bridges_s46/bridgeC_adj_sparse.simstate.h5
[OUT] -> research/findings/raw/g11_bg/g20_sparse_bridges_s46/bridgeC_adj_sparse.json
[ms160] 05/16/2026 05:47:13 s46 bridgeD_spatial (32) train
=== concept_pool_sparse_distributed (seed=46, n_concepts=32) ===
  Shared pool: 2000 neurons
  Pattern size: 100 per concept (sparse, random)
  Substrate per concept: 100 neurons (vs contiguous-slice's 62)

[2026-05-16 05:47:15][INFO] SIM_BRIDGE: CuPy using GPU: NVIDIA GeForce RTX 3090 (24.0 GB), mempool limit: 80%
[2026-05-16 05:47:15][INFO] SIM_BRIDGE: Initializing simulation data for model: IZHIKEVICH (3D)... (playback_init: False)
[2026-05-16 05:47:15][INFO] SIM_BRIDGE: Brain-region framework: 4 regions, 18684 total neurons, 4 pathways.
[2026-05-16 05:47:15][INFO] SIM_BRIDGE: RNG initialized with seed: 46
[2026-05-16 05:47:15][INFO] SIM_BRIDGE: Initializing Izhikevich model specifics for 18684 neurons...
[2026-05-16 05:47:15][INFO] SIM_BRIDGE: Applying parameter heterogeneity to neuron parameters...
[2026-05-16 05:47:15][INFO] SIM_BRIDGE: Applied heterogeneity to 4 parameters.
[2026-05-16 05:47:15][INFO] SIM_BRIDGE: Initializing OU process state (tau=15.0ms, sigma=100.0pA)...
[2026-05-16 05:47:15][INFO] SIM_BRIDGE: Generating 3D neuron positions for 18684 neurons...
[2026-05-16 05:47:15][INFO] SIM_BRIDGE: Generating connections (brain-region framework)...
[2026-05-16 05:47:28][INFO] SIM_BRIDGE: inject_explicit_wiring: installed 10393792 synapses across 5 populations.
[2026-05-16 05:47:28][INFO] SIM_BRIDGE: Initializing eligibility traces for 10393792 synapses (capacity: 15590688, dtype: float32)...
[2026-05-16 05:47:28][INFO] SIM_BRIDGE: Initializing STDP state for 18684 neurons...
[2026-05-16 05:47:28][INFO] SIM_BRIDGE: Simulation data initialized for 18684 neurons (3D). Synapses: 10393792. GPU memory: 2.1GB/25.8GB (8.0%)
[sparse-pool bridge] shared_pool=2000, lang_input=8192
[build] 15.0s
[sparse patterns] generated 32 patterns of size 100; mean pairwise overlap (first 20): 5.0 / 100
[sparse topographic prior] GPU-vectorized; ~524800 boost-targets, ~9971200 dampen-targets across 32 sparse patterns (upper bounds; actual = intersection with existing edges)
[topographic prior] 0.3s

[TRAIN] 32 x 400 = 12800 events
  event 500/12800 (40s)
  event 1000/12800 (79s)
  event 1500/12800 (120s)
  event 2000/12800 (157s)
  event 2500/12800 (194s)
  event 3000/12800 (231s)
  event 3500/12800 (268s)
  event 4000/12800 (305s)
  event 4500/12800 (342s)
  event 5000/12800 (382s)
  event 5500/12800 (421s)
  event 6000/12800 (460s)
  event 6500/12800 (499s)
  event 7000/12800 (535s)
  event 7500/12800 (571s)
  event 8000/12800 (609s)
  event 8500/12800 (646s)
  event 9000/12800 (683s)
  event 9500/12800 (722s)
  event 10000/12800 (760s)
  event 10500/12800 (801s)
  event 11000/12800 (840s)
  event 11500/12800 (877s)
  event 12000/12800 (914s)
  event 12500/12800 (952s)
[TRAIN] 974.0s total

[ENGRAM] capturing 32 tags with teacher-bias
[ENGRAM] 10.0s

[EVAL] sparse-pattern discrimination
[EVAL] 18.6s

[RESULTS] 30/32 top-1 (93.8%), 32/32 top-5 (100.0%)
  chance top-1: 3.1%, observed/chance: 30.0x
[2026-05-16 06:04:11][INFO] SIM_BRIDGE: Saving checkpoint to research/findings/raw/g11_bg/g20_sparse_bridges_s46/bridgeD_spatial_sparse.simstate.h5...
[2026-05-16 06:04:14][SUCCESS] SIM_BRIDGE: Checkpoint saved successfully to research/findings/raw/g11_bg/g20_sparse_bridges_s46/bridgeD_spatial_sparse.simstate.h5
[SAVE] -> research/findings/raw/g11_bg/g20_sparse_bridges_s46/bridgeD_spatial_sparse.simstate.h5
[OUT] -> research/findings/raw/g11_bg/g20_sparse_bridges_s46/bridgeD_spatial_sparse.json
[ms160] 05/16/2026 06:04:14 s46 bridgeE_functional (32) train
=== concept_pool_sparse_distributed (seed=46, n_concepts=32) ===
  Shared pool: 2000 neurons
  Pattern size: 100 per concept (sparse, random)
  Substrate per concept: 100 neurons (vs contiguous-slice's 62)

[2026-05-16 06:04:15][INFO] SIM_BRIDGE: CuPy using GPU: NVIDIA GeForce RTX 3090 (24.0 GB), mempool limit: 80%
[2026-05-16 06:04:15][INFO] SIM_BRIDGE: Initializing simulation data for model: IZHIKEVICH (3D)... (playback_init: False)
[2026-05-16 06:04:15][INFO] SIM_BRIDGE: Brain-region framework: 4 regions, 18684 total neurons, 4 pathways.
[2026-05-16 06:04:15][INFO] SIM_BRIDGE: RNG initialized with seed: 46
[2026-05-16 06:04:15][INFO] SIM_BRIDGE: Initializing Izhikevich model specifics for 18684 neurons...
[2026-05-16 06:04:15][INFO] SIM_BRIDGE: Applying parameter heterogeneity to neuron parameters...
[2026-05-16 06:04:15][INFO] SIM_BRIDGE: Applied heterogeneity to 4 parameters.
[2026-05-16 06:04:15][INFO] SIM_BRIDGE: Initializing OU process state (tau=15.0ms, sigma=100.0pA)...
[2026-05-16 06:04:15][INFO] SIM_BRIDGE: Generating 3D neuron positions for 18684 neurons...
[2026-05-16 06:04:15][INFO] SIM_BRIDGE: Generating connections (brain-region framework)...
[2026-05-16 06:04:29][INFO] SIM_BRIDGE: inject_explicit_wiring: installed 10393792 synapses across 5 populations.
[2026-05-16 06:04:29][INFO] SIM_BRIDGE: Initializing eligibility traces for 10393792 synapses (capacity: 15590688, dtype: float32)...
[2026-05-16 06:04:29][INFO] SIM_BRIDGE: Initializing STDP state for 18684 neurons...
[2026-05-16 06:04:29][INFO] SIM_BRIDGE: Simulation data initialized for 18684 neurons (3D). Synapses: 10393792. GPU memory: 2.1GB/25.8GB (8.0%)
[sparse-pool bridge] shared_pool=2000, lang_input=8192
[build] 14.9s
[sparse patterns] generated 32 patterns of size 100; mean pairwise overlap (first 20): 5.0 / 100
[sparse topographic prior] GPU-vectorized; ~524800 boost-targets, ~9971200 dampen-targets across 32 sparse patterns (upper bounds; actual = intersection with existing edges)
[topographic prior] 0.2s

[TRAIN] 32 x 400 = 12800 events
  event 500/12800 (41s)
  event 1000/12800 (80s)
  event 1500/12800 (120s)
  event 2000/12800 (159s)
  event 2500/12800 (197s)
  event 3000/12800 (235s)
  event 3500/12800 (271s)
  event 4000/12800 (309s)
  event 4500/12800 (346s)
  event 5000/12800 (382s)
  event 5500/12800 (421s)
  event 6000/12800 (461s)
  event 6500/12800 (501s)
  event 7000/12800 (540s)
  event 7500/12800 (576s)
  event 8000/12800 (613s)
  event 8500/12800 (651s)
  event 9000/12800 (688s)
  event 9500/12800 (725s)
  event 10000/12800 (762s)
  event 10500/12800 (802s)
  event 11000/12800 (841s)
  event 11500/12800 (878s)
  event 12000/12800 (916s)
  event 12500/12800 (952s)
[TRAIN] 975.0s total

[ENGRAM] capturing 32 tags with teacher-bias
[ENGRAM] 9.9s

[EVAL] sparse-pattern discrimination
[EVAL] 18.4s

[RESULTS] 30/32 top-1 (93.8%), 32/32 top-5 (100.0%)
  chance top-1: 3.1%, observed/chance: 30.0x
[2026-05-16 06:21:12][INFO] SIM_BRIDGE: Saving checkpoint to research/findings/raw/g11_bg/g20_sparse_bridges_s46/bridgeE_functional_sparse.simstate.h5...
[2026-05-16 06:21:15][SUCCESS] SIM_BRIDGE: Checkpoint saved successfully to research/findings/raw/g11_bg/g20_sparse_bridges_s46/bridgeE_functional_sparse.simstate.h5
[SAVE] -> research/findings/raw/g11_bg/g20_sparse_bridges_s46/bridgeE_functional_sparse.simstate.h5
[OUT] -> research/findings/raw/g11_bg/g20_sparse_bridges_s46/bridgeE_functional_sparse.json
[ms160] 05/16/2026 06:21:15 s46 end-to-end demo
=== G.20 multi-bridge ensemble ===
  Bridges: ['bridgeA_nouns', 'bridgeB_verbs', 'bridgeC_adj', 'bridgeD_spatial', 'bridgeE_functional']
  Total unique vocab: 160 concepts across 5 bridges
  Form: SPARSE-DISTRIBUTED (Kanerva SDM), K=100, pool=2000
  Path 3: hierarchy queries ENABLED

  [loading bridgeA_nouns (32 concepts)]
[2026-05-16 06:21:16][INFO] SIM_BRIDGE: CuPy using GPU: NVIDIA GeForce RTX 3090 (24.0 GB), mempool limit: 80%
[2026-05-16 06:21:16][INFO] SIM_BRIDGE: Initializing simulation data for model: IZHIKEVICH (3D)... (playback_init: False)
[2026-05-16 06:21:16][INFO] SIM_BRIDGE: Brain-region framework: 4 regions, 18684 total neurons, 4 pathways.
[2026-05-16 06:21:16][INFO] SIM_BRIDGE: RNG initialized with seed: 46
[2026-05-16 06:21:16][INFO] SIM_BRIDGE: Initializing Izhikevich model specifics for 18684 neurons...
[2026-05-16 06:21:16][INFO] SIM_BRIDGE: Applying parameter heterogeneity to neuron parameters...
[2026-05-16 06:21:16][INFO] SIM_BRIDGE: Applied heterogeneity to 4 parameters.
[2026-05-16 06:21:16][INFO] SIM_BRIDGE: Initializing OU process state (tau=15.0ms, sigma=100.0pA)...
[2026-05-16 06:21:16][INFO] SIM_BRIDGE: Generating 3D neuron positions for 18684 neurons...
[2026-05-16 06:21:16][INFO] SIM_BRIDGE: Generating connections (brain-region framework)...
[2026-05-16 06:21:30][INFO] SIM_BRIDGE: inject_explicit_wiring: installed 10393792 synapses across 5 populations.
[2026-05-16 06:21:30][INFO] SIM_BRIDGE: Initializing eligibility traces for 10393792 synapses (capacity: 15590688, dtype: float32)...
[2026-05-16 06:21:30][INFO] SIM_BRIDGE: Initializing STDP state for 18684 neurons...
[2026-05-16 06:21:30][INFO] SIM_BRIDGE: Simulation data initialized for 18684 neurons (3D). Synapses: 10393792. GPU memory: 2.1GB/25.8GB (8.0%)
[2026-05-16 06:21:30][INFO] SIM_BRIDGE: Loading checkpoint from research/findings/raw/g11_bg/g20_sparse_bridges_s46/bridgeA_nouns_sparse.simstate.h5...
[2026-05-16 06:21:30][INFO] SIM_BRIDGE: Clearing simulation state and GPU memory...
[2026-05-16 06:21:30][INFO] SIM_BRIDGE: Cleared simulation state and GPU memory.
[2026-05-16 06:21:30][DEBUG] SIM_BRIDGE: Checkpoint: Dataset for 'cp_adex_w' not found or was empty. Using default.
[2026-05-16 06:21:30][DEBUG] SIM_BRIDGE: Checkpoint: Dataset for 'cp_stp_u' not found or was empty. Using default.
[2026-05-16 06:21:30][DEBUG] SIM_BRIDGE: Checkpoint: Dataset for 'cp_stp_x' not found or was empty. Using default.
[2026-05-16 06:21:31][SUCCESS] SIM_BRIDGE: Checkpoint loaded. Sim time: 0.0ms, Step: 0, Model: IZHIKEVICH
    32 concepts, 32 engram tags restored
  [loading bridgeB_verbs (32 concepts)]
[2026-05-16 06:21:31][INFO] SIM_BRIDGE: CuPy using GPU: NVIDIA GeForce RTX 3090 (24.0 GB), mempool limit: 80%
[2026-05-16 06:21:31][INFO] SIM_BRIDGE: Initializing simulation data for model: IZHIKEVICH (3D)... (playback_init: False)
[2026-05-16 06:21:31][INFO] SIM_BRIDGE: Brain-region framework: 4 regions, 18684 total neurons, 4 pathways.
[2026-05-16 06:21:31][INFO] SIM_BRIDGE: RNG initialized with seed: 46
[2026-05-16 06:21:31][INFO] SIM_BRIDGE: Initializing Izhikevich model specifics for 18684 neurons...
[2026-05-16 06:21:31][INFO] SIM_BRIDGE: Applying parameter heterogeneity to neuron parameters...
[2026-05-16 06:21:31][INFO] SIM_BRIDGE: Applied heterogeneity to 4 parameters.
[2026-05-16 06:21:31][INFO] SIM_BRIDGE: Initializing OU process state (tau=15.0ms, sigma=100.0pA)...
[2026-05-16 06:21:31][INFO] SIM_BRIDGE: Generating 3D neuron positions for 18684 neurons...
[2026-05-16 06:21:31][INFO] SIM_BRIDGE: Generating connections (brain-region framework)...
[2026-05-16 06:21:44][INFO] SIM_BRIDGE: inject_explicit_wiring: installed 10393792 synapses across 5 populations.
[2026-05-16 06:21:44][INFO] SIM_BRIDGE: Initializing eligibility traces for 10393792 synapses (capacity: 15590688, dtype: float32)...
[2026-05-16 06:21:44][INFO] SIM_BRIDGE: Initializing STDP state for 18684 neurons...
[2026-05-16 06:21:44][INFO] SIM_BRIDGE: Simulation data initialized for 18684 neurons (3D). Synapses: 10393792. GPU memory: 2.5GB/25.8GB (9.8%)
[2026-05-16 06:21:44][INFO] SIM_BRIDGE: Loading checkpoint from research/findings/raw/g11_bg/g20_sparse_bridges_s46/bridgeB_verbs_sparse.simstate.h5...
[2026-05-16 06:21:44][INFO] SIM_BRIDGE: Clearing simulation state and GPU memory...
[2026-05-16 06:21:44][INFO] SIM_BRIDGE: Cleared simulation state and GPU memory.
[2026-05-16 06:21:44][DEBUG] SIM_BRIDGE: Checkpoint: Dataset for 'cp_adex_w' not found or was empty. Using default.
[2026-05-16 06:21:45][DEBUG] SIM_BRIDGE: Checkpoint: Dataset for 'cp_stp_u' not found or was empty. Using default.
[2026-05-16 06:21:45][DEBUG] SIM_BRIDGE: Checkpoint: Dataset for 'cp_stp_x' not found or was empty. Using default.
[2026-05-16 06:21:45][SUCCESS] SIM_BRIDGE: Checkpoint loaded. Sim time: 0.0ms, Step: 0, Model: IZHIKEVICH
    32 concepts, 32 engram tags restored
  [loading bridgeC_adj (32 concepts)]
[2026-05-16 06:21:45][INFO] SIM_BRIDGE: CuPy using GPU: NVIDIA GeForce RTX 3090 (24.0 GB), mempool limit: 80%
[2026-05-16 06:21:45][INFO] SIM_BRIDGE: Initializing simulation data for model: IZHIKEVICH (3D)... (playback_init: False)
[2026-05-16 06:21:45][INFO] SIM_BRIDGE: Brain-region framework: 4 regions, 18684 total neurons, 4 pathways.
[2026-05-16 06:21:45][INFO] SIM_BRIDGE: RNG initialized with seed: 46
[2026-05-16 06:21:45][INFO] SIM_BRIDGE: Initializing Izhikevich model specifics for 18684 neurons...
[2026-05-16 06:21:45][INFO] SIM_BRIDGE: Applying parameter heterogeneity to neuron parameters...
[2026-05-16 06:21:45][INFO] SIM_BRIDGE: Applied heterogeneity to 4 parameters.
[2026-05-16 06:21:45][INFO] SIM_BRIDGE: Initializing OU process state (tau=15.0ms, sigma=100.0pA)...
[2026-05-16 06:21:45][INFO] SIM_BRIDGE: Generating 3D neuron positions for 18684 neurons...
[2026-05-16 06:21:45][INFO] SIM_BRIDGE: Generating connections (brain-region framework)...
[2026-05-16 06:21:58][INFO] SIM_BRIDGE: inject_explicit_wiring: installed 10393792 synapses across 5 populations.
[2026-05-16 06:21:58][INFO] SIM_BRIDGE: Initializing eligibility traces for 10393792 synapses (capacity: 15590688, dtype: float32)...
[2026-05-16 06:21:58][INFO] SIM_BRIDGE: Initializing STDP state for 18684 neurons...
[2026-05-16 06:21:58][INFO] SIM_BRIDGE: Simulation data initialized for 18684 neurons (3D). Synapses: 10393792. GPU memory: 2.9GB/25.8GB (11.3%)
[2026-05-16 06:21:58][INFO] SIM_BRIDGE: Loading checkpoint from research/findings/raw/g11_bg/g20_sparse_bridges_s46/bridgeC_adj_sparse.simstate.h5...
[2026-05-16 06:21:58][INFO] SIM_BRIDGE: Clearing simulation state and GPU memory...
[2026-05-16 06:21:58][INFO] SIM_BRIDGE: Cleared simulation state and GPU memory.
[2026-05-16 06:21:58][DEBUG] SIM_BRIDGE: Checkpoint: Dataset for 'cp_adex_w' not found or was empty. Using default.
[2026-05-16 06:21:59][DEBUG] SIM_BRIDGE: Checkpoint: Dataset for 'cp_stp_u' not found or was empty. Using default.
[2026-05-16 06:21:59][DEBUG] SIM_BRIDGE: Checkpoint: Dataset for 'cp_stp_x' not found or was empty. Using default.
[2026-05-16 06:21:59][SUCCESS] SIM_BRIDGE: Checkpoint loaded. Sim time: 0.0ms, Step: 0, Model: IZHIKEVICH
    32 concepts, 32 engram tags restored
  [loading bridgeD_spatial (32 concepts)]
[2026-05-16 06:21:59][INFO] SIM_BRIDGE: CuPy using GPU: NVIDIA GeForce RTX 3090 (24.0 GB), mempool limit: 80%
[2026-05-16 06:21:59][INFO] SIM_BRIDGE: Initializing simulation data for model: IZHIKEVICH (3D)... (playback_init: False)
[2026-05-16 06:21:59][INFO] SIM_BRIDGE: Brain-region framework: 4 regions, 18684 total neurons, 4 pathways.
[2026-05-16 06:21:59][INFO] SIM_BRIDGE: RNG initialized with seed: 46
[2026-05-16 06:21:59][INFO] SIM_BRIDGE: Initializing Izhikevich model specifics for 18684 neurons...
[2026-05-16 06:21:59][INFO] SIM_BRIDGE: Applying parameter heterogeneity to neuron parameters...
[2026-05-16 06:21:59][INFO] SIM_BRIDGE: Applied heterogeneity to 4 parameters.
[2026-05-16 06:21:59][INFO] SIM_BRIDGE: Initializing OU process state (tau=15.0ms, sigma=100.0pA)...
[2026-05-16 06:21:59][INFO] SIM_BRIDGE: Generating 3D neuron positions for 18684 neurons...
[2026-05-16 06:21:59][INFO] SIM_BRIDGE: Generating connections (brain-region framework)...
[2026-05-16 06:22:12][INFO] SIM_BRIDGE: inject_explicit_wiring: installed 10393792 synapses across 5 populations.
[2026-05-16 06:22:13][INFO] SIM_BRIDGE: Initializing eligibility traces for 10393792 synapses (capacity: 15590688, dtype: float32)...
[2026-05-16 06:22:13][INFO] SIM_BRIDGE: Initializing STDP state for 18684 neurons...
[2026-05-16 06:22:13][INFO] SIM_BRIDGE: Simulation data initialized for 18684 neurons (3D). Synapses: 10393792. GPU memory: 3.3GB/25.8GB (12.9%)
[2026-05-16 06:22:13][INFO] SIM_BRIDGE: Loading checkpoint from research/findings/raw/g11_bg/g20_sparse_bridges_s46/bridgeD_spatial_sparse.simstate.h5...
[2026-05-16 06:22:13][INFO] SIM_BRIDGE: Clearing simulation state and GPU memory...
[2026-05-16 06:22:13][INFO] SIM_BRIDGE: Cleared simulation state and GPU memory.
[2026-05-16 06:22:13][DEBUG] SIM_BRIDGE: Checkpoint: Dataset for 'cp_adex_w' not found or was empty. Using default.
[2026-05-16 06:22:13][DEBUG] SIM_BRIDGE: Checkpoint: Dataset for 'cp_stp_u' not found or was empty. Using default.
[2026-05-16 06:22:13][DEBUG] SIM_BRIDGE: Checkpoint: Dataset for 'cp_stp_x' not found or was empty. Using default.
[2026-05-16 06:22:13][SUCCESS] SIM_BRIDGE: Checkpoint loaded. Sim time: 0.0ms, Step: 0, Model: IZHIKEVICH
    32 concepts, 32 engram tags restored
  [loading bridgeE_functional (32 concepts)]
[2026-05-16 06:22:13][INFO] SIM_BRIDGE: CuPy using GPU: NVIDIA GeForce RTX 3090 (24.0 GB), mempool limit: 80%
[2026-05-16 06:22:13][INFO] SIM_BRIDGE: Initializing simulation data for model: IZHIKEVICH (3D)... (playback_init: False)
[2026-05-16 06:22:13][INFO] SIM_BRIDGE: Brain-region framework: 4 regions, 18684 total neurons, 4 pathways.
[2026-05-16 06:22:13][INFO] SIM_BRIDGE: RNG initialized with seed: 46
[2026-05-16 06:22:13][INFO] SIM_BRIDGE: Initializing Izhikevich model specifics for 18684 neurons...
[2026-05-16 06:22:13][INFO] SIM_BRIDGE: Applying parameter heterogeneity to neuron parameters...
[2026-05-16 06:22:13][INFO] SIM_BRIDGE: Applied heterogeneity to 4 parameters.
[2026-05-16 06:22:13][INFO] SIM_BRIDGE: Initializing OU process state (tau=15.0ms, sigma=100.0pA)...
[2026-05-16 06:22:13][INFO] SIM_BRIDGE: Generating 3D neuron positions for 18684 neurons...
[2026-05-16 06:22:13][INFO] SIM_BRIDGE: Generating connections (brain-region framework)...
[2026-05-16 06:22:26][INFO] SIM_BRIDGE: inject_explicit_wiring: installed 10393792 synapses across 5 populations.
[2026-05-16 06:22:27][INFO] SIM_BRIDGE: Initializing eligibility traces for 10393792 synapses (capacity: 15590688, dtype: float32)...
[2026-05-16 06:22:27][INFO] SIM_BRIDGE: Initializing STDP state for 18684 neurons...
[2026-05-16 06:22:27][INFO] SIM_BRIDGE: Simulation data initialized for 18684 neurons (3D). Synapses: 10393792. GPU memory: 3.7GB/25.8GB (14.4%)
[2026-05-16 06:22:27][INFO] SIM_BRIDGE: Loading checkpoint from research/findings/raw/g11_bg/g20_sparse_bridges_s46/bridgeE_functional_sparse.simstate.h5...
[2026-05-16 06:22:27][INFO] SIM_BRIDGE: Clearing simulation state and GPU memory...
[2026-05-16 06:22:27][INFO] SIM_BRIDGE: Cleared simulation state and GPU memory.
[2026-05-16 06:22:27][DEBUG] SIM_BRIDGE: Checkpoint: Dataset for 'cp_adex_w' not found or was empty. Using default.
[2026-05-16 06:22:27][DEBUG] SIM_BRIDGE: Checkpoint: Dataset for 'cp_stp_u' not found or was empty. Using default.
[2026-05-16 06:22:27][DEBUG] SIM_BRIDGE: Checkpoint: Dataset for 'cp_stp_x' not found or was empty. Using default.
[2026-05-16 06:22:27][SUCCESS] SIM_BRIDGE: Checkpoint loaded. Sim time: 0.0ms, Step: 0, Model: IZHIKEVICH
    32 concepts, 32 engram tags restored

Commands:
  remember a is b      Encode (a, b) on bridge containing both
  what is X            Find associates of X
  <word>               Same as 'what is'
  is X Y?              Exact tag match
  concepts / vocab     List per-bridge vocab
  tags                 List per-bridge tags
  quit                 Exit


> remember apple is big
  [cross-bridge: 'apple_big' encoded in ['bridgeA_nouns', 'bridgeC_adj']]

> what is apple
  'apple' associates (from 2 tag(s) across 2 bridges):
    big          840 via bridgeC_adj/apple_big
    flower       481 via bridgeA_nouns/apple
    house        437 via bridgeA_nouns/apple_big
    eye          393 via bridgeA_nouns/apple

> is apple big?
  YES (tag 'apple_big' in ['bridgeA_nouns', 'bridgeC_adj'])

> remember dog run fast
  [sentence 'dog_run_fast' encoded in ['bridgeA_nouns', 'bridgeB_verbs', 'bridgeC_adj']]

> who run fast?
  [subjects of 'run fast']: ['dog']

> what did dog run?
  [objects of 'dog run']: ['fast']

> quit
Done.
[ms160] 05/16/2026 06:22:32 DONE: 160 ensemble multi-seed (43-46) trained+demoed
