[cortex<->conversation capability de-risk] mode=full seeds=[42, 43, 44] cortex=learned backend=cupy smoke=False
  shard: 64 concepts (target_per_sub=8); composer D=128; B1 bar=0.7 (chance=0.250)
  ADAPTATIONS: 1) cheap CPU smoke uses a SYNTHETIC graded codebook (build_graded_codebook) not the spiking HomeostaticAssocGraph learn (the real GPU run uses --cortex learned); both expose the same {word: graded_code}. 2) grounded_codes wants phases in [0,1)^D, so the DG decorrelating encode's binary expansion is mapped to D decorrelated phases via a fixed random projection->angle. 3) the GPU-validated BridgeParser is bypassed for the gates (explicit-roles store_fact); the matrix queries are composer-delegated and parser-independent (the parser is covered by the existing matrix test suite).

============================================================================================
  CORTEX<->CONVERSATION CAPABILITY DE-RISK -- SEED 42 -- mode=full cortex=learned
============================================================================================
  [shard animals] 64 concepts (8 sub x 8), 424 within-shard facts
[2026-06-12 08:51:54][INFO] SIM_BRIDGE: CuPy using GPU: NVIDIA GeForce RTX 3090 (24.0 GB), mempool limit: 80%
[2026-06-12 08:51:54][INFO] SIM_BRIDGE: Initializing simulation data for model: IZHIKEVICH (3D)... (playback_init: False)
[2026-06-12 08:51:54][INFO] SIM_BRIDGE: Brain-region framework: 2 regions, 2700 total neurons, 3 pathways.
[2026-06-12 08:51:54][INFO] SIM_BRIDGE: RNG initialized with seed: 42
[2026-06-12 08:51:54][INFO] SIM_BRIDGE: Initializing Izhikevich model specifics for 2700 neurons...
[2026-06-12 08:51:54][INFO] SIM_BRIDGE: Applying parameter heterogeneity to neuron parameters...
[2026-06-12 08:51:54][INFO] SIM_BRIDGE: Applied heterogeneity to 4 parameters.
[2026-06-12 08:51:54][INFO] SIM_BRIDGE: Initializing OU process state (tau=15.0ms, sigma=0.0pA)...
[2026-06-12 08:51:54][INFO] SIM_BRIDGE: Generating 3D neuron positions for 2700 neurons...
[2026-06-12 08:51:54][INFO] SIM_BRIDGE: Generating connections (brain-region framework)...
[2026-06-12 08:51:58][INFO] SIM_BRIDGE: inject_explicit_wiring: installed 3888625 synapses across 3 populations.
[2026-06-12 08:51:58][INFO] SIM_BRIDGE: Simulation data initialized for 2700 neurons (3D). Synapses: 3888625. GPU memory: 1.6GB/25.8GB (6.2%)
  [cortex learned] within-cos=0.885 between-cos=0.380 margin=0.505 graded=True | DG-expansion between-cos=0.176 (binding-clean<0.15) | 126.3s

  ----------------------------------------------------------------------------------------
  GATE A -- conversational matrix on the cortex-induced codes
  ----------------------------------------------------------------------------------------
[2026-06-12 08:54:00][INFO] SIM_BRIDGE: CuPy using GPU: NVIDIA GeForce RTX 3090 (24.0 GB), mempool limit: 80%
[2026-06-12 08:54:00][INFO] SIM_BRIDGE: Initializing simulation data for model: IZHIKEVICH (3D)... (playback_init: False)
[2026-06-12 08:54:00][INFO] SIM_BRIDGE: RNG initialized with seed: 42
[2026-06-12 08:54:00][INFO] SIM_BRIDGE: Initializing Izhikevich model specifics for 256 neurons...
[2026-06-12 08:54:00][INFO] SIM_BRIDGE: Applying parameter heterogeneity to neuron parameters...
[2026-06-12 08:54:00][INFO] SIM_BRIDGE: Applied heterogeneity to 4 parameters.
[2026-06-12 08:54:00][INFO] SIM_BRIDGE: Initializing OU process state (tau=15.0ms, sigma=0.0pA)...
[2026-06-12 08:54:00][INFO] SIM_BRIDGE: Generating 3D neuron positions for 256 neurons...
[2026-06-12 08:54:00][INFO] SIM_BRIDGE: Generating connections (3D)...
[2026-06-12 08:54:00][INFO] SIM_BRIDGE: Simulation data initialized for 256 neurons (3D). Synapses: 0. GPU memory: 1.7GB/25.8GB (6.5%)
[2026-06-12 08:54:00][INFO] SIM_BRIDGE: CuPy using GPU: NVIDIA GeForce RTX 3090 (24.0 GB), mempool limit: 80%
[2026-06-12 08:54:00][INFO] SIM_BRIDGE: Initializing simulation data for model: IZHIKEVICH (3D)... (playback_init: False)
[2026-06-12 08:54:00][INFO] SIM_BRIDGE: RNG initialized with seed: 42
[2026-06-12 08:54:00][INFO] SIM_BRIDGE: Initializing Izhikevich model specifics for 512 neurons...
[2026-06-12 08:54:00][INFO] SIM_BRIDGE: Applying parameter heterogeneity to neuron parameters...
[2026-06-12 08:54:00][INFO] SIM_BRIDGE: Applied heterogeneity to 4 parameters.
[2026-06-12 08:54:00][INFO] SIM_BRIDGE: Initializing OU process state (tau=15.0ms, sigma=0.0pA)...
[2026-06-12 08:54:00][INFO] SIM_BRIDGE: Generating 3D neuron positions for 512 neurons...
[2026-06-12 08:54:00][INFO] SIM_BRIDGE: Generating connections (3D)...
[2026-06-12 08:54:00][INFO] SIM_BRIDGE: Simulation data initialized for 512 neurons (3D). Synapses: 0. GPU memory: 1.7GB/25.8GB (6.5%)
[2026-06-12 08:54:02][INFO] SIM_BRIDGE: CuPy using GPU: NVIDIA GeForce RTX 3090 (24.0 GB), mempool limit: 80%
[2026-06-12 08:54:02][INFO] SIM_BRIDGE: Initializing simulation data for model: IZHIKEVICH (3D)... (playback_init: False)
[2026-06-12 08:54:02][INFO] SIM_BRIDGE: RNG initialized with seed: 42
[2026-06-12 08:54:02][INFO] SIM_BRIDGE: Initializing Izhikevich model specifics for 256 neurons...
[2026-06-12 08:54:02][INFO] SIM_BRIDGE: Applying parameter heterogeneity to neuron parameters...
[2026-06-12 08:54:02][INFO] SIM_BRIDGE: Applied heterogeneity to 4 parameters.
[2026-06-12 08:54:02][INFO] SIM_BRIDGE: Initializing OU process state (tau=15.0ms, sigma=0.0pA)...
[2026-06-12 08:54:02][INFO] SIM_BRIDGE: Generating 3D neuron positions for 256 neurons...
[2026-06-12 08:54:02][INFO] SIM_BRIDGE: Generating connections (3D)...
[2026-06-12 08:54:02][INFO] SIM_BRIDGE: Simulation data initialized for 256 neurons (3D). Synapses: 0. GPU memory: 1.7GB/25.8GB (6.5%)
[2026-06-12 08:54:03][INFO] SIM_BRIDGE: CuPy using GPU: NVIDIA GeForce RTX 3090 (24.0 GB), mempool limit: 80%
[2026-06-12 08:54:03][INFO] SIM_BRIDGE: Initializing simulation data for model: IZHIKEVICH (3D)... (playback_init: False)
[2026-06-12 08:54:03][INFO] SIM_BRIDGE: RNG initialized with seed: 42
[2026-06-12 08:54:03][INFO] SIM_BRIDGE: Initializing Izhikevich model specifics for 640 neurons...
[2026-06-12 08:54:03][INFO] SIM_BRIDGE: Applying parameter heterogeneity to neuron parameters...
[2026-06-12 08:54:03][INFO] SIM_BRIDGE: Applied heterogeneity to 4 parameters.
[2026-06-12 08:54:03][INFO] SIM_BRIDGE: Initializing OU process state (tau=15.0ms, sigma=0.0pA)...
[2026-06-12 08:54:03][INFO] SIM_BRIDGE: Generating 3D neuron positions for 640 neurons...
[2026-06-12 08:54:03][INFO] SIM_BRIDGE: Generating connections (3D)...
[2026-06-12 08:54:03][INFO] SIM_BRIDGE: Simulation data initialized for 640 neurons (3D). Synapses: 0. GPU memory: 1.7GB/25.8GB (6.5%)
[2026-06-12 08:54:06][INFO] SIM_BRIDGE: CuPy using GPU: NVIDIA GeForce RTX 3090 (24.0 GB), mempool limit: 80%
[2026-06-12 08:54:06][INFO] SIM_BRIDGE: Initializing simulation data for model: IZHIKEVICH (3D)... (playback_init: False)
[2026-06-12 08:54:06][INFO] SIM_BRIDGE: RNG initialized with seed: 42
[2026-06-12 08:54:06][INFO] SIM_BRIDGE: Initializing Izhikevich model specifics for 256 neurons...
[2026-06-12 08:54:06][INFO] SIM_BRIDGE: Applying parameter heterogeneity to neuron parameters...
[2026-06-12 08:54:06][INFO] SIM_BRIDGE: Applied heterogeneity to 4 parameters.
[2026-06-12 08:54:06][INFO] SIM_BRIDGE: Initializing OU process state (tau=15.0ms, sigma=0.0pA)...
[2026-06-12 08:54:06][INFO] SIM_BRIDGE: Generating 3D neuron positions for 256 neurons...
[2026-06-12 08:54:06][INFO] SIM_BRIDGE: Generating connections (3D)...
[2026-06-12 08:54:06][INFO] SIM_BRIDGE: Simulation data initialized for 256 neurons (3D). Synapses: 0. GPU memory: 1.7GB/25.8GB (6.5%)
[2026-06-12 08:54:06][INFO] SIM_BRIDGE: CuPy using GPU: NVIDIA GeForce RTX 3090 (24.0 GB), mempool limit: 80%
[2026-06-12 08:54:06][INFO] SIM_BRIDGE: Initializing simulation data for model: IZHIKEVICH (3D)... (playback_init: False)
[2026-06-12 08:54:06][INFO] SIM_BRIDGE: RNG initialized with seed: 42
[2026-06-12 08:54:06][INFO] SIM_BRIDGE: Initializing Izhikevich model specifics for 640 neurons...
[2026-06-12 08:54:06][INFO] SIM_BRIDGE: Applying parameter heterogeneity to neuron parameters...
[2026-06-12 08:54:06][INFO] SIM_BRIDGE: Applied heterogeneity to 4 parameters.
[2026-06-12 08:54:06][INFO] SIM_BRIDGE: Initializing OU process state (tau=15.0ms, sigma=0.0pA)...
[2026-06-12 08:54:06][INFO] SIM_BRIDGE: Generating 3D neuron positions for 640 neurons...
[2026-06-12 08:54:06][INFO] SIM_BRIDGE: Generating connections (3D)...
[2026-06-12 08:54:06][INFO] SIM_BRIDGE: Simulation data initialized for 640 neurons (3D). Synapses: 0. GPU memory: 1.7GB/25.8GB (6.5%)
[2026-06-12 08:54:07][INFO] SIM_BRIDGE: CuPy using GPU: NVIDIA GeForce RTX 3090 (24.0 GB), mempool limit: 80%
[2026-06-12 08:54:07][INFO] SIM_BRIDGE: Initializing simulation data for model: IZHIKEVICH (3D)... (playback_init: False)
[2026-06-12 08:54:07][INFO] SIM_BRIDGE: RNG initialized with seed: 42
[2026-06-12 08:54:07][INFO] SIM_BRIDGE: Initializing Izhikevich model specifics for 256 neurons...
[2026-06-12 08:54:07][INFO] SIM_BRIDGE: Applying parameter heterogeneity to neuron parameters...
[2026-06-12 08:54:07][INFO] SIM_BRIDGE: Applied heterogeneity to 4 parameters.
[2026-06-12 08:54:07][INFO] SIM_BRIDGE: Initializing OU process state (tau=15.0ms, sigma=0.0pA)...
[2026-06-12 08:54:07][INFO] SIM_BRIDGE: Generating 3D neuron positions for 256 neurons...
[2026-06-12 08:54:07][INFO] SIM_BRIDGE: Generating connections (3D)...
[2026-06-12 08:54:07][INFO] SIM_BRIDGE: Simulation data initialized for 256 neurons (3D). Synapses: 0. GPU memory: 1.7GB/25.8GB (6.5%)
[2026-06-12 08:54:08][INFO] SIM_BRIDGE: CuPy using GPU: NVIDIA GeForce RTX 3090 (24.0 GB), mempool limit: 80%
[2026-06-12 08:54:08][INFO] SIM_BRIDGE: Initializing simulation data for model: IZHIKEVICH (3D)... (playback_init: False)
[2026-06-12 08:54:08][INFO] SIM_BRIDGE: RNG initialized with seed: 42
[2026-06-12 08:54:08][INFO] SIM_BRIDGE: Initializing Izhikevich model specifics for 512 neurons...
[2026-06-12 08:54:08][INFO] SIM_BRIDGE: Applying parameter heterogeneity to neuron parameters...
[2026-06-12 08:54:08][INFO] SIM_BRIDGE: Applied heterogeneity to 4 parameters.
[2026-06-12 08:54:08][INFO] SIM_BRIDGE: Initializing OU process state (tau=15.0ms, sigma=0.0pA)...
[2026-06-12 08:54:08][INFO] SIM_BRIDGE: Generating 3D neuron positions for 512 neurons...
[2026-06-12 08:54:08][INFO] SIM_BRIDGE: Generating connections (3D)...
[2026-06-12 08:54:08][INFO] SIM_BRIDGE: Simulation data initialized for 512 neurons (3D). Synapses: 0. GPU memory: 1.7GB/25.8GB (6.5%)
    cells: {'what_does': True, 'who_does': True, 'abstention': True, 'negation': True, 'one_attribute': True, 'clause': True, 'abstention_battery_breaches': 0}
    n_cells_pass=6/6  moat_holds=True (abstention_battery_breaches=0)

  ----------------------------------------------------------------------------------------
  GATE B -- generalization IN conversation (the NEW capability)
  ----------------------------------------------------------------------------------------
[2026-06-12 08:54:13][INFO] SIM_BRIDGE: CuPy using GPU: NVIDIA GeForce RTX 3090 (24.0 GB), mempool limit: 80%
[2026-06-12 08:54:13][INFO] SIM_BRIDGE: Initializing simulation data for model: IZHIKEVICH (3D)... (playback_init: False)
[2026-06-12 08:54:13][INFO] SIM_BRIDGE: RNG initialized with seed: 42
[2026-06-12 08:54:13][INFO] SIM_BRIDGE: Initializing Izhikevich model specifics for 256 neurons...
[2026-06-12 08:54:13][INFO] SIM_BRIDGE: Applying parameter heterogeneity to neuron parameters...
[2026-06-12 08:54:13][INFO] SIM_BRIDGE: Applied heterogeneity to 4 parameters.
[2026-06-12 08:54:13][INFO] SIM_BRIDGE: Initializing OU process state (tau=15.0ms, sigma=0.0pA)...
[2026-06-12 08:54:13][INFO] SIM_BRIDGE: Generating 3D neuron positions for 256 neurons...
[2026-06-12 08:54:13][INFO] SIM_BRIDGE: Generating connections (3D)...
[2026-06-12 08:54:13][INFO] SIM_BRIDGE: Simulation data initialized for 256 neurons (3D). Synapses: 0. GPU memory: 1.7GB/25.8GB (6.5%)
[2026-06-12 08:54:14][INFO] SIM_BRIDGE: CuPy using GPU: NVIDIA GeForce RTX 3090 (24.0 GB), mempool limit: 80%
[2026-06-12 08:54:14][INFO] SIM_BRIDGE: Initializing simulation data for model: IZHIKEVICH (3D)... (playback_init: False)
[2026-06-12 08:54:14][INFO] SIM_BRIDGE: RNG initialized with seed: 42
[2026-06-12 08:54:14][INFO] SIM_BRIDGE: Initializing Izhikevich model specifics for 512 neurons...
[2026-06-12 08:54:14][INFO] SIM_BRIDGE: Applying parameter heterogeneity to neuron parameters...
[2026-06-12 08:54:14][INFO] SIM_BRIDGE: Applied heterogeneity to 4 parameters.
[2026-06-12 08:54:14][INFO] SIM_BRIDGE: Initializing OU process state (tau=15.0ms, sigma=0.0pA)...
[2026-06-12 08:54:14][INFO] SIM_BRIDGE: Generating 3D neuron positions for 512 neurons...
[2026-06-12 08:54:14][INFO] SIM_BRIDGE: Generating connections (3D)...
[2026-06-12 08:54:14][INFO] SIM_BRIDGE: Simulation data initialized for 512 neurons (3D). Synapses: 0. GPU memory: 1.7GB/25.8GB (6.5%)
[2026-06-12 08:54:48][INFO] SIM_BRIDGE: CuPy using GPU: NVIDIA GeForce RTX 3090 (24.0 GB), mempool limit: 80%
[2026-06-12 08:54:48][INFO] SIM_BRIDGE: Initializing simulation data for model: IZHIKEVICH (3D)... (playback_init: False)
[2026-06-12 08:54:48][INFO] SIM_BRIDGE: RNG initialized with seed: 42
[2026-06-12 08:54:48][INFO] SIM_BRIDGE: Initializing Izhikevich model specifics for 384 neurons...
[2026-06-12 08:54:48][INFO] SIM_BRIDGE: Applying parameter heterogeneity to neuron parameters...
[2026-06-12 08:54:48][INFO] SIM_BRIDGE: Applied heterogeneity to 4 parameters.
[2026-06-12 08:54:48][INFO] SIM_BRIDGE: Initializing OU process state (tau=15.0ms, sigma=0.0pA)...
[2026-06-12 08:54:48][INFO] SIM_BRIDGE: Generating 3D neuron positions for 384 neurons...
[2026-06-12 08:54:48][INFO] SIM_BRIDGE: Generating connections (3D)...
[2026-06-12 08:54:48][INFO] SIM_BRIDGE: Simulation data initialized for 384 neurons (3D). Synapses: 0. GPU memory: 1.7GB/25.8GB (6.5%)
[2026-06-12 08:58:06][INFO] SIM_BRIDGE: CuPy using GPU: NVIDIA GeForce RTX 3090 (24.0 GB), mempool limit: 80%
[2026-06-12 08:58:06][INFO] SIM_BRIDGE: Initializing simulation data for model: IZHIKEVICH (3D)... (playback_init: False)
[2026-06-12 08:58:06][INFO] SIM_BRIDGE: RNG initialized with seed: 42
[2026-06-12 08:58:06][INFO] SIM_BRIDGE: Initializing Izhikevich model specifics for 256 neurons...
[2026-06-12 08:58:06][INFO] SIM_BRIDGE: Applying parameter heterogeneity to neuron parameters...
[2026-06-12 08:58:06][INFO] SIM_BRIDGE: Applied heterogeneity to 4 parameters.
[2026-06-12 08:58:06][INFO] SIM_BRIDGE: Initializing OU process state (tau=15.0ms, sigma=0.0pA)...
[2026-06-12 08:58:06][INFO] SIM_BRIDGE: Generating 3D neuron positions for 256 neurons...
[2026-06-12 08:58:06][INFO] SIM_BRIDGE: Generating connections (3D)...
[2026-06-12 08:58:06][INFO] SIM_BRIDGE: Simulation data initialized for 256 neurons (3D). Synapses: 0. GPU memory: 1.7GB/25.8GB (6.5%)
[2026-06-12 08:58:07][INFO] SIM_BRIDGE: CuPy using GPU: NVIDIA GeForce RTX 3090 (24.0 GB), mempool limit: 80%
[2026-06-12 08:58:07][INFO] SIM_BRIDGE: Initializing simulation data for model: IZHIKEVICH (3D)... (playback_init: False)
[2026-06-12 08:58:07][INFO] SIM_BRIDGE: RNG initialized with seed: 42
[2026-06-12 08:58:07][INFO] SIM_BRIDGE: Initializing Izhikevich model specifics for 512 neurons...
[2026-06-12 08:58:07][INFO] SIM_BRIDGE: Applying parameter heterogeneity to neuron parameters...
[2026-06-12 08:58:07][INFO] SIM_BRIDGE: Applied heterogeneity to 4 parameters.
[2026-06-12 08:58:07][INFO] SIM_BRIDGE: Initializing OU process state (tau=15.0ms, sigma=0.0pA)...
[2026-06-12 08:58:07][INFO] SIM_BRIDGE: Generating 3D neuron positions for 512 neurons...
[2026-06-12 08:58:07][INFO] SIM_BRIDGE: Generating connections (3D)...
[2026-06-12 08:58:07][INFO] SIM_BRIDGE: Simulation data initialized for 512 neurons (3D). Synapses: 0. GPU memory: 1.7GB/25.8GB (6.5%)
[2026-06-12 08:58:41][INFO] SIM_BRIDGE: CuPy using GPU: NVIDIA GeForce RTX 3090 (24.0 GB), mempool limit: 80%
[2026-06-12 08:58:41][INFO] SIM_BRIDGE: Initializing simulation data for model: IZHIKEVICH (3D)... (playback_init: False)
[2026-06-12 08:58:41][INFO] SIM_BRIDGE: RNG initialized with seed: 42
[2026-06-12 08:58:41][INFO] SIM_BRIDGE: Initializing Izhikevich model specifics for 384 neurons...
[2026-06-12 08:58:41][INFO] SIM_BRIDGE: Applying parameter heterogeneity to neuron parameters...
[2026-06-12 08:58:41][INFO] SIM_BRIDGE: Applied heterogeneity to 4 parameters.
[2026-06-12 08:58:41][INFO] SIM_BRIDGE: Initializing OU process state (tau=15.0ms, sigma=0.0pA)...
[2026-06-12 08:58:41][INFO] SIM_BRIDGE: Generating 3D neuron positions for 384 neurons...
[2026-06-12 08:58:41][INFO] SIM_BRIDGE: Generating connections (3D)...
[2026-06-12 08:58:41][INFO] SIM_BRIDGE: Simulation data initialized for 384 neurons (3D). Synapses: 0. GPU memory: 1.7GB/25.8GB (6.5%)
[2026-06-12 09:01:54][INFO] SIM_BRIDGE: CuPy using GPU: NVIDIA GeForce RTX 3090 (24.0 GB), mempool limit: 80%
[2026-06-12 09:01:54][INFO] SIM_BRIDGE: Initializing simulation data for model: IZHIKEVICH (3D)... (playback_init: False)
[2026-06-12 09:01:54][INFO] SIM_BRIDGE: RNG initialized with seed: 42
[2026-06-12 09:01:54][INFO] SIM_BRIDGE: Initializing Izhikevich model specifics for 256 neurons...
[2026-06-12 09:01:54][INFO] SIM_BRIDGE: Applying parameter heterogeneity to neuron parameters...
[2026-06-12 09:01:54][INFO] SIM_BRIDGE: Applied heterogeneity to 4 parameters.
[2026-06-12 09:01:54][INFO] SIM_BRIDGE: Initializing OU process state (tau=15.0ms, sigma=0.0pA)...
[2026-06-12 09:01:54][INFO] SIM_BRIDGE: Generating 3D neuron positions for 256 neurons...
[2026-06-12 09:01:54][INFO] SIM_BRIDGE: Generating connections (3D)...
[2026-06-12 09:01:54][INFO] SIM_BRIDGE: Simulation data initialized for 256 neurons (3D). Synapses: 0. GPU memory: 1.7GB/25.8GB (6.5%)
[2026-06-12 09:01:54][INFO] SIM_BRIDGE: CuPy using GPU: NVIDIA GeForce RTX 3090 (24.0 GB), mempool limit: 80%
[2026-06-12 09:01:54][INFO] SIM_BRIDGE: Initializing simulation data for model: IZHIKEVICH (3D)... (playback_init: False)
[2026-06-12 09:01:54][INFO] SIM_BRIDGE: RNG initialized with seed: 42
[2026-06-12 09:01:54][INFO] SIM_BRIDGE: Initializing Izhikevich model specifics for 512 neurons...
[2026-06-12 09:01:54][INFO] SIM_BRIDGE: Applying parameter heterogeneity to neuron parameters...
[2026-06-12 09:01:54][INFO] SIM_BRIDGE: Applied heterogeneity to 4 parameters.
[2026-06-12 09:01:54][INFO] SIM_BRIDGE: Initializing OU process state (tau=15.0ms, sigma=0.0pA)...
[2026-06-12 09:01:54][INFO] SIM_BRIDGE: Generating 3D neuron positions for 512 neurons...
[2026-06-12 09:01:54][INFO] SIM_BRIDGE: Generating connections (3D)...
[2026-06-12 09:01:54][INFO] SIM_BRIDGE: Simulation data initialized for 512 neurons (3D). Synapses: 0. GPU memory: 1.7GB/25.8GB (6.5%)
[2026-06-12 09:02:30][INFO] SIM_BRIDGE: CuPy using GPU: NVIDIA GeForce RTX 3090 (24.0 GB), mempool limit: 80%
[2026-06-12 09:02:30][INFO] SIM_BRIDGE: Initializing simulation data for model: IZHIKEVICH (3D)... (playback_init: False)
[2026-06-12 09:02:30][INFO] SIM_BRIDGE: RNG initialized with seed: 42
[2026-06-12 09:02:30][INFO] SIM_BRIDGE: Initializing Izhikevich model specifics for 384 neurons...
[2026-06-12 09:02:30][INFO] SIM_BRIDGE: Applying parameter heterogeneity to neuron parameters...
[2026-06-12 09:02:30][INFO] SIM_BRIDGE: Applied heterogeneity to 4 parameters.
[2026-06-12 09:02:30][INFO] SIM_BRIDGE: Initializing OU process state (tau=15.0ms, sigma=0.0pA)...
[2026-06-12 09:02:30][INFO] SIM_BRIDGE: Generating 3D neuron positions for 384 neurons...
[2026-06-12 09:02:30][INFO] SIM_BRIDGE: Generating connections (3D)...
[2026-06-12 09:02:30][INFO] SIM_BRIDGE: Simulation data initialized for 384 neurons (3D). Synapses: 0. GPU memory: 1.7GB/25.8GB (6.5%)
[2026-06-12 09:05:53][INFO] SIM_BRIDGE: CuPy using GPU: NVIDIA GeForce RTX 3090 (24.0 GB), mempool limit: 80%
[2026-06-12 09:05:53][INFO] SIM_BRIDGE: Initializing simulation data for model: IZHIKEVICH (3D)... (playback_init: False)
[2026-06-12 09:05:53][INFO] SIM_BRIDGE: RNG initialized with seed: 42
[2026-06-12 09:05:53][INFO] SIM_BRIDGE: Initializing Izhikevich model specifics for 256 neurons...
[2026-06-12 09:05:53][INFO] SIM_BRIDGE: Applying parameter heterogeneity to neuron parameters...
[2026-06-12 09:05:53][INFO] SIM_BRIDGE: Applied heterogeneity to 4 parameters.
[2026-06-12 09:05:53][INFO] SIM_BRIDGE: Initializing OU process state (tau=15.0ms, sigma=0.0pA)...
[2026-06-12 09:05:53][INFO] SIM_BRIDGE: Generating 3D neuron positions for 256 neurons...
[2026-06-12 09:05:53][INFO] SIM_BRIDGE: Generating connections (3D)...
[2026-06-12 09:05:53][INFO] SIM_BRIDGE: Simulation data initialized for 256 neurons (3D). Synapses: 0. GPU memory: 1.7GB/25.8GB (6.5%)
[2026-06-12 09:05:53][INFO] SIM_BRIDGE: CuPy using GPU: NVIDIA GeForce RTX 3090 (24.0 GB), mempool limit: 80%
[2026-06-12 09:05:53][INFO] SIM_BRIDGE: Initializing simulation data for model: IZHIKEVICH (3D)... (playback_init: False)
[2026-06-12 09:05:53][INFO] SIM_BRIDGE: RNG initialized with seed: 42
[2026-06-12 09:05:53][INFO] SIM_BRIDGE: Initializing Izhikevich model specifics for 512 neurons...
[2026-06-12 09:05:53][INFO] SIM_BRIDGE: Applying parameter heterogeneity to neuron parameters...
[2026-06-12 09:05:53][INFO] SIM_BRIDGE: Applied heterogeneity to 4 parameters.
[2026-06-12 09:05:53][INFO] SIM_BRIDGE: Initializing OU process state (tau=15.0ms, sigma=0.0pA)...
[2026-06-12 09:05:53][INFO] SIM_BRIDGE: Generating 3D neuron positions for 512 neurons...
[2026-06-12 09:05:53][INFO] SIM_BRIDGE: Generating connections (3D)...
[2026-06-12 09:05:53][INFO] SIM_BRIDGE: Simulation data initialized for 512 neurons (3D). Synapses: 0. GPU memory: 1.7GB/25.8GB (6.5%)
[2026-06-12 09:06:29][INFO] SIM_BRIDGE: CuPy using GPU: NVIDIA GeForce RTX 3090 (24.0 GB), mempool limit: 80%
[2026-06-12 09:06:29][INFO] SIM_BRIDGE: Initializing simulation data for model: IZHIKEVICH (3D)... (playback_init: False)
[2026-06-12 09:06:29][INFO] SIM_BRIDGE: RNG initialized with seed: 42
[2026-06-12 09:06:29][INFO] SIM_BRIDGE: Initializing Izhikevich model specifics for 384 neurons...
[2026-06-12 09:06:29][INFO] SIM_BRIDGE: Applying parameter heterogeneity to neuron parameters...
[2026-06-12 09:06:29][INFO] SIM_BRIDGE: Applied heterogeneity to 4 parameters.
[2026-06-12 09:06:29][INFO] SIM_BRIDGE: Initializing OU process state (tau=15.0ms, sigma=0.0pA)...
[2026-06-12 09:06:29][INFO] SIM_BRIDGE: Generating 3D neuron positions for 384 neurons...
[2026-06-12 09:06:29][INFO] SIM_BRIDGE: Generating connections (3D)...
[2026-06-12 09:06:29][INFO] SIM_BRIDGE: Simulation data initialized for 384 neurons (3D). Synapses: 0. GPU memory: 1.7GB/25.8GB (6.5%)
[2026-06-12 09:09:46][INFO] SIM_BRIDGE: CuPy using GPU: NVIDIA GeForce RTX 3090 (24.0 GB), mempool limit: 80%
[2026-06-12 09:09:46][INFO] SIM_BRIDGE: Initializing simulation data for model: IZHIKEVICH (3D)... (playback_init: False)
[2026-06-12 09:09:46][INFO] SIM_BRIDGE: RNG initialized with seed: 42
[2026-06-12 09:09:46][INFO] SIM_BRIDGE: Initializing Izhikevich model specifics for 256 neurons...
[2026-06-12 09:09:46][INFO] SIM_BRIDGE: Applying parameter heterogeneity to neuron parameters...
[2026-06-12 09:09:46][INFO] SIM_BRIDGE: Applied heterogeneity to 4 parameters.
[2026-06-12 09:09:46][INFO] SIM_BRIDGE: Initializing OU process state (tau=15.0ms, sigma=0.0pA)...
[2026-06-12 09:09:46][INFO] SIM_BRIDGE: Generating 3D neuron positions for 256 neurons...
[2026-06-12 09:09:46][INFO] SIM_BRIDGE: Generating connections (3D)...
[2026-06-12 09:09:46][INFO] SIM_BRIDGE: Simulation data initialized for 256 neurons (3D). Synapses: 0. GPU memory: 1.7GB/25.8GB (6.5%)
[2026-06-12 09:09:46][INFO] SIM_BRIDGE: CuPy using GPU: NVIDIA GeForce RTX 3090 (24.0 GB), mempool limit: 80%
[2026-06-12 09:09:46][INFO] SIM_BRIDGE: Initializing simulation data for model: IZHIKEVICH (3D)... (playback_init: False)
[2026-06-12 09:09:46][INFO] SIM_BRIDGE: RNG initialized with seed: 42
[2026-06-12 09:09:46][INFO] SIM_BRIDGE: Initializing Izhikevich model specifics for 512 neurons...
[2026-06-12 09:09:46][INFO] SIM_BRIDGE: Applying parameter heterogeneity to neuron parameters...
[2026-06-12 09:09:46][INFO] SIM_BRIDGE: Applied heterogeneity to 4 parameters.
[2026-06-12 09:09:46][INFO] SIM_BRIDGE: Initializing OU process state (tau=15.0ms, sigma=0.0pA)...
[2026-06-12 09:09:46][INFO] SIM_BRIDGE: Generating 3D neuron positions for 512 neurons...
[2026-06-12 09:09:46][INFO] SIM_BRIDGE: Generating connections (3D)...
[2026-06-12 09:09:46][INFO] SIM_BRIDGE: Simulation data initialized for 512 neurons (3D). Synapses: 0. GPU memory: 1.7GB/25.8GB (6.5%)
[2026-06-12 09:10:21][INFO] SIM_BRIDGE: CuPy using GPU: NVIDIA GeForce RTX 3090 (24.0 GB), mempool limit: 80%
[2026-06-12 09:10:21][INFO] SIM_BRIDGE: Initializing simulation data for model: IZHIKEVICH (3D)... (playback_init: False)
[2026-06-12 09:10:21][INFO] SIM_BRIDGE: RNG initialized with seed: 42
[2026-06-12 09:10:21][INFO] SIM_BRIDGE: Initializing Izhikevich model specifics for 384 neurons...
[2026-06-12 09:10:21][INFO] SIM_BRIDGE: Applying parameter heterogeneity to neuron parameters...
[2026-06-12 09:10:21][INFO] SIM_BRIDGE: Applied heterogeneity to 4 parameters.
[2026-06-12 09:10:21][INFO] SIM_BRIDGE: Initializing OU process state (tau=15.0ms, sigma=0.0pA)...
[2026-06-12 09:10:21][INFO] SIM_BRIDGE: Generating 3D neuron positions for 384 neurons...
[2026-06-12 09:10:21][INFO] SIM_BRIDGE: Generating connections (3D)...
[2026-06-12 09:10:21][INFO] SIM_BRIDGE: Simulation data initialized for 384 neurons (3D). Synapses: 0. GPU memory: 1.7GB/25.8GB (6.5%)
[2026-06-12 09:13:44][INFO] SIM_BRIDGE: CuPy using GPU: NVIDIA GeForce RTX 3090 (24.0 GB), mempool limit: 80%
[2026-06-12 09:13:44][INFO] SIM_BRIDGE: Initializing simulation data for model: IZHIKEVICH (3D)... (playback_init: False)
[2026-06-12 09:13:44][INFO] SIM_BRIDGE: RNG initialized with seed: 42
[2026-06-12 09:13:44][INFO] SIM_BRIDGE: Initializing Izhikevich model specifics for 256 neurons...
[2026-06-12 09:13:44][INFO] SIM_BRIDGE: Applying parameter heterogeneity to neuron parameters...
[2026-06-12 09:13:44][INFO] SIM_BRIDGE: Applied heterogeneity to 4 parameters.
[2026-06-12 09:13:44][INFO] SIM_BRIDGE: Initializing OU process state (tau=15.0ms, sigma=0.0pA)...
[2026-06-12 09:13:44][INFO] SIM_BRIDGE: Generating 3D neuron positions for 256 neurons...
[2026-06-12 09:13:44][INFO] SIM_BRIDGE: Generating connections (3D)...
[2026-06-12 09:13:44][INFO] SIM_BRIDGE: Simulation data initialized for 256 neurons (3D). Synapses: 0. GPU memory: 1.7GB/25.8GB (6.5%)
[2026-06-12 09:13:44][INFO] SIM_BRIDGE: CuPy using GPU: NVIDIA GeForce RTX 3090 (24.0 GB), mempool limit: 80%
[2026-06-12 09:13:44][INFO] SIM_BRIDGE: Initializing simulation data for model: IZHIKEVICH (3D)... (playback_init: False)
[2026-06-12 09:13:44][INFO] SIM_BRIDGE: RNG initialized with seed: 42
[2026-06-12 09:13:44][INFO] SIM_BRIDGE: Initializing Izhikevich model specifics for 512 neurons...
[2026-06-12 09:13:44][INFO] SIM_BRIDGE: Applying parameter heterogeneity to neuron parameters...
[2026-06-12 09:13:44][INFO] SIM_BRIDGE: Applied heterogeneity to 4 parameters.
[2026-06-12 09:13:44][INFO] SIM_BRIDGE: Initializing OU process state (tau=15.0ms, sigma=0.0pA)...
[2026-06-12 09:13:44][INFO] SIM_BRIDGE: Generating 3D neuron positions for 512 neurons...
[2026-06-12 09:13:44][INFO] SIM_BRIDGE: Generating connections (3D)...
[2026-06-12 09:13:44][INFO] SIM_BRIDGE: Simulation data initialized for 512 neurons (3D). Synapses: 0. GPU memory: 1.7GB/25.8GB (6.5%)
[2026-06-12 09:14:19][INFO] SIM_BRIDGE: CuPy using GPU: NVIDIA GeForce RTX 3090 (24.0 GB), mempool limit: 80%
[2026-06-12 09:14:19][INFO] SIM_BRIDGE: Initializing simulation data for model: IZHIKEVICH (3D)... (playback_init: False)
[2026-06-12 09:14:19][INFO] SIM_BRIDGE: RNG initialized with seed: 42
[2026-06-12 09:14:19][INFO] SIM_BRIDGE: Initializing Izhikevich model specifics for 384 neurons...
[2026-06-12 09:14:19][INFO] SIM_BRIDGE: Applying parameter heterogeneity to neuron parameters...
[2026-06-12 09:14:19][INFO] SIM_BRIDGE: Applied heterogeneity to 4 parameters.
[2026-06-12 09:14:19][INFO] SIM_BRIDGE: Initializing OU process state (tau=15.0ms, sigma=0.0pA)...
[2026-06-12 09:14:19][INFO] SIM_BRIDGE: Generating 3D neuron positions for 384 neurons...
[2026-06-12 09:14:19][INFO] SIM_BRIDGE: Generating connections (3D)...
[2026-06-12 09:14:19][INFO] SIM_BRIDGE: Simulation data initialized for 384 neurons (3D). Synapses: 0. GPU memory: 1.7GB/25.8GB (6.5%)
[2026-06-12 09:17:43][INFO] SIM_BRIDGE: CuPy using GPU: NVIDIA GeForce RTX 3090 (24.0 GB), mempool limit: 80%
[2026-06-12 09:17:43][INFO] SIM_BRIDGE: Initializing simulation data for model: IZHIKEVICH (3D)... (playback_init: False)
[2026-06-12 09:17:43][INFO] SIM_BRIDGE: RNG initialized with seed: 42
[2026-06-12 09:17:43][INFO] SIM_BRIDGE: Initializing Izhikevich model specifics for 256 neurons...
[2026-06-12 09:17:43][INFO] SIM_BRIDGE: Applying parameter heterogeneity to neuron parameters...
[2026-06-12 09:17:43][INFO] SIM_BRIDGE: Applied heterogeneity to 4 parameters.
[2026-06-12 09:17:43][INFO] SIM_BRIDGE: Initializing OU process state (tau=15.0ms, sigma=0.0pA)...
[2026-06-12 09:17:43][INFO] SIM_BRIDGE: Generating 3D neuron positions for 256 neurons...
[2026-06-12 09:17:43][INFO] SIM_BRIDGE: Generating connections (3D)...
[2026-06-12 09:17:43][INFO] SIM_BRIDGE: Simulation data initialized for 256 neurons (3D). Synapses: 0. GPU memory: 1.7GB/25.8GB (6.5%)
[2026-06-12 09:17:43][INFO] SIM_BRIDGE: CuPy using GPU: NVIDIA GeForce RTX 3090 (24.0 GB), mempool limit: 80%
[2026-06-12 09:17:43][INFO] SIM_BRIDGE: Initializing simulation data for model: IZHIKEVICH (3D)... (playback_init: False)
[2026-06-12 09:17:43][INFO] SIM_BRIDGE: RNG initialized with seed: 42
[2026-06-12 09:17:43][INFO] SIM_BRIDGE: Initializing Izhikevich model specifics for 512 neurons...
[2026-06-12 09:17:43][INFO] SIM_BRIDGE: Applying parameter heterogeneity to neuron parameters...
[2026-06-12 09:17:43][INFO] SIM_BRIDGE: Applied heterogeneity to 4 parameters.
[2026-06-12 09:17:43][INFO] SIM_BRIDGE: Initializing OU process state (tau=15.0ms, sigma=0.0pA)...
[2026-06-12 09:17:43][INFO] SIM_BRIDGE: Generating 3D neuron positions for 512 neurons...
[2026-06-12 09:17:43][INFO] SIM_BRIDGE: Generating connections (3D)...
[2026-06-12 09:17:43][INFO] SIM_BRIDGE: Simulation data initialized for 512 neurons (3D). Synapses: 0. GPU memory: 1.7GB/25.8GB (6.5%)
[2026-06-12 09:18:17][INFO] SIM_BRIDGE: CuPy using GPU: NVIDIA GeForce RTX 3090 (24.0 GB), mempool limit: 80%
[2026-06-12 09:18:17][INFO] SIM_BRIDGE: Initializing simulation data for model: IZHIKEVICH (3D)... (playback_init: False)
[2026-06-12 09:18:17][INFO] SIM_BRIDGE: RNG initialized with seed: 42
[2026-06-12 09:18:17][INFO] SIM_BRIDGE: Initializing Izhikevich model specifics for 384 neurons...
[2026-06-12 09:18:17][INFO] SIM_BRIDGE: Applying parameter heterogeneity to neuron parameters...
[2026-06-12 09:18:17][INFO] SIM_BRIDGE: Applied heterogeneity to 4 parameters.
[2026-06-12 09:18:17][INFO] SIM_BRIDGE: Initializing OU process state (tau=15.0ms, sigma=0.0pA)...
[2026-06-12 09:18:17][INFO] SIM_BRIDGE: Generating 3D neuron positions for 384 neurons...
[2026-06-12 09:18:17][INFO] SIM_BRIDGE: Generating connections (3D)...
[2026-06-12 09:18:17][INFO] SIM_BRIDGE: Simulation data initialized for 384 neurons (3D). Synapses: 0. GPU memory: 1.7GB/25.8GB (6.5%)
[2026-06-12 09:21:29][INFO] SIM_BRIDGE: CuPy using GPU: NVIDIA GeForce RTX 3090 (24.0 GB), mempool limit: 80%
[2026-06-12 09:21:29][INFO] SIM_BRIDGE: Initializing simulation data for model: IZHIKEVICH (3D)... (playback_init: False)
[2026-06-12 09:21:29][INFO] SIM_BRIDGE: RNG initialized with seed: 42
[2026-06-12 09:21:29][INFO] SIM_BRIDGE: Initializing Izhikevich model specifics for 256 neurons...
[2026-06-12 09:21:29][INFO] SIM_BRIDGE: Applying parameter heterogeneity to neuron parameters...
[2026-06-12 09:21:29][INFO] SIM_BRIDGE: Applied heterogeneity to 4 parameters.
[2026-06-12 09:21:29][INFO] SIM_BRIDGE: Initializing OU process state (tau=15.0ms, sigma=0.0pA)...
[2026-06-12 09:21:29][INFO] SIM_BRIDGE: Generating 3D neuron positions for 256 neurons...
[2026-06-12 09:21:29][INFO] SIM_BRIDGE: Generating connections (3D)...
[2026-06-12 09:21:29][INFO] SIM_BRIDGE: Simulation data initialized for 256 neurons (3D). Synapses: 0. GPU memory: 1.7GB/25.8GB (6.5%)
[2026-06-12 09:21:29][INFO] SIM_BRIDGE: CuPy using GPU: NVIDIA GeForce RTX 3090 (24.0 GB), mempool limit: 80%
[2026-06-12 09:21:29][INFO] SIM_BRIDGE: Initializing simulation data for model: IZHIKEVICH (3D)... (playback_init: False)
[2026-06-12 09:21:29][INFO] SIM_BRIDGE: RNG initialized with seed: 42
[2026-06-12 09:21:29][INFO] SIM_BRIDGE: Initializing Izhikevich model specifics for 512 neurons...
[2026-06-12 09:21:29][INFO] SIM_BRIDGE: Applying parameter heterogeneity to neuron parameters...
[2026-06-12 09:21:29][INFO] SIM_BRIDGE: Applied heterogeneity to 4 parameters.
[2026-06-12 09:21:29][INFO] SIM_BRIDGE: Initializing OU process state (tau=15.0ms, sigma=0.0pA)...
[2026-06-12 09:21:29][INFO] SIM_BRIDGE: Generating 3D neuron positions for 512 neurons...
[2026-06-12 09:21:29][INFO] SIM_BRIDGE: Generating connections (3D)...
[2026-06-12 09:21:29][INFO] SIM_BRIDGE: Simulation data initialized for 512 neurons (3D). Synapses: 0. GPU memory: 1.7GB/25.8GB (6.5%)
[2026-06-12 09:22:04][INFO] SIM_BRIDGE: CuPy using GPU: NVIDIA GeForce RTX 3090 (24.0 GB), mempool limit: 80%
[2026-06-12 09:22:04][INFO] SIM_BRIDGE: Initializing simulation data for model: IZHIKEVICH (3D)... (playback_init: False)
[2026-06-12 09:22:04][INFO] SIM_BRIDGE: RNG initialized with seed: 42
[2026-06-12 09:22:04][INFO] SIM_BRIDGE: Initializing Izhikevich model specifics for 384 neurons...
[2026-06-12 09:22:04][INFO] SIM_BRIDGE: Applying parameter heterogeneity to neuron parameters...
[2026-06-12 09:22:04][INFO] SIM_BRIDGE: Applied heterogeneity to 4 parameters.
[2026-06-12 09:22:04][INFO] SIM_BRIDGE: Initializing OU process state (tau=15.0ms, sigma=0.0pA)...
[2026-06-12 09:22:04][INFO] SIM_BRIDGE: Generating 3D neuron positions for 384 neurons...
[2026-06-12 09:22:04][INFO] SIM_BRIDGE: Generating connections (3D)...
[2026-06-12 09:22:04][INFO] SIM_BRIDGE: Simulation data initialized for 384 neurons (3D). Synapses: 0. GPU memory: 1.7GB/25.8GB (6.5%)
[2026-06-12 09:25:21][INFO] SIM_BRIDGE: CuPy using GPU: NVIDIA GeForce RTX 3090 (24.0 GB), mempool limit: 80%
[2026-06-12 09:25:21][INFO] SIM_BRIDGE: Initializing simulation data for model: IZHIKEVICH (3D)... (playback_init: False)
[2026-06-12 09:25:21][INFO] SIM_BRIDGE: RNG initialized with seed: 42
[2026-06-12 09:25:21][INFO] SIM_BRIDGE: Initializing Izhikevich model specifics for 256 neurons...
[2026-06-12 09:25:21][INFO] SIM_BRIDGE: Applying parameter heterogeneity to neuron parameters...
[2026-06-12 09:25:21][INFO] SIM_BRIDGE: Applied heterogeneity to 4 parameters.
[2026-06-12 09:25:21][INFO] SIM_BRIDGE: Initializing OU process state (tau=15.0ms, sigma=0.0pA)...
[2026-06-12 09:25:21][INFO] SIM_BRIDGE: Generating 3D neuron positions for 256 neurons...
[2026-06-12 09:25:21][INFO] SIM_BRIDGE: Generating connections (3D)...
[2026-06-12 09:25:21][INFO] SIM_BRIDGE: Simulation data initialized for 256 neurons (3D). Synapses: 0. GPU memory: 1.7GB/25.8GB (6.5%)
[2026-06-12 09:25:22][INFO] SIM_BRIDGE: CuPy using GPU: NVIDIA GeForce RTX 3090 (24.0 GB), mempool limit: 80%
[2026-06-12 09:25:22][INFO] SIM_BRIDGE: Initializing simulation data for model: IZHIKEVICH (3D)... (playback_init: False)
[2026-06-12 09:25:22][INFO] SIM_BRIDGE: RNG initialized with seed: 42
[2026-06-12 09:25:22][INFO] SIM_BRIDGE: Initializing Izhikevich model specifics for 512 neurons...
[2026-06-12 09:25:22][INFO] SIM_BRIDGE: Applying parameter heterogeneity to neuron parameters...
[2026-06-12 09:25:22][INFO] SIM_BRIDGE: Applied heterogeneity to 4 parameters.
[2026-06-12 09:25:22][INFO] SIM_BRIDGE: Initializing OU process state (tau=15.0ms, sigma=0.0pA)...
[2026-06-12 09:25:22][INFO] SIM_BRIDGE: Generating 3D neuron positions for 512 neurons...
[2026-06-12 09:25:22][INFO] SIM_BRIDGE: Generating connections (3D)...
[2026-06-12 09:25:22][INFO] SIM_BRIDGE: Simulation data initialized for 512 neurons (3D). Synapses: 0. GPU memory: 1.7GB/25.8GB (6.5%)
[2026-06-12 09:25:41][INFO] SIM_BRIDGE: CuPy using GPU: NVIDIA GeForce RTX 3090 (24.0 GB), mempool limit: 80%
[2026-06-12 09:25:41][INFO] SIM_BRIDGE: Initializing simulation data for model: IZHIKEVICH (3D)... (playback_init: False)
[2026-06-12 09:25:41][INFO] SIM_BRIDGE: RNG initialized with seed: 42
[2026-06-12 09:25:41][INFO] SIM_BRIDGE: Initializing Izhikevich model specifics for 384 neurons...
[2026-06-12 09:25:41][INFO] SIM_BRIDGE: Applying parameter heterogeneity to neuron parameters...
[2026-06-12 09:25:41][INFO] SIM_BRIDGE: Applied heterogeneity to 4 parameters.
[2026-06-12 09:25:41][INFO] SIM_BRIDGE: Initializing OU process state (tau=15.0ms, sigma=0.0pA)...
[2026-06-12 09:25:41][INFO] SIM_BRIDGE: Generating 3D neuron positions for 384 neurons...
[2026-06-12 09:25:41][INFO] SIM_BRIDGE: Generating connections (3D)...
[2026-06-12 09:25:41][INFO] SIM_BRIDGE: Simulation data initialized for 384 neurons (3D). Synapses: 0. GPU memory: 1.7GB/25.8GB (6.5%)
    B1 generalization acc=0.988 (chance=0.250, 4.0x)
    B1-conv (fallback through what_does) acc=0.984
    B2 moat on genuine absence: floor_n=64 false_accepts=0 abstains_all=True

  ----------------------------------------------------------------------------------------
  ANTI-CHEATS C1-C4
  ----------------------------------------------------------------------------------------
    C1 permuted-similarity: B1=0.200 collapses=True
[2026-06-12 09:32:20][INFO] SIM_BRIDGE: CuPy using GPU: NVIDIA GeForce RTX 3090 (24.0 GB), mempool limit: 80%
[2026-06-12 09:32:20][INFO] SIM_BRIDGE: Initializing simulation data for model: IZHIKEVICH (3D)... (playback_init: False)
[2026-06-12 09:32:20][INFO] SIM_BRIDGE: RNG initialized with seed: 42
[2026-06-12 09:32:20][INFO] SIM_BRIDGE: Initializing Izhikevich model specifics for 256 neurons...
[2026-06-12 09:32:20][INFO] SIM_BRIDGE: Applying parameter heterogeneity to neuron parameters...
[2026-06-12 09:32:20][INFO] SIM_BRIDGE: Applied heterogeneity to 4 parameters.
[2026-06-12 09:32:20][INFO] SIM_BRIDGE: Initializing OU process state (tau=15.0ms, sigma=0.0pA)...
[2026-06-12 09:32:20][INFO] SIM_BRIDGE: Generating 3D neuron positions for 256 neurons...
[2026-06-12 09:32:20][INFO] SIM_BRIDGE: Generating connections (3D)...
[2026-06-12 09:32:20][INFO] SIM_BRIDGE: Simulation data initialized for 256 neurons (3D). Synapses: 0. GPU memory: 1.7GB/25.8GB (6.5%)
[2026-06-12 09:32:20][INFO] SIM_BRIDGE: CuPy using GPU: NVIDIA GeForce RTX 3090 (24.0 GB), mempool limit: 80%
[2026-06-12 09:32:20][INFO] SIM_BRIDGE: Initializing simulation data for model: IZHIKEVICH (3D)... (playback_init: False)
[2026-06-12 09:32:20][INFO] SIM_BRIDGE: RNG initialized with seed: 42
[2026-06-12 09:32:20][INFO] SIM_BRIDGE: Initializing Izhikevich model specifics for 512 neurons...
[2026-06-12 09:32:20][INFO] SIM_BRIDGE: Applying parameter heterogeneity to neuron parameters...
[2026-06-12 09:32:20][INFO] SIM_BRIDGE: Applied heterogeneity to 4 parameters.
[2026-06-12 09:32:20][INFO] SIM_BRIDGE: Initializing OU process state (tau=15.0ms, sigma=0.0pA)...
[2026-06-12 09:32:20][INFO] SIM_BRIDGE: Generating 3D neuron positions for 512 neurons...
[2026-06-12 09:32:20][INFO] SIM_BRIDGE: Generating connections (3D)...
[2026-06-12 09:32:20][INFO] SIM_BRIDGE: Simulation data initialized for 512 neurons (3D). Synapses: 0. GPU memory: 1.7GB/25.8GB (6.5%)
[2026-06-12 09:32:22][INFO] SIM_BRIDGE: CuPy using GPU: NVIDIA GeForce RTX 3090 (24.0 GB), mempool limit: 80%
[2026-06-12 09:32:22][INFO] SIM_BRIDGE: Initializing simulation data for model: IZHIKEVICH (3D)... (playback_init: False)
[2026-06-12 09:32:22][INFO] SIM_BRIDGE: RNG initialized with seed: 42
[2026-06-12 09:32:22][INFO] SIM_BRIDGE: Initializing Izhikevich model specifics for 256 neurons...
[2026-06-12 09:32:22][INFO] SIM_BRIDGE: Applying parameter heterogeneity to neuron parameters...
[2026-06-12 09:32:22][INFO] SIM_BRIDGE: Applied heterogeneity to 4 parameters.
[2026-06-12 09:32:22][INFO] SIM_BRIDGE: Initializing OU process state (tau=15.0ms, sigma=0.0pA)...
[2026-06-12 09:32:22][INFO] SIM_BRIDGE: Generating 3D neuron positions for 256 neurons...
[2026-06-12 09:32:22][INFO] SIM_BRIDGE: Generating connections (3D)...
[2026-06-12 09:32:22][INFO] SIM_BRIDGE: Simulation data initialized for 256 neurons (3D). Synapses: 0. GPU memory: 1.7GB/25.8GB (6.5%)
[2026-06-12 09:32:23][INFO] SIM_BRIDGE: CuPy using GPU: NVIDIA GeForce RTX 3090 (24.0 GB), mempool limit: 80%
[2026-06-12 09:32:23][INFO] SIM_BRIDGE: Initializing simulation data for model: IZHIKEVICH (3D)... (playback_init: False)
[2026-06-12 09:32:23][INFO] SIM_BRIDGE: RNG initialized with seed: 42
[2026-06-12 09:32:23][INFO] SIM_BRIDGE: Initializing Izhikevich model specifics for 640 neurons...
[2026-06-12 09:32:23][INFO] SIM_BRIDGE: Applying parameter heterogeneity to neuron parameters...
[2026-06-12 09:32:23][INFO] SIM_BRIDGE: Applied heterogeneity to 4 parameters.
[2026-06-12 09:32:23][INFO] SIM_BRIDGE: Initializing OU process state (tau=15.0ms, sigma=0.0pA)...
[2026-06-12 09:32:23][INFO] SIM_BRIDGE: Generating 3D neuron positions for 640 neurons...
[2026-06-12 09:32:23][INFO] SIM_BRIDGE: Generating connections (3D)...
[2026-06-12 09:32:23][INFO] SIM_BRIDGE: Simulation data initialized for 640 neurons (3D). Synapses: 0. GPU memory: 1.7GB/25.8GB (6.5%)
[2026-06-12 09:32:25][INFO] SIM_BRIDGE: CuPy using GPU: NVIDIA GeForce RTX 3090 (24.0 GB), mempool limit: 80%
[2026-06-12 09:32:25][INFO] SIM_BRIDGE: Initializing simulation data for model: IZHIKEVICH (3D)... (playback_init: False)
[2026-06-12 09:32:25][INFO] SIM_BRIDGE: RNG initialized with seed: 42
[2026-06-12 09:32:25][INFO] SIM_BRIDGE: Initializing Izhikevich model specifics for 256 neurons...
[2026-06-12 09:32:25][INFO] SIM_BRIDGE: Applying parameter heterogeneity to neuron parameters...
[2026-06-12 09:32:25][INFO] SIM_BRIDGE: Applied heterogeneity to 4 parameters.
[2026-06-12 09:32:25][INFO] SIM_BRIDGE: Initializing OU process state (tau=15.0ms, sigma=0.0pA)...
[2026-06-12 09:32:25][INFO] SIM_BRIDGE: Generating 3D neuron positions for 256 neurons...
[2026-06-12 09:32:25][INFO] SIM_BRIDGE: Generating connections (3D)...
[2026-06-12 09:32:25][INFO] SIM_BRIDGE: Simulation data initialized for 256 neurons (3D). Synapses: 0. GPU memory: 1.7GB/25.8GB (6.5%)
[2026-06-12 09:32:26][INFO] SIM_BRIDGE: CuPy using GPU: NVIDIA GeForce RTX 3090 (24.0 GB), mempool limit: 80%
[2026-06-12 09:32:26][INFO] SIM_BRIDGE: Initializing simulation data for model: IZHIKEVICH (3D)... (playback_init: False)
[2026-06-12 09:32:26][INFO] SIM_BRIDGE: RNG initialized with seed: 42
[2026-06-12 09:32:26][INFO] SIM_BRIDGE: Initializing Izhikevich model specifics for 640 neurons...
[2026-06-12 09:32:26][INFO] SIM_BRIDGE: Applying parameter heterogeneity to neuron parameters...
[2026-06-12 09:32:26][INFO] SIM_BRIDGE: Applied heterogeneity to 4 parameters.
[2026-06-12 09:32:26][INFO] SIM_BRIDGE: Initializing OU process state (tau=15.0ms, sigma=0.0pA)...
[2026-06-12 09:32:26][INFO] SIM_BRIDGE: Generating 3D neuron positions for 640 neurons...
[2026-06-12 09:32:26][INFO] SIM_BRIDGE: Generating connections (3D)...
[2026-06-12 09:32:26][INFO] SIM_BRIDGE: Simulation data initialized for 640 neurons (3D). Synapses: 0. GPU memory: 1.7GB/25.8GB (6.5%)
[2026-06-12 09:32:27][INFO] SIM_BRIDGE: CuPy using GPU: NVIDIA GeForce RTX 3090 (24.0 GB), mempool limit: 80%
[2026-06-12 09:32:27][INFO] SIM_BRIDGE: Initializing simulation data for model: IZHIKEVICH (3D)... (playback_init: False)
[2026-06-12 09:32:27][INFO] SIM_BRIDGE: RNG initialized with seed: 42
[2026-06-12 09:32:27][INFO] SIM_BRIDGE: Initializing Izhikevich model specifics for 256 neurons...
[2026-06-12 09:32:27][INFO] SIM_BRIDGE: Applying parameter heterogeneity to neuron parameters...
[2026-06-12 09:32:27][INFO] SIM_BRIDGE: Applied heterogeneity to 4 parameters.
[2026-06-12 09:32:27][INFO] SIM_BRIDGE: Initializing OU process state (tau=15.0ms, sigma=0.0pA)...
[2026-06-12 09:32:27][INFO] SIM_BRIDGE: Generating 3D neuron positions for 256 neurons...
[2026-06-12 09:32:27][INFO] SIM_BRIDGE: Generating connections (3D)...
[2026-06-12 09:32:27][INFO] SIM_BRIDGE: Simulation data initialized for 256 neurons (3D). Synapses: 0. GPU memory: 1.7GB/25.8GB (6.5%)
[2026-06-12 09:32:28][INFO] SIM_BRIDGE: CuPy using GPU: NVIDIA GeForce RTX 3090 (24.0 GB), mempool limit: 80%
[2026-06-12 09:32:28][INFO] SIM_BRIDGE: Initializing simulation data for model: IZHIKEVICH (3D)... (playback_init: False)
[2026-06-12 09:32:28][INFO] SIM_BRIDGE: RNG initialized with seed: 42
[2026-06-12 09:32:28][INFO] SIM_BRIDGE: Initializing Izhikevich model specifics for 512 neurons...
[2026-06-12 09:32:28][INFO] SIM_BRIDGE: Applying parameter heterogeneity to neuron parameters...
[2026-06-12 09:32:28][INFO] SIM_BRIDGE: Applied heterogeneity to 4 parameters.
[2026-06-12 09:32:28][INFO] SIM_BRIDGE: Initializing OU process state (tau=15.0ms, sigma=0.0pA)...
[2026-06-12 09:32:28][INFO] SIM_BRIDGE: Generating 3D neuron positions for 512 neurons...
[2026-06-12 09:32:28][INFO] SIM_BRIDGE: Generating connections (3D)...
[2026-06-12 09:32:28][INFO] SIM_BRIDGE: Simulation data initialized for 512 neurons (3D). Synapses: 0. GPU memory: 1.7GB/25.8GB (6.5%)
    C2 orthogonal codes: B1=0.200 collapses=True | matrix still passes=True (cells=6, moat=True)
[2026-06-12 09:32:33][INFO] SIM_BRIDGE: CuPy using GPU: NVIDIA GeForce RTX 3090 (24.0 GB), mempool limit: 80%
[2026-06-12 09:32:33][INFO] SIM_BRIDGE: Initializing simulation data for model: IZHIKEVICH (3D)... (playback_init: False)
[2026-06-12 09:32:33][INFO] SIM_BRIDGE: RNG initialized with seed: 42
[2026-06-12 09:32:33][INFO] SIM_BRIDGE: Initializing Izhikevich model specifics for 256 neurons...
[2026-06-12 09:32:33][INFO] SIM_BRIDGE: Applying parameter heterogeneity to neuron parameters...
[2026-06-12 09:32:33][INFO] SIM_BRIDGE: Applied heterogeneity to 4 parameters.
[2026-06-12 09:32:33][INFO] SIM_BRIDGE: Initializing OU process state (tau=15.0ms, sigma=0.0pA)...
[2026-06-12 09:32:33][INFO] SIM_BRIDGE: Generating 3D neuron positions for 256 neurons...
[2026-06-12 09:32:33][INFO] SIM_BRIDGE: Generating connections (3D)...
[2026-06-12 09:32:33][INFO] SIM_BRIDGE: Simulation data initialized for 256 neurons (3D). Synapses: 0. GPU memory: 1.7GB/25.8GB (6.5%)
[2026-06-12 09:32:33][INFO] SIM_BRIDGE: CuPy using GPU: NVIDIA GeForce RTX 3090 (24.0 GB), mempool limit: 80%
[2026-06-12 09:32:33][INFO] SIM_BRIDGE: Initializing simulation data for model: IZHIKEVICH (3D)... (playback_init: False)
[2026-06-12 09:32:33][INFO] SIM_BRIDGE: RNG initialized with seed: 42
[2026-06-12 09:32:33][INFO] SIM_BRIDGE: Initializing Izhikevich model specifics for 512 neurons...
[2026-06-12 09:32:33][INFO] SIM_BRIDGE: Applying parameter heterogeneity to neuron parameters...
[2026-06-12 09:32:33][INFO] SIM_BRIDGE: Applied heterogeneity to 4 parameters.
[2026-06-12 09:32:33][INFO] SIM_BRIDGE: Initializing OU process state (tau=15.0ms, sigma=0.0pA)...
[2026-06-12 09:32:33][INFO] SIM_BRIDGE: Generating 3D neuron positions for 512 neurons...
[2026-06-12 09:32:33][INFO] SIM_BRIDGE: Generating connections (3D)...
[2026-06-12 09:32:33][INFO] SIM_BRIDGE: Simulation data initialized for 512 neurons (3D). Synapses: 0. GPU memory: 1.7GB/25.8GB (6.5%)
[2026-06-12 09:32:52][INFO] SIM_BRIDGE: CuPy using GPU: NVIDIA GeForce RTX 3090 (24.0 GB), mempool limit: 80%
[2026-06-12 09:32:52][INFO] SIM_BRIDGE: Initializing simulation data for model: IZHIKEVICH (3D)... (playback_init: False)
[2026-06-12 09:32:52][INFO] SIM_BRIDGE: RNG initialized with seed: 42
[2026-06-12 09:32:52][INFO] SIM_BRIDGE: Initializing Izhikevich model specifics for 384 neurons...
[2026-06-12 09:32:52][INFO] SIM_BRIDGE: Applying parameter heterogeneity to neuron parameters...
[2026-06-12 09:32:52][INFO] SIM_BRIDGE: Applied heterogeneity to 4 parameters.
[2026-06-12 09:32:52][INFO] SIM_BRIDGE: Initializing OU process state (tau=15.0ms, sigma=0.0pA)...
[2026-06-12 09:32:52][INFO] SIM_BRIDGE: Generating 3D neuron positions for 384 neurons...
[2026-06-12 09:32:52][INFO] SIM_BRIDGE: Generating connections (3D)...
[2026-06-12 09:32:52][INFO] SIM_BRIDGE: Simulation data initialized for 384 neurons (3D). Synapses: 0. GPU memory: 1.7GB/25.8GB (6.5%)
    C3 moat alongside host: agreement=1.000 host-abstain/gate-accept=0 (MUST be 0) floor-false-accepts=0 (MUST be 0) lesion-collapses=True -> moat_intact=True
    C4 random-shard: B1=0.294 collapses=True (n=64)

============================================================================================
  CORTEX<->CONVERSATION CAPABILITY DE-RISK -- SEED 43 -- mode=full cortex=learned
============================================================================================
  [shard animals] 64 concepts (8 sub x 8), 424 within-shard facts
[2026-06-12 09:37:22][INFO] SIM_BRIDGE: CuPy using GPU: NVIDIA GeForce RTX 3090 (24.0 GB), mempool limit: 80%
[2026-06-12 09:37:22][INFO] SIM_BRIDGE: Initializing simulation data for model: IZHIKEVICH (3D)... (playback_init: False)
[2026-06-12 09:37:22][INFO] SIM_BRIDGE: Brain-region framework: 2 regions, 2700 total neurons, 3 pathways.
[2026-06-12 09:37:22][INFO] SIM_BRIDGE: RNG initialized with seed: 43
[2026-06-12 09:37:22][INFO] SIM_BRIDGE: Initializing Izhikevich model specifics for 2700 neurons...
[2026-06-12 09:37:22][INFO] SIM_BRIDGE: Applying parameter heterogeneity to neuron parameters...
[2026-06-12 09:37:22][INFO] SIM_BRIDGE: Applied heterogeneity to 4 parameters.
[2026-06-12 09:37:22][INFO] SIM_BRIDGE: Initializing OU process state (tau=15.0ms, sigma=0.0pA)...
[2026-06-12 09:37:22][INFO] SIM_BRIDGE: Generating 3D neuron positions for 2700 neurons...
[2026-06-12 09:37:22][INFO] SIM_BRIDGE: Generating connections (brain-region framework)...
[2026-06-12 09:37:26][INFO] SIM_BRIDGE: inject_explicit_wiring: installed 3887870 synapses across 3 populations.
[2026-06-12 09:37:26][INFO] SIM_BRIDGE: Simulation data initialized for 2700 neurons (3D). Synapses: 3887870. GPU memory: 1.7GB/25.8GB (6.5%)
  [cortex learned] within-cos=0.878 between-cos=0.354 margin=0.524 graded=True | DG-expansion between-cos=0.176 (binding-clean<0.15) | 115.1s

  ----------------------------------------------------------------------------------------
  GATE A -- conversational matrix on the cortex-induced codes
  ----------------------------------------------------------------------------------------
[2026-06-12 09:39:17][INFO] SIM_BRIDGE: CuPy using GPU: NVIDIA GeForce RTX 3090 (24.0 GB), mempool limit: 80%
[2026-06-12 09:39:17][INFO] SIM_BRIDGE: Initializing simulation data for model: IZHIKEVICH (3D)... (playback_init: False)
[2026-06-12 09:39:17][INFO] SIM_BRIDGE: RNG initialized with seed: 43
[2026-06-12 09:39:17][INFO] SIM_BRIDGE: Initializing Izhikevich model specifics for 256 neurons...
[2026-06-12 09:39:17][INFO] SIM_BRIDGE: Applying parameter heterogeneity to neuron parameters...
[2026-06-12 09:39:17][INFO] SIM_BRIDGE: Applied heterogeneity to 4 parameters.
[2026-06-12 09:39:17][INFO] SIM_BRIDGE: Initializing OU process state (tau=15.0ms, sigma=0.0pA)...
[2026-06-12 09:39:17][INFO] SIM_BRIDGE: Generating 3D neuron positions for 256 neurons...
[2026-06-12 09:39:17][INFO] SIM_BRIDGE: Generating connections (3D)...
[2026-06-12 09:39:17][INFO] SIM_BRIDGE: Simulation data initialized for 256 neurons (3D). Synapses: 0. GPU memory: 1.7GB/25.8GB (6.5%)
[2026-06-12 09:39:18][INFO] SIM_BRIDGE: CuPy using GPU: NVIDIA GeForce RTX 3090 (24.0 GB), mempool limit: 80%
[2026-06-12 09:39:18][INFO] SIM_BRIDGE: Initializing simulation data for model: IZHIKEVICH (3D)... (playback_init: False)
[2026-06-12 09:39:18][INFO] SIM_BRIDGE: RNG initialized with seed: 43
[2026-06-12 09:39:18][INFO] SIM_BRIDGE: Initializing Izhikevich model specifics for 512 neurons...
[2026-06-12 09:39:18][INFO] SIM_BRIDGE: Applying parameter heterogeneity to neuron parameters...
[2026-06-12 09:39:18][INFO] SIM_BRIDGE: Applied heterogeneity to 4 parameters.
[2026-06-12 09:39:18][INFO] SIM_BRIDGE: Initializing OU process state (tau=15.0ms, sigma=0.0pA)...
[2026-06-12 09:39:18][INFO] SIM_BRIDGE: Generating 3D neuron positions for 512 neurons...
[2026-06-12 09:39:18][INFO] SIM_BRIDGE: Generating connections (3D)...
[2026-06-12 09:39:18][INFO] SIM_BRIDGE: Simulation data initialized for 512 neurons (3D). Synapses: 0. GPU memory: 1.7GB/25.8GB (6.5%)
[2026-06-12 09:39:20][INFO] SIM_BRIDGE: CuPy using GPU: NVIDIA GeForce RTX 3090 (24.0 GB), mempool limit: 80%
[2026-06-12 09:39:20][INFO] SIM_BRIDGE: Initializing simulation data for model: IZHIKEVICH (3D)... (playback_init: False)
[2026-06-12 09:39:20][INFO] SIM_BRIDGE: RNG initialized with seed: 43
[2026-06-12 09:39:20][INFO] SIM_BRIDGE: Initializing Izhikevich model specifics for 256 neurons...
[2026-06-12 09:39:20][INFO] SIM_BRIDGE: Applying parameter heterogeneity to neuron parameters...
[2026-06-12 09:39:20][INFO] SIM_BRIDGE: Applied heterogeneity to 4 parameters.
[2026-06-12 09:39:20][INFO] SIM_BRIDGE: Initializing OU process state (tau=15.0ms, sigma=0.0pA)...
[2026-06-12 09:39:20][INFO] SIM_BRIDGE: Generating 3D neuron positions for 256 neurons...
[2026-06-12 09:39:20][INFO] SIM_BRIDGE: Generating connections (3D)...
[2026-06-12 09:39:20][INFO] SIM_BRIDGE: Simulation data initialized for 256 neurons (3D). Synapses: 0. GPU memory: 1.7GB/25.8GB (6.5%)
[2026-06-12 09:39:21][INFO] SIM_BRIDGE: CuPy using GPU: NVIDIA GeForce RTX 3090 (24.0 GB), mempool limit: 80%
[2026-06-12 09:39:21][INFO] SIM_BRIDGE: Initializing simulation data for model: IZHIKEVICH (3D)... (playback_init: False)
[2026-06-12 09:39:21][INFO] SIM_BRIDGE: RNG initialized with seed: 43
[2026-06-12 09:39:21][INFO] SIM_BRIDGE: Initializing Izhikevich model specifics for 640 neurons...
[2026-06-12 09:39:21][INFO] SIM_BRIDGE: Applying parameter heterogeneity to neuron parameters...
[2026-06-12 09:39:21][INFO] SIM_BRIDGE: Applied heterogeneity to 4 parameters.
[2026-06-12 09:39:21][INFO] SIM_BRIDGE: Initializing OU process state (tau=15.0ms, sigma=0.0pA)...
[2026-06-12 09:39:21][INFO] SIM_BRIDGE: Generating 3D neuron positions for 640 neurons...
[2026-06-12 09:39:21][INFO] SIM_BRIDGE: Generating connections (3D)...
[2026-06-12 09:39:21][INFO] SIM_BRIDGE: Simulation data initialized for 640 neurons (3D). Synapses: 0. GPU memory: 1.7GB/25.8GB (6.5%)
[2026-06-12 09:39:23][INFO] SIM_BRIDGE: CuPy using GPU: NVIDIA GeForce RTX 3090 (24.0 GB), mempool limit: 80%
[2026-06-12 09:39:23][INFO] SIM_BRIDGE: Initializing simulation data for model: IZHIKEVICH (3D)... (playback_init: False)
[2026-06-12 09:39:23][INFO] SIM_BRIDGE: RNG initialized with seed: 43
[2026-06-12 09:39:23][INFO] SIM_BRIDGE: Initializing Izhikevich model specifics for 256 neurons...
[2026-06-12 09:39:23][INFO] SIM_BRIDGE: Applying parameter heterogeneity to neuron parameters...
[2026-06-12 09:39:23][INFO] SIM_BRIDGE: Applied heterogeneity to 4 parameters.
[2026-06-12 09:39:23][INFO] SIM_BRIDGE: Initializing OU process state (tau=15.0ms, sigma=0.0pA)...
[2026-06-12 09:39:23][INFO] SIM_BRIDGE: Generating 3D neuron positions for 256 neurons...
[2026-06-12 09:39:23][INFO] SIM_BRIDGE: Generating connections (3D)...
[2026-06-12 09:39:23][INFO] SIM_BRIDGE: Simulation data initialized for 256 neurons (3D). Synapses: 0. GPU memory: 1.7GB/25.8GB (6.5%)
[2026-06-12 09:39:24][INFO] SIM_BRIDGE: CuPy using GPU: NVIDIA GeForce RTX 3090 (24.0 GB), mempool limit: 80%
[2026-06-12 09:39:24][INFO] SIM_BRIDGE: Initializing simulation data for model: IZHIKEVICH (3D)... (playback_init: False)
[2026-06-12 09:39:24][INFO] SIM_BRIDGE: RNG initialized with seed: 43
[2026-06-12 09:39:24][INFO] SIM_BRIDGE: Initializing Izhikevich model specifics for 640 neurons...
[2026-06-12 09:39:24][INFO] SIM_BRIDGE: Applying parameter heterogeneity to neuron parameters...
[2026-06-12 09:39:24][INFO] SIM_BRIDGE: Applied heterogeneity to 4 parameters.
[2026-06-12 09:39:24][INFO] SIM_BRIDGE: Initializing OU process state (tau=15.0ms, sigma=0.0pA)...
[2026-06-12 09:39:24][INFO] SIM_BRIDGE: Generating 3D neuron positions for 640 neurons...
[2026-06-12 09:39:24][INFO] SIM_BRIDGE: Generating connections (3D)...
[2026-06-12 09:39:24][INFO] SIM_BRIDGE: Simulation data initialized for 640 neurons (3D). Synapses: 0. GPU memory: 1.7GB/25.8GB (6.5%)
[2026-06-12 09:39:25][INFO] SIM_BRIDGE: CuPy using GPU: NVIDIA GeForce RTX 3090 (24.0 GB), mempool limit: 80%
[2026-06-12 09:39:25][INFO] SIM_BRIDGE: Initializing simulation data for model: IZHIKEVICH (3D)... (playback_init: False)
[2026-06-12 09:39:25][INFO] SIM_BRIDGE: RNG initialized with seed: 43
[2026-06-12 09:39:25][INFO] SIM_BRIDGE: Initializing Izhikevich model specifics for 256 neurons...
[2026-06-12 09:39:25][INFO] SIM_BRIDGE: Applying parameter heterogeneity to neuron parameters...
[2026-06-12 09:39:25][INFO] SIM_BRIDGE: Applied heterogeneity to 4 parameters.
[2026-06-12 09:39:25][INFO] SIM_BRIDGE: Initializing OU process state (tau=15.0ms, sigma=0.0pA)...
[2026-06-12 09:39:25][INFO] SIM_BRIDGE: Generating 3D neuron positions for 256 neurons...
[2026-06-12 09:39:25][INFO] SIM_BRIDGE: Generating connections (3D)...
[2026-06-12 09:39:25][INFO] SIM_BRIDGE: Simulation data initialized for 256 neurons (3D). Synapses: 0. GPU memory: 1.7GB/25.8GB (6.5%)
[2026-06-12 09:39:26][INFO] SIM_BRIDGE: CuPy using GPU: NVIDIA GeForce RTX 3090 (24.0 GB), mempool limit: 80%
[2026-06-12 09:39:26][INFO] SIM_BRIDGE: Initializing simulation data for model: IZHIKEVICH (3D)... (playback_init: False)
[2026-06-12 09:39:26][INFO] SIM_BRIDGE: RNG initialized with seed: 43
[2026-06-12 09:39:26][INFO] SIM_BRIDGE: Initializing Izhikevich model specifics for 512 neurons...
[2026-06-12 09:39:26][INFO] SIM_BRIDGE: Applying parameter heterogeneity to neuron parameters...
[2026-06-12 09:39:26][INFO] SIM_BRIDGE: Applied heterogeneity to 4 parameters.
[2026-06-12 09:39:26][INFO] SIM_BRIDGE: Initializing OU process state (tau=15.0ms, sigma=0.0pA)...
[2026-06-12 09:39:26][INFO] SIM_BRIDGE: Generating 3D neuron positions for 512 neurons...
[2026-06-12 09:39:26][INFO] SIM_BRIDGE: Generating connections (3D)...
[2026-06-12 09:39:26][INFO] SIM_BRIDGE: Simulation data initialized for 512 neurons (3D). Synapses: 0. GPU memory: 1.7GB/25.8GB (6.5%)
    cells: {'what_does': True, 'who_does': True, 'abstention': True, 'negation': True, 'one_attribute': True, 'clause': True, 'abstention_battery_breaches': 0}
    n_cells_pass=6/6  moat_holds=True (abstention_battery_breaches=0)

  ----------------------------------------------------------------------------------------
  GATE B -- generalization IN conversation (the NEW capability)
  ----------------------------------------------------------------------------------------
[2026-06-12 09:39:31][INFO] SIM_BRIDGE: CuPy using GPU: NVIDIA GeForce RTX 3090 (24.0 GB), mempool limit: 80%
[2026-06-12 09:39:31][INFO] SIM_BRIDGE: Initializing simulation data for model: IZHIKEVICH (3D)... (playback_init: False)
[2026-06-12 09:39:31][INFO] SIM_BRIDGE: RNG initialized with seed: 43
[2026-06-12 09:39:31][INFO] SIM_BRIDGE: Initializing Izhikevich model specifics for 256 neurons...
[2026-06-12 09:39:31][INFO] SIM_BRIDGE: Applying parameter heterogeneity to neuron parameters...
[2026-06-12 09:39:31][INFO] SIM_BRIDGE: Applied heterogeneity to 4 parameters.
[2026-06-12 09:39:31][INFO] SIM_BRIDGE: Initializing OU process state (tau=15.0ms, sigma=0.0pA)...
[2026-06-12 09:39:31][INFO] SIM_BRIDGE: Generating 3D neuron positions for 256 neurons...
[2026-06-12 09:39:31][INFO] SIM_BRIDGE: Generating connections (3D)...
[2026-06-12 09:39:31][INFO] SIM_BRIDGE: Simulation data initialized for 256 neurons (3D). Synapses: 0. GPU memory: 1.7GB/25.8GB (6.5%)
[2026-06-12 09:39:31][INFO] SIM_BRIDGE: CuPy using GPU: NVIDIA GeForce RTX 3090 (24.0 GB), mempool limit: 80%
[2026-06-12 09:39:31][INFO] SIM_BRIDGE: Initializing simulation data for model: IZHIKEVICH (3D)... (playback_init: False)
[2026-06-12 09:39:31][INFO] SIM_BRIDGE: RNG initialized with seed: 43
[2026-06-12 09:39:31][INFO] SIM_BRIDGE: Initializing Izhikevich model specifics for 512 neurons...
[2026-06-12 09:39:31][INFO] SIM_BRIDGE: Applying parameter heterogeneity to neuron parameters...
[2026-06-12 09:39:31][INFO] SIM_BRIDGE: Applied heterogeneity to 4 parameters.
[2026-06-12 09:39:31][INFO] SIM_BRIDGE: Initializing OU process state (tau=15.0ms, sigma=0.0pA)...
[2026-06-12 09:39:31][INFO] SIM_BRIDGE: Generating 3D neuron positions for 512 neurons...
[2026-06-12 09:39:31][INFO] SIM_BRIDGE: Generating connections (3D)...
[2026-06-12 09:39:31][INFO] SIM_BRIDGE: Simulation data initialized for 512 neurons (3D). Synapses: 0. GPU memory: 1.7GB/25.8GB (6.5%)
[2026-06-12 09:40:06][INFO] SIM_BRIDGE: CuPy using GPU: NVIDIA GeForce RTX 3090 (24.0 GB), mempool limit: 80%
[2026-06-12 09:40:06][INFO] SIM_BRIDGE: Initializing simulation data for model: IZHIKEVICH (3D)... (playback_init: False)
[2026-06-12 09:40:06][INFO] SIM_BRIDGE: RNG initialized with seed: 43
[2026-06-12 09:40:06][INFO] SIM_BRIDGE: Initializing Izhikevich model specifics for 384 neurons...
[2026-06-12 09:40:06][INFO] SIM_BRIDGE: Applying parameter heterogeneity to neuron parameters...
[2026-06-12 09:40:06][INFO] SIM_BRIDGE: Applied heterogeneity to 4 parameters.
[2026-06-12 09:40:06][INFO] SIM_BRIDGE: Initializing OU process state (tau=15.0ms, sigma=0.0pA)...
[2026-06-12 09:40:06][INFO] SIM_BRIDGE: Generating 3D neuron positions for 384 neurons...
[2026-06-12 09:40:06][INFO] SIM_BRIDGE: Generating connections (3D)...
[2026-06-12 09:40:06][INFO] SIM_BRIDGE: Simulation data initialized for 384 neurons (3D). Synapses: 0. GPU memory: 1.7GB/25.8GB (6.5%)
[2026-06-12 09:43:28][INFO] SIM_BRIDGE: CuPy using GPU: NVIDIA GeForce RTX 3090 (24.0 GB), mempool limit: 80%
[2026-06-12 09:43:28][INFO] SIM_BRIDGE: Initializing simulation data for model: IZHIKEVICH (3D)... (playback_init: False)
[2026-06-12 09:43:28][INFO] SIM_BRIDGE: RNG initialized with seed: 43
[2026-06-12 09:43:28][INFO] SIM_BRIDGE: Initializing Izhikevich model specifics for 256 neurons...
[2026-06-12 09:43:28][INFO] SIM_BRIDGE: Applying parameter heterogeneity to neuron parameters...
[2026-06-12 09:43:28][INFO] SIM_BRIDGE: Applied heterogeneity to 4 parameters.
[2026-06-12 09:43:28][INFO] SIM_BRIDGE: Initializing OU process state (tau=15.0ms, sigma=0.0pA)...
[2026-06-12 09:43:28][INFO] SIM_BRIDGE: Generating 3D neuron positions for 256 neurons...
[2026-06-12 09:43:28][INFO] SIM_BRIDGE: Generating connections (3D)...
[2026-06-12 09:43:28][INFO] SIM_BRIDGE: Simulation data initialized for 256 neurons (3D). Synapses: 0. GPU memory: 1.7GB/25.8GB (6.5%)
[2026-06-12 09:43:28][INFO] SIM_BRIDGE: CuPy using GPU: NVIDIA GeForce RTX 3090 (24.0 GB), mempool limit: 80%
[2026-06-12 09:43:28][INFO] SIM_BRIDGE: Initializing simulation data for model: IZHIKEVICH (3D)... (playback_init: False)
[2026-06-12 09:43:28][INFO] SIM_BRIDGE: RNG initialized with seed: 43
[2026-06-12 09:43:28][INFO] SIM_BRIDGE: Initializing Izhikevich model specifics for 512 neurons...
[2026-06-12 09:43:28][INFO] SIM_BRIDGE: Applying parameter heterogeneity to neuron parameters...
[2026-06-12 09:43:28][INFO] SIM_BRIDGE: Applied heterogeneity to 4 parameters.
[2026-06-12 09:43:28][INFO] SIM_BRIDGE: Initializing OU process state (tau=15.0ms, sigma=0.0pA)...
[2026-06-12 09:43:28][INFO] SIM_BRIDGE: Generating 3D neuron positions for 512 neurons...
[2026-06-12 09:43:28][INFO] SIM_BRIDGE: Generating connections (3D)...
[2026-06-12 09:43:28][INFO] SIM_BRIDGE: Simulation data initialized for 512 neurons (3D). Synapses: 0. GPU memory: 1.7GB/25.8GB (6.5%)
[2026-06-12 09:44:03][INFO] SIM_BRIDGE: CuPy using GPU: NVIDIA GeForce RTX 3090 (24.0 GB), mempool limit: 80%
[2026-06-12 09:44:03][INFO] SIM_BRIDGE: Initializing simulation data for model: IZHIKEVICH (3D)... (playback_init: False)
[2026-06-12 09:44:03][INFO] SIM_BRIDGE: RNG initialized with seed: 43
[2026-06-12 09:44:03][INFO] SIM_BRIDGE: Initializing Izhikevich model specifics for 384 neurons...
[2026-06-12 09:44:03][INFO] SIM_BRIDGE: Applying parameter heterogeneity to neuron parameters...
[2026-06-12 09:44:03][INFO] SIM_BRIDGE: Applied heterogeneity to 4 parameters.
[2026-06-12 09:44:03][INFO] SIM_BRIDGE: Initializing OU process state (tau=15.0ms, sigma=0.0pA)...
[2026-06-12 09:44:03][INFO] SIM_BRIDGE: Generating 3D neuron positions for 384 neurons...
[2026-06-12 09:44:03][INFO] SIM_BRIDGE: Generating connections (3D)...
[2026-06-12 09:44:03][INFO] SIM_BRIDGE: Simulation data initialized for 384 neurons (3D). Synapses: 0. GPU memory: 1.7GB/25.8GB (6.5%)
[2026-06-12 09:47:24][INFO] SIM_BRIDGE: CuPy using GPU: NVIDIA GeForce RTX 3090 (24.0 GB), mempool limit: 80%
[2026-06-12 09:47:24][INFO] SIM_BRIDGE: Initializing simulation data for model: IZHIKEVICH (3D)... (playback_init: False)
[2026-06-12 09:47:24][INFO] SIM_BRIDGE: RNG initialized with seed: 43
[2026-06-12 09:47:24][INFO] SIM_BRIDGE: Initializing Izhikevich model specifics for 256 neurons...
[2026-06-12 09:47:24][INFO] SIM_BRIDGE: Applying parameter heterogeneity to neuron parameters...
[2026-06-12 09:47:24][INFO] SIM_BRIDGE: Applied heterogeneity to 4 parameters.
[2026-06-12 09:47:24][INFO] SIM_BRIDGE: Initializing OU process state (tau=15.0ms, sigma=0.0pA)...
[2026-06-12 09:47:24][INFO] SIM_BRIDGE: Generating 3D neuron positions for 256 neurons...
[2026-06-12 09:47:24][INFO] SIM_BRIDGE: Generating connections (3D)...
[2026-06-12 09:47:24][INFO] SIM_BRIDGE: Simulation data initialized for 256 neurons (3D). Synapses: 0. GPU memory: 1.7GB/25.8GB (6.5%)
[2026-06-12 09:47:24][INFO] SIM_BRIDGE: CuPy using GPU: NVIDIA GeForce RTX 3090 (24.0 GB), mempool limit: 80%
[2026-06-12 09:47:24][INFO] SIM_BRIDGE: Initializing simulation data for model: IZHIKEVICH (3D)... (playback_init: False)
[2026-06-12 09:47:24][INFO] SIM_BRIDGE: RNG initialized with seed: 43
[2026-06-12 09:47:24][INFO] SIM_BRIDGE: Initializing Izhikevich model specifics for 512 neurons...
[2026-06-12 09:47:24][INFO] SIM_BRIDGE: Applying parameter heterogeneity to neuron parameters...
[2026-06-12 09:47:24][INFO] SIM_BRIDGE: Applied heterogeneity to 4 parameters.
[2026-06-12 09:47:24][INFO] SIM_BRIDGE: Initializing OU process state (tau=15.0ms, sigma=0.0pA)...
[2026-06-12 09:47:24][INFO] SIM_BRIDGE: Generating 3D neuron positions for 512 neurons...
[2026-06-12 09:47:24][INFO] SIM_BRIDGE: Generating connections (3D)...
[2026-06-12 09:47:24][INFO] SIM_BRIDGE: Simulation data initialized for 512 neurons (3D). Synapses: 0. GPU memory: 1.7GB/25.8GB (6.5%)
[2026-06-12 09:47:59][INFO] SIM_BRIDGE: CuPy using GPU: NVIDIA GeForce RTX 3090 (24.0 GB), mempool limit: 80%
[2026-06-12 09:47:59][INFO] SIM_BRIDGE: Initializing simulation data for model: IZHIKEVICH (3D)... (playback_init: False)
[2026-06-12 09:47:59][INFO] SIM_BRIDGE: RNG initialized with seed: 43
[2026-06-12 09:47:59][INFO] SIM_BRIDGE: Initializing Izhikevich model specifics for 384 neurons...
[2026-06-12 09:47:59][INFO] SIM_BRIDGE: Applying parameter heterogeneity to neuron parameters...
[2026-06-12 09:47:59][INFO] SIM_BRIDGE: Applied heterogeneity to 4 parameters.
[2026-06-12 09:47:59][INFO] SIM_BRIDGE: Initializing OU process state (tau=15.0ms, sigma=0.0pA)...
[2026-06-12 09:47:59][INFO] SIM_BRIDGE: Generating 3D neuron positions for 384 neurons...
[2026-06-12 09:47:59][INFO] SIM_BRIDGE: Generating connections (3D)...
[2026-06-12 09:47:59][INFO] SIM_BRIDGE: Simulation data initialized for 384 neurons (3D). Synapses: 0. GPU memory: 1.7GB/25.8GB (6.5%)
[2026-06-12 09:51:13][INFO] SIM_BRIDGE: CuPy using GPU: NVIDIA GeForce RTX 3090 (24.0 GB), mempool limit: 80%
[2026-06-12 09:51:13][INFO] SIM_BRIDGE: Initializing simulation data for model: IZHIKEVICH (3D)... (playback_init: False)
[2026-06-12 09:51:13][INFO] SIM_BRIDGE: RNG initialized with seed: 43
[2026-06-12 09:51:13][INFO] SIM_BRIDGE: Initializing Izhikevich model specifics for 256 neurons...
[2026-06-12 09:51:13][INFO] SIM_BRIDGE: Applying parameter heterogeneity to neuron parameters...
[2026-06-12 09:51:13][INFO] SIM_BRIDGE: Applied heterogeneity to 4 parameters.
[2026-06-12 09:51:13][INFO] SIM_BRIDGE: Initializing OU process state (tau=15.0ms, sigma=0.0pA)...
[2026-06-12 09:51:13][INFO] SIM_BRIDGE: Generating 3D neuron positions for 256 neurons...
[2026-06-12 09:51:13][INFO] SIM_BRIDGE: Generating connections (3D)...
[2026-06-12 09:51:13][INFO] SIM_BRIDGE: Simulation data initialized for 256 neurons (3D). Synapses: 0. GPU memory: 1.7GB/25.8GB (6.5%)
[2026-06-12 09:51:14][INFO] SIM_BRIDGE: CuPy using GPU: NVIDIA GeForce RTX 3090 (24.0 GB), mempool limit: 80%
[2026-06-12 09:51:14][INFO] SIM_BRIDGE: Initializing simulation data for model: IZHIKEVICH (3D)... (playback_init: False)
[2026-06-12 09:51:14][INFO] SIM_BRIDGE: RNG initialized with seed: 43
[2026-06-12 09:51:14][INFO] SIM_BRIDGE: Initializing Izhikevich model specifics for 512 neurons...
[2026-06-12 09:51:14][INFO] SIM_BRIDGE: Applying parameter heterogeneity to neuron parameters...
[2026-06-12 09:51:14][INFO] SIM_BRIDGE: Applied heterogeneity to 4 parameters.
[2026-06-12 09:51:14][INFO] SIM_BRIDGE: Initializing OU process state (tau=15.0ms, sigma=0.0pA)...
[2026-06-12 09:51:14][INFO] SIM_BRIDGE: Generating 3D neuron positions for 512 neurons...
[2026-06-12 09:51:14][INFO] SIM_BRIDGE: Generating connections (3D)...
[2026-06-12 09:51:14][INFO] SIM_BRIDGE: Simulation data initialized for 512 neurons (3D). Synapses: 0. GPU memory: 1.7GB/25.8GB (6.5%)
[2026-06-12 09:51:47][INFO] SIM_BRIDGE: CuPy using GPU: NVIDIA GeForce RTX 3090 (24.0 GB), mempool limit: 80%
[2026-06-12 09:51:47][INFO] SIM_BRIDGE: Initializing simulation data for model: IZHIKEVICH (3D)... (playback_init: False)
[2026-06-12 09:51:47][INFO] SIM_BRIDGE: RNG initialized with seed: 43
[2026-06-12 09:51:47][INFO] SIM_BRIDGE: Initializing Izhikevich model specifics for 384 neurons...
[2026-06-12 09:51:47][INFO] SIM_BRIDGE: Applying parameter heterogeneity to neuron parameters...
[2026-06-12 09:51:47][INFO] SIM_BRIDGE: Applied heterogeneity to 4 parameters.
[2026-06-12 09:51:47][INFO] SIM_BRIDGE: Initializing OU process state (tau=15.0ms, sigma=0.0pA)...
[2026-06-12 09:51:47][INFO] SIM_BRIDGE: Generating 3D neuron positions for 384 neurons...
[2026-06-12 09:51:47][INFO] SIM_BRIDGE: Generating connections (3D)...
[2026-06-12 09:51:47][INFO] SIM_BRIDGE: Simulation data initialized for 384 neurons (3D). Synapses: 0. GPU memory: 1.7GB/25.8GB (6.5%)
[2026-06-12 09:55:07][INFO] SIM_BRIDGE: CuPy using GPU: NVIDIA GeForce RTX 3090 (24.0 GB), mempool limit: 80%
[2026-06-12 09:55:07][INFO] SIM_BRIDGE: Initializing simulation data for model: IZHIKEVICH (3D)... (playback_init: False)
[2026-06-12 09:55:07][INFO] SIM_BRIDGE: RNG initialized with seed: 43
[2026-06-12 09:55:07][INFO] SIM_BRIDGE: Initializing Izhikevich model specifics for 256 neurons...
[2026-06-12 09:55:07][INFO] SIM_BRIDGE: Applying parameter heterogeneity to neuron parameters...
[2026-06-12 09:55:07][INFO] SIM_BRIDGE: Applied heterogeneity to 4 parameters.
[2026-06-12 09:55:07][INFO] SIM_BRIDGE: Initializing OU process state (tau=15.0ms, sigma=0.0pA)...
[2026-06-12 09:55:07][INFO] SIM_BRIDGE: Generating 3D neuron positions for 256 neurons...
[2026-06-12 09:55:07][INFO] SIM_BRIDGE: Generating connections (3D)...
[2026-06-12 09:55:07][INFO] SIM_BRIDGE: Simulation data initialized for 256 neurons (3D). Synapses: 0. GPU memory: 1.7GB/25.8GB (6.5%)
[2026-06-12 09:55:07][INFO] SIM_BRIDGE: CuPy using GPU: NVIDIA GeForce RTX 3090 (24.0 GB), mempool limit: 80%
[2026-06-12 09:55:07][INFO] SIM_BRIDGE: Initializing simulation data for model: IZHIKEVICH (3D)... (playback_init: False)
[2026-06-12 09:55:07][INFO] SIM_BRIDGE: RNG initialized with seed: 43
[2026-06-12 09:55:07][INFO] SIM_BRIDGE: Initializing Izhikevich model specifics for 512 neurons...
[2026-06-12 09:55:07][INFO] SIM_BRIDGE: Applying parameter heterogeneity to neuron parameters...
[2026-06-12 09:55:07][INFO] SIM_BRIDGE: Applied heterogeneity to 4 parameters.
[2026-06-12 09:55:07][INFO] SIM_BRIDGE: Initializing OU process state (tau=15.0ms, sigma=0.0pA)...
[2026-06-12 09:55:07][INFO] SIM_BRIDGE: Generating 3D neuron positions for 512 neurons...
[2026-06-12 09:55:07][INFO] SIM_BRIDGE: Generating connections (3D)...
[2026-06-12 09:55:07][INFO] SIM_BRIDGE: Simulation data initialized for 512 neurons (3D). Synapses: 0. GPU memory: 1.7GB/25.8GB (6.5%)
[2026-06-12 09:55:43][INFO] SIM_BRIDGE: CuPy using GPU: NVIDIA GeForce RTX 3090 (24.0 GB), mempool limit: 80%
[2026-06-12 09:55:43][INFO] SIM_BRIDGE: Initializing simulation data for model: IZHIKEVICH (3D)... (playback_init: False)
[2026-06-12 09:55:43][INFO] SIM_BRIDGE: RNG initialized with seed: 43
[2026-06-12 09:55:43][INFO] SIM_BRIDGE: Initializing Izhikevich model specifics for 384 neurons...
[2026-06-12 09:55:43][INFO] SIM_BRIDGE: Applying parameter heterogeneity to neuron parameters...
[2026-06-12 09:55:43][INFO] SIM_BRIDGE: Applied heterogeneity to 4 parameters.
[2026-06-12 09:55:43][INFO] SIM_BRIDGE: Initializing OU process state (tau=15.0ms, sigma=0.0pA)...
[2026-06-12 09:55:43][INFO] SIM_BRIDGE: Generating 3D neuron positions for 384 neurons...
[2026-06-12 09:55:43][INFO] SIM_BRIDGE: Generating connections (3D)...
[2026-06-12 09:55:43][INFO] SIM_BRIDGE: Simulation data initialized for 384 neurons (3D). Synapses: 0. GPU memory: 1.7GB/25.8GB (6.5%)
[2026-06-12 09:59:04][INFO] SIM_BRIDGE: CuPy using GPU: NVIDIA GeForce RTX 3090 (24.0 GB), mempool limit: 80%
[2026-06-12 09:59:04][INFO] SIM_BRIDGE: Initializing simulation data for model: IZHIKEVICH (3D)... (playback_init: False)
[2026-06-12 09:59:04][INFO] SIM_BRIDGE: RNG initialized with seed: 43
[2026-06-12 09:59:04][INFO] SIM_BRIDGE: Initializing Izhikevich model specifics for 256 neurons...
[2026-06-12 09:59:04][INFO] SIM_BRIDGE: Applying parameter heterogeneity to neuron parameters...
[2026-06-12 09:59:04][INFO] SIM_BRIDGE: Applied heterogeneity to 4 parameters.
[2026-06-12 09:59:04][INFO] SIM_BRIDGE: Initializing OU process state (tau=15.0ms, sigma=0.0pA)...
[2026-06-12 09:59:04][INFO] SIM_BRIDGE: Generating 3D neuron positions for 256 neurons...
[2026-06-12 09:59:04][INFO] SIM_BRIDGE: Generating connections (3D)...
[2026-06-12 09:59:04][INFO] SIM_BRIDGE: Simulation data initialized for 256 neurons (3D). Synapses: 0. GPU memory: 1.7GB/25.8GB (6.5%)
[2026-06-12 09:59:05][INFO] SIM_BRIDGE: CuPy using GPU: NVIDIA GeForce RTX 3090 (24.0 GB), mempool limit: 80%
[2026-06-12 09:59:05][INFO] SIM_BRIDGE: Initializing simulation data for model: IZHIKEVICH (3D)... (playback_init: False)
[2026-06-12 09:59:05][INFO] SIM_BRIDGE: RNG initialized with seed: 43
[2026-06-12 09:59:05][INFO] SIM_BRIDGE: Initializing Izhikevich model specifics for 512 neurons...
[2026-06-12 09:59:05][INFO] SIM_BRIDGE: Applying parameter heterogeneity to neuron parameters...
[2026-06-12 09:59:05][INFO] SIM_BRIDGE: Applied heterogeneity to 4 parameters.
[2026-06-12 09:59:05][INFO] SIM_BRIDGE: Initializing OU process state (tau=15.0ms, sigma=0.0pA)...
[2026-06-12 09:59:05][INFO] SIM_BRIDGE: Generating 3D neuron positions for 512 neurons...
[2026-06-12 09:59:05][INFO] SIM_BRIDGE: Generating connections (3D)...
[2026-06-12 09:59:05][INFO] SIM_BRIDGE: Simulation data initialized for 512 neurons (3D). Synapses: 0. GPU memory: 1.7GB/25.8GB (6.5%)
[2026-06-12 09:59:42][INFO] SIM_BRIDGE: CuPy using GPU: NVIDIA GeForce RTX 3090 (24.0 GB), mempool limit: 80%
[2026-06-12 09:59:42][INFO] SIM_BRIDGE: Initializing simulation data for model: IZHIKEVICH (3D)... (playback_init: False)
[2026-06-12 09:59:42][INFO] SIM_BRIDGE: RNG initialized with seed: 43
[2026-06-12 09:59:42][INFO] SIM_BRIDGE: Initializing Izhikevich model specifics for 384 neurons...
[2026-06-12 09:59:42][INFO] SIM_BRIDGE: Applying parameter heterogeneity to neuron parameters...
[2026-06-12 09:59:42][INFO] SIM_BRIDGE: Applied heterogeneity to 4 parameters.
[2026-06-12 09:59:42][INFO] SIM_BRIDGE: Initializing OU process state (tau=15.0ms, sigma=0.0pA)...
[2026-06-12 09:59:42][INFO] SIM_BRIDGE: Generating 3D neuron positions for 384 neurons...
[2026-06-12 09:59:42][INFO] SIM_BRIDGE: Generating connections (3D)...
[2026-06-12 09:59:42][INFO] SIM_BRIDGE: Simulation data initialized for 384 neurons (3D). Synapses: 0. GPU memory: 1.7GB/25.8GB (6.5%)
[2026-06-12 10:02:58][INFO] SIM_BRIDGE: CuPy using GPU: NVIDIA GeForce RTX 3090 (24.0 GB), mempool limit: 80%
[2026-06-12 10:02:58][INFO] SIM_BRIDGE: Initializing simulation data for model: IZHIKEVICH (3D)... (playback_init: False)
[2026-06-12 10:02:58][INFO] SIM_BRIDGE: RNG initialized with seed: 43
[2026-06-12 10:02:58][INFO] SIM_BRIDGE: Initializing Izhikevich model specifics for 256 neurons...
[2026-06-12 10:02:58][INFO] SIM_BRIDGE: Applying parameter heterogeneity to neuron parameters...
[2026-06-12 10:02:58][INFO] SIM_BRIDGE: Applied heterogeneity to 4 parameters.
[2026-06-12 10:02:58][INFO] SIM_BRIDGE: Initializing OU process state (tau=15.0ms, sigma=0.0pA)...
[2026-06-12 10:02:58][INFO] SIM_BRIDGE: Generating 3D neuron positions for 256 neurons...
[2026-06-12 10:02:58][INFO] SIM_BRIDGE: Generating connections (3D)...
[2026-06-12 10:02:58][INFO] SIM_BRIDGE: Simulation data initialized for 256 neurons (3D). Synapses: 0. GPU memory: 1.7GB/25.8GB (6.5%)
[2026-06-12 10:02:59][INFO] SIM_BRIDGE: CuPy using GPU: NVIDIA GeForce RTX 3090 (24.0 GB), mempool limit: 80%
[2026-06-12 10:02:59][INFO] SIM_BRIDGE: Initializing simulation data for model: IZHIKEVICH (3D)... (playback_init: False)
[2026-06-12 10:02:59][INFO] SIM_BRIDGE: RNG initialized with seed: 43
[2026-06-12 10:02:59][INFO] SIM_BRIDGE: Initializing Izhikevich model specifics for 512 neurons...
[2026-06-12 10:02:59][INFO] SIM_BRIDGE: Applying parameter heterogeneity to neuron parameters...
[2026-06-12 10:02:59][INFO] SIM_BRIDGE: Applied heterogeneity to 4 parameters.
[2026-06-12 10:02:59][INFO] SIM_BRIDGE: Initializing OU process state (tau=15.0ms, sigma=0.0pA)...
[2026-06-12 10:02:59][INFO] SIM_BRIDGE: Generating 3D neuron positions for 512 neurons...
[2026-06-12 10:02:59][INFO] SIM_BRIDGE: Generating connections (3D)...
[2026-06-12 10:02:59][INFO] SIM_BRIDGE: Simulation data initialized for 512 neurons (3D). Synapses: 0. GPU memory: 1.7GB/25.8GB (6.5%)
[2026-06-12 10:03:33][INFO] SIM_BRIDGE: CuPy using GPU: NVIDIA GeForce RTX 3090 (24.0 GB), mempool limit: 80%
[2026-06-12 10:03:33][INFO] SIM_BRIDGE: Initializing simulation data for model: IZHIKEVICH (3D)... (playback_init: False)
[2026-06-12 10:03:33][INFO] SIM_BRIDGE: RNG initialized with seed: 43
[2026-06-12 10:03:33][INFO] SIM_BRIDGE: Initializing Izhikevich model specifics for 384 neurons...
[2026-06-12 10:03:33][INFO] SIM_BRIDGE: Applying parameter heterogeneity to neuron parameters...
[2026-06-12 10:03:33][INFO] SIM_BRIDGE: Applied heterogeneity to 4 parameters.
[2026-06-12 10:03:33][INFO] SIM_BRIDGE: Initializing OU process state (tau=15.0ms, sigma=0.0pA)...
[2026-06-12 10:03:33][INFO] SIM_BRIDGE: Generating 3D neuron positions for 384 neurons...
[2026-06-12 10:03:33][INFO] SIM_BRIDGE: Generating connections (3D)...
[2026-06-12 10:03:33][INFO] SIM_BRIDGE: Simulation data initialized for 384 neurons (3D). Synapses: 0. GPU memory: 1.7GB/25.8GB (6.5%)
[2026-06-12 10:06:48][INFO] SIM_BRIDGE: CuPy using GPU: NVIDIA GeForce RTX 3090 (24.0 GB), mempool limit: 80%
[2026-06-12 10:06:48][INFO] SIM_BRIDGE: Initializing simulation data for model: IZHIKEVICH (3D)... (playback_init: False)
[2026-06-12 10:06:48][INFO] SIM_BRIDGE: RNG initialized with seed: 43
[2026-06-12 10:06:48][INFO] SIM_BRIDGE: Initializing Izhikevich model specifics for 256 neurons...
[2026-06-12 10:06:48][INFO] SIM_BRIDGE: Applying parameter heterogeneity to neuron parameters...
[2026-06-12 10:06:48][INFO] SIM_BRIDGE: Applied heterogeneity to 4 parameters.
[2026-06-12 10:06:48][INFO] SIM_BRIDGE: Initializing OU process state (tau=15.0ms, sigma=0.0pA)...
[2026-06-12 10:06:48][INFO] SIM_BRIDGE: Generating 3D neuron positions for 256 neurons...
[2026-06-12 10:06:48][INFO] SIM_BRIDGE: Generating connections (3D)...
[2026-06-12 10:06:48][INFO] SIM_BRIDGE: Simulation data initialized for 256 neurons (3D). Synapses: 0. GPU memory: 1.7GB/25.8GB (6.5%)
[2026-06-12 10:06:49][INFO] SIM_BRIDGE: CuPy using GPU: NVIDIA GeForce RTX 3090 (24.0 GB), mempool limit: 80%
[2026-06-12 10:06:49][INFO] SIM_BRIDGE: Initializing simulation data for model: IZHIKEVICH (3D)... (playback_init: False)
[2026-06-12 10:06:49][INFO] SIM_BRIDGE: RNG initialized with seed: 43
[2026-06-12 10:06:49][INFO] SIM_BRIDGE: Initializing Izhikevich model specifics for 512 neurons...
[2026-06-12 10:06:49][INFO] SIM_BRIDGE: Applying parameter heterogeneity to neuron parameters...
[2026-06-12 10:06:49][INFO] SIM_BRIDGE: Applied heterogeneity to 4 parameters.
[2026-06-12 10:06:49][INFO] SIM_BRIDGE: Initializing OU process state (tau=15.0ms, sigma=0.0pA)...
[2026-06-12 10:06:49][INFO] SIM_BRIDGE: Generating 3D neuron positions for 512 neurons...
[2026-06-12 10:06:49][INFO] SIM_BRIDGE: Generating connections (3D)...
[2026-06-12 10:06:49][INFO] SIM_BRIDGE: Simulation data initialized for 512 neurons (3D). Synapses: 0. GPU memory: 1.7GB/25.8GB (6.5%)
[2026-06-12 10:07:24][INFO] SIM_BRIDGE: CuPy using GPU: NVIDIA GeForce RTX 3090 (24.0 GB), mempool limit: 80%
[2026-06-12 10:07:24][INFO] SIM_BRIDGE: Initializing simulation data for model: IZHIKEVICH (3D)... (playback_init: False)
[2026-06-12 10:07:24][INFO] SIM_BRIDGE: RNG initialized with seed: 43
[2026-06-12 10:07:24][INFO] SIM_BRIDGE: Initializing Izhikevich model specifics for 384 neurons...
[2026-06-12 10:07:24][INFO] SIM_BRIDGE: Applying parameter heterogeneity to neuron parameters...
[2026-06-12 10:07:24][INFO] SIM_BRIDGE: Applied heterogeneity to 4 parameters.
[2026-06-12 10:07:24][INFO] SIM_BRIDGE: Initializing OU process state (tau=15.0ms, sigma=0.0pA)...
[2026-06-12 10:07:24][INFO] SIM_BRIDGE: Generating 3D neuron positions for 384 neurons...
[2026-06-12 10:07:24][INFO] SIM_BRIDGE: Generating connections (3D)...
[2026-06-12 10:07:24][INFO] SIM_BRIDGE: Simulation data initialized for 384 neurons (3D). Synapses: 0. GPU memory: 1.7GB/25.8GB (6.5%)
[2026-06-12 10:10:47][INFO] SIM_BRIDGE: CuPy using GPU: NVIDIA GeForce RTX 3090 (24.0 GB), mempool limit: 80%
[2026-06-12 10:10:47][INFO] SIM_BRIDGE: Initializing simulation data for model: IZHIKEVICH (3D)... (playback_init: False)
[2026-06-12 10:10:47][INFO] SIM_BRIDGE: RNG initialized with seed: 43
[2026-06-12 10:10:47][INFO] SIM_BRIDGE: Initializing Izhikevich model specifics for 256 neurons...
[2026-06-12 10:10:47][INFO] SIM_BRIDGE: Applying parameter heterogeneity to neuron parameters...
[2026-06-12 10:10:47][INFO] SIM_BRIDGE: Applied heterogeneity to 4 parameters.
[2026-06-12 10:10:47][INFO] SIM_BRIDGE: Initializing OU process state (tau=15.0ms, sigma=0.0pA)...
[2026-06-12 10:10:47][INFO] SIM_BRIDGE: Generating 3D neuron positions for 256 neurons...
[2026-06-12 10:10:47][INFO] SIM_BRIDGE: Generating connections (3D)...
[2026-06-12 10:10:47][INFO] SIM_BRIDGE: Simulation data initialized for 256 neurons (3D). Synapses: 0. GPU memory: 1.7GB/25.8GB (6.5%)
[2026-06-12 10:10:47][INFO] SIM_BRIDGE: CuPy using GPU: NVIDIA GeForce RTX 3090 (24.0 GB), mempool limit: 80%
[2026-06-12 10:10:47][INFO] SIM_BRIDGE: Initializing simulation data for model: IZHIKEVICH (3D)... (playback_init: False)
[2026-06-12 10:10:47][INFO] SIM_BRIDGE: RNG initialized with seed: 43
[2026-06-12 10:10:47][INFO] SIM_BRIDGE: Initializing Izhikevich model specifics for 512 neurons...
[2026-06-12 10:10:47][INFO] SIM_BRIDGE: Applying parameter heterogeneity to neuron parameters...
[2026-06-12 10:10:47][INFO] SIM_BRIDGE: Applied heterogeneity to 4 parameters.
[2026-06-12 10:10:47][INFO] SIM_BRIDGE: Initializing OU process state (tau=15.0ms, sigma=0.0pA)...
[2026-06-12 10:10:47][INFO] SIM_BRIDGE: Generating 3D neuron positions for 512 neurons...
[2026-06-12 10:10:47][INFO] SIM_BRIDGE: Generating connections (3D)...
[2026-06-12 10:10:47][INFO] SIM_BRIDGE: Simulation data initialized for 512 neurons (3D). Synapses: 0. GPU memory: 1.7GB/25.8GB (6.5%)
[2026-06-12 10:11:07][INFO] SIM_BRIDGE: CuPy using GPU: NVIDIA GeForce RTX 3090 (24.0 GB), mempool limit: 80%
[2026-06-12 10:11:07][INFO] SIM_BRIDGE: Initializing simulation data for model: IZHIKEVICH (3D)... (playback_init: False)
[2026-06-12 10:11:07][INFO] SIM_BRIDGE: RNG initialized with seed: 43
[2026-06-12 10:11:07][INFO] SIM_BRIDGE: Initializing Izhikevich model specifics for 384 neurons...
[2026-06-12 10:11:07][INFO] SIM_BRIDGE: Applying parameter heterogeneity to neuron parameters...
[2026-06-12 10:11:07][INFO] SIM_BRIDGE: Applied heterogeneity to 4 parameters.
[2026-06-12 10:11:07][INFO] SIM_BRIDGE: Initializing OU process state (tau=15.0ms, sigma=0.0pA)...
[2026-06-12 10:11:07][INFO] SIM_BRIDGE: Generating 3D neuron positions for 384 neurons...
[2026-06-12 10:11:07][INFO] SIM_BRIDGE: Generating connections (3D)...
[2026-06-12 10:11:07][INFO] SIM_BRIDGE: Simulation data initialized for 384 neurons (3D). Synapses: 0. GPU memory: 1.7GB/25.8GB (6.5%)
    B1 generalization acc=1.000 (chance=0.250, 4.0x)
    B1-conv (fallback through what_does) acc=1.000
    B2 moat on genuine absence: floor_n=64 false_accepts=0 abstains_all=True

  ----------------------------------------------------------------------------------------
  ANTI-CHEATS C1-C4
  ----------------------------------------------------------------------------------------
    C1 permuted-similarity: B1=0.344 collapses=True
[2026-06-12 10:17:28][INFO] SIM_BRIDGE: CuPy using GPU: NVIDIA GeForce RTX 3090 (24.0 GB), mempool limit: 80%
[2026-06-12 10:17:28][INFO] SIM_BRIDGE: Initializing simulation data for model: IZHIKEVICH (3D)... (playback_init: False)
[2026-06-12 10:17:28][INFO] SIM_BRIDGE: RNG initialized with seed: 43
[2026-06-12 10:17:28][INFO] SIM_BRIDGE: Initializing Izhikevich model specifics for 256 neurons...
[2026-06-12 10:17:28][INFO] SIM_BRIDGE: Applying parameter heterogeneity to neuron parameters...
[2026-06-12 10:17:28][INFO] SIM_BRIDGE: Applied heterogeneity to 4 parameters.
[2026-06-12 10:17:28][INFO] SIM_BRIDGE: Initializing OU process state (tau=15.0ms, sigma=0.0pA)...
[2026-06-12 10:17:28][INFO] SIM_BRIDGE: Generating 3D neuron positions for 256 neurons...
[2026-06-12 10:17:28][INFO] SIM_BRIDGE: Generating connections (3D)...
[2026-06-12 10:17:28][INFO] SIM_BRIDGE: Simulation data initialized for 256 neurons (3D). Synapses: 0. GPU memory: 1.7GB/25.8GB (6.5%)
[2026-06-12 10:17:28][INFO] SIM_BRIDGE: CuPy using GPU: NVIDIA GeForce RTX 3090 (24.0 GB), mempool limit: 80%
[2026-06-12 10:17:28][INFO] SIM_BRIDGE: Initializing simulation data for model: IZHIKEVICH (3D)... (playback_init: False)
[2026-06-12 10:17:28][INFO] SIM_BRIDGE: RNG initialized with seed: 43
[2026-06-12 10:17:28][INFO] SIM_BRIDGE: Initializing Izhikevich model specifics for 512 neurons...
[2026-06-12 10:17:28][INFO] SIM_BRIDGE: Applying parameter heterogeneity to neuron parameters...
[2026-06-12 10:17:28][INFO] SIM_BRIDGE: Applied heterogeneity to 4 parameters.
[2026-06-12 10:17:28][INFO] SIM_BRIDGE: Initializing OU process state (tau=15.0ms, sigma=0.0pA)...
[2026-06-12 10:17:28][INFO] SIM_BRIDGE: Generating 3D neuron positions for 512 neurons...
[2026-06-12 10:17:28][INFO] SIM_BRIDGE: Generating connections (3D)...
[2026-06-12 10:17:28][INFO] SIM_BRIDGE: Simulation data initialized for 512 neurons (3D). Synapses: 0. GPU memory: 1.7GB/25.8GB (6.5%)
[2026-06-12 10:17:30][INFO] SIM_BRIDGE: CuPy using GPU: NVIDIA GeForce RTX 3090 (24.0 GB), mempool limit: 80%
[2026-06-12 10:17:30][INFO] SIM_BRIDGE: Initializing simulation data for model: IZHIKEVICH (3D)... (playback_init: False)
[2026-06-12 10:17:30][INFO] SIM_BRIDGE: RNG initialized with seed: 43
[2026-06-12 10:17:30][INFO] SIM_BRIDGE: Initializing Izhikevich model specifics for 256 neurons...
[2026-06-12 10:17:30][INFO] SIM_BRIDGE: Applying parameter heterogeneity to neuron parameters...
[2026-06-12 10:17:30][INFO] SIM_BRIDGE: Applied heterogeneity to 4 parameters.
[2026-06-12 10:17:30][INFO] SIM_BRIDGE: Initializing OU process state (tau=15.0ms, sigma=0.0pA)...
[2026-06-12 10:17:30][INFO] SIM_BRIDGE: Generating 3D neuron positions for 256 neurons...
[2026-06-12 10:17:30][INFO] SIM_BRIDGE: Generating connections (3D)...
[2026-06-12 10:17:30][INFO] SIM_BRIDGE: Simulation data initialized for 256 neurons (3D). Synapses: 0. GPU memory: 1.7GB/25.8GB (6.5%)
[2026-06-12 10:17:31][INFO] SIM_BRIDGE: CuPy using GPU: NVIDIA GeForce RTX 3090 (24.0 GB), mempool limit: 80%
[2026-06-12 10:17:31][INFO] SIM_BRIDGE: Initializing simulation data for model: IZHIKEVICH (3D)... (playback_init: False)
[2026-06-12 10:17:31][INFO] SIM_BRIDGE: RNG initialized with seed: 43
[2026-06-12 10:17:31][INFO] SIM_BRIDGE: Initializing Izhikevich model specifics for 640 neurons...
[2026-06-12 10:17:31][INFO] SIM_BRIDGE: Applying parameter heterogeneity to neuron parameters...
[2026-06-12 10:17:31][INFO] SIM_BRIDGE: Applied heterogeneity to 4 parameters.
[2026-06-12 10:17:31][INFO] SIM_BRIDGE: Initializing OU process state (tau=15.0ms, sigma=0.0pA)...
[2026-06-12 10:17:31][INFO] SIM_BRIDGE: Generating 3D neuron positions for 640 neurons...
[2026-06-12 10:17:31][INFO] SIM_BRIDGE: Generating connections (3D)...
[2026-06-12 10:17:31][INFO] SIM_BRIDGE: Simulation data initialized for 640 neurons (3D). Synapses: 0. GPU memory: 1.7GB/25.8GB (6.5%)
[2026-06-12 10:17:33][INFO] SIM_BRIDGE: CuPy using GPU: NVIDIA GeForce RTX 3090 (24.0 GB), mempool limit: 80%
[2026-06-12 10:17:33][INFO] SIM_BRIDGE: Initializing simulation data for model: IZHIKEVICH (3D)... (playback_init: False)
[2026-06-12 10:17:33][INFO] SIM_BRIDGE: RNG initialized with seed: 43
[2026-06-12 10:17:33][INFO] SIM_BRIDGE: Initializing Izhikevich model specifics for 256 neurons...
[2026-06-12 10:17:33][INFO] SIM_BRIDGE: Applying parameter heterogeneity to neuron parameters...
[2026-06-12 10:17:33][INFO] SIM_BRIDGE: Applied heterogeneity to 4 parameters.
[2026-06-12 10:17:33][INFO] SIM_BRIDGE: Initializing OU process state (tau=15.0ms, sigma=0.0pA)...
[2026-06-12 10:17:33][INFO] SIM_BRIDGE: Generating 3D neuron positions for 256 neurons...
[2026-06-12 10:17:33][INFO] SIM_BRIDGE: Generating connections (3D)...
[2026-06-12 10:17:33][INFO] SIM_BRIDGE: Simulation data initialized for 256 neurons (3D). Synapses: 0. GPU memory: 1.7GB/25.8GB (6.5%)
[2026-06-12 10:17:34][INFO] SIM_BRIDGE: CuPy using GPU: NVIDIA GeForce RTX 3090 (24.0 GB), mempool limit: 80%
[2026-06-12 10:17:34][INFO] SIM_BRIDGE: Initializing simulation data for model: IZHIKEVICH (3D)... (playback_init: False)
[2026-06-12 10:17:34][INFO] SIM_BRIDGE: RNG initialized with seed: 43
[2026-06-12 10:17:34][INFO] SIM_BRIDGE: Initializing Izhikevich model specifics for 640 neurons...
[2026-06-12 10:17:34][INFO] SIM_BRIDGE: Applying parameter heterogeneity to neuron parameters...
[2026-06-12 10:17:34][INFO] SIM_BRIDGE: Applied heterogeneity to 4 parameters.
[2026-06-12 10:17:34][INFO] SIM_BRIDGE: Initializing OU process state (tau=15.0ms, sigma=0.0pA)...
[2026-06-12 10:17:34][INFO] SIM_BRIDGE: Generating 3D neuron positions for 640 neurons...
[2026-06-12 10:17:34][INFO] SIM_BRIDGE: Generating connections (3D)...
[2026-06-12 10:17:34][INFO] SIM_BRIDGE: Simulation data initialized for 640 neurons (3D). Synapses: 0. GPU memory: 1.7GB/25.8GB (6.5%)
[2026-06-12 10:17:34][INFO] SIM_BRIDGE: CuPy using GPU: NVIDIA GeForce RTX 3090 (24.0 GB), mempool limit: 80%
[2026-06-12 10:17:34][INFO] SIM_BRIDGE: Initializing simulation data for model: IZHIKEVICH (3D)... (playback_init: False)
[2026-06-12 10:17:34][INFO] SIM_BRIDGE: RNG initialized with seed: 43
[2026-06-12 10:17:34][INFO] SIM_BRIDGE: Initializing Izhikevich model specifics for 256 neurons...
[2026-06-12 10:17:34][INFO] SIM_BRIDGE: Applying parameter heterogeneity to neuron parameters...
[2026-06-12 10:17:34][INFO] SIM_BRIDGE: Applied heterogeneity to 4 parameters.
[2026-06-12 10:17:34][INFO] SIM_BRIDGE: Initializing OU process state (tau=15.0ms, sigma=0.0pA)...
[2026-06-12 10:17:34][INFO] SIM_BRIDGE: Generating 3D neuron positions for 256 neurons...
[2026-06-12 10:17:34][INFO] SIM_BRIDGE: Generating connections (3D)...
[2026-06-12 10:17:34][INFO] SIM_BRIDGE: Simulation data initialized for 256 neurons (3D). Synapses: 0. GPU memory: 1.7GB/25.8GB (6.5%)
[2026-06-12 10:17:35][INFO] SIM_BRIDGE: CuPy using GPU: NVIDIA GeForce RTX 3090 (24.0 GB), mempool limit: 80%
[2026-06-12 10:17:35][INFO] SIM_BRIDGE: Initializing simulation data for model: IZHIKEVICH (3D)... (playback_init: False)
[2026-06-12 10:17:35][INFO] SIM_BRIDGE: RNG initialized with seed: 43
[2026-06-12 10:17:35][INFO] SIM_BRIDGE: Initializing Izhikevich model specifics for 512 neurons...
[2026-06-12 10:17:35][INFO] SIM_BRIDGE: Applying parameter heterogeneity to neuron parameters...
[2026-06-12 10:17:35][INFO] SIM_BRIDGE: Applied heterogeneity to 4 parameters.
[2026-06-12 10:17:35][INFO] SIM_BRIDGE: Initializing OU process state (tau=15.0ms, sigma=0.0pA)...
[2026-06-12 10:17:35][INFO] SIM_BRIDGE: Generating 3D neuron positions for 512 neurons...
[2026-06-12 10:17:35][INFO] SIM_BRIDGE: Generating connections (3D)...
[2026-06-12 10:17:35][INFO] SIM_BRIDGE: Simulation data initialized for 512 neurons (3D). Synapses: 0. GPU memory: 1.7GB/25.8GB (6.5%)
    C2 orthogonal codes: B1=0.256 collapses=True | matrix still passes=True (cells=6, moat=True)
[2026-06-12 10:17:39][INFO] SIM_BRIDGE: CuPy using GPU: NVIDIA GeForce RTX 3090 (24.0 GB), mempool limit: 80%
[2026-06-12 10:17:39][INFO] SIM_BRIDGE: Initializing simulation data for model: IZHIKEVICH (3D)... (playback_init: False)
[2026-06-12 10:17:39][INFO] SIM_BRIDGE: RNG initialized with seed: 43
[2026-06-12 10:17:39][INFO] SIM_BRIDGE: Initializing Izhikevich model specifics for 256 neurons...
[2026-06-12 10:17:39][INFO] SIM_BRIDGE: Applying parameter heterogeneity to neuron parameters...
[2026-06-12 10:17:39][INFO] SIM_BRIDGE: Applied heterogeneity to 4 parameters.
[2026-06-12 10:17:39][INFO] SIM_BRIDGE: Initializing OU process state (tau=15.0ms, sigma=0.0pA)...
[2026-06-12 10:17:39][INFO] SIM_BRIDGE: Generating 3D neuron positions for 256 neurons...
[2026-06-12 10:17:39][INFO] SIM_BRIDGE: Generating connections (3D)...
[2026-06-12 10:17:39][INFO] SIM_BRIDGE: Simulation data initialized for 256 neurons (3D). Synapses: 0. GPU memory: 1.7GB/25.8GB (6.5%)
[2026-06-12 10:17:40][INFO] SIM_BRIDGE: CuPy using GPU: NVIDIA GeForce RTX 3090 (24.0 GB), mempool limit: 80%
[2026-06-12 10:17:40][INFO] SIM_BRIDGE: Initializing simulation data for model: IZHIKEVICH (3D)... (playback_init: False)
[2026-06-12 10:17:40][INFO] SIM_BRIDGE: RNG initialized with seed: 43
[2026-06-12 10:17:40][INFO] SIM_BRIDGE: Initializing Izhikevich model specifics for 512 neurons...
[2026-06-12 10:17:40][INFO] SIM_BRIDGE: Applying parameter heterogeneity to neuron parameters...
[2026-06-12 10:17:40][INFO] SIM_BRIDGE: Applied heterogeneity to 4 parameters.
[2026-06-12 10:17:40][INFO] SIM_BRIDGE: Initializing OU process state (tau=15.0ms, sigma=0.0pA)...
[2026-06-12 10:17:40][INFO] SIM_BRIDGE: Generating 3D neuron positions for 512 neurons...
[2026-06-12 10:17:40][INFO] SIM_BRIDGE: Generating connections (3D)...
[2026-06-12 10:17:40][INFO] SIM_BRIDGE: Simulation data initialized for 512 neurons (3D). Synapses: 0. GPU memory: 1.7GB/25.8GB (6.5%)
[2026-06-12 10:17:57][INFO] SIM_BRIDGE: CuPy using GPU: NVIDIA GeForce RTX 3090 (24.0 GB), mempool limit: 80%
[2026-06-12 10:17:57][INFO] SIM_BRIDGE: Initializing simulation data for model: IZHIKEVICH (3D)... (playback_init: False)
[2026-06-12 10:17:57][INFO] SIM_BRIDGE: RNG initialized with seed: 43
[2026-06-12 10:17:57][INFO] SIM_BRIDGE: Initializing Izhikevich model specifics for 384 neurons...
[2026-06-12 10:17:57][INFO] SIM_BRIDGE: Applying parameter heterogeneity to neuron parameters...
[2026-06-12 10:17:57][INFO] SIM_BRIDGE: Applied heterogeneity to 4 parameters.
[2026-06-12 10:17:57][INFO] SIM_BRIDGE: Initializing OU process state (tau=15.0ms, sigma=0.0pA)...
[2026-06-12 10:17:57][INFO] SIM_BRIDGE: Generating 3D neuron positions for 384 neurons...
[2026-06-12 10:17:57][INFO] SIM_BRIDGE: Generating connections (3D)...
[2026-06-12 10:17:57][INFO] SIM_BRIDGE: Simulation data initialized for 384 neurons (3D). Synapses: 0. GPU memory: 1.7GB/25.8GB (6.5%)
    C3 moat alongside host: agreement=1.000 host-abstain/gate-accept=0 (MUST be 0) floor-false-accepts=0 (MUST be 0) lesion-collapses=True -> moat_intact=True
    C4 random-shard: B1=0.306 collapses=True (n=64)

============================================================================================
  CORTEX<->CONVERSATION CAPABILITY DE-RISK -- SEED 44 -- mode=full cortex=learned
============================================================================================
  [shard animals] 64 concepts (8 sub x 8), 424 within-shard facts
[2026-06-12 10:22:03][INFO] SIM_BRIDGE: CuPy using GPU: NVIDIA GeForce RTX 3090 (24.0 GB), mempool limit: 80%
[2026-06-12 10:22:03][INFO] SIM_BRIDGE: Initializing simulation data for model: IZHIKEVICH (3D)... (playback_init: False)
[2026-06-12 10:22:03][INFO] SIM_BRIDGE: Brain-region framework: 2 regions, 2700 total neurons, 3 pathways.
[2026-06-12 10:22:03][INFO] SIM_BRIDGE: RNG initialized with seed: 44
[2026-06-12 10:22:03][INFO] SIM_BRIDGE: Initializing Izhikevich model specifics for 2700 neurons...
[2026-06-12 10:22:03][INFO] SIM_BRIDGE: Applying parameter heterogeneity to neuron parameters...
[2026-06-12 10:22:03][INFO] SIM_BRIDGE: Applied heterogeneity to 4 parameters.
[2026-06-12 10:22:03][INFO] SIM_BRIDGE: Initializing OU process state (tau=15.0ms, sigma=0.0pA)...
[2026-06-12 10:22:03][INFO] SIM_BRIDGE: Generating 3D neuron positions for 2700 neurons...
[2026-06-12 10:22:03][INFO] SIM_BRIDGE: Generating connections (brain-region framework)...
[2026-06-12 10:22:06][INFO] SIM_BRIDGE: inject_explicit_wiring: installed 3889253 synapses across 3 populations.
[2026-06-12 10:22:06][INFO] SIM_BRIDGE: Simulation data initialized for 2700 neurons (3D). Synapses: 3889253. GPU memory: 1.8GB/25.8GB (7.0%)
  [cortex learned] within-cos=0.887 between-cos=0.365 margin=0.522 graded=True | DG-expansion between-cos=0.173 (binding-clean<0.15) | 113.2s

  ----------------------------------------------------------------------------------------
  GATE A -- conversational matrix on the cortex-induced codes
  ----------------------------------------------------------------------------------------
[2026-06-12 10:23:56][INFO] SIM_BRIDGE: CuPy using GPU: NVIDIA GeForce RTX 3090 (24.0 GB), mempool limit: 80%
[2026-06-12 10:23:56][INFO] SIM_BRIDGE: Initializing simulation data for model: IZHIKEVICH (3D)... (playback_init: False)
[2026-06-12 10:23:56][INFO] SIM_BRIDGE: RNG initialized with seed: 44
[2026-06-12 10:23:56][INFO] SIM_BRIDGE: Initializing Izhikevich model specifics for 256 neurons...
[2026-06-12 10:23:56][INFO] SIM_BRIDGE: Applying parameter heterogeneity to neuron parameters...
[2026-06-12 10:23:56][INFO] SIM_BRIDGE: Applied heterogeneity to 4 parameters.
[2026-06-12 10:23:56][INFO] SIM_BRIDGE: Initializing OU process state (tau=15.0ms, sigma=0.0pA)...
[2026-06-12 10:23:56][INFO] SIM_BRIDGE: Generating 3D neuron positions for 256 neurons...
[2026-06-12 10:23:56][INFO] SIM_BRIDGE: Generating connections (3D)...
[2026-06-12 10:23:56][INFO] SIM_BRIDGE: Simulation data initialized for 256 neurons (3D). Synapses: 0. GPU memory: 1.8GB/25.8GB (7.0%)
[2026-06-12 10:23:56][INFO] SIM_BRIDGE: CuPy using GPU: NVIDIA GeForce RTX 3090 (24.0 GB), mempool limit: 80%
[2026-06-12 10:23:56][INFO] SIM_BRIDGE: Initializing simulation data for model: IZHIKEVICH (3D)... (playback_init: False)
[2026-06-12 10:23:56][INFO] SIM_BRIDGE: RNG initialized with seed: 44
[2026-06-12 10:23:56][INFO] SIM_BRIDGE: Initializing Izhikevich model specifics for 512 neurons...
[2026-06-12 10:23:56][INFO] SIM_BRIDGE: Applying parameter heterogeneity to neuron parameters...
[2026-06-12 10:23:56][INFO] SIM_BRIDGE: Applied heterogeneity to 4 parameters.
[2026-06-12 10:23:56][INFO] SIM_BRIDGE: Initializing OU process state (tau=15.0ms, sigma=0.0pA)...
[2026-06-12 10:23:56][INFO] SIM_BRIDGE: Generating 3D neuron positions for 512 neurons...
[2026-06-12 10:23:56][INFO] SIM_BRIDGE: Generating connections (3D)...
[2026-06-12 10:23:56][INFO] SIM_BRIDGE: Simulation data initialized for 512 neurons (3D). Synapses: 0. GPU memory: 1.8GB/25.8GB (7.0%)
[2026-06-12 10:23:58][INFO] SIM_BRIDGE: CuPy using GPU: NVIDIA GeForce RTX 3090 (24.0 GB), mempool limit: 80%
[2026-06-12 10:23:58][INFO] SIM_BRIDGE: Initializing simulation data for model: IZHIKEVICH (3D)... (playback_init: False)
[2026-06-12 10:23:58][INFO] SIM_BRIDGE: RNG initialized with seed: 44
[2026-06-12 10:23:58][INFO] SIM_BRIDGE: Initializing Izhikevich model specifics for 256 neurons...
[2026-06-12 10:23:58][INFO] SIM_BRIDGE: Applying parameter heterogeneity to neuron parameters...
[2026-06-12 10:23:58][INFO] SIM_BRIDGE: Applied heterogeneity to 4 parameters.
[2026-06-12 10:23:58][INFO] SIM_BRIDGE: Initializing OU process state (tau=15.0ms, sigma=0.0pA)...
[2026-06-12 10:23:58][INFO] SIM_BRIDGE: Generating 3D neuron positions for 256 neurons...
[2026-06-12 10:23:58][INFO] SIM_BRIDGE: Generating connections (3D)...
[2026-06-12 10:23:58][INFO] SIM_BRIDGE: Simulation data initialized for 256 neurons (3D). Synapses: 0. GPU memory: 1.8GB/25.8GB (7.0%)
[2026-06-12 10:23:59][INFO] SIM_BRIDGE: CuPy using GPU: NVIDIA GeForce RTX 3090 (24.0 GB), mempool limit: 80%
[2026-06-12 10:23:59][INFO] SIM_BRIDGE: Initializing simulation data for model: IZHIKEVICH (3D)... (playback_init: False)
[2026-06-12 10:23:59][INFO] SIM_BRIDGE: RNG initialized with seed: 44
[2026-06-12 10:23:59][INFO] SIM_BRIDGE: Initializing Izhikevich model specifics for 640 neurons...
[2026-06-12 10:23:59][INFO] SIM_BRIDGE: Applying parameter heterogeneity to neuron parameters...
[2026-06-12 10:23:59][INFO] SIM_BRIDGE: Applied heterogeneity to 4 parameters.
[2026-06-12 10:23:59][INFO] SIM_BRIDGE: Initializing OU process state (tau=15.0ms, sigma=0.0pA)...
[2026-06-12 10:23:59][INFO] SIM_BRIDGE: Generating 3D neuron positions for 640 neurons...
[2026-06-12 10:23:59][INFO] SIM_BRIDGE: Generating connections (3D)...
[2026-06-12 10:23:59][INFO] SIM_BRIDGE: Simulation data initialized for 640 neurons (3D). Synapses: 0. GPU memory: 1.8GB/25.8GB (7.0%)
[2026-06-12 10:24:01][INFO] SIM_BRIDGE: CuPy using GPU: NVIDIA GeForce RTX 3090 (24.0 GB), mempool limit: 80%
[2026-06-12 10:24:01][INFO] SIM_BRIDGE: Initializing simulation data for model: IZHIKEVICH (3D)... (playback_init: False)
[2026-06-12 10:24:01][INFO] SIM_BRIDGE: RNG initialized with seed: 44
[2026-06-12 10:24:01][INFO] SIM_BRIDGE: Initializing Izhikevich model specifics for 256 neurons...
[2026-06-12 10:24:01][INFO] SIM_BRIDGE: Applying parameter heterogeneity to neuron parameters...
[2026-06-12 10:24:01][INFO] SIM_BRIDGE: Applied heterogeneity to 4 parameters.
[2026-06-12 10:24:01][INFO] SIM_BRIDGE: Initializing OU process state (tau=15.0ms, sigma=0.0pA)...
[2026-06-12 10:24:01][INFO] SIM_BRIDGE: Generating 3D neuron positions for 256 neurons...
[2026-06-12 10:24:01][INFO] SIM_BRIDGE: Generating connections (3D)...
[2026-06-12 10:24:01][INFO] SIM_BRIDGE: Simulation data initialized for 256 neurons (3D). Synapses: 0. GPU memory: 1.8GB/25.8GB (7.0%)
[2026-06-12 10:24:02][INFO] SIM_BRIDGE: CuPy using GPU: NVIDIA GeForce RTX 3090 (24.0 GB), mempool limit: 80%
[2026-06-12 10:24:02][INFO] SIM_BRIDGE: Initializing simulation data for model: IZHIKEVICH (3D)... (playback_init: False)
[2026-06-12 10:24:02][INFO] SIM_BRIDGE: RNG initialized with seed: 44
[2026-06-12 10:24:02][INFO] SIM_BRIDGE: Initializing Izhikevich model specifics for 640 neurons...
[2026-06-12 10:24:02][INFO] SIM_BRIDGE: Applying parameter heterogeneity to neuron parameters...
[2026-06-12 10:24:02][INFO] SIM_BRIDGE: Applied heterogeneity to 4 parameters.
[2026-06-12 10:24:02][INFO] SIM_BRIDGE: Initializing OU process state (tau=15.0ms, sigma=0.0pA)...
[2026-06-12 10:24:02][INFO] SIM_BRIDGE: Generating 3D neuron positions for 640 neurons...
[2026-06-12 10:24:02][INFO] SIM_BRIDGE: Generating connections (3D)...
[2026-06-12 10:24:02][INFO] SIM_BRIDGE: Simulation data initialized for 640 neurons (3D). Synapses: 0. GPU memory: 1.8GB/25.8GB (7.0%)
[2026-06-12 10:24:03][INFO] SIM_BRIDGE: CuPy using GPU: NVIDIA GeForce RTX 3090 (24.0 GB), mempool limit: 80%
[2026-06-12 10:24:03][INFO] SIM_BRIDGE: Initializing simulation data for model: IZHIKEVICH (3D)... (playback_init: False)
[2026-06-12 10:24:03][INFO] SIM_BRIDGE: RNG initialized with seed: 44
[2026-06-12 10:24:03][INFO] SIM_BRIDGE: Initializing Izhikevich model specifics for 256 neurons...
[2026-06-12 10:24:03][INFO] SIM_BRIDGE: Applying parameter heterogeneity to neuron parameters...
[2026-06-12 10:24:03][INFO] SIM_BRIDGE: Applied heterogeneity to 4 parameters.
[2026-06-12 10:24:03][INFO] SIM_BRIDGE: Initializing OU process state (tau=15.0ms, sigma=0.0pA)...
[2026-06-12 10:24:03][INFO] SIM_BRIDGE: Generating 3D neuron positions for 256 neurons...
[2026-06-12 10:24:03][INFO] SIM_BRIDGE: Generating connections (3D)...
[2026-06-12 10:24:03][INFO] SIM_BRIDGE: Simulation data initialized for 256 neurons (3D). Synapses: 0. GPU memory: 1.8GB/25.8GB (7.0%)
[2026-06-12 10:24:03][INFO] SIM_BRIDGE: CuPy using GPU: NVIDIA GeForce RTX 3090 (24.0 GB), mempool limit: 80%
[2026-06-12 10:24:03][INFO] SIM_BRIDGE: Initializing simulation data for model: IZHIKEVICH (3D)... (playback_init: False)
[2026-06-12 10:24:03][INFO] SIM_BRIDGE: RNG initialized with seed: 44
[2026-06-12 10:24:03][INFO] SIM_BRIDGE: Initializing Izhikevich model specifics for 512 neurons...
[2026-06-12 10:24:03][INFO] SIM_BRIDGE: Applying parameter heterogeneity to neuron parameters...
[2026-06-12 10:24:03][INFO] SIM_BRIDGE: Applied heterogeneity to 4 parameters.
[2026-06-12 10:24:03][INFO] SIM_BRIDGE: Initializing OU process state (tau=15.0ms, sigma=0.0pA)...
[2026-06-12 10:24:03][INFO] SIM_BRIDGE: Generating 3D neuron positions for 512 neurons...
[2026-06-12 10:24:03][INFO] SIM_BRIDGE: Generating connections (3D)...
[2026-06-12 10:24:03][INFO] SIM_BRIDGE: Simulation data initialized for 512 neurons (3D). Synapses: 0. GPU memory: 1.8GB/25.8GB (7.0%)
    cells: {'what_does': True, 'who_does': True, 'abstention': True, 'negation': True, 'one_attribute': True, 'clause': True, 'abstention_battery_breaches': 0}
    n_cells_pass=6/6  moat_holds=True (abstention_battery_breaches=0)

  ----------------------------------------------------------------------------------------
  GATE B -- generalization IN conversation (the NEW capability)
  ----------------------------------------------------------------------------------------
[2026-06-12 10:24:08][INFO] SIM_BRIDGE: CuPy using GPU: NVIDIA GeForce RTX 3090 (24.0 GB), mempool limit: 80%
[2026-06-12 10:24:08][INFO] SIM_BRIDGE: Initializing simulation data for model: IZHIKEVICH (3D)... (playback_init: False)
[2026-06-12 10:24:08][INFO] SIM_BRIDGE: RNG initialized with seed: 44
[2026-06-12 10:24:08][INFO] SIM_BRIDGE: Initializing Izhikevich model specifics for 256 neurons...
[2026-06-12 10:24:08][INFO] SIM_BRIDGE: Applying parameter heterogeneity to neuron parameters...
[2026-06-12 10:24:08][INFO] SIM_BRIDGE: Applied heterogeneity to 4 parameters.
[2026-06-12 10:24:08][INFO] SIM_BRIDGE: Initializing OU process state (tau=15.0ms, sigma=0.0pA)...
[2026-06-12 10:24:08][INFO] SIM_BRIDGE: Generating 3D neuron positions for 256 neurons...
[2026-06-12 10:24:08][INFO] SIM_BRIDGE: Generating connections (3D)...
[2026-06-12 10:24:08][INFO] SIM_BRIDGE: Simulation data initialized for 256 neurons (3D). Synapses: 0. GPU memory: 1.8GB/25.8GB (7.0%)
[2026-06-12 10:24:08][INFO] SIM_BRIDGE: CuPy using GPU: NVIDIA GeForce RTX 3090 (24.0 GB), mempool limit: 80%
[2026-06-12 10:24:08][INFO] SIM_BRIDGE: Initializing simulation data for model: IZHIKEVICH (3D)... (playback_init: False)
[2026-06-12 10:24:08][INFO] SIM_BRIDGE: RNG initialized with seed: 44
[2026-06-12 10:24:08][INFO] SIM_BRIDGE: Initializing Izhikevich model specifics for 512 neurons...
[2026-06-12 10:24:08][INFO] SIM_BRIDGE: Applying parameter heterogeneity to neuron parameters...
[2026-06-12 10:24:08][INFO] SIM_BRIDGE: Applied heterogeneity to 4 parameters.
[2026-06-12 10:24:08][INFO] SIM_BRIDGE: Initializing OU process state (tau=15.0ms, sigma=0.0pA)...
[2026-06-12 10:24:08][INFO] SIM_BRIDGE: Generating 3D neuron positions for 512 neurons...
[2026-06-12 10:24:08][INFO] SIM_BRIDGE: Generating connections (3D)...
[2026-06-12 10:24:08][INFO] SIM_BRIDGE: Simulation data initialized for 512 neurons (3D). Synapses: 0. GPU memory: 1.8GB/25.8GB (7.0%)
[2026-06-12 10:24:41][INFO] SIM_BRIDGE: CuPy using GPU: NVIDIA GeForce RTX 3090 (24.0 GB), mempool limit: 80%
[2026-06-12 10:24:41][INFO] SIM_BRIDGE: Initializing simulation data for model: IZHIKEVICH (3D)... (playback_init: False)
[2026-06-12 10:24:41][INFO] SIM_BRIDGE: RNG initialized with seed: 44
[2026-06-12 10:24:41][INFO] SIM_BRIDGE: Initializing Izhikevich model specifics for 384 neurons...
[2026-06-12 10:24:41][INFO] SIM_BRIDGE: Applying parameter heterogeneity to neuron parameters...
[2026-06-12 10:24:41][INFO] SIM_BRIDGE: Applied heterogeneity to 4 parameters.
[2026-06-12 10:24:41][INFO] SIM_BRIDGE: Initializing OU process state (tau=15.0ms, sigma=0.0pA)...
[2026-06-12 10:24:41][INFO] SIM_BRIDGE: Generating 3D neuron positions for 384 neurons...
[2026-06-12 10:24:41][INFO] SIM_BRIDGE: Generating connections (3D)...
[2026-06-12 10:24:41][INFO] SIM_BRIDGE: Simulation data initialized for 384 neurons (3D). Synapses: 0. GPU memory: 1.8GB/25.8GB (7.0%)
[2026-06-12 10:31:11][INFO] SIM_BRIDGE: CuPy using GPU: NVIDIA GeForce RTX 3090 (24.0 GB), mempool limit: 80%
[2026-06-12 10:31:11][INFO] SIM_BRIDGE: Initializing simulation data for model: IZHIKEVICH (3D)... (playback_init: False)
[2026-06-12 10:31:11][INFO] SIM_BRIDGE: RNG initialized with seed: 44
[2026-06-12 10:31:11][INFO] SIM_BRIDGE: Initializing Izhikevich model specifics for 256 neurons...
[2026-06-12 10:31:11][INFO] SIM_BRIDGE: Applying parameter heterogeneity to neuron parameters...
[2026-06-12 10:31:11][INFO] SIM_BRIDGE: Applied heterogeneity to 4 parameters.
[2026-06-12 10:31:11][INFO] SIM_BRIDGE: Initializing OU process state (tau=15.0ms, sigma=0.0pA)...
[2026-06-12 10:31:11][INFO] SIM_BRIDGE: Generating 3D neuron positions for 256 neurons...
[2026-06-12 10:31:11][INFO] SIM_BRIDGE: Generating connections (3D)...
[2026-06-12 10:31:11][INFO] SIM_BRIDGE: Simulation data initialized for 256 neurons (3D). Synapses: 0. GPU memory: 1.8GB/25.8GB (7.0%)
[2026-06-12 10:31:12][INFO] SIM_BRIDGE: CuPy using GPU: NVIDIA GeForce RTX 3090 (24.0 GB), mempool limit: 80%
[2026-06-12 10:31:12][INFO] SIM_BRIDGE: Initializing simulation data for model: IZHIKEVICH (3D)... (playback_init: False)
[2026-06-12 10:31:12][INFO] SIM_BRIDGE: RNG initialized with seed: 44
[2026-06-12 10:31:12][INFO] SIM_BRIDGE: Initializing Izhikevich model specifics for 512 neurons...
[2026-06-12 10:31:12][INFO] SIM_BRIDGE: Applying parameter heterogeneity to neuron parameters...
[2026-06-12 10:31:12][INFO] SIM_BRIDGE: Applied heterogeneity to 4 parameters.
[2026-06-12 10:31:12][INFO] SIM_BRIDGE: Initializing OU process state (tau=15.0ms, sigma=0.0pA)...
[2026-06-12 10:31:12][INFO] SIM_BRIDGE: Generating 3D neuron positions for 512 neurons...
[2026-06-12 10:31:12][INFO] SIM_BRIDGE: Generating connections (3D)...
[2026-06-12 10:31:12][INFO] SIM_BRIDGE: Simulation data initialized for 512 neurons (3D). Synapses: 0. GPU memory: 1.8GB/25.8GB (7.0%)
[2026-06-12 10:31:46][INFO] SIM_BRIDGE: CuPy using GPU: NVIDIA GeForce RTX 3090 (24.0 GB), mempool limit: 80%
[2026-06-12 10:31:46][INFO] SIM_BRIDGE: Initializing simulation data for model: IZHIKEVICH (3D)... (playback_init: False)
[2026-06-12 10:31:46][INFO] SIM_BRIDGE: RNG initialized with seed: 44
[2026-06-12 10:31:46][INFO] SIM_BRIDGE: Initializing Izhikevich model specifics for 384 neurons...
[2026-06-12 10:31:46][INFO] SIM_BRIDGE: Applying parameter heterogeneity to neuron parameters...
[2026-06-12 10:31:46][INFO] SIM_BRIDGE: Applied heterogeneity to 4 parameters.
[2026-06-12 10:31:46][INFO] SIM_BRIDGE: Initializing OU process state (tau=15.0ms, sigma=0.0pA)...
[2026-06-12 10:31:46][INFO] SIM_BRIDGE: Generating 3D neuron positions for 384 neurons...
[2026-06-12 10:31:46][INFO] SIM_BRIDGE: Generating connections (3D)...
[2026-06-12 10:31:46][INFO] SIM_BRIDGE: Simulation data initialized for 384 neurons (3D). Synapses: 0. GPU memory: 1.8GB/25.8GB (7.0%)
[2026-06-12 10:34:40][INFO] SIM_BRIDGE: CuPy using GPU: NVIDIA GeForce RTX 3090 (24.0 GB), mempool limit: 80%
[2026-06-12 10:34:40][INFO] SIM_BRIDGE: Initializing simulation data for model: IZHIKEVICH (3D)... (playback_init: False)
[2026-06-12 10:34:40][INFO] SIM_BRIDGE: RNG initialized with seed: 44
[2026-06-12 10:34:40][INFO] SIM_BRIDGE: Initializing Izhikevich model specifics for 256 neurons...
[2026-06-12 10:34:40][INFO] SIM_BRIDGE: Applying parameter heterogeneity to neuron parameters...
[2026-06-12 10:34:40][INFO] SIM_BRIDGE: Applied heterogeneity to 4 parameters.
[2026-06-12 10:34:40][INFO] SIM_BRIDGE: Initializing OU process state (tau=15.0ms, sigma=0.0pA)...
[2026-06-12 10:34:40][INFO] SIM_BRIDGE: Generating 3D neuron positions for 256 neurons...
[2026-06-12 10:34:40][INFO] SIM_BRIDGE: Generating connections (3D)...
[2026-06-12 10:34:40][INFO] SIM_BRIDGE: Simulation data initialized for 256 neurons (3D). Synapses: 0. GPU memory: 1.8GB/25.8GB (7.0%)
[2026-06-12 10:34:41][INFO] SIM_BRIDGE: CuPy using GPU: NVIDIA GeForce RTX 3090 (24.0 GB), mempool limit: 80%
[2026-06-12 10:34:41][INFO] SIM_BRIDGE: Initializing simulation data for model: IZHIKEVICH (3D)... (playback_init: False)
[2026-06-12 10:34:41][INFO] SIM_BRIDGE: RNG initialized with seed: 44
[2026-06-12 10:34:41][INFO] SIM_BRIDGE: Initializing Izhikevich model specifics for 512 neurons...
[2026-06-12 10:34:41][INFO] SIM_BRIDGE: Applying parameter heterogeneity to neuron parameters...
[2026-06-12 10:34:41][INFO] SIM_BRIDGE: Applied heterogeneity to 4 parameters.
[2026-06-12 10:34:41][INFO] SIM_BRIDGE: Initializing OU process state (tau=15.0ms, sigma=0.0pA)...
[2026-06-12 10:34:41][INFO] SIM_BRIDGE: Generating 3D neuron positions for 512 neurons...
[2026-06-12 10:34:41][INFO] SIM_BRIDGE: Generating connections (3D)...
[2026-06-12 10:34:41][INFO] SIM_BRIDGE: Simulation data initialized for 512 neurons (3D). Synapses: 0. GPU memory: 1.8GB/25.8GB (7.0%)
[2026-06-12 10:35:13][INFO] SIM_BRIDGE: CuPy using GPU: NVIDIA GeForce RTX 3090 (24.0 GB), mempool limit: 80%
[2026-06-12 10:35:13][INFO] SIM_BRIDGE: Initializing simulation data for model: IZHIKEVICH (3D)... (playback_init: False)
[2026-06-12 10:35:13][INFO] SIM_BRIDGE: RNG initialized with seed: 44
[2026-06-12 10:35:13][INFO] SIM_BRIDGE: Initializing Izhikevich model specifics for 384 neurons...
[2026-06-12 10:35:13][INFO] SIM_BRIDGE: Applying parameter heterogeneity to neuron parameters...
[2026-06-12 10:35:13][INFO] SIM_BRIDGE: Applied heterogeneity to 4 parameters.
[2026-06-12 10:35:13][INFO] SIM_BRIDGE: Initializing OU process state (tau=15.0ms, sigma=0.0pA)...
[2026-06-12 10:35:13][INFO] SIM_BRIDGE: Generating 3D neuron positions for 384 neurons...
[2026-06-12 10:35:13][INFO] SIM_BRIDGE: Generating connections (3D)...
[2026-06-12 10:35:13][INFO] SIM_BRIDGE: Simulation data initialized for 384 neurons (3D). Synapses: 0. GPU memory: 1.8GB/25.8GB (7.0%)
[2026-06-12 10:38:25][INFO] SIM_BRIDGE: CuPy using GPU: NVIDIA GeForce RTX 3090 (24.0 GB), mempool limit: 80%
[2026-06-12 10:38:25][INFO] SIM_BRIDGE: Initializing simulation data for model: IZHIKEVICH (3D)... (playback_init: False)
[2026-06-12 10:38:25][INFO] SIM_BRIDGE: RNG initialized with seed: 44
[2026-06-12 10:38:25][INFO] SIM_BRIDGE: Initializing Izhikevich model specifics for 256 neurons...
[2026-06-12 10:38:25][INFO] SIM_BRIDGE: Applying parameter heterogeneity to neuron parameters...
[2026-06-12 10:38:25][INFO] SIM_BRIDGE: Applied heterogeneity to 4 parameters.
[2026-06-12 10:38:25][INFO] SIM_BRIDGE: Initializing OU process state (tau=15.0ms, sigma=0.0pA)...
[2026-06-12 10:38:25][INFO] SIM_BRIDGE: Generating 3D neuron positions for 256 neurons...
[2026-06-12 10:38:25][INFO] SIM_BRIDGE: Generating connections (3D)...
[2026-06-12 10:38:25][INFO] SIM_BRIDGE: Simulation data initialized for 256 neurons (3D). Synapses: 0. GPU memory: 1.8GB/25.8GB (7.0%)
[2026-06-12 10:38:26][INFO] SIM_BRIDGE: CuPy using GPU: NVIDIA GeForce RTX 3090 (24.0 GB), mempool limit: 80%
[2026-06-12 10:38:26][INFO] SIM_BRIDGE: Initializing simulation data for model: IZHIKEVICH (3D)... (playback_init: False)
[2026-06-12 10:38:26][INFO] SIM_BRIDGE: RNG initialized with seed: 44
[2026-06-12 10:38:26][INFO] SIM_BRIDGE: Initializing Izhikevich model specifics for 512 neurons...
[2026-06-12 10:38:26][INFO] SIM_BRIDGE: Applying parameter heterogeneity to neuron parameters...
[2026-06-12 10:38:26][INFO] SIM_BRIDGE: Applied heterogeneity to 4 parameters.
[2026-06-12 10:38:26][INFO] SIM_BRIDGE: Initializing OU process state (tau=15.0ms, sigma=0.0pA)...
[2026-06-12 10:38:26][INFO] SIM_BRIDGE: Generating 3D neuron positions for 512 neurons...
[2026-06-12 10:38:26][INFO] SIM_BRIDGE: Generating connections (3D)...
[2026-06-12 10:38:26][INFO] SIM_BRIDGE: Simulation data initialized for 512 neurons (3D). Synapses: 0. GPU memory: 1.8GB/25.8GB (7.0%)
[2026-06-12 10:38:59][INFO] SIM_BRIDGE: CuPy using GPU: NVIDIA GeForce RTX 3090 (24.0 GB), mempool limit: 80%
[2026-06-12 10:38:59][INFO] SIM_BRIDGE: Initializing simulation data for model: IZHIKEVICH (3D)... (playback_init: False)
[2026-06-12 10:38:59][INFO] SIM_BRIDGE: RNG initialized with seed: 44
[2026-06-12 10:38:59][INFO] SIM_BRIDGE: Initializing Izhikevich model specifics for 384 neurons...
[2026-06-12 10:38:59][INFO] SIM_BRIDGE: Applying parameter heterogeneity to neuron parameters...
[2026-06-12 10:38:59][INFO] SIM_BRIDGE: Applied heterogeneity to 4 parameters.
[2026-06-12 10:38:59][INFO] SIM_BRIDGE: Initializing OU process state (tau=15.0ms, sigma=0.0pA)...
[2026-06-12 10:38:59][INFO] SIM_BRIDGE: Generating 3D neuron positions for 384 neurons...
[2026-06-12 10:38:59][INFO] SIM_BRIDGE: Generating connections (3D)...
[2026-06-12 10:38:59][INFO] SIM_BRIDGE: Simulation data initialized for 384 neurons (3D). Synapses: 0. GPU memory: 1.8GB/25.8GB (7.0%)
[2026-06-12 10:42:10][INFO] SIM_BRIDGE: CuPy using GPU: NVIDIA GeForce RTX 3090 (24.0 GB), mempool limit: 80%
[2026-06-12 10:42:10][INFO] SIM_BRIDGE: Initializing simulation data for model: IZHIKEVICH (3D)... (playback_init: False)
[2026-06-12 10:42:10][INFO] SIM_BRIDGE: RNG initialized with seed: 44
[2026-06-12 10:42:10][INFO] SIM_BRIDGE: Initializing Izhikevich model specifics for 256 neurons...
[2026-06-12 10:42:10][INFO] SIM_BRIDGE: Applying parameter heterogeneity to neuron parameters...
[2026-06-12 10:42:10][INFO] SIM_BRIDGE: Applied heterogeneity to 4 parameters.
[2026-06-12 10:42:10][INFO] SIM_BRIDGE: Initializing OU process state (tau=15.0ms, sigma=0.0pA)...
[2026-06-12 10:42:10][INFO] SIM_BRIDGE: Generating 3D neuron positions for 256 neurons...
[2026-06-12 10:42:10][INFO] SIM_BRIDGE: Generating connections (3D)...
[2026-06-12 10:42:10][INFO] SIM_BRIDGE: Simulation data initialized for 256 neurons (3D). Synapses: 0. GPU memory: 1.8GB/25.8GB (7.0%)
[2026-06-12 10:42:10][INFO] SIM_BRIDGE: CuPy using GPU: NVIDIA GeForce RTX 3090 (24.0 GB), mempool limit: 80%
[2026-06-12 10:42:10][INFO] SIM_BRIDGE: Initializing simulation data for model: IZHIKEVICH (3D)... (playback_init: False)
[2026-06-12 10:42:10][INFO] SIM_BRIDGE: RNG initialized with seed: 44
[2026-06-12 10:42:10][INFO] SIM_BRIDGE: Initializing Izhikevich model specifics for 512 neurons...
[2026-06-12 10:42:10][INFO] SIM_BRIDGE: Applying parameter heterogeneity to neuron parameters...
[2026-06-12 10:42:10][INFO] SIM_BRIDGE: Applied heterogeneity to 4 parameters.
[2026-06-12 10:42:10][INFO] SIM_BRIDGE: Initializing OU process state (tau=15.0ms, sigma=0.0pA)...
[2026-06-12 10:42:10][INFO] SIM_BRIDGE: Generating 3D neuron positions for 512 neurons...
[2026-06-12 10:42:10][INFO] SIM_BRIDGE: Generating connections (3D)...
[2026-06-12 10:42:10][INFO] SIM_BRIDGE: Simulation data initialized for 512 neurons (3D). Synapses: 0. GPU memory: 1.8GB/25.8GB (7.0%)
[2026-06-12 10:42:45][INFO] SIM_BRIDGE: CuPy using GPU: NVIDIA GeForce RTX 3090 (24.0 GB), mempool limit: 80%
[2026-06-12 10:42:45][INFO] SIM_BRIDGE: Initializing simulation data for model: IZHIKEVICH (3D)... (playback_init: False)
[2026-06-12 10:42:45][INFO] SIM_BRIDGE: RNG initialized with seed: 44
[2026-06-12 10:42:45][INFO] SIM_BRIDGE: Initializing Izhikevich model specifics for 384 neurons...
[2026-06-12 10:42:45][INFO] SIM_BRIDGE: Applying parameter heterogeneity to neuron parameters...
[2026-06-12 10:42:45][INFO] SIM_BRIDGE: Applied heterogeneity to 4 parameters.
[2026-06-12 10:42:45][INFO] SIM_BRIDGE: Initializing OU process state (tau=15.0ms, sigma=0.0pA)...
[2026-06-12 10:42:45][INFO] SIM_BRIDGE: Generating 3D neuron positions for 384 neurons...
[2026-06-12 10:42:45][INFO] SIM_BRIDGE: Generating connections (3D)...
[2026-06-12 10:42:45][INFO] SIM_BRIDGE: Simulation data initialized for 384 neurons (3D). Synapses: 0. GPU memory: 1.8GB/25.8GB (7.0%)
[2026-06-12 10:45:58][INFO] SIM_BRIDGE: CuPy using GPU: NVIDIA GeForce RTX 3090 (24.0 GB), mempool limit: 80%
[2026-06-12 10:45:58][INFO] SIM_BRIDGE: Initializing simulation data for model: IZHIKEVICH (3D)... (playback_init: False)
[2026-06-12 10:45:58][INFO] SIM_BRIDGE: RNG initialized with seed: 44
[2026-06-12 10:45:58][INFO] SIM_BRIDGE: Initializing Izhikevich model specifics for 256 neurons...
[2026-06-12 10:45:58][INFO] SIM_BRIDGE: Applying parameter heterogeneity to neuron parameters...
[2026-06-12 10:45:58][INFO] SIM_BRIDGE: Applied heterogeneity to 4 parameters.
[2026-06-12 10:45:58][INFO] SIM_BRIDGE: Initializing OU process state (tau=15.0ms, sigma=0.0pA)...
[2026-06-12 10:45:58][INFO] SIM_BRIDGE: Generating 3D neuron positions for 256 neurons...
[2026-06-12 10:45:58][INFO] SIM_BRIDGE: Generating connections (3D)...
[2026-06-12 10:45:58][INFO] SIM_BRIDGE: Simulation data initialized for 256 neurons (3D). Synapses: 0. GPU memory: 1.8GB/25.8GB (7.0%)
[2026-06-12 10:45:58][INFO] SIM_BRIDGE: CuPy using GPU: NVIDIA GeForce RTX 3090 (24.0 GB), mempool limit: 80%
[2026-06-12 10:45:58][INFO] SIM_BRIDGE: Initializing simulation data for model: IZHIKEVICH (3D)... (playback_init: False)
[2026-06-12 10:45:58][INFO] SIM_BRIDGE: RNG initialized with seed: 44
[2026-06-12 10:45:58][INFO] SIM_BRIDGE: Initializing Izhikevich model specifics for 512 neurons...
[2026-06-12 10:45:58][INFO] SIM_BRIDGE: Applying parameter heterogeneity to neuron parameters...
[2026-06-12 10:45:58][INFO] SIM_BRIDGE: Applied heterogeneity to 4 parameters.
[2026-06-12 10:45:58][INFO] SIM_BRIDGE: Initializing OU process state (tau=15.0ms, sigma=0.0pA)...
[2026-06-12 10:45:58][INFO] SIM_BRIDGE: Generating 3D neuron positions for 512 neurons...
[2026-06-12 10:45:58][INFO] SIM_BRIDGE: Generating connections (3D)...
[2026-06-12 10:45:58][INFO] SIM_BRIDGE: Simulation data initialized for 512 neurons (3D). Synapses: 0. GPU memory: 1.8GB/25.8GB (7.0%)
[2026-06-12 10:46:29][INFO] SIM_BRIDGE: CuPy using GPU: NVIDIA GeForce RTX 3090 (24.0 GB), mempool limit: 80%
[2026-06-12 10:46:29][INFO] SIM_BRIDGE: Initializing simulation data for model: IZHIKEVICH (3D)... (playback_init: False)
[2026-06-12 10:46:29][INFO] SIM_BRIDGE: RNG initialized with seed: 44
[2026-06-12 10:46:29][INFO] SIM_BRIDGE: Initializing Izhikevich model specifics for 384 neurons...
[2026-06-12 10:46:29][INFO] SIM_BRIDGE: Applying parameter heterogeneity to neuron parameters...
[2026-06-12 10:46:29][INFO] SIM_BRIDGE: Applied heterogeneity to 4 parameters.
[2026-06-12 10:46:29][INFO] SIM_BRIDGE: Initializing OU process state (tau=15.0ms, sigma=0.0pA)...
[2026-06-12 10:46:29][INFO] SIM_BRIDGE: Generating 3D neuron positions for 384 neurons...
[2026-06-12 10:46:29][INFO] SIM_BRIDGE: Generating connections (3D)...
[2026-06-12 10:46:29][INFO] SIM_BRIDGE: Simulation data initialized for 384 neurons (3D). Synapses: 0. GPU memory: 1.8GB/25.8GB (7.0%)
[2026-06-12 10:49:39][INFO] SIM_BRIDGE: CuPy using GPU: NVIDIA GeForce RTX 3090 (24.0 GB), mempool limit: 80%
[2026-06-12 10:49:39][INFO] SIM_BRIDGE: Initializing simulation data for model: IZHIKEVICH (3D)... (playback_init: False)
[2026-06-12 10:49:39][INFO] SIM_BRIDGE: RNG initialized with seed: 44
[2026-06-12 10:49:39][INFO] SIM_BRIDGE: Initializing Izhikevich model specifics for 256 neurons...
[2026-06-12 10:49:39][INFO] SIM_BRIDGE: Applying parameter heterogeneity to neuron parameters...
[2026-06-12 10:49:39][INFO] SIM_BRIDGE: Applied heterogeneity to 4 parameters.
[2026-06-12 10:49:39][INFO] SIM_BRIDGE: Initializing OU process state (tau=15.0ms, sigma=0.0pA)...
[2026-06-12 10:49:39][INFO] SIM_BRIDGE: Generating 3D neuron positions for 256 neurons...
[2026-06-12 10:49:39][INFO] SIM_BRIDGE: Generating connections (3D)...
[2026-06-12 10:49:39][INFO] SIM_BRIDGE: Simulation data initialized for 256 neurons (3D). Synapses: 0. GPU memory: 1.8GB/25.8GB (7.0%)
[2026-06-12 10:49:40][INFO] SIM_BRIDGE: CuPy using GPU: NVIDIA GeForce RTX 3090 (24.0 GB), mempool limit: 80%
[2026-06-12 10:49:40][INFO] SIM_BRIDGE: Initializing simulation data for model: IZHIKEVICH (3D)... (playback_init: False)
[2026-06-12 10:49:40][INFO] SIM_BRIDGE: RNG initialized with seed: 44
[2026-06-12 10:49:40][INFO] SIM_BRIDGE: Initializing Izhikevich model specifics for 512 neurons...
[2026-06-12 10:49:40][INFO] SIM_BRIDGE: Applying parameter heterogeneity to neuron parameters...
[2026-06-12 10:49:40][INFO] SIM_BRIDGE: Applied heterogeneity to 4 parameters.
[2026-06-12 10:49:40][INFO] SIM_BRIDGE: Initializing OU process state (tau=15.0ms, sigma=0.0pA)...
[2026-06-12 10:49:40][INFO] SIM_BRIDGE: Generating 3D neuron positions for 512 neurons...
[2026-06-12 10:49:40][INFO] SIM_BRIDGE: Generating connections (3D)...
[2026-06-12 10:49:40][INFO] SIM_BRIDGE: Simulation data initialized for 512 neurons (3D). Synapses: 0. GPU memory: 1.8GB/25.8GB (7.0%)
[2026-06-12 10:50:10][INFO] SIM_BRIDGE: CuPy using GPU: NVIDIA GeForce RTX 3090 (24.0 GB), mempool limit: 80%
[2026-06-12 10:50:10][INFO] SIM_BRIDGE: Initializing simulation data for model: IZHIKEVICH (3D)... (playback_init: False)
[2026-06-12 10:50:10][INFO] SIM_BRIDGE: RNG initialized with seed: 44
[2026-06-12 10:50:10][INFO] SIM_BRIDGE: Initializing Izhikevich model specifics for 384 neurons...
[2026-06-12 10:50:10][INFO] SIM_BRIDGE: Applying parameter heterogeneity to neuron parameters...
[2026-06-12 10:50:10][INFO] SIM_BRIDGE: Applied heterogeneity to 4 parameters.
[2026-06-12 10:50:10][INFO] SIM_BRIDGE: Initializing OU process state (tau=15.0ms, sigma=0.0pA)...
[2026-06-12 10:50:10][INFO] SIM_BRIDGE: Generating 3D neuron positions for 384 neurons...
[2026-06-12 10:50:10][INFO] SIM_BRIDGE: Generating connections (3D)...
[2026-06-12 10:50:10][INFO] SIM_BRIDGE: Simulation data initialized for 384 neurons (3D). Synapses: 0. GPU memory: 1.8GB/25.8GB (7.0%)
[2026-06-12 10:53:01][INFO] SIM_BRIDGE: CuPy using GPU: NVIDIA GeForce RTX 3090 (24.0 GB), mempool limit: 80%
[2026-06-12 10:53:01][INFO] SIM_BRIDGE: Initializing simulation data for model: IZHIKEVICH (3D)... (playback_init: False)
[2026-06-12 10:53:01][INFO] SIM_BRIDGE: RNG initialized with seed: 44
[2026-06-12 10:53:01][INFO] SIM_BRIDGE: Initializing Izhikevich model specifics for 256 neurons...
[2026-06-12 10:53:01][INFO] SIM_BRIDGE: Applying parameter heterogeneity to neuron parameters...
[2026-06-12 10:53:01][INFO] SIM_BRIDGE: Applied heterogeneity to 4 parameters.
[2026-06-12 10:53:01][INFO] SIM_BRIDGE: Initializing OU process state (tau=15.0ms, sigma=0.0pA)...
[2026-06-12 10:53:01][INFO] SIM_BRIDGE: Generating 3D neuron positions for 256 neurons...
[2026-06-12 10:53:01][INFO] SIM_BRIDGE: Generating connections (3D)...
[2026-06-12 10:53:01][INFO] SIM_BRIDGE: Simulation data initialized for 256 neurons (3D). Synapses: 0. GPU memory: 1.8GB/25.8GB (7.0%)
[2026-06-12 10:53:01][INFO] SIM_BRIDGE: CuPy using GPU: NVIDIA GeForce RTX 3090 (24.0 GB), mempool limit: 80%
[2026-06-12 10:53:01][INFO] SIM_BRIDGE: Initializing simulation data for model: IZHIKEVICH (3D)... (playback_init: False)
[2026-06-12 10:53:01][INFO] SIM_BRIDGE: RNG initialized with seed: 44
[2026-06-12 10:53:01][INFO] SIM_BRIDGE: Initializing Izhikevich model specifics for 512 neurons...
[2026-06-12 10:53:01][INFO] SIM_BRIDGE: Applying parameter heterogeneity to neuron parameters...
[2026-06-12 10:53:01][INFO] SIM_BRIDGE: Applied heterogeneity to 4 parameters.
[2026-06-12 10:53:01][INFO] SIM_BRIDGE: Initializing OU process state (tau=15.0ms, sigma=0.0pA)...
[2026-06-12 10:53:01][INFO] SIM_BRIDGE: Generating 3D neuron positions for 512 neurons...
[2026-06-12 10:53:01][INFO] SIM_BRIDGE: Generating connections (3D)...
[2026-06-12 10:53:01][INFO] SIM_BRIDGE: Simulation data initialized for 512 neurons (3D). Synapses: 0. GPU memory: 1.8GB/25.8GB (7.0%)
[2026-06-12 10:53:31][INFO] SIM_BRIDGE: CuPy using GPU: NVIDIA GeForce RTX 3090 (24.0 GB), mempool limit: 80%
[2026-06-12 10:53:31][INFO] SIM_BRIDGE: Initializing simulation data for model: IZHIKEVICH (3D)... (playback_init: False)
[2026-06-12 10:53:31][INFO] SIM_BRIDGE: RNG initialized with seed: 44
[2026-06-12 10:53:31][INFO] SIM_BRIDGE: Initializing Izhikevich model specifics for 384 neurons...
[2026-06-12 10:53:31][INFO] SIM_BRIDGE: Applying parameter heterogeneity to neuron parameters...
[2026-06-12 10:53:31][INFO] SIM_BRIDGE: Applied heterogeneity to 4 parameters.
[2026-06-12 10:53:31][INFO] SIM_BRIDGE: Initializing OU process state (tau=15.0ms, sigma=0.0pA)...
[2026-06-12 10:53:31][INFO] SIM_BRIDGE: Generating 3D neuron positions for 384 neurons...
[2026-06-12 10:53:31][INFO] SIM_BRIDGE: Generating connections (3D)...
[2026-06-12 10:53:31][INFO] SIM_BRIDGE: Simulation data initialized for 384 neurons (3D). Synapses: 0. GPU memory: 1.8GB/25.8GB (7.0%)
[2026-06-12 10:56:23][INFO] SIM_BRIDGE: CuPy using GPU: NVIDIA GeForce RTX 3090 (24.0 GB), mempool limit: 80%
[2026-06-12 10:56:23][INFO] SIM_BRIDGE: Initializing simulation data for model: IZHIKEVICH (3D)... (playback_init: False)
[2026-06-12 10:56:23][INFO] SIM_BRIDGE: RNG initialized with seed: 44
[2026-06-12 10:56:23][INFO] SIM_BRIDGE: Initializing Izhikevich model specifics for 256 neurons...
[2026-06-12 10:56:23][INFO] SIM_BRIDGE: Applying parameter heterogeneity to neuron parameters...
[2026-06-12 10:56:23][INFO] SIM_BRIDGE: Applied heterogeneity to 4 parameters.
[2026-06-12 10:56:23][INFO] SIM_BRIDGE: Initializing OU process state (tau=15.0ms, sigma=0.0pA)...
[2026-06-12 10:56:23][INFO] SIM_BRIDGE: Generating 3D neuron positions for 256 neurons...
[2026-06-12 10:56:23][INFO] SIM_BRIDGE: Generating connections (3D)...
[2026-06-12 10:56:23][INFO] SIM_BRIDGE: Simulation data initialized for 256 neurons (3D). Synapses: 0. GPU memory: 1.8GB/25.8GB (7.0%)
[2026-06-12 10:56:23][INFO] SIM_BRIDGE: CuPy using GPU: NVIDIA GeForce RTX 3090 (24.0 GB), mempool limit: 80%
[2026-06-12 10:56:23][INFO] SIM_BRIDGE: Initializing simulation data for model: IZHIKEVICH (3D)... (playback_init: False)
[2026-06-12 10:56:23][INFO] SIM_BRIDGE: RNG initialized with seed: 44
[2026-06-12 10:56:23][INFO] SIM_BRIDGE: Initializing Izhikevich model specifics for 512 neurons...
[2026-06-12 10:56:23][INFO] SIM_BRIDGE: Applying parameter heterogeneity to neuron parameters...
[2026-06-12 10:56:23][INFO] SIM_BRIDGE: Applied heterogeneity to 4 parameters.
[2026-06-12 10:56:23][INFO] SIM_BRIDGE: Initializing OU process state (tau=15.0ms, sigma=0.0pA)...
[2026-06-12 10:56:23][INFO] SIM_BRIDGE: Generating 3D neuron positions for 512 neurons...
[2026-06-12 10:56:23][INFO] SIM_BRIDGE: Generating connections (3D)...
[2026-06-12 10:56:23][INFO] SIM_BRIDGE: Simulation data initialized for 512 neurons (3D). Synapses: 0. GPU memory: 1.8GB/25.8GB (7.0%)
[2026-06-12 10:56:40][INFO] SIM_BRIDGE: CuPy using GPU: NVIDIA GeForce RTX 3090 (24.0 GB), mempool limit: 80%
[2026-06-12 10:56:40][INFO] SIM_BRIDGE: Initializing simulation data for model: IZHIKEVICH (3D)... (playback_init: False)
[2026-06-12 10:56:40][INFO] SIM_BRIDGE: RNG initialized with seed: 44
[2026-06-12 10:56:40][INFO] SIM_BRIDGE: Initializing Izhikevich model specifics for 384 neurons...
[2026-06-12 10:56:40][INFO] SIM_BRIDGE: Applying parameter heterogeneity to neuron parameters...
[2026-06-12 10:56:40][INFO] SIM_BRIDGE: Applied heterogeneity to 4 parameters.
[2026-06-12 10:56:40][INFO] SIM_BRIDGE: Initializing OU process state (tau=15.0ms, sigma=0.0pA)...
[2026-06-12 10:56:40][INFO] SIM_BRIDGE: Generating 3D neuron positions for 384 neurons...
[2026-06-12 10:56:40][INFO] SIM_BRIDGE: Generating connections (3D)...
[2026-06-12 10:56:40][INFO] SIM_BRIDGE: Simulation data initialized for 384 neurons (3D). Synapses: 0. GPU memory: 1.8GB/25.8GB (7.0%)
    B1 generalization acc=1.000 (chance=0.250, 4.0x)
    B1-conv (fallback through what_does) acc=1.000
    B2 moat on genuine absence: floor_n=64 false_accepts=0 abstains_all=True

  ----------------------------------------------------------------------------------------
  ANTI-CHEATS C1-C4
  ----------------------------------------------------------------------------------------
    C1 permuted-similarity: B1=0.175 collapses=True
[2026-06-12 11:02:19][INFO] SIM_BRIDGE: CuPy using GPU: NVIDIA GeForce RTX 3090 (24.0 GB), mempool limit: 80%
[2026-06-12 11:02:19][INFO] SIM_BRIDGE: Initializing simulation data for model: IZHIKEVICH (3D)... (playback_init: False)
[2026-06-12 11:02:19][INFO] SIM_BRIDGE: RNG initialized with seed: 44
[2026-06-12 11:02:19][INFO] SIM_BRIDGE: Initializing Izhikevich model specifics for 256 neurons...
[2026-06-12 11:02:19][INFO] SIM_BRIDGE: Applying parameter heterogeneity to neuron parameters...
[2026-06-12 11:02:19][INFO] SIM_BRIDGE: Applied heterogeneity to 4 parameters.
[2026-06-12 11:02:19][INFO] SIM_BRIDGE: Initializing OU process state (tau=15.0ms, sigma=0.0pA)...
[2026-06-12 11:02:19][INFO] SIM_BRIDGE: Generating 3D neuron positions for 256 neurons...
[2026-06-12 11:02:19][INFO] SIM_BRIDGE: Generating connections (3D)...
[2026-06-12 11:02:19][INFO] SIM_BRIDGE: Simulation data initialized for 256 neurons (3D). Synapses: 0. GPU memory: 1.8GB/25.8GB (7.0%)
[2026-06-12 11:02:20][INFO] SIM_BRIDGE: CuPy using GPU: NVIDIA GeForce RTX 3090 (24.0 GB), mempool limit: 80%
[2026-06-12 11:02:20][INFO] SIM_BRIDGE: Initializing simulation data for model: IZHIKEVICH (3D)... (playback_init: False)
[2026-06-12 11:02:20][INFO] SIM_BRIDGE: RNG initialized with seed: 44
[2026-06-12 11:02:20][INFO] SIM_BRIDGE: Initializing Izhikevich model specifics for 512 neurons...
[2026-06-12 11:02:20][INFO] SIM_BRIDGE: Applying parameter heterogeneity to neuron parameters...
[2026-06-12 11:02:20][INFO] SIM_BRIDGE: Applied heterogeneity to 4 parameters.
[2026-06-12 11:02:20][INFO] SIM_BRIDGE: Initializing OU process state (tau=15.0ms, sigma=0.0pA)...
[2026-06-12 11:02:20][INFO] SIM_BRIDGE: Generating 3D neuron positions for 512 neurons...
[2026-06-12 11:02:20][INFO] SIM_BRIDGE: Generating connections (3D)...
[2026-06-12 11:02:20][INFO] SIM_BRIDGE: Simulation data initialized for 512 neurons (3D). Synapses: 0. GPU memory: 1.8GB/25.8GB (7.0%)
[2026-06-12 11:02:22][INFO] SIM_BRIDGE: CuPy using GPU: NVIDIA GeForce RTX 3090 (24.0 GB), mempool limit: 80%
[2026-06-12 11:02:22][INFO] SIM_BRIDGE: Initializing simulation data for model: IZHIKEVICH (3D)... (playback_init: False)
[2026-06-12 11:02:22][INFO] SIM_BRIDGE: RNG initialized with seed: 44
[2026-06-12 11:02:22][INFO] SIM_BRIDGE: Initializing Izhikevich model specifics for 256 neurons...
[2026-06-12 11:02:22][INFO] SIM_BRIDGE: Applying parameter heterogeneity to neuron parameters...
[2026-06-12 11:02:22][INFO] SIM_BRIDGE: Applied heterogeneity to 4 parameters.
[2026-06-12 11:02:22][INFO] SIM_BRIDGE: Initializing OU process state (tau=15.0ms, sigma=0.0pA)...
[2026-06-12 11:02:22][INFO] SIM_BRIDGE: Generating 3D neuron positions for 256 neurons...
[2026-06-12 11:02:22][INFO] SIM_BRIDGE: Generating connections (3D)...
[2026-06-12 11:02:22][INFO] SIM_BRIDGE: Simulation data initialized for 256 neurons (3D). Synapses: 0. GPU memory: 1.8GB/25.8GB (7.0%)
[2026-06-12 11:02:22][INFO] SIM_BRIDGE: CuPy using GPU: NVIDIA GeForce RTX 3090 (24.0 GB), mempool limit: 80%
[2026-06-12 11:02:22][INFO] SIM_BRIDGE: Initializing simulation data for model: IZHIKEVICH (3D)... (playback_init: False)
[2026-06-12 11:02:22][INFO] SIM_BRIDGE: RNG initialized with seed: 44
[2026-06-12 11:02:22][INFO] SIM_BRIDGE: Initializing Izhikevich model specifics for 640 neurons...
[2026-06-12 11:02:22][INFO] SIM_BRIDGE: Applying parameter heterogeneity to neuron parameters...
[2026-06-12 11:02:22][INFO] SIM_BRIDGE: Applied heterogeneity to 4 parameters.
[2026-06-12 11:02:22][INFO] SIM_BRIDGE: Initializing OU process state (tau=15.0ms, sigma=0.0pA)...
[2026-06-12 11:02:22][INFO] SIM_BRIDGE: Generating 3D neuron positions for 640 neurons...
[2026-06-12 11:02:22][INFO] SIM_BRIDGE: Generating connections (3D)...
[2026-06-12 11:02:22][INFO] SIM_BRIDGE: Simulation data initialized for 640 neurons (3D). Synapses: 0. GPU memory: 1.8GB/25.8GB (7.0%)
[2026-06-12 11:02:24][INFO] SIM_BRIDGE: CuPy using GPU: NVIDIA GeForce RTX 3090 (24.0 GB), mempool limit: 80%
[2026-06-12 11:02:24][INFO] SIM_BRIDGE: Initializing simulation data for model: IZHIKEVICH (3D)... (playback_init: False)
[2026-06-12 11:02:24][INFO] SIM_BRIDGE: RNG initialized with seed: 44
[2026-06-12 11:02:24][INFO] SIM_BRIDGE: Initializing Izhikevich model specifics for 256 neurons...
[2026-06-12 11:02:24][INFO] SIM_BRIDGE: Applying parameter heterogeneity to neuron parameters...
[2026-06-12 11:02:24][INFO] SIM_BRIDGE: Applied heterogeneity to 4 parameters.
[2026-06-12 11:02:24][INFO] SIM_BRIDGE: Initializing OU process state (tau=15.0ms, sigma=0.0pA)...
[2026-06-12 11:02:24][INFO] SIM_BRIDGE: Generating 3D neuron positions for 256 neurons...
[2026-06-12 11:02:24][INFO] SIM_BRIDGE: Generating connections (3D)...
[2026-06-12 11:02:24][INFO] SIM_BRIDGE: Simulation data initialized for 256 neurons (3D). Synapses: 0. GPU memory: 1.8GB/25.8GB (7.0%)
[2026-06-12 11:02:25][INFO] SIM_BRIDGE: CuPy using GPU: NVIDIA GeForce RTX 3090 (24.0 GB), mempool limit: 80%
[2026-06-12 11:02:25][INFO] SIM_BRIDGE: Initializing simulation data for model: IZHIKEVICH (3D)... (playback_init: False)
[2026-06-12 11:02:25][INFO] SIM_BRIDGE: RNG initialized with seed: 44
[2026-06-12 11:02:25][INFO] SIM_BRIDGE: Initializing Izhikevich model specifics for 640 neurons...
[2026-06-12 11:02:25][INFO] SIM_BRIDGE: Applying parameter heterogeneity to neuron parameters...
[2026-06-12 11:02:25][INFO] SIM_BRIDGE: Applied heterogeneity to 4 parameters.
[2026-06-12 11:02:25][INFO] SIM_BRIDGE: Initializing OU process state (tau=15.0ms, sigma=0.0pA)...
[2026-06-12 11:02:25][INFO] SIM_BRIDGE: Generating 3D neuron positions for 640 neurons...
[2026-06-12 11:02:25][INFO] SIM_BRIDGE: Generating connections (3D)...
[2026-06-12 11:02:25][INFO] SIM_BRIDGE: Simulation data initialized for 640 neurons (3D). Synapses: 0. GPU memory: 1.8GB/25.8GB (7.0%)
[2026-06-12 11:02:26][INFO] SIM_BRIDGE: CuPy using GPU: NVIDIA GeForce RTX 3090 (24.0 GB), mempool limit: 80%
[2026-06-12 11:02:26][INFO] SIM_BRIDGE: Initializing simulation data for model: IZHIKEVICH (3D)... (playback_init: False)
[2026-06-12 11:02:26][INFO] SIM_BRIDGE: RNG initialized with seed: 44
[2026-06-12 11:02:26][INFO] SIM_BRIDGE: Initializing Izhikevich model specifics for 256 neurons...
[2026-06-12 11:02:26][INFO] SIM_BRIDGE: Applying parameter heterogeneity to neuron parameters...
[2026-06-12 11:02:26][INFO] SIM_BRIDGE: Applied heterogeneity to 4 parameters.
[2026-06-12 11:02:26][INFO] SIM_BRIDGE: Initializing OU process state (tau=15.0ms, sigma=0.0pA)...
[2026-06-12 11:02:26][INFO] SIM_BRIDGE: Generating 3D neuron positions for 256 neurons...
[2026-06-12 11:02:26][INFO] SIM_BRIDGE: Generating connections (3D)...
[2026-06-12 11:02:26][INFO] SIM_BRIDGE: Simulation data initialized for 256 neurons (3D). Synapses: 0. GPU memory: 1.8GB/25.8GB (7.0%)
[2026-06-12 11:02:26][INFO] SIM_BRIDGE: CuPy using GPU: NVIDIA GeForce RTX 3090 (24.0 GB), mempool limit: 80%
[2026-06-12 11:02:26][INFO] SIM_BRIDGE: Initializing simulation data for model: IZHIKEVICH (3D)... (playback_init: False)
[2026-06-12 11:02:26][INFO] SIM_BRIDGE: RNG initialized with seed: 44
[2026-06-12 11:02:26][INFO] SIM_BRIDGE: Initializing Izhikevich model specifics for 512 neurons...
[2026-06-12 11:02:26][INFO] SIM_BRIDGE: Applying parameter heterogeneity to neuron parameters...
[2026-06-12 11:02:26][INFO] SIM_BRIDGE: Applied heterogeneity to 4 parameters.
[2026-06-12 11:02:26][INFO] SIM_BRIDGE: Initializing OU process state (tau=15.0ms, sigma=0.0pA)...
[2026-06-12 11:02:26][INFO] SIM_BRIDGE: Generating 3D neuron positions for 512 neurons...
[2026-06-12 11:02:26][INFO] SIM_BRIDGE: Generating connections (3D)...
[2026-06-12 11:02:26][INFO] SIM_BRIDGE: Simulation data initialized for 512 neurons (3D). Synapses: 0. GPU memory: 1.8GB/25.8GB (7.0%)
    C2 orthogonal codes: B1=0.375 collapses=True | matrix still passes=True (cells=6, moat=True)
[2026-06-12 11:02:31][INFO] SIM_BRIDGE: CuPy using GPU: NVIDIA GeForce RTX 3090 (24.0 GB), mempool limit: 80%
[2026-06-12 11:02:31][INFO] SIM_BRIDGE: Initializing simulation data for model: IZHIKEVICH (3D)... (playback_init: False)
[2026-06-12 11:02:31][INFO] SIM_BRIDGE: RNG initialized with seed: 44
[2026-06-12 11:02:31][INFO] SIM_BRIDGE: Initializing Izhikevich model specifics for 256 neurons...
[2026-06-12 11:02:31][INFO] SIM_BRIDGE: Applying parameter heterogeneity to neuron parameters...
[2026-06-12 11:02:31][INFO] SIM_BRIDGE: Applied heterogeneity to 4 parameters.
[2026-06-12 11:02:31][INFO] SIM_BRIDGE: Initializing OU process state (tau=15.0ms, sigma=0.0pA)...
[2026-06-12 11:02:31][INFO] SIM_BRIDGE: Generating 3D neuron positions for 256 neurons...
[2026-06-12 11:02:31][INFO] SIM_BRIDGE: Generating connections (3D)...
[2026-06-12 11:02:31][INFO] SIM_BRIDGE: Simulation data initialized for 256 neurons (3D). Synapses: 0. GPU memory: 1.8GB/25.8GB (7.0%)
[2026-06-12 11:02:31][INFO] SIM_BRIDGE: CuPy using GPU: NVIDIA GeForce RTX 3090 (24.0 GB), mempool limit: 80%
[2026-06-12 11:02:31][INFO] SIM_BRIDGE: Initializing simulation data for model: IZHIKEVICH (3D)... (playback_init: False)
[2026-06-12 11:02:31][INFO] SIM_BRIDGE: RNG initialized with seed: 44
[2026-06-12 11:02:31][INFO] SIM_BRIDGE: Initializing Izhikevich model specifics for 512 neurons...
[2026-06-12 11:02:31][INFO] SIM_BRIDGE: Applying parameter heterogeneity to neuron parameters...
[2026-06-12 11:02:31][INFO] SIM_BRIDGE: Applied heterogeneity to 4 parameters.
[2026-06-12 11:02:31][INFO] SIM_BRIDGE: Initializing OU process state (tau=15.0ms, sigma=0.0pA)...
[2026-06-12 11:02:31][INFO] SIM_BRIDGE: Generating 3D neuron positions for 512 neurons...
[2026-06-12 11:02:31][INFO] SIM_BRIDGE: Generating connections (3D)...
[2026-06-12 11:02:31][INFO] SIM_BRIDGE: Simulation data initialized for 512 neurons (3D). Synapses: 0. GPU memory: 1.8GB/25.8GB (7.0%)
[2026-06-12 11:02:48][INFO] SIM_BRIDGE: CuPy using GPU: NVIDIA GeForce RTX 3090 (24.0 GB), mempool limit: 80%
[2026-06-12 11:02:48][INFO] SIM_BRIDGE: Initializing simulation data for model: IZHIKEVICH (3D)... (playback_init: False)
[2026-06-12 11:02:48][INFO] SIM_BRIDGE: RNG initialized with seed: 44
[2026-06-12 11:02:48][INFO] SIM_BRIDGE: Initializing Izhikevich model specifics for 384 neurons...
[2026-06-12 11:02:48][INFO] SIM_BRIDGE: Applying parameter heterogeneity to neuron parameters...
[2026-06-12 11:02:48][INFO] SIM_BRIDGE: Applied heterogeneity to 4 parameters.
[2026-06-12 11:02:48][INFO] SIM_BRIDGE: Initializing OU process state (tau=15.0ms, sigma=0.0pA)...
[2026-06-12 11:02:48][INFO] SIM_BRIDGE: Generating 3D neuron positions for 384 neurons...
[2026-06-12 11:02:48][INFO] SIM_BRIDGE: Generating connections (3D)...
[2026-06-12 11:02:48][INFO] SIM_BRIDGE: Simulation data initialized for 384 neurons (3D). Synapses: 0. GPU memory: 1.8GB/25.8GB (7.0%)
    C3 moat alongside host: agreement=1.000 host-abstain/gate-accept=0 (MUST be 0) floor-false-accepts=0 (MUST be 0) lesion-collapses=True -> moat_intact=True
    C4 random-shard: B1=0.181 collapses=True (n=64)

============================================================================================
  CORTEX<->CONVERSATION CAPABILITY DE-RISK SUMMARY -- mode=full
============================================================================================
  [gate_A] {'all_pass': True, 'per_seed': [True, True, True], 'any_abstention_breach': False}
  [gate_B] {'b1_per_seed': [0.9875, 1.0, 1.0], 'b1_all_GO': True, 'b1_above_chance': True, 'b1_boundary_band': False, 'b2_zero_false_accepts': True, 'chance': 0.25}
  [anticheats] {'C1_collapses': True, 'C2_collapses_matrix_passes': True, 'C3_moat_intact_lesion_collapses': True, 'C4_collapses': True}

  >>> COMBINED VERDICT: GO <<<
  Total elapsed: 8086.4s
============================================================================================

  [saved] research/findings/raw/_cortex_conversation_capability_derisk_full.json
