[D3 EVENT MULTI-TURN QA] [SPIKING event] the running EVENT persists ACROSS turns + survives intervening questions; a turn-2 pronoun resolves to a turn-1 referent
[2026-07-10 05:30:32][INFO] SIM_BRIDGE: NumPy backend (CPU (NumPy backend), 47.7 GB RAM available)
[2026-07-10 05:30:32][INFO] SIM_BRIDGE: Initializing simulation data for model: IZHIKEVICH (3D)... (playback_init: False)
[2026-07-10 05:30:32][INFO] SIM_BRIDGE: Brain-region framework: 7 regions, 96 total neurons, 12 pathways.
[2026-07-10 05:30:32][INFO] SIM_BRIDGE: RNG initialized with seed: 101
[2026-07-10 05:30:32][INFO] SIM_BRIDGE: Initializing Izhikevich model specifics for 96 neurons...
[2026-07-10 05:30:32][INFO] SIM_BRIDGE: Applying parameter heterogeneity to neuron parameters...
[2026-07-10 05:30:32][INFO] SIM_BRIDGE: Applied heterogeneity to 4 parameters.
[2026-07-10 05:30:32][INFO] SIM_BRIDGE: Initializing OU process state (tau=15.0ms, sigma=0.0pA)...
[2026-07-10 05:30:32][INFO] SIM_BRIDGE: Generating 3D neuron positions for 96 neurons...
[2026-07-10 05:30:32][INFO] SIM_BRIDGE: Generating connections (brain-region framework)...
[2026-07-10 05:30:32][INFO] SIM_BRIDGE: inject_explicit_wiring: installed 2041 synapses across 12 populations.
[2026-07-10 05:30:32][INFO] SIM_BRIDGE: Simulation data initialized for 96 neurons (3D). Synapses: 2041. GPU memory: 21.7GB/51.2GB (42.3%)
[2026-07-10 05:30:32][INFO] SIM_BRIDGE: NumPy backend (CPU (NumPy backend), 47.7 GB RAM available)
[2026-07-10 05:30:32][INFO] SIM_BRIDGE: Initializing simulation data for model: IZHIKEVICH (3D)... (playback_init: False)
[2026-07-10 05:30:32][INFO] SIM_BRIDGE: Brain-region framework: 7 regions, 96 total neurons, 12 pathways.
[2026-07-10 05:30:32][INFO] SIM_BRIDGE: RNG initialized with seed: 108
[2026-07-10 05:30:32][INFO] SIM_BRIDGE: Initializing Izhikevich model specifics for 96 neurons...
[2026-07-10 05:30:32][INFO] SIM_BRIDGE: Applying parameter heterogeneity to neuron parameters...
[2026-07-10 05:30:32][INFO] SIM_BRIDGE: Applied heterogeneity to 4 parameters.
[2026-07-10 05:30:32][INFO] SIM_BRIDGE: Initializing OU process state (tau=15.0ms, sigma=0.0pA)...
[2026-07-10 05:30:32][INFO] SIM_BRIDGE: Generating 3D neuron positions for 96 neurons...
[2026-07-10 05:30:32][INFO] SIM_BRIDGE: Generating connections (brain-region framework)...
[2026-07-10 05:30:32][INFO] SIM_BRIDGE: inject_explicit_wiring: installed 2006 synapses across 12 populations.
[2026-07-10 05:30:32][INFO] SIM_BRIDGE: Simulation data initialized for 96 neurons (3D). Synapses: 2006. GPU memory: 21.7GB/51.2GB (42.3%)
[2026-07-10 05:30:32][INFO] SIM_BRIDGE: NumPy backend (CPU (NumPy backend), 47.7 GB RAM available)
[2026-07-10 05:30:32][INFO] SIM_BRIDGE: Initializing simulation data for model: IZHIKEVICH (3D)... (playback_init: False)
[2026-07-10 05:30:32][INFO] SIM_BRIDGE: RNG initialized with seed: 101
[2026-07-10 05:30:32][INFO] SIM_BRIDGE: Initializing Izhikevich model specifics for 126 neurons...
[2026-07-10 05:30:32][INFO] SIM_BRIDGE: Applying parameter heterogeneity to neuron parameters...
[2026-07-10 05:30:32][INFO] SIM_BRIDGE: Applied heterogeneity to 4 parameters.
[2026-07-10 05:30:32][INFO] SIM_BRIDGE: Initializing OU process state (tau=15.0ms, sigma=20.0pA)...
[2026-07-10 05:30:32][INFO] SIM_BRIDGE: Generating 3D neuron positions for 126 neurons...
[2026-07-10 05:30:32][INFO] SIM_BRIDGE: Generating connections (3D)...
[2026-07-10 05:30:32][INFO] SIM_BRIDGE: Simulation data initialized for 126 neurons (3D). Synapses: 0. GPU memory: 21.6GB/51.2GB (42.2%)
[2026-07-10 05:30:32][INFO] SIM_BRIDGE: inject_explicit_wiring: installed 720 synapses across 1 populations.
[2026-07-10 05:30:41][INFO] SIM_BRIDGE: NumPy backend (CPU (NumPy backend), 47.7 GB RAM available)
[2026-07-10 05:30:41][INFO] SIM_BRIDGE: Initializing simulation data for model: IZHIKEVICH (3D)... (playback_init: False)
[2026-07-10 05:30:41][INFO] SIM_BRIDGE: RNG initialized with seed: 101
[2026-07-10 05:30:41][INFO] SIM_BRIDGE: Initializing Izhikevich model specifics for 224 neurons...
[2026-07-10 05:30:41][INFO] SIM_BRIDGE: Applying parameter heterogeneity to neuron parameters...
[2026-07-10 05:30:41][INFO] SIM_BRIDGE: Applied heterogeneity to 4 parameters.
[2026-07-10 05:30:41][INFO] SIM_BRIDGE: Initializing OU process state (tau=15.0ms, sigma=20.0pA)...
[2026-07-10 05:30:41][INFO] SIM_BRIDGE: Generating 3D neuron positions for 224 neurons...
[2026-07-10 05:30:41][INFO] SIM_BRIDGE: Generating connections (3D)...
[2026-07-10 05:30:41][INFO] SIM_BRIDGE: Simulation data initialized for 224 neurons (3D). Synapses: 0. GPU memory: 21.9GB/51.2GB (42.7%)
[2026-07-10 05:30:41][INFO] SIM_BRIDGE: inject_explicit_wiring: installed 4800 synapses across 1 populations.
[2026-07-10 05:30:53][INFO] SIM_BRIDGE: NumPy backend (CPU (NumPy backend), 47.7 GB RAM available)
[2026-07-10 05:30:53][INFO] SIM_BRIDGE: Initializing simulation data for model: IZHIKEVICH (3D)... (playback_init: False)
[2026-07-10 05:30:53][INFO] SIM_BRIDGE: Brain-region framework: 2 regions, 1200 total neurons, 2 pathways.
[2026-07-10 05:30:53][INFO] SIM_BRIDGE: RNG initialized with seed: 101
[2026-07-10 05:30:53][INFO] SIM_BRIDGE: NMDA per-region mask: 2 regions enabled (1200 neurons)
[2026-07-10 05:30:53][INFO] SIM_BRIDGE: Initializing Izhikevich model specifics for 1200 neurons...
[2026-07-10 05:30:53][INFO] SIM_BRIDGE: Region 'cortex_ctx' (600 neurons): using Izh type IZH2007_HIPPO_PYRAMIDAL
[2026-07-10 05:30:53][INFO] SIM_BRIDGE: Region 'dlpfc_wm' (600 neurons): using Izh type IZH2007_HIPPO_PYRAMIDAL
[2026-07-10 05:30:53][INFO] SIM_BRIDGE: Applying parameter heterogeneity to neuron parameters...
[2026-07-10 05:30:53][INFO] SIM_BRIDGE: Applied heterogeneity to 4 parameters.
[2026-07-10 05:30:53][INFO] SIM_BRIDGE: Generating 3D neuron positions for 1200 neurons...
[2026-07-10 05:30:53][INFO] SIM_BRIDGE: Generating connections (brain-region framework)...
[2026-07-10 05:30:54][INFO] SIM_BRIDGE: inject_explicit_wiring: installed 107926 synapses across 4 populations.
[2026-07-10 05:30:54][INFO] SIM_BRIDGE: Initializing eligibility traces for 107926 synapses (capacity: 161889, dtype: float32)...
[2026-07-10 05:30:54][INFO] SIM_BRIDGE: Initializing STDP state for 1200 neurons...
[2026-07-10 05:30:54][INFO] SIM_BRIDGE: Simulation data initialized for 1200 neurons (3D). Synapses: 107926. GPU memory: 22.0GB/51.2GB (43.0%)
[2026-07-10 05:30:54][INFO] SIM_BRIDGE: NumPy backend (CPU (NumPy backend), 47.7 GB RAM available)
[2026-07-10 05:30:54][INFO] SIM_BRIDGE: Initializing simulation data for model: IZHIKEVICH (3D)... (playback_init: False)
[2026-07-10 05:30:54][INFO] SIM_BRIDGE: Brain-region framework: 14 regions, 1380 total neurons, 38 pathways.
[2026-07-10 05:30:54][INFO] SIM_BRIDGE: RNG initialized with seed: 101
[2026-07-10 05:30:54][INFO] SIM_BRIDGE: NMDA per-region mask: 8 regions enabled (1320 neurons)
[2026-07-10 05:30:54][INFO] SIM_BRIDGE: Initializing Izhikevich model specifics for 1380 neurons...
[2026-07-10 05:30:54][INFO] SIM_BRIDGE: Region 'cortex_ctx' (600 neurons): using Izh type IZH2007_HIPPO_PYRAMIDAL
[2026-07-10 05:30:54][INFO] SIM_BRIDGE: Region 'dlpfc_wm' (600 neurons): using Izh type IZH2007_HIPPO_PYRAMIDAL
[2026-07-10 05:30:54][INFO] SIM_BRIDGE: Region 'sel_dog' (20 neurons): using Izh type IZH2007_RS_CORTICAL_PYRAMIDAL
[2026-07-10 05:30:54][INFO] SIM_BRIDGE: Region 'sel_FS_dog' (10 neurons): using Izh type IZH2007_FS_CORTICAL_INTERNEURON
[2026-07-10 05:30:54][INFO] SIM_BRIDGE: Region 'sel_cat' (20 neurons): using Izh type IZH2007_RS_CORTICAL_PYRAMIDAL
[2026-07-10 05:30:54][INFO] SIM_BRIDGE: Region 'sel_FS_cat' (10 neurons): using Izh type IZH2007_FS_CORTICAL_INTERNEURON
[2026-07-10 05:30:54][INFO] SIM_BRIDGE: Region 'sel_fish' (20 neurons): using Izh type IZH2007_RS_CORTICAL_PYRAMIDAL
[2026-07-10 05:30:54][INFO] SIM_BRIDGE: Region 'sel_FS_fish' (10 neurons): using Izh type IZH2007_FS_CORTICAL_INTERNEURON
[2026-07-10 05:30:54][INFO] SIM_BRIDGE: Region 'sel_bird' (20 neurons): using Izh type IZH2007_RS_CORTICAL_PYRAMIDAL
[2026-07-10 05:30:54][INFO] SIM_BRIDGE: Region 'sel_FS_bird' (10 neurons): using Izh type IZH2007_FS_CORTICAL_INTERNEURON
[2026-07-10 05:30:54][INFO] SIM_BRIDGE: Region 'sel_worm' (20 neurons): using Izh type IZH2007_RS_CORTICAL_PYRAMIDAL
[2026-07-10 05:30:54][INFO] SIM_BRIDGE: Region 'sel_FS_worm' (10 neurons): using Izh type IZH2007_FS_CORTICAL_INTERNEURON
[2026-07-10 05:30:54][INFO] SIM_BRIDGE: Region 'sel_ball' (20 neurons): using Izh type IZH2007_RS_CORTICAL_PYRAMIDAL
[2026-07-10 05:30:54][INFO] SIM_BRIDGE: Region 'sel_FS_ball' (10 neurons): using Izh type IZH2007_FS_CORTICAL_INTERNEURON
[2026-07-10 05:30:54][INFO] SIM_BRIDGE: Applying parameter heterogeneity to neuron parameters...
[2026-07-10 05:30:54][INFO] SIM_BRIDGE: Applied heterogeneity to 4 parameters.
[2026-07-10 05:30:54][INFO] SIM_BRIDGE: Generating 3D neuron positions for 1380 neurons...
[2026-07-10 05:30:54][INFO] SIM_BRIDGE: Generating connections (brain-region framework)...
[2026-07-10 05:30:54][INFO] SIM_BRIDGE: inject_explicit_wiring: installed 44384 synapses across 44 populations.
[2026-07-10 05:30:54][INFO] SIM_BRIDGE: Initializing eligibility traces for 44384 synapses (capacity: 66576, dtype: float32)...
[2026-07-10 05:30:54][INFO] SIM_BRIDGE: Initializing STDP state for 1380 neurons...
[2026-07-10 05:30:54][INFO] SIM_BRIDGE: Simulation data initialized for 1380 neurons (3D). Synapses: 44384. GPU memory: 22.0GB/51.2GB (43.0%)
[2026-07-10 05:30:54][INFO] SIM_BRIDGE: NumPy backend (CPU (NumPy backend), 47.7 GB RAM available)
[2026-07-10 05:30:54][INFO] SIM_BRIDGE: Initializing simulation data for model: IZHIKEVICH (3D)... (playback_init: False)
[2026-07-10 05:30:54][INFO] SIM_BRIDGE: RNG initialized with seed: 101
[2026-07-10 05:30:54][INFO] SIM_BRIDGE: Initializing Izhikevich model specifics for 256 neurons...
[2026-07-10 05:30:54][INFO] SIM_BRIDGE: Applying parameter heterogeneity to neuron parameters...
[2026-07-10 05:30:54][INFO] SIM_BRIDGE: Applied heterogeneity to 4 parameters.
[2026-07-10 05:30:54][INFO] SIM_BRIDGE: Initializing OU process state (tau=15.0ms, sigma=0.0pA)...
[2026-07-10 05:30:54][INFO] SIM_BRIDGE: Generating 3D neuron positions for 256 neurons...
[2026-07-10 05:30:54][INFO] SIM_BRIDGE: Generating connections (3D)...
[2026-07-10 05:30:54][INFO] SIM_BRIDGE: Simulation data initialized for 256 neurons (3D). Synapses: 0. GPU memory: 22.1GB/51.2GB (43.1%)
[2026-07-10 05:30:54][INFO] SIM_BRIDGE: NumPy backend (CPU (NumPy backend), 47.7 GB RAM available)
[2026-07-10 05:30:54][INFO] SIM_BRIDGE: Initializing simulation data for model: IZHIKEVICH (3D)... (playback_init: False)
[2026-07-10 05:30:54][INFO] SIM_BRIDGE: RNG initialized with seed: 101
[2026-07-10 05:30:54][INFO] SIM_BRIDGE: Initializing Izhikevich model specifics for 512 neurons...
[2026-07-10 05:30:54][INFO] SIM_BRIDGE: Applying parameter heterogeneity to neuron parameters...
[2026-07-10 05:30:54][INFO] SIM_BRIDGE: Applied heterogeneity to 4 parameters.
[2026-07-10 05:30:54][INFO] SIM_BRIDGE: Initializing OU process state (tau=15.0ms, sigma=0.0pA)...
[2026-07-10 05:30:54][INFO] SIM_BRIDGE: Generating 3D neuron positions for 512 neurons...
[2026-07-10 05:30:54][INFO] SIM_BRIDGE: Generating connections (3D)...
[2026-07-10 05:30:54][INFO] SIM_BRIDGE: Simulation data initialized for 512 neurons (3D). Synapses: 0. GPU memory: 22.1GB/51.2GB (43.1%)
[2026-07-10 05:31:10][INFO] SIM_BRIDGE: NumPy backend (CPU (NumPy backend), 47.7 GB RAM available)
[2026-07-10 05:31:10][INFO] SIM_BRIDGE: Initializing simulation data for model: IZHIKEVICH (3D)... (playback_init: False)
[2026-07-10 05:31:10][INFO] SIM_BRIDGE: Brain-region framework: 7 regions, 96 total neurons, 12 pathways.
[2026-07-10 05:31:10][INFO] SIM_BRIDGE: RNG initialized with seed: 101
[2026-07-10 05:31:10][INFO] SIM_BRIDGE: Initializing Izhikevich model specifics for 96 neurons...
[2026-07-10 05:31:10][INFO] SIM_BRIDGE: Applying parameter heterogeneity to neuron parameters...
[2026-07-10 05:31:10][INFO] SIM_BRIDGE: Applied heterogeneity to 4 parameters.
[2026-07-10 05:31:10][INFO] SIM_BRIDGE: Initializing OU process state (tau=15.0ms, sigma=0.0pA)...
[2026-07-10 05:31:10][INFO] SIM_BRIDGE: Generating 3D neuron positions for 96 neurons...
[2026-07-10 05:31:10][INFO] SIM_BRIDGE: Generating connections (brain-region framework)...
[2026-07-10 05:31:10][INFO] SIM_BRIDGE: inject_explicit_wiring: installed 2041 synapses across 12 populations.
[2026-07-10 05:31:10][INFO] SIM_BRIDGE: Simulation data initialized for 96 neurons (3D). Synapses: 2041. GPU memory: 22.1GB/51.2GB (43.2%)
[2026-07-10 05:31:10][INFO] SIM_BRIDGE: NumPy backend (CPU (NumPy backend), 47.7 GB RAM available)
[2026-07-10 05:31:10][INFO] SIM_BRIDGE: Initializing simulation data for model: IZHIKEVICH (3D)... (playback_init: False)
[2026-07-10 05:31:10][INFO] SIM_BRIDGE: Brain-region framework: 7 regions, 96 total neurons, 12 pathways.
[2026-07-10 05:31:10][INFO] SIM_BRIDGE: RNG initialized with seed: 108
[2026-07-10 05:31:10][INFO] SIM_BRIDGE: Initializing Izhikevich model specifics for 96 neurons...
[2026-07-10 05:31:10][INFO] SIM_BRIDGE: Applying parameter heterogeneity to neuron parameters...
[2026-07-10 05:31:10][INFO] SIM_BRIDGE: Applied heterogeneity to 4 parameters.
[2026-07-10 05:31:10][INFO] SIM_BRIDGE: Initializing OU process state (tau=15.0ms, sigma=0.0pA)...
[2026-07-10 05:31:10][INFO] SIM_BRIDGE: Generating 3D neuron positions for 96 neurons...
[2026-07-10 05:31:10][INFO] SIM_BRIDGE: Generating connections (brain-region framework)...
[2026-07-10 05:31:10][INFO] SIM_BRIDGE: inject_explicit_wiring: installed 2006 synapses across 12 populations.
[2026-07-10 05:31:10][INFO] SIM_BRIDGE: Simulation data initialized for 96 neurons (3D). Synapses: 2006. GPU memory: 22.1GB/51.2GB (43.2%)
[2026-07-10 05:31:10][INFO] SIM_BRIDGE: NumPy backend (CPU (NumPy backend), 47.7 GB RAM available)
[2026-07-10 05:31:10][INFO] SIM_BRIDGE: Initializing simulation data for model: IZHIKEVICH (3D)... (playback_init: False)
[2026-07-10 05:31:10][INFO] SIM_BRIDGE: RNG initialized with seed: 101
[2026-07-10 05:31:10][INFO] SIM_BRIDGE: Initializing Izhikevich model specifics for 126 neurons...
[2026-07-10 05:31:10][INFO] SIM_BRIDGE: Applying parameter heterogeneity to neuron parameters...
[2026-07-10 05:31:10][INFO] SIM_BRIDGE: Applied heterogeneity to 4 parameters.
[2026-07-10 05:31:10][INFO] SIM_BRIDGE: Initializing OU process state (tau=15.0ms, sigma=20.0pA)...
[2026-07-10 05:31:10][INFO] SIM_BRIDGE: Generating 3D neuron positions for 126 neurons...
[2026-07-10 05:31:10][INFO] SIM_BRIDGE: Generating connections (3D)...
[2026-07-10 05:31:10][INFO] SIM_BRIDGE: Simulation data initialized for 126 neurons (3D). Synapses: 0. GPU memory: 22.1GB/51.2GB (43.1%)
[2026-07-10 05:31:10][INFO] SIM_BRIDGE: inject_explicit_wiring: installed 720 synapses across 1 populations.
[2026-07-10 05:31:16][INFO] SIM_BRIDGE: NumPy backend (CPU (NumPy backend), 47.7 GB RAM available)
[2026-07-10 05:31:16][INFO] SIM_BRIDGE: Initializing simulation data for model: IZHIKEVICH (3D)... (playback_init: False)
[2026-07-10 05:31:16][INFO] SIM_BRIDGE: RNG initialized with seed: 101
[2026-07-10 05:31:16][INFO] SIM_BRIDGE: Initializing Izhikevich model specifics for 224 neurons...
[2026-07-10 05:31:16][INFO] SIM_BRIDGE: Applying parameter heterogeneity to neuron parameters...
[2026-07-10 05:31:16][INFO] SIM_BRIDGE: Applied heterogeneity to 4 parameters.
[2026-07-10 05:31:16][INFO] SIM_BRIDGE: Initializing OU process state (tau=15.0ms, sigma=20.0pA)...
[2026-07-10 05:31:16][INFO] SIM_BRIDGE: Generating 3D neuron positions for 224 neurons...
[2026-07-10 05:31:16][INFO] SIM_BRIDGE: Generating connections (3D)...
[2026-07-10 05:31:16][INFO] SIM_BRIDGE: Simulation data initialized for 224 neurons (3D). Synapses: 0. GPU memory: 22.1GB/51.2GB (43.1%)
[2026-07-10 05:31:16][INFO] SIM_BRIDGE: inject_explicit_wiring: installed 4800 synapses across 1 populations.
[2026-07-10 05:31:28][INFO] SIM_BRIDGE: NumPy backend (CPU (NumPy backend), 47.7 GB RAM available)
[2026-07-10 05:31:28][INFO] SIM_BRIDGE: Initializing simulation data for model: IZHIKEVICH (3D)... (playback_init: False)
[2026-07-10 05:31:28][INFO] SIM_BRIDGE: Brain-region framework: 2 regions, 1200 total neurons, 2 pathways.
[2026-07-10 05:31:28][INFO] SIM_BRIDGE: RNG initialized with seed: 101
[2026-07-10 05:31:28][INFO] SIM_BRIDGE: NMDA per-region mask: 2 regions enabled (1200 neurons)
[2026-07-10 05:31:28][INFO] SIM_BRIDGE: Initializing Izhikevich model specifics for 1200 neurons...
[2026-07-10 05:31:28][INFO] SIM_BRIDGE: Region 'cortex_ctx' (600 neurons): using Izh type IZH2007_HIPPO_PYRAMIDAL
[2026-07-10 05:31:28][INFO] SIM_BRIDGE: Region 'dlpfc_wm' (600 neurons): using Izh type IZH2007_HIPPO_PYRAMIDAL
[2026-07-10 05:31:28][INFO] SIM_BRIDGE: Applying parameter heterogeneity to neuron parameters...
[2026-07-10 05:31:28][INFO] SIM_BRIDGE: Applied heterogeneity to 4 parameters.
[2026-07-10 05:31:28][INFO] SIM_BRIDGE: Generating 3D neuron positions for 1200 neurons...
[2026-07-10 05:31:28][INFO] SIM_BRIDGE: Generating connections (brain-region framework)...
[2026-07-10 05:31:28][INFO] SIM_BRIDGE: inject_explicit_wiring: installed 107926 synapses across 4 populations.
[2026-07-10 05:31:28][INFO] SIM_BRIDGE: Initializing eligibility traces for 107926 synapses (capacity: 161889, dtype: float32)...
[2026-07-10 05:31:28][INFO] SIM_BRIDGE: Initializing STDP state for 1200 neurons...
[2026-07-10 05:31:28][INFO] SIM_BRIDGE: Simulation data initialized for 1200 neurons (3D). Synapses: 107926. GPU memory: 22.2GB/51.2GB (43.4%)
[2026-07-10 05:31:28][INFO] SIM_BRIDGE: NumPy backend (CPU (NumPy backend), 47.7 GB RAM available)
[2026-07-10 05:31:28][INFO] SIM_BRIDGE: Initializing simulation data for model: IZHIKEVICH (3D)... (playback_init: False)
[2026-07-10 05:31:28][INFO] SIM_BRIDGE: Brain-region framework: 14 regions, 1380 total neurons, 38 pathways.
[2026-07-10 05:31:28][INFO] SIM_BRIDGE: RNG initialized with seed: 101
[2026-07-10 05:31:28][INFO] SIM_BRIDGE: NMDA per-region mask: 8 regions enabled (1320 neurons)
[2026-07-10 05:31:28][INFO] SIM_BRIDGE: Initializing Izhikevich model specifics for 1380 neurons...
[2026-07-10 05:31:28][INFO] SIM_BRIDGE: Region 'cortex_ctx' (600 neurons): using Izh type IZH2007_HIPPO_PYRAMIDAL
[2026-07-10 05:31:28][INFO] SIM_BRIDGE: Region 'dlpfc_wm' (600 neurons): using Izh type IZH2007_HIPPO_PYRAMIDAL
[2026-07-10 05:31:28][INFO] SIM_BRIDGE: Region 'sel_dog' (20 neurons): using Izh type IZH2007_RS_CORTICAL_PYRAMIDAL
[2026-07-10 05:31:28][INFO] SIM_BRIDGE: Region 'sel_FS_dog' (10 neurons): using Izh type IZH2007_FS_CORTICAL_INTERNEURON
[2026-07-10 05:31:28][INFO] SIM_BRIDGE: Region 'sel_cat' (20 neurons): using Izh type IZH2007_RS_CORTICAL_PYRAMIDAL
[2026-07-10 05:31:28][INFO] SIM_BRIDGE: Region 'sel_FS_cat' (10 neurons): using Izh type IZH2007_FS_CORTICAL_INTERNEURON
[2026-07-10 05:31:28][INFO] SIM_BRIDGE: Region 'sel_fish' (20 neurons): using Izh type IZH2007_RS_CORTICAL_PYRAMIDAL
[2026-07-10 05:31:28][INFO] SIM_BRIDGE: Region 'sel_FS_fish' (10 neurons): using Izh type IZH2007_FS_CORTICAL_INTERNEURON
[2026-07-10 05:31:28][INFO] SIM_BRIDGE: Region 'sel_bird' (20 neurons): using Izh type IZH2007_RS_CORTICAL_PYRAMIDAL
[2026-07-10 05:31:28][INFO] SIM_BRIDGE: Region 'sel_FS_bird' (10 neurons): using Izh type IZH2007_FS_CORTICAL_INTERNEURON
[2026-07-10 05:31:28][INFO] SIM_BRIDGE: Region 'sel_worm' (20 neurons): using Izh type IZH2007_RS_CORTICAL_PYRAMIDAL
[2026-07-10 05:31:28][INFO] SIM_BRIDGE: Region 'sel_FS_worm' (10 neurons): using Izh type IZH2007_FS_CORTICAL_INTERNEURON
[2026-07-10 05:31:28][INFO] SIM_BRIDGE: Region 'sel_ball' (20 neurons): using Izh type IZH2007_RS_CORTICAL_PYRAMIDAL
[2026-07-10 05:31:28][INFO] SIM_BRIDGE: Region 'sel_FS_ball' (10 neurons): using Izh type IZH2007_FS_CORTICAL_INTERNEURON
[2026-07-10 05:31:28][INFO] SIM_BRIDGE: Applying parameter heterogeneity to neuron parameters...
[2026-07-10 05:31:28][INFO] SIM_BRIDGE: Applied heterogeneity to 4 parameters.
[2026-07-10 05:31:28][INFO] SIM_BRIDGE: Generating 3D neuron positions for 1380 neurons...
[2026-07-10 05:31:28][INFO] SIM_BRIDGE: Generating connections (brain-region framework)...
[2026-07-10 05:31:29][INFO] SIM_BRIDGE: inject_explicit_wiring: installed 44384 synapses across 44 populations.
[2026-07-10 05:31:29][INFO] SIM_BRIDGE: Initializing eligibility traces for 44384 synapses (capacity: 66576, dtype: float32)...
[2026-07-10 05:31:29][INFO] SIM_BRIDGE: Initializing STDP state for 1380 neurons...
[2026-07-10 05:31:29][INFO] SIM_BRIDGE: Simulation data initialized for 1380 neurons (3D). Synapses: 44384. GPU memory: 22.2GB/51.2GB (43.4%)
[2026-07-10 05:31:29][INFO] SIM_BRIDGE: NumPy backend (CPU (NumPy backend), 47.7 GB RAM available)
[2026-07-10 05:31:29][INFO] SIM_BRIDGE: Initializing simulation data for model: IZHIKEVICH (3D)... (playback_init: False)
[2026-07-10 05:31:29][INFO] SIM_BRIDGE: RNG initialized with seed: 101
[2026-07-10 05:31:29][INFO] SIM_BRIDGE: Initializing Izhikevich model specifics for 256 neurons...
[2026-07-10 05:31:29][INFO] SIM_BRIDGE: Applying parameter heterogeneity to neuron parameters...
[2026-07-10 05:31:29][INFO] SIM_BRIDGE: Applied heterogeneity to 4 parameters.
[2026-07-10 05:31:29][INFO] SIM_BRIDGE: Initializing OU process state (tau=15.0ms, sigma=0.0pA)...
[2026-07-10 05:31:29][INFO] SIM_BRIDGE: Generating 3D neuron positions for 256 neurons...
[2026-07-10 05:31:29][INFO] SIM_BRIDGE: Generating connections (3D)...
[2026-07-10 05:31:29][INFO] SIM_BRIDGE: Simulation data initialized for 256 neurons (3D). Synapses: 0. GPU memory: 22.3GB/51.2GB (43.5%)
[2026-07-10 05:31:29][INFO] SIM_BRIDGE: NumPy backend (CPU (NumPy backend), 47.7 GB RAM available)
[2026-07-10 05:31:29][INFO] SIM_BRIDGE: Initializing simulation data for model: IZHIKEVICH (3D)... (playback_init: False)
[2026-07-10 05:31:29][INFO] SIM_BRIDGE: RNG initialized with seed: 101
[2026-07-10 05:31:29][INFO] SIM_BRIDGE: Initializing Izhikevich model specifics for 512 neurons...
[2026-07-10 05:31:29][INFO] SIM_BRIDGE: Applying parameter heterogeneity to neuron parameters...
[2026-07-10 05:31:29][INFO] SIM_BRIDGE: Applied heterogeneity to 4 parameters.
[2026-07-10 05:31:29][INFO] SIM_BRIDGE: Initializing OU process state (tau=15.0ms, sigma=0.0pA)...
[2026-07-10 05:31:29][INFO] SIM_BRIDGE: Generating 3D neuron positions for 512 neurons...
[2026-07-10 05:31:29][INFO] SIM_BRIDGE: Generating connections (3D)...
[2026-07-10 05:31:29][INFO] SIM_BRIDGE: Simulation data initialized for 512 neurons (3D). Synapses: 0. GPU memory: 22.3GB/51.2GB (43.5%)
[2026-07-10 05:31:34][INFO] SIM_BRIDGE: NumPy backend (CPU (NumPy backend), 47.7 GB RAM available)
[2026-07-10 05:31:34][INFO] SIM_BRIDGE: Initializing simulation data for model: IZHIKEVICH (3D)... (playback_init: False)
[2026-07-10 05:31:34][INFO] SIM_BRIDGE: RNG initialized with seed: 101
[2026-07-10 05:31:34][INFO] SIM_BRIDGE: Initializing Izhikevich model specifics for 2048 neurons...
[2026-07-10 05:31:34][INFO] SIM_BRIDGE: Applying parameter heterogeneity to neuron parameters...
[2026-07-10 05:31:34][INFO] SIM_BRIDGE: Applied heterogeneity to 4 parameters.
[2026-07-10 05:31:34][INFO] SIM_BRIDGE: Initializing OU process state (tau=15.0ms, sigma=0.0pA)...
[2026-07-10 05:31:34][INFO] SIM_BRIDGE: Generating 3D neuron positions for 2048 neurons...
[2026-07-10 05:31:34][INFO] SIM_BRIDGE: Generating connections (3D)...
[2026-07-10 05:31:34][INFO] SIM_BRIDGE: Simulation data initialized for 2048 neurons (3D). Synapses: 0. GPU memory: 22.3GB/51.2GB (43.5%)
[2026-07-10 05:31:34][INFO] SIM_BRIDGE: NumPy backend (CPU (NumPy backend), 47.7 GB RAM available)
[2026-07-10 05:31:34][INFO] SIM_BRIDGE: Initializing simulation data for model: IZHIKEVICH (3D)... (playback_init: False)
[2026-07-10 05:31:34][INFO] SIM_BRIDGE: RNG initialized with seed: 101
[2026-07-10 05:31:34][INFO] SIM_BRIDGE: Initializing Izhikevich model specifics for 2048 neurons...
[2026-07-10 05:31:34][INFO] SIM_BRIDGE: Applying parameter heterogeneity to neuron parameters...
[2026-07-10 05:31:34][INFO] SIM_BRIDGE: Applied heterogeneity to 4 parameters.
[2026-07-10 05:31:34][INFO] SIM_BRIDGE: Initializing OU process state (tau=15.0ms, sigma=0.0pA)...
[2026-07-10 05:31:34][INFO] SIM_BRIDGE: Generating 3D neuron positions for 2048 neurons...
[2026-07-10 05:31:34][INFO] SIM_BRIDGE: Generating connections (3D)...
[2026-07-10 05:31:34][INFO] SIM_BRIDGE: Simulation data initialized for 2048 neurons (3D). Synapses: 0. GPU memory: 22.3GB/51.2GB (43.5%)
[2026-07-10 05:31:41][INFO] SIM_BRIDGE: NumPy backend (CPU (NumPy backend), 47.7 GB RAM available)
[2026-07-10 05:31:41][INFO] SIM_BRIDGE: Initializing simulation data for model: IZHIKEVICH (3D)... (playback_init: False)
[2026-07-10 05:31:41][INFO] SIM_BRIDGE: RNG initialized with seed: 101
[2026-07-10 05:31:41][INFO] SIM_BRIDGE: Initializing Izhikevich model specifics for 2304 neurons...
[2026-07-10 05:31:41][INFO] SIM_BRIDGE: Applying parameter heterogeneity to neuron parameters...
[2026-07-10 05:31:41][INFO] SIM_BRIDGE: Applied heterogeneity to 4 parameters.
[2026-07-10 05:31:41][INFO] SIM_BRIDGE: Initializing OU process state (tau=15.0ms, sigma=0.0pA)...
[2026-07-10 05:31:41][INFO] SIM_BRIDGE: Generating 3D neuron positions for 2304 neurons...
[2026-07-10 05:31:41][INFO] SIM_BRIDGE: Generating connections (3D)...
[2026-07-10 05:31:41][INFO] SIM_BRIDGE: Simulation data initialized for 2304 neurons (3D). Synapses: 0. GPU memory: 22.3GB/51.2GB (43.6%)
[2026-07-10 05:31:41][INFO] SIM_BRIDGE: NumPy backend (CPU (NumPy backend), 47.7 GB RAM available)
[2026-07-10 05:31:41][INFO] SIM_BRIDGE: Initializing simulation data for model: IZHIKEVICH (3D)... (playback_init: False)
[2026-07-10 05:31:41][INFO] SIM_BRIDGE: RNG initialized with seed: 101
[2026-07-10 05:31:41][INFO] SIM_BRIDGE: Initializing Izhikevich model specifics for 2304 neurons...
[2026-07-10 05:31:41][INFO] SIM_BRIDGE: Applying parameter heterogeneity to neuron parameters...
[2026-07-10 05:31:41][INFO] SIM_BRIDGE: Applied heterogeneity to 4 parameters.
[2026-07-10 05:31:41][INFO] SIM_BRIDGE: Initializing OU process state (tau=15.0ms, sigma=0.0pA)...
[2026-07-10 05:31:41][INFO] SIM_BRIDGE: Generating 3D neuron positions for 2304 neurons...
[2026-07-10 05:31:41][INFO] SIM_BRIDGE: Generating connections (3D)...
[2026-07-10 05:31:41][INFO] SIM_BRIDGE: Simulation data initialized for 2304 neurons (3D). Synapses: 0. GPU memory: 22.3GB/51.2GB (43.6%)
[2026-07-10 05:31:47][INFO] SIM_BRIDGE: NumPy backend (CPU (NumPy backend), 47.7 GB RAM available)
[2026-07-10 05:31:47][INFO] SIM_BRIDGE: Initializing simulation data for model: IZHIKEVICH (3D)... (playback_init: False)
[2026-07-10 05:31:47][INFO] SIM_BRIDGE: RNG initialized with seed: 101
[2026-07-10 05:31:47][INFO] SIM_BRIDGE: Initializing Izhikevich model specifics for 2560 neurons...
[2026-07-10 05:31:47][INFO] SIM_BRIDGE: Applying parameter heterogeneity to neuron parameters...
[2026-07-10 05:31:47][INFO] SIM_BRIDGE: Applied heterogeneity to 4 parameters.
[2026-07-10 05:31:47][INFO] SIM_BRIDGE: Initializing OU process state (tau=15.0ms, sigma=0.0pA)...
[2026-07-10 05:31:47][INFO] SIM_BRIDGE: Generating 3D neuron positions for 2560 neurons...
[2026-07-10 05:31:47][INFO] SIM_BRIDGE: Generating connections (3D)...
[2026-07-10 05:31:47][INFO] SIM_BRIDGE: Simulation data initialized for 2560 neurons (3D). Synapses: 0. GPU memory: 22.3GB/51.2GB (43.6%)
[2026-07-10 05:31:48][INFO] SIM_BRIDGE: NumPy backend (CPU (NumPy backend), 47.7 GB RAM available)
[2026-07-10 05:31:48][INFO] SIM_BRIDGE: Initializing simulation data for model: IZHIKEVICH (3D)... (playback_init: False)
[2026-07-10 05:31:48][INFO] SIM_BRIDGE: RNG initialized with seed: 101
[2026-07-10 05:31:48][INFO] SIM_BRIDGE: Initializing Izhikevich model specifics for 2560 neurons...
[2026-07-10 05:31:48][INFO] SIM_BRIDGE: Applying parameter heterogeneity to neuron parameters...
[2026-07-10 05:31:48][INFO] SIM_BRIDGE: Applied heterogeneity to 4 parameters.
[2026-07-10 05:31:48][INFO] SIM_BRIDGE: Initializing OU process state (tau=15.0ms, sigma=0.0pA)...
[2026-07-10 05:31:48][INFO] SIM_BRIDGE: Generating 3D neuron positions for 2560 neurons...
[2026-07-10 05:31:48][INFO] SIM_BRIDGE: Generating connections (3D)...
[2026-07-10 05:31:48][INFO] SIM_BRIDGE: Simulation data initialized for 2560 neurons (3D). Synapses: 0. GPU memory: 22.3GB/51.2GB (43.6%)
[2026-07-10 05:31:54][INFO] SIM_BRIDGE: NumPy backend (CPU (NumPy backend), 47.7 GB RAM available)
[2026-07-10 05:31:54][INFO] SIM_BRIDGE: Initializing simulation data for model: IZHIKEVICH (3D)... (playback_init: False)
[2026-07-10 05:31:54][INFO] SIM_BRIDGE: RNG initialized with seed: 101
[2026-07-10 05:31:54][INFO] SIM_BRIDGE: Initializing Izhikevich model specifics for 2816 neurons...
[2026-07-10 05:31:54][INFO] SIM_BRIDGE: Applying parameter heterogeneity to neuron parameters...
[2026-07-10 05:31:54][INFO] SIM_BRIDGE: Applied heterogeneity to 4 parameters.
[2026-07-10 05:31:54][INFO] SIM_BRIDGE: Initializing OU process state (tau=15.0ms, sigma=0.0pA)...
[2026-07-10 05:31:54][INFO] SIM_BRIDGE: Generating 3D neuron positions for 2816 neurons...
[2026-07-10 05:31:54][INFO] SIM_BRIDGE: Generating connections (3D)...
[2026-07-10 05:31:54][INFO] SIM_BRIDGE: Simulation data initialized for 2816 neurons (3D). Synapses: 0. GPU memory: 22.4GB/51.2GB (43.6%)
[2026-07-10 05:31:54][INFO] SIM_BRIDGE: NumPy backend (CPU (NumPy backend), 47.7 GB RAM available)
[2026-07-10 05:31:54][INFO] SIM_BRIDGE: Initializing simulation data for model: IZHIKEVICH (3D)... (playback_init: False)
[2026-07-10 05:31:54][INFO] SIM_BRIDGE: RNG initialized with seed: 101
[2026-07-10 05:31:54][INFO] SIM_BRIDGE: Initializing Izhikevich model specifics for 2816 neurons...
[2026-07-10 05:31:54][INFO] SIM_BRIDGE: Applying parameter heterogeneity to neuron parameters...
[2026-07-10 05:31:54][INFO] SIM_BRIDGE: Applied heterogeneity to 4 parameters.
[2026-07-10 05:31:54][INFO] SIM_BRIDGE: Initializing OU process state (tau=15.0ms, sigma=0.0pA)...
[2026-07-10 05:31:54][INFO] SIM_BRIDGE: Generating 3D neuron positions for 2816 neurons...
[2026-07-10 05:31:54][INFO] SIM_BRIDGE: Generating connections (3D)...
[2026-07-10 05:31:54][INFO] SIM_BRIDGE: Simulation data initialized for 2816 neurons (3D). Synapses: 0. GPU memory: 22.4GB/51.2GB (43.6%)
[2026-07-10 05:32:00][INFO] SIM_BRIDGE: NumPy backend (CPU (NumPy backend), 47.7 GB RAM available)
[2026-07-10 05:32:00][INFO] SIM_BRIDGE: Initializing simulation data for model: IZHIKEVICH (3D)... (playback_init: False)
[2026-07-10 05:32:00][INFO] SIM_BRIDGE: RNG initialized with seed: 101
[2026-07-10 05:32:00][INFO] SIM_BRIDGE: Initializing Izhikevich model specifics for 3072 neurons...
[2026-07-10 05:32:00][INFO] SIM_BRIDGE: Applying parameter heterogeneity to neuron parameters...
[2026-07-10 05:32:00][INFO] SIM_BRIDGE: Applied heterogeneity to 4 parameters.
[2026-07-10 05:32:00][INFO] SIM_BRIDGE: Initializing OU process state (tau=15.0ms, sigma=0.0pA)...
[2026-07-10 05:32:00][INFO] SIM_BRIDGE: Generating 3D neuron positions for 3072 neurons...
[2026-07-10 05:32:00][INFO] SIM_BRIDGE: Generating connections (3D)...
[2026-07-10 05:32:00][INFO] SIM_BRIDGE: Simulation data initialized for 3072 neurons (3D). Synapses: 0. GPU memory: 22.4GB/51.2GB (43.6%)
[2026-07-10 05:32:01][INFO] SIM_BRIDGE: NumPy backend (CPU (NumPy backend), 47.7 GB RAM available)
[2026-07-10 05:32:01][INFO] SIM_BRIDGE: Initializing simulation data for model: IZHIKEVICH (3D)... (playback_init: False)
[2026-07-10 05:32:01][INFO] SIM_BRIDGE: RNG initialized with seed: 101
[2026-07-10 05:32:01][INFO] SIM_BRIDGE: Initializing Izhikevich model specifics for 3072 neurons...
[2026-07-10 05:32:01][INFO] SIM_BRIDGE: Applying parameter heterogeneity to neuron parameters...
[2026-07-10 05:32:01][INFO] SIM_BRIDGE: Applied heterogeneity to 4 parameters.
[2026-07-10 05:32:01][INFO] SIM_BRIDGE: Initializing OU process state (tau=15.0ms, sigma=0.0pA)...
[2026-07-10 05:32:01][INFO] SIM_BRIDGE: Generating 3D neuron positions for 3072 neurons...
[2026-07-10 05:32:01][INFO] SIM_BRIDGE: Generating connections (3D)...
[2026-07-10 05:32:01][INFO] SIM_BRIDGE: Simulation data initialized for 3072 neurons (3D). Synapses: 0. GPU memory: 22.4GB/51.2GB (43.6%)
[2026-07-10 05:32:08][INFO] SIM_BRIDGE: NumPy backend (CPU (NumPy backend), 47.7 GB RAM available)
[2026-07-10 05:32:08][INFO] SIM_BRIDGE: Initializing simulation data for model: IZHIKEVICH (3D)... (playback_init: False)
[2026-07-10 05:32:08][INFO] SIM_BRIDGE: RNG initialized with seed: 101
[2026-07-10 05:32:08][INFO] SIM_BRIDGE: Initializing Izhikevich model specifics for 3328 neurons...
[2026-07-10 05:32:08][INFO] SIM_BRIDGE: Applying parameter heterogeneity to neuron parameters...
[2026-07-10 05:32:08][INFO] SIM_BRIDGE: Applied heterogeneity to 4 parameters.
[2026-07-10 05:32:08][INFO] SIM_BRIDGE: Initializing OU process state (tau=15.0ms, sigma=0.0pA)...
[2026-07-10 05:32:08][INFO] SIM_BRIDGE: Generating 3D neuron positions for 3328 neurons...
[2026-07-10 05:32:08][INFO] SIM_BRIDGE: Generating connections (3D)...
[2026-07-10 05:32:08][INFO] SIM_BRIDGE: Simulation data initialized for 3328 neurons (3D). Synapses: 0. GPU memory: 22.4GB/51.2GB (43.7%)
[2026-07-10 05:32:08][INFO] SIM_BRIDGE: NumPy backend (CPU (NumPy backend), 47.7 GB RAM available)
[2026-07-10 05:32:08][INFO] SIM_BRIDGE: Initializing simulation data for model: IZHIKEVICH (3D)... (playback_init: False)
[2026-07-10 05:32:08][INFO] SIM_BRIDGE: RNG initialized with seed: 101
[2026-07-10 05:32:08][INFO] SIM_BRIDGE: Initializing Izhikevich model specifics for 3328 neurons...
[2026-07-10 05:32:08][INFO] SIM_BRIDGE: Applying parameter heterogeneity to neuron parameters...
[2026-07-10 05:32:08][INFO] SIM_BRIDGE: Applied heterogeneity to 4 parameters.
[2026-07-10 05:32:08][INFO] SIM_BRIDGE: Initializing OU process state (tau=15.0ms, sigma=0.0pA)...
[2026-07-10 05:32:08][INFO] SIM_BRIDGE: Generating 3D neuron positions for 3328 neurons...
[2026-07-10 05:32:08][INFO] SIM_BRIDGE: Generating connections (3D)...
[2026-07-10 05:32:08][INFO] SIM_BRIDGE: Simulation data initialized for 3328 neurons (3D). Synapses: 0. GPU memory: 22.4GB/51.2GB (43.7%)
[2026-07-10 05:32:14][INFO] SIM_BRIDGE: NumPy backend (CPU (NumPy backend), 47.7 GB RAM available)
[2026-07-10 05:32:14][INFO] SIM_BRIDGE: Initializing simulation data for model: IZHIKEVICH (3D)... (playback_init: False)
[2026-07-10 05:32:14][INFO] SIM_BRIDGE: RNG initialized with seed: 101
[2026-07-10 05:32:14][INFO] SIM_BRIDGE: Initializing Izhikevich model specifics for 3584 neurons...
[2026-07-10 05:32:14][INFO] SIM_BRIDGE: Applying parameter heterogeneity to neuron parameters...
[2026-07-10 05:32:14][INFO] SIM_BRIDGE: Applied heterogeneity to 4 parameters.
[2026-07-10 05:32:14][INFO] SIM_BRIDGE: Initializing OU process state (tau=15.0ms, sigma=0.0pA)...
[2026-07-10 05:32:14][INFO] SIM_BRIDGE: Generating 3D neuron positions for 3584 neurons...
[2026-07-10 05:32:14][INFO] SIM_BRIDGE: Generating connections (3D)...
[2026-07-10 05:32:14][INFO] SIM_BRIDGE: Simulation data initialized for 3584 neurons (3D). Synapses: 0. GPU memory: 22.4GB/51.2GB (43.8%)
[2026-07-10 05:32:15][INFO] SIM_BRIDGE: NumPy backend (CPU (NumPy backend), 47.7 GB RAM available)
[2026-07-10 05:32:15][INFO] SIM_BRIDGE: Initializing simulation data for model: IZHIKEVICH (3D)... (playback_init: False)
[2026-07-10 05:32:15][INFO] SIM_BRIDGE: RNG initialized with seed: 101
[2026-07-10 05:32:15][INFO] SIM_BRIDGE: Initializing Izhikevich model specifics for 3584 neurons...
[2026-07-10 05:32:15][INFO] SIM_BRIDGE: Applying parameter heterogeneity to neuron parameters...
[2026-07-10 05:32:15][INFO] SIM_BRIDGE: Applied heterogeneity to 4 parameters.
[2026-07-10 05:32:15][INFO] SIM_BRIDGE: Initializing OU process state (tau=15.0ms, sigma=0.0pA)...
[2026-07-10 05:32:15][INFO] SIM_BRIDGE: Generating 3D neuron positions for 3584 neurons...
[2026-07-10 05:32:15][INFO] SIM_BRIDGE: Generating connections (3D)...
[2026-07-10 05:32:15][INFO] SIM_BRIDGE: Simulation data initialized for 3584 neurons (3D). Synapses: 0. GPU memory: 22.4GB/51.2GB (43.8%)
[2026-07-10 05:32:21][INFO] SIM_BRIDGE: NumPy backend (CPU (NumPy backend), 47.7 GB RAM available)
[2026-07-10 05:32:21][INFO] SIM_BRIDGE: Initializing simulation data for model: IZHIKEVICH (3D)... (playback_init: False)
[2026-07-10 05:32:21][INFO] SIM_BRIDGE: RNG initialized with seed: 101
[2026-07-10 05:32:21][INFO] SIM_BRIDGE: Initializing Izhikevich model specifics for 3840 neurons...
[2026-07-10 05:32:21][INFO] SIM_BRIDGE: Applying parameter heterogeneity to neuron parameters...
[2026-07-10 05:32:21][INFO] SIM_BRIDGE: Applied heterogeneity to 4 parameters.
[2026-07-10 05:32:21][INFO] SIM_BRIDGE: Initializing OU process state (tau=15.0ms, sigma=0.0pA)...
[2026-07-10 05:32:21][INFO] SIM_BRIDGE: Generating 3D neuron positions for 3840 neurons...
[2026-07-10 05:32:21][INFO] SIM_BRIDGE: Generating connections (3D)...
[2026-07-10 05:32:21][INFO] SIM_BRIDGE: Simulation data initialized for 3840 neurons (3D). Synapses: 0. GPU memory: 22.5GB/51.2GB (44.0%)
[2026-07-10 05:32:21][INFO] SIM_BRIDGE: NumPy backend (CPU (NumPy backend), 47.7 GB RAM available)
[2026-07-10 05:32:21][INFO] SIM_BRIDGE: Initializing simulation data for model: IZHIKEVICH (3D)... (playback_init: False)
[2026-07-10 05:32:21][INFO] SIM_BRIDGE: RNG initialized with seed: 101
[2026-07-10 05:32:21][INFO] SIM_BRIDGE: Initializing Izhikevich model specifics for 3840 neurons...
[2026-07-10 05:32:21][INFO] SIM_BRIDGE: Applying parameter heterogeneity to neuron parameters...
[2026-07-10 05:32:21][INFO] SIM_BRIDGE: Applied heterogeneity to 4 parameters.
[2026-07-10 05:32:21][INFO] SIM_BRIDGE: Initializing OU process state (tau=15.0ms, sigma=0.0pA)...
[2026-07-10 05:32:21][INFO] SIM_BRIDGE: Generating 3D neuron positions for 3840 neurons...
[2026-07-10 05:32:21][INFO] SIM_BRIDGE: Generating connections (3D)...
[2026-07-10 05:32:21][INFO] SIM_BRIDGE: Simulation data initialized for 3840 neurons (3D). Synapses: 0. GPU memory: 22.5GB/51.2GB (44.0%)
[2026-07-10 05:32:24][INFO] SIM_BRIDGE: NumPy backend (CPU (NumPy backend), 47.7 GB RAM available)
[2026-07-10 05:32:24][INFO] SIM_BRIDGE: Initializing simulation data for model: IZHIKEVICH (3D)... (playback_init: False)
[2026-07-10 05:32:24][INFO] SIM_BRIDGE: RNG initialized with seed: 101
[2026-07-10 05:32:24][INFO] SIM_BRIDGE: Initializing Izhikevich model specifics for 4096 neurons...
[2026-07-10 05:32:24][INFO] SIM_BRIDGE: Applying parameter heterogeneity to neuron parameters...
[2026-07-10 05:32:24][INFO] SIM_BRIDGE: Applied heterogeneity to 4 parameters.
[2026-07-10 05:32:24][INFO] SIM_BRIDGE: Initializing OU process state (tau=15.0ms, sigma=0.0pA)...
[2026-07-10 05:32:24][INFO] SIM_BRIDGE: Generating 3D neuron positions for 4096 neurons...
[2026-07-10 05:32:24][INFO] SIM_BRIDGE: Generating connections (3D)...
[2026-07-10 05:32:24][INFO] SIM_BRIDGE: Simulation data initialized for 4096 neurons (3D). Synapses: 0. GPU memory: 22.6GB/51.2GB (44.1%)
[2026-07-10 05:32:24][INFO] SIM_BRIDGE: NumPy backend (CPU (NumPy backend), 47.7 GB RAM available)
[2026-07-10 05:32:24][INFO] SIM_BRIDGE: Initializing simulation data for model: IZHIKEVICH (3D)... (playback_init: False)
[2026-07-10 05:32:24][INFO] SIM_BRIDGE: RNG initialized with seed: 101
[2026-07-10 05:32:24][INFO] SIM_BRIDGE: Initializing Izhikevich model specifics for 4096 neurons...
[2026-07-10 05:32:24][INFO] SIM_BRIDGE: Applying parameter heterogeneity to neuron parameters...
[2026-07-10 05:32:24][INFO] SIM_BRIDGE: Applied heterogeneity to 4 parameters.
[2026-07-10 05:32:24][INFO] SIM_BRIDGE: Initializing OU process state (tau=15.0ms, sigma=0.0pA)...
[2026-07-10 05:32:24][INFO] SIM_BRIDGE: Generating 3D neuron positions for 4096 neurons...
[2026-07-10 05:32:24][INFO] SIM_BRIDGE: Generating connections (3D)...
[2026-07-10 05:32:24][INFO] SIM_BRIDGE: Simulation data initialized for 4096 neurons (3D). Synapses: 0. GPU memory: 22.6GB/51.2GB (44.1%)
[2026-07-10 05:32:28][INFO] SIM_BRIDGE: NumPy backend (CPU (NumPy backend), 47.7 GB RAM available)
[2026-07-10 05:32:28][INFO] SIM_BRIDGE: Initializing simulation data for model: IZHIKEVICH (3D)... (playback_init: False)
[2026-07-10 05:32:28][INFO] SIM_BRIDGE: RNG initialized with seed: 101
[2026-07-10 05:32:28][INFO] SIM_BRIDGE: Initializing Izhikevich model specifics for 4352 neurons...
[2026-07-10 05:32:28][INFO] SIM_BRIDGE: Applying parameter heterogeneity to neuron parameters...
[2026-07-10 05:32:28][INFO] SIM_BRIDGE: Applied heterogeneity to 4 parameters.
[2026-07-10 05:32:28][INFO] SIM_BRIDGE: Initializing OU process state (tau=15.0ms, sigma=0.0pA)...
[2026-07-10 05:32:28][INFO] SIM_BRIDGE: Generating 3D neuron positions for 4352 neurons...
[2026-07-10 05:32:28][INFO] SIM_BRIDGE: Generating connections (3D)...
[2026-07-10 05:32:28][INFO] SIM_BRIDGE: Simulation data initialized for 4352 neurons (3D). Synapses: 0. GPU memory: 22.4GB/51.2GB (43.6%)
[2026-07-10 05:32:28][INFO] SIM_BRIDGE: NumPy backend (CPU (NumPy backend), 47.7 GB RAM available)
[2026-07-10 05:32:28][INFO] SIM_BRIDGE: Initializing simulation data for model: IZHIKEVICH (3D)... (playback_init: False)
[2026-07-10 05:32:28][INFO] SIM_BRIDGE: RNG initialized with seed: 101
[2026-07-10 05:32:28][INFO] SIM_BRIDGE: Initializing Izhikevich model specifics for 4352 neurons...
[2026-07-10 05:32:28][INFO] SIM_BRIDGE: Applying parameter heterogeneity to neuron parameters...
[2026-07-10 05:32:28][INFO] SIM_BRIDGE: Applied heterogeneity to 4 parameters.
[2026-07-10 05:32:28][INFO] SIM_BRIDGE: Initializing OU process state (tau=15.0ms, sigma=0.0pA)...
[2026-07-10 05:32:28][INFO] SIM_BRIDGE: Generating 3D neuron positions for 4352 neurons...
[2026-07-10 05:32:28][INFO] SIM_BRIDGE: Generating connections (3D)...
[2026-07-10 05:32:28][INFO] SIM_BRIDGE: Simulation data initialized for 4352 neurons (3D). Synapses: 0. GPU memory: 22.4GB/51.2GB (43.6%)
E:\Documents\Projects\sim\sim\kernels.py:247: RuntimeWarning: overflow encountered in exp
  mg_block = 1.0 / (1.0 + (mg_conc / 3.57) * cp.exp(-0.062 * v))
[2026-07-10 05:32:33][INFO] SIM_BRIDGE: NumPy backend (CPU (NumPy backend), 47.7 GB RAM available)
[2026-07-10 05:32:33][INFO] SIM_BRIDGE: Initializing simulation data for model: IZHIKEVICH (3D)... (playback_init: False)
[2026-07-10 05:32:33][INFO] SIM_BRIDGE: RNG initialized with seed: 101
[2026-07-10 05:32:33][INFO] SIM_BRIDGE: Initializing Izhikevich model specifics for 4608 neurons...
[2026-07-10 05:32:33][INFO] SIM_BRIDGE: Applying parameter heterogeneity to neuron parameters...
[2026-07-10 05:32:33][INFO] SIM_BRIDGE: Applied heterogeneity to 4 parameters.
[2026-07-10 05:32:33][INFO] SIM_BRIDGE: Initializing OU process state (tau=15.0ms, sigma=0.0pA)...
[2026-07-10 05:32:33][INFO] SIM_BRIDGE: Generating 3D neuron positions for 4608 neurons...
[2026-07-10 05:32:33][INFO] SIM_BRIDGE: Generating connections (3D)...
[2026-07-10 05:32:33][INFO] SIM_BRIDGE: Simulation data initialized for 4608 neurons (3D). Synapses: 0. GPU memory: 22.4GB/51.2GB (43.7%)
[2026-07-10 05:32:33][INFO] SIM_BRIDGE: NumPy backend (CPU (NumPy backend), 47.7 GB RAM available)
[2026-07-10 05:32:33][INFO] SIM_BRIDGE: Initializing simulation data for model: IZHIKEVICH (3D)... (playback_init: False)
[2026-07-10 05:32:33][INFO] SIM_BRIDGE: RNG initialized with seed: 101
[2026-07-10 05:32:33][INFO] SIM_BRIDGE: Initializing Izhikevich model specifics for 4608 neurons...
[2026-07-10 05:32:33][INFO] SIM_BRIDGE: Applying parameter heterogeneity to neuron parameters...
[2026-07-10 05:32:33][INFO] SIM_BRIDGE: Applied heterogeneity to 4 parameters.
[2026-07-10 05:32:33][INFO] SIM_BRIDGE: Initializing OU process state (tau=15.0ms, sigma=0.0pA)...
[2026-07-10 05:32:33][INFO] SIM_BRIDGE: Generating 3D neuron positions for 4608 neurons...
[2026-07-10 05:32:33][INFO] SIM_BRIDGE: Generating connections (3D)...
[2026-07-10 05:32:33][INFO] SIM_BRIDGE: Simulation data initialized for 4608 neurons (3D). Synapses: 0. GPU memory: 22.4GB/51.2GB (43.7%)
[2026-07-10 05:32:35][INFO] SIM_BRIDGE: NumPy backend (CPU (NumPy backend), 47.7 GB RAM available)
[2026-07-10 05:32:35][INFO] SIM_BRIDGE: Initializing simulation data for model: IZHIKEVICH (3D)... (playback_init: False)
[2026-07-10 05:32:35][INFO] SIM_BRIDGE: RNG initialized with seed: 101
[2026-07-10 05:32:35][INFO] SIM_BRIDGE: Initializing Izhikevich model specifics for 4864 neurons...
[2026-07-10 05:32:35][INFO] SIM_BRIDGE: Applying parameter heterogeneity to neuron parameters...
[2026-07-10 05:32:35][INFO] SIM_BRIDGE: Applied heterogeneity to 4 parameters.
[2026-07-10 05:32:35][INFO] SIM_BRIDGE: Initializing OU process state (tau=15.0ms, sigma=0.0pA)...
[2026-07-10 05:32:35][INFO] SIM_BRIDGE: Generating 3D neuron positions for 4864 neurons...
[2026-07-10 05:32:35][INFO] SIM_BRIDGE: Generating connections (3D)...
[2026-07-10 05:32:35][INFO] SIM_BRIDGE: Simulation data initialized for 4864 neurons (3D). Synapses: 0. GPU memory: 22.4GB/51.2GB (43.7%)
[2026-07-10 05:32:35][INFO] SIM_BRIDGE: NumPy backend (CPU (NumPy backend), 47.7 GB RAM available)
[2026-07-10 05:32:35][INFO] SIM_BRIDGE: Initializing simulation data for model: IZHIKEVICH (3D)... (playback_init: False)
[2026-07-10 05:32:35][INFO] SIM_BRIDGE: RNG initialized with seed: 101
[2026-07-10 05:32:35][INFO] SIM_BRIDGE: Initializing Izhikevich model specifics for 4864 neurons...
[2026-07-10 05:32:35][INFO] SIM_BRIDGE: Applying parameter heterogeneity to neuron parameters...
[2026-07-10 05:32:35][INFO] SIM_BRIDGE: Applied heterogeneity to 4 parameters.
[2026-07-10 05:32:35][INFO] SIM_BRIDGE: Initializing OU process state (tau=15.0ms, sigma=0.0pA)...
[2026-07-10 05:32:35][INFO] SIM_BRIDGE: Generating 3D neuron positions for 4864 neurons...
[2026-07-10 05:32:35][INFO] SIM_BRIDGE: Generating connections (3D)...
[2026-07-10 05:32:35][INFO] SIM_BRIDGE: Simulation data initialized for 4864 neurons (3D). Synapses: 0. GPU memory: 22.4GB/51.2GB (43.7%)
[2026-07-10 05:32:43][INFO] SIM_BRIDGE: NumPy backend (CPU (NumPy backend), 47.7 GB RAM available)
[2026-07-10 05:32:43][INFO] SIM_BRIDGE: Initializing simulation data for model: IZHIKEVICH (3D)... (playback_init: False)
[2026-07-10 05:32:43][INFO] SIM_BRIDGE: RNG initialized with seed: 101
[2026-07-10 05:32:43][INFO] SIM_BRIDGE: Initializing Izhikevich model specifics for 5376 neurons...
[2026-07-10 05:32:43][INFO] SIM_BRIDGE: Applying parameter heterogeneity to neuron parameters...
[2026-07-10 05:32:43][INFO] SIM_BRIDGE: Applied heterogeneity to 4 parameters.
[2026-07-10 05:32:43][INFO] SIM_BRIDGE: Initializing OU process state (tau=15.0ms, sigma=0.0pA)...
[2026-07-10 05:32:43][INFO] SIM_BRIDGE: Generating 3D neuron positions for 5376 neurons...
[2026-07-10 05:32:43][INFO] SIM_BRIDGE: Generating connections (3D)...
[2026-07-10 05:32:43][INFO] SIM_BRIDGE: Simulation data initialized for 5376 neurons (3D). Synapses: 0. GPU memory: 22.5GB/51.2GB (43.9%)
[2026-07-10 05:32:43][INFO] SIM_BRIDGE: NumPy backend (CPU (NumPy backend), 47.7 GB RAM available)
[2026-07-10 05:32:43][INFO] SIM_BRIDGE: Initializing simulation data for model: IZHIKEVICH (3D)... (playback_init: False)
[2026-07-10 05:32:43][INFO] SIM_BRIDGE: RNG initialized with seed: 101
[2026-07-10 05:32:43][INFO] SIM_BRIDGE: Initializing Izhikevich model specifics for 5376 neurons...
[2026-07-10 05:32:43][INFO] SIM_BRIDGE: Applying parameter heterogeneity to neuron parameters...
[2026-07-10 05:32:43][INFO] SIM_BRIDGE: Applied heterogeneity to 4 parameters.
[2026-07-10 05:32:43][INFO] SIM_BRIDGE: Initializing OU process state (tau=15.0ms, sigma=0.0pA)...
[2026-07-10 05:32:43][INFO] SIM_BRIDGE: Generating 3D neuron positions for 5376 neurons...
[2026-07-10 05:32:43][INFO] SIM_BRIDGE: Generating connections (3D)...
[2026-07-10 05:32:43][INFO] SIM_BRIDGE: Simulation data initialized for 5376 neurons (3D). Synapses: 0. GPU memory: 22.5GB/51.2GB (43.9%)
[2026-07-10 05:32:49][INFO] SIM_BRIDGE: NumPy backend (CPU (NumPy backend), 47.7 GB RAM available)
[2026-07-10 05:32:49][INFO] SIM_BRIDGE: Initializing simulation data for model: IZHIKEVICH (3D)... (playback_init: False)
[2026-07-10 05:32:49][INFO] SIM_BRIDGE: RNG initialized with seed: 101
[2026-07-10 05:32:49][INFO] SIM_BRIDGE: Initializing Izhikevich model specifics for 5632 neurons...
[2026-07-10 05:32:49][INFO] SIM_BRIDGE: Applying parameter heterogeneity to neuron parameters...
[2026-07-10 05:32:49][INFO] SIM_BRIDGE: Applied heterogeneity to 4 parameters.
[2026-07-10 05:32:49][INFO] SIM_BRIDGE: Initializing OU process state (tau=15.0ms, sigma=0.0pA)...
[2026-07-10 05:32:49][INFO] SIM_BRIDGE: Generating 3D neuron positions for 5632 neurons...
[2026-07-10 05:32:49][INFO] SIM_BRIDGE: Generating connections (3D)...
[2026-07-10 05:32:49][INFO] SIM_BRIDGE: Simulation data initialized for 5632 neurons (3D). Synapses: 0. GPU memory: 22.6GB/51.2GB (44.1%)
[2026-07-10 05:32:50][INFO] SIM_BRIDGE: NumPy backend (CPU (NumPy backend), 47.7 GB RAM available)
[2026-07-10 05:32:50][INFO] SIM_BRIDGE: Initializing simulation data for model: IZHIKEVICH (3D)... (playback_init: False)
[2026-07-10 05:32:50][INFO] SIM_BRIDGE: RNG initialized with seed: 101
[2026-07-10 05:32:50][INFO] SIM_BRIDGE: Initializing Izhikevich model specifics for 5632 neurons...
[2026-07-10 05:32:50][INFO] SIM_BRIDGE: Applying parameter heterogeneity to neuron parameters...
[2026-07-10 05:32:50][INFO] SIM_BRIDGE: Applied heterogeneity to 4 parameters.
[2026-07-10 05:32:50][INFO] SIM_BRIDGE: Initializing OU process state (tau=15.0ms, sigma=0.0pA)...
[2026-07-10 05:32:50][INFO] SIM_BRIDGE: Generating 3D neuron positions for 5632 neurons...
[2026-07-10 05:32:50][INFO] SIM_BRIDGE: Generating connections (3D)...
[2026-07-10 05:32:50][INFO] SIM_BRIDGE: Simulation data initialized for 5632 neurons (3D). Synapses: 0. GPU memory: 22.6GB/51.2GB (44.0%)
[2026-07-10 05:32:52][INFO] SIM_BRIDGE: NumPy backend (CPU (NumPy backend), 47.7 GB RAM available)
[2026-07-10 05:32:52][INFO] SIM_BRIDGE: Initializing simulation data for model: IZHIKEVICH (3D)... (playback_init: False)
[2026-07-10 05:32:52][INFO] SIM_BRIDGE: RNG initialized with seed: 101
[2026-07-10 05:32:52][INFO] SIM_BRIDGE: Initializing Izhikevich model specifics for 5888 neurons...
[2026-07-10 05:32:52][INFO] SIM_BRIDGE: Applying parameter heterogeneity to neuron parameters...
[2026-07-10 05:32:52][INFO] SIM_BRIDGE: Applied heterogeneity to 4 parameters.
[2026-07-10 05:32:52][INFO] SIM_BRIDGE: Initializing OU process state (tau=15.0ms, sigma=0.0pA)...
[2026-07-10 05:32:52][INFO] SIM_BRIDGE: Generating 3D neuron positions for 5888 neurons...
[2026-07-10 05:32:52][INFO] SIM_BRIDGE: Generating connections (3D)...
[2026-07-10 05:32:52][INFO] SIM_BRIDGE: Simulation data initialized for 5888 neurons (3D). Synapses: 0. GPU memory: 22.5GB/51.2GB (43.9%)
[2026-07-10 05:32:52][INFO] SIM_BRIDGE: NumPy backend (CPU (NumPy backend), 47.7 GB RAM available)
[2026-07-10 05:32:52][INFO] SIM_BRIDGE: Initializing simulation data for model: IZHIKEVICH (3D)... (playback_init: False)
[2026-07-10 05:32:52][INFO] SIM_BRIDGE: RNG initialized with seed: 101
[2026-07-10 05:32:52][INFO] SIM_BRIDGE: Initializing Izhikevich model specifics for 5888 neurons...
[2026-07-10 05:32:52][INFO] SIM_BRIDGE: Applying parameter heterogeneity to neuron parameters...
[2026-07-10 05:32:52][INFO] SIM_BRIDGE: Applied heterogeneity to 4 parameters.
[2026-07-10 05:32:52][INFO] SIM_BRIDGE: Initializing OU process state (tau=15.0ms, sigma=0.0pA)...
[2026-07-10 05:32:52][INFO] SIM_BRIDGE: Generating 3D neuron positions for 5888 neurons...
[2026-07-10 05:32:52][INFO] SIM_BRIDGE: Generating connections (3D)...
[2026-07-10 05:32:52][INFO] SIM_BRIDGE: Simulation data initialized for 5888 neurons (3D). Synapses: 0. GPU memory: 22.5GB/51.2GB (43.9%)
[2026-07-10 05:32:57][INFO] SIM_BRIDGE: NumPy backend (CPU (NumPy backend), 47.7 GB RAM available)
[2026-07-10 05:32:57][INFO] SIM_BRIDGE: Initializing simulation data for model: IZHIKEVICH (3D)... (playback_init: False)
[2026-07-10 05:32:57][INFO] SIM_BRIDGE: RNG initialized with seed: 101
[2026-07-10 05:32:57][INFO] SIM_BRIDGE: Initializing Izhikevich model specifics for 6144 neurons...
[2026-07-10 05:32:57][INFO] SIM_BRIDGE: Applying parameter heterogeneity to neuron parameters...
[2026-07-10 05:32:57][INFO] SIM_BRIDGE: Applied heterogeneity to 4 parameters.
[2026-07-10 05:32:57][INFO] SIM_BRIDGE: Initializing OU process state (tau=15.0ms, sigma=0.0pA)...
[2026-07-10 05:32:57][INFO] SIM_BRIDGE: Generating 3D neuron positions for 6144 neurons...
[2026-07-10 05:32:57][INFO] SIM_BRIDGE: Generating connections (3D)...
[2026-07-10 05:32:57][INFO] SIM_BRIDGE: Simulation data initialized for 6144 neurons (3D). Synapses: 0. GPU memory: 22.5GB/51.2GB (44.0%)
[2026-07-10 05:32:57][INFO] SIM_BRIDGE: NumPy backend (CPU (NumPy backend), 47.7 GB RAM available)
[2026-07-10 05:32:57][INFO] SIM_BRIDGE: Initializing simulation data for model: IZHIKEVICH (3D)... (playback_init: False)
[2026-07-10 05:32:57][INFO] SIM_BRIDGE: RNG initialized with seed: 101
[2026-07-10 05:32:57][INFO] SIM_BRIDGE: Initializing Izhikevich model specifics for 6144 neurons...
[2026-07-10 05:32:57][INFO] SIM_BRIDGE: Applying parameter heterogeneity to neuron parameters...
[2026-07-10 05:32:57][INFO] SIM_BRIDGE: Applied heterogeneity to 4 parameters.
[2026-07-10 05:32:57][INFO] SIM_BRIDGE: Initializing OU process state (tau=15.0ms, sigma=0.0pA)...
[2026-07-10 05:32:57][INFO] SIM_BRIDGE: Generating 3D neuron positions for 6144 neurons...
[2026-07-10 05:32:57][INFO] SIM_BRIDGE: Generating connections (3D)...
[2026-07-10 05:32:57][INFO] SIM_BRIDGE: Simulation data initialized for 6144 neurons (3D). Synapses: 0. GPU memory: 22.5GB/51.2GB (44.0%)
[2026-07-10 05:33:04][INFO] SIM_BRIDGE: NumPy backend (CPU (NumPy backend), 47.7 GB RAM available)
[2026-07-10 05:33:04][INFO] SIM_BRIDGE: Initializing simulation data for model: IZHIKEVICH (3D)... (playback_init: False)
[2026-07-10 05:33:04][INFO] SIM_BRIDGE: RNG initialized with seed: 101
[2026-07-10 05:33:04][INFO] SIM_BRIDGE: Initializing Izhikevich model specifics for 6400 neurons...
[2026-07-10 05:33:04][INFO] SIM_BRIDGE: Applying parameter heterogeneity to neuron parameters...
[2026-07-10 05:33:04][INFO] SIM_BRIDGE: Applied heterogeneity to 4 parameters.
[2026-07-10 05:33:04][INFO] SIM_BRIDGE: Initializing OU process state (tau=15.0ms, sigma=0.0pA)...
[2026-07-10 05:33:04][INFO] SIM_BRIDGE: Generating 3D neuron positions for 6400 neurons...
[2026-07-10 05:33:04][INFO] SIM_BRIDGE: Generating connections (3D)...
[2026-07-10 05:33:04][INFO] SIM_BRIDGE: Simulation data initialized for 6400 neurons (3D). Synapses: 0. GPU memory: 22.7GB/51.2GB (44.3%)
[2026-07-10 05:33:04][INFO] SIM_BRIDGE: NumPy backend (CPU (NumPy backend), 47.7 GB RAM available)
[2026-07-10 05:33:04][INFO] SIM_BRIDGE: Initializing simulation data for model: IZHIKEVICH (3D)... (playback_init: False)
[2026-07-10 05:33:04][INFO] SIM_BRIDGE: RNG initialized with seed: 101
[2026-07-10 05:33:04][INFO] SIM_BRIDGE: Initializing Izhikevich model specifics for 6400 neurons...
[2026-07-10 05:33:04][INFO] SIM_BRIDGE: Applying parameter heterogeneity to neuron parameters...
[2026-07-10 05:33:04][INFO] SIM_BRIDGE: Applied heterogeneity to 4 parameters.
[2026-07-10 05:33:04][INFO] SIM_BRIDGE: Initializing OU process state (tau=15.0ms, sigma=0.0pA)...
[2026-07-10 05:33:04][INFO] SIM_BRIDGE: Generating 3D neuron positions for 6400 neurons...
[2026-07-10 05:33:04][INFO] SIM_BRIDGE: Generating connections (3D)...
[2026-07-10 05:33:04][INFO] SIM_BRIDGE: Simulation data initialized for 6400 neurons (3D). Synapses: 0. GPU memory: 22.7GB/51.2GB (44.3%)
[2026-07-10 05:33:11][INFO] SIM_BRIDGE: NumPy backend (CPU (NumPy backend), 47.7 GB RAM available)
[2026-07-10 05:33:11][INFO] SIM_BRIDGE: Initializing simulation data for model: IZHIKEVICH (3D)... (playback_init: False)
[2026-07-10 05:33:11][INFO] SIM_BRIDGE: RNG initialized with seed: 101
[2026-07-10 05:33:11][INFO] SIM_BRIDGE: Initializing Izhikevich model specifics for 6656 neurons...
[2026-07-10 05:33:11][INFO] SIM_BRIDGE: Applying parameter heterogeneity to neuron parameters...
[2026-07-10 05:33:11][INFO] SIM_BRIDGE: Applied heterogeneity to 4 parameters.
[2026-07-10 05:33:11][INFO] SIM_BRIDGE: Initializing OU process state (tau=15.0ms, sigma=0.0pA)...
[2026-07-10 05:33:11][INFO] SIM_BRIDGE: Generating 3D neuron positions for 6656 neurons...
[2026-07-10 05:33:11][INFO] SIM_BRIDGE: Generating connections (3D)...
[2026-07-10 05:33:11][INFO] SIM_BRIDGE: Simulation data initialized for 6656 neurons (3D). Synapses: 0. GPU memory: 22.7GB/51.2GB (44.3%)
[2026-07-10 05:33:11][INFO] SIM_BRIDGE: NumPy backend (CPU (NumPy backend), 47.7 GB RAM available)
[2026-07-10 05:33:11][INFO] SIM_BRIDGE: Initializing simulation data for model: IZHIKEVICH (3D)... (playback_init: False)
[2026-07-10 05:33:11][INFO] SIM_BRIDGE: RNG initialized with seed: 101
[2026-07-10 05:33:11][INFO] SIM_BRIDGE: Initializing Izhikevich model specifics for 6656 neurons...
[2026-07-10 05:33:11][INFO] SIM_BRIDGE: Applying parameter heterogeneity to neuron parameters...
[2026-07-10 05:33:11][INFO] SIM_BRIDGE: Applied heterogeneity to 4 parameters.
[2026-07-10 05:33:11][INFO] SIM_BRIDGE: Initializing OU process state (tau=15.0ms, sigma=0.0pA)...
[2026-07-10 05:33:11][INFO] SIM_BRIDGE: Generating 3D neuron positions for 6656 neurons...
[2026-07-10 05:33:11][INFO] SIM_BRIDGE: Generating connections (3D)...
[2026-07-10 05:33:11][INFO] SIM_BRIDGE: Simulation data initialized for 6656 neurons (3D). Synapses: 0. GPU memory: 22.7GB/51.2GB (44.3%)
[2026-07-10 05:33:18][INFO] SIM_BRIDGE: NumPy backend (CPU (NumPy backend), 47.7 GB RAM available)
[2026-07-10 05:33:18][INFO] SIM_BRIDGE: Initializing simulation data for model: IZHIKEVICH (3D)... (playback_init: False)
[2026-07-10 05:33:18][INFO] SIM_BRIDGE: RNG initialized with seed: 101
[2026-07-10 05:33:18][INFO] SIM_BRIDGE: Initializing Izhikevich model specifics for 6912 neurons...
[2026-07-10 05:33:18][INFO] SIM_BRIDGE: Applying parameter heterogeneity to neuron parameters...
[2026-07-10 05:33:18][INFO] SIM_BRIDGE: Applied heterogeneity to 4 parameters.
[2026-07-10 05:33:18][INFO] SIM_BRIDGE: Initializing OU process state (tau=15.0ms, sigma=0.0pA)...
[2026-07-10 05:33:18][INFO] SIM_BRIDGE: Generating 3D neuron positions for 6912 neurons...
[2026-07-10 05:33:18][INFO] SIM_BRIDGE: Generating connections (3D)...
[2026-07-10 05:33:18][INFO] SIM_BRIDGE: Simulation data initialized for 6912 neurons (3D). Synapses: 0. GPU memory: 22.8GB/51.2GB (44.6%)
[2026-07-10 05:33:19][INFO] SIM_BRIDGE: NumPy backend (CPU (NumPy backend), 47.7 GB RAM available)
[2026-07-10 05:33:19][INFO] SIM_BRIDGE: Initializing simulation data for model: IZHIKEVICH (3D)... (playback_init: False)
[2026-07-10 05:33:19][INFO] SIM_BRIDGE: RNG initialized with seed: 101
[2026-07-10 05:33:19][INFO] SIM_BRIDGE: Initializing Izhikevich model specifics for 6912 neurons...
[2026-07-10 05:33:19][INFO] SIM_BRIDGE: Applying parameter heterogeneity to neuron parameters...
[2026-07-10 05:33:19][INFO] SIM_BRIDGE: Applied heterogeneity to 4 parameters.
[2026-07-10 05:33:19][INFO] SIM_BRIDGE: Initializing OU process state (tau=15.0ms, sigma=0.0pA)...
[2026-07-10 05:33:19][INFO] SIM_BRIDGE: Generating 3D neuron positions for 6912 neurons...
[2026-07-10 05:33:19][INFO] SIM_BRIDGE: Generating connections (3D)...
[2026-07-10 05:33:19][INFO] SIM_BRIDGE: Simulation data initialized for 6912 neurons (3D). Synapses: 0. GPU memory: 22.8GB/51.2GB (44.6%)
[2026-07-10 05:33:26][INFO] SIM_BRIDGE: NumPy backend (CPU (NumPy backend), 47.7 GB RAM available)
[2026-07-10 05:33:26][INFO] SIM_BRIDGE: Initializing simulation data for model: IZHIKEVICH (3D)... (playback_init: False)
[2026-07-10 05:33:26][INFO] SIM_BRIDGE: RNG initialized with seed: 101
[2026-07-10 05:33:26][INFO] SIM_BRIDGE: Initializing Izhikevich model specifics for 7424 neurons...
[2026-07-10 05:33:26][INFO] SIM_BRIDGE: Applying parameter heterogeneity to neuron parameters...
[2026-07-10 05:33:26][INFO] SIM_BRIDGE: Applied heterogeneity to 4 parameters.
[2026-07-10 05:33:26][INFO] SIM_BRIDGE: Initializing OU process state (tau=15.0ms, sigma=0.0pA)...
[2026-07-10 05:33:26][INFO] SIM_BRIDGE: Generating 3D neuron positions for 7424 neurons...
[2026-07-10 05:33:26][INFO] SIM_BRIDGE: Generating connections (3D)...
[2026-07-10 05:33:26][INFO] SIM_BRIDGE: Simulation data initialized for 7424 neurons (3D). Synapses: 0. GPU memory: 23.0GB/51.2GB (44.9%)
[2026-07-10 05:33:26][INFO] SIM_BRIDGE: NumPy backend (CPU (NumPy backend), 47.7 GB RAM available)
[2026-07-10 05:33:26][INFO] SIM_BRIDGE: Initializing simulation data for model: IZHIKEVICH (3D)... (playback_init: False)
[2026-07-10 05:33:26][INFO] SIM_BRIDGE: RNG initialized with seed: 101
[2026-07-10 05:33:26][INFO] SIM_BRIDGE: Initializing Izhikevich model specifics for 7424 neurons...
[2026-07-10 05:33:26][INFO] SIM_BRIDGE: Applying parameter heterogeneity to neuron parameters...
[2026-07-10 05:33:26][INFO] SIM_BRIDGE: Applied heterogeneity to 4 parameters.
[2026-07-10 05:33:26][INFO] SIM_BRIDGE: Initializing OU process state (tau=15.0ms, sigma=0.0pA)...
[2026-07-10 05:33:26][INFO] SIM_BRIDGE: Generating 3D neuron positions for 7424 neurons...
[2026-07-10 05:33:26][INFO] SIM_BRIDGE: Generating connections (3D)...
[2026-07-10 05:33:26][INFO] SIM_BRIDGE: Simulation data initialized for 7424 neurons (3D). Synapses: 0. GPU memory: 23.0GB/51.2GB (44.9%)
[2026-07-10 05:33:34][INFO] SIM_BRIDGE: NumPy backend (CPU (NumPy backend), 47.7 GB RAM available)
[2026-07-10 05:33:34][INFO] SIM_BRIDGE: Initializing simulation data for model: IZHIKEVICH (3D)... (playback_init: False)
[2026-07-10 05:33:34][INFO] SIM_BRIDGE: RNG initialized with seed: 101
[2026-07-10 05:33:34][INFO] SIM_BRIDGE: Initializing Izhikevich model specifics for 7680 neurons...
[2026-07-10 05:33:34][INFO] SIM_BRIDGE: Applying parameter heterogeneity to neuron parameters...
[2026-07-10 05:33:34][INFO] SIM_BRIDGE: Applied heterogeneity to 4 parameters.
[2026-07-10 05:33:34][INFO] SIM_BRIDGE: Initializing OU process state (tau=15.0ms, sigma=0.0pA)...
[2026-07-10 05:33:34][INFO] SIM_BRIDGE: Generating 3D neuron positions for 7680 neurons...
[2026-07-10 05:33:34][INFO] SIM_BRIDGE: Generating connections (3D)...
[2026-07-10 05:33:34][INFO] SIM_BRIDGE: Simulation data initialized for 7680 neurons (3D). Synapses: 0. GPU memory: 23.2GB/51.2GB (45.3%)
[2026-07-10 05:33:34][INFO] SIM_BRIDGE: NumPy backend (CPU (NumPy backend), 47.7 GB RAM available)
[2026-07-10 05:33:34][INFO] SIM_BRIDGE: Initializing simulation data for model: IZHIKEVICH (3D)... (playback_init: False)
[2026-07-10 05:33:34][INFO] SIM_BRIDGE: RNG initialized with seed: 101
[2026-07-10 05:33:34][INFO] SIM_BRIDGE: Initializing Izhikevich model specifics for 7680 neurons...
[2026-07-10 05:33:34][INFO] SIM_BRIDGE: Applying parameter heterogeneity to neuron parameters...
[2026-07-10 05:33:34][INFO] SIM_BRIDGE: Applied heterogeneity to 4 parameters.
[2026-07-10 05:33:34][INFO] SIM_BRIDGE: Initializing OU process state (tau=15.0ms, sigma=0.0pA)...
[2026-07-10 05:33:34][INFO] SIM_BRIDGE: Generating 3D neuron positions for 7680 neurons...
[2026-07-10 05:33:34][INFO] SIM_BRIDGE: Generating connections (3D)...
[2026-07-10 05:33:34][INFO] SIM_BRIDGE: Simulation data initialized for 7680 neurons (3D). Synapses: 0. GPU memory: 23.2GB/51.2GB (45.3%)
[2026-07-10 05:33:41][INFO] SIM_BRIDGE: NumPy backend (CPU (NumPy backend), 47.7 GB RAM available)
[2026-07-10 05:33:41][INFO] SIM_BRIDGE: Initializing simulation data for model: IZHIKEVICH (3D)... (playback_init: False)
[2026-07-10 05:33:41][INFO] SIM_BRIDGE: RNG initialized with seed: 101
[2026-07-10 05:33:41][INFO] SIM_BRIDGE: Initializing Izhikevich model specifics for 7936 neurons...
[2026-07-10 05:33:41][INFO] SIM_BRIDGE: Applying parameter heterogeneity to neuron parameters...
[2026-07-10 05:33:41][INFO] SIM_BRIDGE: Applied heterogeneity to 4 parameters.
[2026-07-10 05:33:41][INFO] SIM_BRIDGE: Initializing OU process state (tau=15.0ms, sigma=0.0pA)...
[2026-07-10 05:33:41][INFO] SIM_BRIDGE: Generating 3D neuron positions for 7936 neurons...
[2026-07-10 05:33:41][INFO] SIM_BRIDGE: Generating connections (3D)...
[2026-07-10 05:33:41][INFO] SIM_BRIDGE: Simulation data initialized for 7936 neurons (3D). Synapses: 0. GPU memory: 23.3GB/51.2GB (45.5%)
[2026-07-10 05:33:41][INFO] SIM_BRIDGE: NumPy backend (CPU (NumPy backend), 47.7 GB RAM available)
[2026-07-10 05:33:41][INFO] SIM_BRIDGE: Initializing simulation data for model: IZHIKEVICH (3D)... (playback_init: False)
[2026-07-10 05:33:41][INFO] SIM_BRIDGE: RNG initialized with seed: 101
[2026-07-10 05:33:41][INFO] SIM_BRIDGE: Initializing Izhikevich model specifics for 7936 neurons...
[2026-07-10 05:33:41][INFO] SIM_BRIDGE: Applying parameter heterogeneity to neuron parameters...
[2026-07-10 05:33:41][INFO] SIM_BRIDGE: Applied heterogeneity to 4 parameters.
[2026-07-10 05:33:41][INFO] SIM_BRIDGE: Initializing OU process state (tau=15.0ms, sigma=0.0pA)...
[2026-07-10 05:33:41][INFO] SIM_BRIDGE: Generating 3D neuron positions for 7936 neurons...
[2026-07-10 05:33:41][INFO] SIM_BRIDGE: Generating connections (3D)...
[2026-07-10 05:33:41][INFO] SIM_BRIDGE: Simulation data initialized for 7936 neurons (3D). Synapses: 0. GPU memory: 23.3GB/51.2GB (45.5%)
[2026-07-10 05:33:49][INFO] SIM_BRIDGE: NumPy backend (CPU (NumPy backend), 47.7 GB RAM available)
[2026-07-10 05:33:49][INFO] SIM_BRIDGE: Initializing simulation data for model: IZHIKEVICH (3D)... (playback_init: False)
[2026-07-10 05:33:49][INFO] SIM_BRIDGE: RNG initialized with seed: 101
[2026-07-10 05:33:49][INFO] SIM_BRIDGE: Initializing Izhikevich model specifics for 8192 neurons...
[2026-07-10 05:33:49][INFO] SIM_BRIDGE: Applying parameter heterogeneity to neuron parameters...
[2026-07-10 05:33:49][INFO] SIM_BRIDGE: Applied heterogeneity to 4 parameters.
[2026-07-10 05:33:49][INFO] SIM_BRIDGE: Initializing OU process state (tau=15.0ms, sigma=0.0pA)...
[2026-07-10 05:33:49][INFO] SIM_BRIDGE: Generating 3D neuron positions for 8192 neurons...
[2026-07-10 05:33:49][INFO] SIM_BRIDGE: Generating connections (3D)...
[2026-07-10 05:33:49][INFO] SIM_BRIDGE: Simulation data initialized for 8192 neurons (3D). Synapses: 0. GPU memory: 23.5GB/51.2GB (45.8%)
[2026-07-10 05:33:49][INFO] SIM_BRIDGE: NumPy backend (CPU (NumPy backend), 47.7 GB RAM available)
[2026-07-10 05:33:49][INFO] SIM_BRIDGE: Initializing simulation data for model: IZHIKEVICH (3D)... (playback_init: False)
[2026-07-10 05:33:49][INFO] SIM_BRIDGE: RNG initialized with seed: 101
[2026-07-10 05:33:49][INFO] SIM_BRIDGE: Initializing Izhikevich model specifics for 8192 neurons...
[2026-07-10 05:33:49][INFO] SIM_BRIDGE: Applying parameter heterogeneity to neuron parameters...
[2026-07-10 05:33:49][INFO] SIM_BRIDGE: Applied heterogeneity to 4 parameters.
[2026-07-10 05:33:49][INFO] SIM_BRIDGE: Initializing OU process state (tau=15.0ms, sigma=0.0pA)...
[2026-07-10 05:33:49][INFO] SIM_BRIDGE: Generating 3D neuron positions for 8192 neurons...
[2026-07-10 05:33:49][INFO] SIM_BRIDGE: Generating connections (3D)...
[2026-07-10 05:33:49][INFO] SIM_BRIDGE: Simulation data initialized for 8192 neurons (3D). Synapses: 0. GPU memory: 23.5GB/51.2GB (45.8%)
[2026-07-10 05:33:57][INFO] SIM_BRIDGE: NumPy backend (CPU (NumPy backend), 47.7 GB RAM available)
[2026-07-10 05:33:57][INFO] SIM_BRIDGE: Initializing simulation data for model: IZHIKEVICH (3D)... (playback_init: False)
[2026-07-10 05:33:57][INFO] SIM_BRIDGE: RNG initialized with seed: 101
[2026-07-10 05:33:57][INFO] SIM_BRIDGE: Initializing Izhikevich model specifics for 8448 neurons...
[2026-07-10 05:33:57][INFO] SIM_BRIDGE: Applying parameter heterogeneity to neuron parameters...
[2026-07-10 05:33:57][INFO] SIM_BRIDGE: Applied heterogeneity to 4 parameters.
[2026-07-10 05:33:57][INFO] SIM_BRIDGE: Initializing OU process state (tau=15.0ms, sigma=0.0pA)...
[2026-07-10 05:33:57][INFO] SIM_BRIDGE: Generating 3D neuron positions for 8448 neurons...
[2026-07-10 05:33:57][INFO] SIM_BRIDGE: Generating connections (3D)...
[2026-07-10 05:33:57][INFO] SIM_BRIDGE: Simulation data initialized for 8448 neurons (3D). Synapses: 0. GPU memory: 23.5GB/51.2GB (45.9%)
[2026-07-10 05:33:57][INFO] SIM_BRIDGE: NumPy backend (CPU (NumPy backend), 47.7 GB RAM available)
[2026-07-10 05:33:57][INFO] SIM_BRIDGE: Initializing simulation data for model: IZHIKEVICH (3D)... (playback_init: False)
[2026-07-10 05:33:57][INFO] SIM_BRIDGE: RNG initialized with seed: 101
[2026-07-10 05:33:57][INFO] SIM_BRIDGE: Initializing Izhikevich model specifics for 8448 neurons...
[2026-07-10 05:33:57][INFO] SIM_BRIDGE: Applying parameter heterogeneity to neuron parameters...
[2026-07-10 05:33:57][INFO] SIM_BRIDGE: Applied heterogeneity to 4 parameters.
[2026-07-10 05:33:57][INFO] SIM_BRIDGE: Initializing OU process state (tau=15.0ms, sigma=0.0pA)...
[2026-07-10 05:33:57][INFO] SIM_BRIDGE: Generating 3D neuron positions for 8448 neurons...
[2026-07-10 05:33:57][INFO] SIM_BRIDGE: Generating connections (3D)...
[2026-07-10 05:33:57][INFO] SIM_BRIDGE: Simulation data initialized for 8448 neurons (3D). Synapses: 0. GPU memory: 23.5GB/51.2GB (46.0%)
[2026-07-10 05:34:05][INFO] SIM_BRIDGE: NumPy backend (CPU (NumPy backend), 47.7 GB RAM available)
[2026-07-10 05:34:05][INFO] SIM_BRIDGE: Initializing simulation data for model: IZHIKEVICH (3D)... (playback_init: False)
[2026-07-10 05:34:05][INFO] SIM_BRIDGE: RNG initialized with seed: 101
[2026-07-10 05:34:05][INFO] SIM_BRIDGE: Initializing Izhikevich model specifics for 8960 neurons...
[2026-07-10 05:34:05][INFO] SIM_BRIDGE: Applying parameter heterogeneity to neuron parameters...
[2026-07-10 05:34:05][INFO] SIM_BRIDGE: Applied heterogeneity to 4 parameters.
[2026-07-10 05:34:05][INFO] SIM_BRIDGE: Initializing OU process state (tau=15.0ms, sigma=0.0pA)...
[2026-07-10 05:34:05][INFO] SIM_BRIDGE: Generating 3D neuron positions for 8960 neurons...
[2026-07-10 05:34:05][INFO] SIM_BRIDGE: Generating connections (3D)...
[2026-07-10 05:34:05][INFO] SIM_BRIDGE: Simulation data initialized for 8960 neurons (3D). Synapses: 0. GPU memory: 23.7GB/51.2GB (46.2%)
[2026-07-10 05:34:05][INFO] SIM_BRIDGE: NumPy backend (CPU (NumPy backend), 47.7 GB RAM available)
[2026-07-10 05:34:05][INFO] SIM_BRIDGE: Initializing simulation data for model: IZHIKEVICH (3D)... (playback_init: False)
[2026-07-10 05:34:05][INFO] SIM_BRIDGE: RNG initialized with seed: 101
[2026-07-10 05:34:05][INFO] SIM_BRIDGE: Initializing Izhikevich model specifics for 8960 neurons...
[2026-07-10 05:34:05][INFO] SIM_BRIDGE: Applying parameter heterogeneity to neuron parameters...
[2026-07-10 05:34:05][INFO] SIM_BRIDGE: Applied heterogeneity to 4 parameters.
[2026-07-10 05:34:05][INFO] SIM_BRIDGE: Initializing OU process state (tau=15.0ms, sigma=0.0pA)...
[2026-07-10 05:34:05][INFO] SIM_BRIDGE: Generating 3D neuron positions for 8960 neurons...
[2026-07-10 05:34:05][INFO] SIM_BRIDGE: Generating connections (3D)...
[2026-07-10 05:34:05][INFO] SIM_BRIDGE: Simulation data initialized for 8960 neurons (3D). Synapses: 0. GPU memory: 23.7GB/51.2GB (46.2%)
[2026-07-10 05:34:13][INFO] SIM_BRIDGE: NumPy backend (CPU (NumPy backend), 47.7 GB RAM available)
[2026-07-10 05:34:13][INFO] SIM_BRIDGE: Initializing simulation data for model: IZHIKEVICH (3D)... (playback_init: False)
[2026-07-10 05:34:13][INFO] SIM_BRIDGE: RNG initialized with seed: 101
[2026-07-10 05:34:13][INFO] SIM_BRIDGE: Initializing Izhikevich model specifics for 9216 neurons...
[2026-07-10 05:34:13][INFO] SIM_BRIDGE: Applying parameter heterogeneity to neuron parameters...
[2026-07-10 05:34:13][INFO] SIM_BRIDGE: Applied heterogeneity to 4 parameters.
[2026-07-10 05:34:13][INFO] SIM_BRIDGE: Initializing OU process state (tau=15.0ms, sigma=0.0pA)...
[2026-07-10 05:34:13][INFO] SIM_BRIDGE: Generating 3D neuron positions for 9216 neurons...
[2026-07-10 05:34:13][INFO] SIM_BRIDGE: Generating connections (3D)...
[2026-07-10 05:34:13][INFO] SIM_BRIDGE: Simulation data initialized for 9216 neurons (3D). Synapses: 0. GPU memory: 23.8GB/51.2GB (46.4%)
[2026-07-10 05:34:13][INFO] SIM_BRIDGE: NumPy backend (CPU (NumPy backend), 47.7 GB RAM available)
[2026-07-10 05:34:13][INFO] SIM_BRIDGE: Initializing simulation data for model: IZHIKEVICH (3D)... (playback_init: False)
[2026-07-10 05:34:13][INFO] SIM_BRIDGE: RNG initialized with seed: 101
[2026-07-10 05:34:13][INFO] SIM_BRIDGE: Initializing Izhikevich model specifics for 9216 neurons...
[2026-07-10 05:34:13][INFO] SIM_BRIDGE: Applying parameter heterogeneity to neuron parameters...
[2026-07-10 05:34:13][INFO] SIM_BRIDGE: Applied heterogeneity to 4 parameters.
[2026-07-10 05:34:13][INFO] SIM_BRIDGE: Initializing OU process state (tau=15.0ms, sigma=0.0pA)...
[2026-07-10 05:34:13][INFO] SIM_BRIDGE: Generating 3D neuron positions for 9216 neurons...
[2026-07-10 05:34:13][INFO] SIM_BRIDGE: Generating connections (3D)...
[2026-07-10 05:34:13][INFO] SIM_BRIDGE: Simulation data initialized for 9216 neurons (3D). Synapses: 0. GPU memory: 23.8GB/51.2GB (46.4%)
[2026-07-10 05:34:21][INFO] SIM_BRIDGE: NumPy backend (CPU (NumPy backend), 47.7 GB RAM available)
[2026-07-10 05:34:21][INFO] SIM_BRIDGE: Initializing simulation data for model: IZHIKEVICH (3D)... (playback_init: False)
[2026-07-10 05:34:21][INFO] SIM_BRIDGE: RNG initialized with seed: 101
[2026-07-10 05:34:21][INFO] SIM_BRIDGE: Initializing Izhikevich model specifics for 9472 neurons...
[2026-07-10 05:34:21][INFO] SIM_BRIDGE: Applying parameter heterogeneity to neuron parameters...
[2026-07-10 05:34:21][INFO] SIM_BRIDGE: Applied heterogeneity to 4 parameters.
[2026-07-10 05:34:21][INFO] SIM_BRIDGE: Initializing OU process state (tau=15.0ms, sigma=0.0pA)...
[2026-07-10 05:34:21][INFO] SIM_BRIDGE: Generating 3D neuron positions for 9472 neurons...
[2026-07-10 05:34:21][INFO] SIM_BRIDGE: Generating connections (3D)...
[2026-07-10 05:34:21][INFO] SIM_BRIDGE: Simulation data initialized for 9472 neurons (3D). Synapses: 0. GPU memory: 24.0GB/51.2GB (46.9%)
[2026-07-10 05:34:22][INFO] SIM_BRIDGE: NumPy backend (CPU (NumPy backend), 47.7 GB RAM available)
[2026-07-10 05:34:22][INFO] SIM_BRIDGE: Initializing simulation data for model: IZHIKEVICH (3D)... (playback_init: False)
[2026-07-10 05:34:22][INFO] SIM_BRIDGE: RNG initialized with seed: 101
[2026-07-10 05:34:22][INFO] SIM_BRIDGE: Initializing Izhikevich model specifics for 9472 neurons...
[2026-07-10 05:34:22][INFO] SIM_BRIDGE: Applying parameter heterogeneity to neuron parameters...
[2026-07-10 05:34:22][INFO] SIM_BRIDGE: Applied heterogeneity to 4 parameters.
[2026-07-10 05:34:22][INFO] SIM_BRIDGE: Initializing OU process state (tau=15.0ms, sigma=0.0pA)...
[2026-07-10 05:34:22][INFO] SIM_BRIDGE: Generating 3D neuron positions for 9472 neurons...
[2026-07-10 05:34:22][INFO] SIM_BRIDGE: Generating connections (3D)...
[2026-07-10 05:34:22][INFO] SIM_BRIDGE: Simulation data initialized for 9472 neurons (3D). Synapses: 0. GPU memory: 24.1GB/51.2GB (47.0%)
[2026-07-10 05:34:24][INFO] SIM_BRIDGE: NumPy backend (CPU (NumPy backend), 47.7 GB RAM available)
[2026-07-10 05:34:24][INFO] SIM_BRIDGE: Initializing simulation data for model: IZHIKEVICH (3D)... (playback_init: False)
[2026-07-10 05:34:24][INFO] SIM_BRIDGE: RNG initialized with seed: 101
[2026-07-10 05:34:24][INFO] SIM_BRIDGE: Initializing Izhikevich model specifics for 9728 neurons...
[2026-07-10 05:34:24][INFO] SIM_BRIDGE: Applying parameter heterogeneity to neuron parameters...
[2026-07-10 05:34:24][INFO] SIM_BRIDGE: Applied heterogeneity to 4 parameters.
[2026-07-10 05:34:24][INFO] SIM_BRIDGE: Initializing OU process state (tau=15.0ms, sigma=0.0pA)...
[2026-07-10 05:34:24][INFO] SIM_BRIDGE: Generating 3D neuron positions for 9728 neurons...
[2026-07-10 05:34:24][INFO] SIM_BRIDGE: Generating connections (3D)...
[2026-07-10 05:34:24][INFO] SIM_BRIDGE: Simulation data initialized for 9728 neurons (3D). Synapses: 0. GPU memory: 23.5GB/51.2GB (45.8%)
[2026-07-10 05:34:25][INFO] SIM_BRIDGE: NumPy backend (CPU (NumPy backend), 47.7 GB RAM available)
[2026-07-10 05:34:25][INFO] SIM_BRIDGE: Initializing simulation data for model: IZHIKEVICH (3D)... (playback_init: False)
[2026-07-10 05:34:25][INFO] SIM_BRIDGE: RNG initialized with seed: 101
[2026-07-10 05:34:25][INFO] SIM_BRIDGE: Initializing Izhikevich model specifics for 9728 neurons...
[2026-07-10 05:34:25][INFO] SIM_BRIDGE: Applying parameter heterogeneity to neuron parameters...
[2026-07-10 05:34:25][INFO] SIM_BRIDGE: Applied heterogeneity to 4 parameters.
[2026-07-10 05:34:25][INFO] SIM_BRIDGE: Initializing OU process state (tau=15.0ms, sigma=0.0pA)...
[2026-07-10 05:34:25][INFO] SIM_BRIDGE: Generating 3D neuron positions for 9728 neurons...
[2026-07-10 05:34:25][INFO] SIM_BRIDGE: Generating connections (3D)...
[2026-07-10 05:34:25][INFO] SIM_BRIDGE: Simulation data initialized for 9728 neurons (3D). Synapses: 0. GPU memory: 23.5GB/51.2GB (45.9%)
[2026-07-10 05:34:30][INFO] SIM_BRIDGE: NumPy backend (CPU (NumPy backend), 47.7 GB RAM available)
[2026-07-10 05:34:30][INFO] SIM_BRIDGE: Initializing simulation data for model: IZHIKEVICH (3D)... (playback_init: False)
[2026-07-10 05:34:30][INFO] SIM_BRIDGE: RNG initialized with seed: 101
[2026-07-10 05:34:30][INFO] SIM_BRIDGE: Initializing Izhikevich model specifics for 9984 neurons...
[2026-07-10 05:34:30][INFO] SIM_BRIDGE: Applying parameter heterogeneity to neuron parameters...
[2026-07-10 05:34:30][INFO] SIM_BRIDGE: Applied heterogeneity to 4 parameters.
[2026-07-10 05:34:30][INFO] SIM_BRIDGE: Initializing OU process state (tau=15.0ms, sigma=0.0pA)...
[2026-07-10 05:34:30][INFO] SIM_BRIDGE: Generating 3D neuron positions for 9984 neurons...
[2026-07-10 05:34:30][INFO] SIM_BRIDGE: Generating connections (3D)...
[2026-07-10 05:34:30][INFO] SIM_BRIDGE: Simulation data initialized for 9984 neurons (3D). Synapses: 0. GPU memory: 23.5GB/51.2GB (45.9%)
[2026-07-10 05:34:30][INFO] SIM_BRIDGE: NumPy backend (CPU (NumPy backend), 47.7 GB RAM available)
[2026-07-10 05:34:30][INFO] SIM_BRIDGE: Initializing simulation data for model: IZHIKEVICH (3D)... (playback_init: False)
[2026-07-10 05:34:30][INFO] SIM_BRIDGE: RNG initialized with seed: 101
[2026-07-10 05:34:30][INFO] SIM_BRIDGE: Initializing Izhikevich model specifics for 9984 neurons...
[2026-07-10 05:34:30][INFO] SIM_BRIDGE: Applying parameter heterogeneity to neuron parameters...
[2026-07-10 05:34:30][INFO] SIM_BRIDGE: Applied heterogeneity to 4 parameters.
[2026-07-10 05:34:30][INFO] SIM_BRIDGE: Initializing OU process state (tau=15.0ms, sigma=0.0pA)...
[2026-07-10 05:34:30][INFO] SIM_BRIDGE: Generating 3D neuron positions for 9984 neurons...
[2026-07-10 05:34:30][INFO] SIM_BRIDGE: Generating connections (3D)...
[2026-07-10 05:34:30][INFO] SIM_BRIDGE: Simulation data initialized for 9984 neurons (3D). Synapses: 0. GPU memory: 23.5GB/51.2GB (45.9%)
[2026-07-10 05:34:39][INFO] SIM_BRIDGE: NumPy backend (CPU (NumPy backend), 47.7 GB RAM available)
[2026-07-10 05:34:39][INFO] SIM_BRIDGE: Initializing simulation data for model: IZHIKEVICH (3D)... (playback_init: False)
[2026-07-10 05:34:39][INFO] SIM_BRIDGE: RNG initialized with seed: 101
[2026-07-10 05:34:39][INFO] SIM_BRIDGE: Initializing Izhikevich model specifics for 10240 neurons...
[2026-07-10 05:34:39][INFO] SIM_BRIDGE: Applying parameter heterogeneity to neuron parameters...
[2026-07-10 05:34:39][INFO] SIM_BRIDGE: Applied heterogeneity to 4 parameters.
[2026-07-10 05:34:39][INFO] SIM_BRIDGE: Initializing OU process state (tau=15.0ms, sigma=0.0pA)...
[2026-07-10 05:34:39][INFO] SIM_BRIDGE: Generating 3D neuron positions for 10240 neurons...
[2026-07-10 05:34:39][INFO] SIM_BRIDGE: Generating connections (3D)...
[2026-07-10 05:34:39][INFO] SIM_BRIDGE: Simulation data initialized for 10240 neurons (3D). Synapses: 0. GPU memory: 23.4GB/51.2GB (45.7%)
[2026-07-10 05:34:40][INFO] SIM_BRIDGE: NumPy backend (CPU (NumPy backend), 47.7 GB RAM available)
[2026-07-10 05:34:40][INFO] SIM_BRIDGE: Initializing simulation data for model: IZHIKEVICH (3D)... (playback_init: False)
[2026-07-10 05:34:40][INFO] SIM_BRIDGE: RNG initialized with seed: 101
[2026-07-10 05:34:40][INFO] SIM_BRIDGE: Initializing Izhikevich model specifics for 10240 neurons...
[2026-07-10 05:34:40][INFO] SIM_BRIDGE: Applying parameter heterogeneity to neuron parameters...
[2026-07-10 05:34:40][INFO] SIM_BRIDGE: Applied heterogeneity to 4 parameters.
[2026-07-10 05:34:40][INFO] SIM_BRIDGE: Initializing OU process state (tau=15.0ms, sigma=0.0pA)...
[2026-07-10 05:34:40][INFO] SIM_BRIDGE: Generating 3D neuron positions for 10240 neurons...
[2026-07-10 05:34:40][INFO] SIM_BRIDGE: Generating connections (3D)...
[2026-07-10 05:34:40][INFO] SIM_BRIDGE: Simulation data initialized for 10240 neurons (3D). Synapses: 0. GPU memory: 23.4GB/51.2GB (45.7%)
[2026-07-10 05:34:49][INFO] SIM_BRIDGE: NumPy backend (CPU (NumPy backend), 47.7 GB RAM available)
[2026-07-10 05:34:49][INFO] SIM_BRIDGE: Initializing simulation data for model: IZHIKEVICH (3D)... (playback_init: False)
[2026-07-10 05:34:49][INFO] SIM_BRIDGE: RNG initialized with seed: 101
[2026-07-10 05:34:49][INFO] SIM_BRIDGE: Initializing Izhikevich model specifics for 10752 neurons...
[2026-07-10 05:34:49][INFO] SIM_BRIDGE: Applying parameter heterogeneity to neuron parameters...
[2026-07-10 05:34:49][INFO] SIM_BRIDGE: Applied heterogeneity to 4 parameters.
[2026-07-10 05:34:49][INFO] SIM_BRIDGE: Initializing OU process state (tau=15.0ms, sigma=0.0pA)...
[2026-07-10 05:34:49][INFO] SIM_BRIDGE: Generating 3D neuron positions for 10752 neurons...
[2026-07-10 05:34:49][INFO] SIM_BRIDGE: Generating connections (3D)...
[2026-07-10 05:34:49][INFO] SIM_BRIDGE: Simulation data initialized for 10752 neurons (3D). Synapses: 0. GPU memory: 22.9GB/51.2GB (44.8%)
[2026-07-10 05:34:49][INFO] SIM_BRIDGE: NumPy backend (CPU (NumPy backend), 47.7 GB RAM available)
[2026-07-10 05:34:49][INFO] SIM_BRIDGE: Initializing simulation data for model: IZHIKEVICH (3D)... (playback_init: False)
[2026-07-10 05:34:49][INFO] SIM_BRIDGE: RNG initialized with seed: 101
[2026-07-10 05:34:49][INFO] SIM_BRIDGE: Initializing Izhikevich model specifics for 10752 neurons...
[2026-07-10 05:34:49][INFO] SIM_BRIDGE: Applying parameter heterogeneity to neuron parameters...
[2026-07-10 05:34:49][INFO] SIM_BRIDGE: Applied heterogeneity to 4 parameters.
[2026-07-10 05:34:49][INFO] SIM_BRIDGE: Initializing OU process state (tau=15.0ms, sigma=0.0pA)...
[2026-07-10 05:34:49][INFO] SIM_BRIDGE: Generating 3D neuron positions for 10752 neurons...
[2026-07-10 05:34:49][INFO] SIM_BRIDGE: Generating connections (3D)...
[2026-07-10 05:34:49][INFO] SIM_BRIDGE: Simulation data initialized for 10752 neurons (3D). Synapses: 0. GPU memory: 23.0GB/51.2GB (44.9%)
[2026-07-10 05:34:58][INFO] SIM_BRIDGE: NumPy backend (CPU (NumPy backend), 47.7 GB RAM available)
[2026-07-10 05:34:58][INFO] SIM_BRIDGE: Initializing simulation data for model: IZHIKEVICH (3D)... (playback_init: False)
[2026-07-10 05:34:58][INFO] SIM_BRIDGE: RNG initialized with seed: 101
[2026-07-10 05:34:58][INFO] SIM_BRIDGE: Initializing Izhikevich model specifics for 11008 neurons...
[2026-07-10 05:34:58][INFO] SIM_BRIDGE: Applying parameter heterogeneity to neuron parameters...
[2026-07-10 05:34:58][INFO] SIM_BRIDGE: Applied heterogeneity to 4 parameters.
[2026-07-10 05:34:58][INFO] SIM_BRIDGE: Initializing OU process state (tau=15.0ms, sigma=0.0pA)...
[2026-07-10 05:34:58][INFO] SIM_BRIDGE: Generating 3D neuron positions for 11008 neurons...
[2026-07-10 05:34:58][INFO] SIM_BRIDGE: Generating connections (3D)...
[2026-07-10 05:34:58][INFO] SIM_BRIDGE: Simulation data initialized for 11008 neurons (3D). Synapses: 0. GPU memory: 22.6GB/51.2GB (44.2%)
[2026-07-10 05:34:58][INFO] SIM_BRIDGE: NumPy backend (CPU (NumPy backend), 47.7 GB RAM available)
[2026-07-10 05:34:58][INFO] SIM_BRIDGE: Initializing simulation data for model: IZHIKEVICH (3D)... (playback_init: False)
[2026-07-10 05:34:58][INFO] SIM_BRIDGE: RNG initialized with seed: 101
[2026-07-10 05:34:58][INFO] SIM_BRIDGE: Initializing Izhikevich model specifics for 11008 neurons...
[2026-07-10 05:34:58][INFO] SIM_BRIDGE: Applying parameter heterogeneity to neuron parameters...
[2026-07-10 05:34:58][INFO] SIM_BRIDGE: Applied heterogeneity to 4 parameters.
[2026-07-10 05:34:58][INFO] SIM_BRIDGE: Initializing OU process state (tau=15.0ms, sigma=0.0pA)...
[2026-07-10 05:34:58][INFO] SIM_BRIDGE: Generating 3D neuron positions for 11008 neurons...
[2026-07-10 05:34:58][INFO] SIM_BRIDGE: Generating connections (3D)...
[2026-07-10 05:34:58][INFO] SIM_BRIDGE: Simulation data initialized for 11008 neurons (3D). Synapses: 0. GPU memory: 22.6GB/51.2GB (44.2%)
[2026-07-10 05:35:01][INFO] SIM_BRIDGE: NumPy backend (CPU (NumPy backend), 47.7 GB RAM available)
[2026-07-10 05:35:01][INFO] SIM_BRIDGE: Initializing simulation data for model: IZHIKEVICH (3D)... (playback_init: False)
[2026-07-10 05:35:01][INFO] SIM_BRIDGE: RNG initialized with seed: 101
[2026-07-10 05:35:01][INFO] SIM_BRIDGE: Initializing Izhikevich model specifics for 11264 neurons...
[2026-07-10 05:35:01][INFO] SIM_BRIDGE: Applying parameter heterogeneity to neuron parameters...
[2026-07-10 05:35:01][INFO] SIM_BRIDGE: Applied heterogeneity to 4 parameters.
[2026-07-10 05:35:01][INFO] SIM_BRIDGE: Initializing OU process state (tau=15.0ms, sigma=0.0pA)...
[2026-07-10 05:35:01][INFO] SIM_BRIDGE: Generating 3D neuron positions for 11264 neurons...
[2026-07-10 05:35:01][INFO] SIM_BRIDGE: Generating connections (3D)...
[2026-07-10 05:35:01][INFO] SIM_BRIDGE: Simulation data initialized for 11264 neurons (3D). Synapses: 0. GPU memory: 22.6GB/51.2GB (44.2%)
[2026-07-10 05:35:01][INFO] SIM_BRIDGE: NumPy backend (CPU (NumPy backend), 47.7 GB RAM available)
[2026-07-10 05:35:01][INFO] SIM_BRIDGE: Initializing simulation data for model: IZHIKEVICH (3D)... (playback_init: False)
[2026-07-10 05:35:01][INFO] SIM_BRIDGE: RNG initialized with seed: 101
[2026-07-10 05:35:01][INFO] SIM_BRIDGE: Initializing Izhikevich model specifics for 11264 neurons...
[2026-07-10 05:35:01][INFO] SIM_BRIDGE: Applying parameter heterogeneity to neuron parameters...
[2026-07-10 05:35:01][INFO] SIM_BRIDGE: Applied heterogeneity to 4 parameters.
[2026-07-10 05:35:01][INFO] SIM_BRIDGE: Initializing OU process state (tau=15.0ms, sigma=0.0pA)...
[2026-07-10 05:35:01][INFO] SIM_BRIDGE: Generating 3D neuron positions for 11264 neurons...
[2026-07-10 05:35:01][INFO] SIM_BRIDGE: Generating connections (3D)...
[2026-07-10 05:35:01][INFO] SIM_BRIDGE: Simulation data initialized for 11264 neurons (3D). Synapses: 0. GPU memory: 22.6GB/51.2GB (44.2%)
[2026-07-10 05:35:06][INFO] SIM_BRIDGE: NumPy backend (CPU (NumPy backend), 47.7 GB RAM available)
[2026-07-10 05:35:06][INFO] SIM_BRIDGE: Initializing simulation data for model: IZHIKEVICH (3D)... (playback_init: False)
[2026-07-10 05:35:06][INFO] SIM_BRIDGE: RNG initialized with seed: 101
[2026-07-10 05:35:06][INFO] SIM_BRIDGE: Initializing Izhikevich model specifics for 11520 neurons...
[2026-07-10 05:35:06][INFO] SIM_BRIDGE: Applying parameter heterogeneity to neuron parameters...
[2026-07-10 05:35:06][INFO] SIM_BRIDGE: Applied heterogeneity to 4 parameters.
[2026-07-10 05:35:06][INFO] SIM_BRIDGE: Initializing OU process state (tau=15.0ms, sigma=0.0pA)...
[2026-07-10 05:35:06][INFO] SIM_BRIDGE: Generating 3D neuron positions for 11520 neurons...
[2026-07-10 05:35:06][INFO] SIM_BRIDGE: Generating connections (3D)...
[2026-07-10 05:35:06][INFO] SIM_BRIDGE: Simulation data initialized for 11520 neurons (3D). Synapses: 0. GPU memory: 22.7GB/51.2GB (44.3%)
[2026-07-10 05:35:07][INFO] SIM_BRIDGE: NumPy backend (CPU (NumPy backend), 47.7 GB RAM available)
[2026-07-10 05:35:07][INFO] SIM_BRIDGE: Initializing simulation data for model: IZHIKEVICH (3D)... (playback_init: False)
[2026-07-10 05:35:07][INFO] SIM_BRIDGE: RNG initialized with seed: 101
[2026-07-10 05:35:07][INFO] SIM_BRIDGE: Initializing Izhikevich model specifics for 11520 neurons...
[2026-07-10 05:35:07][INFO] SIM_BRIDGE: Applying parameter heterogeneity to neuron parameters...
[2026-07-10 05:35:07][INFO] SIM_BRIDGE: Applied heterogeneity to 4 parameters.
[2026-07-10 05:35:07][INFO] SIM_BRIDGE: Initializing OU process state (tau=15.0ms, sigma=0.0pA)...
[2026-07-10 05:35:07][INFO] SIM_BRIDGE: Generating 3D neuron positions for 11520 neurons...
[2026-07-10 05:35:07][INFO] SIM_BRIDGE: Generating connections (3D)...
[2026-07-10 05:35:07][INFO] SIM_BRIDGE: Simulation data initialized for 11520 neurons (3D). Synapses: 0. GPU memory: 22.7GB/51.2GB (44.3%)
[2026-07-10 05:35:15][INFO] SIM_BRIDGE: NumPy backend (CPU (NumPy backend), 47.7 GB RAM available)
[2026-07-10 05:35:15][INFO] SIM_BRIDGE: Initializing simulation data for model: IZHIKEVICH (3D)... (playback_init: False)
[2026-07-10 05:35:15][INFO] SIM_BRIDGE: RNG initialized with seed: 101
[2026-07-10 05:35:15][INFO] SIM_BRIDGE: Initializing Izhikevich model specifics for 12032 neurons...
[2026-07-10 05:35:15][INFO] SIM_BRIDGE: Applying parameter heterogeneity to neuron parameters...
[2026-07-10 05:35:15][INFO] SIM_BRIDGE: Applied heterogeneity to 4 parameters.
[2026-07-10 05:35:15][INFO] SIM_BRIDGE: Initializing OU process state (tau=15.0ms, sigma=0.0pA)...
[2026-07-10 05:35:15][INFO] SIM_BRIDGE: Generating 3D neuron positions for 12032 neurons...
[2026-07-10 05:35:15][INFO] SIM_BRIDGE: Generating connections (3D)...
[2026-07-10 05:35:15][INFO] SIM_BRIDGE: Simulation data initialized for 12032 neurons (3D). Synapses: 0. GPU memory: 22.8GB/51.2GB (44.5%)
[2026-07-10 05:35:16][INFO] SIM_BRIDGE: NumPy backend (CPU (NumPy backend), 47.7 GB RAM available)
[2026-07-10 05:35:16][INFO] SIM_BRIDGE: Initializing simulation data for model: IZHIKEVICH (3D)... (playback_init: False)
[2026-07-10 05:35:16][INFO] SIM_BRIDGE: RNG initialized with seed: 101
[2026-07-10 05:35:16][INFO] SIM_BRIDGE: Initializing Izhikevich model specifics for 12032 neurons...
[2026-07-10 05:35:16][INFO] SIM_BRIDGE: Applying parameter heterogeneity to neuron parameters...
[2026-07-10 05:35:16][INFO] SIM_BRIDGE: Applied heterogeneity to 4 parameters.
[2026-07-10 05:35:16][INFO] SIM_BRIDGE: Initializing OU process state (tau=15.0ms, sigma=0.0pA)...
[2026-07-10 05:35:16][INFO] SIM_BRIDGE: Generating 3D neuron positions for 12032 neurons...
[2026-07-10 05:35:16][INFO] SIM_BRIDGE: Generating connections (3D)...
[2026-07-10 05:35:16][INFO] SIM_BRIDGE: Simulation data initialized for 12032 neurons (3D). Synapses: 0. GPU memory: 22.8GB/51.2GB (44.5%)
[2026-07-10 05:35:24][INFO] SIM_BRIDGE: NumPy backend (CPU (NumPy backend), 47.7 GB RAM available)
[2026-07-10 05:35:24][INFO] SIM_BRIDGE: Initializing simulation data for model: IZHIKEVICH (3D)... (playback_init: False)
[2026-07-10 05:35:24][INFO] SIM_BRIDGE: RNG initialized with seed: 101
[2026-07-10 05:35:24][INFO] SIM_BRIDGE: Initializing Izhikevich model specifics for 12544 neurons...
[2026-07-10 05:35:24][INFO] SIM_BRIDGE: Applying parameter heterogeneity to neuron parameters...
[2026-07-10 05:35:24][INFO] SIM_BRIDGE: Applied heterogeneity to 4 parameters.
[2026-07-10 05:35:24][INFO] SIM_BRIDGE: Initializing OU process state (tau=15.0ms, sigma=0.0pA)...
[2026-07-10 05:35:24][INFO] SIM_BRIDGE: Generating 3D neuron positions for 12544 neurons...
[2026-07-10 05:35:24][INFO] SIM_BRIDGE: Generating connections (3D)...
[2026-07-10 05:35:24][INFO] SIM_BRIDGE: Simulation data initialized for 12544 neurons (3D). Synapses: 0. GPU memory: 22.9GB/51.2GB (44.8%)
[2026-07-10 05:35:24][INFO] SIM_BRIDGE: NumPy backend (CPU (NumPy backend), 47.7 GB RAM available)
[2026-07-10 05:35:24][INFO] SIM_BRIDGE: Initializing simulation data for model: IZHIKEVICH (3D)... (playback_init: False)
[2026-07-10 05:35:24][INFO] SIM_BRIDGE: RNG initialized with seed: 101
[2026-07-10 05:35:24][INFO] SIM_BRIDGE: Initializing Izhikevich model specifics for 12544 neurons...
[2026-07-10 05:35:24][INFO] SIM_BRIDGE: Applying parameter heterogeneity to neuron parameters...
[2026-07-10 05:35:24][INFO] SIM_BRIDGE: Applied heterogeneity to 4 parameters.
[2026-07-10 05:35:24][INFO] SIM_BRIDGE: Initializing OU process state (tau=15.0ms, sigma=0.0pA)...
[2026-07-10 05:35:24][INFO] SIM_BRIDGE: Generating 3D neuron positions for 12544 neurons...
[2026-07-10 05:35:24][INFO] SIM_BRIDGE: Generating connections (3D)...
[2026-07-10 05:35:24][INFO] SIM_BRIDGE: Simulation data initialized for 12544 neurons (3D). Synapses: 0. GPU memory: 22.9GB/51.2GB (44.8%)
[2026-07-10 05:35:27][INFO] SIM_BRIDGE: NumPy backend (CPU (NumPy backend), 47.7 GB RAM available)
[2026-07-10 05:35:27][INFO] SIM_BRIDGE: Initializing simulation data for model: IZHIKEVICH (3D)... (playback_init: False)
[2026-07-10 05:35:27][INFO] SIM_BRIDGE: RNG initialized with seed: 101
[2026-07-10 05:35:27][INFO] SIM_BRIDGE: Initializing Izhikevich model specifics for 12800 neurons...
[2026-07-10 05:35:27][INFO] SIM_BRIDGE: Applying parameter heterogeneity to neuron parameters...
[2026-07-10 05:35:27][INFO] SIM_BRIDGE: Applied heterogeneity to 4 parameters.
[2026-07-10 05:35:27][INFO] SIM_BRIDGE: Initializing OU process state (tau=15.0ms, sigma=0.0pA)...
[2026-07-10 05:35:27][INFO] SIM_BRIDGE: Generating 3D neuron positions for 12800 neurons...
[2026-07-10 05:35:27][INFO] SIM_BRIDGE: Generating connections (3D)...
[2026-07-10 05:35:27][INFO] SIM_BRIDGE: Simulation data initialized for 12800 neurons (3D). Synapses: 0. GPU memory: 23.0GB/51.2GB (44.9%)
[2026-07-10 05:35:27][INFO] SIM_BRIDGE: NumPy backend (CPU (NumPy backend), 47.7 GB RAM available)
[2026-07-10 05:35:27][INFO] SIM_BRIDGE: Initializing simulation data for model: IZHIKEVICH (3D)... (playback_init: False)
[2026-07-10 05:35:27][INFO] SIM_BRIDGE: RNG initialized with seed: 101
[2026-07-10 05:35:27][INFO] SIM_BRIDGE: Initializing Izhikevich model specifics for 12800 neurons...
[2026-07-10 05:35:27][INFO] SIM_BRIDGE: Applying parameter heterogeneity to neuron parameters...
[2026-07-10 05:35:27][INFO] SIM_BRIDGE: Applied heterogeneity to 4 parameters.
[2026-07-10 05:35:27][INFO] SIM_BRIDGE: Initializing OU process state (tau=15.0ms, sigma=0.0pA)...
[2026-07-10 05:35:27][INFO] SIM_BRIDGE: Generating 3D neuron positions for 12800 neurons...
[2026-07-10 05:35:27][INFO] SIM_BRIDGE: Generating connections (3D)...
[2026-07-10 05:35:27][INFO] SIM_BRIDGE: Simulation data initialized for 12800 neurons (3D). Synapses: 0. GPU memory: 23.0GB/51.2GB (44.9%)
[2026-07-10 05:35:33][INFO] SIM_BRIDGE: NumPy backend (CPU (NumPy backend), 47.7 GB RAM available)
[2026-07-10 05:35:33][INFO] SIM_BRIDGE: Initializing simulation data for model: IZHIKEVICH (3D)... (playback_init: False)
[2026-07-10 05:35:33][INFO] SIM_BRIDGE: RNG initialized with seed: 101
[2026-07-10 05:35:33][INFO] SIM_BRIDGE: Initializing Izhikevich model specifics for 13056 neurons...
[2026-07-10 05:35:33][INFO] SIM_BRIDGE: Applying parameter heterogeneity to neuron parameters...
[2026-07-10 05:35:33][INFO] SIM_BRIDGE: Applied heterogeneity to 4 parameters.
[2026-07-10 05:35:33][INFO] SIM_BRIDGE: Initializing OU process state (tau=15.0ms, sigma=0.0pA)...
[2026-07-10 05:35:33][INFO] SIM_BRIDGE: Generating 3D neuron positions for 13056 neurons...
[2026-07-10 05:35:33][INFO] SIM_BRIDGE: Generating connections (3D)...
[2026-07-10 05:35:33][INFO] SIM_BRIDGE: Simulation data initialized for 13056 neurons (3D). Synapses: 0. GPU memory: 23.1GB/51.2GB (45.1%)
[2026-07-10 05:35:33][INFO] SIM_BRIDGE: NumPy backend (CPU (NumPy backend), 47.7 GB RAM available)
[2026-07-10 05:35:33][INFO] SIM_BRIDGE: Initializing simulation data for model: IZHIKEVICH (3D)... (playback_init: False)
[2026-07-10 05:35:33][INFO] SIM_BRIDGE: RNG initialized with seed: 101
[2026-07-10 05:35:33][INFO] SIM_BRIDGE: Initializing Izhikevich model specifics for 13056 neurons...
[2026-07-10 05:35:33][INFO] SIM_BRIDGE: Applying parameter heterogeneity to neuron parameters...
[2026-07-10 05:35:33][INFO] SIM_BRIDGE: Applied heterogeneity to 4 parameters.
[2026-07-10 05:35:33][INFO] SIM_BRIDGE: Initializing OU process state (tau=15.0ms, sigma=0.0pA)...
[2026-07-10 05:35:33][INFO] SIM_BRIDGE: Generating 3D neuron positions for 13056 neurons...
[2026-07-10 05:35:33][INFO] SIM_BRIDGE: Generating connections (3D)...
[2026-07-10 05:35:33][INFO] SIM_BRIDGE: Simulation data initialized for 13056 neurons (3D). Synapses: 0. GPU memory: 23.1GB/51.2GB (45.1%)
[2026-07-10 05:35:42][INFO] SIM_BRIDGE: NumPy backend (CPU (NumPy backend), 47.7 GB RAM available)
[2026-07-10 05:35:42][INFO] SIM_BRIDGE: Initializing simulation data for model: IZHIKEVICH (3D)... (playback_init: False)
[2026-07-10 05:35:42][INFO] SIM_BRIDGE: RNG initialized with seed: 101
[2026-07-10 05:35:42][INFO] SIM_BRIDGE: Initializing Izhikevich model specifics for 13312 neurons...
[2026-07-10 05:35:42][INFO] SIM_BRIDGE: Applying parameter heterogeneity to neuron parameters...
[2026-07-10 05:35:42][INFO] SIM_BRIDGE: Applied heterogeneity to 4 parameters.
[2026-07-10 05:35:42][INFO] SIM_BRIDGE: Initializing OU process state (tau=15.0ms, sigma=0.0pA)...
[2026-07-10 05:35:42][INFO] SIM_BRIDGE: Generating 3D neuron positions for 13312 neurons...
[2026-07-10 05:35:42][INFO] SIM_BRIDGE: Generating connections (3D)...
[2026-07-10 05:35:42][INFO] SIM_BRIDGE: Simulation data initialized for 13312 neurons (3D). Synapses: 0. GPU memory: 23.3GB/51.2GB (45.6%)
[2026-07-10 05:35:42][INFO] SIM_BRIDGE: NumPy backend (CPU (NumPy backend), 47.7 GB RAM available)
[2026-07-10 05:35:42][INFO] SIM_BRIDGE: Initializing simulation data for model: IZHIKEVICH (3D)... (playback_init: False)
[2026-07-10 05:35:42][INFO] SIM_BRIDGE: RNG initialized with seed: 101
[2026-07-10 05:35:42][INFO] SIM_BRIDGE: Initializing Izhikevich model specifics for 13312 neurons...
[2026-07-10 05:35:42][INFO] SIM_BRIDGE: Applying parameter heterogeneity to neuron parameters...
[2026-07-10 05:35:42][INFO] SIM_BRIDGE: Applied heterogeneity to 4 parameters.
[2026-07-10 05:35:42][INFO] SIM_BRIDGE: Initializing OU process state (tau=15.0ms, sigma=0.0pA)...
[2026-07-10 05:35:42][INFO] SIM_BRIDGE: Generating 3D neuron positions for 13312 neurons...
[2026-07-10 05:35:42][INFO] SIM_BRIDGE: Generating connections (3D)...
[2026-07-10 05:35:42][INFO] SIM_BRIDGE: Simulation data initialized for 13312 neurons (3D). Synapses: 0. GPU memory: 23.4GB/51.2GB (45.6%)
[2026-07-10 05:35:47][INFO] SIM_BRIDGE: NumPy backend (CPU (NumPy backend), 47.7 GB RAM available)
[2026-07-10 05:35:47][INFO] SIM_BRIDGE: Initializing simulation data for model: IZHIKEVICH (3D)... (playback_init: False)
[2026-07-10 05:35:47][INFO] SIM_BRIDGE: RNG initialized with seed: 101
[2026-07-10 05:35:47][INFO] SIM_BRIDGE: Initializing Izhikevich model specifics for 13568 neurons...
[2026-07-10 05:35:47][INFO] SIM_BRIDGE: Applying parameter heterogeneity to neuron parameters...
[2026-07-10 05:35:47][INFO] SIM_BRIDGE: Applied heterogeneity to 4 parameters.
[2026-07-10 05:35:47][INFO] SIM_BRIDGE: Initializing OU process state (tau=15.0ms, sigma=0.0pA)...
[2026-07-10 05:35:47][INFO] SIM_BRIDGE: Generating 3D neuron positions for 13568 neurons...
[2026-07-10 05:35:47][INFO] SIM_BRIDGE: Generating connections (3D)...
[2026-07-10 05:35:47][INFO] SIM_BRIDGE: Simulation data initialized for 13568 neurons (3D). Synapses: 0. GPU memory: 23.4GB/51.2GB (45.6%)
[2026-07-10 05:35:48][INFO] SIM_BRIDGE: NumPy backend (CPU (NumPy backend), 47.7 GB RAM available)
[2026-07-10 05:35:48][INFO] SIM_BRIDGE: Initializing simulation data for model: IZHIKEVICH (3D)... (playback_init: False)
[2026-07-10 05:35:48][INFO] SIM_BRIDGE: RNG initialized with seed: 101
[2026-07-10 05:35:48][INFO] SIM_BRIDGE: Initializing Izhikevich model specifics for 13568 neurons...
[2026-07-10 05:35:48][INFO] SIM_BRIDGE: Applying parameter heterogeneity to neuron parameters...
[2026-07-10 05:35:48][INFO] SIM_BRIDGE: Applied heterogeneity to 4 parameters.
[2026-07-10 05:35:48][INFO] SIM_BRIDGE: Initializing OU process state (tau=15.0ms, sigma=0.0pA)...
[2026-07-10 05:35:48][INFO] SIM_BRIDGE: Generating 3D neuron positions for 13568 neurons...
[2026-07-10 05:35:48][INFO] SIM_BRIDGE: Generating connections (3D)...
[2026-07-10 05:35:48][INFO] SIM_BRIDGE: Simulation data initialized for 13568 neurons (3D). Synapses: 0. GPU memory: 23.4GB/51.2GB (45.7%)
[2026-07-10 05:35:51][INFO] SIM_BRIDGE: NumPy backend (CPU (NumPy backend), 47.7 GB RAM available)
[2026-07-10 05:35:51][INFO] SIM_BRIDGE: Initializing simulation data for model: IZHIKEVICH (3D)... (playback_init: False)
[2026-07-10 05:35:51][INFO] SIM_BRIDGE: RNG initialized with seed: 101
[2026-07-10 05:35:51][INFO] SIM_BRIDGE: Initializing Izhikevich model specifics for 13824 neurons...
[2026-07-10 05:35:51][INFO] SIM_BRIDGE: Applying parameter heterogeneity to neuron parameters...
[2026-07-10 05:35:51][INFO] SIM_BRIDGE: Applied heterogeneity to 4 parameters.
[2026-07-10 05:35:51][INFO] SIM_BRIDGE: Initializing OU process state (tau=15.0ms, sigma=0.0pA)...
[2026-07-10 05:35:51][INFO] SIM_BRIDGE: Generating 3D neuron positions for 13824 neurons...
[2026-07-10 05:35:51][INFO] SIM_BRIDGE: Generating connections (3D)...
[2026-07-10 05:35:51][INFO] SIM_BRIDGE: Simulation data initialized for 13824 neurons (3D). Synapses: 0. GPU memory: 23.4GB/51.2GB (45.7%)
[2026-07-10 05:35:51][INFO] SIM_BRIDGE: NumPy backend (CPU (NumPy backend), 47.7 GB RAM available)
[2026-07-10 05:35:51][INFO] SIM_BRIDGE: Initializing simulation data for model: IZHIKEVICH (3D)... (playback_init: False)
[2026-07-10 05:35:51][INFO] SIM_BRIDGE: RNG initialized with seed: 101
[2026-07-10 05:35:51][INFO] SIM_BRIDGE: Initializing Izhikevich model specifics for 13824 neurons...
[2026-07-10 05:35:51][INFO] SIM_BRIDGE: Applying parameter heterogeneity to neuron parameters...
[2026-07-10 05:35:51][INFO] SIM_BRIDGE: Applied heterogeneity to 4 parameters.
[2026-07-10 05:35:51][INFO] SIM_BRIDGE: Initializing OU process state (tau=15.0ms, sigma=0.0pA)...
[2026-07-10 05:35:51][INFO] SIM_BRIDGE: Generating 3D neuron positions for 13824 neurons...
[2026-07-10 05:35:51][INFO] SIM_BRIDGE: Generating connections (3D)...
[2026-07-10 05:35:51][INFO] SIM_BRIDGE: Simulation data initialized for 13824 neurons (3D). Synapses: 0. GPU memory: 23.4GB/51.2GB (45.7%)
[2026-07-10 05:35:57][INFO] SIM_BRIDGE: NumPy backend (CPU (NumPy backend), 47.7 GB RAM available)
[2026-07-10 05:35:57][INFO] SIM_BRIDGE: Initializing simulation data for model: IZHIKEVICH (3D)... (playback_init: False)
[2026-07-10 05:35:57][INFO] SIM_BRIDGE: RNG initialized with seed: 101
[2026-07-10 05:35:57][INFO] SIM_BRIDGE: Initializing Izhikevich model specifics for 14080 neurons...
[2026-07-10 05:35:57][INFO] SIM_BRIDGE: Applying parameter heterogeneity to neuron parameters...
[2026-07-10 05:35:57][INFO] SIM_BRIDGE: Applied heterogeneity to 4 parameters.
[2026-07-10 05:35:57][INFO] SIM_BRIDGE: Initializing OU process state (tau=15.0ms, sigma=0.0pA)...
[2026-07-10 05:35:57][INFO] SIM_BRIDGE: Generating 3D neuron positions for 14080 neurons...
[2026-07-10 05:35:57][INFO] SIM_BRIDGE: Generating connections (3D)...
[2026-07-10 05:35:57][INFO] SIM_BRIDGE: Simulation data initialized for 14080 neurons (3D). Synapses: 0. GPU memory: 23.5GB/51.2GB (45.8%)
[2026-07-10 05:35:57][INFO] SIM_BRIDGE: NumPy backend (CPU (NumPy backend), 47.7 GB RAM available)
[2026-07-10 05:35:57][INFO] SIM_BRIDGE: Initializing simulation data for model: IZHIKEVICH (3D)... (playback_init: False)
[2026-07-10 05:35:57][INFO] SIM_BRIDGE: RNG initialized with seed: 101
[2026-07-10 05:35:57][INFO] SIM_BRIDGE: Initializing Izhikevich model specifics for 14080 neurons...
[2026-07-10 05:35:57][INFO] SIM_BRIDGE: Applying parameter heterogeneity to neuron parameters...
[2026-07-10 05:35:57][INFO] SIM_BRIDGE: Applied heterogeneity to 4 parameters.
[2026-07-10 05:35:57][INFO] SIM_BRIDGE: Initializing OU process state (tau=15.0ms, sigma=0.0pA)...
[2026-07-10 05:35:57][INFO] SIM_BRIDGE: Generating 3D neuron positions for 14080 neurons...
[2026-07-10 05:35:57][INFO] SIM_BRIDGE: Generating connections (3D)...
[2026-07-10 05:35:57][INFO] SIM_BRIDGE: Simulation data initialized for 14080 neurons (3D). Synapses: 0. GPU memory: 23.5GB/51.2GB (45.9%)
[2026-07-10 05:36:00][INFO] SIM_BRIDGE: NumPy backend (CPU (NumPy backend), 47.7 GB RAM available)
[2026-07-10 05:36:00][INFO] SIM_BRIDGE: Initializing simulation data for model: IZHIKEVICH (3D)... (playback_init: False)
[2026-07-10 05:36:00][INFO] SIM_BRIDGE: RNG initialized with seed: 101
[2026-07-10 05:36:00][INFO] SIM_BRIDGE: Initializing Izhikevich model specifics for 14336 neurons...
[2026-07-10 05:36:00][INFO] SIM_BRIDGE: Applying parameter heterogeneity to neuron parameters...
[2026-07-10 05:36:00][INFO] SIM_BRIDGE: Applied heterogeneity to 4 parameters.
[2026-07-10 05:36:00][INFO] SIM_BRIDGE: Initializing OU process state (tau=15.0ms, sigma=0.0pA)...
[2026-07-10 05:36:00][INFO] SIM_BRIDGE: Generating 3D neuron positions for 14336 neurons...
[2026-07-10 05:36:00][INFO] SIM_BRIDGE: Generating connections (3D)...
[2026-07-10 05:36:00][INFO] SIM_BRIDGE: Simulation data initialized for 14336 neurons (3D). Synapses: 0. GPU memory: 23.6GB/51.2GB (46.0%)
[2026-07-10 05:36:00][INFO] SIM_BRIDGE: NumPy backend (CPU (NumPy backend), 47.7 GB RAM available)
[2026-07-10 05:36:00][INFO] SIM_BRIDGE: Initializing simulation data for model: IZHIKEVICH (3D)... (playback_init: False)
[2026-07-10 05:36:00][INFO] SIM_BRIDGE: RNG initialized with seed: 101
[2026-07-10 05:36:00][INFO] SIM_BRIDGE: Initializing Izhikevich model specifics for 14336 neurons...
[2026-07-10 05:36:00][INFO] SIM_BRIDGE: Applying parameter heterogeneity to neuron parameters...
[2026-07-10 05:36:00][INFO] SIM_BRIDGE: Applied heterogeneity to 4 parameters.
[2026-07-10 05:36:00][INFO] SIM_BRIDGE: Initializing OU process state (tau=15.0ms, sigma=0.0pA)...
[2026-07-10 05:36:00][INFO] SIM_BRIDGE: Generating 3D neuron positions for 14336 neurons...
[2026-07-10 05:36:00][INFO] SIM_BRIDGE: Generating connections (3D)...
[2026-07-10 05:36:00][INFO] SIM_BRIDGE: Simulation data initialized for 14336 neurons (3D). Synapses: 0. GPU memory: 23.6GB/51.2GB (46.0%)
[2026-07-10 05:36:03][INFO] SIM_BRIDGE: NumPy backend (CPU (NumPy backend), 47.7 GB RAM available)
[2026-07-10 05:36:03][INFO] SIM_BRIDGE: Initializing simulation data for model: IZHIKEVICH (3D)... (playback_init: False)
[2026-07-10 05:36:03][INFO] SIM_BRIDGE: RNG initialized with seed: 101
[2026-07-10 05:36:03][INFO] SIM_BRIDGE: Initializing Izhikevich model specifics for 14592 neurons...
[2026-07-10 05:36:03][INFO] SIM_BRIDGE: Applying parameter heterogeneity to neuron parameters...
[2026-07-10 05:36:03][INFO] SIM_BRIDGE: Applied heterogeneity to 4 parameters.
[2026-07-10 05:36:03][INFO] SIM_BRIDGE: Initializing OU process state (tau=15.0ms, sigma=0.0pA)...
[2026-07-10 05:36:03][INFO] SIM_BRIDGE: Generating 3D neuron positions for 14592 neurons...
[2026-07-10 05:36:03][INFO] SIM_BRIDGE: Generating connections (3D)...
[2026-07-10 05:36:03][INFO] SIM_BRIDGE: Simulation data initialized for 14592 neurons (3D). Synapses: 0. GPU memory: 23.6GB/51.2GB (46.1%)
[2026-07-10 05:36:04][INFO] SIM_BRIDGE: NumPy backend (CPU (NumPy backend), 47.7 GB RAM available)
[2026-07-10 05:36:04][INFO] SIM_BRIDGE: Initializing simulation data for model: IZHIKEVICH (3D)... (playback_init: False)
[2026-07-10 05:36:04][INFO] SIM_BRIDGE: RNG initialized with seed: 101
[2026-07-10 05:36:04][INFO] SIM_BRIDGE: Initializing Izhikevich model specifics for 14592 neurons...
[2026-07-10 05:36:04][INFO] SIM_BRIDGE: Applying parameter heterogeneity to neuron parameters...
[2026-07-10 05:36:04][INFO] SIM_BRIDGE: Applied heterogeneity to 4 parameters.
[2026-07-10 05:36:04][INFO] SIM_BRIDGE: Initializing OU process state (tau=15.0ms, sigma=0.0pA)...
[2026-07-10 05:36:04][INFO] SIM_BRIDGE: Generating 3D neuron positions for 14592 neurons...
[2026-07-10 05:36:04][INFO] SIM_BRIDGE: Generating connections (3D)...
[2026-07-10 05:36:04][INFO] SIM_BRIDGE: Simulation data initialized for 14592 neurons (3D). Synapses: 0. GPU memory: 23.6GB/51.2GB (46.1%)
[2026-07-10 05:36:09][INFO] SIM_BRIDGE: NumPy backend (CPU (NumPy backend), 47.7 GB RAM available)
[2026-07-10 05:36:09][INFO] SIM_BRIDGE: Initializing simulation data for model: IZHIKEVICH (3D)... (playback_init: False)
[2026-07-10 05:36:09][INFO] SIM_BRIDGE: RNG initialized with seed: 101
[2026-07-10 05:36:09][INFO] SIM_BRIDGE: Initializing Izhikevich model specifics for 15104 neurons...
[2026-07-10 05:36:09][INFO] SIM_BRIDGE: Applying parameter heterogeneity to neuron parameters...
[2026-07-10 05:36:09][INFO] SIM_BRIDGE: Applied heterogeneity to 4 parameters.
[2026-07-10 05:36:09][INFO] SIM_BRIDGE: Initializing OU process state (tau=15.0ms, sigma=0.0pA)...
[2026-07-10 05:36:09][INFO] SIM_BRIDGE: Generating 3D neuron positions for 15104 neurons...
[2026-07-10 05:36:09][INFO] SIM_BRIDGE: Generating connections (3D)...
[2026-07-10 05:36:09][INFO] SIM_BRIDGE: Simulation data initialized for 15104 neurons (3D). Synapses: 0. GPU memory: 23.8GB/51.2GB (46.4%)
[2026-07-10 05:36:10][INFO] SIM_BRIDGE: NumPy backend (CPU (NumPy backend), 47.7 GB RAM available)
[2026-07-10 05:36:10][INFO] SIM_BRIDGE: Initializing simulation data for model: IZHIKEVICH (3D)... (playback_init: False)
[2026-07-10 05:36:10][INFO] SIM_BRIDGE: RNG initialized with seed: 101
[2026-07-10 05:36:10][INFO] SIM_BRIDGE: Initializing Izhikevich model specifics for 15104 neurons...
[2026-07-10 05:36:10][INFO] SIM_BRIDGE: Applying parameter heterogeneity to neuron parameters...
[2026-07-10 05:36:10][INFO] SIM_BRIDGE: Applied heterogeneity to 4 parameters.
[2026-07-10 05:36:10][INFO] SIM_BRIDGE: Initializing OU process state (tau=15.0ms, sigma=0.0pA)...
[2026-07-10 05:36:10][INFO] SIM_BRIDGE: Generating 3D neuron positions for 15104 neurons...
[2026-07-10 05:36:10][INFO] SIM_BRIDGE: Generating connections (3D)...
[2026-07-10 05:36:10][INFO] SIM_BRIDGE: Simulation data initialized for 15104 neurons (3D). Synapses: 0. GPU memory: 23.8GB/51.2GB (46.4%)
[2026-07-10 05:36:20][INFO] SIM_BRIDGE: NumPy backend (CPU (NumPy backend), 47.7 GB RAM available)
[2026-07-10 05:36:20][INFO] SIM_BRIDGE: Initializing simulation data for model: IZHIKEVICH (3D)... (playback_init: False)
[2026-07-10 05:36:20][INFO] SIM_BRIDGE: RNG initialized with seed: 101
[2026-07-10 05:36:20][INFO] SIM_BRIDGE: Initializing Izhikevich model specifics for 15616 neurons...
[2026-07-10 05:36:20][INFO] SIM_BRIDGE: Applying parameter heterogeneity to neuron parameters...
[2026-07-10 05:36:20][INFO] SIM_BRIDGE: Applied heterogeneity to 4 parameters.
[2026-07-10 05:36:20][INFO] SIM_BRIDGE: Initializing OU process state (tau=15.0ms, sigma=0.0pA)...
[2026-07-10 05:36:20][INFO] SIM_BRIDGE: Generating 3D neuron positions for 15616 neurons...
[2026-07-10 05:36:20][INFO] SIM_BRIDGE: Generating connections (3D)...
[2026-07-10 05:36:20][INFO] SIM_BRIDGE: Simulation data initialized for 15616 neurons (3D). Synapses: 0. GPU memory: 24.1GB/51.2GB (47.1%)
[2026-07-10 05:36:21][INFO] SIM_BRIDGE: NumPy backend (CPU (NumPy backend), 47.7 GB RAM available)
[2026-07-10 05:36:21][INFO] SIM_BRIDGE: Initializing simulation data for model: IZHIKEVICH (3D)... (playback_init: False)
[2026-07-10 05:36:21][INFO] SIM_BRIDGE: RNG initialized with seed: 101
[2026-07-10 05:36:21][INFO] SIM_BRIDGE: Initializing Izhikevich model specifics for 15616 neurons...
[2026-07-10 05:36:21][INFO] SIM_BRIDGE: Applying parameter heterogeneity to neuron parameters...
[2026-07-10 05:36:21][INFO] SIM_BRIDGE: Applied heterogeneity to 4 parameters.
[2026-07-10 05:36:21][INFO] SIM_BRIDGE: Initializing OU process state (tau=15.0ms, sigma=0.0pA)...
[2026-07-10 05:36:21][INFO] SIM_BRIDGE: Generating 3D neuron positions for 15616 neurons...
[2026-07-10 05:36:21][INFO] SIM_BRIDGE: Generating connections (3D)...
[2026-07-10 05:36:21][INFO] SIM_BRIDGE: Simulation data initialized for 15616 neurons (3D). Synapses: 0. GPU memory: 24.2GB/51.2GB (47.2%)
[2026-07-10 05:37:06][INFO] SIM_BRIDGE: NumPy backend (CPU (NumPy backend), 47.7 GB RAM available)
[2026-07-10 05:37:06][INFO] SIM_BRIDGE: Initializing simulation data for model: IZHIKEVICH (3D)... (playback_init: False)
[2026-07-10 05:37:06][INFO] SIM_BRIDGE: RNG initialized with seed: 101
[2026-07-10 05:37:06][INFO] SIM_BRIDGE: Initializing Izhikevich model specifics for 15872 neurons...
[2026-07-10 05:37:06][INFO] SIM_BRIDGE: Applying parameter heterogeneity to neuron parameters...
[2026-07-10 05:37:06][INFO] SIM_BRIDGE: Applied heterogeneity to 4 parameters.
[2026-07-10 05:37:06][INFO] SIM_BRIDGE: Initializing OU process state (tau=15.0ms, sigma=0.0pA)...
[2026-07-10 05:37:06][INFO] SIM_BRIDGE: Generating 3D neuron positions for 15872 neurons...
[2026-07-10 05:37:06][INFO] SIM_BRIDGE: Generating connections (3D)...
[2026-07-10 05:37:06][INFO] SIM_BRIDGE: Simulation data initialized for 15872 neurons (3D). Synapses: 0. GPU memory: 24.8GB/51.2GB (48.4%)
[2026-07-10 05:37:06][INFO] SIM_BRIDGE: NumPy backend (CPU (NumPy backend), 47.7 GB RAM available)
[2026-07-10 05:37:06][INFO] SIM_BRIDGE: Initializing simulation data for model: IZHIKEVICH (3D)... (playback_init: False)
[2026-07-10 05:37:06][INFO] SIM_BRIDGE: RNG initialized with seed: 101
[2026-07-10 05:37:06][INFO] SIM_BRIDGE: Initializing Izhikevich model specifics for 15872 neurons...
[2026-07-10 05:37:06][INFO] SIM_BRIDGE: Applying parameter heterogeneity to neuron parameters...
[2026-07-10 05:37:06][INFO] SIM_BRIDGE: Applied heterogeneity to 4 parameters.
[2026-07-10 05:37:06][INFO] SIM_BRIDGE: Initializing OU process state (tau=15.0ms, sigma=0.0pA)...
[2026-07-10 05:37:06][INFO] SIM_BRIDGE: Generating 3D neuron positions for 15872 neurons...
[2026-07-10 05:37:06][INFO] SIM_BRIDGE: Generating connections (3D)...
[2026-07-10 05:37:06][INFO] SIM_BRIDGE: Simulation data initialized for 15872 neurons (3D). Synapses: 0. GPU memory: 24.9GB/51.2GB (48.5%)
[2026-07-10 05:37:17][INFO] SIM_BRIDGE: NumPy backend (CPU (NumPy backend), 47.7 GB RAM available)
[2026-07-10 05:37:17][INFO] SIM_BRIDGE: Initializing simulation data for model: IZHIKEVICH (3D)... (playback_init: False)
[2026-07-10 05:37:17][INFO] SIM_BRIDGE: RNG initialized with seed: 101
[2026-07-10 05:37:17][INFO] SIM_BRIDGE: Initializing Izhikevich model specifics for 16384 neurons...
[2026-07-10 05:37:17][INFO] SIM_BRIDGE: Applying parameter heterogeneity to neuron parameters...
[2026-07-10 05:37:17][INFO] SIM_BRIDGE: Applied heterogeneity to 4 parameters.
[2026-07-10 05:37:17][INFO] SIM_BRIDGE: Initializing OU process state (tau=15.0ms, sigma=0.0pA)...
[2026-07-10 05:37:17][INFO] SIM_BRIDGE: Generating 3D neuron positions for 16384 neurons...
[2026-07-10 05:37:17][INFO] SIM_BRIDGE: Generating connections (3D)...
[2026-07-10 05:37:17][INFO] SIM_BRIDGE: Simulation data initialized for 16384 neurons (3D). Synapses: 0. GPU memory: 25.6GB/51.2GB (49.9%)
[2026-07-10 05:37:18][INFO] SIM_BRIDGE: NumPy backend (CPU (NumPy backend), 47.7 GB RAM available)
[2026-07-10 05:37:18][INFO] SIM_BRIDGE: Initializing simulation data for model: IZHIKEVICH (3D)... (playback_init: False)
[2026-07-10 05:37:18][INFO] SIM_BRIDGE: RNG initialized with seed: 101
[2026-07-10 05:37:18][INFO] SIM_BRIDGE: Initializing Izhikevich model specifics for 16384 neurons...
[2026-07-10 05:37:18][INFO] SIM_BRIDGE: Applying parameter heterogeneity to neuron parameters...
[2026-07-10 05:37:18][INFO] SIM_BRIDGE: Applied heterogeneity to 4 parameters.
[2026-07-10 05:37:18][INFO] SIM_BRIDGE: Initializing OU process state (tau=15.0ms, sigma=0.0pA)...
[2026-07-10 05:37:18][INFO] SIM_BRIDGE: Generating 3D neuron positions for 16384 neurons...
[2026-07-10 05:37:18][INFO] SIM_BRIDGE: Generating connections (3D)...
[2026-07-10 05:37:18][INFO] SIM_BRIDGE: Simulation data initialized for 16384 neurons (3D). Synapses: 0. GPU memory: 25.6GB/51.2GB (50.0%)
[2026-07-10 05:37:25][INFO] SIM_BRIDGE: NumPy backend (CPU (NumPy backend), 47.7 GB RAM available)
[2026-07-10 05:37:25][INFO] SIM_BRIDGE: Initializing simulation data for model: IZHIKEVICH (3D)... (playback_init: False)
[2026-07-10 05:37:25][INFO] SIM_BRIDGE: RNG initialized with seed: 101
[2026-07-10 05:37:25][INFO] SIM_BRIDGE: Initializing Izhikevich model specifics for 16640 neurons...
[2026-07-10 05:37:25][INFO] SIM_BRIDGE: Applying parameter heterogeneity to neuron parameters...
[2026-07-10 05:37:26][INFO] SIM_BRIDGE: Applied heterogeneity to 4 parameters.
[2026-07-10 05:37:26][INFO] SIM_BRIDGE: Initializing OU process state (tau=15.0ms, sigma=0.0pA)...
[2026-07-10 05:37:26][INFO] SIM_BRIDGE: Generating 3D neuron positions for 16640 neurons...
[2026-07-10 05:37:26][INFO] SIM_BRIDGE: Generating connections (3D)...
[2026-07-10 05:37:26][INFO] SIM_BRIDGE: Simulation data initialized for 16640 neurons (3D). Synapses: 0. GPU memory: 26.2GB/51.2GB (51.1%)
[2026-07-10 05:37:26][INFO] SIM_BRIDGE: NumPy backend (CPU (NumPy backend), 47.7 GB RAM available)
[2026-07-10 05:37:26][INFO] SIM_BRIDGE: Initializing simulation data for model: IZHIKEVICH (3D)... (playback_init: False)
[2026-07-10 05:37:26][INFO] SIM_BRIDGE: RNG initialized with seed: 101
[2026-07-10 05:37:26][INFO] SIM_BRIDGE: Initializing Izhikevich model specifics for 16640 neurons...
[2026-07-10 05:37:26][INFO] SIM_BRIDGE: Applying parameter heterogeneity to neuron parameters...
[2026-07-10 05:37:26][INFO] SIM_BRIDGE: Applied heterogeneity to 4 parameters.
[2026-07-10 05:37:26][INFO] SIM_BRIDGE: Initializing OU process state (tau=15.0ms, sigma=0.0pA)...
[2026-07-10 05:37:26][INFO] SIM_BRIDGE: Generating 3D neuron positions for 16640 neurons...
[2026-07-10 05:37:26][INFO] SIM_BRIDGE: Generating connections (3D)...
[2026-07-10 05:37:26][INFO] SIM_BRIDGE: Simulation data initialized for 16640 neurons (3D). Synapses: 0. GPU memory: 26.2GB/51.2GB (51.2%)
[2026-07-10 05:37:30][INFO] SIM_BRIDGE: NumPy backend (CPU (NumPy backend), 47.7 GB RAM available)
[2026-07-10 05:37:30][INFO] SIM_BRIDGE: Initializing simulation data for model: IZHIKEVICH (3D)... (playback_init: False)
[2026-07-10 05:37:30][INFO] SIM_BRIDGE: RNG initialized with seed: 101
[2026-07-10 05:37:30][INFO] SIM_BRIDGE: Initializing Izhikevich model specifics for 16896 neurons...
[2026-07-10 05:37:30][INFO] SIM_BRIDGE: Applying parameter heterogeneity to neuron parameters...
[2026-07-10 05:37:30][INFO] SIM_BRIDGE: Applied heterogeneity to 4 parameters.
[2026-07-10 05:37:30][INFO] SIM_BRIDGE: Initializing OU process state (tau=15.0ms, sigma=0.0pA)...
[2026-07-10 05:37:30][INFO] SIM_BRIDGE: Generating 3D neuron positions for 16896 neurons...
[2026-07-10 05:37:30][INFO] SIM_BRIDGE: Generating connections (3D)...
[2026-07-10 05:37:30][INFO] SIM_BRIDGE: Simulation data initialized for 16896 neurons (3D). Synapses: 0. GPU memory: 26.2GB/51.2GB (51.2%)
[2026-07-10 05:37:30][INFO] SIM_BRIDGE: NumPy backend (CPU (NumPy backend), 47.7 GB RAM available)
[2026-07-10 05:37:30][INFO] SIM_BRIDGE: Initializing simulation data for model: IZHIKEVICH (3D)... (playback_init: False)
[2026-07-10 05:37:30][INFO] SIM_BRIDGE: RNG initialized with seed: 101
[2026-07-10 05:37:30][INFO] SIM_BRIDGE: Initializing Izhikevich model specifics for 16896 neurons...
[2026-07-10 05:37:30][INFO] SIM_BRIDGE: Applying parameter heterogeneity to neuron parameters...
[2026-07-10 05:37:30][INFO] SIM_BRIDGE: Applied heterogeneity to 4 parameters.
[2026-07-10 05:37:30][INFO] SIM_BRIDGE: Initializing OU process state (tau=15.0ms, sigma=0.0pA)...
[2026-07-10 05:37:30][INFO] SIM_BRIDGE: Generating 3D neuron positions for 16896 neurons...
[2026-07-10 05:37:30][INFO] SIM_BRIDGE: Generating connections (3D)...
[2026-07-10 05:37:30][INFO] SIM_BRIDGE: Simulation data initialized for 16896 neurons (3D). Synapses: 0. GPU memory: 26.2GB/51.2GB (51.2%)
[2026-07-10 05:37:33][INFO] SIM_BRIDGE: NumPy backend (CPU (NumPy backend), 47.7 GB RAM available)
[2026-07-10 05:37:33][INFO] SIM_BRIDGE: Initializing simulation data for model: IZHIKEVICH (3D)... (playback_init: False)
[2026-07-10 05:37:33][INFO] SIM_BRIDGE: RNG initialized with seed: 101
[2026-07-10 05:37:33][INFO] SIM_BRIDGE: Initializing Izhikevich model specifics for 17152 neurons...
[2026-07-10 05:37:33][INFO] SIM_BRIDGE: Applying parameter heterogeneity to neuron parameters...
[2026-07-10 05:37:33][INFO] SIM_BRIDGE: Applied heterogeneity to 4 parameters.
[2026-07-10 05:37:33][INFO] SIM_BRIDGE: Initializing OU process state (tau=15.0ms, sigma=0.0pA)...
[2026-07-10 05:37:33][INFO] SIM_BRIDGE: Generating 3D neuron positions for 17152 neurons...
[2026-07-10 05:37:33][INFO] SIM_BRIDGE: Generating connections (3D)...
[2026-07-10 05:37:33][INFO] SIM_BRIDGE: Simulation data initialized for 17152 neurons (3D). Synapses: 0. GPU memory: 25.9GB/51.2GB (50.5%)
[2026-07-10 05:37:33][INFO] SIM_BRIDGE: NumPy backend (CPU (NumPy backend), 47.7 GB RAM available)
[2026-07-10 05:37:33][INFO] SIM_BRIDGE: Initializing simulation data for model: IZHIKEVICH (3D)... (playback_init: False)
[2026-07-10 05:37:33][INFO] SIM_BRIDGE: RNG initialized with seed: 101
[2026-07-10 05:37:33][INFO] SIM_BRIDGE: Initializing Izhikevich model specifics for 17152 neurons...
[2026-07-10 05:37:33][INFO] SIM_BRIDGE: Applying parameter heterogeneity to neuron parameters...
[2026-07-10 05:37:33][INFO] SIM_BRIDGE: Applied heterogeneity to 4 parameters.
[2026-07-10 05:37:33][INFO] SIM_BRIDGE: Initializing OU process state (tau=15.0ms, sigma=0.0pA)...
[2026-07-10 05:37:33][INFO] SIM_BRIDGE: Generating 3D neuron positions for 17152 neurons...
[2026-07-10 05:37:33][INFO] SIM_BRIDGE: Generating connections (3D)...
[2026-07-10 05:37:33][INFO] SIM_BRIDGE: Simulation data initialized for 17152 neurons (3D). Synapses: 0. GPU memory: 25.9GB/51.2GB (50.5%)
  [seed 101] CROSS-TURN QA=1.0 (n=42) || reset=0.0 | recency=0.095 | flat-fact=0.0 || [diluted all-query: 1.0 vs reset 0.65] | query-invariance=True

  AGGREGATE -- LOAD-BEARING cross-turn subset: QA=1.000 | recency=0.095 | flat-fact=0.000 | query-invariance=True
  (reset on the cross-turn subset=0.000 -- ~0 BY CONSTRUCTION, a consistency check, NOT a gate term)
  (all-query aggregate -- the non-rigged reset evidence: QA=1.000 vs reset=0.650; diluted because a turn ending in an intro/promote needs no cross-turn state)
  VERDICT: GO -- the composed running EVENT persists ACROSS conversational turns and SURVIVES intervening questions: on the LOAD-BEARING subset (queries whose correct answer REQUIRES state carried across the turn boundary) the deployed agent answers what-does-HE-eat from the running event (1.00) where the INDEPENDENT floors RECENCY (0.10) and FLAT-FACT (0.00) both FAIL; resetting the event at each boundary drops the all-query answer 1.00->0.65 (the non-rigged reset evidence); and asking a question leaves the running event byte-identical (query-invariance) -> multi-turn discourse coherence on the deployed brain ON SPIKES. NO sim/ edit.
