[D3 EVENT MULTI-TURN QA] the running EVENT persists ACROSS turns + survives intervening questions; a turn-2 pronoun resolves to a turn-1 referent
[2026-07-10 05:30:32][INFO] SIM_BRIDGE: NumPy backend (CPU (NumPy backend), 47.7 GB RAM available)
[2026-07-10 05:30:32][INFO] SIM_BRIDGE: Initializing simulation data for model: IZHIKEVICH (3D)... (playback_init: False)
[2026-07-10 05:30:32][INFO] SIM_BRIDGE: RNG initialized with seed: 102
[2026-07-10 05:30:32][INFO] SIM_BRIDGE: Initializing Izhikevich model specifics for 126 neurons...
[2026-07-10 05:30:32][INFO] SIM_BRIDGE: Applying parameter heterogeneity to neuron parameters...
[2026-07-10 05:30:32][INFO] SIM_BRIDGE: Applied heterogeneity to 4 parameters.
[2026-07-10 05:30:32][INFO] SIM_BRIDGE: Initializing OU process state (tau=15.0ms, sigma=20.0pA)...
[2026-07-10 05:30:32][INFO] SIM_BRIDGE: Generating 3D neuron positions for 126 neurons...
[2026-07-10 05:30:32][INFO] SIM_BRIDGE: Generating connections (3D)...
[2026-07-10 05:30:32][INFO] SIM_BRIDGE: Simulation data initialized for 126 neurons (3D). Synapses: 0. GPU memory: 21.8GB/51.2GB (42.5%)
[2026-07-10 05:30:32][INFO] SIM_BRIDGE: inject_explicit_wiring: installed 720 synapses across 1 populations.
[2026-07-10 05:30:41][INFO] SIM_BRIDGE: NumPy backend (CPU (NumPy backend), 47.7 GB RAM available)
[2026-07-10 05:30:41][INFO] SIM_BRIDGE: Initializing simulation data for model: IZHIKEVICH (3D)... (playback_init: False)
[2026-07-10 05:30:41][INFO] SIM_BRIDGE: RNG initialized with seed: 102
[2026-07-10 05:30:41][INFO] SIM_BRIDGE: Initializing Izhikevich model specifics for 224 neurons...
[2026-07-10 05:30:41][INFO] SIM_BRIDGE: Applying parameter heterogeneity to neuron parameters...
[2026-07-10 05:30:41][INFO] SIM_BRIDGE: Applied heterogeneity to 4 parameters.
[2026-07-10 05:30:41][INFO] SIM_BRIDGE: Initializing OU process state (tau=15.0ms, sigma=20.0pA)...
[2026-07-10 05:30:41][INFO] SIM_BRIDGE: Generating 3D neuron positions for 224 neurons...
[2026-07-10 05:30:41][INFO] SIM_BRIDGE: Generating connections (3D)...
[2026-07-10 05:30:41][INFO] SIM_BRIDGE: Simulation data initialized for 224 neurons (3D). Synapses: 0. GPU memory: 21.9GB/51.2GB (42.6%)
[2026-07-10 05:30:41][INFO] SIM_BRIDGE: inject_explicit_wiring: installed 4800 synapses across 1 populations.
[2026-07-10 05:30:52][INFO] SIM_BRIDGE: NumPy backend (CPU (NumPy backend), 47.7 GB RAM available)
[2026-07-10 05:30:52][INFO] SIM_BRIDGE: Initializing simulation data for model: IZHIKEVICH (3D)... (playback_init: False)
[2026-07-10 05:30:52][INFO] SIM_BRIDGE: Brain-region framework: 2 regions, 1200 total neurons, 2 pathways.
[2026-07-10 05:30:52][INFO] SIM_BRIDGE: RNG initialized with seed: 102
[2026-07-10 05:30:52][INFO] SIM_BRIDGE: NMDA per-region mask: 2 regions enabled (1200 neurons)
[2026-07-10 05:30:52][INFO] SIM_BRIDGE: Initializing Izhikevich model specifics for 1200 neurons...
[2026-07-10 05:30:52][INFO] SIM_BRIDGE: Region 'cortex_ctx' (600 neurons): using Izh type IZH2007_HIPPO_PYRAMIDAL
[2026-07-10 05:30:52][INFO] SIM_BRIDGE: Region 'dlpfc_wm' (600 neurons): using Izh type IZH2007_HIPPO_PYRAMIDAL
[2026-07-10 05:30:52][INFO] SIM_BRIDGE: Applying parameter heterogeneity to neuron parameters...
[2026-07-10 05:30:52][INFO] SIM_BRIDGE: Applied heterogeneity to 4 parameters.
[2026-07-10 05:30:52][INFO] SIM_BRIDGE: Generating 3D neuron positions for 1200 neurons...
[2026-07-10 05:30:52][INFO] SIM_BRIDGE: Generating connections (brain-region framework)...
[2026-07-10 05:30:53][INFO] SIM_BRIDGE: inject_explicit_wiring: installed 107914 synapses across 4 populations.
[2026-07-10 05:30:53][INFO] SIM_BRIDGE: Initializing eligibility traces for 107914 synapses (capacity: 161871, dtype: float32)...
[2026-07-10 05:30:53][INFO] SIM_BRIDGE: Initializing STDP state for 1200 neurons...
[2026-07-10 05:30:53][INFO] SIM_BRIDGE: Simulation data initialized for 1200 neurons (3D). Synapses: 107914. GPU memory: 22.1GB/51.2GB (43.1%)
[2026-07-10 05:30:53][INFO] SIM_BRIDGE: NumPy backend (CPU (NumPy backend), 47.7 GB RAM available)
[2026-07-10 05:30:53][INFO] SIM_BRIDGE: Initializing simulation data for model: IZHIKEVICH (3D)... (playback_init: False)
[2026-07-10 05:30:53][INFO] SIM_BRIDGE: Brain-region framework: 14 regions, 1380 total neurons, 38 pathways.
[2026-07-10 05:30:53][INFO] SIM_BRIDGE: RNG initialized with seed: 102
[2026-07-10 05:30:53][INFO] SIM_BRIDGE: NMDA per-region mask: 8 regions enabled (1320 neurons)
[2026-07-10 05:30:53][INFO] SIM_BRIDGE: Initializing Izhikevich model specifics for 1380 neurons...
[2026-07-10 05:30:53][INFO] SIM_BRIDGE: Region 'cortex_ctx' (600 neurons): using Izh type IZH2007_HIPPO_PYRAMIDAL
[2026-07-10 05:30:53][INFO] SIM_BRIDGE: Region 'dlpfc_wm' (600 neurons): using Izh type IZH2007_HIPPO_PYRAMIDAL
[2026-07-10 05:30:53][INFO] SIM_BRIDGE: Region 'sel_dog' (20 neurons): using Izh type IZH2007_RS_CORTICAL_PYRAMIDAL
[2026-07-10 05:30:53][INFO] SIM_BRIDGE: Region 'sel_FS_dog' (10 neurons): using Izh type IZH2007_FS_CORTICAL_INTERNEURON
[2026-07-10 05:30:53][INFO] SIM_BRIDGE: Region 'sel_cat' (20 neurons): using Izh type IZH2007_RS_CORTICAL_PYRAMIDAL
[2026-07-10 05:30:53][INFO] SIM_BRIDGE: Region 'sel_FS_cat' (10 neurons): using Izh type IZH2007_FS_CORTICAL_INTERNEURON
[2026-07-10 05:30:53][INFO] SIM_BRIDGE: Region 'sel_fish' (20 neurons): using Izh type IZH2007_RS_CORTICAL_PYRAMIDAL
[2026-07-10 05:30:53][INFO] SIM_BRIDGE: Region 'sel_FS_fish' (10 neurons): using Izh type IZH2007_FS_CORTICAL_INTERNEURON
[2026-07-10 05:30:53][INFO] SIM_BRIDGE: Region 'sel_bird' (20 neurons): using Izh type IZH2007_RS_CORTICAL_PYRAMIDAL
[2026-07-10 05:30:53][INFO] SIM_BRIDGE: Region 'sel_FS_bird' (10 neurons): using Izh type IZH2007_FS_CORTICAL_INTERNEURON
[2026-07-10 05:30:53][INFO] SIM_BRIDGE: Region 'sel_worm' (20 neurons): using Izh type IZH2007_RS_CORTICAL_PYRAMIDAL
[2026-07-10 05:30:53][INFO] SIM_BRIDGE: Region 'sel_FS_worm' (10 neurons): using Izh type IZH2007_FS_CORTICAL_INTERNEURON
[2026-07-10 05:30:53][INFO] SIM_BRIDGE: Region 'sel_ball' (20 neurons): using Izh type IZH2007_RS_CORTICAL_PYRAMIDAL
[2026-07-10 05:30:53][INFO] SIM_BRIDGE: Region 'sel_FS_ball' (10 neurons): using Izh type IZH2007_FS_CORTICAL_INTERNEURON
[2026-07-10 05:30:53][INFO] SIM_BRIDGE: Applying parameter heterogeneity to neuron parameters...
[2026-07-10 05:30:53][INFO] SIM_BRIDGE: Applied heterogeneity to 4 parameters.
[2026-07-10 05:30:53][INFO] SIM_BRIDGE: Generating 3D neuron positions for 1380 neurons...
[2026-07-10 05:30:53][INFO] SIM_BRIDGE: Generating connections (brain-region framework)...
[2026-07-10 05:30:54][INFO] SIM_BRIDGE: inject_explicit_wiring: installed 44275 synapses across 44 populations.
[2026-07-10 05:30:54][INFO] SIM_BRIDGE: Initializing eligibility traces for 44275 synapses (capacity: 66412, dtype: float32)...
[2026-07-10 05:30:54][INFO] SIM_BRIDGE: Initializing STDP state for 1380 neurons...
[2026-07-10 05:30:54][INFO] SIM_BRIDGE: Simulation data initialized for 1380 neurons (3D). Synapses: 44275. GPU memory: 22.0GB/51.2GB (43.0%)
[2026-07-10 05:30:54][INFO] SIM_BRIDGE: NumPy backend (CPU (NumPy backend), 47.7 GB RAM available)
[2026-07-10 05:30:54][INFO] SIM_BRIDGE: Initializing simulation data for model: IZHIKEVICH (3D)... (playback_init: False)
[2026-07-10 05:30:54][INFO] SIM_BRIDGE: RNG initialized with seed: 102
[2026-07-10 05:30:54][INFO] SIM_BRIDGE: Initializing Izhikevich model specifics for 256 neurons...
[2026-07-10 05:30:54][INFO] SIM_BRIDGE: Applying parameter heterogeneity to neuron parameters...
[2026-07-10 05:30:54][INFO] SIM_BRIDGE: Applied heterogeneity to 4 parameters.
[2026-07-10 05:30:54][INFO] SIM_BRIDGE: Initializing OU process state (tau=15.0ms, sigma=0.0pA)...
[2026-07-10 05:30:54][INFO] SIM_BRIDGE: Generating 3D neuron positions for 256 neurons...
[2026-07-10 05:30:54][INFO] SIM_BRIDGE: Generating connections (3D)...
[2026-07-10 05:30:54][INFO] SIM_BRIDGE: Simulation data initialized for 256 neurons (3D). Synapses: 0. GPU memory: 22.0GB/51.2GB (43.0%)
[2026-07-10 05:30:54][INFO] SIM_BRIDGE: NumPy backend (CPU (NumPy backend), 47.7 GB RAM available)
[2026-07-10 05:30:54][INFO] SIM_BRIDGE: Initializing simulation data for model: IZHIKEVICH (3D)... (playback_init: False)
[2026-07-10 05:30:54][INFO] SIM_BRIDGE: RNG initialized with seed: 102
[2026-07-10 05:30:54][INFO] SIM_BRIDGE: Initializing Izhikevich model specifics for 512 neurons...
[2026-07-10 05:30:54][INFO] SIM_BRIDGE: Applying parameter heterogeneity to neuron parameters...
[2026-07-10 05:30:54][INFO] SIM_BRIDGE: Applied heterogeneity to 4 parameters.
[2026-07-10 05:30:54][INFO] SIM_BRIDGE: Initializing OU process state (tau=15.0ms, sigma=0.0pA)...
[2026-07-10 05:30:54][INFO] SIM_BRIDGE: Generating 3D neuron positions for 512 neurons...
[2026-07-10 05:30:54][INFO] SIM_BRIDGE: Generating connections (3D)...
[2026-07-10 05:30:54][INFO] SIM_BRIDGE: Simulation data initialized for 512 neurons (3D). Synapses: 0. GPU memory: 22.0GB/51.2GB (43.0%)
[2026-07-10 05:31:09][INFO] SIM_BRIDGE: NumPy backend (CPU (NumPy backend), 47.7 GB RAM available)
[2026-07-10 05:31:09][INFO] SIM_BRIDGE: Initializing simulation data for model: IZHIKEVICH (3D)... (playback_init: False)
[2026-07-10 05:31:09][INFO] SIM_BRIDGE: RNG initialized with seed: 102
[2026-07-10 05:31:09][INFO] SIM_BRIDGE: Initializing Izhikevich model specifics for 126 neurons...
[2026-07-10 05:31:09][INFO] SIM_BRIDGE: Applying parameter heterogeneity to neuron parameters...
[2026-07-10 05:31:09][INFO] SIM_BRIDGE: Applied heterogeneity to 4 parameters.
[2026-07-10 05:31:09][INFO] SIM_BRIDGE: Initializing OU process state (tau=15.0ms, sigma=20.0pA)...
[2026-07-10 05:31:09][INFO] SIM_BRIDGE: Generating 3D neuron positions for 126 neurons...
[2026-07-10 05:31:09][INFO] SIM_BRIDGE: Generating connections (3D)...
[2026-07-10 05:31:09][INFO] SIM_BRIDGE: Simulation data initialized for 126 neurons (3D). Synapses: 0. GPU memory: 22.3GB/51.2GB (43.5%)
[2026-07-10 05:31:09][INFO] SIM_BRIDGE: inject_explicit_wiring: installed 720 synapses across 1 populations.
[2026-07-10 05:31:16][INFO] SIM_BRIDGE: NumPy backend (CPU (NumPy backend), 47.7 GB RAM available)
[2026-07-10 05:31:16][INFO] SIM_BRIDGE: Initializing simulation data for model: IZHIKEVICH (3D)... (playback_init: False)
[2026-07-10 05:31:16][INFO] SIM_BRIDGE: RNG initialized with seed: 102
[2026-07-10 05:31:16][INFO] SIM_BRIDGE: Initializing Izhikevich model specifics for 224 neurons...
[2026-07-10 05:31:16][INFO] SIM_BRIDGE: Applying parameter heterogeneity to neuron parameters...
[2026-07-10 05:31:16][INFO] SIM_BRIDGE: Applied heterogeneity to 4 parameters.
[2026-07-10 05:31:16][INFO] SIM_BRIDGE: Initializing OU process state (tau=15.0ms, sigma=20.0pA)...
[2026-07-10 05:31:16][INFO] SIM_BRIDGE: Generating 3D neuron positions for 224 neurons...
[2026-07-10 05:31:16][INFO] SIM_BRIDGE: Generating connections (3D)...
[2026-07-10 05:31:16][INFO] SIM_BRIDGE: Simulation data initialized for 224 neurons (3D). Synapses: 0. GPU memory: 22.1GB/51.2GB (43.1%)
[2026-07-10 05:31:16][INFO] SIM_BRIDGE: inject_explicit_wiring: installed 4800 synapses across 1 populations.
[2026-07-10 05:31:27][INFO] SIM_BRIDGE: NumPy backend (CPU (NumPy backend), 47.7 GB RAM available)
[2026-07-10 05:31:27][INFO] SIM_BRIDGE: Initializing simulation data for model: IZHIKEVICH (3D)... (playback_init: False)
[2026-07-10 05:31:27][INFO] SIM_BRIDGE: Brain-region framework: 2 regions, 1200 total neurons, 2 pathways.
[2026-07-10 05:31:27][INFO] SIM_BRIDGE: RNG initialized with seed: 102
[2026-07-10 05:31:27][INFO] SIM_BRIDGE: NMDA per-region mask: 2 regions enabled (1200 neurons)
[2026-07-10 05:31:27][INFO] SIM_BRIDGE: Initializing Izhikevich model specifics for 1200 neurons...
[2026-07-10 05:31:27][INFO] SIM_BRIDGE: Region 'cortex_ctx' (600 neurons): using Izh type IZH2007_HIPPO_PYRAMIDAL
[2026-07-10 05:31:27][INFO] SIM_BRIDGE: Region 'dlpfc_wm' (600 neurons): using Izh type IZH2007_HIPPO_PYRAMIDAL
[2026-07-10 05:31:27][INFO] SIM_BRIDGE: Applying parameter heterogeneity to neuron parameters...
[2026-07-10 05:31:27][INFO] SIM_BRIDGE: Applied heterogeneity to 4 parameters.
[2026-07-10 05:31:27][INFO] SIM_BRIDGE: Generating 3D neuron positions for 1200 neurons...
[2026-07-10 05:31:27][INFO] SIM_BRIDGE: Generating connections (brain-region framework)...
[2026-07-10 05:31:28][INFO] SIM_BRIDGE: inject_explicit_wiring: installed 107914 synapses across 4 populations.
[2026-07-10 05:31:28][INFO] SIM_BRIDGE: Initializing eligibility traces for 107914 synapses (capacity: 161871, dtype: float32)...
[2026-07-10 05:31:28][INFO] SIM_BRIDGE: Initializing STDP state for 1200 neurons...
[2026-07-10 05:31:28][INFO] SIM_BRIDGE: Simulation data initialized for 1200 neurons (3D). Synapses: 107914. GPU memory: 22.2GB/51.2GB (43.4%)
[2026-07-10 05:31:28][INFO] SIM_BRIDGE: NumPy backend (CPU (NumPy backend), 47.7 GB RAM available)
[2026-07-10 05:31:28][INFO] SIM_BRIDGE: Initializing simulation data for model: IZHIKEVICH (3D)... (playback_init: False)
[2026-07-10 05:31:28][INFO] SIM_BRIDGE: Brain-region framework: 14 regions, 1380 total neurons, 38 pathways.
[2026-07-10 05:31:28][INFO] SIM_BRIDGE: RNG initialized with seed: 102
[2026-07-10 05:31:28][INFO] SIM_BRIDGE: NMDA per-region mask: 8 regions enabled (1320 neurons)
[2026-07-10 05:31:28][INFO] SIM_BRIDGE: Initializing Izhikevich model specifics for 1380 neurons...
[2026-07-10 05:31:28][INFO] SIM_BRIDGE: Region 'cortex_ctx' (600 neurons): using Izh type IZH2007_HIPPO_PYRAMIDAL
[2026-07-10 05:31:28][INFO] SIM_BRIDGE: Region 'dlpfc_wm' (600 neurons): using Izh type IZH2007_HIPPO_PYRAMIDAL
[2026-07-10 05:31:28][INFO] SIM_BRIDGE: Region 'sel_dog' (20 neurons): using Izh type IZH2007_RS_CORTICAL_PYRAMIDAL
[2026-07-10 05:31:28][INFO] SIM_BRIDGE: Region 'sel_FS_dog' (10 neurons): using Izh type IZH2007_FS_CORTICAL_INTERNEURON
[2026-07-10 05:31:28][INFO] SIM_BRIDGE: Region 'sel_cat' (20 neurons): using Izh type IZH2007_RS_CORTICAL_PYRAMIDAL
[2026-07-10 05:31:28][INFO] SIM_BRIDGE: Region 'sel_FS_cat' (10 neurons): using Izh type IZH2007_FS_CORTICAL_INTERNEURON
[2026-07-10 05:31:28][INFO] SIM_BRIDGE: Region 'sel_fish' (20 neurons): using Izh type IZH2007_RS_CORTICAL_PYRAMIDAL
[2026-07-10 05:31:28][INFO] SIM_BRIDGE: Region 'sel_FS_fish' (10 neurons): using Izh type IZH2007_FS_CORTICAL_INTERNEURON
[2026-07-10 05:31:28][INFO] SIM_BRIDGE: Region 'sel_bird' (20 neurons): using Izh type IZH2007_RS_CORTICAL_PYRAMIDAL
[2026-07-10 05:31:28][INFO] SIM_BRIDGE: Region 'sel_FS_bird' (10 neurons): using Izh type IZH2007_FS_CORTICAL_INTERNEURON
[2026-07-10 05:31:28][INFO] SIM_BRIDGE: Region 'sel_worm' (20 neurons): using Izh type IZH2007_RS_CORTICAL_PYRAMIDAL
[2026-07-10 05:31:28][INFO] SIM_BRIDGE: Region 'sel_FS_worm' (10 neurons): using Izh type IZH2007_FS_CORTICAL_INTERNEURON
[2026-07-10 05:31:28][INFO] SIM_BRIDGE: Region 'sel_ball' (20 neurons): using Izh type IZH2007_RS_CORTICAL_PYRAMIDAL
[2026-07-10 05:31:28][INFO] SIM_BRIDGE: Region 'sel_FS_ball' (10 neurons): using Izh type IZH2007_FS_CORTICAL_INTERNEURON
[2026-07-10 05:31:28][INFO] SIM_BRIDGE: Applying parameter heterogeneity to neuron parameters...
[2026-07-10 05:31:28][INFO] SIM_BRIDGE: Applied heterogeneity to 4 parameters.
[2026-07-10 05:31:28][INFO] SIM_BRIDGE: Generating 3D neuron positions for 1380 neurons...
[2026-07-10 05:31:28][INFO] SIM_BRIDGE: Generating connections (brain-region framework)...
[2026-07-10 05:31:28][INFO] SIM_BRIDGE: inject_explicit_wiring: installed 44275 synapses across 44 populations.
[2026-07-10 05:31:28][INFO] SIM_BRIDGE: Initializing eligibility traces for 44275 synapses (capacity: 66412, dtype: float32)...
[2026-07-10 05:31:28][INFO] SIM_BRIDGE: Initializing STDP state for 1380 neurons...
[2026-07-10 05:31:28][INFO] SIM_BRIDGE: Simulation data initialized for 1380 neurons (3D). Synapses: 44275. GPU memory: 22.2GB/51.2GB (43.4%)
[2026-07-10 05:31:29][INFO] SIM_BRIDGE: NumPy backend (CPU (NumPy backend), 47.7 GB RAM available)
[2026-07-10 05:31:29][INFO] SIM_BRIDGE: Initializing simulation data for model: IZHIKEVICH (3D)... (playback_init: False)
[2026-07-10 05:31:29][INFO] SIM_BRIDGE: RNG initialized with seed: 102
[2026-07-10 05:31:29][INFO] SIM_BRIDGE: Initializing Izhikevich model specifics for 256 neurons...
[2026-07-10 05:31:29][INFO] SIM_BRIDGE: Applying parameter heterogeneity to neuron parameters...
[2026-07-10 05:31:29][INFO] SIM_BRIDGE: Applied heterogeneity to 4 parameters.
[2026-07-10 05:31:29][INFO] SIM_BRIDGE: Initializing OU process state (tau=15.0ms, sigma=0.0pA)...
[2026-07-10 05:31:29][INFO] SIM_BRIDGE: Generating 3D neuron positions for 256 neurons...
[2026-07-10 05:31:29][INFO] SIM_BRIDGE: Generating connections (3D)...
[2026-07-10 05:31:29][INFO] SIM_BRIDGE: Simulation data initialized for 256 neurons (3D). Synapses: 0. GPU memory: 22.2GB/51.2GB (43.4%)
[2026-07-10 05:31:29][INFO] SIM_BRIDGE: NumPy backend (CPU (NumPy backend), 47.7 GB RAM available)
[2026-07-10 05:31:29][INFO] SIM_BRIDGE: Initializing simulation data for model: IZHIKEVICH (3D)... (playback_init: False)
[2026-07-10 05:31:29][INFO] SIM_BRIDGE: RNG initialized with seed: 102
[2026-07-10 05:31:29][INFO] SIM_BRIDGE: Initializing Izhikevich model specifics for 512 neurons...
[2026-07-10 05:31:29][INFO] SIM_BRIDGE: Applying parameter heterogeneity to neuron parameters...
[2026-07-10 05:31:29][INFO] SIM_BRIDGE: Applied heterogeneity to 4 parameters.
[2026-07-10 05:31:29][INFO] SIM_BRIDGE: Initializing OU process state (tau=15.0ms, sigma=0.0pA)...
[2026-07-10 05:31:29][INFO] SIM_BRIDGE: Generating 3D neuron positions for 512 neurons...
[2026-07-10 05:31:29][INFO] SIM_BRIDGE: Generating connections (3D)...
[2026-07-10 05:31:29][INFO] SIM_BRIDGE: Simulation data initialized for 512 neurons (3D). Synapses: 0. GPU memory: 22.2GB/51.2GB (43.4%)
[2026-07-10 05:31:34][INFO] SIM_BRIDGE: NumPy backend (CPU (NumPy backend), 47.7 GB RAM available)
[2026-07-10 05:31:34][INFO] SIM_BRIDGE: Initializing simulation data for model: IZHIKEVICH (3D)... (playback_init: False)
[2026-07-10 05:31:34][INFO] SIM_BRIDGE: RNG initialized with seed: 102
[2026-07-10 05:31:34][INFO] SIM_BRIDGE: Initializing Izhikevich model specifics for 2048 neurons...
[2026-07-10 05:31:34][INFO] SIM_BRIDGE: Applying parameter heterogeneity to neuron parameters...
[2026-07-10 05:31:34][INFO] SIM_BRIDGE: Applied heterogeneity to 4 parameters.
[2026-07-10 05:31:34][INFO] SIM_BRIDGE: Initializing OU process state (tau=15.0ms, sigma=0.0pA)...
[2026-07-10 05:31:34][INFO] SIM_BRIDGE: Generating 3D neuron positions for 2048 neurons...
[2026-07-10 05:31:34][INFO] SIM_BRIDGE: Generating connections (3D)...
[2026-07-10 05:31:34][INFO] SIM_BRIDGE: Simulation data initialized for 2048 neurons (3D). Synapses: 0. GPU memory: 22.3GB/51.2GB (43.5%)
[2026-07-10 05:31:34][INFO] SIM_BRIDGE: NumPy backend (CPU (NumPy backend), 47.7 GB RAM available)
[2026-07-10 05:31:34][INFO] SIM_BRIDGE: Initializing simulation data for model: IZHIKEVICH (3D)... (playback_init: False)
[2026-07-10 05:31:34][INFO] SIM_BRIDGE: RNG initialized with seed: 102
[2026-07-10 05:31:34][INFO] SIM_BRIDGE: Initializing Izhikevich model specifics for 2048 neurons...
[2026-07-10 05:31:34][INFO] SIM_BRIDGE: Applying parameter heterogeneity to neuron parameters...
[2026-07-10 05:31:34][INFO] SIM_BRIDGE: Applied heterogeneity to 4 parameters.
[2026-07-10 05:31:34][INFO] SIM_BRIDGE: Initializing OU process state (tau=15.0ms, sigma=0.0pA)...
[2026-07-10 05:31:34][INFO] SIM_BRIDGE: Generating 3D neuron positions for 2048 neurons...
[2026-07-10 05:31:34][INFO] SIM_BRIDGE: Generating connections (3D)...
[2026-07-10 05:31:34][INFO] SIM_BRIDGE: Simulation data initialized for 2048 neurons (3D). Synapses: 0. GPU memory: 22.3GB/51.2GB (43.5%)
E:\Documents\Projects\sim\sim\kernels.py:247: RuntimeWarning: overflow encountered in exp
  mg_block = 1.0 / (1.0 + (mg_conc / 3.57) * cp.exp(-0.062 * v))
[2026-07-10 05:31:39][INFO] SIM_BRIDGE: NumPy backend (CPU (NumPy backend), 47.7 GB RAM available)
[2026-07-10 05:31:39][INFO] SIM_BRIDGE: Initializing simulation data for model: IZHIKEVICH (3D)... (playback_init: False)
[2026-07-10 05:31:39][INFO] SIM_BRIDGE: RNG initialized with seed: 102
[2026-07-10 05:31:39][INFO] SIM_BRIDGE: Initializing Izhikevich model specifics for 2304 neurons...
[2026-07-10 05:31:39][INFO] SIM_BRIDGE: Applying parameter heterogeneity to neuron parameters...
[2026-07-10 05:31:39][INFO] SIM_BRIDGE: Applied heterogeneity to 4 parameters.
[2026-07-10 05:31:39][INFO] SIM_BRIDGE: Initializing OU process state (tau=15.0ms, sigma=0.0pA)...
[2026-07-10 05:31:39][INFO] SIM_BRIDGE: Generating 3D neuron positions for 2304 neurons...
[2026-07-10 05:31:39][INFO] SIM_BRIDGE: Generating connections (3D)...
[2026-07-10 05:31:39][INFO] SIM_BRIDGE: Simulation data initialized for 2304 neurons (3D). Synapses: 0. GPU memory: 22.3GB/51.2GB (43.5%)
[2026-07-10 05:31:39][INFO] SIM_BRIDGE: NumPy backend (CPU (NumPy backend), 47.7 GB RAM available)
[2026-07-10 05:31:39][INFO] SIM_BRIDGE: Initializing simulation data for model: IZHIKEVICH (3D)... (playback_init: False)
[2026-07-10 05:31:39][INFO] SIM_BRIDGE: RNG initialized with seed: 102
[2026-07-10 05:31:39][INFO] SIM_BRIDGE: Initializing Izhikevich model specifics for 2304 neurons...
[2026-07-10 05:31:39][INFO] SIM_BRIDGE: Applying parameter heterogeneity to neuron parameters...
[2026-07-10 05:31:39][INFO] SIM_BRIDGE: Applied heterogeneity to 4 parameters.
[2026-07-10 05:31:39][INFO] SIM_BRIDGE: Initializing OU process state (tau=15.0ms, sigma=0.0pA)...
[2026-07-10 05:31:39][INFO] SIM_BRIDGE: Generating 3D neuron positions for 2304 neurons...
[2026-07-10 05:31:39][INFO] SIM_BRIDGE: Generating connections (3D)...
[2026-07-10 05:31:39][INFO] SIM_BRIDGE: Simulation data initialized for 2304 neurons (3D). Synapses: 0. GPU memory: 22.3GB/51.2GB (43.6%)
[2026-07-10 05:31:41][INFO] SIM_BRIDGE: NumPy backend (CPU (NumPy backend), 47.7 GB RAM available)
[2026-07-10 05:31:41][INFO] SIM_BRIDGE: Initializing simulation data for model: IZHIKEVICH (3D)... (playback_init: False)
[2026-07-10 05:31:41][INFO] SIM_BRIDGE: RNG initialized with seed: 102
[2026-07-10 05:31:41][INFO] SIM_BRIDGE: Initializing Izhikevich model specifics for 2560 neurons...
[2026-07-10 05:31:41][INFO] SIM_BRIDGE: Applying parameter heterogeneity to neuron parameters...
[2026-07-10 05:31:41][INFO] SIM_BRIDGE: Applied heterogeneity to 4 parameters.
[2026-07-10 05:31:41][INFO] SIM_BRIDGE: Initializing OU process state (tau=15.0ms, sigma=0.0pA)...
[2026-07-10 05:31:41][INFO] SIM_BRIDGE: Generating 3D neuron positions for 2560 neurons...
[2026-07-10 05:31:41][INFO] SIM_BRIDGE: Generating connections (3D)...
[2026-07-10 05:31:41][INFO] SIM_BRIDGE: Simulation data initialized for 2560 neurons (3D). Synapses: 0. GPU memory: 22.3GB/51.2GB (43.6%)
[2026-07-10 05:31:41][INFO] SIM_BRIDGE: NumPy backend (CPU (NumPy backend), 47.7 GB RAM available)
[2026-07-10 05:31:41][INFO] SIM_BRIDGE: Initializing simulation data for model: IZHIKEVICH (3D)... (playback_init: False)
[2026-07-10 05:31:41][INFO] SIM_BRIDGE: RNG initialized with seed: 102
[2026-07-10 05:31:41][INFO] SIM_BRIDGE: Initializing Izhikevich model specifics for 2560 neurons...
[2026-07-10 05:31:41][INFO] SIM_BRIDGE: Applying parameter heterogeneity to neuron parameters...
[2026-07-10 05:31:41][INFO] SIM_BRIDGE: Applied heterogeneity to 4 parameters.
[2026-07-10 05:31:41][INFO] SIM_BRIDGE: Initializing OU process state (tau=15.0ms, sigma=0.0pA)...
[2026-07-10 05:31:41][INFO] SIM_BRIDGE: Generating 3D neuron positions for 2560 neurons...
[2026-07-10 05:31:41][INFO] SIM_BRIDGE: Generating connections (3D)...
[2026-07-10 05:31:41][INFO] SIM_BRIDGE: Simulation data initialized for 2560 neurons (3D). Synapses: 0. GPU memory: 22.3GB/51.2GB (43.6%)
[2026-07-10 05:31:48][INFO] SIM_BRIDGE: NumPy backend (CPU (NumPy backend), 47.7 GB RAM available)
[2026-07-10 05:31:48][INFO] SIM_BRIDGE: Initializing simulation data for model: IZHIKEVICH (3D)... (playback_init: False)
[2026-07-10 05:31:48][INFO] SIM_BRIDGE: RNG initialized with seed: 102
[2026-07-10 05:31:48][INFO] SIM_BRIDGE: Initializing Izhikevich model specifics for 2816 neurons...
[2026-07-10 05:31:48][INFO] SIM_BRIDGE: Applying parameter heterogeneity to neuron parameters...
[2026-07-10 05:31:48][INFO] SIM_BRIDGE: Applied heterogeneity to 4 parameters.
[2026-07-10 05:31:48][INFO] SIM_BRIDGE: Initializing OU process state (tau=15.0ms, sigma=0.0pA)...
[2026-07-10 05:31:48][INFO] SIM_BRIDGE: Generating 3D neuron positions for 2816 neurons...
[2026-07-10 05:31:48][INFO] SIM_BRIDGE: Generating connections (3D)...
[2026-07-10 05:31:48][INFO] SIM_BRIDGE: Simulation data initialized for 2816 neurons (3D). Synapses: 0. GPU memory: 22.3GB/51.2GB (43.6%)
[2026-07-10 05:31:48][INFO] SIM_BRIDGE: NumPy backend (CPU (NumPy backend), 47.7 GB RAM available)
[2026-07-10 05:31:48][INFO] SIM_BRIDGE: Initializing simulation data for model: IZHIKEVICH (3D)... (playback_init: False)
[2026-07-10 05:31:48][INFO] SIM_BRIDGE: RNG initialized with seed: 102
[2026-07-10 05:31:48][INFO] SIM_BRIDGE: Initializing Izhikevich model specifics for 2816 neurons...
[2026-07-10 05:31:48][INFO] SIM_BRIDGE: Applying parameter heterogeneity to neuron parameters...
[2026-07-10 05:31:48][INFO] SIM_BRIDGE: Applied heterogeneity to 4 parameters.
[2026-07-10 05:31:48][INFO] SIM_BRIDGE: Initializing OU process state (tau=15.0ms, sigma=0.0pA)...
[2026-07-10 05:31:48][INFO] SIM_BRIDGE: Generating 3D neuron positions for 2816 neurons...
[2026-07-10 05:31:48][INFO] SIM_BRIDGE: Generating connections (3D)...
[2026-07-10 05:31:48][INFO] SIM_BRIDGE: Simulation data initialized for 2816 neurons (3D). Synapses: 0. GPU memory: 22.3GB/51.2GB (43.6%)
[2026-07-10 05:31:52][INFO] SIM_BRIDGE: NumPy backend (CPU (NumPy backend), 47.7 GB RAM available)
[2026-07-10 05:31:52][INFO] SIM_BRIDGE: Initializing simulation data for model: IZHIKEVICH (3D)... (playback_init: False)
[2026-07-10 05:31:52][INFO] SIM_BRIDGE: RNG initialized with seed: 102
[2026-07-10 05:31:52][INFO] SIM_BRIDGE: Initializing Izhikevich model specifics for 3072 neurons...
[2026-07-10 05:31:52][INFO] SIM_BRIDGE: Applying parameter heterogeneity to neuron parameters...
[2026-07-10 05:31:52][INFO] SIM_BRIDGE: Applied heterogeneity to 4 parameters.
[2026-07-10 05:31:52][INFO] SIM_BRIDGE: Initializing OU process state (tau=15.0ms, sigma=0.0pA)...
[2026-07-10 05:31:52][INFO] SIM_BRIDGE: Generating 3D neuron positions for 3072 neurons...
[2026-07-10 05:31:52][INFO] SIM_BRIDGE: Generating connections (3D)...
[2026-07-10 05:31:52][INFO] SIM_BRIDGE: Simulation data initialized for 3072 neurons (3D). Synapses: 0. GPU memory: 22.3GB/51.2GB (43.6%)
[2026-07-10 05:31:52][INFO] SIM_BRIDGE: NumPy backend (CPU (NumPy backend), 47.7 GB RAM available)
[2026-07-10 05:31:52][INFO] SIM_BRIDGE: Initializing simulation data for model: IZHIKEVICH (3D)... (playback_init: False)
[2026-07-10 05:31:52][INFO] SIM_BRIDGE: RNG initialized with seed: 102
[2026-07-10 05:31:52][INFO] SIM_BRIDGE: Initializing Izhikevich model specifics for 3072 neurons...
[2026-07-10 05:31:52][INFO] SIM_BRIDGE: Applying parameter heterogeneity to neuron parameters...
[2026-07-10 05:31:52][INFO] SIM_BRIDGE: Applied heterogeneity to 4 parameters.
[2026-07-10 05:31:52][INFO] SIM_BRIDGE: Initializing OU process state (tau=15.0ms, sigma=0.0pA)...
[2026-07-10 05:31:52][INFO] SIM_BRIDGE: Generating 3D neuron positions for 3072 neurons...
[2026-07-10 05:31:52][INFO] SIM_BRIDGE: Generating connections (3D)...
[2026-07-10 05:31:52][INFO] SIM_BRIDGE: Simulation data initialized for 3072 neurons (3D). Synapses: 0. GPU memory: 22.3GB/51.2GB (43.6%)
[2026-07-10 05:31:54][INFO] SIM_BRIDGE: NumPy backend (CPU (NumPy backend), 47.7 GB RAM available)
[2026-07-10 05:31:54][INFO] SIM_BRIDGE: Initializing simulation data for model: IZHIKEVICH (3D)... (playback_init: False)
[2026-07-10 05:31:54][INFO] SIM_BRIDGE: RNG initialized with seed: 102
[2026-07-10 05:31:54][INFO] SIM_BRIDGE: Initializing Izhikevich model specifics for 3328 neurons...
[2026-07-10 05:31:54][INFO] SIM_BRIDGE: Applying parameter heterogeneity to neuron parameters...
[2026-07-10 05:31:54][INFO] SIM_BRIDGE: Applied heterogeneity to 4 parameters.
[2026-07-10 05:31:54][INFO] SIM_BRIDGE: Initializing OU process state (tau=15.0ms, sigma=0.0pA)...
[2026-07-10 05:31:54][INFO] SIM_BRIDGE: Generating 3D neuron positions for 3328 neurons...
[2026-07-10 05:31:54][INFO] SIM_BRIDGE: Generating connections (3D)...
[2026-07-10 05:31:54][INFO] SIM_BRIDGE: Simulation data initialized for 3328 neurons (3D). Synapses: 0. GPU memory: 22.4GB/51.2GB (43.6%)
[2026-07-10 05:31:55][INFO] SIM_BRIDGE: NumPy backend (CPU (NumPy backend), 47.7 GB RAM available)
[2026-07-10 05:31:55][INFO] SIM_BRIDGE: Initializing simulation data for model: IZHIKEVICH (3D)... (playback_init: False)
[2026-07-10 05:31:55][INFO] SIM_BRIDGE: RNG initialized with seed: 102
[2026-07-10 05:31:55][INFO] SIM_BRIDGE: Initializing Izhikevich model specifics for 3328 neurons...
[2026-07-10 05:31:55][INFO] SIM_BRIDGE: Applying parameter heterogeneity to neuron parameters...
[2026-07-10 05:31:55][INFO] SIM_BRIDGE: Applied heterogeneity to 4 parameters.
[2026-07-10 05:31:55][INFO] SIM_BRIDGE: Initializing OU process state (tau=15.0ms, sigma=0.0pA)...
[2026-07-10 05:31:55][INFO] SIM_BRIDGE: Generating 3D neuron positions for 3328 neurons...
[2026-07-10 05:31:55][INFO] SIM_BRIDGE: Generating connections (3D)...
[2026-07-10 05:31:55][INFO] SIM_BRIDGE: Simulation data initialized for 3328 neurons (3D). Synapses: 0. GPU memory: 22.4GB/51.2GB (43.6%)
[2026-07-10 05:31:57][INFO] SIM_BRIDGE: NumPy backend (CPU (NumPy backend), 47.7 GB RAM available)
[2026-07-10 05:31:57][INFO] SIM_BRIDGE: Initializing simulation data for model: IZHIKEVICH (3D)... (playback_init: False)
[2026-07-10 05:31:57][INFO] SIM_BRIDGE: RNG initialized with seed: 102
[2026-07-10 05:31:57][INFO] SIM_BRIDGE: Initializing Izhikevich model specifics for 3584 neurons...
[2026-07-10 05:31:57][INFO] SIM_BRIDGE: Applying parameter heterogeneity to neuron parameters...
[2026-07-10 05:31:57][INFO] SIM_BRIDGE: Applied heterogeneity to 4 parameters.
[2026-07-10 05:31:57][INFO] SIM_BRIDGE: Initializing OU process state (tau=15.0ms, sigma=0.0pA)...
[2026-07-10 05:31:57][INFO] SIM_BRIDGE: Generating 3D neuron positions for 3584 neurons...
[2026-07-10 05:31:57][INFO] SIM_BRIDGE: Generating connections (3D)...
[2026-07-10 05:31:57][INFO] SIM_BRIDGE: Simulation data initialized for 3584 neurons (3D). Synapses: 0. GPU memory: 22.4GB/51.2GB (43.7%)
[2026-07-10 05:31:57][INFO] SIM_BRIDGE: NumPy backend (CPU (NumPy backend), 47.7 GB RAM available)
[2026-07-10 05:31:57][INFO] SIM_BRIDGE: Initializing simulation data for model: IZHIKEVICH (3D)... (playback_init: False)
[2026-07-10 05:31:57][INFO] SIM_BRIDGE: RNG initialized with seed: 102
[2026-07-10 05:31:57][INFO] SIM_BRIDGE: Initializing Izhikevich model specifics for 3584 neurons...
[2026-07-10 05:31:57][INFO] SIM_BRIDGE: Applying parameter heterogeneity to neuron parameters...
[2026-07-10 05:31:57][INFO] SIM_BRIDGE: Applied heterogeneity to 4 parameters.
[2026-07-10 05:31:57][INFO] SIM_BRIDGE: Initializing OU process state (tau=15.0ms, sigma=0.0pA)...
[2026-07-10 05:31:57][INFO] SIM_BRIDGE: Generating 3D neuron positions for 3584 neurons...
[2026-07-10 05:31:57][INFO] SIM_BRIDGE: Generating connections (3D)...
[2026-07-10 05:31:57][INFO] SIM_BRIDGE: Simulation data initialized for 3584 neurons (3D). Synapses: 0. GPU memory: 22.4GB/51.2GB (43.7%)
[2026-07-10 05:32:01][INFO] SIM_BRIDGE: NumPy backend (CPU (NumPy backend), 47.7 GB RAM available)
[2026-07-10 05:32:01][INFO] SIM_BRIDGE: Initializing simulation data for model: IZHIKEVICH (3D)... (playback_init: False)
[2026-07-10 05:32:01][INFO] SIM_BRIDGE: RNG initialized with seed: 102
[2026-07-10 05:32:01][INFO] SIM_BRIDGE: Initializing Izhikevich model specifics for 3840 neurons...
[2026-07-10 05:32:01][INFO] SIM_BRIDGE: Applying parameter heterogeneity to neuron parameters...
[2026-07-10 05:32:01][INFO] SIM_BRIDGE: Applied heterogeneity to 4 parameters.
[2026-07-10 05:32:01][INFO] SIM_BRIDGE: Initializing OU process state (tau=15.0ms, sigma=0.0pA)...
[2026-07-10 05:32:01][INFO] SIM_BRIDGE: Generating 3D neuron positions for 3840 neurons...
[2026-07-10 05:32:01][INFO] SIM_BRIDGE: Generating connections (3D)...
[2026-07-10 05:32:01][INFO] SIM_BRIDGE: Simulation data initialized for 3840 neurons (3D). Synapses: 0. GPU memory: 22.4GB/51.2GB (43.6%)
[2026-07-10 05:32:01][INFO] SIM_BRIDGE: NumPy backend (CPU (NumPy backend), 47.7 GB RAM available)
[2026-07-10 05:32:01][INFO] SIM_BRIDGE: Initializing simulation data for model: IZHIKEVICH (3D)... (playback_init: False)
[2026-07-10 05:32:01][INFO] SIM_BRIDGE: RNG initialized with seed: 102
[2026-07-10 05:32:01][INFO] SIM_BRIDGE: Initializing Izhikevich model specifics for 3840 neurons...
[2026-07-10 05:32:01][INFO] SIM_BRIDGE: Applying parameter heterogeneity to neuron parameters...
[2026-07-10 05:32:01][INFO] SIM_BRIDGE: Applied heterogeneity to 4 parameters.
[2026-07-10 05:32:01][INFO] SIM_BRIDGE: Initializing OU process state (tau=15.0ms, sigma=0.0pA)...
[2026-07-10 05:32:01][INFO] SIM_BRIDGE: Generating 3D neuron positions for 3840 neurons...
[2026-07-10 05:32:01][INFO] SIM_BRIDGE: Generating connections (3D)...
[2026-07-10 05:32:01][INFO] SIM_BRIDGE: Simulation data initialized for 3840 neurons (3D). Synapses: 0. GPU memory: 22.4GB/51.2GB (43.6%)
[2026-07-10 05:32:08][INFO] SIM_BRIDGE: NumPy backend (CPU (NumPy backend), 47.7 GB RAM available)
[2026-07-10 05:32:08][INFO] SIM_BRIDGE: Initializing simulation data for model: IZHIKEVICH (3D)... (playback_init: False)
[2026-07-10 05:32:08][INFO] SIM_BRIDGE: RNG initialized with seed: 102
[2026-07-10 05:32:08][INFO] SIM_BRIDGE: Initializing Izhikevich model specifics for 4096 neurons...
[2026-07-10 05:32:08][INFO] SIM_BRIDGE: Applying parameter heterogeneity to neuron parameters...
[2026-07-10 05:32:08][INFO] SIM_BRIDGE: Applied heterogeneity to 4 parameters.
[2026-07-10 05:32:08][INFO] SIM_BRIDGE: Initializing OU process state (tau=15.0ms, sigma=0.0pA)...
[2026-07-10 05:32:08][INFO] SIM_BRIDGE: Generating 3D neuron positions for 4096 neurons...
[2026-07-10 05:32:08][INFO] SIM_BRIDGE: Generating connections (3D)...
[2026-07-10 05:32:08][INFO] SIM_BRIDGE: Simulation data initialized for 4096 neurons (3D). Synapses: 0. GPU memory: 22.4GB/51.2GB (43.7%)
[2026-07-10 05:32:08][INFO] SIM_BRIDGE: NumPy backend (CPU (NumPy backend), 47.7 GB RAM available)
[2026-07-10 05:32:08][INFO] SIM_BRIDGE: Initializing simulation data for model: IZHIKEVICH (3D)... (playback_init: False)
[2026-07-10 05:32:08][INFO] SIM_BRIDGE: RNG initialized with seed: 102
[2026-07-10 05:32:08][INFO] SIM_BRIDGE: Initializing Izhikevich model specifics for 4096 neurons...
[2026-07-10 05:32:08][INFO] SIM_BRIDGE: Applying parameter heterogeneity to neuron parameters...
[2026-07-10 05:32:08][INFO] SIM_BRIDGE: Applied heterogeneity to 4 parameters.
[2026-07-10 05:32:08][INFO] SIM_BRIDGE: Initializing OU process state (tau=15.0ms, sigma=0.0pA)...
[2026-07-10 05:32:08][INFO] SIM_BRIDGE: Generating 3D neuron positions for 4096 neurons...
[2026-07-10 05:32:08][INFO] SIM_BRIDGE: Generating connections (3D)...
[2026-07-10 05:32:08][INFO] SIM_BRIDGE: Simulation data initialized for 4096 neurons (3D). Synapses: 0. GPU memory: 22.4GB/51.2GB (43.7%)
[2026-07-10 05:32:15][INFO] SIM_BRIDGE: NumPy backend (CPU (NumPy backend), 47.7 GB RAM available)
[2026-07-10 05:32:15][INFO] SIM_BRIDGE: Initializing simulation data for model: IZHIKEVICH (3D)... (playback_init: False)
[2026-07-10 05:32:15][INFO] SIM_BRIDGE: RNG initialized with seed: 102
[2026-07-10 05:32:15][INFO] SIM_BRIDGE: Initializing Izhikevich model specifics for 4608 neurons...
[2026-07-10 05:32:15][INFO] SIM_BRIDGE: Applying parameter heterogeneity to neuron parameters...
[2026-07-10 05:32:15][INFO] SIM_BRIDGE: Applied heterogeneity to 4 parameters.
[2026-07-10 05:32:15][INFO] SIM_BRIDGE: Initializing OU process state (tau=15.0ms, sigma=0.0pA)...
[2026-07-10 05:32:15][INFO] SIM_BRIDGE: Generating 3D neuron positions for 4608 neurons...
[2026-07-10 05:32:15][INFO] SIM_BRIDGE: Generating connections (3D)...
[2026-07-10 05:32:15][INFO] SIM_BRIDGE: Simulation data initialized for 4608 neurons (3D). Synapses: 0. GPU memory: 22.5GB/51.2GB (43.8%)
[2026-07-10 05:32:15][INFO] SIM_BRIDGE: NumPy backend (CPU (NumPy backend), 47.7 GB RAM available)
[2026-07-10 05:32:15][INFO] SIM_BRIDGE: Initializing simulation data for model: IZHIKEVICH (3D)... (playback_init: False)
[2026-07-10 05:32:15][INFO] SIM_BRIDGE: RNG initialized with seed: 102
[2026-07-10 05:32:15][INFO] SIM_BRIDGE: Initializing Izhikevich model specifics for 4608 neurons...
[2026-07-10 05:32:15][INFO] SIM_BRIDGE: Applying parameter heterogeneity to neuron parameters...
[2026-07-10 05:32:15][INFO] SIM_BRIDGE: Applied heterogeneity to 4 parameters.
[2026-07-10 05:32:15][INFO] SIM_BRIDGE: Initializing OU process state (tau=15.0ms, sigma=0.0pA)...
[2026-07-10 05:32:15][INFO] SIM_BRIDGE: Generating 3D neuron positions for 4608 neurons...
[2026-07-10 05:32:15][INFO] SIM_BRIDGE: Generating connections (3D)...
[2026-07-10 05:32:15][INFO] SIM_BRIDGE: Simulation data initialized for 4608 neurons (3D). Synapses: 0. GPU memory: 22.4GB/51.2GB (43.8%)
[2026-07-10 05:32:21][INFO] SIM_BRIDGE: NumPy backend (CPU (NumPy backend), 47.7 GB RAM available)
[2026-07-10 05:32:21][INFO] SIM_BRIDGE: Initializing simulation data for model: IZHIKEVICH (3D)... (playback_init: False)
[2026-07-10 05:32:21][INFO] SIM_BRIDGE: RNG initialized with seed: 102
[2026-07-10 05:32:21][INFO] SIM_BRIDGE: Initializing Izhikevich model specifics for 4864 neurons...
[2026-07-10 05:32:21][INFO] SIM_BRIDGE: Applying parameter heterogeneity to neuron parameters...
[2026-07-10 05:32:21][INFO] SIM_BRIDGE: Applied heterogeneity to 4 parameters.
[2026-07-10 05:32:21][INFO] SIM_BRIDGE: Initializing OU process state (tau=15.0ms, sigma=0.0pA)...
[2026-07-10 05:32:21][INFO] SIM_BRIDGE: Generating 3D neuron positions for 4864 neurons...
[2026-07-10 05:32:21][INFO] SIM_BRIDGE: Generating connections (3D)...
[2026-07-10 05:32:21][INFO] SIM_BRIDGE: Simulation data initialized for 4864 neurons (3D). Synapses: 0. GPU memory: 22.5GB/51.2GB (44.0%)
[2026-07-10 05:32:22][INFO] SIM_BRIDGE: NumPy backend (CPU (NumPy backend), 47.7 GB RAM available)
[2026-07-10 05:32:22][INFO] SIM_BRIDGE: Initializing simulation data for model: IZHIKEVICH (3D)... (playback_init: False)
[2026-07-10 05:32:22][INFO] SIM_BRIDGE: RNG initialized with seed: 102
[2026-07-10 05:32:22][INFO] SIM_BRIDGE: Initializing Izhikevich model specifics for 4864 neurons...
[2026-07-10 05:32:22][INFO] SIM_BRIDGE: Applying parameter heterogeneity to neuron parameters...
[2026-07-10 05:32:22][INFO] SIM_BRIDGE: Applied heterogeneity to 4 parameters.
[2026-07-10 05:32:22][INFO] SIM_BRIDGE: Initializing OU process state (tau=15.0ms, sigma=0.0pA)...
[2026-07-10 05:32:22][INFO] SIM_BRIDGE: Generating 3D neuron positions for 4864 neurons...
[2026-07-10 05:32:22][INFO] SIM_BRIDGE: Generating connections (3D)...
[2026-07-10 05:32:22][INFO] SIM_BRIDGE: Simulation data initialized for 4864 neurons (3D). Synapses: 0. GPU memory: 22.5GB/51.2GB (44.0%)
[2026-07-10 05:32:24][INFO] SIM_BRIDGE: NumPy backend (CPU (NumPy backend), 47.7 GB RAM available)
[2026-07-10 05:32:24][INFO] SIM_BRIDGE: Initializing simulation data for model: IZHIKEVICH (3D)... (playback_init: False)
[2026-07-10 05:32:24][INFO] SIM_BRIDGE: RNG initialized with seed: 102
[2026-07-10 05:32:24][INFO] SIM_BRIDGE: Initializing Izhikevich model specifics for 5120 neurons...
[2026-07-10 05:32:24][INFO] SIM_BRIDGE: Applying parameter heterogeneity to neuron parameters...
[2026-07-10 05:32:24][INFO] SIM_BRIDGE: Applied heterogeneity to 4 parameters.
[2026-07-10 05:32:24][INFO] SIM_BRIDGE: Initializing OU process state (tau=15.0ms, sigma=0.0pA)...
[2026-07-10 05:32:24][INFO] SIM_BRIDGE: Generating 3D neuron positions for 5120 neurons...
[2026-07-10 05:32:24][INFO] SIM_BRIDGE: Generating connections (3D)...
[2026-07-10 05:32:24][INFO] SIM_BRIDGE: Simulation data initialized for 5120 neurons (3D). Synapses: 0. GPU memory: 22.6GB/51.2GB (44.1%)
[2026-07-10 05:32:24][INFO] SIM_BRIDGE: NumPy backend (CPU (NumPy backend), 47.7 GB RAM available)
[2026-07-10 05:32:24][INFO] SIM_BRIDGE: Initializing simulation data for model: IZHIKEVICH (3D)... (playback_init: False)
[2026-07-10 05:32:24][INFO] SIM_BRIDGE: RNG initialized with seed: 102
[2026-07-10 05:32:24][INFO] SIM_BRIDGE: Initializing Izhikevich model specifics for 5120 neurons...
[2026-07-10 05:32:24][INFO] SIM_BRIDGE: Applying parameter heterogeneity to neuron parameters...
[2026-07-10 05:32:24][INFO] SIM_BRIDGE: Applied heterogeneity to 4 parameters.
[2026-07-10 05:32:24][INFO] SIM_BRIDGE: Initializing OU process state (tau=15.0ms, sigma=0.0pA)...
[2026-07-10 05:32:24][INFO] SIM_BRIDGE: Generating 3D neuron positions for 5120 neurons...
[2026-07-10 05:32:24][INFO] SIM_BRIDGE: Generating connections (3D)...
[2026-07-10 05:32:24][INFO] SIM_BRIDGE: Simulation data initialized for 5120 neurons (3D). Synapses: 0. GPU memory: 22.6GB/51.2GB (44.1%)
[2026-07-10 05:32:29][INFO] SIM_BRIDGE: NumPy backend (CPU (NumPy backend), 47.7 GB RAM available)
[2026-07-10 05:32:29][INFO] SIM_BRIDGE: Initializing simulation data for model: IZHIKEVICH (3D)... (playback_init: False)
[2026-07-10 05:32:29][INFO] SIM_BRIDGE: RNG initialized with seed: 102
[2026-07-10 05:32:29][INFO] SIM_BRIDGE: Initializing Izhikevich model specifics for 5376 neurons...
[2026-07-10 05:32:29][INFO] SIM_BRIDGE: Applying parameter heterogeneity to neuron parameters...
[2026-07-10 05:32:29][INFO] SIM_BRIDGE: Applied heterogeneity to 4 parameters.
[2026-07-10 05:32:29][INFO] SIM_BRIDGE: Initializing OU process state (tau=15.0ms, sigma=0.0pA)...
[2026-07-10 05:32:29][INFO] SIM_BRIDGE: Generating 3D neuron positions for 5376 neurons...
[2026-07-10 05:32:29][INFO] SIM_BRIDGE: Generating connections (3D)...
[2026-07-10 05:32:29][INFO] SIM_BRIDGE: Simulation data initialized for 5376 neurons (3D). Synapses: 0. GPU memory: 22.4GB/51.2GB (43.7%)
[2026-07-10 05:32:29][INFO] SIM_BRIDGE: NumPy backend (CPU (NumPy backend), 47.7 GB RAM available)
[2026-07-10 05:32:29][INFO] SIM_BRIDGE: Initializing simulation data for model: IZHIKEVICH (3D)... (playback_init: False)
[2026-07-10 05:32:29][INFO] SIM_BRIDGE: RNG initialized with seed: 102
[2026-07-10 05:32:29][INFO] SIM_BRIDGE: Initializing Izhikevich model specifics for 5376 neurons...
[2026-07-10 05:32:29][INFO] SIM_BRIDGE: Applying parameter heterogeneity to neuron parameters...
[2026-07-10 05:32:29][INFO] SIM_BRIDGE: Applied heterogeneity to 4 parameters.
[2026-07-10 05:32:29][INFO] SIM_BRIDGE: Initializing OU process state (tau=15.0ms, sigma=0.0pA)...
[2026-07-10 05:32:29][INFO] SIM_BRIDGE: Generating 3D neuron positions for 5376 neurons...
[2026-07-10 05:32:29][INFO] SIM_BRIDGE: Generating connections (3D)...
[2026-07-10 05:32:29][INFO] SIM_BRIDGE: Simulation data initialized for 5376 neurons (3D). Synapses: 0. GPU memory: 22.4GB/51.2GB (43.7%)
[2026-07-10 05:32:31][INFO] SIM_BRIDGE: NumPy backend (CPU (NumPy backend), 47.7 GB RAM available)
[2026-07-10 05:32:31][INFO] SIM_BRIDGE: Initializing simulation data for model: IZHIKEVICH (3D)... (playback_init: False)
[2026-07-10 05:32:31][INFO] SIM_BRIDGE: RNG initialized with seed: 102
[2026-07-10 05:32:31][INFO] SIM_BRIDGE: Initializing Izhikevich model specifics for 5632 neurons...
[2026-07-10 05:32:31][INFO] SIM_BRIDGE: Applying parameter heterogeneity to neuron parameters...
[2026-07-10 05:32:31][INFO] SIM_BRIDGE: Applied heterogeneity to 4 parameters.
[2026-07-10 05:32:31][INFO] SIM_BRIDGE: Initializing OU process state (tau=15.0ms, sigma=0.0pA)...
[2026-07-10 05:32:31][INFO] SIM_BRIDGE: Generating 3D neuron positions for 5632 neurons...
[2026-07-10 05:32:31][INFO] SIM_BRIDGE: Generating connections (3D)...
[2026-07-10 05:32:31][INFO] SIM_BRIDGE: Simulation data initialized for 5632 neurons (3D). Synapses: 0. GPU memory: 22.4GB/51.2GB (43.6%)
[2026-07-10 05:32:31][INFO] SIM_BRIDGE: NumPy backend (CPU (NumPy backend), 47.7 GB RAM available)
[2026-07-10 05:32:31][INFO] SIM_BRIDGE: Initializing simulation data for model: IZHIKEVICH (3D)... (playback_init: False)
[2026-07-10 05:32:31][INFO] SIM_BRIDGE: RNG initialized with seed: 102
[2026-07-10 05:32:31][INFO] SIM_BRIDGE: Initializing Izhikevich model specifics for 5632 neurons...
[2026-07-10 05:32:31][INFO] SIM_BRIDGE: Applying parameter heterogeneity to neuron parameters...
[2026-07-10 05:32:31][INFO] SIM_BRIDGE: Applied heterogeneity to 4 parameters.
[2026-07-10 05:32:31][INFO] SIM_BRIDGE: Initializing OU process state (tau=15.0ms, sigma=0.0pA)...
[2026-07-10 05:32:31][INFO] SIM_BRIDGE: Generating 3D neuron positions for 5632 neurons...
[2026-07-10 05:32:31][INFO] SIM_BRIDGE: Generating connections (3D)...
[2026-07-10 05:32:31][INFO] SIM_BRIDGE: Simulation data initialized for 5632 neurons (3D). Synapses: 0. GPU memory: 22.4GB/51.2GB (43.7%)
[2026-07-10 05:32:36][INFO] SIM_BRIDGE: NumPy backend (CPU (NumPy backend), 47.7 GB RAM available)
[2026-07-10 05:32:36][INFO] SIM_BRIDGE: Initializing simulation data for model: IZHIKEVICH (3D)... (playback_init: False)
[2026-07-10 05:32:36][INFO] SIM_BRIDGE: RNG initialized with seed: 102
[2026-07-10 05:32:36][INFO] SIM_BRIDGE: Initializing Izhikevich model specifics for 6144 neurons...
[2026-07-10 05:32:36][INFO] SIM_BRIDGE: Applying parameter heterogeneity to neuron parameters...
[2026-07-10 05:32:36][INFO] SIM_BRIDGE: Applied heterogeneity to 4 parameters.
[2026-07-10 05:32:36][INFO] SIM_BRIDGE: Initializing OU process state (tau=15.0ms, sigma=0.0pA)...
[2026-07-10 05:32:36][INFO] SIM_BRIDGE: Generating 3D neuron positions for 6144 neurons...
[2026-07-10 05:32:36][INFO] SIM_BRIDGE: Generating connections (3D)...
[2026-07-10 05:32:36][INFO] SIM_BRIDGE: Simulation data initialized for 6144 neurons (3D). Synapses: 0. GPU memory: 22.4GB/51.2GB (43.8%)
[2026-07-10 05:32:36][INFO] SIM_BRIDGE: NumPy backend (CPU (NumPy backend), 47.7 GB RAM available)
[2026-07-10 05:32:36][INFO] SIM_BRIDGE: Initializing simulation data for model: IZHIKEVICH (3D)... (playback_init: False)
[2026-07-10 05:32:36][INFO] SIM_BRIDGE: RNG initialized with seed: 102
[2026-07-10 05:32:36][INFO] SIM_BRIDGE: Initializing Izhikevich model specifics for 6144 neurons...
[2026-07-10 05:32:36][INFO] SIM_BRIDGE: Applying parameter heterogeneity to neuron parameters...
[2026-07-10 05:32:36][INFO] SIM_BRIDGE: Applied heterogeneity to 4 parameters.
[2026-07-10 05:32:36][INFO] SIM_BRIDGE: Initializing OU process state (tau=15.0ms, sigma=0.0pA)...
[2026-07-10 05:32:36][INFO] SIM_BRIDGE: Generating 3D neuron positions for 6144 neurons...
[2026-07-10 05:32:36][INFO] SIM_BRIDGE: Generating connections (3D)...
[2026-07-10 05:32:36][INFO] SIM_BRIDGE: Simulation data initialized for 6144 neurons (3D). Synapses: 0. GPU memory: 22.4GB/51.2GB (43.8%)
[2026-07-10 05:32:39][INFO] SIM_BRIDGE: NumPy backend (CPU (NumPy backend), 47.7 GB RAM available)
[2026-07-10 05:32:39][INFO] SIM_BRIDGE: Initializing simulation data for model: IZHIKEVICH (3D)... (playback_init: False)
[2026-07-10 05:32:39][INFO] SIM_BRIDGE: RNG initialized with seed: 102
[2026-07-10 05:32:39][INFO] SIM_BRIDGE: Initializing Izhikevich model specifics for 6400 neurons...
[2026-07-10 05:32:39][INFO] SIM_BRIDGE: Applying parameter heterogeneity to neuron parameters...
[2026-07-10 05:32:39][INFO] SIM_BRIDGE: Applied heterogeneity to 4 parameters.
[2026-07-10 05:32:39][INFO] SIM_BRIDGE: Initializing OU process state (tau=15.0ms, sigma=0.0pA)...
[2026-07-10 05:32:39][INFO] SIM_BRIDGE: Generating 3D neuron positions for 6400 neurons...
[2026-07-10 05:32:39][INFO] SIM_BRIDGE: Generating connections (3D)...
[2026-07-10 05:32:39][INFO] SIM_BRIDGE: Simulation data initialized for 6400 neurons (3D). Synapses: 0. GPU memory: 22.5GB/51.2GB (43.9%)
[2026-07-10 05:32:39][INFO] SIM_BRIDGE: NumPy backend (CPU (NumPy backend), 47.7 GB RAM available)
[2026-07-10 05:32:39][INFO] SIM_BRIDGE: Initializing simulation data for model: IZHIKEVICH (3D)... (playback_init: False)
[2026-07-10 05:32:39][INFO] SIM_BRIDGE: RNG initialized with seed: 102
[2026-07-10 05:32:39][INFO] SIM_BRIDGE: Initializing Izhikevich model specifics for 6400 neurons...
[2026-07-10 05:32:39][INFO] SIM_BRIDGE: Applying parameter heterogeneity to neuron parameters...
[2026-07-10 05:32:39][INFO] SIM_BRIDGE: Applied heterogeneity to 4 parameters.
[2026-07-10 05:32:39][INFO] SIM_BRIDGE: Initializing OU process state (tau=15.0ms, sigma=0.0pA)...
[2026-07-10 05:32:39][INFO] SIM_BRIDGE: Generating 3D neuron positions for 6400 neurons...
[2026-07-10 05:32:39][INFO] SIM_BRIDGE: Generating connections (3D)...
[2026-07-10 05:32:39][INFO] SIM_BRIDGE: Simulation data initialized for 6400 neurons (3D). Synapses: 0. GPU memory: 22.5GB/51.2GB (43.9%)
[2026-07-10 05:32:41][INFO] SIM_BRIDGE: NumPy backend (CPU (NumPy backend), 47.7 GB RAM available)
[2026-07-10 05:32:41][INFO] SIM_BRIDGE: Initializing simulation data for model: IZHIKEVICH (3D)... (playback_init: False)
[2026-07-10 05:32:41][INFO] SIM_BRIDGE: RNG initialized with seed: 102
[2026-07-10 05:32:41][INFO] SIM_BRIDGE: Initializing Izhikevich model specifics for 6656 neurons...
[2026-07-10 05:32:41][INFO] SIM_BRIDGE: Applying parameter heterogeneity to neuron parameters...
[2026-07-10 05:32:41][INFO] SIM_BRIDGE: Applied heterogeneity to 4 parameters.
[2026-07-10 05:32:41][INFO] SIM_BRIDGE: Initializing OU process state (tau=15.0ms, sigma=0.0pA)...
[2026-07-10 05:32:41][INFO] SIM_BRIDGE: Generating 3D neuron positions for 6656 neurons...
[2026-07-10 05:32:41][INFO] SIM_BRIDGE: Generating connections (3D)...
[2026-07-10 05:32:41][INFO] SIM_BRIDGE: Simulation data initialized for 6656 neurons (3D). Synapses: 0. GPU memory: 22.5GB/51.2GB (43.9%)
[2026-07-10 05:32:41][INFO] SIM_BRIDGE: NumPy backend (CPU (NumPy backend), 47.7 GB RAM available)
[2026-07-10 05:32:41][INFO] SIM_BRIDGE: Initializing simulation data for model: IZHIKEVICH (3D)... (playback_init: False)
[2026-07-10 05:32:41][INFO] SIM_BRIDGE: RNG initialized with seed: 102
[2026-07-10 05:32:41][INFO] SIM_BRIDGE: Initializing Izhikevich model specifics for 6656 neurons...
[2026-07-10 05:32:41][INFO] SIM_BRIDGE: Applying parameter heterogeneity to neuron parameters...
[2026-07-10 05:32:41][INFO] SIM_BRIDGE: Applied heterogeneity to 4 parameters.
[2026-07-10 05:32:41][INFO] SIM_BRIDGE: Initializing OU process state (tau=15.0ms, sigma=0.0pA)...
[2026-07-10 05:32:41][INFO] SIM_BRIDGE: Generating 3D neuron positions for 6656 neurons...
[2026-07-10 05:32:41][INFO] SIM_BRIDGE: Generating connections (3D)...
[2026-07-10 05:32:41][INFO] SIM_BRIDGE: Simulation data initialized for 6656 neurons (3D). Synapses: 0. GPU memory: 22.5GB/51.2GB (43.9%)
[2026-07-10 05:32:44][INFO] SIM_BRIDGE: NumPy backend (CPU (NumPy backend), 47.7 GB RAM available)
[2026-07-10 05:32:44][INFO] SIM_BRIDGE: Initializing simulation data for model: IZHIKEVICH (3D)... (playback_init: False)
[2026-07-10 05:32:44][INFO] SIM_BRIDGE: RNG initialized with seed: 102
[2026-07-10 05:32:44][INFO] SIM_BRIDGE: Initializing Izhikevich model specifics for 6912 neurons...
[2026-07-10 05:32:44][INFO] SIM_BRIDGE: Applying parameter heterogeneity to neuron parameters...
[2026-07-10 05:32:44][INFO] SIM_BRIDGE: Applied heterogeneity to 4 parameters.
[2026-07-10 05:32:44][INFO] SIM_BRIDGE: Initializing OU process state (tau=15.0ms, sigma=0.0pA)...
[2026-07-10 05:32:44][INFO] SIM_BRIDGE: Generating 3D neuron positions for 6912 neurons...
[2026-07-10 05:32:44][INFO] SIM_BRIDGE: Generating connections (3D)...
[2026-07-10 05:32:44][INFO] SIM_BRIDGE: Simulation data initialized for 6912 neurons (3D). Synapses: 0. GPU memory: 22.5GB/51.2GB (43.9%)
[2026-07-10 05:32:44][INFO] SIM_BRIDGE: NumPy backend (CPU (NumPy backend), 47.7 GB RAM available)
[2026-07-10 05:32:44][INFO] SIM_BRIDGE: Initializing simulation data for model: IZHIKEVICH (3D)... (playback_init: False)
[2026-07-10 05:32:44][INFO] SIM_BRIDGE: RNG initialized with seed: 102
[2026-07-10 05:32:44][INFO] SIM_BRIDGE: Initializing Izhikevich model specifics for 6912 neurons...
[2026-07-10 05:32:44][INFO] SIM_BRIDGE: Applying parameter heterogeneity to neuron parameters...
[2026-07-10 05:32:44][INFO] SIM_BRIDGE: Applied heterogeneity to 4 parameters.
[2026-07-10 05:32:44][INFO] SIM_BRIDGE: Initializing OU process state (tau=15.0ms, sigma=0.0pA)...
[2026-07-10 05:32:44][INFO] SIM_BRIDGE: Generating 3D neuron positions for 6912 neurons...
[2026-07-10 05:32:44][INFO] SIM_BRIDGE: Generating connections (3D)...
[2026-07-10 05:32:44][INFO] SIM_BRIDGE: Simulation data initialized for 6912 neurons (3D). Synapses: 0. GPU memory: 22.5GB/51.2GB (43.9%)
[2026-07-10 05:32:51][INFO] SIM_BRIDGE: NumPy backend (CPU (NumPy backend), 47.7 GB RAM available)
[2026-07-10 05:32:51][INFO] SIM_BRIDGE: Initializing simulation data for model: IZHIKEVICH (3D)... (playback_init: False)
[2026-07-10 05:32:51][INFO] SIM_BRIDGE: RNG initialized with seed: 102
[2026-07-10 05:32:51][INFO] SIM_BRIDGE: Initializing Izhikevich model specifics for 7424 neurons...
[2026-07-10 05:32:51][INFO] SIM_BRIDGE: Applying parameter heterogeneity to neuron parameters...
[2026-07-10 05:32:51][INFO] SIM_BRIDGE: Applied heterogeneity to 4 parameters.
[2026-07-10 05:32:51][INFO] SIM_BRIDGE: Initializing OU process state (tau=15.0ms, sigma=0.0pA)...
[2026-07-10 05:32:51][INFO] SIM_BRIDGE: Generating 3D neuron positions for 7424 neurons...
[2026-07-10 05:32:51][INFO] SIM_BRIDGE: Generating connections (3D)...
[2026-07-10 05:32:51][INFO] SIM_BRIDGE: Simulation data initialized for 7424 neurons (3D). Synapses: 0. GPU memory: 22.5GB/51.2GB (43.9%)
[2026-07-10 05:32:51][INFO] SIM_BRIDGE: NumPy backend (CPU (NumPy backend), 47.7 GB RAM available)
[2026-07-10 05:32:51][INFO] SIM_BRIDGE: Initializing simulation data for model: IZHIKEVICH (3D)... (playback_init: False)
[2026-07-10 05:32:51][INFO] SIM_BRIDGE: RNG initialized with seed: 102
[2026-07-10 05:32:51][INFO] SIM_BRIDGE: Initializing Izhikevich model specifics for 7424 neurons...
[2026-07-10 05:32:51][INFO] SIM_BRIDGE: Applying parameter heterogeneity to neuron parameters...
[2026-07-10 05:32:51][INFO] SIM_BRIDGE: Applied heterogeneity to 4 parameters.
[2026-07-10 05:32:51][INFO] SIM_BRIDGE: Initializing OU process state (tau=15.0ms, sigma=0.0pA)...
[2026-07-10 05:32:51][INFO] SIM_BRIDGE: Generating 3D neuron positions for 7424 neurons...
[2026-07-10 05:32:51][INFO] SIM_BRIDGE: Generating connections (3D)...
[2026-07-10 05:32:51][INFO] SIM_BRIDGE: Simulation data initialized for 7424 neurons (3D). Synapses: 0. GPU memory: 22.5GB/51.2GB (43.9%)
[2026-07-10 05:32:56][INFO] SIM_BRIDGE: NumPy backend (CPU (NumPy backend), 47.7 GB RAM available)
[2026-07-10 05:32:56][INFO] SIM_BRIDGE: Initializing simulation data for model: IZHIKEVICH (3D)... (playback_init: False)
[2026-07-10 05:32:56][INFO] SIM_BRIDGE: RNG initialized with seed: 102
[2026-07-10 05:32:56][INFO] SIM_BRIDGE: Initializing Izhikevich model specifics for 7680 neurons...
[2026-07-10 05:32:56][INFO] SIM_BRIDGE: Applying parameter heterogeneity to neuron parameters...
[2026-07-10 05:32:56][INFO] SIM_BRIDGE: Applied heterogeneity to 4 parameters.
[2026-07-10 05:32:56][INFO] SIM_BRIDGE: Initializing OU process state (tau=15.0ms, sigma=0.0pA)...
[2026-07-10 05:32:56][INFO] SIM_BRIDGE: Generating 3D neuron positions for 7680 neurons...
[2026-07-10 05:32:56][INFO] SIM_BRIDGE: Generating connections (3D)...
[2026-07-10 05:32:56][INFO] SIM_BRIDGE: Simulation data initialized for 7680 neurons (3D). Synapses: 0. GPU memory: 22.5GB/51.2GB (43.9%)
[2026-07-10 05:32:56][INFO] SIM_BRIDGE: NumPy backend (CPU (NumPy backend), 47.7 GB RAM available)
[2026-07-10 05:32:56][INFO] SIM_BRIDGE: Initializing simulation data for model: IZHIKEVICH (3D)... (playback_init: False)
[2026-07-10 05:32:56][INFO] SIM_BRIDGE: RNG initialized with seed: 102
[2026-07-10 05:32:56][INFO] SIM_BRIDGE: Initializing Izhikevich model specifics for 7680 neurons...
[2026-07-10 05:32:56][INFO] SIM_BRIDGE: Applying parameter heterogeneity to neuron parameters...
[2026-07-10 05:32:56][INFO] SIM_BRIDGE: Applied heterogeneity to 4 parameters.
[2026-07-10 05:32:56][INFO] SIM_BRIDGE: Initializing OU process state (tau=15.0ms, sigma=0.0pA)...
[2026-07-10 05:32:56][INFO] SIM_BRIDGE: Generating 3D neuron positions for 7680 neurons...
[2026-07-10 05:32:56][INFO] SIM_BRIDGE: Generating connections (3D)...
[2026-07-10 05:32:56][INFO] SIM_BRIDGE: Simulation data initialized for 7680 neurons (3D). Synapses: 0. GPU memory: 22.5GB/51.2GB (43.9%)
[2026-07-10 05:32:59][INFO] SIM_BRIDGE: NumPy backend (CPU (NumPy backend), 47.7 GB RAM available)
[2026-07-10 05:32:59][INFO] SIM_BRIDGE: Initializing simulation data for model: IZHIKEVICH (3D)... (playback_init: False)
[2026-07-10 05:32:59][INFO] SIM_BRIDGE: RNG initialized with seed: 102
[2026-07-10 05:32:59][INFO] SIM_BRIDGE: Initializing Izhikevich model specifics for 7936 neurons...
[2026-07-10 05:32:59][INFO] SIM_BRIDGE: Applying parameter heterogeneity to neuron parameters...
[2026-07-10 05:32:59][INFO] SIM_BRIDGE: Applied heterogeneity to 4 parameters.
[2026-07-10 05:32:59][INFO] SIM_BRIDGE: Initializing OU process state (tau=15.0ms, sigma=0.0pA)...
[2026-07-10 05:32:59][INFO] SIM_BRIDGE: Generating 3D neuron positions for 7936 neurons...
[2026-07-10 05:32:59][INFO] SIM_BRIDGE: Generating connections (3D)...
[2026-07-10 05:32:59][INFO] SIM_BRIDGE: Simulation data initialized for 7936 neurons (3D). Synapses: 0. GPU memory: 22.5GB/51.2GB (44.0%)
[2026-07-10 05:32:59][INFO] SIM_BRIDGE: NumPy backend (CPU (NumPy backend), 47.7 GB RAM available)
[2026-07-10 05:32:59][INFO] SIM_BRIDGE: Initializing simulation data for model: IZHIKEVICH (3D)... (playback_init: False)
[2026-07-10 05:32:59][INFO] SIM_BRIDGE: RNG initialized with seed: 102
[2026-07-10 05:32:59][INFO] SIM_BRIDGE: Initializing Izhikevich model specifics for 7936 neurons...
[2026-07-10 05:32:59][INFO] SIM_BRIDGE: Applying parameter heterogeneity to neuron parameters...
[2026-07-10 05:32:59][INFO] SIM_BRIDGE: Applied heterogeneity to 4 parameters.
[2026-07-10 05:32:59][INFO] SIM_BRIDGE: Initializing OU process state (tau=15.0ms, sigma=0.0pA)...
[2026-07-10 05:32:59][INFO] SIM_BRIDGE: Generating 3D neuron positions for 7936 neurons...
[2026-07-10 05:32:59][INFO] SIM_BRIDGE: Generating connections (3D)...
[2026-07-10 05:32:59][INFO] SIM_BRIDGE: Simulation data initialized for 7936 neurons (3D). Synapses: 0. GPU memory: 22.6GB/51.2GB (44.0%)
[2026-07-10 05:33:04][INFO] SIM_BRIDGE: NumPy backend (CPU (NumPy backend), 47.7 GB RAM available)
[2026-07-10 05:33:04][INFO] SIM_BRIDGE: Initializing simulation data for model: IZHIKEVICH (3D)... (playback_init: False)
[2026-07-10 05:33:04][INFO] SIM_BRIDGE: RNG initialized with seed: 102
[2026-07-10 05:33:04][INFO] SIM_BRIDGE: Initializing Izhikevich model specifics for 8192 neurons...
[2026-07-10 05:33:04][INFO] SIM_BRIDGE: Applying parameter heterogeneity to neuron parameters...
[2026-07-10 05:33:04][INFO] SIM_BRIDGE: Applied heterogeneity to 4 parameters.
[2026-07-10 05:33:04][INFO] SIM_BRIDGE: Initializing OU process state (tau=15.0ms, sigma=0.0pA)...
[2026-07-10 05:33:04][INFO] SIM_BRIDGE: Generating 3D neuron positions for 8192 neurons...
[2026-07-10 05:33:04][INFO] SIM_BRIDGE: Generating connections (3D)...
[2026-07-10 05:33:04][INFO] SIM_BRIDGE: Simulation data initialized for 8192 neurons (3D). Synapses: 0. GPU memory: 22.7GB/51.2GB (44.3%)
[2026-07-10 05:33:04][INFO] SIM_BRIDGE: NumPy backend (CPU (NumPy backend), 47.7 GB RAM available)
[2026-07-10 05:33:04][INFO] SIM_BRIDGE: Initializing simulation data for model: IZHIKEVICH (3D)... (playback_init: False)
[2026-07-10 05:33:04][INFO] SIM_BRIDGE: RNG initialized with seed: 102
[2026-07-10 05:33:04][INFO] SIM_BRIDGE: Initializing Izhikevich model specifics for 8192 neurons...
[2026-07-10 05:33:04][INFO] SIM_BRIDGE: Applying parameter heterogeneity to neuron parameters...
[2026-07-10 05:33:04][INFO] SIM_BRIDGE: Applied heterogeneity to 4 parameters.
[2026-07-10 05:33:04][INFO] SIM_BRIDGE: Initializing OU process state (tau=15.0ms, sigma=0.0pA)...
[2026-07-10 05:33:04][INFO] SIM_BRIDGE: Generating 3D neuron positions for 8192 neurons...
[2026-07-10 05:33:04][INFO] SIM_BRIDGE: Generating connections (3D)...
[2026-07-10 05:33:04][INFO] SIM_BRIDGE: Simulation data initialized for 8192 neurons (3D). Synapses: 0. GPU memory: 22.7GB/51.2GB (44.3%)
[2026-07-10 05:33:07][INFO] SIM_BRIDGE: NumPy backend (CPU (NumPy backend), 47.7 GB RAM available)
[2026-07-10 05:33:07][INFO] SIM_BRIDGE: Initializing simulation data for model: IZHIKEVICH (3D)... (playback_init: False)
[2026-07-10 05:33:07][INFO] SIM_BRIDGE: RNG initialized with seed: 102
[2026-07-10 05:33:07][INFO] SIM_BRIDGE: Initializing Izhikevich model specifics for 8448 neurons...
[2026-07-10 05:33:07][INFO] SIM_BRIDGE: Applying parameter heterogeneity to neuron parameters...
[2026-07-10 05:33:07][INFO] SIM_BRIDGE: Applied heterogeneity to 4 parameters.
[2026-07-10 05:33:07][INFO] SIM_BRIDGE: Initializing OU process state (tau=15.0ms, sigma=0.0pA)...
[2026-07-10 05:33:07][INFO] SIM_BRIDGE: Generating 3D neuron positions for 8448 neurons...
[2026-07-10 05:33:07][INFO] SIM_BRIDGE: Generating connections (3D)...
[2026-07-10 05:33:07][INFO] SIM_BRIDGE: Simulation data initialized for 8448 neurons (3D). Synapses: 0. GPU memory: 22.7GB/51.2GB (44.3%)
[2026-07-10 05:33:07][INFO] SIM_BRIDGE: NumPy backend (CPU (NumPy backend), 47.7 GB RAM available)
[2026-07-10 05:33:07][INFO] SIM_BRIDGE: Initializing simulation data for model: IZHIKEVICH (3D)... (playback_init: False)
[2026-07-10 05:33:07][INFO] SIM_BRIDGE: RNG initialized with seed: 102
[2026-07-10 05:33:07][INFO] SIM_BRIDGE: Initializing Izhikevich model specifics for 8448 neurons...
[2026-07-10 05:33:07][INFO] SIM_BRIDGE: Applying parameter heterogeneity to neuron parameters...
[2026-07-10 05:33:07][INFO] SIM_BRIDGE: Applied heterogeneity to 4 parameters.
[2026-07-10 05:33:07][INFO] SIM_BRIDGE: Initializing OU process state (tau=15.0ms, sigma=0.0pA)...
[2026-07-10 05:33:07][INFO] SIM_BRIDGE: Generating 3D neuron positions for 8448 neurons...
[2026-07-10 05:33:07][INFO] SIM_BRIDGE: Generating connections (3D)...
[2026-07-10 05:33:07][INFO] SIM_BRIDGE: Simulation data initialized for 8448 neurons (3D). Synapses: 0. GPU memory: 22.7GB/51.2GB (44.3%)
[2026-07-10 05:33:09][INFO] SIM_BRIDGE: NumPy backend (CPU (NumPy backend), 47.7 GB RAM available)
[2026-07-10 05:33:09][INFO] SIM_BRIDGE: Initializing simulation data for model: IZHIKEVICH (3D)... (playback_init: False)
[2026-07-10 05:33:09][INFO] SIM_BRIDGE: RNG initialized with seed: 102
[2026-07-10 05:33:09][INFO] SIM_BRIDGE: Initializing Izhikevich model specifics for 8704 neurons...
[2026-07-10 05:33:09][INFO] SIM_BRIDGE: Applying parameter heterogeneity to neuron parameters...
[2026-07-10 05:33:09][INFO] SIM_BRIDGE: Applied heterogeneity to 4 parameters.
[2026-07-10 05:33:09][INFO] SIM_BRIDGE: Initializing OU process state (tau=15.0ms, sigma=0.0pA)...
[2026-07-10 05:33:09][INFO] SIM_BRIDGE: Generating 3D neuron positions for 8704 neurons...
[2026-07-10 05:33:09][INFO] SIM_BRIDGE: Generating connections (3D)...
[2026-07-10 05:33:09][INFO] SIM_BRIDGE: Simulation data initialized for 8704 neurons (3D). Synapses: 0. GPU memory: 22.7GB/51.2GB (44.3%)
[2026-07-10 05:33:09][INFO] SIM_BRIDGE: NumPy backend (CPU (NumPy backend), 47.7 GB RAM available)
[2026-07-10 05:33:09][INFO] SIM_BRIDGE: Initializing simulation data for model: IZHIKEVICH (3D)... (playback_init: False)
[2026-07-10 05:33:09][INFO] SIM_BRIDGE: RNG initialized with seed: 102
[2026-07-10 05:33:09][INFO] SIM_BRIDGE: Initializing Izhikevich model specifics for 8704 neurons...
[2026-07-10 05:33:09][INFO] SIM_BRIDGE: Applying parameter heterogeneity to neuron parameters...
[2026-07-10 05:33:09][INFO] SIM_BRIDGE: Applied heterogeneity to 4 parameters.
[2026-07-10 05:33:09][INFO] SIM_BRIDGE: Initializing OU process state (tau=15.0ms, sigma=0.0pA)...
[2026-07-10 05:33:09][INFO] SIM_BRIDGE: Generating 3D neuron positions for 8704 neurons...
[2026-07-10 05:33:09][INFO] SIM_BRIDGE: Generating connections (3D)...
[2026-07-10 05:33:09][INFO] SIM_BRIDGE: Simulation data initialized for 8704 neurons (3D). Synapses: 0. GPU memory: 22.7GB/51.2GB (44.3%)
[2026-07-10 05:33:14][INFO] SIM_BRIDGE: NumPy backend (CPU (NumPy backend), 47.7 GB RAM available)
[2026-07-10 05:33:14][INFO] SIM_BRIDGE: Initializing simulation data for model: IZHIKEVICH (3D)... (playback_init: False)
[2026-07-10 05:33:14][INFO] SIM_BRIDGE: RNG initialized with seed: 102
[2026-07-10 05:33:14][INFO] SIM_BRIDGE: Initializing Izhikevich model specifics for 8960 neurons...
[2026-07-10 05:33:14][INFO] SIM_BRIDGE: Applying parameter heterogeneity to neuron parameters...
[2026-07-10 05:33:14][INFO] SIM_BRIDGE: Applied heterogeneity to 4 parameters.
[2026-07-10 05:33:14][INFO] SIM_BRIDGE: Initializing OU process state (tau=15.0ms, sigma=0.0pA)...
[2026-07-10 05:33:14][INFO] SIM_BRIDGE: Generating 3D neuron positions for 8960 neurons...
[2026-07-10 05:33:14][INFO] SIM_BRIDGE: Generating connections (3D)...
[2026-07-10 05:33:14][INFO] SIM_BRIDGE: Simulation data initialized for 8960 neurons (3D). Synapses: 0. GPU memory: 22.7GB/51.2GB (44.4%)
[2026-07-10 05:33:15][INFO] SIM_BRIDGE: NumPy backend (CPU (NumPy backend), 47.7 GB RAM available)
[2026-07-10 05:33:15][INFO] SIM_BRIDGE: Initializing simulation data for model: IZHIKEVICH (3D)... (playback_init: False)
[2026-07-10 05:33:15][INFO] SIM_BRIDGE: RNG initialized with seed: 102
[2026-07-10 05:33:15][INFO] SIM_BRIDGE: Initializing Izhikevich model specifics for 8960 neurons...
[2026-07-10 05:33:15][INFO] SIM_BRIDGE: Applying parameter heterogeneity to neuron parameters...
[2026-07-10 05:33:15][INFO] SIM_BRIDGE: Applied heterogeneity to 4 parameters.
[2026-07-10 05:33:15][INFO] SIM_BRIDGE: Initializing OU process state (tau=15.0ms, sigma=0.0pA)...
[2026-07-10 05:33:15][INFO] SIM_BRIDGE: Generating 3D neuron positions for 8960 neurons...
[2026-07-10 05:33:15][INFO] SIM_BRIDGE: Generating connections (3D)...
[2026-07-10 05:33:15][INFO] SIM_BRIDGE: Simulation data initialized for 8960 neurons (3D). Synapses: 0. GPU memory: 22.7GB/51.2GB (44.4%)
[2026-07-10 05:33:17][INFO] SIM_BRIDGE: NumPy backend (CPU (NumPy backend), 47.7 GB RAM available)
[2026-07-10 05:33:17][INFO] SIM_BRIDGE: Initializing simulation data for model: IZHIKEVICH (3D)... (playback_init: False)
[2026-07-10 05:33:17][INFO] SIM_BRIDGE: RNG initialized with seed: 102
[2026-07-10 05:33:17][INFO] SIM_BRIDGE: Initializing Izhikevich model specifics for 9216 neurons...
[2026-07-10 05:33:17][INFO] SIM_BRIDGE: Applying parameter heterogeneity to neuron parameters...
[2026-07-10 05:33:17][INFO] SIM_BRIDGE: Applied heterogeneity to 4 parameters.
[2026-07-10 05:33:17][INFO] SIM_BRIDGE: Initializing OU process state (tau=15.0ms, sigma=0.0pA)...
[2026-07-10 05:33:17][INFO] SIM_BRIDGE: Generating 3D neuron positions for 9216 neurons...
[2026-07-10 05:33:17][INFO] SIM_BRIDGE: Generating connections (3D)...
[2026-07-10 05:33:17][INFO] SIM_BRIDGE: Simulation data initialized for 9216 neurons (3D). Synapses: 0. GPU memory: 22.8GB/51.2GB (44.5%)
[2026-07-10 05:33:17][INFO] SIM_BRIDGE: NumPy backend (CPU (NumPy backend), 47.7 GB RAM available)
[2026-07-10 05:33:17][INFO] SIM_BRIDGE: Initializing simulation data for model: IZHIKEVICH (3D)... (playback_init: False)
[2026-07-10 05:33:17][INFO] SIM_BRIDGE: RNG initialized with seed: 102
[2026-07-10 05:33:17][INFO] SIM_BRIDGE: Initializing Izhikevich model specifics for 9216 neurons...
[2026-07-10 05:33:17][INFO] SIM_BRIDGE: Applying parameter heterogeneity to neuron parameters...
[2026-07-10 05:33:17][INFO] SIM_BRIDGE: Applied heterogeneity to 4 parameters.
[2026-07-10 05:33:17][INFO] SIM_BRIDGE: Initializing OU process state (tau=15.0ms, sigma=0.0pA)...
[2026-07-10 05:33:17][INFO] SIM_BRIDGE: Generating 3D neuron positions for 9216 neurons...
[2026-07-10 05:33:17][INFO] SIM_BRIDGE: Generating connections (3D)...
[2026-07-10 05:33:17][INFO] SIM_BRIDGE: Simulation data initialized for 9216 neurons (3D). Synapses: 0. GPU memory: 22.8GB/51.2GB (44.5%)
[2026-07-10 05:33:22][INFO] SIM_BRIDGE: NumPy backend (CPU (NumPy backend), 47.7 GB RAM available)
[2026-07-10 05:33:22][INFO] SIM_BRIDGE: Initializing simulation data for model: IZHIKEVICH (3D)... (playback_init: False)
[2026-07-10 05:33:22][INFO] SIM_BRIDGE: RNG initialized with seed: 102
[2026-07-10 05:33:22][INFO] SIM_BRIDGE: Initializing Izhikevich model specifics for 9472 neurons...
[2026-07-10 05:33:22][INFO] SIM_BRIDGE: Applying parameter heterogeneity to neuron parameters...
[2026-07-10 05:33:22][INFO] SIM_BRIDGE: Applied heterogeneity to 4 parameters.
[2026-07-10 05:33:22][INFO] SIM_BRIDGE: Initializing OU process state (tau=15.0ms, sigma=0.0pA)...
[2026-07-10 05:33:22][INFO] SIM_BRIDGE: Generating 3D neuron positions for 9472 neurons...
[2026-07-10 05:33:22][INFO] SIM_BRIDGE: Generating connections (3D)...
[2026-07-10 05:33:22][INFO] SIM_BRIDGE: Simulation data initialized for 9472 neurons (3D). Synapses: 0. GPU memory: 22.9GB/51.2GB (44.7%)
[2026-07-10 05:33:23][INFO] SIM_BRIDGE: NumPy backend (CPU (NumPy backend), 47.7 GB RAM available)
[2026-07-10 05:33:23][INFO] SIM_BRIDGE: Initializing simulation data for model: IZHIKEVICH (3D)... (playback_init: False)
[2026-07-10 05:33:23][INFO] SIM_BRIDGE: RNG initialized with seed: 102
[2026-07-10 05:33:23][INFO] SIM_BRIDGE: Initializing Izhikevich model specifics for 9472 neurons...
[2026-07-10 05:33:23][INFO] SIM_BRIDGE: Applying parameter heterogeneity to neuron parameters...
[2026-07-10 05:33:23][INFO] SIM_BRIDGE: Applied heterogeneity to 4 parameters.
[2026-07-10 05:33:23][INFO] SIM_BRIDGE: Initializing OU process state (tau=15.0ms, sigma=0.0pA)...
[2026-07-10 05:33:23][INFO] SIM_BRIDGE: Generating 3D neuron positions for 9472 neurons...
[2026-07-10 05:33:23][INFO] SIM_BRIDGE: Generating connections (3D)...
[2026-07-10 05:33:23][INFO] SIM_BRIDGE: Simulation data initialized for 9472 neurons (3D). Synapses: 0. GPU memory: 22.9GB/51.2GB (44.8%)
[2026-07-10 05:33:28][INFO] SIM_BRIDGE: NumPy backend (CPU (NumPy backend), 47.7 GB RAM available)
[2026-07-10 05:33:28][INFO] SIM_BRIDGE: Initializing simulation data for model: IZHIKEVICH (3D)... (playback_init: False)
[2026-07-10 05:33:28][INFO] SIM_BRIDGE: RNG initialized with seed: 102
[2026-07-10 05:33:28][INFO] SIM_BRIDGE: Initializing Izhikevich model specifics for 9728 neurons...
[2026-07-10 05:33:28][INFO] SIM_BRIDGE: Applying parameter heterogeneity to neuron parameters...
[2026-07-10 05:33:28][INFO] SIM_BRIDGE: Applied heterogeneity to 4 parameters.
[2026-07-10 05:33:28][INFO] SIM_BRIDGE: Initializing OU process state (tau=15.0ms, sigma=0.0pA)...
[2026-07-10 05:33:28][INFO] SIM_BRIDGE: Generating 3D neuron positions for 9728 neurons...
[2026-07-10 05:33:28][INFO] SIM_BRIDGE: Generating connections (3D)...
[2026-07-10 05:33:28][INFO] SIM_BRIDGE: Simulation data initialized for 9728 neurons (3D). Synapses: 0. GPU memory: 23.0GB/51.2GB (44.9%)
[2026-07-10 05:33:28][INFO] SIM_BRIDGE: NumPy backend (CPU (NumPy backend), 47.7 GB RAM available)
[2026-07-10 05:33:28][INFO] SIM_BRIDGE: Initializing simulation data for model: IZHIKEVICH (3D)... (playback_init: False)
[2026-07-10 05:33:28][INFO] SIM_BRIDGE: RNG initialized with seed: 102
[2026-07-10 05:33:28][INFO] SIM_BRIDGE: Initializing Izhikevich model specifics for 9728 neurons...
[2026-07-10 05:33:28][INFO] SIM_BRIDGE: Applying parameter heterogeneity to neuron parameters...
[2026-07-10 05:33:28][INFO] SIM_BRIDGE: Applied heterogeneity to 4 parameters.
[2026-07-10 05:33:28][INFO] SIM_BRIDGE: Initializing OU process state (tau=15.0ms, sigma=0.0pA)...
[2026-07-10 05:33:28][INFO] SIM_BRIDGE: Generating 3D neuron positions for 9728 neurons...
[2026-07-10 05:33:28][INFO] SIM_BRIDGE: Generating connections (3D)...
[2026-07-10 05:33:28][INFO] SIM_BRIDGE: Simulation data initialized for 9728 neurons (3D). Synapses: 0. GPU memory: 23.0GB/51.2GB (44.9%)
[2026-07-10 05:33:30][INFO] SIM_BRIDGE: NumPy backend (CPU (NumPy backend), 47.7 GB RAM available)
[2026-07-10 05:33:30][INFO] SIM_BRIDGE: Initializing simulation data for model: IZHIKEVICH (3D)... (playback_init: False)
[2026-07-10 05:33:30][INFO] SIM_BRIDGE: RNG initialized with seed: 102
[2026-07-10 05:33:30][INFO] SIM_BRIDGE: Initializing Izhikevich model specifics for 9984 neurons...
[2026-07-10 05:33:30][INFO] SIM_BRIDGE: Applying parameter heterogeneity to neuron parameters...
[2026-07-10 05:33:30][INFO] SIM_BRIDGE: Applied heterogeneity to 4 parameters.
[2026-07-10 05:33:30][INFO] SIM_BRIDGE: Initializing OU process state (tau=15.0ms, sigma=0.0pA)...
[2026-07-10 05:33:30][INFO] SIM_BRIDGE: Generating 3D neuron positions for 9984 neurons...
[2026-07-10 05:33:30][INFO] SIM_BRIDGE: Generating connections (3D)...
[2026-07-10 05:33:30][INFO] SIM_BRIDGE: Simulation data initialized for 9984 neurons (3D). Synapses: 0. GPU memory: 23.1GB/51.2GB (45.1%)
[2026-07-10 05:33:31][INFO] SIM_BRIDGE: NumPy backend (CPU (NumPy backend), 47.7 GB RAM available)
[2026-07-10 05:33:31][INFO] SIM_BRIDGE: Initializing simulation data for model: IZHIKEVICH (3D)... (playback_init: False)
[2026-07-10 05:33:31][INFO] SIM_BRIDGE: RNG initialized with seed: 102
[2026-07-10 05:33:31][INFO] SIM_BRIDGE: Initializing Izhikevich model specifics for 9984 neurons...
[2026-07-10 05:33:31][INFO] SIM_BRIDGE: Applying parameter heterogeneity to neuron parameters...
[2026-07-10 05:33:31][INFO] SIM_BRIDGE: Applied heterogeneity to 4 parameters.
[2026-07-10 05:33:31][INFO] SIM_BRIDGE: Initializing OU process state (tau=15.0ms, sigma=0.0pA)...
[2026-07-10 05:33:31][INFO] SIM_BRIDGE: Generating 3D neuron positions for 9984 neurons...
[2026-07-10 05:33:31][INFO] SIM_BRIDGE: Generating connections (3D)...
[2026-07-10 05:33:31][INFO] SIM_BRIDGE: Simulation data initialized for 9984 neurons (3D). Synapses: 0. GPU memory: 23.1GB/51.2GB (45.1%)
[2026-07-10 05:33:39][INFO] SIM_BRIDGE: NumPy backend (CPU (NumPy backend), 47.7 GB RAM available)
[2026-07-10 05:33:39][INFO] SIM_BRIDGE: Initializing simulation data for model: IZHIKEVICH (3D)... (playback_init: False)
[2026-07-10 05:33:39][INFO] SIM_BRIDGE: RNG initialized with seed: 102
[2026-07-10 05:33:39][INFO] SIM_BRIDGE: Initializing Izhikevich model specifics for 10496 neurons...
[2026-07-10 05:33:39][INFO] SIM_BRIDGE: Applying parameter heterogeneity to neuron parameters...
[2026-07-10 05:33:39][INFO] SIM_BRIDGE: Applied heterogeneity to 4 parameters.
[2026-07-10 05:33:39][INFO] SIM_BRIDGE: Initializing OU process state (tau=15.0ms, sigma=0.0pA)...
[2026-07-10 05:33:39][INFO] SIM_BRIDGE: Generating 3D neuron positions for 10496 neurons...
[2026-07-10 05:33:39][INFO] SIM_BRIDGE: Generating connections (3D)...
[2026-07-10 05:33:39][INFO] SIM_BRIDGE: Simulation data initialized for 10496 neurons (3D). Synapses: 0. GPU memory: 23.2GB/51.2GB (45.4%)
[2026-07-10 05:33:39][INFO] SIM_BRIDGE: NumPy backend (CPU (NumPy backend), 47.7 GB RAM available)
[2026-07-10 05:33:39][INFO] SIM_BRIDGE: Initializing simulation data for model: IZHIKEVICH (3D)... (playback_init: False)
[2026-07-10 05:33:39][INFO] SIM_BRIDGE: RNG initialized with seed: 102
[2026-07-10 05:33:39][INFO] SIM_BRIDGE: Initializing Izhikevich model specifics for 10496 neurons...
[2026-07-10 05:33:39][INFO] SIM_BRIDGE: Applying parameter heterogeneity to neuron parameters...
[2026-07-10 05:33:39][INFO] SIM_BRIDGE: Applied heterogeneity to 4 parameters.
[2026-07-10 05:33:39][INFO] SIM_BRIDGE: Initializing OU process state (tau=15.0ms, sigma=0.0pA)...
[2026-07-10 05:33:39][INFO] SIM_BRIDGE: Generating 3D neuron positions for 10496 neurons...
[2026-07-10 05:33:39][INFO] SIM_BRIDGE: Generating connections (3D)...
[2026-07-10 05:33:39][INFO] SIM_BRIDGE: Simulation data initialized for 10496 neurons (3D). Synapses: 0. GPU memory: 23.3GB/51.2GB (45.4%)
[2026-07-10 05:33:41][INFO] SIM_BRIDGE: NumPy backend (CPU (NumPy backend), 47.7 GB RAM available)
[2026-07-10 05:33:41][INFO] SIM_BRIDGE: Initializing simulation data for model: IZHIKEVICH (3D)... (playback_init: False)
[2026-07-10 05:33:41][INFO] SIM_BRIDGE: RNG initialized with seed: 102
[2026-07-10 05:33:41][INFO] SIM_BRIDGE: Initializing Izhikevich model specifics for 10752 neurons...
[2026-07-10 05:33:41][INFO] SIM_BRIDGE: Applying parameter heterogeneity to neuron parameters...
[2026-07-10 05:33:41][INFO] SIM_BRIDGE: Applied heterogeneity to 4 parameters.
[2026-07-10 05:33:41][INFO] SIM_BRIDGE: Initializing OU process state (tau=15.0ms, sigma=0.0pA)...
[2026-07-10 05:33:41][INFO] SIM_BRIDGE: Generating 3D neuron positions for 10752 neurons...
[2026-07-10 05:33:41][INFO] SIM_BRIDGE: Generating connections (3D)...
[2026-07-10 05:33:41][INFO] SIM_BRIDGE: Simulation data initialized for 10752 neurons (3D). Synapses: 0. GPU memory: 23.3GB/51.2GB (45.5%)
[2026-07-10 05:33:42][INFO] SIM_BRIDGE: NumPy backend (CPU (NumPy backend), 47.7 GB RAM available)
[2026-07-10 05:33:42][INFO] SIM_BRIDGE: Initializing simulation data for model: IZHIKEVICH (3D)... (playback_init: False)
[2026-07-10 05:33:42][INFO] SIM_BRIDGE: RNG initialized with seed: 102
[2026-07-10 05:33:42][INFO] SIM_BRIDGE: Initializing Izhikevich model specifics for 10752 neurons...
[2026-07-10 05:33:42][INFO] SIM_BRIDGE: Applying parameter heterogeneity to neuron parameters...
[2026-07-10 05:33:42][INFO] SIM_BRIDGE: Applied heterogeneity to 4 parameters.
[2026-07-10 05:33:42][INFO] SIM_BRIDGE: Initializing OU process state (tau=15.0ms, sigma=0.0pA)...
[2026-07-10 05:33:42][INFO] SIM_BRIDGE: Generating 3D neuron positions for 10752 neurons...
[2026-07-10 05:33:42][INFO] SIM_BRIDGE: Generating connections (3D)...
[2026-07-10 05:33:42][INFO] SIM_BRIDGE: Simulation data initialized for 10752 neurons (3D). Synapses: 0. GPU memory: 23.3GB/51.2GB (45.5%)
[2026-07-10 05:33:44][INFO] SIM_BRIDGE: NumPy backend (CPU (NumPy backend), 47.7 GB RAM available)
[2026-07-10 05:33:44][INFO] SIM_BRIDGE: Initializing simulation data for model: IZHIKEVICH (3D)... (playback_init: False)
[2026-07-10 05:33:44][INFO] SIM_BRIDGE: RNG initialized with seed: 102
[2026-07-10 05:33:44][INFO] SIM_BRIDGE: Initializing Izhikevich model specifics for 11008 neurons...
[2026-07-10 05:33:44][INFO] SIM_BRIDGE: Applying parameter heterogeneity to neuron parameters...
[2026-07-10 05:33:44][INFO] SIM_BRIDGE: Applied heterogeneity to 4 parameters.
[2026-07-10 05:33:44][INFO] SIM_BRIDGE: Initializing OU process state (tau=15.0ms, sigma=0.0pA)...
[2026-07-10 05:33:44][INFO] SIM_BRIDGE: Generating 3D neuron positions for 11008 neurons...
[2026-07-10 05:33:44][INFO] SIM_BRIDGE: Generating connections (3D)...
[2026-07-10 05:33:44][INFO] SIM_BRIDGE: Simulation data initialized for 11008 neurons (3D). Synapses: 0. GPU memory: 23.4GB/51.2GB (45.6%)
[2026-07-10 05:33:44][INFO] SIM_BRIDGE: NumPy backend (CPU (NumPy backend), 47.7 GB RAM available)
[2026-07-10 05:33:44][INFO] SIM_BRIDGE: Initializing simulation data for model: IZHIKEVICH (3D)... (playback_init: False)
[2026-07-10 05:33:44][INFO] SIM_BRIDGE: RNG initialized with seed: 102
[2026-07-10 05:33:44][INFO] SIM_BRIDGE: Initializing Izhikevich model specifics for 11008 neurons...
[2026-07-10 05:33:44][INFO] SIM_BRIDGE: Applying parameter heterogeneity to neuron parameters...
[2026-07-10 05:33:44][INFO] SIM_BRIDGE: Applied heterogeneity to 4 parameters.
[2026-07-10 05:33:44][INFO] SIM_BRIDGE: Initializing OU process state (tau=15.0ms, sigma=0.0pA)...
[2026-07-10 05:33:44][INFO] SIM_BRIDGE: Generating 3D neuron positions for 11008 neurons...
[2026-07-10 05:33:44][INFO] SIM_BRIDGE: Generating connections (3D)...
[2026-07-10 05:33:44][INFO] SIM_BRIDGE: Simulation data initialized for 11008 neurons (3D). Synapses: 0. GPU memory: 23.4GB/51.2GB (45.6%)
[2026-07-10 05:33:47][INFO] SIM_BRIDGE: NumPy backend (CPU (NumPy backend), 47.7 GB RAM available)
[2026-07-10 05:33:47][INFO] SIM_BRIDGE: Initializing simulation data for model: IZHIKEVICH (3D)... (playback_init: False)
[2026-07-10 05:33:47][INFO] SIM_BRIDGE: RNG initialized with seed: 102
[2026-07-10 05:33:47][INFO] SIM_BRIDGE: Initializing Izhikevich model specifics for 11264 neurons...
[2026-07-10 05:33:47][INFO] SIM_BRIDGE: Applying parameter heterogeneity to neuron parameters...
[2026-07-10 05:33:47][INFO] SIM_BRIDGE: Applied heterogeneity to 4 parameters.
[2026-07-10 05:33:47][INFO] SIM_BRIDGE: Initializing OU process state (tau=15.0ms, sigma=0.0pA)...
[2026-07-10 05:33:47][INFO] SIM_BRIDGE: Generating 3D neuron positions for 11264 neurons...
[2026-07-10 05:33:47][INFO] SIM_BRIDGE: Generating connections (3D)...
[2026-07-10 05:33:47][INFO] SIM_BRIDGE: Simulation data initialized for 11264 neurons (3D). Synapses: 0. GPU memory: 23.5GB/51.2GB (45.8%)
[2026-07-10 05:33:47][INFO] SIM_BRIDGE: NumPy backend (CPU (NumPy backend), 47.7 GB RAM available)
[2026-07-10 05:33:47][INFO] SIM_BRIDGE: Initializing simulation data for model: IZHIKEVICH (3D)... (playback_init: False)
[2026-07-10 05:33:47][INFO] SIM_BRIDGE: RNG initialized with seed: 102
[2026-07-10 05:33:47][INFO] SIM_BRIDGE: Initializing Izhikevich model specifics for 11264 neurons...
[2026-07-10 05:33:47][INFO] SIM_BRIDGE: Applying parameter heterogeneity to neuron parameters...
[2026-07-10 05:33:47][INFO] SIM_BRIDGE: Applied heterogeneity to 4 parameters.
[2026-07-10 05:33:47][INFO] SIM_BRIDGE: Initializing OU process state (tau=15.0ms, sigma=0.0pA)...
[2026-07-10 05:33:47][INFO] SIM_BRIDGE: Generating 3D neuron positions for 11264 neurons...
[2026-07-10 05:33:47][INFO] SIM_BRIDGE: Generating connections (3D)...
[2026-07-10 05:33:47][INFO] SIM_BRIDGE: Simulation data initialized for 11264 neurons (3D). Synapses: 0. GPU memory: 23.5GB/51.2GB (45.8%)
[2026-07-10 05:33:50][INFO] SIM_BRIDGE: NumPy backend (CPU (NumPy backend), 47.7 GB RAM available)
[2026-07-10 05:33:50][INFO] SIM_BRIDGE: Initializing simulation data for model: IZHIKEVICH (3D)... (playback_init: False)
[2026-07-10 05:33:50][INFO] SIM_BRIDGE: RNG initialized with seed: 102
[2026-07-10 05:33:50][INFO] SIM_BRIDGE: Initializing Izhikevich model specifics for 11520 neurons...
[2026-07-10 05:33:50][INFO] SIM_BRIDGE: Applying parameter heterogeneity to neuron parameters...
[2026-07-10 05:33:50][INFO] SIM_BRIDGE: Applied heterogeneity to 4 parameters.
[2026-07-10 05:33:50][INFO] SIM_BRIDGE: Initializing OU process state (tau=15.0ms, sigma=0.0pA)...
[2026-07-10 05:33:50][INFO] SIM_BRIDGE: Generating 3D neuron positions for 11520 neurons...
[2026-07-10 05:33:50][INFO] SIM_BRIDGE: Generating connections (3D)...
[2026-07-10 05:33:50][INFO] SIM_BRIDGE: Simulation data initialized for 11520 neurons (3D). Synapses: 0. GPU memory: 23.5GB/51.2GB (45.8%)
[2026-07-10 05:33:50][INFO] SIM_BRIDGE: NumPy backend (CPU (NumPy backend), 47.7 GB RAM available)
[2026-07-10 05:33:50][INFO] SIM_BRIDGE: Initializing simulation data for model: IZHIKEVICH (3D)... (playback_init: False)
[2026-07-10 05:33:50][INFO] SIM_BRIDGE: RNG initialized with seed: 102
[2026-07-10 05:33:50][INFO] SIM_BRIDGE: Initializing Izhikevich model specifics for 11520 neurons...
[2026-07-10 05:33:50][INFO] SIM_BRIDGE: Applying parameter heterogeneity to neuron parameters...
[2026-07-10 05:33:50][INFO] SIM_BRIDGE: Applied heterogeneity to 4 parameters.
[2026-07-10 05:33:50][INFO] SIM_BRIDGE: Initializing OU process state (tau=15.0ms, sigma=0.0pA)...
[2026-07-10 05:33:50][INFO] SIM_BRIDGE: Generating 3D neuron positions for 11520 neurons...
[2026-07-10 05:33:50][INFO] SIM_BRIDGE: Generating connections (3D)...
[2026-07-10 05:33:50][INFO] SIM_BRIDGE: Simulation data initialized for 11520 neurons (3D). Synapses: 0. GPU memory: 23.5GB/51.2GB (45.8%)
[2026-07-10 05:33:56][INFO] SIM_BRIDGE: NumPy backend (CPU (NumPy backend), 47.7 GB RAM available)
[2026-07-10 05:33:56][INFO] SIM_BRIDGE: Initializing simulation data for model: IZHIKEVICH (3D)... (playback_init: False)
[2026-07-10 05:33:56][INFO] SIM_BRIDGE: RNG initialized with seed: 102
[2026-07-10 05:33:56][INFO] SIM_BRIDGE: Initializing Izhikevich model specifics for 12032 neurons...
[2026-07-10 05:33:56][INFO] SIM_BRIDGE: Applying parameter heterogeneity to neuron parameters...
[2026-07-10 05:33:56][INFO] SIM_BRIDGE: Applied heterogeneity to 4 parameters.
[2026-07-10 05:33:56][INFO] SIM_BRIDGE: Initializing OU process state (tau=15.0ms, sigma=0.0pA)...
[2026-07-10 05:33:56][INFO] SIM_BRIDGE: Generating 3D neuron positions for 12032 neurons...
[2026-07-10 05:33:56][INFO] SIM_BRIDGE: Generating connections (3D)...
[2026-07-10 05:33:56][INFO] SIM_BRIDGE: Simulation data initialized for 12032 neurons (3D). Synapses: 0. GPU memory: 23.5GB/51.2GB (45.9%)
[2026-07-10 05:33:56][INFO] SIM_BRIDGE: NumPy backend (CPU (NumPy backend), 47.7 GB RAM available)
[2026-07-10 05:33:56][INFO] SIM_BRIDGE: Initializing simulation data for model: IZHIKEVICH (3D)... (playback_init: False)
[2026-07-10 05:33:56][INFO] SIM_BRIDGE: RNG initialized with seed: 102
[2026-07-10 05:33:56][INFO] SIM_BRIDGE: Initializing Izhikevich model specifics for 12032 neurons...
[2026-07-10 05:33:56][INFO] SIM_BRIDGE: Applying parameter heterogeneity to neuron parameters...
[2026-07-10 05:33:56][INFO] SIM_BRIDGE: Applied heterogeneity to 4 parameters.
[2026-07-10 05:33:56][INFO] SIM_BRIDGE: Initializing OU process state (tau=15.0ms, sigma=0.0pA)...
[2026-07-10 05:33:56][INFO] SIM_BRIDGE: Generating 3D neuron positions for 12032 neurons...
[2026-07-10 05:33:56][INFO] SIM_BRIDGE: Generating connections (3D)...
[2026-07-10 05:33:56][INFO] SIM_BRIDGE: Simulation data initialized for 12032 neurons (3D). Synapses: 0. GPU memory: 23.5GB/51.2GB (45.9%)
[2026-07-10 05:34:01][INFO] SIM_BRIDGE: NumPy backend (CPU (NumPy backend), 47.7 GB RAM available)
[2026-07-10 05:34:01][INFO] SIM_BRIDGE: Initializing simulation data for model: IZHIKEVICH (3D)... (playback_init: False)
[2026-07-10 05:34:01][INFO] SIM_BRIDGE: RNG initialized with seed: 102
[2026-07-10 05:34:01][INFO] SIM_BRIDGE: Initializing Izhikevich model specifics for 12288 neurons...
[2026-07-10 05:34:01][INFO] SIM_BRIDGE: Applying parameter heterogeneity to neuron parameters...
[2026-07-10 05:34:01][INFO] SIM_BRIDGE: Applied heterogeneity to 4 parameters.
[2026-07-10 05:34:01][INFO] SIM_BRIDGE: Initializing OU process state (tau=15.0ms, sigma=0.0pA)...
[2026-07-10 05:34:01][INFO] SIM_BRIDGE: Generating 3D neuron positions for 12288 neurons...
[2026-07-10 05:34:01][INFO] SIM_BRIDGE: Generating connections (3D)...
[2026-07-10 05:34:01][INFO] SIM_BRIDGE: Simulation data initialized for 12288 neurons (3D). Synapses: 0. GPU memory: 23.6GB/51.2GB (46.1%)
[2026-07-10 05:34:02][INFO] SIM_BRIDGE: NumPy backend (CPU (NumPy backend), 47.7 GB RAM available)
[2026-07-10 05:34:02][INFO] SIM_BRIDGE: Initializing simulation data for model: IZHIKEVICH (3D)... (playback_init: False)
[2026-07-10 05:34:02][INFO] SIM_BRIDGE: RNG initialized with seed: 102
[2026-07-10 05:34:02][INFO] SIM_BRIDGE: Initializing Izhikevich model specifics for 12288 neurons...
[2026-07-10 05:34:02][INFO] SIM_BRIDGE: Applying parameter heterogeneity to neuron parameters...
[2026-07-10 05:34:02][INFO] SIM_BRIDGE: Applied heterogeneity to 4 parameters.
[2026-07-10 05:34:02][INFO] SIM_BRIDGE: Initializing OU process state (tau=15.0ms, sigma=0.0pA)...
[2026-07-10 05:34:02][INFO] SIM_BRIDGE: Generating 3D neuron positions for 12288 neurons...
[2026-07-10 05:34:02][INFO] SIM_BRIDGE: Generating connections (3D)...
[2026-07-10 05:34:02][INFO] SIM_BRIDGE: Simulation data initialized for 12288 neurons (3D). Synapses: 0. GPU memory: 23.6GB/51.2GB (46.1%)
[2026-07-10 05:34:04][INFO] SIM_BRIDGE: NumPy backend (CPU (NumPy backend), 47.7 GB RAM available)
[2026-07-10 05:34:04][INFO] SIM_BRIDGE: Initializing simulation data for model: IZHIKEVICH (3D)... (playback_init: False)
[2026-07-10 05:34:04][INFO] SIM_BRIDGE: RNG initialized with seed: 102
[2026-07-10 05:34:04][INFO] SIM_BRIDGE: Initializing Izhikevich model specifics for 12544 neurons...
[2026-07-10 05:34:04][INFO] SIM_BRIDGE: Applying parameter heterogeneity to neuron parameters...
[2026-07-10 05:34:04][INFO] SIM_BRIDGE: Applied heterogeneity to 4 parameters.
[2026-07-10 05:34:04][INFO] SIM_BRIDGE: Initializing OU process state (tau=15.0ms, sigma=0.0pA)...
[2026-07-10 05:34:04][INFO] SIM_BRIDGE: Generating 3D neuron positions for 12544 neurons...
[2026-07-10 05:34:04][INFO] SIM_BRIDGE: Generating connections (3D)...
[2026-07-10 05:34:04][INFO] SIM_BRIDGE: Simulation data initialized for 12544 neurons (3D). Synapses: 0. GPU memory: 23.6GB/51.2GB (46.1%)
[2026-07-10 05:34:05][INFO] SIM_BRIDGE: NumPy backend (CPU (NumPy backend), 47.7 GB RAM available)
[2026-07-10 05:34:05][INFO] SIM_BRIDGE: Initializing simulation data for model: IZHIKEVICH (3D)... (playback_init: False)
[2026-07-10 05:34:05][INFO] SIM_BRIDGE: RNG initialized with seed: 102
[2026-07-10 05:34:05][INFO] SIM_BRIDGE: Initializing Izhikevich model specifics for 12544 neurons...
[2026-07-10 05:34:05][INFO] SIM_BRIDGE: Applying parameter heterogeneity to neuron parameters...
[2026-07-10 05:34:05][INFO] SIM_BRIDGE: Applied heterogeneity to 4 parameters.
[2026-07-10 05:34:05][INFO] SIM_BRIDGE: Initializing OU process state (tau=15.0ms, sigma=0.0pA)...
[2026-07-10 05:34:05][INFO] SIM_BRIDGE: Generating 3D neuron positions for 12544 neurons...
[2026-07-10 05:34:05][INFO] SIM_BRIDGE: Generating connections (3D)...
[2026-07-10 05:34:05][INFO] SIM_BRIDGE: Simulation data initialized for 12544 neurons (3D). Synapses: 0. GPU memory: 23.7GB/51.2GB (46.2%)
[2026-07-10 05:34:08][INFO] SIM_BRIDGE: NumPy backend (CPU (NumPy backend), 47.7 GB RAM available)
[2026-07-10 05:34:08][INFO] SIM_BRIDGE: Initializing simulation data for model: IZHIKEVICH (3D)... (playback_init: False)
[2026-07-10 05:34:08][INFO] SIM_BRIDGE: RNG initialized with seed: 102
[2026-07-10 05:34:08][INFO] SIM_BRIDGE: Initializing Izhikevich model specifics for 12800 neurons...
[2026-07-10 05:34:08][INFO] SIM_BRIDGE: Applying parameter heterogeneity to neuron parameters...
[2026-07-10 05:34:08][INFO] SIM_BRIDGE: Applied heterogeneity to 4 parameters.
[2026-07-10 05:34:08][INFO] SIM_BRIDGE: Initializing OU process state (tau=15.0ms, sigma=0.0pA)...
[2026-07-10 05:34:08][INFO] SIM_BRIDGE: Generating 3D neuron positions for 12800 neurons...
[2026-07-10 05:34:08][INFO] SIM_BRIDGE: Generating connections (3D)...
[2026-07-10 05:34:08][INFO] SIM_BRIDGE: Simulation data initialized for 12800 neurons (3D). Synapses: 0. GPU memory: 23.7GB/51.2GB (46.2%)
[2026-07-10 05:34:08][INFO] SIM_BRIDGE: NumPy backend (CPU (NumPy backend), 47.7 GB RAM available)
[2026-07-10 05:34:08][INFO] SIM_BRIDGE: Initializing simulation data for model: IZHIKEVICH (3D)... (playback_init: False)
[2026-07-10 05:34:08][INFO] SIM_BRIDGE: RNG initialized with seed: 102
[2026-07-10 05:34:08][INFO] SIM_BRIDGE: Initializing Izhikevich model specifics for 12800 neurons...
[2026-07-10 05:34:08][INFO] SIM_BRIDGE: Applying parameter heterogeneity to neuron parameters...
[2026-07-10 05:34:08][INFO] SIM_BRIDGE: Applied heterogeneity to 4 parameters.
[2026-07-10 05:34:08][INFO] SIM_BRIDGE: Initializing OU process state (tau=15.0ms, sigma=0.0pA)...
[2026-07-10 05:34:08][INFO] SIM_BRIDGE: Generating 3D neuron positions for 12800 neurons...
[2026-07-10 05:34:08][INFO] SIM_BRIDGE: Generating connections (3D)...
[2026-07-10 05:34:08][INFO] SIM_BRIDGE: Simulation data initialized for 12800 neurons (3D). Synapses: 0. GPU memory: 23.7GB/51.2GB (46.2%)
[2026-07-10 05:34:10][INFO] SIM_BRIDGE: NumPy backend (CPU (NumPy backend), 47.7 GB RAM available)
[2026-07-10 05:34:10][INFO] SIM_BRIDGE: Initializing simulation data for model: IZHIKEVICH (3D)... (playback_init: False)
[2026-07-10 05:34:10][INFO] SIM_BRIDGE: RNG initialized with seed: 102
[2026-07-10 05:34:10][INFO] SIM_BRIDGE: Initializing Izhikevich model specifics for 13056 neurons...
[2026-07-10 05:34:10][INFO] SIM_BRIDGE: Applying parameter heterogeneity to neuron parameters...
[2026-07-10 05:34:10][INFO] SIM_BRIDGE: Applied heterogeneity to 4 parameters.
[2026-07-10 05:34:10][INFO] SIM_BRIDGE: Initializing OU process state (tau=15.0ms, sigma=0.0pA)...
[2026-07-10 05:34:10][INFO] SIM_BRIDGE: Generating 3D neuron positions for 13056 neurons...
[2026-07-10 05:34:10][INFO] SIM_BRIDGE: Generating connections (3D)...
[2026-07-10 05:34:10][INFO] SIM_BRIDGE: Simulation data initialized for 13056 neurons (3D). Synapses: 0. GPU memory: 23.7GB/51.2GB (46.3%)
[2026-07-10 05:34:11][INFO] SIM_BRIDGE: NumPy backend (CPU (NumPy backend), 47.7 GB RAM available)
[2026-07-10 05:34:11][INFO] SIM_BRIDGE: Initializing simulation data for model: IZHIKEVICH (3D)... (playback_init: False)
[2026-07-10 05:34:11][INFO] SIM_BRIDGE: RNG initialized with seed: 102
[2026-07-10 05:34:11][INFO] SIM_BRIDGE: Initializing Izhikevich model specifics for 13056 neurons...
[2026-07-10 05:34:11][INFO] SIM_BRIDGE: Applying parameter heterogeneity to neuron parameters...
[2026-07-10 05:34:11][INFO] SIM_BRIDGE: Applied heterogeneity to 4 parameters.
[2026-07-10 05:34:11][INFO] SIM_BRIDGE: Initializing OU process state (tau=15.0ms, sigma=0.0pA)...
[2026-07-10 05:34:11][INFO] SIM_BRIDGE: Generating 3D neuron positions for 13056 neurons...
[2026-07-10 05:34:11][INFO] SIM_BRIDGE: Generating connections (3D)...
[2026-07-10 05:34:11][INFO] SIM_BRIDGE: Simulation data initialized for 13056 neurons (3D). Synapses: 0. GPU memory: 23.7GB/51.2GB (46.3%)
[2026-07-10 05:34:14][INFO] SIM_BRIDGE: NumPy backend (CPU (NumPy backend), 47.7 GB RAM available)
[2026-07-10 05:34:14][INFO] SIM_BRIDGE: Initializing simulation data for model: IZHIKEVICH (3D)... (playback_init: False)
[2026-07-10 05:34:14][INFO] SIM_BRIDGE: RNG initialized with seed: 102
[2026-07-10 05:34:14][INFO] SIM_BRIDGE: Initializing Izhikevich model specifics for 13312 neurons...
[2026-07-10 05:34:14][INFO] SIM_BRIDGE: Applying parameter heterogeneity to neuron parameters...
[2026-07-10 05:34:14][INFO] SIM_BRIDGE: Applied heterogeneity to 4 parameters.
[2026-07-10 05:34:14][INFO] SIM_BRIDGE: Initializing OU process state (tau=15.0ms, sigma=0.0pA)...
[2026-07-10 05:34:14][INFO] SIM_BRIDGE: Generating 3D neuron positions for 13312 neurons...
[2026-07-10 05:34:14][INFO] SIM_BRIDGE: Generating connections (3D)...
[2026-07-10 05:34:14][INFO] SIM_BRIDGE: Simulation data initialized for 13312 neurons (3D). Synapses: 0. GPU memory: 23.8GB/51.2GB (46.5%)
[2026-07-10 05:34:14][INFO] SIM_BRIDGE: NumPy backend (CPU (NumPy backend), 47.7 GB RAM available)
[2026-07-10 05:34:14][INFO] SIM_BRIDGE: Initializing simulation data for model: IZHIKEVICH (3D)... (playback_init: False)
[2026-07-10 05:34:14][INFO] SIM_BRIDGE: RNG initialized with seed: 102
[2026-07-10 05:34:14][INFO] SIM_BRIDGE: Initializing Izhikevich model specifics for 13312 neurons...
[2026-07-10 05:34:14][INFO] SIM_BRIDGE: Applying parameter heterogeneity to neuron parameters...
[2026-07-10 05:34:14][INFO] SIM_BRIDGE: Applied heterogeneity to 4 parameters.
[2026-07-10 05:34:14][INFO] SIM_BRIDGE: Initializing OU process state (tau=15.0ms, sigma=0.0pA)...
[2026-07-10 05:34:14][INFO] SIM_BRIDGE: Generating 3D neuron positions for 13312 neurons...
[2026-07-10 05:34:14][INFO] SIM_BRIDGE: Generating connections (3D)...
[2026-07-10 05:34:14][INFO] SIM_BRIDGE: Simulation data initialized for 13312 neurons (3D). Synapses: 0. GPU memory: 23.8GB/51.2GB (46.5%)
[2026-07-10 05:34:23][INFO] SIM_BRIDGE: NumPy backend (CPU (NumPy backend), 47.7 GB RAM available)
[2026-07-10 05:34:23][INFO] SIM_BRIDGE: Initializing simulation data for model: IZHIKEVICH (3D)... (playback_init: False)
[2026-07-10 05:34:23][INFO] SIM_BRIDGE: RNG initialized with seed: 102
[2026-07-10 05:34:23][INFO] SIM_BRIDGE: Initializing Izhikevich model specifics for 13568 neurons...
[2026-07-10 05:34:23][INFO] SIM_BRIDGE: Applying parameter heterogeneity to neuron parameters...
[2026-07-10 05:34:23][INFO] SIM_BRIDGE: Applied heterogeneity to 4 parameters.
[2026-07-10 05:34:23][INFO] SIM_BRIDGE: Initializing OU process state (tau=15.0ms, sigma=0.0pA)...
[2026-07-10 05:34:23][INFO] SIM_BRIDGE: Generating 3D neuron positions for 13568 neurons...
[2026-07-10 05:34:23][INFO] SIM_BRIDGE: Generating connections (3D)...
[2026-07-10 05:34:23][INFO] SIM_BRIDGE: Simulation data initialized for 13568 neurons (3D). Synapses: 0. GPU memory: 23.6GB/51.2GB (46.0%)
[2026-07-10 05:34:23][INFO] SIM_BRIDGE: NumPy backend (CPU (NumPy backend), 47.7 GB RAM available)
[2026-07-10 05:34:23][INFO] SIM_BRIDGE: Initializing simulation data for model: IZHIKEVICH (3D)... (playback_init: False)
[2026-07-10 05:34:23][INFO] SIM_BRIDGE: RNG initialized with seed: 102
[2026-07-10 05:34:23][INFO] SIM_BRIDGE: Initializing Izhikevich model specifics for 13568 neurons...
[2026-07-10 05:34:23][INFO] SIM_BRIDGE: Applying parameter heterogeneity to neuron parameters...
[2026-07-10 05:34:23][INFO] SIM_BRIDGE: Applied heterogeneity to 4 parameters.
[2026-07-10 05:34:23][INFO] SIM_BRIDGE: Initializing OU process state (tau=15.0ms, sigma=0.0pA)...
[2026-07-10 05:34:23][INFO] SIM_BRIDGE: Generating 3D neuron positions for 13568 neurons...
[2026-07-10 05:34:23][INFO] SIM_BRIDGE: Generating connections (3D)...
[2026-07-10 05:34:23][INFO] SIM_BRIDGE: Simulation data initialized for 13568 neurons (3D). Synapses: 0. GPU memory: 23.5GB/51.2GB (45.9%)
[2026-07-10 05:34:32][INFO] SIM_BRIDGE: NumPy backend (CPU (NumPy backend), 47.7 GB RAM available)
[2026-07-10 05:34:32][INFO] SIM_BRIDGE: Initializing simulation data for model: IZHIKEVICH (3D)... (playback_init: False)
[2026-07-10 05:34:32][INFO] SIM_BRIDGE: RNG initialized with seed: 102
[2026-07-10 05:34:32][INFO] SIM_BRIDGE: Initializing Izhikevich model specifics for 13824 neurons...
[2026-07-10 05:34:32][INFO] SIM_BRIDGE: Applying parameter heterogeneity to neuron parameters...
[2026-07-10 05:34:32][INFO] SIM_BRIDGE: Applied heterogeneity to 4 parameters.
[2026-07-10 05:34:32][INFO] SIM_BRIDGE: Initializing OU process state (tau=15.0ms, sigma=0.0pA)...
[2026-07-10 05:34:32][INFO] SIM_BRIDGE: Generating 3D neuron positions for 13824 neurons...
[2026-07-10 05:34:32][INFO] SIM_BRIDGE: Generating connections (3D)...
[2026-07-10 05:34:32][INFO] SIM_BRIDGE: Simulation data initialized for 13824 neurons (3D). Synapses: 0. GPU memory: 23.6GB/51.2GB (46.1%)
[2026-07-10 05:34:33][INFO] SIM_BRIDGE: NumPy backend (CPU (NumPy backend), 47.7 GB RAM available)
[2026-07-10 05:34:33][INFO] SIM_BRIDGE: Initializing simulation data for model: IZHIKEVICH (3D)... (playback_init: False)
[2026-07-10 05:34:33][INFO] SIM_BRIDGE: RNG initialized with seed: 102
[2026-07-10 05:34:33][INFO] SIM_BRIDGE: Initializing Izhikevich model specifics for 13824 neurons...
[2026-07-10 05:34:33][INFO] SIM_BRIDGE: Applying parameter heterogeneity to neuron parameters...
[2026-07-10 05:34:33][INFO] SIM_BRIDGE: Applied heterogeneity to 4 parameters.
[2026-07-10 05:34:33][INFO] SIM_BRIDGE: Initializing OU process state (tau=15.0ms, sigma=0.0pA)...
[2026-07-10 05:34:33][INFO] SIM_BRIDGE: Generating 3D neuron positions for 13824 neurons...
[2026-07-10 05:34:33][INFO] SIM_BRIDGE: Generating connections (3D)...
[2026-07-10 05:34:33][INFO] SIM_BRIDGE: Simulation data initialized for 13824 neurons (3D). Synapses: 0. GPU memory: 23.7GB/51.2GB (46.2%)
[2026-07-10 05:34:36][INFO] SIM_BRIDGE: NumPy backend (CPU (NumPy backend), 47.7 GB RAM available)
[2026-07-10 05:34:36][INFO] SIM_BRIDGE: Initializing simulation data for model: IZHIKEVICH (3D)... (playback_init: False)
[2026-07-10 05:34:36][INFO] SIM_BRIDGE: RNG initialized with seed: 102
[2026-07-10 05:34:36][INFO] SIM_BRIDGE: Initializing Izhikevich model specifics for 14080 neurons...
[2026-07-10 05:34:36][INFO] SIM_BRIDGE: Applying parameter heterogeneity to neuron parameters...
[2026-07-10 05:34:36][INFO] SIM_BRIDGE: Applied heterogeneity to 4 parameters.
[2026-07-10 05:34:36][INFO] SIM_BRIDGE: Initializing OU process state (tau=15.0ms, sigma=0.0pA)...
[2026-07-10 05:34:36][INFO] SIM_BRIDGE: Generating 3D neuron positions for 14080 neurons...
[2026-07-10 05:34:36][INFO] SIM_BRIDGE: Generating connections (3D)...
[2026-07-10 05:34:36][INFO] SIM_BRIDGE: Simulation data initialized for 14080 neurons (3D). Synapses: 0. GPU memory: 23.5GB/51.2GB (45.8%)
[2026-07-10 05:34:37][INFO] SIM_BRIDGE: NumPy backend (CPU (NumPy backend), 47.7 GB RAM available)
[2026-07-10 05:34:37][INFO] SIM_BRIDGE: Initializing simulation data for model: IZHIKEVICH (3D)... (playback_init: False)
[2026-07-10 05:34:37][INFO] SIM_BRIDGE: RNG initialized with seed: 102
[2026-07-10 05:34:37][INFO] SIM_BRIDGE: Initializing Izhikevich model specifics for 14080 neurons...
[2026-07-10 05:34:37][INFO] SIM_BRIDGE: Applying parameter heterogeneity to neuron parameters...
[2026-07-10 05:34:37][INFO] SIM_BRIDGE: Applied heterogeneity to 4 parameters.
[2026-07-10 05:34:37][INFO] SIM_BRIDGE: Initializing OU process state (tau=15.0ms, sigma=0.0pA)...
[2026-07-10 05:34:37][INFO] SIM_BRIDGE: Generating 3D neuron positions for 14080 neurons...
[2026-07-10 05:34:37][INFO] SIM_BRIDGE: Generating connections (3D)...
[2026-07-10 05:34:37][INFO] SIM_BRIDGE: Simulation data initialized for 14080 neurons (3D). Synapses: 0. GPU memory: 23.5GB/51.2GB (45.8%)
[2026-07-10 05:34:40][INFO] SIM_BRIDGE: NumPy backend (CPU (NumPy backend), 47.7 GB RAM available)
[2026-07-10 05:34:40][INFO] SIM_BRIDGE: Initializing simulation data for model: IZHIKEVICH (3D)... (playback_init: False)
[2026-07-10 05:34:40][INFO] SIM_BRIDGE: RNG initialized with seed: 102
[2026-07-10 05:34:40][INFO] SIM_BRIDGE: Initializing Izhikevich model specifics for 14336 neurons...
[2026-07-10 05:34:40][INFO] SIM_BRIDGE: Applying parameter heterogeneity to neuron parameters...
[2026-07-10 05:34:40][INFO] SIM_BRIDGE: Applied heterogeneity to 4 parameters.
[2026-07-10 05:34:40][INFO] SIM_BRIDGE: Initializing OU process state (tau=15.0ms, sigma=0.0pA)...
[2026-07-10 05:34:40][INFO] SIM_BRIDGE: Generating 3D neuron positions for 14336 neurons...
[2026-07-10 05:34:40][INFO] SIM_BRIDGE: Generating connections (3D)...
[2026-07-10 05:34:40][INFO] SIM_BRIDGE: Simulation data initialized for 14336 neurons (3D). Synapses: 0. GPU memory: 23.4GB/51.2GB (45.7%)
[2026-07-10 05:34:40][INFO] SIM_BRIDGE: NumPy backend (CPU (NumPy backend), 47.7 GB RAM available)
[2026-07-10 05:34:40][INFO] SIM_BRIDGE: Initializing simulation data for model: IZHIKEVICH (3D)... (playback_init: False)
[2026-07-10 05:34:40][INFO] SIM_BRIDGE: RNG initialized with seed: 102
[2026-07-10 05:34:40][INFO] SIM_BRIDGE: Initializing Izhikevich model specifics for 14336 neurons...
[2026-07-10 05:34:40][INFO] SIM_BRIDGE: Applying parameter heterogeneity to neuron parameters...
[2026-07-10 05:34:40][INFO] SIM_BRIDGE: Applied heterogeneity to 4 parameters.
[2026-07-10 05:34:40][INFO] SIM_BRIDGE: Initializing OU process state (tau=15.0ms, sigma=0.0pA)...
[2026-07-10 05:34:40][INFO] SIM_BRIDGE: Generating 3D neuron positions for 14336 neurons...
[2026-07-10 05:34:40][INFO] SIM_BRIDGE: Generating connections (3D)...
[2026-07-10 05:34:40][INFO] SIM_BRIDGE: Simulation data initialized for 14336 neurons (3D). Synapses: 0. GPU memory: 23.4GB/51.2GB (45.8%)
[2026-07-10 05:34:43][INFO] SIM_BRIDGE: NumPy backend (CPU (NumPy backend), 47.7 GB RAM available)
[2026-07-10 05:34:43][INFO] SIM_BRIDGE: Initializing simulation data for model: IZHIKEVICH (3D)... (playback_init: False)
[2026-07-10 05:34:43][INFO] SIM_BRIDGE: RNG initialized with seed: 102
[2026-07-10 05:34:43][INFO] SIM_BRIDGE: Initializing Izhikevich model specifics for 14592 neurons...
[2026-07-10 05:34:43][INFO] SIM_BRIDGE: Applying parameter heterogeneity to neuron parameters...
[2026-07-10 05:34:43][INFO] SIM_BRIDGE: Applied heterogeneity to 4 parameters.
[2026-07-10 05:34:43][INFO] SIM_BRIDGE: Initializing OU process state (tau=15.0ms, sigma=0.0pA)...
[2026-07-10 05:34:43][INFO] SIM_BRIDGE: Generating 3D neuron positions for 14592 neurons...
[2026-07-10 05:34:43][INFO] SIM_BRIDGE: Generating connections (3D)...
[2026-07-10 05:34:43][INFO] SIM_BRIDGE: Simulation data initialized for 14592 neurons (3D). Synapses: 0. GPU memory: 23.5GB/51.2GB (45.8%)
[2026-07-10 05:34:43][INFO] SIM_BRIDGE: NumPy backend (CPU (NumPy backend), 47.7 GB RAM available)
[2026-07-10 05:34:43][INFO] SIM_BRIDGE: Initializing simulation data for model: IZHIKEVICH (3D)... (playback_init: False)
[2026-07-10 05:34:43][INFO] SIM_BRIDGE: RNG initialized with seed: 102
[2026-07-10 05:34:43][INFO] SIM_BRIDGE: Initializing Izhikevich model specifics for 14592 neurons...
[2026-07-10 05:34:43][INFO] SIM_BRIDGE: Applying parameter heterogeneity to neuron parameters...
[2026-07-10 05:34:43][INFO] SIM_BRIDGE: Applied heterogeneity to 4 parameters.
[2026-07-10 05:34:43][INFO] SIM_BRIDGE: Initializing OU process state (tau=15.0ms, sigma=0.0pA)...
[2026-07-10 05:34:43][INFO] SIM_BRIDGE: Generating 3D neuron positions for 14592 neurons...
[2026-07-10 05:34:43][INFO] SIM_BRIDGE: Generating connections (3D)...
[2026-07-10 05:34:43][INFO] SIM_BRIDGE: Simulation data initialized for 14592 neurons (3D). Synapses: 0. GPU memory: 23.5GB/51.2GB (45.8%)
[2026-07-10 05:34:53][INFO] SIM_BRIDGE: NumPy backend (CPU (NumPy backend), 47.7 GB RAM available)
[2026-07-10 05:34:53][INFO] SIM_BRIDGE: Initializing simulation data for model: IZHIKEVICH (3D)... (playback_init: False)
[2026-07-10 05:34:53][INFO] SIM_BRIDGE: RNG initialized with seed: 102
[2026-07-10 05:34:53][INFO] SIM_BRIDGE: Initializing Izhikevich model specifics for 15104 neurons...
[2026-07-10 05:34:53][INFO] SIM_BRIDGE: Applying parameter heterogeneity to neuron parameters...
[2026-07-10 05:34:53][INFO] SIM_BRIDGE: Applied heterogeneity to 4 parameters.
[2026-07-10 05:34:53][INFO] SIM_BRIDGE: Initializing OU process state (tau=15.0ms, sigma=0.0pA)...
[2026-07-10 05:34:53][INFO] SIM_BRIDGE: Generating 3D neuron positions for 15104 neurons...
[2026-07-10 05:34:53][INFO] SIM_BRIDGE: Generating connections (3D)...
[2026-07-10 05:34:53][INFO] SIM_BRIDGE: Simulation data initialized for 15104 neurons (3D). Synapses: 0. GPU memory: 22.7GB/51.2GB (44.3%)
[2026-07-10 05:34:53][INFO] SIM_BRIDGE: NumPy backend (CPU (NumPy backend), 47.7 GB RAM available)
[2026-07-10 05:34:53][INFO] SIM_BRIDGE: Initializing simulation data for model: IZHIKEVICH (3D)... (playback_init: False)
[2026-07-10 05:34:53][INFO] SIM_BRIDGE: RNG initialized with seed: 102
[2026-07-10 05:34:53][INFO] SIM_BRIDGE: Initializing Izhikevich model specifics for 15104 neurons...
[2026-07-10 05:34:53][INFO] SIM_BRIDGE: Applying parameter heterogeneity to neuron parameters...
[2026-07-10 05:34:53][INFO] SIM_BRIDGE: Applied heterogeneity to 4 parameters.
[2026-07-10 05:34:53][INFO] SIM_BRIDGE: Initializing OU process state (tau=15.0ms, sigma=0.0pA)...
[2026-07-10 05:34:53][INFO] SIM_BRIDGE: Generating 3D neuron positions for 15104 neurons...
[2026-07-10 05:34:53][INFO] SIM_BRIDGE: Generating connections (3D)...
[2026-07-10 05:34:53][INFO] SIM_BRIDGE: Simulation data initialized for 15104 neurons (3D). Synapses: 0. GPU memory: 22.7GB/51.2GB (44.3%)
[2026-07-10 05:35:03][INFO] SIM_BRIDGE: NumPy backend (CPU (NumPy backend), 47.7 GB RAM available)
[2026-07-10 05:35:03][INFO] SIM_BRIDGE: Initializing simulation data for model: IZHIKEVICH (3D)... (playback_init: False)
[2026-07-10 05:35:03][INFO] SIM_BRIDGE: RNG initialized with seed: 102
[2026-07-10 05:35:03][INFO] SIM_BRIDGE: Initializing Izhikevich model specifics for 15360 neurons...
[2026-07-10 05:35:03][INFO] SIM_BRIDGE: Applying parameter heterogeneity to neuron parameters...
[2026-07-10 05:35:03][INFO] SIM_BRIDGE: Applied heterogeneity to 4 parameters.
[2026-07-10 05:35:03][INFO] SIM_BRIDGE: Initializing OU process state (tau=15.0ms, sigma=0.0pA)...
[2026-07-10 05:35:03][INFO] SIM_BRIDGE: Generating 3D neuron positions for 15360 neurons...
[2026-07-10 05:35:03][INFO] SIM_BRIDGE: Generating connections (3D)...
[2026-07-10 05:35:03][INFO] SIM_BRIDGE: Simulation data initialized for 15360 neurons (3D). Synapses: 0. GPU memory: 22.7GB/51.2GB (44.2%)
[2026-07-10 05:35:03][INFO] SIM_BRIDGE: NumPy backend (CPU (NumPy backend), 47.7 GB RAM available)
[2026-07-10 05:35:03][INFO] SIM_BRIDGE: Initializing simulation data for model: IZHIKEVICH (3D)... (playback_init: False)
[2026-07-10 05:35:03][INFO] SIM_BRIDGE: RNG initialized with seed: 102
[2026-07-10 05:35:03][INFO] SIM_BRIDGE: Initializing Izhikevich model specifics for 15360 neurons...
[2026-07-10 05:35:03][INFO] SIM_BRIDGE: Applying parameter heterogeneity to neuron parameters...
[2026-07-10 05:35:03][INFO] SIM_BRIDGE: Applied heterogeneity to 4 parameters.
[2026-07-10 05:35:03][INFO] SIM_BRIDGE: Initializing OU process state (tau=15.0ms, sigma=0.0pA)...
[2026-07-10 05:35:03][INFO] SIM_BRIDGE: Generating 3D neuron positions for 15360 neurons...
[2026-07-10 05:35:03][INFO] SIM_BRIDGE: Generating connections (3D)...
[2026-07-10 05:35:03][INFO] SIM_BRIDGE: Simulation data initialized for 15360 neurons (3D). Synapses: 0. GPU memory: 22.7GB/51.2GB (44.3%)
[2026-07-10 05:35:09][INFO] SIM_BRIDGE: NumPy backend (CPU (NumPy backend), 47.7 GB RAM available)
[2026-07-10 05:35:09][INFO] SIM_BRIDGE: Initializing simulation data for model: IZHIKEVICH (3D)... (playback_init: False)
[2026-07-10 05:35:09][INFO] SIM_BRIDGE: RNG initialized with seed: 102
[2026-07-10 05:35:09][INFO] SIM_BRIDGE: Initializing Izhikevich model specifics for 15616 neurons...
[2026-07-10 05:35:09][INFO] SIM_BRIDGE: Applying parameter heterogeneity to neuron parameters...
[2026-07-10 05:35:09][INFO] SIM_BRIDGE: Applied heterogeneity to 4 parameters.
[2026-07-10 05:35:09][INFO] SIM_BRIDGE: Initializing OU process state (tau=15.0ms, sigma=0.0pA)...
[2026-07-10 05:35:09][INFO] SIM_BRIDGE: Generating 3D neuron positions for 15616 neurons...
[2026-07-10 05:35:09][INFO] SIM_BRIDGE: Generating connections (3D)...
[2026-07-10 05:35:09][INFO] SIM_BRIDGE: Simulation data initialized for 15616 neurons (3D). Synapses: 0. GPU memory: 22.7GB/51.2GB (44.4%)
[2026-07-10 05:35:09][INFO] SIM_BRIDGE: NumPy backend (CPU (NumPy backend), 47.7 GB RAM available)
[2026-07-10 05:35:09][INFO] SIM_BRIDGE: Initializing simulation data for model: IZHIKEVICH (3D)... (playback_init: False)
[2026-07-10 05:35:09][INFO] SIM_BRIDGE: RNG initialized with seed: 102
[2026-07-10 05:35:09][INFO] SIM_BRIDGE: Initializing Izhikevich model specifics for 15616 neurons...
[2026-07-10 05:35:09][INFO] SIM_BRIDGE: Applying parameter heterogeneity to neuron parameters...
[2026-07-10 05:35:09][INFO] SIM_BRIDGE: Applied heterogeneity to 4 parameters.
[2026-07-10 05:35:09][INFO] SIM_BRIDGE: Initializing OU process state (tau=15.0ms, sigma=0.0pA)...
[2026-07-10 05:35:09][INFO] SIM_BRIDGE: Generating 3D neuron positions for 15616 neurons...
[2026-07-10 05:35:09][INFO] SIM_BRIDGE: Generating connections (3D)...
[2026-07-10 05:35:09][INFO] SIM_BRIDGE: Simulation data initialized for 15616 neurons (3D). Synapses: 0. GPU memory: 22.8GB/51.2GB (44.4%)
[2026-07-10 05:35:12][INFO] SIM_BRIDGE: NumPy backend (CPU (NumPy backend), 47.7 GB RAM available)
[2026-07-10 05:35:12][INFO] SIM_BRIDGE: Initializing simulation data for model: IZHIKEVICH (3D)... (playback_init: False)
[2026-07-10 05:35:12][INFO] SIM_BRIDGE: RNG initialized with seed: 102
[2026-07-10 05:35:12][INFO] SIM_BRIDGE: Initializing Izhikevich model specifics for 15872 neurons...
[2026-07-10 05:35:12][INFO] SIM_BRIDGE: Applying parameter heterogeneity to neuron parameters...
[2026-07-10 05:35:12][INFO] SIM_BRIDGE: Applied heterogeneity to 4 parameters.
[2026-07-10 05:35:12][INFO] SIM_BRIDGE: Initializing OU process state (tau=15.0ms, sigma=0.0pA)...
[2026-07-10 05:35:12][INFO] SIM_BRIDGE: Generating 3D neuron positions for 15872 neurons...
[2026-07-10 05:35:12][INFO] SIM_BRIDGE: Generating connections (3D)...
[2026-07-10 05:35:12][INFO] SIM_BRIDGE: Simulation data initialized for 15872 neurons (3D). Synapses: 0. GPU memory: 22.8GB/51.2GB (44.5%)
[2026-07-10 05:35:12][INFO] SIM_BRIDGE: NumPy backend (CPU (NumPy backend), 47.7 GB RAM available)
[2026-07-10 05:35:12][INFO] SIM_BRIDGE: Initializing simulation data for model: IZHIKEVICH (3D)... (playback_init: False)
[2026-07-10 05:35:12][INFO] SIM_BRIDGE: RNG initialized with seed: 102
[2026-07-10 05:35:12][INFO] SIM_BRIDGE: Initializing Izhikevich model specifics for 15872 neurons...
[2026-07-10 05:35:12][INFO] SIM_BRIDGE: Applying parameter heterogeneity to neuron parameters...
[2026-07-10 05:35:12][INFO] SIM_BRIDGE: Applied heterogeneity to 4 parameters.
[2026-07-10 05:35:12][INFO] SIM_BRIDGE: Initializing OU process state (tau=15.0ms, sigma=0.0pA)...
[2026-07-10 05:35:12][INFO] SIM_BRIDGE: Generating 3D neuron positions for 15872 neurons...
[2026-07-10 05:35:12][INFO] SIM_BRIDGE: Generating connections (3D)...
[2026-07-10 05:35:12][INFO] SIM_BRIDGE: Simulation data initialized for 15872 neurons (3D). Synapses: 0. GPU memory: 22.8GB/51.2GB (44.5%)
[2026-07-10 05:35:18][INFO] SIM_BRIDGE: NumPy backend (CPU (NumPy backend), 47.7 GB RAM available)
[2026-07-10 05:35:18][INFO] SIM_BRIDGE: Initializing simulation data for model: IZHIKEVICH (3D)... (playback_init: False)
[2026-07-10 05:35:18][INFO] SIM_BRIDGE: RNG initialized with seed: 102
[2026-07-10 05:35:18][INFO] SIM_BRIDGE: Initializing Izhikevich model specifics for 16128 neurons...
[2026-07-10 05:35:18][INFO] SIM_BRIDGE: Applying parameter heterogeneity to neuron parameters...
[2026-07-10 05:35:18][INFO] SIM_BRIDGE: Applied heterogeneity to 4 parameters.
[2026-07-10 05:35:18][INFO] SIM_BRIDGE: Initializing OU process state (tau=15.0ms, sigma=0.0pA)...
[2026-07-10 05:35:18][INFO] SIM_BRIDGE: Generating 3D neuron positions for 16128 neurons...
[2026-07-10 05:35:18][INFO] SIM_BRIDGE: Generating connections (3D)...
[2026-07-10 05:35:18][INFO] SIM_BRIDGE: Simulation data initialized for 16128 neurons (3D). Synapses: 0. GPU memory: 22.8GB/51.2GB (44.6%)
[2026-07-10 05:35:19][INFO] SIM_BRIDGE: NumPy backend (CPU (NumPy backend), 47.7 GB RAM available)
[2026-07-10 05:35:19][INFO] SIM_BRIDGE: Initializing simulation data for model: IZHIKEVICH (3D)... (playback_init: False)
[2026-07-10 05:35:19][INFO] SIM_BRIDGE: RNG initialized with seed: 102
[2026-07-10 05:35:19][INFO] SIM_BRIDGE: Initializing Izhikevich model specifics for 16128 neurons...
[2026-07-10 05:35:19][INFO] SIM_BRIDGE: Applying parameter heterogeneity to neuron parameters...
[2026-07-10 05:35:19][INFO] SIM_BRIDGE: Applied heterogeneity to 4 parameters.
[2026-07-10 05:35:19][INFO] SIM_BRIDGE: Initializing OU process state (tau=15.0ms, sigma=0.0pA)...
[2026-07-10 05:35:19][INFO] SIM_BRIDGE: Generating 3D neuron positions for 16128 neurons...
[2026-07-10 05:35:19][INFO] SIM_BRIDGE: Generating connections (3D)...
[2026-07-10 05:35:19][INFO] SIM_BRIDGE: Simulation data initialized for 16128 neurons (3D). Synapses: 0. GPU memory: 22.8GB/51.2GB (44.6%)
[2026-07-10 05:35:22][INFO] SIM_BRIDGE: NumPy backend (CPU (NumPy backend), 47.7 GB RAM available)
[2026-07-10 05:35:22][INFO] SIM_BRIDGE: Initializing simulation data for model: IZHIKEVICH (3D)... (playback_init: False)
[2026-07-10 05:35:22][INFO] SIM_BRIDGE: RNG initialized with seed: 102
[2026-07-10 05:35:22][INFO] SIM_BRIDGE: Initializing Izhikevich model specifics for 16640 neurons...
[2026-07-10 05:35:22][INFO] SIM_BRIDGE: Applying parameter heterogeneity to neuron parameters...
[2026-07-10 05:35:22][INFO] SIM_BRIDGE: Applied heterogeneity to 4 parameters.
[2026-07-10 05:35:22][INFO] SIM_BRIDGE: Initializing OU process state (tau=15.0ms, sigma=0.0pA)...
[2026-07-10 05:35:22][INFO] SIM_BRIDGE: Generating 3D neuron positions for 16640 neurons...
[2026-07-10 05:35:22][INFO] SIM_BRIDGE: Generating connections (3D)...
[2026-07-10 05:35:22][INFO] SIM_BRIDGE: Simulation data initialized for 16640 neurons (3D). Synapses: 0. GPU memory: 22.9GB/51.2GB (44.7%)
[2026-07-10 05:35:22][INFO] SIM_BRIDGE: NumPy backend (CPU (NumPy backend), 47.7 GB RAM available)
[2026-07-10 05:35:22][INFO] SIM_BRIDGE: Initializing simulation data for model: IZHIKEVICH (3D)... (playback_init: False)
[2026-07-10 05:35:22][INFO] SIM_BRIDGE: RNG initialized with seed: 102
[2026-07-10 05:35:22][INFO] SIM_BRIDGE: Initializing Izhikevich model specifics for 16640 neurons...
[2026-07-10 05:35:22][INFO] SIM_BRIDGE: Applying parameter heterogeneity to neuron parameters...
[2026-07-10 05:35:22][INFO] SIM_BRIDGE: Applied heterogeneity to 4 parameters.
[2026-07-10 05:35:22][INFO] SIM_BRIDGE: Initializing OU process state (tau=15.0ms, sigma=0.0pA)...
[2026-07-10 05:35:22][INFO] SIM_BRIDGE: Generating 3D neuron positions for 16640 neurons...
[2026-07-10 05:35:22][INFO] SIM_BRIDGE: Generating connections (3D)...
[2026-07-10 05:35:22][INFO] SIM_BRIDGE: Simulation data initialized for 16640 neurons (3D). Synapses: 0. GPU memory: 22.9GB/51.2GB (44.7%)
[2026-07-10 05:35:25][INFO] SIM_BRIDGE: NumPy backend (CPU (NumPy backend), 47.7 GB RAM available)
[2026-07-10 05:35:25][INFO] SIM_BRIDGE: Initializing simulation data for model: IZHIKEVICH (3D)... (playback_init: False)
[2026-07-10 05:35:25][INFO] SIM_BRIDGE: RNG initialized with seed: 102
[2026-07-10 05:35:25][INFO] SIM_BRIDGE: Initializing Izhikevich model specifics for 16896 neurons...
[2026-07-10 05:35:25][INFO] SIM_BRIDGE: Applying parameter heterogeneity to neuron parameters...
[2026-07-10 05:35:25][INFO] SIM_BRIDGE: Applied heterogeneity to 4 parameters.
[2026-07-10 05:35:25][INFO] SIM_BRIDGE: Initializing OU process state (tau=15.0ms, sigma=0.0pA)...
[2026-07-10 05:35:25][INFO] SIM_BRIDGE: Generating 3D neuron positions for 16896 neurons...
[2026-07-10 05:35:25][INFO] SIM_BRIDGE: Generating connections (3D)...
[2026-07-10 05:35:25][INFO] SIM_BRIDGE: Simulation data initialized for 16896 neurons (3D). Synapses: 0. GPU memory: 23.0GB/51.2GB (44.8%)
[2026-07-10 05:35:25][INFO] SIM_BRIDGE: NumPy backend (CPU (NumPy backend), 47.7 GB RAM available)
[2026-07-10 05:35:25][INFO] SIM_BRIDGE: Initializing simulation data for model: IZHIKEVICH (3D)... (playback_init: False)
[2026-07-10 05:35:25][INFO] SIM_BRIDGE: RNG initialized with seed: 102
[2026-07-10 05:35:25][INFO] SIM_BRIDGE: Initializing Izhikevich model specifics for 16896 neurons...
[2026-07-10 05:35:25][INFO] SIM_BRIDGE: Applying parameter heterogeneity to neuron parameters...
[2026-07-10 05:35:25][INFO] SIM_BRIDGE: Applied heterogeneity to 4 parameters.
[2026-07-10 05:35:25][INFO] SIM_BRIDGE: Initializing OU process state (tau=15.0ms, sigma=0.0pA)...
[2026-07-10 05:35:25][INFO] SIM_BRIDGE: Generating 3D neuron positions for 16896 neurons...
[2026-07-10 05:35:25][INFO] SIM_BRIDGE: Generating connections (3D)...
[2026-07-10 05:35:25][INFO] SIM_BRIDGE: Simulation data initialized for 16896 neurons (3D). Synapses: 0. GPU memory: 23.0GB/51.2GB (44.8%)
[2026-07-10 05:35:31][INFO] SIM_BRIDGE: NumPy backend (CPU (NumPy backend), 47.7 GB RAM available)
[2026-07-10 05:35:31][INFO] SIM_BRIDGE: Initializing simulation data for model: IZHIKEVICH (3D)... (playback_init: False)
[2026-07-10 05:35:31][INFO] SIM_BRIDGE: RNG initialized with seed: 102
[2026-07-10 05:35:31][INFO] SIM_BRIDGE: Initializing Izhikevich model specifics for 17152 neurons...
[2026-07-10 05:35:31][INFO] SIM_BRIDGE: Applying parameter heterogeneity to neuron parameters...
[2026-07-10 05:35:31][INFO] SIM_BRIDGE: Applied heterogeneity to 4 parameters.
[2026-07-10 05:35:31][INFO] SIM_BRIDGE: Initializing OU process state (tau=15.0ms, sigma=0.0pA)...
[2026-07-10 05:35:31][INFO] SIM_BRIDGE: Generating 3D neuron positions for 17152 neurons...
[2026-07-10 05:35:31][INFO] SIM_BRIDGE: Generating connections (3D)...
[2026-07-10 05:35:31][INFO] SIM_BRIDGE: Simulation data initialized for 17152 neurons (3D). Synapses: 0. GPU memory: 23.1GB/51.2GB (45.1%)
[2026-07-10 05:35:32][INFO] SIM_BRIDGE: NumPy backend (CPU (NumPy backend), 47.7 GB RAM available)
[2026-07-10 05:35:32][INFO] SIM_BRIDGE: Initializing simulation data for model: IZHIKEVICH (3D)... (playback_init: False)
[2026-07-10 05:35:32][INFO] SIM_BRIDGE: RNG initialized with seed: 102
[2026-07-10 05:35:32][INFO] SIM_BRIDGE: Initializing Izhikevich model specifics for 17152 neurons...
[2026-07-10 05:35:32][INFO] SIM_BRIDGE: Applying parameter heterogeneity to neuron parameters...
[2026-07-10 05:35:32][INFO] SIM_BRIDGE: Applied heterogeneity to 4 parameters.
[2026-07-10 05:35:32][INFO] SIM_BRIDGE: Initializing OU process state (tau=15.0ms, sigma=0.0pA)...
[2026-07-10 05:35:32][INFO] SIM_BRIDGE: Generating 3D neuron positions for 17152 neurons...
[2026-07-10 05:35:32][INFO] SIM_BRIDGE: Generating connections (3D)...
[2026-07-10 05:35:32][INFO] SIM_BRIDGE: Simulation data initialized for 17152 neurons (3D). Synapses: 0. GPU memory: 23.1GB/51.2GB (45.1%)
[2026-07-10 05:35:34][INFO] SIM_BRIDGE: NumPy backend (CPU (NumPy backend), 47.7 GB RAM available)
[2026-07-10 05:35:34][INFO] SIM_BRIDGE: Initializing simulation data for model: IZHIKEVICH (3D)... (playback_init: False)
[2026-07-10 05:35:34][INFO] SIM_BRIDGE: RNG initialized with seed: 102
[2026-07-10 05:35:34][INFO] SIM_BRIDGE: Initializing Izhikevich model specifics for 17408 neurons...
[2026-07-10 05:35:34][INFO] SIM_BRIDGE: Applying parameter heterogeneity to neuron parameters...
[2026-07-10 05:35:34][INFO] SIM_BRIDGE: Applied heterogeneity to 4 parameters.
[2026-07-10 05:35:34][INFO] SIM_BRIDGE: Initializing OU process state (tau=15.0ms, sigma=0.0pA)...
[2026-07-10 05:35:34][INFO] SIM_BRIDGE: Generating 3D neuron positions for 17408 neurons...
[2026-07-10 05:35:34][INFO] SIM_BRIDGE: Generating connections (3D)...
[2026-07-10 05:35:34][INFO] SIM_BRIDGE: Simulation data initialized for 17408 neurons (3D). Synapses: 0. GPU memory: 23.1GB/51.2GB (45.2%)
[2026-07-10 05:35:35][INFO] SIM_BRIDGE: NumPy backend (CPU (NumPy backend), 47.7 GB RAM available)
[2026-07-10 05:35:35][INFO] SIM_BRIDGE: Initializing simulation data for model: IZHIKEVICH (3D)... (playback_init: False)
[2026-07-10 05:35:35][INFO] SIM_BRIDGE: RNG initialized with seed: 102
[2026-07-10 05:35:35][INFO] SIM_BRIDGE: Initializing Izhikevich model specifics for 17408 neurons...
[2026-07-10 05:35:35][INFO] SIM_BRIDGE: Applying parameter heterogeneity to neuron parameters...
[2026-07-10 05:35:35][INFO] SIM_BRIDGE: Applied heterogeneity to 4 parameters.
[2026-07-10 05:35:35][INFO] SIM_BRIDGE: Initializing OU process state (tau=15.0ms, sigma=0.0pA)...
[2026-07-10 05:35:35][INFO] SIM_BRIDGE: Generating 3D neuron positions for 17408 neurons...
[2026-07-10 05:35:35][INFO] SIM_BRIDGE: Generating connections (3D)...
[2026-07-10 05:35:35][INFO] SIM_BRIDGE: Simulation data initialized for 17408 neurons (3D). Synapses: 0. GPU memory: 23.1GB/51.2GB (45.2%)
[2026-07-10 05:35:38][INFO] SIM_BRIDGE: NumPy backend (CPU (NumPy backend), 47.7 GB RAM available)
[2026-07-10 05:35:38][INFO] SIM_BRIDGE: Initializing simulation data for model: IZHIKEVICH (3D)... (playback_init: False)
[2026-07-10 05:35:38][INFO] SIM_BRIDGE: RNG initialized with seed: 102
[2026-07-10 05:35:38][INFO] SIM_BRIDGE: Initializing Izhikevich model specifics for 17664 neurons...
[2026-07-10 05:35:38][INFO] SIM_BRIDGE: Applying parameter heterogeneity to neuron parameters...
[2026-07-10 05:35:38][INFO] SIM_BRIDGE: Applied heterogeneity to 4 parameters.
[2026-07-10 05:35:38][INFO] SIM_BRIDGE: Initializing OU process state (tau=15.0ms, sigma=0.0pA)...
[2026-07-10 05:35:38][INFO] SIM_BRIDGE: Generating 3D neuron positions for 17664 neurons...
[2026-07-10 05:35:38][INFO] SIM_BRIDGE: Generating connections (3D)...
[2026-07-10 05:35:38][INFO] SIM_BRIDGE: Simulation data initialized for 17664 neurons (3D). Synapses: 0. GPU memory: 23.2GB/51.2GB (45.3%)
[2026-07-10 05:35:38][INFO] SIM_BRIDGE: NumPy backend (CPU (NumPy backend), 47.7 GB RAM available)
[2026-07-10 05:35:38][INFO] SIM_BRIDGE: Initializing simulation data for model: IZHIKEVICH (3D)... (playback_init: False)
[2026-07-10 05:35:38][INFO] SIM_BRIDGE: RNG initialized with seed: 102
[2026-07-10 05:35:38][INFO] SIM_BRIDGE: Initializing Izhikevich model specifics for 17664 neurons...
[2026-07-10 05:35:38][INFO] SIM_BRIDGE: Applying parameter heterogeneity to neuron parameters...
[2026-07-10 05:35:38][INFO] SIM_BRIDGE: Applied heterogeneity to 4 parameters.
[2026-07-10 05:35:38][INFO] SIM_BRIDGE: Initializing OU process state (tau=15.0ms, sigma=0.0pA)...
[2026-07-10 05:35:38][INFO] SIM_BRIDGE: Generating 3D neuron positions for 17664 neurons...
[2026-07-10 05:35:38][INFO] SIM_BRIDGE: Generating connections (3D)...
[2026-07-10 05:35:38][INFO] SIM_BRIDGE: Simulation data initialized for 17664 neurons (3D). Synapses: 0. GPU memory: 23.2GB/51.2GB (45.3%)
[2026-07-10 05:35:41][INFO] SIM_BRIDGE: NumPy backend (CPU (NumPy backend), 47.7 GB RAM available)
[2026-07-10 05:35:41][INFO] SIM_BRIDGE: Initializing simulation data for model: IZHIKEVICH (3D)... (playback_init: False)
[2026-07-10 05:35:41][INFO] SIM_BRIDGE: RNG initialized with seed: 102
[2026-07-10 05:35:41][INFO] SIM_BRIDGE: Initializing Izhikevich model specifics for 17920 neurons...
[2026-07-10 05:35:41][INFO] SIM_BRIDGE: Applying parameter heterogeneity to neuron parameters...
[2026-07-10 05:35:41][INFO] SIM_BRIDGE: Applied heterogeneity to 4 parameters.
[2026-07-10 05:35:41][INFO] SIM_BRIDGE: Initializing OU process state (tau=15.0ms, sigma=0.0pA)...
[2026-07-10 05:35:41][INFO] SIM_BRIDGE: Generating 3D neuron positions for 17920 neurons...
[2026-07-10 05:35:41][INFO] SIM_BRIDGE: Generating connections (3D)...
[2026-07-10 05:35:41][INFO] SIM_BRIDGE: Simulation data initialized for 17920 neurons (3D). Synapses: 0. GPU memory: 23.3GB/51.2GB (45.5%)
[2026-07-10 05:35:42][INFO] SIM_BRIDGE: NumPy backend (CPU (NumPy backend), 47.7 GB RAM available)
[2026-07-10 05:35:42][INFO] SIM_BRIDGE: Initializing simulation data for model: IZHIKEVICH (3D)... (playback_init: False)
[2026-07-10 05:35:42][INFO] SIM_BRIDGE: RNG initialized with seed: 102
[2026-07-10 05:35:42][INFO] SIM_BRIDGE: Initializing Izhikevich model specifics for 17920 neurons...
[2026-07-10 05:35:42][INFO] SIM_BRIDGE: Applying parameter heterogeneity to neuron parameters...
[2026-07-10 05:35:42][INFO] SIM_BRIDGE: Applied heterogeneity to 4 parameters.
[2026-07-10 05:35:42][INFO] SIM_BRIDGE: Initializing OU process state (tau=15.0ms, sigma=0.0pA)...
[2026-07-10 05:35:42][INFO] SIM_BRIDGE: Generating 3D neuron positions for 17920 neurons...
[2026-07-10 05:35:42][INFO] SIM_BRIDGE: Generating connections (3D)...
[2026-07-10 05:35:42][INFO] SIM_BRIDGE: Simulation data initialized for 17920 neurons (3D). Synapses: 0. GPU memory: 23.4GB/51.2GB (45.6%)
[2026-07-10 05:35:51][INFO] SIM_BRIDGE: NumPy backend (CPU (NumPy backend), 47.7 GB RAM available)
[2026-07-10 05:35:51][INFO] SIM_BRIDGE: Initializing simulation data for model: IZHIKEVICH (3D)... (playback_init: False)
[2026-07-10 05:35:51][INFO] SIM_BRIDGE: RNG initialized with seed: 102
[2026-07-10 05:35:51][INFO] SIM_BRIDGE: Initializing Izhikevich model specifics for 18176 neurons...
[2026-07-10 05:35:51][INFO] SIM_BRIDGE: Applying parameter heterogeneity to neuron parameters...
[2026-07-10 05:35:51][INFO] SIM_BRIDGE: Applied heterogeneity to 4 parameters.
[2026-07-10 05:35:51][INFO] SIM_BRIDGE: Initializing OU process state (tau=15.0ms, sigma=0.0pA)...
[2026-07-10 05:35:51][INFO] SIM_BRIDGE: Generating 3D neuron positions for 18176 neurons...
[2026-07-10 05:35:51][INFO] SIM_BRIDGE: Generating connections (3D)...
[2026-07-10 05:35:51][INFO] SIM_BRIDGE: Simulation data initialized for 18176 neurons (3D). Synapses: 0. GPU memory: 23.4GB/51.2GB (45.7%)
[2026-07-10 05:35:51][INFO] SIM_BRIDGE: NumPy backend (CPU (NumPy backend), 47.7 GB RAM available)
[2026-07-10 05:35:51][INFO] SIM_BRIDGE: Initializing simulation data for model: IZHIKEVICH (3D)... (playback_init: False)
[2026-07-10 05:35:51][INFO] SIM_BRIDGE: RNG initialized with seed: 102
[2026-07-10 05:35:51][INFO] SIM_BRIDGE: Initializing Izhikevich model specifics for 18176 neurons...
[2026-07-10 05:35:51][INFO] SIM_BRIDGE: Applying parameter heterogeneity to neuron parameters...
[2026-07-10 05:35:51][INFO] SIM_BRIDGE: Applied heterogeneity to 4 parameters.
[2026-07-10 05:35:51][INFO] SIM_BRIDGE: Initializing OU process state (tau=15.0ms, sigma=0.0pA)...
[2026-07-10 05:35:51][INFO] SIM_BRIDGE: Generating 3D neuron positions for 18176 neurons...
[2026-07-10 05:35:51][INFO] SIM_BRIDGE: Generating connections (3D)...
[2026-07-10 05:35:51][INFO] SIM_BRIDGE: Simulation data initialized for 18176 neurons (3D). Synapses: 0. GPU memory: 23.4GB/51.2GB (45.7%)
[2026-07-10 05:36:00][INFO] SIM_BRIDGE: NumPy backend (CPU (NumPy backend), 47.7 GB RAM available)
[2026-07-10 05:36:00][INFO] SIM_BRIDGE: Initializing simulation data for model: IZHIKEVICH (3D)... (playback_init: False)
[2026-07-10 05:36:00][INFO] SIM_BRIDGE: RNG initialized with seed: 102
[2026-07-10 05:36:00][INFO] SIM_BRIDGE: Initializing Izhikevich model specifics for 18432 neurons...
[2026-07-10 05:36:00][INFO] SIM_BRIDGE: Applying parameter heterogeneity to neuron parameters...
[2026-07-10 05:36:00][INFO] SIM_BRIDGE: Applied heterogeneity to 4 parameters.
[2026-07-10 05:36:00][INFO] SIM_BRIDGE: Initializing OU process state (tau=15.0ms, sigma=0.0pA)...
[2026-07-10 05:36:00][INFO] SIM_BRIDGE: Generating 3D neuron positions for 18432 neurons...
[2026-07-10 05:36:00][INFO] SIM_BRIDGE: Generating connections (3D)...
[2026-07-10 05:36:00][INFO] SIM_BRIDGE: Simulation data initialized for 18432 neurons (3D). Synapses: 0. GPU memory: 23.6GB/51.2GB (46.0%)
[2026-07-10 05:36:01][INFO] SIM_BRIDGE: NumPy backend (CPU (NumPy backend), 47.7 GB RAM available)
[2026-07-10 05:36:01][INFO] SIM_BRIDGE: Initializing simulation data for model: IZHIKEVICH (3D)... (playback_init: False)
[2026-07-10 05:36:01][INFO] SIM_BRIDGE: RNG initialized with seed: 102
[2026-07-10 05:36:01][INFO] SIM_BRIDGE: Initializing Izhikevich model specifics for 18432 neurons...
[2026-07-10 05:36:01][INFO] SIM_BRIDGE: Applying parameter heterogeneity to neuron parameters...
[2026-07-10 05:36:01][INFO] SIM_BRIDGE: Applied heterogeneity to 4 parameters.
[2026-07-10 05:36:01][INFO] SIM_BRIDGE: Initializing OU process state (tau=15.0ms, sigma=0.0pA)...
[2026-07-10 05:36:01][INFO] SIM_BRIDGE: Generating 3D neuron positions for 18432 neurons...
[2026-07-10 05:36:01][INFO] SIM_BRIDGE: Generating connections (3D)...
[2026-07-10 05:36:01][INFO] SIM_BRIDGE: Simulation data initialized for 18432 neurons (3D). Synapses: 0. GPU memory: 23.6GB/51.2GB (46.0%)
[2026-07-10 05:36:10][INFO] SIM_BRIDGE: NumPy backend (CPU (NumPy backend), 47.7 GB RAM available)
[2026-07-10 05:36:10][INFO] SIM_BRIDGE: Initializing simulation data for model: IZHIKEVICH (3D)... (playback_init: False)
[2026-07-10 05:36:10][INFO] SIM_BRIDGE: RNG initialized with seed: 102
[2026-07-10 05:36:10][INFO] SIM_BRIDGE: Initializing Izhikevich model specifics for 18944 neurons...
[2026-07-10 05:36:10][INFO] SIM_BRIDGE: Applying parameter heterogeneity to neuron parameters...
[2026-07-10 05:36:10][INFO] SIM_BRIDGE: Applied heterogeneity to 4 parameters.
[2026-07-10 05:36:10][INFO] SIM_BRIDGE: Initializing OU process state (tau=15.0ms, sigma=0.0pA)...
[2026-07-10 05:36:10][INFO] SIM_BRIDGE: Generating 3D neuron positions for 18944 neurons...
[2026-07-10 05:36:10][INFO] SIM_BRIDGE: Generating connections (3D)...
[2026-07-10 05:36:10][INFO] SIM_BRIDGE: Simulation data initialized for 18944 neurons (3D). Synapses: 0. GPU memory: 23.8GB/51.2GB (46.4%)
[2026-07-10 05:36:10][INFO] SIM_BRIDGE: NumPy backend (CPU (NumPy backend), 47.7 GB RAM available)
[2026-07-10 05:36:10][INFO] SIM_BRIDGE: Initializing simulation data for model: IZHIKEVICH (3D)... (playback_init: False)
[2026-07-10 05:36:10][INFO] SIM_BRIDGE: RNG initialized with seed: 102
[2026-07-10 05:36:10][INFO] SIM_BRIDGE: Initializing Izhikevich model specifics for 18944 neurons...
[2026-07-10 05:36:10][INFO] SIM_BRIDGE: Applying parameter heterogeneity to neuron parameters...
[2026-07-10 05:36:10][INFO] SIM_BRIDGE: Applied heterogeneity to 4 parameters.
[2026-07-10 05:36:10][INFO] SIM_BRIDGE: Initializing OU process state (tau=15.0ms, sigma=0.0pA)...
[2026-07-10 05:36:10][INFO] SIM_BRIDGE: Generating 3D neuron positions for 18944 neurons...
[2026-07-10 05:36:10][INFO] SIM_BRIDGE: Generating connections (3D)...
[2026-07-10 05:36:10][INFO] SIM_BRIDGE: Simulation data initialized for 18944 neurons (3D). Synapses: 0. GPU memory: 23.8GB/51.2GB (46.4%)
[2026-07-10 05:36:13][INFO] SIM_BRIDGE: NumPy backend (CPU (NumPy backend), 47.7 GB RAM available)
[2026-07-10 05:36:13][INFO] SIM_BRIDGE: Initializing simulation data for model: IZHIKEVICH (3D)... (playback_init: False)
[2026-07-10 05:36:13][INFO] SIM_BRIDGE: RNG initialized with seed: 102
[2026-07-10 05:36:13][INFO] SIM_BRIDGE: Initializing Izhikevich model specifics for 19200 neurons...
[2026-07-10 05:36:13][INFO] SIM_BRIDGE: Applying parameter heterogeneity to neuron parameters...
[2026-07-10 05:36:13][INFO] SIM_BRIDGE: Applied heterogeneity to 4 parameters.
[2026-07-10 05:36:13][INFO] SIM_BRIDGE: Initializing OU process state (tau=15.0ms, sigma=0.0pA)...
[2026-07-10 05:36:13][INFO] SIM_BRIDGE: Generating 3D neuron positions for 19200 neurons...
[2026-07-10 05:36:13][INFO] SIM_BRIDGE: Generating connections (3D)...
[2026-07-10 05:36:13][INFO] SIM_BRIDGE: Simulation data initialized for 19200 neurons (3D). Synapses: 0. GPU memory: 23.8GB/51.2GB (46.5%)
[2026-07-10 05:36:14][INFO] SIM_BRIDGE: NumPy backend (CPU (NumPy backend), 47.7 GB RAM available)
[2026-07-10 05:36:14][INFO] SIM_BRIDGE: Initializing simulation data for model: IZHIKEVICH (3D)... (playback_init: False)
[2026-07-10 05:36:14][INFO] SIM_BRIDGE: RNG initialized with seed: 102
[2026-07-10 05:36:14][INFO] SIM_BRIDGE: Initializing Izhikevich model specifics for 19200 neurons...
[2026-07-10 05:36:14][INFO] SIM_BRIDGE: Applying parameter heterogeneity to neuron parameters...
[2026-07-10 05:36:14][INFO] SIM_BRIDGE: Applied heterogeneity to 4 parameters.
[2026-07-10 05:36:14][INFO] SIM_BRIDGE: Initializing OU process state (tau=15.0ms, sigma=0.0pA)...
[2026-07-10 05:36:14][INFO] SIM_BRIDGE: Generating 3D neuron positions for 19200 neurons...
[2026-07-10 05:36:14][INFO] SIM_BRIDGE: Generating connections (3D)...
[2026-07-10 05:36:14][INFO] SIM_BRIDGE: Simulation data initialized for 19200 neurons (3D). Synapses: 0. GPU memory: 23.8GB/51.2GB (46.5%)
[2026-07-10 05:36:25][INFO] SIM_BRIDGE: NumPy backend (CPU (NumPy backend), 47.7 GB RAM available)
[2026-07-10 05:36:25][INFO] SIM_BRIDGE: Initializing simulation data for model: IZHIKEVICH (3D)... (playback_init: False)
[2026-07-10 05:36:25][INFO] SIM_BRIDGE: RNG initialized with seed: 102
[2026-07-10 05:36:25][INFO] SIM_BRIDGE: Initializing Izhikevich model specifics for 19456 neurons...
[2026-07-10 05:36:25][INFO] SIM_BRIDGE: Applying parameter heterogeneity to neuron parameters...
[2026-07-10 05:36:25][INFO] SIM_BRIDGE: Applied heterogeneity to 4 parameters.
[2026-07-10 05:36:25][INFO] SIM_BRIDGE: Initializing OU process state (tau=15.0ms, sigma=0.0pA)...
[2026-07-10 05:36:25][INFO] SIM_BRIDGE: Generating 3D neuron positions for 19456 neurons...
[2026-07-10 05:36:25][INFO] SIM_BRIDGE: Generating connections (3D)...
[2026-07-10 05:36:25][INFO] SIM_BRIDGE: Simulation data initialized for 19456 neurons (3D). Synapses: 0. GPU memory: 24.3GB/51.2GB (47.4%)
[2026-07-10 05:36:28][INFO] SIM_BRIDGE: NumPy backend (CPU (NumPy backend), 47.7 GB RAM available)
[2026-07-10 05:36:28][INFO] SIM_BRIDGE: Initializing simulation data for model: IZHIKEVICH (3D)... (playback_init: False)
[2026-07-10 05:36:28][INFO] SIM_BRIDGE: RNG initialized with seed: 102
[2026-07-10 05:36:28][INFO] SIM_BRIDGE: Initializing Izhikevich model specifics for 19456 neurons...
[2026-07-10 05:36:28][INFO] SIM_BRIDGE: Applying parameter heterogeneity to neuron parameters...
[2026-07-10 05:36:28][INFO] SIM_BRIDGE: Applied heterogeneity to 4 parameters.
[2026-07-10 05:36:28][INFO] SIM_BRIDGE: Initializing OU process state (tau=15.0ms, sigma=0.0pA)...
[2026-07-10 05:36:28][INFO] SIM_BRIDGE: Generating 3D neuron positions for 19456 neurons...
[2026-07-10 05:36:28][INFO] SIM_BRIDGE: Generating connections (3D)...
[2026-07-10 05:36:28][INFO] SIM_BRIDGE: Simulation data initialized for 19456 neurons (3D). Synapses: 0. GPU memory: 24.3GB/51.2GB (47.3%)
[2026-07-10 05:36:45][INFO] SIM_BRIDGE: NumPy backend (CPU (NumPy backend), 47.7 GB RAM available)
[2026-07-10 05:36:45][INFO] SIM_BRIDGE: Initializing simulation data for model: IZHIKEVICH (3D)... (playback_init: False)
[2026-07-10 05:36:45][INFO] SIM_BRIDGE: RNG initialized with seed: 102
[2026-07-10 05:36:45][INFO] SIM_BRIDGE: Initializing Izhikevich model specifics for 19712 neurons...
[2026-07-10 05:36:45][INFO] SIM_BRIDGE: Applying parameter heterogeneity to neuron parameters...
[2026-07-10 05:36:45][INFO] SIM_BRIDGE: Applied heterogeneity to 4 parameters.
[2026-07-10 05:36:45][INFO] SIM_BRIDGE: Initializing OU process state (tau=15.0ms, sigma=0.0pA)...
[2026-07-10 05:36:45][INFO] SIM_BRIDGE: Generating 3D neuron positions for 19712 neurons...
[2026-07-10 05:36:45][INFO] SIM_BRIDGE: Generating connections (3D)...
[2026-07-10 05:36:45][INFO] SIM_BRIDGE: Simulation data initialized for 19712 neurons (3D). Synapses: 0. GPU memory: 24.3GB/51.2GB (47.5%)
[2026-07-10 05:36:47][INFO] SIM_BRIDGE: NumPy backend (CPU (NumPy backend), 47.7 GB RAM available)
[2026-07-10 05:36:47][INFO] SIM_BRIDGE: Initializing simulation data for model: IZHIKEVICH (3D)... (playback_init: False)
[2026-07-10 05:36:47][INFO] SIM_BRIDGE: RNG initialized with seed: 102
[2026-07-10 05:36:47][INFO] SIM_BRIDGE: Initializing Izhikevich model specifics for 19712 neurons...
[2026-07-10 05:36:47][INFO] SIM_BRIDGE: Applying parameter heterogeneity to neuron parameters...
[2026-07-10 05:36:47][INFO] SIM_BRIDGE: Applied heterogeneity to 4 parameters.
[2026-07-10 05:36:47][INFO] SIM_BRIDGE: Initializing OU process state (tau=15.0ms, sigma=0.0pA)...
[2026-07-10 05:36:47][INFO] SIM_BRIDGE: Generating 3D neuron positions for 19712 neurons...
[2026-07-10 05:36:48][INFO] SIM_BRIDGE: Generating connections (3D)...
[2026-07-10 05:36:48][INFO] SIM_BRIDGE: Simulation data initialized for 19712 neurons (3D). Synapses: 0. GPU memory: 24.5GB/51.2GB (47.9%)
[2026-07-10 05:37:08][INFO] SIM_BRIDGE: NumPy backend (CPU (NumPy backend), 47.7 GB RAM available)
[2026-07-10 05:37:08][INFO] SIM_BRIDGE: Initializing simulation data for model: IZHIKEVICH (3D)... (playback_init: False)
[2026-07-10 05:37:08][INFO] SIM_BRIDGE: RNG initialized with seed: 102
[2026-07-10 05:37:08][INFO] SIM_BRIDGE: Initializing Izhikevich model specifics for 19968 neurons...
[2026-07-10 05:37:08][INFO] SIM_BRIDGE: Applying parameter heterogeneity to neuron parameters...
[2026-07-10 05:37:08][INFO] SIM_BRIDGE: Applied heterogeneity to 4 parameters.
[2026-07-10 05:37:08][INFO] SIM_BRIDGE: Initializing OU process state (tau=15.0ms, sigma=0.0pA)...
[2026-07-10 05:37:08][INFO] SIM_BRIDGE: Generating 3D neuron positions for 19968 neurons...
[2026-07-10 05:37:08][INFO] SIM_BRIDGE: Generating connections (3D)...
[2026-07-10 05:37:08][INFO] SIM_BRIDGE: Simulation data initialized for 19968 neurons (3D). Synapses: 0. GPU memory: 24.9GB/51.2GB (48.6%)
[2026-07-10 05:37:08][INFO] SIM_BRIDGE: NumPy backend (CPU (NumPy backend), 47.7 GB RAM available)
[2026-07-10 05:37:08][INFO] SIM_BRIDGE: Initializing simulation data for model: IZHIKEVICH (3D)... (playback_init: False)
[2026-07-10 05:37:08][INFO] SIM_BRIDGE: RNG initialized with seed: 102
[2026-07-10 05:37:08][INFO] SIM_BRIDGE: Initializing Izhikevich model specifics for 19968 neurons...
[2026-07-10 05:37:08][INFO] SIM_BRIDGE: Applying parameter heterogeneity to neuron parameters...
[2026-07-10 05:37:08][INFO] SIM_BRIDGE: Applied heterogeneity to 4 parameters.
[2026-07-10 05:37:08][INFO] SIM_BRIDGE: Initializing OU process state (tau=15.0ms, sigma=0.0pA)...
[2026-07-10 05:37:08][INFO] SIM_BRIDGE: Generating 3D neuron positions for 19968 neurons...
[2026-07-10 05:37:08][INFO] SIM_BRIDGE: Generating connections (3D)...
[2026-07-10 05:37:08][INFO] SIM_BRIDGE: Simulation data initialized for 19968 neurons (3D). Synapses: 0. GPU memory: 24.9GB/51.2GB (48.6%)
[2026-07-10 05:37:19][INFO] SIM_BRIDGE: NumPy backend (CPU (NumPy backend), 47.7 GB RAM available)
[2026-07-10 05:37:19][INFO] SIM_BRIDGE: Initializing simulation data for model: IZHIKEVICH (3D)... (playback_init: False)
[2026-07-10 05:37:19][INFO] SIM_BRIDGE: RNG initialized with seed: 102
[2026-07-10 05:37:19][INFO] SIM_BRIDGE: Initializing Izhikevich model specifics for 20224 neurons...
[2026-07-10 05:37:19][INFO] SIM_BRIDGE: Applying parameter heterogeneity to neuron parameters...
[2026-07-10 05:37:19][INFO] SIM_BRIDGE: Applied heterogeneity to 4 parameters.
[2026-07-10 05:37:19][INFO] SIM_BRIDGE: Initializing OU process state (tau=15.0ms, sigma=0.0pA)...
[2026-07-10 05:37:19][INFO] SIM_BRIDGE: Generating 3D neuron positions for 20224 neurons...
[2026-07-10 05:37:19][INFO] SIM_BRIDGE: Generating connections (3D)...
[2026-07-10 05:37:19][INFO] SIM_BRIDGE: Simulation data initialized for 20224 neurons (3D). Synapses: 0. GPU memory: 26.0GB/51.2GB (50.7%)
[2026-07-10 05:37:20][INFO] SIM_BRIDGE: NumPy backend (CPU (NumPy backend), 47.7 GB RAM available)
[2026-07-10 05:37:20][INFO] SIM_BRIDGE: Initializing simulation data for model: IZHIKEVICH (3D)... (playback_init: False)
[2026-07-10 05:37:20][INFO] SIM_BRIDGE: RNG initialized with seed: 102
[2026-07-10 05:37:20][INFO] SIM_BRIDGE: Initializing Izhikevich model specifics for 20224 neurons...
[2026-07-10 05:37:20][INFO] SIM_BRIDGE: Applying parameter heterogeneity to neuron parameters...
[2026-07-10 05:37:20][INFO] SIM_BRIDGE: Applied heterogeneity to 4 parameters.
[2026-07-10 05:37:20][INFO] SIM_BRIDGE: Initializing OU process state (tau=15.0ms, sigma=0.0pA)...
[2026-07-10 05:37:20][INFO] SIM_BRIDGE: Generating 3D neuron positions for 20224 neurons...
[2026-07-10 05:37:20][INFO] SIM_BRIDGE: Generating connections (3D)...
[2026-07-10 05:37:20][INFO] SIM_BRIDGE: Simulation data initialized for 20224 neurons (3D). Synapses: 0. GPU memory: 26.2GB/51.2GB (51.2%)
[2026-07-10 05:37:31][INFO] SIM_BRIDGE: NumPy backend (CPU (NumPy backend), 47.7 GB RAM available)
[2026-07-10 05:37:31][INFO] SIM_BRIDGE: Initializing simulation data for model: IZHIKEVICH (3D)... (playback_init: False)
[2026-07-10 05:37:31][INFO] SIM_BRIDGE: RNG initialized with seed: 102
[2026-07-10 05:37:31][INFO] SIM_BRIDGE: Initializing Izhikevich model specifics for 20480 neurons...
[2026-07-10 05:37:31][INFO] SIM_BRIDGE: Applying parameter heterogeneity to neuron parameters...
[2026-07-10 05:37:32][INFO] SIM_BRIDGE: Applied heterogeneity to 4 parameters.
[2026-07-10 05:37:32][INFO] SIM_BRIDGE: Initializing OU process state (tau=15.0ms, sigma=0.0pA)...
[2026-07-10 05:37:32][INFO] SIM_BRIDGE: Generating 3D neuron positions for 20480 neurons...
[2026-07-10 05:37:32][INFO] SIM_BRIDGE: Generating connections (3D)...
[2026-07-10 05:37:32][INFO] SIM_BRIDGE: Simulation data initialized for 20480 neurons (3D). Synapses: 0. GPU memory: 25.9GB/51.2GB (50.5%)
[2026-07-10 05:37:32][INFO] SIM_BRIDGE: NumPy backend (CPU (NumPy backend), 47.7 GB RAM available)
[2026-07-10 05:37:32][INFO] SIM_BRIDGE: Initializing simulation data for model: IZHIKEVICH (3D)... (playback_init: False)
[2026-07-10 05:37:32][INFO] SIM_BRIDGE: RNG initialized with seed: 102
[2026-07-10 05:37:32][INFO] SIM_BRIDGE: Initializing Izhikevich model specifics for 20480 neurons...
[2026-07-10 05:37:32][INFO] SIM_BRIDGE: Applying parameter heterogeneity to neuron parameters...
[2026-07-10 05:37:32][INFO] SIM_BRIDGE: Applied heterogeneity to 4 parameters.
[2026-07-10 05:37:32][INFO] SIM_BRIDGE: Initializing OU process state (tau=15.0ms, sigma=0.0pA)...
[2026-07-10 05:37:32][INFO] SIM_BRIDGE: Generating 3D neuron positions for 20480 neurons...
[2026-07-10 05:37:32][INFO] SIM_BRIDGE: Generating connections (3D)...
[2026-07-10 05:37:32][INFO] SIM_BRIDGE: Simulation data initialized for 20480 neurons (3D). Synapses: 0. GPU memory: 25.9GB/51.2GB (50.5%)
[2026-07-10 05:37:42][INFO] SIM_BRIDGE: NumPy backend (CPU (NumPy backend), 47.7 GB RAM available)
[2026-07-10 05:37:42][INFO] SIM_BRIDGE: Initializing simulation data for model: IZHIKEVICH (3D)... (playback_init: False)
[2026-07-10 05:37:42][INFO] SIM_BRIDGE: RNG initialized with seed: 102
[2026-07-10 05:37:42][INFO] SIM_BRIDGE: Initializing Izhikevich model specifics for 20736 neurons...
[2026-07-10 05:37:42][INFO] SIM_BRIDGE: Applying parameter heterogeneity to neuron parameters...
[2026-07-10 05:37:42][INFO] SIM_BRIDGE: Applied heterogeneity to 4 parameters.
[2026-07-10 05:37:42][INFO] SIM_BRIDGE: Initializing OU process state (tau=15.0ms, sigma=0.0pA)...
[2026-07-10 05:37:42][INFO] SIM_BRIDGE: Generating 3D neuron positions for 20736 neurons...
[2026-07-10 05:37:42][INFO] SIM_BRIDGE: Generating connections (3D)...
[2026-07-10 05:37:42][INFO] SIM_BRIDGE: Simulation data initialized for 20736 neurons (3D). Synapses: 0. GPU memory: 25.4GB/51.2GB (49.6%)
[2026-07-10 05:37:42][INFO] SIM_BRIDGE: NumPy backend (CPU (NumPy backend), 47.7 GB RAM available)
[2026-07-10 05:37:42][INFO] SIM_BRIDGE: Initializing simulation data for model: IZHIKEVICH (3D)... (playback_init: False)
[2026-07-10 05:37:42][INFO] SIM_BRIDGE: RNG initialized with seed: 102
[2026-07-10 05:37:42][INFO] SIM_BRIDGE: Initializing Izhikevich model specifics for 20736 neurons...
[2026-07-10 05:37:42][INFO] SIM_BRIDGE: Applying parameter heterogeneity to neuron parameters...
[2026-07-10 05:37:42][INFO] SIM_BRIDGE: Applied heterogeneity to 4 parameters.
[2026-07-10 05:37:42][INFO] SIM_BRIDGE: Initializing OU process state (tau=15.0ms, sigma=0.0pA)...
[2026-07-10 05:37:42][INFO] SIM_BRIDGE: Generating 3D neuron positions for 20736 neurons...
[2026-07-10 05:37:42][INFO] SIM_BRIDGE: Generating connections (3D)...
[2026-07-10 05:37:42][INFO] SIM_BRIDGE: Simulation data initialized for 20736 neurons (3D). Synapses: 0. GPU memory: 25.2GB/51.2GB (49.1%)
[2026-07-10 05:37:47][INFO] SIM_BRIDGE: NumPy backend (CPU (NumPy backend), 47.7 GB RAM available)
[2026-07-10 05:37:47][INFO] SIM_BRIDGE: Initializing simulation data for model: IZHIKEVICH (3D)... (playback_init: False)
[2026-07-10 05:37:47][INFO] SIM_BRIDGE: RNG initialized with seed: 102
[2026-07-10 05:37:47][INFO] SIM_BRIDGE: Initializing Izhikevich model specifics for 20992 neurons...
[2026-07-10 05:37:47][INFO] SIM_BRIDGE: Applying parameter heterogeneity to neuron parameters...
[2026-07-10 05:37:47][INFO] SIM_BRIDGE: Applied heterogeneity to 4 parameters.
[2026-07-10 05:37:47][INFO] SIM_BRIDGE: Initializing OU process state (tau=15.0ms, sigma=0.0pA)...
[2026-07-10 05:37:47][INFO] SIM_BRIDGE: Generating 3D neuron positions for 20992 neurons...
[2026-07-10 05:37:47][INFO] SIM_BRIDGE: Generating connections (3D)...
[2026-07-10 05:37:47][INFO] SIM_BRIDGE: Simulation data initialized for 20992 neurons (3D). Synapses: 0. GPU memory: 25.0GB/51.2GB (48.8%)
[2026-07-10 05:37:48][INFO] SIM_BRIDGE: NumPy backend (CPU (NumPy backend), 47.7 GB RAM available)
[2026-07-10 05:37:48][INFO] SIM_BRIDGE: Initializing simulation data for model: IZHIKEVICH (3D)... (playback_init: False)
[2026-07-10 05:37:48][INFO] SIM_BRIDGE: RNG initialized with seed: 102
[2026-07-10 05:37:48][INFO] SIM_BRIDGE: Initializing Izhikevich model specifics for 20992 neurons...
[2026-07-10 05:37:48][INFO] SIM_BRIDGE: Applying parameter heterogeneity to neuron parameters...
[2026-07-10 05:37:48][INFO] SIM_BRIDGE: Applied heterogeneity to 4 parameters.
[2026-07-10 05:37:48][INFO] SIM_BRIDGE: Initializing OU process state (tau=15.0ms, sigma=0.0pA)...
[2026-07-10 05:37:48][INFO] SIM_BRIDGE: Generating 3D neuron positions for 20992 neurons...
[2026-07-10 05:37:48][INFO] SIM_BRIDGE: Generating connections (3D)...
[2026-07-10 05:37:48][INFO] SIM_BRIDGE: Simulation data initialized for 20992 neurons (3D). Synapses: 0. GPU memory: 25.0GB/51.2GB (48.8%)
[2026-07-10 05:37:50][INFO] SIM_BRIDGE: NumPy backend (CPU (NumPy backend), 47.7 GB RAM available)
[2026-07-10 05:37:50][INFO] SIM_BRIDGE: Initializing simulation data for model: IZHIKEVICH (3D)... (playback_init: False)
[2026-07-10 05:37:50][INFO] SIM_BRIDGE: RNG initialized with seed: 102
[2026-07-10 05:37:50][INFO] SIM_BRIDGE: Initializing Izhikevich model specifics for 21248 neurons...
[2026-07-10 05:37:50][INFO] SIM_BRIDGE: Applying parameter heterogeneity to neuron parameters...
[2026-07-10 05:37:50][INFO] SIM_BRIDGE: Applied heterogeneity to 4 parameters.
[2026-07-10 05:37:50][INFO] SIM_BRIDGE: Initializing OU process state (tau=15.0ms, sigma=0.0pA)...
[2026-07-10 05:37:50][INFO] SIM_BRIDGE: Generating 3D neuron positions for 21248 neurons...
[2026-07-10 05:37:50][INFO] SIM_BRIDGE: Generating connections (3D)...
[2026-07-10 05:37:50][INFO] SIM_BRIDGE: Simulation data initialized for 21248 neurons (3D). Synapses: 0. GPU memory: 24.7GB/51.2GB (48.2%)
[2026-07-10 05:37:51][INFO] SIM_BRIDGE: NumPy backend (CPU (NumPy backend), 47.7 GB RAM available)
[2026-07-10 05:37:51][INFO] SIM_BRIDGE: Initializing simulation data for model: IZHIKEVICH (3D)... (playback_init: False)
[2026-07-10 05:37:51][INFO] SIM_BRIDGE: RNG initialized with seed: 102
[2026-07-10 05:37:51][INFO] SIM_BRIDGE: Initializing Izhikevich model specifics for 21248 neurons...
[2026-07-10 05:37:51][INFO] SIM_BRIDGE: Applying parameter heterogeneity to neuron parameters...
[2026-07-10 05:37:51][INFO] SIM_BRIDGE: Applied heterogeneity to 4 parameters.
[2026-07-10 05:37:51][INFO] SIM_BRIDGE: Initializing OU process state (tau=15.0ms, sigma=0.0pA)...
[2026-07-10 05:37:51][INFO] SIM_BRIDGE: Generating 3D neuron positions for 21248 neurons...
[2026-07-10 05:37:51][INFO] SIM_BRIDGE: Generating connections (3D)...
[2026-07-10 05:37:51][INFO] SIM_BRIDGE: Simulation data initialized for 21248 neurons (3D). Synapses: 0. GPU memory: 24.8GB/51.2GB (48.3%)
  [seed 102] CROSS-TURN QA=1.0 (n=31) || reset=0.0 | recency=0.065 | flat-fact=0.0 || [diluted all-query: 1.0 vs reset 0.742] | query-invariance=True

  AGGREGATE -- LOAD-BEARING cross-turn subset: QA=1.000 | recency=0.065 | flat-fact=0.000 | query-invariance=True
  (reset on the cross-turn subset=0.000 -- ~0 BY CONSTRUCTION, a consistency check, NOT a gate term)
  (all-query aggregate -- the non-rigged reset evidence: QA=1.000 vs reset=0.742; diluted because a turn ending in an intro/promote needs no cross-turn state)
  VERDICT: GO -- the composed running EVENT persists ACROSS conversational turns and SURVIVES intervening questions: on the LOAD-BEARING subset (queries whose correct answer REQUIRES state carried across the turn boundary) the deployed agent answers what-does-HE-eat from the running event (1.00) where the INDEPENDENT floors RECENCY (0.07) and FLAT-FACT (0.00) both FAIL; resetting the event at each boundary drops the all-query answer 1.00->0.74 (the non-rigged reset evidence); and asking a question leaves the running event byte-identical (query-invariance) -> multi-turn discourse coherence on the deployed brain. NO sim/ edit.
