=== SEED 42 START ===
==============================================================================================================
[L0 LONGITUDINAL DEVELOPMENT LOOP — 1-SEED GPU SMOKE — REAL stream cortex]
  backend=cupy  n_days=7  seed=42  max_windows/day=2500  n_hub=200  n_per=12  D=128
  VERIFY: the develop loop runs at GPU scale with the REAL stream-cortex code-learning swapped for the CPU agent-hear() stand-in; measure development + per-day wall-clock + the anti-cheats.
==============================================================================================================

[L0 develop loop — GPU] WAKE(REAL stream-cortex) -> CONVERSE(MultiTurnAgent on learned codes) -> SLEEP(replay+retention) -> [GROWTH] -> METRICS -> PERSIST, 7 days.

[2026-06-26 06:11:08][INFO] SIM_BRIDGE: CuPy using GPU: NVIDIA GeForce RTX 3090 (24.0 GB), mempool limit: 80%
[2026-06-26 06:11:08][INFO] SIM_BRIDGE: Initializing simulation data for model: IZHIKEVICH (3D)... (playback_init: False)
[2026-06-26 06:11:08][INFO] SIM_BRIDGE: Brain-region framework: 2 regions, 2700 total neurons, 1 pathways.
[2026-06-26 06:11:08][INFO] SIM_BRIDGE: RNG initialized with seed: 42
[2026-06-26 06:11:08][INFO] SIM_BRIDGE: Initializing Izhikevich model specifics for 2700 neurons...
[2026-06-26 06:11:08][INFO] SIM_BRIDGE: Applying parameter heterogeneity to neuron parameters...
[2026-06-26 06:11:08][INFO] SIM_BRIDGE: Applied heterogeneity to 4 parameters.
[2026-06-26 06:11:08][INFO] SIM_BRIDGE: Generating 3D neuron positions for 2700 neurons...
[2026-06-26 06:11:08][INFO] SIM_BRIDGE: Generating connections (brain-region framework)...
[2026-06-26 06:11:09][WARNING] SIM_BRIDGE: No trait info available; all synapses default to E->E STP type.
[2026-06-26 06:11:09][INFO] SIM_BRIDGE: inject_explicit_wiring: installed 720000 synapses across 1 populations.
[2026-06-26 06:11:09][INFO] SIM_BRIDGE: Initializing STP state for 720000 synapses (capacity: 1080000)...
[2026-06-26 06:11:09][INFO] SIM_BRIDGE: Initializing eligibility traces for 720000 synapses (capacity: 1080000, dtype: float32)...
[2026-06-26 06:11:09][WARNING] SIM_BRIDGE: No trait info available; all synapses default to E->E STP type.
[2026-06-26 06:11:09][INFO] SIM_BRIDGE: Initializing structural plasticity state...
[2026-06-26 06:11:09][INFO] SIM_BRIDGE: Simulation data initialized for 2700 neurons (3D). Synapses: 720000. GPU memory: 1.4GB/25.8GB (5.4%)
[2026-06-26 06:11:22][INFO] SIM_BRIDGE: CuPy using GPU: NVIDIA GeForce RTX 3090 (24.0 GB), mempool limit: 80%
[2026-06-26 06:11:22][INFO] SIM_BRIDGE: Initializing simulation data for model: IZHIKEVICH (3D)... (playback_init: False)
[2026-06-26 06:11:22][INFO] SIM_BRIDGE: RNG initialized with seed: 42
[2026-06-26 06:11:22][INFO] SIM_BRIDGE: Initializing Izhikevich model specifics for 126 neurons...
[2026-06-26 06:11:22][INFO] SIM_BRIDGE: Applying parameter heterogeneity to neuron parameters...
[2026-06-26 06:11:22][INFO] SIM_BRIDGE: Applied heterogeneity to 4 parameters.
[2026-06-26 06:11:22][INFO] SIM_BRIDGE: Initializing OU process state (tau=15.0ms, sigma=20.0pA)...
[2026-06-26 06:11:22][INFO] SIM_BRIDGE: Generating 3D neuron positions for 126 neurons...
[2026-06-26 06:11:22][INFO] SIM_BRIDGE: Generating connections (3D)...
[2026-06-26 06:11:22][INFO] SIM_BRIDGE: Simulation data initialized for 126 neurons (3D). Synapses: 0. GPU memory: 1.6GB/25.8GB (6.0%)
[2026-06-26 06:11:22][INFO] SIM_BRIDGE: inject_explicit_wiring: installed 720 synapses across 1 populations.
[2026-06-26 06:12:00][INFO] SIM_BRIDGE: CuPy using GPU: NVIDIA GeForce RTX 3090 (24.0 GB), mempool limit: 80%
[2026-06-26 06:12:00][INFO] SIM_BRIDGE: Initializing simulation data for model: IZHIKEVICH (3D)... (playback_init: False)
[2026-06-26 06:12:00][INFO] SIM_BRIDGE: RNG initialized with seed: 42
[2026-06-26 06:12:00][INFO] SIM_BRIDGE: Initializing Izhikevich model specifics for 224 neurons...
[2026-06-26 06:12:00][INFO] SIM_BRIDGE: Applying parameter heterogeneity to neuron parameters...
[2026-06-26 06:12:00][INFO] SIM_BRIDGE: Applied heterogeneity to 4 parameters.
[2026-06-26 06:12:00][INFO] SIM_BRIDGE: Initializing OU process state (tau=15.0ms, sigma=20.0pA)...
[2026-06-26 06:12:00][INFO] SIM_BRIDGE: Generating 3D neuron positions for 224 neurons...
[2026-06-26 06:12:00][INFO] SIM_BRIDGE: Generating connections (3D)...
[2026-06-26 06:12:00][INFO] SIM_BRIDGE: Simulation data initialized for 224 neurons (3D). Synapses: 0. GPU memory: 1.6GB/25.8GB (6.0%)
[2026-06-26 06:12:00][INFO] SIM_BRIDGE: inject_explicit_wiring: installed 4800 synapses across 1 populations.
[2026-06-26 06:12:55][INFO] SIM_BRIDGE: CuPy using GPU: NVIDIA GeForce RTX 3090 (24.0 GB), mempool limit: 80%
[2026-06-26 06:12:55][INFO] SIM_BRIDGE: Initializing simulation data for model: IZHIKEVICH (3D)... (playback_init: False)
[2026-06-26 06:12:55][INFO] SIM_BRIDGE: Brain-region framework: 2 regions, 2560 total neurons, 2 pathways.
[2026-06-26 06:12:55][INFO] SIM_BRIDGE: RNG initialized with seed: 42
[2026-06-26 06:12:55][INFO] SIM_BRIDGE: NMDA per-region mask: 2 regions enabled (2560 neurons)
[2026-06-26 06:12:55][INFO] SIM_BRIDGE: Initializing Izhikevich model specifics for 2560 neurons...
[2026-06-26 06:12:55][INFO] SIM_BRIDGE: Region 'cortex_ctx' (1280 neurons): using Izh type IZH2007_HIPPO_PYRAMIDAL
[2026-06-26 06:12:55][INFO] SIM_BRIDGE: Region 'dlpfc_wm' (1280 neurons): using Izh type IZH2007_HIPPO_PYRAMIDAL
[2026-06-26 06:12:55][INFO] SIM_BRIDGE: Applying parameter heterogeneity to neuron parameters...
[2026-06-26 06:12:55][INFO] SIM_BRIDGE: Applied heterogeneity to 4 parameters.
[2026-06-26 06:12:55][INFO] SIM_BRIDGE: Generating 3D neuron positions for 2560 neurons...
[2026-06-26 06:12:55][INFO] SIM_BRIDGE: Generating connections (brain-region framework)...
[2026-06-26 06:12:56][INFO] SIM_BRIDGE: inject_explicit_wiring: installed 491754 synapses across 4 populations.
[2026-06-26 06:12:56][INFO] SIM_BRIDGE: Initializing eligibility traces for 491754 synapses (capacity: 737631, dtype: float32)...
[2026-06-26 06:12:56][INFO] SIM_BRIDGE: Initializing STDP state for 2560 neurons...
[2026-06-26 06:12:56][INFO] SIM_BRIDGE: Simulation data initialized for 2560 neurons (3D). Synapses: 491754. GPU memory: 1.6GB/25.8GB (6.0%)
[2026-06-26 06:12:57][INFO] SIM_BRIDGE: CuPy using GPU: NVIDIA GeForce RTX 3090 (24.0 GB), mempool limit: 80%
[2026-06-26 06:12:57][INFO] SIM_BRIDGE: Initializing simulation data for model: IZHIKEVICH (3D)... (playback_init: False)
[2026-06-26 06:12:57][INFO] SIM_BRIDGE: RNG initialized with seed: 42
[2026-06-26 06:12:57][INFO] SIM_BRIDGE: Initializing Izhikevich model specifics for 256 neurons...
[2026-06-26 06:12:57][INFO] SIM_BRIDGE: Applying parameter heterogeneity to neuron parameters...
[2026-06-26 06:12:57][INFO] SIM_BRIDGE: Applied heterogeneity to 4 parameters.
[2026-06-26 06:12:57][INFO] SIM_BRIDGE: Initializing OU process state (tau=15.0ms, sigma=0.0pA)...
[2026-06-26 06:12:57][INFO] SIM_BRIDGE: Generating 3D neuron positions for 256 neurons...
[2026-06-26 06:12:57][INFO] SIM_BRIDGE: Generating connections (3D)...
[2026-06-26 06:12:57][INFO] SIM_BRIDGE: Simulation data initialized for 256 neurons (3D). Synapses: 0. GPU memory: 1.6GB/25.8GB (6.0%)
[2026-06-26 06:12:58][INFO] SIM_BRIDGE: CuPy using GPU: NVIDIA GeForce RTX 3090 (24.0 GB), mempool limit: 80%
[2026-06-26 06:12:58][INFO] SIM_BRIDGE: Initializing simulation data for model: IZHIKEVICH (3D)... (playback_init: False)
[2026-06-26 06:12:58][INFO] SIM_BRIDGE: RNG initialized with seed: 42
[2026-06-26 06:12:58][INFO] SIM_BRIDGE: Initializing Izhikevich model specifics for 640 neurons...
[2026-06-26 06:12:58][INFO] SIM_BRIDGE: Applying parameter heterogeneity to neuron parameters...
[2026-06-26 06:12:58][INFO] SIM_BRIDGE: Applied heterogeneity to 4 parameters.
[2026-06-26 06:12:58][INFO] SIM_BRIDGE: Initializing OU process state (tau=15.0ms, sigma=0.0pA)...
[2026-06-26 06:12:58][INFO] SIM_BRIDGE: Generating 3D neuron positions for 640 neurons...
[2026-06-26 06:12:58][INFO] SIM_BRIDGE: Generating connections (3D)...
[2026-06-26 06:12:58][INFO] SIM_BRIDGE: Simulation data initialized for 640 neurons (3D). Synapses: 0. GPU memory: 1.6GB/25.8GB (6.1%)
[2026-06-26 06:13:01][INFO] SIM_BRIDGE: CuPy using GPU: NVIDIA GeForce RTX 3090 (24.0 GB), mempool limit: 80%
[2026-06-26 06:13:01][INFO] SIM_BRIDGE: Initializing simulation data for model: IZHIKEVICH (3D)... (playback_init: False)
[2026-06-26 06:13:01][INFO] SIM_BRIDGE: RNG initialized with seed: 42
[2026-06-26 06:13:01][INFO] SIM_BRIDGE: Initializing Izhikevich model specifics for 768 neurons...
[2026-06-26 06:13:01][INFO] SIM_BRIDGE: Applying parameter heterogeneity to neuron parameters...
[2026-06-26 06:13:01][INFO] SIM_BRIDGE: Applied heterogeneity to 4 parameters.
[2026-06-26 06:13:01][INFO] SIM_BRIDGE: Initializing OU process state (tau=15.0ms, sigma=0.0pA)...
[2026-06-26 06:13:01][INFO] SIM_BRIDGE: Generating 3D neuron positions for 768 neurons...
[2026-06-26 06:13:01][INFO] SIM_BRIDGE: Generating connections (3D)...
[2026-06-26 06:13:01][INFO] SIM_BRIDGE: Simulation data initialized for 768 neurons (3D). Synapses: 0. GPU memory: 1.6GB/25.8GB (6.1%)
  [day 0] vocab= 6 heard= 6 facts= 2 recall=1.00 heldout=- retain=- chain=- moat_fa=0 corr(M,C)=+0.91 tier=4 replay=1 win=2500 (112.8s wake=13.3s)
[2026-06-26 06:13:15][INFO] SIM_BRIDGE: CuPy using GPU: NVIDIA GeForce RTX 3090 (24.0 GB), mempool limit: 80%
[2026-06-26 06:13:15][INFO] SIM_BRIDGE: Initializing simulation data for model: IZHIKEVICH (3D)... (playback_init: False)
[2026-06-26 06:13:15][INFO] SIM_BRIDGE: RNG initialized with seed: 42
[2026-06-26 06:13:15][INFO] SIM_BRIDGE: Initializing Izhikevich model specifics for 126 neurons...
[2026-06-26 06:13:15][INFO] SIM_BRIDGE: Applying parameter heterogeneity to neuron parameters...
[2026-06-26 06:13:15][INFO] SIM_BRIDGE: Applied heterogeneity to 4 parameters.
[2026-06-26 06:13:15][INFO] SIM_BRIDGE: Initializing OU process state (tau=15.0ms, sigma=20.0pA)...
[2026-06-26 06:13:15][INFO] SIM_BRIDGE: Generating 3D neuron positions for 126 neurons...
[2026-06-26 06:13:15][INFO] SIM_BRIDGE: Generating connections (3D)...
[2026-06-26 06:13:15][INFO] SIM_BRIDGE: Simulation data initialized for 126 neurons (3D). Synapses: 0. GPU memory: 1.6GB/25.8GB (6.1%)
[2026-06-26 06:13:15][INFO] SIM_BRIDGE: inject_explicit_wiring: installed 720 synapses across 1 populations.
[2026-06-26 06:13:52][INFO] SIM_BRIDGE: CuPy using GPU: NVIDIA GeForce RTX 3090 (24.0 GB), mempool limit: 80%
[2026-06-26 06:13:52][INFO] SIM_BRIDGE: Initializing simulation data for model: IZHIKEVICH (3D)... (playback_init: False)
[2026-06-26 06:13:52][INFO] SIM_BRIDGE: RNG initialized with seed: 42
[2026-06-26 06:13:52][INFO] SIM_BRIDGE: Initializing Izhikevich model specifics for 224 neurons...
[2026-06-26 06:13:52][INFO] SIM_BRIDGE: Applying parameter heterogeneity to neuron parameters...
[2026-06-26 06:13:52][INFO] SIM_BRIDGE: Applied heterogeneity to 4 parameters.
[2026-06-26 06:13:52][INFO] SIM_BRIDGE: Initializing OU process state (tau=15.0ms, sigma=20.0pA)...
[2026-06-26 06:13:52][INFO] SIM_BRIDGE: Generating 3D neuron positions for 224 neurons...
[2026-06-26 06:13:52][INFO] SIM_BRIDGE: Generating connections (3D)...
[2026-06-26 06:13:52][INFO] SIM_BRIDGE: Simulation data initialized for 224 neurons (3D). Synapses: 0. GPU memory: 1.6GB/25.8GB (6.1%)
[2026-06-26 06:13:52][INFO] SIM_BRIDGE: inject_explicit_wiring: installed 4800 synapses across 1 populations.
[2026-06-26 06:14:45][INFO] SIM_BRIDGE: CuPy using GPU: NVIDIA GeForce RTX 3090 (24.0 GB), mempool limit: 80%
[2026-06-26 06:14:45][INFO] SIM_BRIDGE: Initializing simulation data for model: IZHIKEVICH (3D)... (playback_init: False)
[2026-06-26 06:14:45][INFO] SIM_BRIDGE: Brain-region framework: 2 regions, 2560 total neurons, 2 pathways.
[2026-06-26 06:14:45][INFO] SIM_BRIDGE: RNG initialized with seed: 42
[2026-06-26 06:14:45][INFO] SIM_BRIDGE: NMDA per-region mask: 2 regions enabled (2560 neurons)
[2026-06-26 06:14:45][INFO] SIM_BRIDGE: Initializing Izhikevich model specifics for 2560 neurons...
[2026-06-26 06:14:45][INFO] SIM_BRIDGE: Region 'cortex_ctx' (1280 neurons): using Izh type IZH2007_HIPPO_PYRAMIDAL
[2026-06-26 06:14:45][INFO] SIM_BRIDGE: Region 'dlpfc_wm' (1280 neurons): using Izh type IZH2007_HIPPO_PYRAMIDAL
[2026-06-26 06:14:45][INFO] SIM_BRIDGE: Applying parameter heterogeneity to neuron parameters...
[2026-06-26 06:14:45][INFO] SIM_BRIDGE: Applied heterogeneity to 4 parameters.
[2026-06-26 06:14:45][INFO] SIM_BRIDGE: Generating 3D neuron positions for 2560 neurons...
[2026-06-26 06:14:45][INFO] SIM_BRIDGE: Generating connections (brain-region framework)...
[2026-06-26 06:14:46][INFO] SIM_BRIDGE: inject_explicit_wiring: installed 491754 synapses across 4 populations.
[2026-06-26 06:14:46][INFO] SIM_BRIDGE: Initializing eligibility traces for 491754 synapses (capacity: 737631, dtype: float32)...
[2026-06-26 06:14:46][INFO] SIM_BRIDGE: Initializing STDP state for 2560 neurons...
[2026-06-26 06:14:46][INFO] SIM_BRIDGE: Simulation data initialized for 2560 neurons (3D). Synapses: 491754. GPU memory: 1.6GB/25.8GB (6.1%)
[2026-06-26 06:14:47][INFO] SIM_BRIDGE: CuPy using GPU: NVIDIA GeForce RTX 3090 (24.0 GB), mempool limit: 80%
[2026-06-26 06:14:47][INFO] SIM_BRIDGE: Initializing simulation data for model: IZHIKEVICH (3D)... (playback_init: False)
[2026-06-26 06:14:47][INFO] SIM_BRIDGE: RNG initialized with seed: 42
[2026-06-26 06:14:47][INFO] SIM_BRIDGE: Initializing Izhikevich model specifics for 256 neurons...
[2026-06-26 06:14:47][INFO] SIM_BRIDGE: Applying parameter heterogeneity to neuron parameters...
[2026-06-26 06:14:47][INFO] SIM_BRIDGE: Applied heterogeneity to 4 parameters.
[2026-06-26 06:14:47][INFO] SIM_BRIDGE: Initializing OU process state (tau=15.0ms, sigma=0.0pA)...
[2026-06-26 06:14:47][INFO] SIM_BRIDGE: Generating 3D neuron positions for 256 neurons...
[2026-06-26 06:14:47][INFO] SIM_BRIDGE: Generating connections (3D)...
[2026-06-26 06:14:47][INFO] SIM_BRIDGE: Simulation data initialized for 256 neurons (3D). Synapses: 0. GPU memory: 1.6GB/25.8GB (6.1%)
[2026-06-26 06:14:47][INFO] SIM_BRIDGE: CuPy using GPU: NVIDIA GeForce RTX 3090 (24.0 GB), mempool limit: 80%
[2026-06-26 06:14:47][INFO] SIM_BRIDGE: Initializing simulation data for model: IZHIKEVICH (3D)... (playback_init: False)
[2026-06-26 06:14:47][INFO] SIM_BRIDGE: RNG initialized with seed: 42
[2026-06-26 06:14:47][INFO] SIM_BRIDGE: Initializing Izhikevich model specifics for 640 neurons...
[2026-06-26 06:14:47][INFO] SIM_BRIDGE: Applying parameter heterogeneity to neuron parameters...
[2026-06-26 06:14:47][INFO] SIM_BRIDGE: Applied heterogeneity to 4 parameters.
[2026-06-26 06:14:47][INFO] SIM_BRIDGE: Initializing OU process state (tau=15.0ms, sigma=0.0pA)...
[2026-06-26 06:14:47][INFO] SIM_BRIDGE: Generating 3D neuron positions for 640 neurons...
[2026-06-26 06:14:47][INFO] SIM_BRIDGE: Generating connections (3D)...
[2026-06-26 06:14:47][INFO] SIM_BRIDGE: Simulation data initialized for 640 neurons (3D). Synapses: 0. GPU memory: 1.6GB/25.8GB (6.1%)
[2026-06-26 06:14:55][INFO] SIM_BRIDGE: CuPy using GPU: NVIDIA GeForce RTX 3090 (24.0 GB), mempool limit: 80%
[2026-06-26 06:14:55][INFO] SIM_BRIDGE: Initializing simulation data for model: IZHIKEVICH (3D)... (playback_init: False)
[2026-06-26 06:14:55][INFO] SIM_BRIDGE: RNG initialized with seed: 42
[2026-06-26 06:14:55][INFO] SIM_BRIDGE: Initializing Izhikevich model specifics for 1792 neurons...
[2026-06-26 06:14:55][INFO] SIM_BRIDGE: Applying parameter heterogeneity to neuron parameters...
[2026-06-26 06:14:55][INFO] SIM_BRIDGE: Applied heterogeneity to 4 parameters.
[2026-06-26 06:14:55][INFO] SIM_BRIDGE: Initializing OU process state (tau=15.0ms, sigma=0.0pA)...
[2026-06-26 06:14:55][INFO] SIM_BRIDGE: Generating 3D neuron positions for 1792 neurons...
[2026-06-26 06:14:55][INFO] SIM_BRIDGE: Generating connections (3D)...
[2026-06-26 06:14:55][INFO] SIM_BRIDGE: Simulation data initialized for 1792 neurons (3D). Synapses: 0. GPU memory: 1.6GB/25.8GB (6.1%)
  [day 1] vocab=12 heard=12 facts= 5 recall=1.00 heldout=1.00 retain=1.00 chain=- moat_fa=0 corr(M,C)=+0.90 tier=4 replay=2 win=2500 (116.2s wake=13.5s)
[2026-06-26 06:15:11][INFO] SIM_BRIDGE: CuPy using GPU: NVIDIA GeForce RTX 3090 (24.0 GB), mempool limit: 80%
[2026-06-26 06:15:11][INFO] SIM_BRIDGE: Initializing simulation data for model: IZHIKEVICH (3D)... (playback_init: False)
[2026-06-26 06:15:11][INFO] SIM_BRIDGE: RNG initialized with seed: 42
[2026-06-26 06:15:11][INFO] SIM_BRIDGE: Initializing Izhikevich model specifics for 126 neurons...
[2026-06-26 06:15:11][INFO] SIM_BRIDGE: Applying parameter heterogeneity to neuron parameters...
[2026-06-26 06:15:11][INFO] SIM_BRIDGE: Applied heterogeneity to 4 parameters.
[2026-06-26 06:15:11][INFO] SIM_BRIDGE: Initializing OU process state (tau=15.0ms, sigma=20.0pA)...
[2026-06-26 06:15:11][INFO] SIM_BRIDGE: Generating 3D neuron positions for 126 neurons...
[2026-06-26 06:15:11][INFO] SIM_BRIDGE: Generating connections (3D)...
[2026-06-26 06:15:11][INFO] SIM_BRIDGE: Simulation data initialized for 126 neurons (3D). Synapses: 0. GPU memory: 1.6GB/25.8GB (6.1%)
[2026-06-26 06:15:11][INFO] SIM_BRIDGE: inject_explicit_wiring: installed 720 synapses across 1 populations.
[2026-06-26 06:15:48][INFO] SIM_BRIDGE: CuPy using GPU: NVIDIA GeForce RTX 3090 (24.0 GB), mempool limit: 80%
[2026-06-26 06:15:48][INFO] SIM_BRIDGE: Initializing simulation data for model: IZHIKEVICH (3D)... (playback_init: False)
[2026-06-26 06:15:48][INFO] SIM_BRIDGE: RNG initialized with seed: 42
[2026-06-26 06:15:48][INFO] SIM_BRIDGE: Initializing Izhikevich model specifics for 224 neurons...
[2026-06-26 06:15:48][INFO] SIM_BRIDGE: Applying parameter heterogeneity to neuron parameters...
[2026-06-26 06:15:48][INFO] SIM_BRIDGE: Applied heterogeneity to 4 parameters.
[2026-06-26 06:15:48][INFO] SIM_BRIDGE: Initializing OU process state (tau=15.0ms, sigma=20.0pA)...
[2026-06-26 06:15:48][INFO] SIM_BRIDGE: Generating 3D neuron positions for 224 neurons...
[2026-06-26 06:15:48][INFO] SIM_BRIDGE: Generating connections (3D)...
[2026-06-26 06:15:48][INFO] SIM_BRIDGE: Simulation data initialized for 224 neurons (3D). Synapses: 0. GPU memory: 1.6GB/25.8GB (6.1%)
[2026-06-26 06:15:48][INFO] SIM_BRIDGE: inject_explicit_wiring: installed 4800 synapses across 1 populations.
[2026-06-26 06:16:43][INFO] SIM_BRIDGE: CuPy using GPU: NVIDIA GeForce RTX 3090 (24.0 GB), mempool limit: 80%
[2026-06-26 06:16:43][INFO] SIM_BRIDGE: Initializing simulation data for model: IZHIKEVICH (3D)... (playback_init: False)
[2026-06-26 06:16:43][INFO] SIM_BRIDGE: Brain-region framework: 2 regions, 2560 total neurons, 2 pathways.
[2026-06-26 06:16:43][INFO] SIM_BRIDGE: RNG initialized with seed: 42
[2026-06-26 06:16:43][INFO] SIM_BRIDGE: NMDA per-region mask: 2 regions enabled (2560 neurons)
[2026-06-26 06:16:43][INFO] SIM_BRIDGE: Initializing Izhikevich model specifics for 2560 neurons...
[2026-06-26 06:16:43][INFO] SIM_BRIDGE: Region 'cortex_ctx' (1280 neurons): using Izh type IZH2007_HIPPO_PYRAMIDAL
[2026-06-26 06:16:43][INFO] SIM_BRIDGE: Region 'dlpfc_wm' (1280 neurons): using Izh type IZH2007_HIPPO_PYRAMIDAL
[2026-06-26 06:16:43][INFO] SIM_BRIDGE: Applying parameter heterogeneity to neuron parameters...
[2026-06-26 06:16:43][INFO] SIM_BRIDGE: Applied heterogeneity to 4 parameters.
[2026-06-26 06:16:43][INFO] SIM_BRIDGE: Generating 3D neuron positions for 2560 neurons...
[2026-06-26 06:16:43][INFO] SIM_BRIDGE: Generating connections (brain-region framework)...
[2026-06-26 06:16:44][INFO] SIM_BRIDGE: inject_explicit_wiring: installed 491754 synapses across 4 populations.
[2026-06-26 06:16:44][INFO] SIM_BRIDGE: Initializing eligibility traces for 491754 synapses (capacity: 737631, dtype: float32)...
[2026-06-26 06:16:44][INFO] SIM_BRIDGE: Initializing STDP state for 2560 neurons...
[2026-06-26 06:16:44][INFO] SIM_BRIDGE: Simulation data initialized for 2560 neurons (3D). Synapses: 491754. GPU memory: 1.6GB/25.8GB (6.1%)
[2026-06-26 06:16:45][INFO] SIM_BRIDGE: CuPy using GPU: NVIDIA GeForce RTX 3090 (24.0 GB), mempool limit: 80%
[2026-06-26 06:16:45][INFO] SIM_BRIDGE: Initializing simulation data for model: IZHIKEVICH (3D)... (playback_init: False)
[2026-06-26 06:16:45][INFO] SIM_BRIDGE: RNG initialized with seed: 42
[2026-06-26 06:16:45][INFO] SIM_BRIDGE: Initializing Izhikevich model specifics for 256 neurons...
[2026-06-26 06:16:45][INFO] SIM_BRIDGE: Applying parameter heterogeneity to neuron parameters...
[2026-06-26 06:16:45][INFO] SIM_BRIDGE: Applied heterogeneity to 4 parameters.
[2026-06-26 06:16:45][INFO] SIM_BRIDGE: Initializing OU process state (tau=15.0ms, sigma=0.0pA)...
[2026-06-26 06:16:45][INFO] SIM_BRIDGE: Generating 3D neuron positions for 256 neurons...
[2026-06-26 06:16:45][INFO] SIM_BRIDGE: Generating connections (3D)...
[2026-06-26 06:16:45][INFO] SIM_BRIDGE: Simulation data initialized for 256 neurons (3D). Synapses: 0. GPU memory: 1.6GB/25.8GB (6.1%)
[2026-06-26 06:16:46][INFO] SIM_BRIDGE: CuPy using GPU: NVIDIA GeForce RTX 3090 (24.0 GB), mempool limit: 80%
[2026-06-26 06:16:46][INFO] SIM_BRIDGE: Initializing simulation data for model: IZHIKEVICH (3D)... (playback_init: False)
[2026-06-26 06:16:46][INFO] SIM_BRIDGE: RNG initialized with seed: 42
[2026-06-26 06:16:46][INFO] SIM_BRIDGE: Initializing Izhikevich model specifics for 640 neurons...
[2026-06-26 06:16:46][INFO] SIM_BRIDGE: Applying parameter heterogeneity to neuron parameters...
[2026-06-26 06:16:46][INFO] SIM_BRIDGE: Applied heterogeneity to 4 parameters.
[2026-06-26 06:16:46][INFO] SIM_BRIDGE: Initializing OU process state (tau=15.0ms, sigma=0.0pA)...
[2026-06-26 06:16:46][INFO] SIM_BRIDGE: Generating 3D neuron positions for 640 neurons...
[2026-06-26 06:16:46][INFO] SIM_BRIDGE: Generating connections (3D)...
[2026-06-26 06:16:46][INFO] SIM_BRIDGE: Simulation data initialized for 640 neurons (3D). Synapses: 0. GPU memory: 1.6GB/25.8GB (6.1%)
[2026-06-26 06:17:00][INFO] SIM_BRIDGE: CuPy using GPU: NVIDIA GeForce RTX 3090 (24.0 GB), mempool limit: 80%
[2026-06-26 06:17:00][INFO] SIM_BRIDGE: Initializing simulation data for model: IZHIKEVICH (3D)... (playback_init: False)
[2026-06-26 06:17:00][INFO] SIM_BRIDGE: RNG initialized with seed: 42
[2026-06-26 06:17:00][INFO] SIM_BRIDGE: Initializing Izhikevich model specifics for 3072 neurons...
[2026-06-26 06:17:00][INFO] SIM_BRIDGE: Applying parameter heterogeneity to neuron parameters...
[2026-06-26 06:17:00][INFO] SIM_BRIDGE: Applied heterogeneity to 4 parameters.
[2026-06-26 06:17:00][INFO] SIM_BRIDGE: Initializing OU process state (tau=15.0ms, sigma=0.0pA)...
[2026-06-26 06:17:00][INFO] SIM_BRIDGE: Generating 3D neuron positions for 3072 neurons...
[2026-06-26 06:17:00][INFO] SIM_BRIDGE: Generating connections (3D)...
[2026-06-26 06:17:00][INFO] SIM_BRIDGE: Simulation data initialized for 3072 neurons (3D). Synapses: 0. GPU memory: 1.6GB/25.8GB (6.1%)
    [growth] mastered tier 4 -> promoted to 8
  [day 2] vocab=18 heard=18 facts= 8 recall=1.00 heldout=1.00 retain=1.00 chain=1.00 moat_fa=0 corr(M,C)=+0.89 tier=8 replay=4 win=2500 (126.1s wake=13.3s)
[2026-06-26 06:17:17][INFO] SIM_BRIDGE: CuPy using GPU: NVIDIA GeForce RTX 3090 (24.0 GB), mempool limit: 80%
[2026-06-26 06:17:17][INFO] SIM_BRIDGE: Initializing simulation data for model: IZHIKEVICH (3D)... (playback_init: False)
[2026-06-26 06:17:17][INFO] SIM_BRIDGE: RNG initialized with seed: 42
[2026-06-26 06:17:17][INFO] SIM_BRIDGE: Initializing Izhikevich model specifics for 126 neurons...
[2026-06-26 06:17:17][INFO] SIM_BRIDGE: Applying parameter heterogeneity to neuron parameters...
[2026-06-26 06:17:17][INFO] SIM_BRIDGE: Applied heterogeneity to 4 parameters.
[2026-06-26 06:17:17][INFO] SIM_BRIDGE: Initializing OU process state (tau=15.0ms, sigma=20.0pA)...
[2026-06-26 06:17:17][INFO] SIM_BRIDGE: Generating 3D neuron positions for 126 neurons...
[2026-06-26 06:17:17][INFO] SIM_BRIDGE: Generating connections (3D)...
[2026-06-26 06:17:17][INFO] SIM_BRIDGE: Simulation data initialized for 126 neurons (3D). Synapses: 0. GPU memory: 1.6GB/25.8GB (6.1%)
[2026-06-26 06:17:17][INFO] SIM_BRIDGE: inject_explicit_wiring: installed 720 synapses across 1 populations.
[2026-06-26 06:17:55][INFO] SIM_BRIDGE: CuPy using GPU: NVIDIA GeForce RTX 3090 (24.0 GB), mempool limit: 80%
[2026-06-26 06:17:55][INFO] SIM_BRIDGE: Initializing simulation data for model: IZHIKEVICH (3D)... (playback_init: False)
[2026-06-26 06:17:55][INFO] SIM_BRIDGE: RNG initialized with seed: 42
[2026-06-26 06:17:55][INFO] SIM_BRIDGE: Initializing Izhikevich model specifics for 224 neurons...
[2026-06-26 06:17:55][INFO] SIM_BRIDGE: Applying parameter heterogeneity to neuron parameters...
[2026-06-26 06:17:55][INFO] SIM_BRIDGE: Applied heterogeneity to 4 parameters.
[2026-06-26 06:17:55][INFO] SIM_BRIDGE: Initializing OU process state (tau=15.0ms, sigma=20.0pA)...
[2026-06-26 06:17:55][INFO] SIM_BRIDGE: Generating 3D neuron positions for 224 neurons...
[2026-06-26 06:17:55][INFO] SIM_BRIDGE: Generating connections (3D)...
[2026-06-26 06:17:55][INFO] SIM_BRIDGE: Simulation data initialized for 224 neurons (3D). Synapses: 0. GPU memory: 1.6GB/25.8GB (6.1%)
[2026-06-26 06:17:55][INFO] SIM_BRIDGE: inject_explicit_wiring: installed 4800 synapses across 1 populations.
[2026-06-26 06:18:49][INFO] SIM_BRIDGE: CuPy using GPU: NVIDIA GeForce RTX 3090 (24.0 GB), mempool limit: 80%
[2026-06-26 06:18:49][INFO] SIM_BRIDGE: Initializing simulation data for model: IZHIKEVICH (3D)... (playback_init: False)
[2026-06-26 06:18:49][INFO] SIM_BRIDGE: Brain-region framework: 2 regions, 2560 total neurons, 2 pathways.
[2026-06-26 06:18:49][INFO] SIM_BRIDGE: RNG initialized with seed: 42
[2026-06-26 06:18:49][INFO] SIM_BRIDGE: NMDA per-region mask: 2 regions enabled (2560 neurons)
[2026-06-26 06:18:49][INFO] SIM_BRIDGE: Initializing Izhikevich model specifics for 2560 neurons...
[2026-06-26 06:18:49][INFO] SIM_BRIDGE: Region 'cortex_ctx' (1280 neurons): using Izh type IZH2007_HIPPO_PYRAMIDAL
[2026-06-26 06:18:49][INFO] SIM_BRIDGE: Region 'dlpfc_wm' (1280 neurons): using Izh type IZH2007_HIPPO_PYRAMIDAL
[2026-06-26 06:18:49][INFO] SIM_BRIDGE: Applying parameter heterogeneity to neuron parameters...
[2026-06-26 06:18:49][INFO] SIM_BRIDGE: Applied heterogeneity to 4 parameters.
[2026-06-26 06:18:49][INFO] SIM_BRIDGE: Generating 3D neuron positions for 2560 neurons...
[2026-06-26 06:18:49][INFO] SIM_BRIDGE: Generating connections (brain-region framework)...
[2026-06-26 06:18:49][INFO] SIM_BRIDGE: inject_explicit_wiring: installed 491754 synapses across 4 populations.
[2026-06-26 06:18:49][INFO] SIM_BRIDGE: Initializing eligibility traces for 491754 synapses (capacity: 737631, dtype: float32)...
[2026-06-26 06:18:49][INFO] SIM_BRIDGE: Initializing STDP state for 2560 neurons...
[2026-06-26 06:18:49][INFO] SIM_BRIDGE: Simulation data initialized for 2560 neurons (3D). Synapses: 491754. GPU memory: 1.6GB/25.8GB (6.1%)
[2026-06-26 06:18:50][INFO] SIM_BRIDGE: CuPy using GPU: NVIDIA GeForce RTX 3090 (24.0 GB), mempool limit: 80%
[2026-06-26 06:18:50][INFO] SIM_BRIDGE: Initializing simulation data for model: IZHIKEVICH (3D)... (playback_init: False)
[2026-06-26 06:18:50][INFO] SIM_BRIDGE: RNG initialized with seed: 42
[2026-06-26 06:18:50][INFO] SIM_BRIDGE: Initializing Izhikevich model specifics for 256 neurons...
[2026-06-26 06:18:50][INFO] SIM_BRIDGE: Applying parameter heterogeneity to neuron parameters...
[2026-06-26 06:18:50][INFO] SIM_BRIDGE: Applied heterogeneity to 4 parameters.
[2026-06-26 06:18:50][INFO] SIM_BRIDGE: Initializing OU process state (tau=15.0ms, sigma=0.0pA)...
[2026-06-26 06:18:50][INFO] SIM_BRIDGE: Generating 3D neuron positions for 256 neurons...
[2026-06-26 06:18:50][INFO] SIM_BRIDGE: Generating connections (3D)...
[2026-06-26 06:18:50][INFO] SIM_BRIDGE: Simulation data initialized for 256 neurons (3D). Synapses: 0. GPU memory: 1.6GB/25.8GB (6.1%)
[2026-06-26 06:18:51][INFO] SIM_BRIDGE: CuPy using GPU: NVIDIA GeForce RTX 3090 (24.0 GB), mempool limit: 80%
[2026-06-26 06:18:51][INFO] SIM_BRIDGE: Initializing simulation data for model: IZHIKEVICH (3D)... (playback_init: False)
[2026-06-26 06:18:51][INFO] SIM_BRIDGE: RNG initialized with seed: 42
[2026-06-26 06:18:51][INFO] SIM_BRIDGE: Initializing Izhikevich model specifics for 640 neurons...
[2026-06-26 06:18:51][INFO] SIM_BRIDGE: Applying parameter heterogeneity to neuron parameters...
[2026-06-26 06:18:51][INFO] SIM_BRIDGE: Applied heterogeneity to 4 parameters.
[2026-06-26 06:18:51][INFO] SIM_BRIDGE: Initializing OU process state (tau=15.0ms, sigma=0.0pA)...
[2026-06-26 06:18:51][INFO] SIM_BRIDGE: Generating 3D neuron positions for 640 neurons...
[2026-06-26 06:18:51][INFO] SIM_BRIDGE: Generating connections (3D)...
[2026-06-26 06:18:51][INFO] SIM_BRIDGE: Simulation data initialized for 640 neurons (3D). Synapses: 0. GPU memory: 1.6GB/25.8GB (6.1%)
[2026-06-26 06:19:11][INFO] SIM_BRIDGE: CuPy using GPU: NVIDIA GeForce RTX 3090 (24.0 GB), mempool limit: 80%
[2026-06-26 06:19:11][INFO] SIM_BRIDGE: Initializing simulation data for model: IZHIKEVICH (3D)... (playback_init: False)
[2026-06-26 06:19:11][INFO] SIM_BRIDGE: RNG initialized with seed: 42
[2026-06-26 06:19:11][INFO] SIM_BRIDGE: Initializing Izhikevich model specifics for 4096 neurons...
[2026-06-26 06:19:11][INFO] SIM_BRIDGE: Applying parameter heterogeneity to neuron parameters...
[2026-06-26 06:19:11][INFO] SIM_BRIDGE: Applied heterogeneity to 4 parameters.
[2026-06-26 06:19:11][INFO] SIM_BRIDGE: Initializing OU process state (tau=15.0ms, sigma=0.0pA)...
[2026-06-26 06:19:11][INFO] SIM_BRIDGE: Generating 3D neuron positions for 4096 neurons...
[2026-06-26 06:19:11][INFO] SIM_BRIDGE: Generating connections (3D)...
[2026-06-26 06:19:11][INFO] SIM_BRIDGE: Simulation data initialized for 4096 neurons (3D). Synapses: 0. GPU memory: 1.6GB/25.8GB (6.1%)
  [day 3] vocab=24 heard=24 facts=11 recall=1.00 heldout=0.00 retain=1.00 chain=- moat_fa=0 corr(M,C)=+0.88 tier=8 replay=5 win=2500 (128.8s wake=13.2s)
[2026-06-26 06:19:27][INFO] SIM_BRIDGE: CuPy using GPU: NVIDIA GeForce RTX 3090 (24.0 GB), mempool limit: 80%
[2026-06-26 06:19:27][INFO] SIM_BRIDGE: Initializing simulation data for model: IZHIKEVICH (3D)... (playback_init: False)
[2026-06-26 06:19:27][INFO] SIM_BRIDGE: RNG initialized with seed: 42
[2026-06-26 06:19:27][INFO] SIM_BRIDGE: Initializing Izhikevich model specifics for 126 neurons...
[2026-06-26 06:19:27][INFO] SIM_BRIDGE: Applying parameter heterogeneity to neuron parameters...
[2026-06-26 06:19:27][INFO] SIM_BRIDGE: Applied heterogeneity to 4 parameters.
[2026-06-26 06:19:27][INFO] SIM_BRIDGE: Initializing OU process state (tau=15.0ms, sigma=20.0pA)...
[2026-06-26 06:19:27][INFO] SIM_BRIDGE: Generating 3D neuron positions for 126 neurons...
[2026-06-26 06:19:27][INFO] SIM_BRIDGE: Generating connections (3D)...
[2026-06-26 06:19:27][INFO] SIM_BRIDGE: Simulation data initialized for 126 neurons (3D). Synapses: 0. GPU memory: 1.6GB/25.8GB (6.2%)
[2026-06-26 06:19:27][INFO] SIM_BRIDGE: inject_explicit_wiring: installed 720 synapses across 1 populations.
[2026-06-26 06:20:09][INFO] SIM_BRIDGE: CuPy using GPU: NVIDIA GeForce RTX 3090 (24.0 GB), mempool limit: 80%
[2026-06-26 06:20:09][INFO] SIM_BRIDGE: Initializing simulation data for model: IZHIKEVICH (3D)... (playback_init: False)
[2026-06-26 06:20:09][INFO] SIM_BRIDGE: RNG initialized with seed: 42
[2026-06-26 06:20:09][INFO] SIM_BRIDGE: Initializing Izhikevich model specifics for 224 neurons...
[2026-06-26 06:20:09][INFO] SIM_BRIDGE: Applying parameter heterogeneity to neuron parameters...
[2026-06-26 06:20:09][INFO] SIM_BRIDGE: Applied heterogeneity to 4 parameters.
[2026-06-26 06:20:09][INFO] SIM_BRIDGE: Initializing OU process state (tau=15.0ms, sigma=20.0pA)...
[2026-06-26 06:20:09][INFO] SIM_BRIDGE: Generating 3D neuron positions for 224 neurons...
[2026-06-26 06:20:09][INFO] SIM_BRIDGE: Generating connections (3D)...
[2026-06-26 06:20:09][INFO] SIM_BRIDGE: Simulation data initialized for 224 neurons (3D). Synapses: 0. GPU memory: 1.6GB/25.8GB (6.2%)
[2026-06-26 06:20:09][INFO] SIM_BRIDGE: inject_explicit_wiring: installed 4800 synapses across 1 populations.
[2026-06-26 06:21:07][INFO] SIM_BRIDGE: CuPy using GPU: NVIDIA GeForce RTX 3090 (24.0 GB), mempool limit: 80%
[2026-06-26 06:21:07][INFO] SIM_BRIDGE: Initializing simulation data for model: IZHIKEVICH (3D)... (playback_init: False)
[2026-06-26 06:21:07][INFO] SIM_BRIDGE: Brain-region framework: 2 regions, 2560 total neurons, 2 pathways.
[2026-06-26 06:21:07][INFO] SIM_BRIDGE: RNG initialized with seed: 42
[2026-06-26 06:21:07][INFO] SIM_BRIDGE: NMDA per-region mask: 2 regions enabled (2560 neurons)
[2026-06-26 06:21:07][INFO] SIM_BRIDGE: Initializing Izhikevich model specifics for 2560 neurons...
[2026-06-26 06:21:07][INFO] SIM_BRIDGE: Region 'cortex_ctx' (1280 neurons): using Izh type IZH2007_HIPPO_PYRAMIDAL
[2026-06-26 06:21:07][INFO] SIM_BRIDGE: Region 'dlpfc_wm' (1280 neurons): using Izh type IZH2007_HIPPO_PYRAMIDAL
[2026-06-26 06:21:07][INFO] SIM_BRIDGE: Applying parameter heterogeneity to neuron parameters...
[2026-06-26 06:21:07][INFO] SIM_BRIDGE: Applied heterogeneity to 4 parameters.
[2026-06-26 06:21:07][INFO] SIM_BRIDGE: Generating 3D neuron positions for 2560 neurons...
[2026-06-26 06:21:07][INFO] SIM_BRIDGE: Generating connections (brain-region framework)...
[2026-06-26 06:21:08][INFO] SIM_BRIDGE: inject_explicit_wiring: installed 491754 synapses across 4 populations.
[2026-06-26 06:21:08][INFO] SIM_BRIDGE: Initializing eligibility traces for 491754 synapses (capacity: 737631, dtype: float32)...
[2026-06-26 06:21:08][INFO] SIM_BRIDGE: Initializing STDP state for 2560 neurons...
[2026-06-26 06:21:08][INFO] SIM_BRIDGE: Simulation data initialized for 2560 neurons (3D). Synapses: 491754. GPU memory: 1.6GB/25.8GB (6.2%)
[2026-06-26 06:21:08][INFO] SIM_BRIDGE: CuPy using GPU: NVIDIA GeForce RTX 3090 (24.0 GB), mempool limit: 80%
[2026-06-26 06:21:08][INFO] SIM_BRIDGE: Initializing simulation data for model: IZHIKEVICH (3D)... (playback_init: False)
[2026-06-26 06:21:08][INFO] SIM_BRIDGE: RNG initialized with seed: 42
[2026-06-26 06:21:08][INFO] SIM_BRIDGE: Initializing Izhikevich model specifics for 256 neurons...
[2026-06-26 06:21:08][INFO] SIM_BRIDGE: Applying parameter heterogeneity to neuron parameters...
[2026-06-26 06:21:08][INFO] SIM_BRIDGE: Applied heterogeneity to 4 parameters.
[2026-06-26 06:21:08][INFO] SIM_BRIDGE: Initializing OU process state (tau=15.0ms, sigma=0.0pA)...
[2026-06-26 06:21:08][INFO] SIM_BRIDGE: Generating 3D neuron positions for 256 neurons...
[2026-06-26 06:21:08][INFO] SIM_BRIDGE: Generating connections (3D)...
[2026-06-26 06:21:08][INFO] SIM_BRIDGE: Simulation data initialized for 256 neurons (3D). Synapses: 0. GPU memory: 1.6GB/25.8GB (6.2%)
[2026-06-26 06:21:09][INFO] SIM_BRIDGE: CuPy using GPU: NVIDIA GeForce RTX 3090 (24.0 GB), mempool limit: 80%
[2026-06-26 06:21:09][INFO] SIM_BRIDGE: Initializing simulation data for model: IZHIKEVICH (3D)... (playback_init: False)
[2026-06-26 06:21:09][INFO] SIM_BRIDGE: RNG initialized with seed: 42
[2026-06-26 06:21:09][INFO] SIM_BRIDGE: Initializing Izhikevich model specifics for 640 neurons...
[2026-06-26 06:21:09][INFO] SIM_BRIDGE: Applying parameter heterogeneity to neuron parameters...
[2026-06-26 06:21:09][INFO] SIM_BRIDGE: Applied heterogeneity to 4 parameters.
[2026-06-26 06:21:09][INFO] SIM_BRIDGE: Initializing OU process state (tau=15.0ms, sigma=0.0pA)...
[2026-06-26 06:21:09][INFO] SIM_BRIDGE: Generating 3D neuron positions for 640 neurons...
[2026-06-26 06:21:09][INFO] SIM_BRIDGE: Generating connections (3D)...
[2026-06-26 06:21:09][INFO] SIM_BRIDGE: Simulation data initialized for 640 neurons (3D). Synapses: 0. GPU memory: 1.6GB/25.8GB (6.2%)
[2026-06-26 06:21:31][INFO] SIM_BRIDGE: CuPy using GPU: NVIDIA GeForce RTX 3090 (24.0 GB), mempool limit: 80%
[2026-06-26 06:21:31][INFO] SIM_BRIDGE: Initializing simulation data for model: IZHIKEVICH (3D)... (playback_init: False)
[2026-06-26 06:21:31][INFO] SIM_BRIDGE: RNG initialized with seed: 42
[2026-06-26 06:21:31][INFO] SIM_BRIDGE: Initializing Izhikevich model specifics for 4608 neurons...
[2026-06-26 06:21:31][INFO] SIM_BRIDGE: Applying parameter heterogeneity to neuron parameters...
[2026-06-26 06:21:31][INFO] SIM_BRIDGE: Applied heterogeneity to 4 parameters.
[2026-06-26 06:21:31][INFO] SIM_BRIDGE: Initializing OU process state (tau=15.0ms, sigma=0.0pA)...
[2026-06-26 06:21:31][INFO] SIM_BRIDGE: Generating 3D neuron positions for 4608 neurons...
[2026-06-26 06:21:31][INFO] SIM_BRIDGE: Generating connections (3D)...
[2026-06-26 06:21:31][INFO] SIM_BRIDGE: Simulation data initialized for 4608 neurons (3D). Synapses: 0. GPU memory: 1.6GB/25.8GB (6.2%)
  [day 4] vocab=24 heard=24 facts=11 recall=1.00 heldout=- retain=- chain=- moat_fa=0 corr(M,C)=+0.88 tier=8 replay=5 win=2500 (139.5s wake=13.8s)
[2026-06-26 06:21:46][INFO] SIM_BRIDGE: CuPy using GPU: NVIDIA GeForce RTX 3090 (24.0 GB), mempool limit: 80%
[2026-06-26 06:21:46][INFO] SIM_BRIDGE: Initializing simulation data for model: IZHIKEVICH (3D)... (playback_init: False)
[2026-06-26 06:21:46][INFO] SIM_BRIDGE: RNG initialized with seed: 42
[2026-06-26 06:21:46][INFO] SIM_BRIDGE: Initializing Izhikevich model specifics for 126 neurons...
[2026-06-26 06:21:46][INFO] SIM_BRIDGE: Applying parameter heterogeneity to neuron parameters...
[2026-06-26 06:21:46][INFO] SIM_BRIDGE: Applied heterogeneity to 4 parameters.
[2026-06-26 06:21:46][INFO] SIM_BRIDGE: Initializing OU process state (tau=15.0ms, sigma=20.0pA)...
[2026-06-26 06:21:46][INFO] SIM_BRIDGE: Generating 3D neuron positions for 126 neurons...
[2026-06-26 06:21:46][INFO] SIM_BRIDGE: Generating connections (3D)...
[2026-06-26 06:21:46][INFO] SIM_BRIDGE: Simulation data initialized for 126 neurons (3D). Synapses: 0. GPU memory: 1.6GB/25.8GB (6.2%)
[2026-06-26 06:21:46][INFO] SIM_BRIDGE: inject_explicit_wiring: installed 720 synapses across 1 populations.
[2026-06-26 06:22:24][INFO] SIM_BRIDGE: CuPy using GPU: NVIDIA GeForce RTX 3090 (24.0 GB), mempool limit: 80%
[2026-06-26 06:22:24][INFO] SIM_BRIDGE: Initializing simulation data for model: IZHIKEVICH (3D)... (playback_init: False)
[2026-06-26 06:22:24][INFO] SIM_BRIDGE: RNG initialized with seed: 42
[2026-06-26 06:22:24][INFO] SIM_BRIDGE: Initializing Izhikevich model specifics for 224 neurons...
[2026-06-26 06:22:24][INFO] SIM_BRIDGE: Applying parameter heterogeneity to neuron parameters...
[2026-06-26 06:22:24][INFO] SIM_BRIDGE: Applied heterogeneity to 4 parameters.
[2026-06-26 06:22:24][INFO] SIM_BRIDGE: Initializing OU process state (tau=15.0ms, sigma=20.0pA)...
[2026-06-26 06:22:24][INFO] SIM_BRIDGE: Generating 3D neuron positions for 224 neurons...
[2026-06-26 06:22:24][INFO] SIM_BRIDGE: Generating connections (3D)...
[2026-06-26 06:22:24][INFO] SIM_BRIDGE: Simulation data initialized for 224 neurons (3D). Synapses: 0. GPU memory: 1.6GB/25.8GB (6.2%)
[2026-06-26 06:22:24][INFO] SIM_BRIDGE: inject_explicit_wiring: installed 4800 synapses across 1 populations.
[2026-06-26 06:23:18][INFO] SIM_BRIDGE: CuPy using GPU: NVIDIA GeForce RTX 3090 (24.0 GB), mempool limit: 80%
[2026-06-26 06:23:18][INFO] SIM_BRIDGE: Initializing simulation data for model: IZHIKEVICH (3D)... (playback_init: False)
[2026-06-26 06:23:18][INFO] SIM_BRIDGE: Brain-region framework: 2 regions, 2560 total neurons, 2 pathways.
[2026-06-26 06:23:18][INFO] SIM_BRIDGE: RNG initialized with seed: 42
[2026-06-26 06:23:18][INFO] SIM_BRIDGE: NMDA per-region mask: 2 regions enabled (2560 neurons)
[2026-06-26 06:23:18][INFO] SIM_BRIDGE: Initializing Izhikevich model specifics for 2560 neurons...
[2026-06-26 06:23:18][INFO] SIM_BRIDGE: Region 'cortex_ctx' (1280 neurons): using Izh type IZH2007_HIPPO_PYRAMIDAL
[2026-06-26 06:23:18][INFO] SIM_BRIDGE: Region 'dlpfc_wm' (1280 neurons): using Izh type IZH2007_HIPPO_PYRAMIDAL
[2026-06-26 06:23:18][INFO] SIM_BRIDGE: Applying parameter heterogeneity to neuron parameters...
[2026-06-26 06:23:18][INFO] SIM_BRIDGE: Applied heterogeneity to 4 parameters.
[2026-06-26 06:23:18][INFO] SIM_BRIDGE: Generating 3D neuron positions for 2560 neurons...
[2026-06-26 06:23:18][INFO] SIM_BRIDGE: Generating connections (brain-region framework)...
[2026-06-26 06:23:19][INFO] SIM_BRIDGE: inject_explicit_wiring: installed 491754 synapses across 4 populations.
[2026-06-26 06:23:19][INFO] SIM_BRIDGE: Initializing eligibility traces for 491754 synapses (capacity: 737631, dtype: float32)...
[2026-06-26 06:23:19][INFO] SIM_BRIDGE: Initializing STDP state for 2560 neurons...
[2026-06-26 06:23:19][INFO] SIM_BRIDGE: Simulation data initialized for 2560 neurons (3D). Synapses: 491754. GPU memory: 1.6GB/25.8GB (6.2%)
[2026-06-26 06:23:19][INFO] SIM_BRIDGE: CuPy using GPU: NVIDIA GeForce RTX 3090 (24.0 GB), mempool limit: 80%
[2026-06-26 06:23:19][INFO] SIM_BRIDGE: Initializing simulation data for model: IZHIKEVICH (3D)... (playback_init: False)
[2026-06-26 06:23:19][INFO] SIM_BRIDGE: RNG initialized with seed: 42
[2026-06-26 06:23:19][INFO] SIM_BRIDGE: Initializing Izhikevich model specifics for 256 neurons...
[2026-06-26 06:23:19][INFO] SIM_BRIDGE: Applying parameter heterogeneity to neuron parameters...
[2026-06-26 06:23:19][INFO] SIM_BRIDGE: Applied heterogeneity to 4 parameters.
[2026-06-26 06:23:19][INFO] SIM_BRIDGE: Initializing OU process state (tau=15.0ms, sigma=0.0pA)...
[2026-06-26 06:23:19][INFO] SIM_BRIDGE: Generating 3D neuron positions for 256 neurons...
[2026-06-26 06:23:19][INFO] SIM_BRIDGE: Generating connections (3D)...
[2026-06-26 06:23:19][INFO] SIM_BRIDGE: Simulation data initialized for 256 neurons (3D). Synapses: 0. GPU memory: 1.6GB/25.8GB (6.2%)
[2026-06-26 06:23:20][INFO] SIM_BRIDGE: CuPy using GPU: NVIDIA GeForce RTX 3090 (24.0 GB), mempool limit: 80%
[2026-06-26 06:23:20][INFO] SIM_BRIDGE: Initializing simulation data for model: IZHIKEVICH (3D)... (playback_init: False)
[2026-06-26 06:23:20][INFO] SIM_BRIDGE: RNG initialized with seed: 42
[2026-06-26 06:23:20][INFO] SIM_BRIDGE: Initializing Izhikevich model specifics for 640 neurons...
[2026-06-26 06:23:20][INFO] SIM_BRIDGE: Applying parameter heterogeneity to neuron parameters...
[2026-06-26 06:23:20][INFO] SIM_BRIDGE: Applied heterogeneity to 4 parameters.
[2026-06-26 06:23:20][INFO] SIM_BRIDGE: Initializing OU process state (tau=15.0ms, sigma=0.0pA)...
[2026-06-26 06:23:20][INFO] SIM_BRIDGE: Generating 3D neuron positions for 640 neurons...
[2026-06-26 06:23:20][INFO] SIM_BRIDGE: Generating connections (3D)...
[2026-06-26 06:23:20][INFO] SIM_BRIDGE: Simulation data initialized for 640 neurons (3D). Synapses: 0. GPU memory: 1.6GB/25.8GB (6.2%)
[2026-06-26 06:23:44][INFO] SIM_BRIDGE: CuPy using GPU: NVIDIA GeForce RTX 3090 (24.0 GB), mempool limit: 80%
[2026-06-26 06:23:44][INFO] SIM_BRIDGE: Initializing simulation data for model: IZHIKEVICH (3D)... (playback_init: False)
[2026-06-26 06:23:44][INFO] SIM_BRIDGE: RNG initialized with seed: 42
[2026-06-26 06:23:44][INFO] SIM_BRIDGE: Initializing Izhikevich model specifics for 4864 neurons...
[2026-06-26 06:23:44][INFO] SIM_BRIDGE: Applying parameter heterogeneity to neuron parameters...
[2026-06-26 06:23:44][INFO] SIM_BRIDGE: Applied heterogeneity to 4 parameters.
[2026-06-26 06:23:44][INFO] SIM_BRIDGE: Initializing OU process state (tau=15.0ms, sigma=0.0pA)...
[2026-06-26 06:23:44][INFO] SIM_BRIDGE: Generating 3D neuron positions for 4864 neurons...
[2026-06-26 06:23:44][INFO] SIM_BRIDGE: Generating connections (3D)...
[2026-06-26 06:23:44][INFO] SIM_BRIDGE: Simulation data initialized for 4864 neurons (3D). Synapses: 0. GPU memory: 1.6GB/25.8GB (6.2%)
    [growth] mastered tier 8 -> promoted to 12
  [day 5] vocab=24 heard=24 facts=11 recall=1.00 heldout=1.00 retain=1.00 chain=- moat_fa=0 corr(M,C)=+0.89 tier=12 replay=5 win=2500 (134.2s wake=14.0s)
[2026-06-26 06:24:00][INFO] SIM_BRIDGE: CuPy using GPU: NVIDIA GeForce RTX 3090 (24.0 GB), mempool limit: 80%
[2026-06-26 06:24:00][INFO] SIM_BRIDGE: Initializing simulation data for model: IZHIKEVICH (3D)... (playback_init: False)
[2026-06-26 06:24:00][INFO] SIM_BRIDGE: RNG initialized with seed: 42
[2026-06-26 06:24:00][INFO] SIM_BRIDGE: Initializing Izhikevich model specifics for 126 neurons...
[2026-06-26 06:24:00][INFO] SIM_BRIDGE: Applying parameter heterogeneity to neuron parameters...
[2026-06-26 06:24:00][INFO] SIM_BRIDGE: Applied heterogeneity to 4 parameters.
[2026-06-26 06:24:00][INFO] SIM_BRIDGE: Initializing OU process state (tau=15.0ms, sigma=20.0pA)...
[2026-06-26 06:24:00][INFO] SIM_BRIDGE: Generating 3D neuron positions for 126 neurons...
[2026-06-26 06:24:00][INFO] SIM_BRIDGE: Generating connections (3D)...
[2026-06-26 06:24:00][INFO] SIM_BRIDGE: Simulation data initialized for 126 neurons (3D). Synapses: 0. GPU memory: 1.6GB/25.8GB (6.2%)
[2026-06-26 06:24:00][INFO] SIM_BRIDGE: inject_explicit_wiring: installed 720 synapses across 1 populations.
[2026-06-26 06:24:38][INFO] SIM_BRIDGE: CuPy using GPU: NVIDIA GeForce RTX 3090 (24.0 GB), mempool limit: 80%
[2026-06-26 06:24:38][INFO] SIM_BRIDGE: Initializing simulation data for model: IZHIKEVICH (3D)... (playback_init: False)
[2026-06-26 06:24:38][INFO] SIM_BRIDGE: RNG initialized with seed: 42
[2026-06-26 06:24:38][INFO] SIM_BRIDGE: Initializing Izhikevich model specifics for 224 neurons...
[2026-06-26 06:24:38][INFO] SIM_BRIDGE: Applying parameter heterogeneity to neuron parameters...
[2026-06-26 06:24:38][INFO] SIM_BRIDGE: Applied heterogeneity to 4 parameters.
[2026-06-26 06:24:38][INFO] SIM_BRIDGE: Initializing OU process state (tau=15.0ms, sigma=20.0pA)...
[2026-06-26 06:24:38][INFO] SIM_BRIDGE: Generating 3D neuron positions for 224 neurons...
[2026-06-26 06:24:38][INFO] SIM_BRIDGE: Generating connections (3D)...
[2026-06-26 06:24:38][INFO] SIM_BRIDGE: Simulation data initialized for 224 neurons (3D). Synapses: 0. GPU memory: 1.6GB/25.8GB (6.2%)
[2026-06-26 06:24:38][INFO] SIM_BRIDGE: inject_explicit_wiring: installed 4800 synapses across 1 populations.
[2026-06-26 06:25:32][INFO] SIM_BRIDGE: CuPy using GPU: NVIDIA GeForce RTX 3090 (24.0 GB), mempool limit: 80%
[2026-06-26 06:25:32][INFO] SIM_BRIDGE: Initializing simulation data for model: IZHIKEVICH (3D)... (playback_init: False)
[2026-06-26 06:25:32][INFO] SIM_BRIDGE: Brain-region framework: 2 regions, 2560 total neurons, 2 pathways.
[2026-06-26 06:25:32][INFO] SIM_BRIDGE: RNG initialized with seed: 42
[2026-06-26 06:25:32][INFO] SIM_BRIDGE: NMDA per-region mask: 2 regions enabled (2560 neurons)
[2026-06-26 06:25:32][INFO] SIM_BRIDGE: Initializing Izhikevich model specifics for 2560 neurons...
[2026-06-26 06:25:32][INFO] SIM_BRIDGE: Region 'cortex_ctx' (1280 neurons): using Izh type IZH2007_HIPPO_PYRAMIDAL
[2026-06-26 06:25:32][INFO] SIM_BRIDGE: Region 'dlpfc_wm' (1280 neurons): using Izh type IZH2007_HIPPO_PYRAMIDAL
[2026-06-26 06:25:32][INFO] SIM_BRIDGE: Applying parameter heterogeneity to neuron parameters...
[2026-06-26 06:25:32][INFO] SIM_BRIDGE: Applied heterogeneity to 4 parameters.
[2026-06-26 06:25:32][INFO] SIM_BRIDGE: Generating 3D neuron positions for 2560 neurons...
[2026-06-26 06:25:32][INFO] SIM_BRIDGE: Generating connections (brain-region framework)...
[2026-06-26 06:25:33][INFO] SIM_BRIDGE: inject_explicit_wiring: installed 491754 synapses across 4 populations.
[2026-06-26 06:25:33][INFO] SIM_BRIDGE: Initializing eligibility traces for 491754 synapses (capacity: 737631, dtype: float32)...
[2026-06-26 06:25:33][INFO] SIM_BRIDGE: Initializing STDP state for 2560 neurons...
[2026-06-26 06:25:33][INFO] SIM_BRIDGE: Simulation data initialized for 2560 neurons (3D). Synapses: 491754. GPU memory: 1.6GB/25.8GB (6.2%)
[2026-06-26 06:25:34][INFO] SIM_BRIDGE: CuPy using GPU: NVIDIA GeForce RTX 3090 (24.0 GB), mempool limit: 80%
[2026-06-26 06:25:34][INFO] SIM_BRIDGE: Initializing simulation data for model: IZHIKEVICH (3D)... (playback_init: False)
[2026-06-26 06:25:34][INFO] SIM_BRIDGE: RNG initialized with seed: 42
[2026-06-26 06:25:34][INFO] SIM_BRIDGE: Initializing Izhikevich model specifics for 256 neurons...
[2026-06-26 06:25:34][INFO] SIM_BRIDGE: Applying parameter heterogeneity to neuron parameters...
[2026-06-26 06:25:34][INFO] SIM_BRIDGE: Applied heterogeneity to 4 parameters.
[2026-06-26 06:25:34][INFO] SIM_BRIDGE: Initializing OU process state (tau=15.0ms, sigma=0.0pA)...
[2026-06-26 06:25:34][INFO] SIM_BRIDGE: Generating 3D neuron positions for 256 neurons...
[2026-06-26 06:25:34][INFO] SIM_BRIDGE: Generating connections (3D)...
[2026-06-26 06:25:34][INFO] SIM_BRIDGE: Simulation data initialized for 256 neurons (3D). Synapses: 0. GPU memory: 1.6GB/25.8GB (6.2%)
[2026-06-26 06:25:35][INFO] SIM_BRIDGE: CuPy using GPU: NVIDIA GeForce RTX 3090 (24.0 GB), mempool limit: 80%
[2026-06-26 06:25:35][INFO] SIM_BRIDGE: Initializing simulation data for model: IZHIKEVICH (3D)... (playback_init: False)
[2026-06-26 06:25:35][INFO] SIM_BRIDGE: RNG initialized with seed: 42
[2026-06-26 06:25:35][INFO] SIM_BRIDGE: Initializing Izhikevich model specifics for 640 neurons...
[2026-06-26 06:25:35][INFO] SIM_BRIDGE: Applying parameter heterogeneity to neuron parameters...
[2026-06-26 06:25:35][INFO] SIM_BRIDGE: Applied heterogeneity to 4 parameters.
[2026-06-26 06:25:35][INFO] SIM_BRIDGE: Initializing OU process state (tau=15.0ms, sigma=0.0pA)...
[2026-06-26 06:25:35][INFO] SIM_BRIDGE: Generating 3D neuron positions for 640 neurons...
[2026-06-26 06:25:35][INFO] SIM_BRIDGE: Generating connections (3D)...
[2026-06-26 06:25:35][INFO] SIM_BRIDGE: Simulation data initialized for 640 neurons (3D). Synapses: 0. GPU memory: 1.6GB/25.8GB (6.2%)
[2026-06-26 06:26:05][INFO] SIM_BRIDGE: CuPy using GPU: NVIDIA GeForce RTX 3090 (24.0 GB), mempool limit: 80%
[2026-06-26 06:26:05][INFO] SIM_BRIDGE: Initializing simulation data for model: IZHIKEVICH (3D)... (playback_init: False)
[2026-06-26 06:26:05][INFO] SIM_BRIDGE: RNG initialized with seed: 42
[2026-06-26 06:26:05][INFO] SIM_BRIDGE: Initializing Izhikevich model specifics for 4864 neurons...
[2026-06-26 06:26:05][INFO] SIM_BRIDGE: Applying parameter heterogeneity to neuron parameters...
[2026-06-26 06:26:05][INFO] SIM_BRIDGE: Applied heterogeneity to 4 parameters.
[2026-06-26 06:26:05][INFO] SIM_BRIDGE: Initializing OU process state (tau=15.0ms, sigma=0.0pA)...
[2026-06-26 06:26:05][INFO] SIM_BRIDGE: Generating 3D neuron positions for 4864 neurons...
[2026-06-26 06:26:05][INFO] SIM_BRIDGE: Generating connections (3D)...
[2026-06-26 06:26:05][INFO] SIM_BRIDGE: Simulation data initialized for 4864 neurons (3D). Synapses: 0. GPU memory: 1.6GB/25.8GB (6.2%)
  [day 6] vocab=24 heard=24 facts=11 recall=1.00 heldout=1.00 retain=1.00 chain=1.00 moat_fa=0 corr(M,C)=+0.88 tier=12 replay=5 win=2500 (142.1s wake=13.6s)
[2026-06-26 06:26:09][INFO] SIM_BRIDGE: CuPy using GPU: NVIDIA GeForce RTX 3090 (24.0 GB), mempool limit: 80%
[2026-06-26 06:26:09][INFO] SIM_BRIDGE: Initializing simulation data for model: IZHIKEVICH (3D)... (playback_init: False)
[2026-06-26 06:26:09][INFO] SIM_BRIDGE: Brain-region framework: 2 regions, 2700 total neurons, 1 pathways.
[2026-06-26 06:26:09][INFO] SIM_BRIDGE: RNG initialized with seed: 42
[2026-06-26 06:26:09][INFO] SIM_BRIDGE: Initializing Izhikevich model specifics for 2700 neurons...
[2026-06-26 06:26:09][INFO] SIM_BRIDGE: Applying parameter heterogeneity to neuron parameters...
[2026-06-26 06:26:09][INFO] SIM_BRIDGE: Applied heterogeneity to 4 parameters.
[2026-06-26 06:26:09][INFO] SIM_BRIDGE: Generating 3D neuron positions for 2700 neurons...
[2026-06-26 06:26:09][INFO] SIM_BRIDGE: Generating connections (brain-region framework)...
[2026-06-26 06:26:09][WARNING] SIM_BRIDGE: No trait info available; all synapses default to E->E STP type.
[2026-06-26 06:26:09][INFO] SIM_BRIDGE: inject_explicit_wiring: installed 720000 synapses across 1 populations.
[2026-06-26 06:26:09][INFO] SIM_BRIDGE: Initializing STP state for 720000 synapses (capacity: 1080000)...
[2026-06-26 06:26:09][INFO] SIM_BRIDGE: Initializing eligibility traces for 720000 synapses (capacity: 1080000, dtype: float32)...
[2026-06-26 06:26:09][WARNING] SIM_BRIDGE: No trait info available; all synapses default to E->E STP type.
[2026-06-26 06:26:09][INFO] SIM_BRIDGE: Initializing structural plasticity state...
[2026-06-26 06:26:09][INFO] SIM_BRIDGE: Simulation data initialized for 2700 neurons (3D). Synapses: 720000. GPU memory: 1.6GB/25.8GB (6.2%)
[2026-06-26 06:26:37][INFO] SIM_BRIDGE: CuPy using GPU: NVIDIA GeForce RTX 3090 (24.0 GB), mempool limit: 80%
[2026-06-26 06:26:37][INFO] SIM_BRIDGE: Initializing simulation data for model: IZHIKEVICH (3D)... (playback_init: False)
[2026-06-26 06:26:37][INFO] SIM_BRIDGE: RNG initialized with seed: 42
[2026-06-26 06:26:37][INFO] SIM_BRIDGE: Initializing Izhikevich model specifics for 126 neurons...
[2026-06-26 06:26:37][INFO] SIM_BRIDGE: Applying parameter heterogeneity to neuron parameters...
[2026-06-26 06:26:37][INFO] SIM_BRIDGE: Applied heterogeneity to 4 parameters.
[2026-06-26 06:26:37][INFO] SIM_BRIDGE: Initializing OU process state (tau=15.0ms, sigma=20.0pA)...
[2026-06-26 06:26:37][INFO] SIM_BRIDGE: Generating 3D neuron positions for 126 neurons...
[2026-06-26 06:26:37][INFO] SIM_BRIDGE: Generating connections (3D)...
[2026-06-26 06:26:37][INFO] SIM_BRIDGE: Simulation data initialized for 126 neurons (3D). Synapses: 0. GPU memory: 1.6GB/25.8GB (6.2%)
[2026-06-26 06:26:37][INFO] SIM_BRIDGE: inject_explicit_wiring: installed 720 synapses across 1 populations.
[2026-06-26 06:27:27][INFO] SIM_BRIDGE: CuPy using GPU: NVIDIA GeForce RTX 3090 (24.0 GB), mempool limit: 80%
[2026-06-26 06:27:27][INFO] SIM_BRIDGE: Initializing simulation data for model: IZHIKEVICH (3D)... (playback_init: False)
[2026-06-26 06:27:27][INFO] SIM_BRIDGE: RNG initialized with seed: 42
[2026-06-26 06:27:27][INFO] SIM_BRIDGE: Initializing Izhikevich model specifics for 224 neurons...
[2026-06-26 06:27:27][INFO] SIM_BRIDGE: Applying parameter heterogeneity to neuron parameters...
[2026-06-26 06:27:27][INFO] SIM_BRIDGE: Applied heterogeneity to 4 parameters.
[2026-06-26 06:27:27][INFO] SIM_BRIDGE: Initializing OU process state (tau=15.0ms, sigma=20.0pA)...
[2026-06-26 06:27:27][INFO] SIM_BRIDGE: Generating 3D neuron positions for 224 neurons...
[2026-06-26 06:27:27][INFO] SIM_BRIDGE: Generating connections (3D)...
[2026-06-26 06:27:27][INFO] SIM_BRIDGE: Simulation data initialized for 224 neurons (3D). Synapses: 0. GPU memory: 1.6GB/25.8GB (6.2%)
[2026-06-26 06:27:27][INFO] SIM_BRIDGE: inject_explicit_wiring: installed 4800 synapses across 1 populations.
[2026-06-26 06:28:22][INFO] SIM_BRIDGE: CuPy using GPU: NVIDIA GeForce RTX 3090 (24.0 GB), mempool limit: 80%
[2026-06-26 06:28:22][INFO] SIM_BRIDGE: Initializing simulation data for model: IZHIKEVICH (3D)... (playback_init: False)
[2026-06-26 06:28:22][INFO] SIM_BRIDGE: Brain-region framework: 2 regions, 2560 total neurons, 2 pathways.
[2026-06-26 06:28:22][INFO] SIM_BRIDGE: RNG initialized with seed: 42
[2026-06-26 06:28:22][INFO] SIM_BRIDGE: NMDA per-region mask: 2 regions enabled (2560 neurons)
[2026-06-26 06:28:22][INFO] SIM_BRIDGE: Initializing Izhikevich model specifics for 2560 neurons...
[2026-06-26 06:28:22][INFO] SIM_BRIDGE: Region 'cortex_ctx' (1280 neurons): using Izh type IZH2007_HIPPO_PYRAMIDAL
[2026-06-26 06:28:22][INFO] SIM_BRIDGE: Region 'dlpfc_wm' (1280 neurons): using Izh type IZH2007_HIPPO_PYRAMIDAL
[2026-06-26 06:28:22][INFO] SIM_BRIDGE: Applying parameter heterogeneity to neuron parameters...
[2026-06-26 06:28:22][INFO] SIM_BRIDGE: Applied heterogeneity to 4 parameters.
[2026-06-26 06:28:22][INFO] SIM_BRIDGE: Generating 3D neuron positions for 2560 neurons...
[2026-06-26 06:28:22][INFO] SIM_BRIDGE: Generating connections (brain-region framework)...
[2026-06-26 06:28:22][INFO] SIM_BRIDGE: inject_explicit_wiring: installed 491754 synapses across 4 populations.
[2026-06-26 06:28:22][INFO] SIM_BRIDGE: Initializing eligibility traces for 491754 synapses (capacity: 737631, dtype: float32)...
[2026-06-26 06:28:22][INFO] SIM_BRIDGE: Initializing STDP state for 2560 neurons...
[2026-06-26 06:28:22][INFO] SIM_BRIDGE: Simulation data initialized for 2560 neurons (3D). Synapses: 491754. GPU memory: 1.6GB/25.8GB (6.2%)
[2026-06-26 06:28:23][INFO] SIM_BRIDGE: CuPy using GPU: NVIDIA GeForce RTX 3090 (24.0 GB), mempool limit: 80%
[2026-06-26 06:28:23][INFO] SIM_BRIDGE: Initializing simulation data for model: IZHIKEVICH (3D)... (playback_init: False)
[2026-06-26 06:28:23][INFO] SIM_BRIDGE: RNG initialized with seed: 42
[2026-06-26 06:28:23][INFO] SIM_BRIDGE: Initializing Izhikevich model specifics for 256 neurons...
[2026-06-26 06:28:23][INFO] SIM_BRIDGE: Applying parameter heterogeneity to neuron parameters...
[2026-06-26 06:28:23][INFO] SIM_BRIDGE: Applied heterogeneity to 4 parameters.
[2026-06-26 06:28:23][INFO] SIM_BRIDGE: Initializing OU process state (tau=15.0ms, sigma=0.0pA)...
[2026-06-26 06:28:23][INFO] SIM_BRIDGE: Generating 3D neuron positions for 256 neurons...
[2026-06-26 06:28:23][INFO] SIM_BRIDGE: Generating connections (3D)...
[2026-06-26 06:28:23][INFO] SIM_BRIDGE: Simulation data initialized for 256 neurons (3D). Synapses: 0. GPU memory: 1.6GB/25.8GB (6.2%)
[2026-06-26 06:28:24][INFO] SIM_BRIDGE: CuPy using GPU: NVIDIA GeForce RTX 3090 (24.0 GB), mempool limit: 80%
[2026-06-26 06:28:24][INFO] SIM_BRIDGE: Initializing simulation data for model: IZHIKEVICH (3D)... (playback_init: False)
[2026-06-26 06:28:24][INFO] SIM_BRIDGE: RNG initialized with seed: 42
[2026-06-26 06:28:24][INFO] SIM_BRIDGE: Initializing Izhikevich model specifics for 640 neurons...
[2026-06-26 06:28:24][INFO] SIM_BRIDGE: Applying parameter heterogeneity to neuron parameters...
[2026-06-26 06:28:24][INFO] SIM_BRIDGE: Applied heterogeneity to 4 parameters.
[2026-06-26 06:28:24][INFO] SIM_BRIDGE: Initializing OU process state (tau=15.0ms, sigma=0.0pA)...
[2026-06-26 06:28:24][INFO] SIM_BRIDGE: Generating 3D neuron positions for 640 neurons...
[2026-06-26 06:28:24][INFO] SIM_BRIDGE: Generating connections (3D)...
[2026-06-26 06:28:24][INFO] SIM_BRIDGE: Simulation data initialized for 640 neurons (3D). Synapses: 0. GPU memory: 1.6GB/25.8GB (6.2%)
[2026-06-26 06:28:47][INFO] SIM_BRIDGE: CuPy using GPU: NVIDIA GeForce RTX 3090 (24.0 GB), mempool limit: 80%
[2026-06-26 06:28:47][INFO] SIM_BRIDGE: Initializing simulation data for model: IZHIKEVICH (3D)... (playback_init: False)
[2026-06-26 06:28:47][INFO] SIM_BRIDGE: RNG initialized with seed: 42
[2026-06-26 06:28:47][INFO] SIM_BRIDGE: Initializing Izhikevich model specifics for 4864 neurons...
[2026-06-26 06:28:47][INFO] SIM_BRIDGE: Applying parameter heterogeneity to neuron parameters...
[2026-06-26 06:28:47][INFO] SIM_BRIDGE: Applied heterogeneity to 4 parameters.
[2026-06-26 06:28:47][INFO] SIM_BRIDGE: Initializing OU process state (tau=15.0ms, sigma=0.0pA)...
[2026-06-26 06:28:47][INFO] SIM_BRIDGE: Generating 3D neuron positions for 4864 neurons...
[2026-06-26 06:28:47][INFO] SIM_BRIDGE: Generating connections (3D)...
[2026-06-26 06:28:47][INFO] SIM_BRIDGE: Simulation data initialized for 4864 neurons (3D). Synapses: 0. GPU memory: 1.6GB/25.8GB (6.2%)
[2026-06-26 06:28:50][INFO] SIM_BRIDGE: CuPy using GPU: NVIDIA GeForce RTX 3090 (24.0 GB), mempool limit: 80%
[2026-06-26 06:28:50][INFO] SIM_BRIDGE: Initializing simulation data for model: IZHIKEVICH (3D)... (playback_init: False)
[2026-06-26 06:28:50][INFO] SIM_BRIDGE: Brain-region framework: 2 regions, 2700 total neurons, 1 pathways.
[2026-06-26 06:28:50][INFO] SIM_BRIDGE: RNG initialized with seed: 42
[2026-06-26 06:28:50][INFO] SIM_BRIDGE: Initializing Izhikevich model specifics for 2700 neurons...
[2026-06-26 06:28:50][INFO] SIM_BRIDGE: Applying parameter heterogeneity to neuron parameters...
[2026-06-26 06:28:50][INFO] SIM_BRIDGE: Applied heterogeneity to 4 parameters.
[2026-06-26 06:28:50][INFO] SIM_BRIDGE: Generating 3D neuron positions for 2700 neurons...
[2026-06-26 06:28:50][INFO] SIM_BRIDGE: Generating connections (brain-region framework)...
[2026-06-26 06:28:50][WARNING] SIM_BRIDGE: No trait info available; all synapses default to E->E STP type.
[2026-06-26 06:28:50][INFO] SIM_BRIDGE: inject_explicit_wiring: installed 720000 synapses across 1 populations.
[2026-06-26 06:28:50][INFO] SIM_BRIDGE: Initializing STP state for 720000 synapses (capacity: 1080000)...
[2026-06-26 06:28:50][INFO] SIM_BRIDGE: Initializing eligibility traces for 720000 synapses (capacity: 1080000, dtype: float32)...
[2026-06-26 06:28:50][WARNING] SIM_BRIDGE: No trait info available; all synapses default to E->E STP type.
[2026-06-26 06:28:50][INFO] SIM_BRIDGE: Initializing structural plasticity state...
[2026-06-26 06:28:50][INFO] SIM_BRIDGE: Simulation data initialized for 2700 neurons (3D). Synapses: 720000. GPU memory: 1.6GB/25.8GB (6.2%)
[2026-06-26 06:29:02][INFO] SIM_BRIDGE: CuPy using GPU: NVIDIA GeForce RTX 3090 (24.0 GB), mempool limit: 80%
[2026-06-26 06:29:02][INFO] SIM_BRIDGE: Initializing simulation data for model: IZHIKEVICH (3D)... (playback_init: False)
[2026-06-26 06:29:02][INFO] SIM_BRIDGE: RNG initialized with seed: 42
[2026-06-26 06:29:02][INFO] SIM_BRIDGE: Initializing Izhikevich model specifics for 126 neurons...
[2026-06-26 06:29:02][INFO] SIM_BRIDGE: Applying parameter heterogeneity to neuron parameters...
[2026-06-26 06:29:02][INFO] SIM_BRIDGE: Applied heterogeneity to 4 parameters.
[2026-06-26 06:29:02][INFO] SIM_BRIDGE: Initializing OU process state (tau=15.0ms, sigma=20.0pA)...
[2026-06-26 06:29:02][INFO] SIM_BRIDGE: Generating 3D neuron positions for 126 neurons...
[2026-06-26 06:29:02][INFO] SIM_BRIDGE: Generating connections (3D)...
[2026-06-26 06:29:02][INFO] SIM_BRIDGE: Simulation data initialized for 126 neurons (3D). Synapses: 0. GPU memory: 1.6GB/25.8GB (6.2%)
[2026-06-26 06:29:02][INFO] SIM_BRIDGE: inject_explicit_wiring: installed 720 synapses across 1 populations.
[2026-06-26 06:29:39][INFO] SIM_BRIDGE: CuPy using GPU: NVIDIA GeForce RTX 3090 (24.0 GB), mempool limit: 80%
[2026-06-26 06:29:39][INFO] SIM_BRIDGE: Initializing simulation data for model: IZHIKEVICH (3D)... (playback_init: False)
[2026-06-26 06:29:39][INFO] SIM_BRIDGE: RNG initialized with seed: 42
[2026-06-26 06:29:39][INFO] SIM_BRIDGE: Initializing Izhikevich model specifics for 224 neurons...
[2026-06-26 06:29:39][INFO] SIM_BRIDGE: Applying parameter heterogeneity to neuron parameters...
[2026-06-26 06:29:39][INFO] SIM_BRIDGE: Applied heterogeneity to 4 parameters.
[2026-06-26 06:29:39][INFO] SIM_BRIDGE: Initializing OU process state (tau=15.0ms, sigma=20.0pA)...
[2026-06-26 06:29:39][INFO] SIM_BRIDGE: Generating 3D neuron positions for 224 neurons...
[2026-06-26 06:29:39][INFO] SIM_BRIDGE: Generating connections (3D)...
[2026-06-26 06:29:39][INFO] SIM_BRIDGE: Simulation data initialized for 224 neurons (3D). Synapses: 0. GPU memory: 1.6GB/25.8GB (6.2%)
[2026-06-26 06:29:39][INFO] SIM_BRIDGE: inject_explicit_wiring: installed 4800 synapses across 1 populations.
[2026-06-26 06:30:34][INFO] SIM_BRIDGE: CuPy using GPU: NVIDIA GeForce RTX 3090 (24.0 GB), mempool limit: 80%
[2026-06-26 06:30:34][INFO] SIM_BRIDGE: Initializing simulation data for model: IZHIKEVICH (3D)... (playback_init: False)
[2026-06-26 06:30:34][INFO] SIM_BRIDGE: Brain-region framework: 2 regions, 2560 total neurons, 2 pathways.
[2026-06-26 06:30:34][INFO] SIM_BRIDGE: RNG initialized with seed: 42
[2026-06-26 06:30:34][INFO] SIM_BRIDGE: NMDA per-region mask: 2 regions enabled (2560 neurons)
[2026-06-26 06:30:34][INFO] SIM_BRIDGE: Initializing Izhikevich model specifics for 2560 neurons...
[2026-06-26 06:30:34][INFO] SIM_BRIDGE: Region 'cortex_ctx' (1280 neurons): using Izh type IZH2007_HIPPO_PYRAMIDAL
[2026-06-26 06:30:34][INFO] SIM_BRIDGE: Region 'dlpfc_wm' (1280 neurons): using Izh type IZH2007_HIPPO_PYRAMIDAL
[2026-06-26 06:30:34][INFO] SIM_BRIDGE: Applying parameter heterogeneity to neuron parameters...
[2026-06-26 06:30:34][INFO] SIM_BRIDGE: Applied heterogeneity to 4 parameters.
[2026-06-26 06:30:34][INFO] SIM_BRIDGE: Generating 3D neuron positions for 2560 neurons...
[2026-06-26 06:30:34][INFO] SIM_BRIDGE: Generating connections (brain-region framework)...
[2026-06-26 06:30:35][INFO] SIM_BRIDGE: inject_explicit_wiring: installed 491754 synapses across 4 populations.
[2026-06-26 06:30:35][INFO] SIM_BRIDGE: Initializing eligibility traces for 491754 synapses (capacity: 737631, dtype: float32)...
[2026-06-26 06:30:35][INFO] SIM_BRIDGE: Initializing STDP state for 2560 neurons...
[2026-06-26 06:30:35][INFO] SIM_BRIDGE: Simulation data initialized for 2560 neurons (3D). Synapses: 491754. GPU memory: 1.6GB/25.8GB (6.2%)
[2026-06-26 06:30:48][INFO] SIM_BRIDGE: CuPy using GPU: NVIDIA GeForce RTX 3090 (24.0 GB), mempool limit: 80%
[2026-06-26 06:30:48][INFO] SIM_BRIDGE: Initializing simulation data for model: IZHIKEVICH (3D)... (playback_init: False)
[2026-06-26 06:30:48][INFO] SIM_BRIDGE: RNG initialized with seed: 42
[2026-06-26 06:30:48][INFO] SIM_BRIDGE: Initializing Izhikevich model specifics for 126 neurons...
[2026-06-26 06:30:48][INFO] SIM_BRIDGE: Applying parameter heterogeneity to neuron parameters...
[2026-06-26 06:30:48][INFO] SIM_BRIDGE: Applied heterogeneity to 4 parameters.
[2026-06-26 06:30:48][INFO] SIM_BRIDGE: Initializing OU process state (tau=15.0ms, sigma=20.0pA)...
[2026-06-26 06:30:48][INFO] SIM_BRIDGE: Generating 3D neuron positions for 126 neurons...
[2026-06-26 06:30:48][INFO] SIM_BRIDGE: Generating connections (3D)...
[2026-06-26 06:30:48][INFO] SIM_BRIDGE: Simulation data initialized for 126 neurons (3D). Synapses: 0. GPU memory: 1.6GB/25.8GB (6.2%)
[2026-06-26 06:30:48][INFO] SIM_BRIDGE: inject_explicit_wiring: installed 720 synapses across 1 populations.
[2026-06-26 06:31:25][INFO] SIM_BRIDGE: CuPy using GPU: NVIDIA GeForce RTX 3090 (24.0 GB), mempool limit: 80%
[2026-06-26 06:31:25][INFO] SIM_BRIDGE: Initializing simulation data for model: IZHIKEVICH (3D)... (playback_init: False)
[2026-06-26 06:31:25][INFO] SIM_BRIDGE: RNG initialized with seed: 42
[2026-06-26 06:31:25][INFO] SIM_BRIDGE: Initializing Izhikevich model specifics for 224 neurons...
[2026-06-26 06:31:25][INFO] SIM_BRIDGE: Applying parameter heterogeneity to neuron parameters...
[2026-06-26 06:31:25][INFO] SIM_BRIDGE: Applied heterogeneity to 4 parameters.
[2026-06-26 06:31:25][INFO] SIM_BRIDGE: Initializing OU process state (tau=15.0ms, sigma=20.0pA)...
[2026-06-26 06:31:25][INFO] SIM_BRIDGE: Generating 3D neuron positions for 224 neurons...
[2026-06-26 06:31:25][INFO] SIM_BRIDGE: Generating connections (3D)...
[2026-06-26 06:31:25][INFO] SIM_BRIDGE: Simulation data initialized for 224 neurons (3D). Synapses: 0. GPU memory: 1.6GB/25.8GB (6.2%)
[2026-06-26 06:31:25][INFO] SIM_BRIDGE: inject_explicit_wiring: installed 4800 synapses across 1 populations.
[2026-06-26 06:32:20][INFO] SIM_BRIDGE: CuPy using GPU: NVIDIA GeForce RTX 3090 (24.0 GB), mempool limit: 80%
[2026-06-26 06:32:20][INFO] SIM_BRIDGE: Initializing simulation data for model: IZHIKEVICH (3D)... (playback_init: False)
[2026-06-26 06:32:20][INFO] SIM_BRIDGE: Brain-region framework: 2 regions, 2560 total neurons, 2 pathways.
[2026-06-26 06:32:20][INFO] SIM_BRIDGE: RNG initialized with seed: 42
[2026-06-26 06:32:20][INFO] SIM_BRIDGE: NMDA per-region mask: 2 regions enabled (2560 neurons)
[2026-06-26 06:32:20][INFO] SIM_BRIDGE: Initializing Izhikevich model specifics for 2560 neurons...
[2026-06-26 06:32:20][INFO] SIM_BRIDGE: Region 'cortex_ctx' (1280 neurons): using Izh type IZH2007_HIPPO_PYRAMIDAL
[2026-06-26 06:32:20][INFO] SIM_BRIDGE: Region 'dlpfc_wm' (1280 neurons): using Izh type IZH2007_HIPPO_PYRAMIDAL
[2026-06-26 06:32:20][INFO] SIM_BRIDGE: Applying parameter heterogeneity to neuron parameters...
[2026-06-26 06:32:20][INFO] SIM_BRIDGE: Applied heterogeneity to 4 parameters.
[2026-06-26 06:32:20][INFO] SIM_BRIDGE: Generating 3D neuron positions for 2560 neurons...
[2026-06-26 06:32:20][INFO] SIM_BRIDGE: Generating connections (brain-region framework)...
[2026-06-26 06:32:20][INFO] SIM_BRIDGE: inject_explicit_wiring: installed 491754 synapses across 4 populations.
[2026-06-26 06:32:20][INFO] SIM_BRIDGE: Initializing eligibility traces for 491754 synapses (capacity: 737631, dtype: float32)...
[2026-06-26 06:32:20][INFO] SIM_BRIDGE: Initializing STDP state for 2560 neurons...
[2026-06-26 06:32:20][INFO] SIM_BRIDGE: Simulation data initialized for 2560 neurons (3D). Synapses: 491754. GPU memory: 1.6GB/25.8GB (6.2%)
[2026-06-26 06:32:38][INFO] SIM_BRIDGE: CuPy using GPU: NVIDIA GeForce RTX 3090 (24.0 GB), mempool limit: 80%
[2026-06-26 06:32:38][INFO] SIM_BRIDGE: Initializing simulation data for model: IZHIKEVICH (3D)... (playback_init: False)
[2026-06-26 06:32:38][INFO] SIM_BRIDGE: RNG initialized with seed: 42
[2026-06-26 06:32:38][INFO] SIM_BRIDGE: Initializing Izhikevich model specifics for 126 neurons...
[2026-06-26 06:32:38][INFO] SIM_BRIDGE: Applying parameter heterogeneity to neuron parameters...
[2026-06-26 06:32:38][INFO] SIM_BRIDGE: Applied heterogeneity to 4 parameters.
[2026-06-26 06:32:38][INFO] SIM_BRIDGE: Initializing OU process state (tau=15.0ms, sigma=20.0pA)...
[2026-06-26 06:32:38][INFO] SIM_BRIDGE: Generating 3D neuron positions for 126 neurons...
[2026-06-26 06:32:38][INFO] SIM_BRIDGE: Generating connections (3D)...
[2026-06-26 06:32:38][INFO] SIM_BRIDGE: Simulation data initialized for 126 neurons (3D). Synapses: 0. GPU memory: 1.6GB/25.8GB (6.2%)
[2026-06-26 06:32:38][INFO] SIM_BRIDGE: inject_explicit_wiring: installed 720 synapses across 1 populations.
[2026-06-26 06:33:21][INFO] SIM_BRIDGE: CuPy using GPU: NVIDIA GeForce RTX 3090 (24.0 GB), mempool limit: 80%
[2026-06-26 06:33:21][INFO] SIM_BRIDGE: Initializing simulation data for model: IZHIKEVICH (3D)... (playback_init: False)
[2026-06-26 06:33:21][INFO] SIM_BRIDGE: RNG initialized with seed: 42
[2026-06-26 06:33:21][INFO] SIM_BRIDGE: Initializing Izhikevich model specifics for 224 neurons...
[2026-06-26 06:33:21][INFO] SIM_BRIDGE: Applying parameter heterogeneity to neuron parameters...
[2026-06-26 06:33:21][INFO] SIM_BRIDGE: Applied heterogeneity to 4 parameters.
[2026-06-26 06:33:21][INFO] SIM_BRIDGE: Initializing OU process state (tau=15.0ms, sigma=20.0pA)...
[2026-06-26 06:33:21][INFO] SIM_BRIDGE: Generating 3D neuron positions for 224 neurons...
[2026-06-26 06:33:21][INFO] SIM_BRIDGE: Generating connections (3D)...
[2026-06-26 06:33:21][INFO] SIM_BRIDGE: Simulation data initialized for 224 neurons (3D). Synapses: 0. GPU memory: 1.6GB/25.8GB (6.2%)
[2026-06-26 06:33:21][INFO] SIM_BRIDGE: inject_explicit_wiring: installed 4800 synapses across 1 populations.
[2026-06-26 06:34:15][INFO] SIM_BRIDGE: CuPy using GPU: NVIDIA GeForce RTX 3090 (24.0 GB), mempool limit: 80%
[2026-06-26 06:34:15][INFO] SIM_BRIDGE: Initializing simulation data for model: IZHIKEVICH (3D)... (playback_init: False)
[2026-06-26 06:34:15][INFO] SIM_BRIDGE: Brain-region framework: 2 regions, 2560 total neurons, 2 pathways.
[2026-06-26 06:34:15][INFO] SIM_BRIDGE: RNG initialized with seed: 42
[2026-06-26 06:34:15][INFO] SIM_BRIDGE: NMDA per-region mask: 2 regions enabled (2560 neurons)
[2026-06-26 06:34:15][INFO] SIM_BRIDGE: Initializing Izhikevich model specifics for 2560 neurons...
[2026-06-26 06:34:15][INFO] SIM_BRIDGE: Region 'cortex_ctx' (1280 neurons): using Izh type IZH2007_HIPPO_PYRAMIDAL
[2026-06-26 06:34:15][INFO] SIM_BRIDGE: Region 'dlpfc_wm' (1280 neurons): using Izh type IZH2007_HIPPO_PYRAMIDAL
[2026-06-26 06:34:15][INFO] SIM_BRIDGE: Applying parameter heterogeneity to neuron parameters...
[2026-06-26 06:34:15][INFO] SIM_BRIDGE: Applied heterogeneity to 4 parameters.
[2026-06-26 06:34:15][INFO] SIM_BRIDGE: Generating 3D neuron positions for 2560 neurons...
[2026-06-26 06:34:15][INFO] SIM_BRIDGE: Generating connections (brain-region framework)...
[2026-06-26 06:34:16][INFO] SIM_BRIDGE: inject_explicit_wiring: installed 491754 synapses across 4 populations.
[2026-06-26 06:34:16][INFO] SIM_BRIDGE: Initializing eligibility traces for 491754 synapses (capacity: 737631, dtype: float32)...
[2026-06-26 06:34:16][INFO] SIM_BRIDGE: Initializing STDP state for 2560 neurons...
[2026-06-26 06:34:16][INFO] SIM_BRIDGE: Simulation data initialized for 2560 neurons (3D). Synapses: 491754. GPU memory: 1.6GB/25.8GB (6.2%)
[2026-06-26 06:34:30][INFO] SIM_BRIDGE: CuPy using GPU: NVIDIA GeForce RTX 3090 (24.0 GB), mempool limit: 80%
[2026-06-26 06:34:30][INFO] SIM_BRIDGE: Initializing simulation data for model: IZHIKEVICH (3D)... (playback_init: False)
[2026-06-26 06:34:30][INFO] SIM_BRIDGE: RNG initialized with seed: 42
[2026-06-26 06:34:30][INFO] SIM_BRIDGE: Initializing Izhikevich model specifics for 126 neurons...
[2026-06-26 06:34:30][INFO] SIM_BRIDGE: Applying parameter heterogeneity to neuron parameters...
[2026-06-26 06:34:30][INFO] SIM_BRIDGE: Applied heterogeneity to 4 parameters.
[2026-06-26 06:34:30][INFO] SIM_BRIDGE: Initializing OU process state (tau=15.0ms, sigma=20.0pA)...
[2026-06-26 06:34:30][INFO] SIM_BRIDGE: Generating 3D neuron positions for 126 neurons...
[2026-06-26 06:34:30][INFO] SIM_BRIDGE: Generating connections (3D)...
[2026-06-26 06:34:30][INFO] SIM_BRIDGE: Simulation data initialized for 126 neurons (3D). Synapses: 0. GPU memory: 1.6GB/25.8GB (6.2%)
[2026-06-26 06:34:30][INFO] SIM_BRIDGE: inject_explicit_wiring: installed 720 synapses across 1 populations.
[2026-06-26 06:35:08][INFO] SIM_BRIDGE: CuPy using GPU: NVIDIA GeForce RTX 3090 (24.0 GB), mempool limit: 80%
[2026-06-26 06:35:08][INFO] SIM_BRIDGE: Initializing simulation data for model: IZHIKEVICH (3D)... (playback_init: False)
[2026-06-26 06:35:08][INFO] SIM_BRIDGE: RNG initialized with seed: 42
[2026-06-26 06:35:08][INFO] SIM_BRIDGE: Initializing Izhikevich model specifics for 224 neurons...
[2026-06-26 06:35:08][INFO] SIM_BRIDGE: Applying parameter heterogeneity to neuron parameters...
[2026-06-26 06:35:08][INFO] SIM_BRIDGE: Applied heterogeneity to 4 parameters.
[2026-06-26 06:35:08][INFO] SIM_BRIDGE: Initializing OU process state (tau=15.0ms, sigma=20.0pA)...
[2026-06-26 06:35:08][INFO] SIM_BRIDGE: Generating 3D neuron positions for 224 neurons...
[2026-06-26 06:35:08][INFO] SIM_BRIDGE: Generating connections (3D)...
[2026-06-26 06:35:08][INFO] SIM_BRIDGE: Simulation data initialized for 224 neurons (3D). Synapses: 0. GPU memory: 1.6GB/25.8GB (6.2%)
[2026-06-26 06:35:08][INFO] SIM_BRIDGE: inject_explicit_wiring: installed 4800 synapses across 1 populations.
[2026-06-26 06:36:02][INFO] SIM_BRIDGE: CuPy using GPU: NVIDIA GeForce RTX 3090 (24.0 GB), mempool limit: 80%
[2026-06-26 06:36:02][INFO] SIM_BRIDGE: Initializing simulation data for model: IZHIKEVICH (3D)... (playback_init: False)
[2026-06-26 06:36:02][INFO] SIM_BRIDGE: Brain-region framework: 2 regions, 2560 total neurons, 2 pathways.
[2026-06-26 06:36:02][INFO] SIM_BRIDGE: RNG initialized with seed: 42
[2026-06-26 06:36:02][INFO] SIM_BRIDGE: NMDA per-region mask: 2 regions enabled (2560 neurons)
[2026-06-26 06:36:02][INFO] SIM_BRIDGE: Initializing Izhikevich model specifics for 2560 neurons...
[2026-06-26 06:36:02][INFO] SIM_BRIDGE: Region 'cortex_ctx' (1280 neurons): using Izh type IZH2007_HIPPO_PYRAMIDAL
[2026-06-26 06:36:02][INFO] SIM_BRIDGE: Region 'dlpfc_wm' (1280 neurons): using Izh type IZH2007_HIPPO_PYRAMIDAL
[2026-06-26 06:36:02][INFO] SIM_BRIDGE: Applying parameter heterogeneity to neuron parameters...
[2026-06-26 06:36:02][INFO] SIM_BRIDGE: Applied heterogeneity to 4 parameters.
[2026-06-26 06:36:02][INFO] SIM_BRIDGE: Generating 3D neuron positions for 2560 neurons...
[2026-06-26 06:36:02][INFO] SIM_BRIDGE: Generating connections (brain-region framework)...
[2026-06-26 06:36:03][INFO] SIM_BRIDGE: inject_explicit_wiring: installed 491754 synapses across 4 populations.
[2026-06-26 06:36:03][INFO] SIM_BRIDGE: Initializing eligibility traces for 491754 synapses (capacity: 737631, dtype: float32)...
[2026-06-26 06:36:03][INFO] SIM_BRIDGE: Initializing STDP state for 2560 neurons...
[2026-06-26 06:36:03][INFO] SIM_BRIDGE: Simulation data initialized for 2560 neurons (3D). Synapses: 491754. GPU memory: 1.6GB/25.8GB (6.2%)
[2026-06-26 06:36:15][INFO] SIM_BRIDGE: CuPy using GPU: NVIDIA GeForce RTX 3090 (24.0 GB), mempool limit: 80%
[2026-06-26 06:36:15][INFO] SIM_BRIDGE: Initializing simulation data for model: IZHIKEVICH (3D)... (playback_init: False)
[2026-06-26 06:36:15][INFO] SIM_BRIDGE: RNG initialized with seed: 42
[2026-06-26 06:36:15][INFO] SIM_BRIDGE: Initializing Izhikevich model specifics for 126 neurons...
[2026-06-26 06:36:15][INFO] SIM_BRIDGE: Applying parameter heterogeneity to neuron parameters...
[2026-06-26 06:36:15][INFO] SIM_BRIDGE: Applied heterogeneity to 4 parameters.
[2026-06-26 06:36:15][INFO] SIM_BRIDGE: Initializing OU process state (tau=15.0ms, sigma=20.0pA)...
[2026-06-26 06:36:15][INFO] SIM_BRIDGE: Generating 3D neuron positions for 126 neurons...
[2026-06-26 06:36:15][INFO] SIM_BRIDGE: Generating connections (3D)...
[2026-06-26 06:36:15][INFO] SIM_BRIDGE: Simulation data initialized for 126 neurons (3D). Synapses: 0. GPU memory: 1.6GB/25.8GB (6.2%)
[2026-06-26 06:36:15][INFO] SIM_BRIDGE: inject_explicit_wiring: installed 720 synapses across 1 populations.
[2026-06-26 06:36:53][INFO] SIM_BRIDGE: CuPy using GPU: NVIDIA GeForce RTX 3090 (24.0 GB), mempool limit: 80%
[2026-06-26 06:36:53][INFO] SIM_BRIDGE: Initializing simulation data for model: IZHIKEVICH (3D)... (playback_init: False)
[2026-06-26 06:36:53][INFO] SIM_BRIDGE: RNG initialized with seed: 42
[2026-06-26 06:36:53][INFO] SIM_BRIDGE: Initializing Izhikevich model specifics for 224 neurons...
[2026-06-26 06:36:53][INFO] SIM_BRIDGE: Applying parameter heterogeneity to neuron parameters...
[2026-06-26 06:36:53][INFO] SIM_BRIDGE: Applied heterogeneity to 4 parameters.
[2026-06-26 06:36:53][INFO] SIM_BRIDGE: Initializing OU process state (tau=15.0ms, sigma=20.0pA)...
[2026-06-26 06:36:53][INFO] SIM_BRIDGE: Generating 3D neuron positions for 224 neurons...
[2026-06-26 06:36:53][INFO] SIM_BRIDGE: Generating connections (3D)...
[2026-06-26 06:36:53][INFO] SIM_BRIDGE: Simulation data initialized for 224 neurons (3D). Synapses: 0. GPU memory: 1.6GB/25.8GB (6.2%)
[2026-06-26 06:36:53][INFO] SIM_BRIDGE: inject_explicit_wiring: installed 4800 synapses across 1 populations.
[2026-06-26 06:37:47][INFO] SIM_BRIDGE: CuPy using GPU: NVIDIA GeForce RTX 3090 (24.0 GB), mempool limit: 80%
[2026-06-26 06:37:47][INFO] SIM_BRIDGE: Initializing simulation data for model: IZHIKEVICH (3D)... (playback_init: False)
[2026-06-26 06:37:47][INFO] SIM_BRIDGE: Brain-region framework: 2 regions, 2560 total neurons, 2 pathways.
[2026-06-26 06:37:47][INFO] SIM_BRIDGE: RNG initialized with seed: 42
[2026-06-26 06:37:47][INFO] SIM_BRIDGE: NMDA per-region mask: 2 regions enabled (2560 neurons)
[2026-06-26 06:37:47][INFO] SIM_BRIDGE: Initializing Izhikevich model specifics for 2560 neurons...
[2026-06-26 06:37:47][INFO] SIM_BRIDGE: Region 'cortex_ctx' (1280 neurons): using Izh type IZH2007_HIPPO_PYRAMIDAL
[2026-06-26 06:37:47][INFO] SIM_BRIDGE: Region 'dlpfc_wm' (1280 neurons): using Izh type IZH2007_HIPPO_PYRAMIDAL
[2026-06-26 06:37:47][INFO] SIM_BRIDGE: Applying parameter heterogeneity to neuron parameters...
[2026-06-26 06:37:47][INFO] SIM_BRIDGE: Applied heterogeneity to 4 parameters.
[2026-06-26 06:37:47][INFO] SIM_BRIDGE: Generating 3D neuron positions for 2560 neurons...
[2026-06-26 06:37:47][INFO] SIM_BRIDGE: Generating connections (brain-region framework)...
[2026-06-26 06:37:48][INFO] SIM_BRIDGE: inject_explicit_wiring: installed 491754 synapses across 4 populations.
[2026-06-26 06:37:48][INFO] SIM_BRIDGE: Initializing eligibility traces for 491754 synapses (capacity: 737631, dtype: float32)...
[2026-06-26 06:37:48][INFO] SIM_BRIDGE: Initializing STDP state for 2560 neurons...
[2026-06-26 06:37:48][INFO] SIM_BRIDGE: Simulation data initialized for 2560 neurons (3D). Synapses: 491754. GPU memory: 1.6GB/25.8GB (6.2%)
[2026-06-26 06:38:02][INFO] SIM_BRIDGE: CuPy using GPU: NVIDIA GeForce RTX 3090 (24.0 GB), mempool limit: 80%
[2026-06-26 06:38:02][INFO] SIM_BRIDGE: Initializing simulation data for model: IZHIKEVICH (3D)... (playback_init: False)
[2026-06-26 06:38:02][INFO] SIM_BRIDGE: RNG initialized with seed: 42
[2026-06-26 06:38:02][INFO] SIM_BRIDGE: Initializing Izhikevich model specifics for 126 neurons...
[2026-06-26 06:38:02][INFO] SIM_BRIDGE: Applying parameter heterogeneity to neuron parameters...
[2026-06-26 06:38:02][INFO] SIM_BRIDGE: Applied heterogeneity to 4 parameters.
[2026-06-26 06:38:02][INFO] SIM_BRIDGE: Initializing OU process state (tau=15.0ms, sigma=20.0pA)...
[2026-06-26 06:38:02][INFO] SIM_BRIDGE: Generating 3D neuron positions for 126 neurons...
[2026-06-26 06:38:02][INFO] SIM_BRIDGE: Generating connections (3D)...
[2026-06-26 06:38:02][INFO] SIM_BRIDGE: Simulation data initialized for 126 neurons (3D). Synapses: 0. GPU memory: 1.6GB/25.8GB (6.2%)
[2026-06-26 06:38:02][INFO] SIM_BRIDGE: inject_explicit_wiring: installed 720 synapses across 1 populations.
[2026-06-26 06:38:40][INFO] SIM_BRIDGE: CuPy using GPU: NVIDIA GeForce RTX 3090 (24.0 GB), mempool limit: 80%
[2026-06-26 06:38:40][INFO] SIM_BRIDGE: Initializing simulation data for model: IZHIKEVICH (3D)... (playback_init: False)
[2026-06-26 06:38:40][INFO] SIM_BRIDGE: RNG initialized with seed: 42
[2026-06-26 06:38:40][INFO] SIM_BRIDGE: Initializing Izhikevich model specifics for 224 neurons...
[2026-06-26 06:38:40][INFO] SIM_BRIDGE: Applying parameter heterogeneity to neuron parameters...
[2026-06-26 06:38:40][INFO] SIM_BRIDGE: Applied heterogeneity to 4 parameters.
[2026-06-26 06:38:40][INFO] SIM_BRIDGE: Initializing OU process state (tau=15.0ms, sigma=20.0pA)...
[2026-06-26 06:38:40][INFO] SIM_BRIDGE: Generating 3D neuron positions for 224 neurons...
[2026-06-26 06:38:40][INFO] SIM_BRIDGE: Generating connections (3D)...
[2026-06-26 06:38:40][INFO] SIM_BRIDGE: Simulation data initialized for 224 neurons (3D). Synapses: 0. GPU memory: 1.6GB/25.8GB (6.2%)
[2026-06-26 06:38:40][INFO] SIM_BRIDGE: inject_explicit_wiring: installed 4800 synapses across 1 populations.
[2026-06-26 06:39:34][INFO] SIM_BRIDGE: CuPy using GPU: NVIDIA GeForce RTX 3090 (24.0 GB), mempool limit: 80%
[2026-06-26 06:39:34][INFO] SIM_BRIDGE: Initializing simulation data for model: IZHIKEVICH (3D)... (playback_init: False)
[2026-06-26 06:39:34][INFO] SIM_BRIDGE: Brain-region framework: 2 regions, 2560 total neurons, 2 pathways.
[2026-06-26 06:39:34][INFO] SIM_BRIDGE: RNG initialized with seed: 42
[2026-06-26 06:39:34][INFO] SIM_BRIDGE: NMDA per-region mask: 2 regions enabled (2560 neurons)
[2026-06-26 06:39:34][INFO] SIM_BRIDGE: Initializing Izhikevich model specifics for 2560 neurons...
[2026-06-26 06:39:34][INFO] SIM_BRIDGE: Region 'cortex_ctx' (1280 neurons): using Izh type IZH2007_HIPPO_PYRAMIDAL
[2026-06-26 06:39:34][INFO] SIM_BRIDGE: Region 'dlpfc_wm' (1280 neurons): using Izh type IZH2007_HIPPO_PYRAMIDAL
[2026-06-26 06:39:34][INFO] SIM_BRIDGE: Applying parameter heterogeneity to neuron parameters...
[2026-06-26 06:39:34][INFO] SIM_BRIDGE: Applied heterogeneity to 4 parameters.
[2026-06-26 06:39:34][INFO] SIM_BRIDGE: Generating 3D neuron positions for 2560 neurons...
[2026-06-26 06:39:34][INFO] SIM_BRIDGE: Generating connections (brain-region framework)...
[2026-06-26 06:39:35][INFO] SIM_BRIDGE: inject_explicit_wiring: installed 491754 synapses across 4 populations.
[2026-06-26 06:39:35][INFO] SIM_BRIDGE: Initializing eligibility traces for 491754 synapses (capacity: 737631, dtype: float32)...
[2026-06-26 06:39:35][INFO] SIM_BRIDGE: Initializing STDP state for 2560 neurons...
[2026-06-26 06:39:35][INFO] SIM_BRIDGE: Simulation data initialized for 2560 neurons (3D). Synapses: 491754. GPU memory: 1.6GB/25.8GB (6.2%)
[2026-06-26 06:39:50][INFO] SIM_BRIDGE: CuPy using GPU: NVIDIA GeForce RTX 3090 (24.0 GB), mempool limit: 80%
[2026-06-26 06:39:50][INFO] SIM_BRIDGE: Initializing simulation data for model: IZHIKEVICH (3D)... (playback_init: False)
[2026-06-26 06:39:50][INFO] SIM_BRIDGE: RNG initialized with seed: 42
[2026-06-26 06:39:50][INFO] SIM_BRIDGE: Initializing Izhikevich model specifics for 126 neurons...
[2026-06-26 06:39:50][INFO] SIM_BRIDGE: Applying parameter heterogeneity to neuron parameters...
[2026-06-26 06:39:50][INFO] SIM_BRIDGE: Applied heterogeneity to 4 parameters.
[2026-06-26 06:39:50][INFO] SIM_BRIDGE: Initializing OU process state (tau=15.0ms, sigma=20.0pA)...
[2026-06-26 06:39:50][INFO] SIM_BRIDGE: Generating 3D neuron positions for 126 neurons...
[2026-06-26 06:39:50][INFO] SIM_BRIDGE: Generating connections (3D)...
[2026-06-26 06:39:50][INFO] SIM_BRIDGE: Simulation data initialized for 126 neurons (3D). Synapses: 0. GPU memory: 1.6GB/25.8GB (6.2%)
[2026-06-26 06:39:50][INFO] SIM_BRIDGE: inject_explicit_wiring: installed 720 synapses across 1 populations.
[2026-06-26 06:40:27][INFO] SIM_BRIDGE: CuPy using GPU: NVIDIA GeForce RTX 3090 (24.0 GB), mempool limit: 80%
[2026-06-26 06:40:27][INFO] SIM_BRIDGE: Initializing simulation data for model: IZHIKEVICH (3D)... (playback_init: False)
[2026-06-26 06:40:27][INFO] SIM_BRIDGE: RNG initialized with seed: 42
[2026-06-26 06:40:27][INFO] SIM_BRIDGE: Initializing Izhikevich model specifics for 224 neurons...
[2026-06-26 06:40:27][INFO] SIM_BRIDGE: Applying parameter heterogeneity to neuron parameters...
[2026-06-26 06:40:27][INFO] SIM_BRIDGE: Applied heterogeneity to 4 parameters.
[2026-06-26 06:40:27][INFO] SIM_BRIDGE: Initializing OU process state (tau=15.0ms, sigma=20.0pA)...
[2026-06-26 06:40:27][INFO] SIM_BRIDGE: Generating 3D neuron positions for 224 neurons...
[2026-06-26 06:40:27][INFO] SIM_BRIDGE: Generating connections (3D)...
[2026-06-26 06:40:27][INFO] SIM_BRIDGE: Simulation data initialized for 224 neurons (3D). Synapses: 0. GPU memory: 1.6GB/25.8GB (6.2%)
[2026-06-26 06:40:27][INFO] SIM_BRIDGE: inject_explicit_wiring: installed 4800 synapses across 1 populations.
[2026-06-26 06:41:22][INFO] SIM_BRIDGE: CuPy using GPU: NVIDIA GeForce RTX 3090 (24.0 GB), mempool limit: 80%
[2026-06-26 06:41:22][INFO] SIM_BRIDGE: Initializing simulation data for model: IZHIKEVICH (3D)... (playback_init: False)
[2026-06-26 06:41:22][INFO] SIM_BRIDGE: Brain-region framework: 2 regions, 2560 total neurons, 2 pathways.
[2026-06-26 06:41:22][INFO] SIM_BRIDGE: RNG initialized with seed: 42
[2026-06-26 06:41:22][INFO] SIM_BRIDGE: NMDA per-region mask: 2 regions enabled (2560 neurons)
[2026-06-26 06:41:22][INFO] SIM_BRIDGE: Initializing Izhikevich model specifics for 2560 neurons...
[2026-06-26 06:41:22][INFO] SIM_BRIDGE: Region 'cortex_ctx' (1280 neurons): using Izh type IZH2007_HIPPO_PYRAMIDAL
[2026-06-26 06:41:22][INFO] SIM_BRIDGE: Region 'dlpfc_wm' (1280 neurons): using Izh type IZH2007_HIPPO_PYRAMIDAL
[2026-06-26 06:41:22][INFO] SIM_BRIDGE: Applying parameter heterogeneity to neuron parameters...
[2026-06-26 06:41:22][INFO] SIM_BRIDGE: Applied heterogeneity to 4 parameters.
[2026-06-26 06:41:22][INFO] SIM_BRIDGE: Generating 3D neuron positions for 2560 neurons...
[2026-06-26 06:41:22][INFO] SIM_BRIDGE: Generating connections (brain-region framework)...
[2026-06-26 06:41:23][INFO] SIM_BRIDGE: inject_explicit_wiring: installed 491754 synapses across 4 populations.
[2026-06-26 06:41:23][INFO] SIM_BRIDGE: Initializing eligibility traces for 491754 synapses (capacity: 737631, dtype: float32)...
[2026-06-26 06:41:23][INFO] SIM_BRIDGE: Initializing STDP state for 2560 neurons...
[2026-06-26 06:41:23][INFO] SIM_BRIDGE: Simulation data initialized for 2560 neurons (3D). Synapses: 491754. GPU memory: 1.6GB/25.8GB (6.2%)

==============================================================================================================
  VERDICT: GO — the L0 longitudinal-development loop runs at GPU scale with REAL stream-cortex code-learning (corr(M,C) mean +0.89), day-over-day development (vocab 6->24, heard 6->24, facts 2->11), retention holds (1.00), moat 0-FA, a tier fired, persistence resumes, frozen-brain anti-cheat holds. Per-day 128.5s; compressed-week ETA ~15.0 min. READY for the 6-seed compressed-week.
  [saved] research/findings/raw/_develop_week_seed42.json  (wall 1815.6s)
==============================================================================================================
=== SEED 42 EXIT 0 ===
=== SEED 43 START ===
==============================================================================================================
[L0 LONGITUDINAL DEVELOPMENT LOOP — 1-SEED GPU SMOKE — REAL stream cortex]
  backend=cupy  n_days=7  seed=43  max_windows/day=2500  n_hub=200  n_per=12  D=128
  VERIFY: the develop loop runs at GPU scale with the REAL stream-cortex code-learning swapped for the CPU agent-hear() stand-in; measure development + per-day wall-clock + the anti-cheats.
==============================================================================================================

[L0 develop loop — GPU] WAKE(REAL stream-cortex) -> CONVERSE(MultiTurnAgent on learned codes) -> SLEEP(replay+retention) -> [GROWTH] -> METRICS -> PERSIST, 7 days.

[2026-06-26 06:41:36][INFO] SIM_BRIDGE: CuPy using GPU: NVIDIA GeForce RTX 3090 (24.0 GB), mempool limit: 80%
[2026-06-26 06:41:36][INFO] SIM_BRIDGE: Initializing simulation data for model: IZHIKEVICH (3D)... (playback_init: False)
[2026-06-26 06:41:36][INFO] SIM_BRIDGE: Brain-region framework: 2 regions, 2700 total neurons, 1 pathways.
[2026-06-26 06:41:36][INFO] SIM_BRIDGE: RNG initialized with seed: 43
[2026-06-26 06:41:36][INFO] SIM_BRIDGE: Initializing Izhikevich model specifics for 2700 neurons...
[2026-06-26 06:41:36][INFO] SIM_BRIDGE: Applying parameter heterogeneity to neuron parameters...
[2026-06-26 06:41:36][INFO] SIM_BRIDGE: Applied heterogeneity to 4 parameters.
[2026-06-26 06:41:36][INFO] SIM_BRIDGE: Generating 3D neuron positions for 2700 neurons...
[2026-06-26 06:41:36][INFO] SIM_BRIDGE: Generating connections (brain-region framework)...
[2026-06-26 06:41:37][WARNING] SIM_BRIDGE: No trait info available; all synapses default to E->E STP type.
[2026-06-26 06:41:37][INFO] SIM_BRIDGE: inject_explicit_wiring: installed 720000 synapses across 1 populations.
[2026-06-26 06:41:37][INFO] SIM_BRIDGE: Initializing STP state for 720000 synapses (capacity: 1080000)...
[2026-06-26 06:41:37][INFO] SIM_BRIDGE: Initializing eligibility traces for 720000 synapses (capacity: 1080000, dtype: float32)...
[2026-06-26 06:41:37][WARNING] SIM_BRIDGE: No trait info available; all synapses default to E->E STP type.
[2026-06-26 06:41:37][INFO] SIM_BRIDGE: Initializing structural plasticity state...
[2026-06-26 06:41:37][INFO] SIM_BRIDGE: Simulation data initialized for 2700 neurons (3D). Synapses: 720000. GPU memory: 1.4GB/25.8GB (5.4%)
[2026-06-26 06:41:51][INFO] SIM_BRIDGE: CuPy using GPU: NVIDIA GeForce RTX 3090 (24.0 GB), mempool limit: 80%
[2026-06-26 06:41:51][INFO] SIM_BRIDGE: Initializing simulation data for model: IZHIKEVICH (3D)... (playback_init: False)
[2026-06-26 06:41:51][INFO] SIM_BRIDGE: RNG initialized with seed: 43
[2026-06-26 06:41:51][INFO] SIM_BRIDGE: Initializing Izhikevich model specifics for 126 neurons...
[2026-06-26 06:41:51][INFO] SIM_BRIDGE: Applying parameter heterogeneity to neuron parameters...
[2026-06-26 06:41:51][INFO] SIM_BRIDGE: Applied heterogeneity to 4 parameters.
[2026-06-26 06:41:51][INFO] SIM_BRIDGE: Initializing OU process state (tau=15.0ms, sigma=20.0pA)...
[2026-06-26 06:41:51][INFO] SIM_BRIDGE: Generating 3D neuron positions for 126 neurons...
[2026-06-26 06:41:51][INFO] SIM_BRIDGE: Generating connections (3D)...
[2026-06-26 06:41:51][INFO] SIM_BRIDGE: Simulation data initialized for 126 neurons (3D). Synapses: 0. GPU memory: 1.6GB/25.8GB (6.0%)
[2026-06-26 06:41:51][INFO] SIM_BRIDGE: inject_explicit_wiring: installed 720 synapses across 1 populations.
[2026-06-26 06:42:28][INFO] SIM_BRIDGE: CuPy using GPU: NVIDIA GeForce RTX 3090 (24.0 GB), mempool limit: 80%
[2026-06-26 06:42:28][INFO] SIM_BRIDGE: Initializing simulation data for model: IZHIKEVICH (3D)... (playback_init: False)
[2026-06-26 06:42:28][INFO] SIM_BRIDGE: RNG initialized with seed: 43
[2026-06-26 06:42:28][INFO] SIM_BRIDGE: Initializing Izhikevich model specifics for 224 neurons...
[2026-06-26 06:42:28][INFO] SIM_BRIDGE: Applying parameter heterogeneity to neuron parameters...
[2026-06-26 06:42:28][INFO] SIM_BRIDGE: Applied heterogeneity to 4 parameters.
[2026-06-26 06:42:28][INFO] SIM_BRIDGE: Initializing OU process state (tau=15.0ms, sigma=20.0pA)...
[2026-06-26 06:42:28][INFO] SIM_BRIDGE: Generating 3D neuron positions for 224 neurons...
[2026-06-26 06:42:28][INFO] SIM_BRIDGE: Generating connections (3D)...
[2026-06-26 06:42:28][INFO] SIM_BRIDGE: Simulation data initialized for 224 neurons (3D). Synapses: 0. GPU memory: 1.6GB/25.8GB (6.0%)
[2026-06-26 06:42:28][INFO] SIM_BRIDGE: inject_explicit_wiring: installed 4800 synapses across 1 populations.
[2026-06-26 06:43:21][INFO] SIM_BRIDGE: CuPy using GPU: NVIDIA GeForce RTX 3090 (24.0 GB), mempool limit: 80%
[2026-06-26 06:43:21][INFO] SIM_BRIDGE: Initializing simulation data for model: IZHIKEVICH (3D)... (playback_init: False)
[2026-06-26 06:43:21][INFO] SIM_BRIDGE: Brain-region framework: 2 regions, 2560 total neurons, 2 pathways.
[2026-06-26 06:43:21][INFO] SIM_BRIDGE: RNG initialized with seed: 43
[2026-06-26 06:43:21][INFO] SIM_BRIDGE: NMDA per-region mask: 2 regions enabled (2560 neurons)
[2026-06-26 06:43:21][INFO] SIM_BRIDGE: Initializing Izhikevich model specifics for 2560 neurons...
[2026-06-26 06:43:21][INFO] SIM_BRIDGE: Region 'cortex_ctx' (1280 neurons): using Izh type IZH2007_HIPPO_PYRAMIDAL
[2026-06-26 06:43:21][INFO] SIM_BRIDGE: Region 'dlpfc_wm' (1280 neurons): using Izh type IZH2007_HIPPO_PYRAMIDAL
[2026-06-26 06:43:21][INFO] SIM_BRIDGE: Applying parameter heterogeneity to neuron parameters...
[2026-06-26 06:43:21][INFO] SIM_BRIDGE: Applied heterogeneity to 4 parameters.
[2026-06-26 06:43:21][INFO] SIM_BRIDGE: Generating 3D neuron positions for 2560 neurons...
[2026-06-26 06:43:21][INFO] SIM_BRIDGE: Generating connections (brain-region framework)...
[2026-06-26 06:43:21][INFO] SIM_BRIDGE: inject_explicit_wiring: installed 488783 synapses across 4 populations.
[2026-06-26 06:43:21][INFO] SIM_BRIDGE: Initializing eligibility traces for 488783 synapses (capacity: 733174, dtype: float32)...
[2026-06-26 06:43:21][INFO] SIM_BRIDGE: Initializing STDP state for 2560 neurons...
[2026-06-26 06:43:21][INFO] SIM_BRIDGE: Simulation data initialized for 2560 neurons (3D). Synapses: 488783. GPU memory: 1.6GB/25.8GB (6.0%)
[2026-06-26 06:43:23][INFO] SIM_BRIDGE: CuPy using GPU: NVIDIA GeForce RTX 3090 (24.0 GB), mempool limit: 80%
[2026-06-26 06:43:23][INFO] SIM_BRIDGE: Initializing simulation data for model: IZHIKEVICH (3D)... (playback_init: False)
[2026-06-26 06:43:23][INFO] SIM_BRIDGE: RNG initialized with seed: 43
[2026-06-26 06:43:23][INFO] SIM_BRIDGE: Initializing Izhikevich model specifics for 256 neurons...
[2026-06-26 06:43:23][INFO] SIM_BRIDGE: Applying parameter heterogeneity to neuron parameters...
[2026-06-26 06:43:23][INFO] SIM_BRIDGE: Applied heterogeneity to 4 parameters.
[2026-06-26 06:43:23][INFO] SIM_BRIDGE: Initializing OU process state (tau=15.0ms, sigma=0.0pA)...
[2026-06-26 06:43:23][INFO] SIM_BRIDGE: Generating 3D neuron positions for 256 neurons...
[2026-06-26 06:43:23][INFO] SIM_BRIDGE: Generating connections (3D)...
[2026-06-26 06:43:23][INFO] SIM_BRIDGE: Simulation data initialized for 256 neurons (3D). Synapses: 0. GPU memory: 1.6GB/25.8GB (6.0%)
[2026-06-26 06:43:24][INFO] SIM_BRIDGE: CuPy using GPU: NVIDIA GeForce RTX 3090 (24.0 GB), mempool limit: 80%
[2026-06-26 06:43:24][INFO] SIM_BRIDGE: Initializing simulation data for model: IZHIKEVICH (3D)... (playback_init: False)
[2026-06-26 06:43:24][INFO] SIM_BRIDGE: RNG initialized with seed: 43
[2026-06-26 06:43:24][INFO] SIM_BRIDGE: Initializing Izhikevich model specifics for 640 neurons...
[2026-06-26 06:43:24][INFO] SIM_BRIDGE: Applying parameter heterogeneity to neuron parameters...
[2026-06-26 06:43:24][INFO] SIM_BRIDGE: Applied heterogeneity to 4 parameters.
[2026-06-26 06:43:24][INFO] SIM_BRIDGE: Initializing OU process state (tau=15.0ms, sigma=0.0pA)...
[2026-06-26 06:43:24][INFO] SIM_BRIDGE: Generating 3D neuron positions for 640 neurons...
[2026-06-26 06:43:24][INFO] SIM_BRIDGE: Generating connections (3D)...
[2026-06-26 06:43:24][INFO] SIM_BRIDGE: Simulation data initialized for 640 neurons (3D). Synapses: 0. GPU memory: 1.6GB/25.8GB (6.1%)
[2026-06-26 06:43:28][INFO] SIM_BRIDGE: CuPy using GPU: NVIDIA GeForce RTX 3090 (24.0 GB), mempool limit: 80%
[2026-06-26 06:43:28][INFO] SIM_BRIDGE: Initializing simulation data for model: IZHIKEVICH (3D)... (playback_init: False)
[2026-06-26 06:43:28][INFO] SIM_BRIDGE: RNG initialized with seed: 43
[2026-06-26 06:43:28][INFO] SIM_BRIDGE: Initializing Izhikevich model specifics for 768 neurons...
[2026-06-26 06:43:28][INFO] SIM_BRIDGE: Applying parameter heterogeneity to neuron parameters...
[2026-06-26 06:43:28][INFO] SIM_BRIDGE: Applied heterogeneity to 4 parameters.
[2026-06-26 06:43:28][INFO] SIM_BRIDGE: Initializing OU process state (tau=15.0ms, sigma=0.0pA)...
[2026-06-26 06:43:28][INFO] SIM_BRIDGE: Generating 3D neuron positions for 768 neurons...
[2026-06-26 06:43:28][INFO] SIM_BRIDGE: Generating connections (3D)...
[2026-06-26 06:43:28][INFO] SIM_BRIDGE: Simulation data initialized for 768 neurons (3D). Synapses: 0. GPU memory: 1.6GB/25.8GB (6.1%)
  [day 0] vocab= 6 heard= 6 facts= 2 recall=1.00 heldout=- retain=- chain=- moat_fa=0 corr(M,C)=+0.92 tier=4 replay=1 win=2500 (112.2s wake=13.7s)
[2026-06-26 06:43:48][INFO] SIM_BRIDGE: CuPy using GPU: NVIDIA GeForce RTX 3090 (24.0 GB), mempool limit: 80%
[2026-06-26 06:43:48][INFO] SIM_BRIDGE: Initializing simulation data for model: IZHIKEVICH (3D)... (playback_init: False)
[2026-06-26 06:43:48][INFO] SIM_BRIDGE: RNG initialized with seed: 43
[2026-06-26 06:43:48][INFO] SIM_BRIDGE: Initializing Izhikevich model specifics for 126 neurons...
[2026-06-26 06:43:48][INFO] SIM_BRIDGE: Applying parameter heterogeneity to neuron parameters...
[2026-06-26 06:43:48][INFO] SIM_BRIDGE: Applied heterogeneity to 4 parameters.
[2026-06-26 06:43:48][INFO] SIM_BRIDGE: Initializing OU process state (tau=15.0ms, sigma=20.0pA)...
[2026-06-26 06:43:48][INFO] SIM_BRIDGE: Generating 3D neuron positions for 126 neurons...
[2026-06-26 06:43:48][INFO] SIM_BRIDGE: Generating connections (3D)...
[2026-06-26 06:43:48][INFO] SIM_BRIDGE: Simulation data initialized for 126 neurons (3D). Synapses: 0. GPU memory: 1.6GB/25.8GB (6.1%)
[2026-06-26 06:43:48][INFO] SIM_BRIDGE: inject_explicit_wiring: installed 720 synapses across 1 populations.
[2026-06-26 06:44:29][INFO] SIM_BRIDGE: CuPy using GPU: NVIDIA GeForce RTX 3090 (24.0 GB), mempool limit: 80%
[2026-06-26 06:44:29][INFO] SIM_BRIDGE: Initializing simulation data for model: IZHIKEVICH (3D)... (playback_init: False)
[2026-06-26 06:44:29][INFO] SIM_BRIDGE: RNG initialized with seed: 43
[2026-06-26 06:44:29][INFO] SIM_BRIDGE: Initializing Izhikevich model specifics for 224 neurons...
[2026-06-26 06:44:29][INFO] SIM_BRIDGE: Applying parameter heterogeneity to neuron parameters...
[2026-06-26 06:44:29][INFO] SIM_BRIDGE: Applied heterogeneity to 4 parameters.
[2026-06-26 06:44:29][INFO] SIM_BRIDGE: Initializing OU process state (tau=15.0ms, sigma=20.0pA)...
[2026-06-26 06:44:29][INFO] SIM_BRIDGE: Generating 3D neuron positions for 224 neurons...
[2026-06-26 06:44:29][INFO] SIM_BRIDGE: Generating connections (3D)...
[2026-06-26 06:44:29][INFO] SIM_BRIDGE: Simulation data initialized for 224 neurons (3D). Synapses: 0. GPU memory: 1.6GB/25.8GB (6.1%)
[2026-06-26 06:44:29][INFO] SIM_BRIDGE: inject_explicit_wiring: installed 4800 synapses across 1 populations.
[2026-06-26 06:45:27][INFO] SIM_BRIDGE: CuPy using GPU: NVIDIA GeForce RTX 3090 (24.0 GB), mempool limit: 80%
[2026-06-26 06:45:27][INFO] SIM_BRIDGE: Initializing simulation data for model: IZHIKEVICH (3D)... (playback_init: False)
[2026-06-26 06:45:27][INFO] SIM_BRIDGE: Brain-region framework: 2 regions, 2560 total neurons, 2 pathways.
[2026-06-26 06:45:27][INFO] SIM_BRIDGE: RNG initialized with seed: 43
[2026-06-26 06:45:27][INFO] SIM_BRIDGE: NMDA per-region mask: 2 regions enabled (2560 neurons)
[2026-06-26 06:45:27][INFO] SIM_BRIDGE: Initializing Izhikevich model specifics for 2560 neurons...
[2026-06-26 06:45:27][INFO] SIM_BRIDGE: Region 'cortex_ctx' (1280 neurons): using Izh type IZH2007_HIPPO_PYRAMIDAL
[2026-06-26 06:45:27][INFO] SIM_BRIDGE: Region 'dlpfc_wm' (1280 neurons): using Izh type IZH2007_HIPPO_PYRAMIDAL
[2026-06-26 06:45:27][INFO] SIM_BRIDGE: Applying parameter heterogeneity to neuron parameters...
[2026-06-26 06:45:27][INFO] SIM_BRIDGE: Applied heterogeneity to 4 parameters.
[2026-06-26 06:45:27][INFO] SIM_BRIDGE: Generating 3D neuron positions for 2560 neurons...
[2026-06-26 06:45:27][INFO] SIM_BRIDGE: Generating connections (brain-region framework)...
[2026-06-26 06:45:27][INFO] SIM_BRIDGE: inject_explicit_wiring: installed 488783 synapses across 4 populations.
[2026-06-26 06:45:27][INFO] SIM_BRIDGE: Initializing eligibility traces for 488783 synapses (capacity: 733174, dtype: float32)...
[2026-06-26 06:45:27][INFO] SIM_BRIDGE: Initializing STDP state for 2560 neurons...
[2026-06-26 06:45:27][INFO] SIM_BRIDGE: Simulation data initialized for 2560 neurons (3D). Synapses: 488783. GPU memory: 1.6GB/25.8GB (6.1%)
[2026-06-26 06:45:28][INFO] SIM_BRIDGE: CuPy using GPU: NVIDIA GeForce RTX 3090 (24.0 GB), mempool limit: 80%
[2026-06-26 06:45:28][INFO] SIM_BRIDGE: Initializing simulation data for model: IZHIKEVICH (3D)... (playback_init: False)
[2026-06-26 06:45:28][INFO] SIM_BRIDGE: RNG initialized with seed: 43
[2026-06-26 06:45:28][INFO] SIM_BRIDGE: Initializing Izhikevich model specifics for 256 neurons...
[2026-06-26 06:45:28][INFO] SIM_BRIDGE: Applying parameter heterogeneity to neuron parameters...
[2026-06-26 06:45:28][INFO] SIM_BRIDGE: Applied heterogeneity to 4 parameters.
[2026-06-26 06:45:28][INFO] SIM_BRIDGE: Initializing OU process state (tau=15.0ms, sigma=0.0pA)...
[2026-06-26 06:45:28][INFO] SIM_BRIDGE: Generating 3D neuron positions for 256 neurons...
[2026-06-26 06:45:28][INFO] SIM_BRIDGE: Generating connections (3D)...
[2026-06-26 06:45:28][INFO] SIM_BRIDGE: Simulation data initialized for 256 neurons (3D). Synapses: 0. GPU memory: 1.6GB/25.8GB (6.1%)
[2026-06-26 06:45:29][INFO] SIM_BRIDGE: CuPy using GPU: NVIDIA GeForce RTX 3090 (24.0 GB), mempool limit: 80%
[2026-06-26 06:45:29][INFO] SIM_BRIDGE: Initializing simulation data for model: IZHIKEVICH (3D)... (playback_init: False)
[2026-06-26 06:45:29][INFO] SIM_BRIDGE: RNG initialized with seed: 43
[2026-06-26 06:45:29][INFO] SIM_BRIDGE: Initializing Izhikevich model specifics for 640 neurons...
[2026-06-26 06:45:29][INFO] SIM_BRIDGE: Applying parameter heterogeneity to neuron parameters...
[2026-06-26 06:45:29][INFO] SIM_BRIDGE: Applied heterogeneity to 4 parameters.
[2026-06-26 06:45:29][INFO] SIM_BRIDGE: Initializing OU process state (tau=15.0ms, sigma=0.0pA)...
[2026-06-26 06:45:29][INFO] SIM_BRIDGE: Generating 3D neuron positions for 640 neurons...
[2026-06-26 06:45:29][INFO] SIM_BRIDGE: Generating connections (3D)...
[2026-06-26 06:45:29][INFO] SIM_BRIDGE: Simulation data initialized for 640 neurons (3D). Synapses: 0. GPU memory: 1.6GB/25.8GB (6.1%)
[2026-06-26 06:45:37][INFO] SIM_BRIDGE: CuPy using GPU: NVIDIA GeForce RTX 3090 (24.0 GB), mempool limit: 80%
[2026-06-26 06:45:37][INFO] SIM_BRIDGE: Initializing simulation data for model: IZHIKEVICH (3D)... (playback_init: False)
[2026-06-26 06:45:37][INFO] SIM_BRIDGE: RNG initialized with seed: 43
[2026-06-26 06:45:37][INFO] SIM_BRIDGE: Initializing Izhikevich model specifics for 1792 neurons...
[2026-06-26 06:45:37][INFO] SIM_BRIDGE: Applying parameter heterogeneity to neuron parameters...
[2026-06-26 06:45:37][INFO] SIM_BRIDGE: Applied heterogeneity to 4 parameters.
[2026-06-26 06:45:37][INFO] SIM_BRIDGE: Initializing OU process state (tau=15.0ms, sigma=0.0pA)...
[2026-06-26 06:45:37][INFO] SIM_BRIDGE: Generating 3D neuron positions for 1792 neurons...
[2026-06-26 06:45:37][INFO] SIM_BRIDGE: Generating connections (3D)...
[2026-06-26 06:45:37][INFO] SIM_BRIDGE: Simulation data initialized for 1792 neurons (3D). Synapses: 0. GPU memory: 1.6GB/25.8GB (6.1%)
  [day 1] vocab=12 heard=12 facts= 5 recall=1.00 heldout=1.00 retain=1.00 chain=- moat_fa=0 corr(M,C)=+0.92 tier=4 replay=2 win=2500 (130.5s wake=19.0s)
[2026-06-26 06:45:53][INFO] SIM_BRIDGE: CuPy using GPU: NVIDIA GeForce RTX 3090 (24.0 GB), mempool limit: 80%
[2026-06-26 06:45:53][INFO] SIM_BRIDGE: Initializing simulation data for model: IZHIKEVICH (3D)... (playback_init: False)
[2026-06-26 06:45:53][INFO] SIM_BRIDGE: RNG initialized with seed: 43
[2026-06-26 06:45:53][INFO] SIM_BRIDGE: Initializing Izhikevich model specifics for 126 neurons...
[2026-06-26 06:45:53][INFO] SIM_BRIDGE: Applying parameter heterogeneity to neuron parameters...
[2026-06-26 06:45:53][INFO] SIM_BRIDGE: Applied heterogeneity to 4 parameters.
[2026-06-26 06:45:53][INFO] SIM_BRIDGE: Initializing OU process state (tau=15.0ms, sigma=20.0pA)...
[2026-06-26 06:45:53][INFO] SIM_BRIDGE: Generating 3D neuron positions for 126 neurons...
[2026-06-26 06:45:53][INFO] SIM_BRIDGE: Generating connections (3D)...
[2026-06-26 06:45:53][INFO] SIM_BRIDGE: Simulation data initialized for 126 neurons (3D). Synapses: 0. GPU memory: 1.6GB/25.8GB (6.1%)
[2026-06-26 06:45:53][INFO] SIM_BRIDGE: inject_explicit_wiring: installed 720 synapses across 1 populations.
[2026-06-26 06:46:30][INFO] SIM_BRIDGE: CuPy using GPU: NVIDIA GeForce RTX 3090 (24.0 GB), mempool limit: 80%
[2026-06-26 06:46:30][INFO] SIM_BRIDGE: Initializing simulation data for model: IZHIKEVICH (3D)... (playback_init: False)
[2026-06-26 06:46:30][INFO] SIM_BRIDGE: RNG initialized with seed: 43
[2026-06-26 06:46:30][INFO] SIM_BRIDGE: Initializing Izhikevich model specifics for 224 neurons...
[2026-06-26 06:46:30][INFO] SIM_BRIDGE: Applying parameter heterogeneity to neuron parameters...
[2026-06-26 06:46:30][INFO] SIM_BRIDGE: Applied heterogeneity to 4 parameters.
[2026-06-26 06:46:30][INFO] SIM_BRIDGE: Initializing OU process state (tau=15.0ms, sigma=20.0pA)...
[2026-06-26 06:46:30][INFO] SIM_BRIDGE: Generating 3D neuron positions for 224 neurons...
[2026-06-26 06:46:30][INFO] SIM_BRIDGE: Generating connections (3D)...
[2026-06-26 06:46:30][INFO] SIM_BRIDGE: Simulation data initialized for 224 neurons (3D). Synapses: 0. GPU memory: 1.6GB/25.8GB (6.1%)
[2026-06-26 06:46:30][INFO] SIM_BRIDGE: inject_explicit_wiring: installed 4800 synapses across 1 populations.
[2026-06-26 06:47:26][INFO] SIM_BRIDGE: CuPy using GPU: NVIDIA GeForce RTX 3090 (24.0 GB), mempool limit: 80%
[2026-06-26 06:47:26][INFO] SIM_BRIDGE: Initializing simulation data for model: IZHIKEVICH (3D)... (playback_init: False)
[2026-06-26 06:47:26][INFO] SIM_BRIDGE: Brain-region framework: 2 regions, 2560 total neurons, 2 pathways.
[2026-06-26 06:47:26][INFO] SIM_BRIDGE: RNG initialized with seed: 43
[2026-06-26 06:47:26][INFO] SIM_BRIDGE: NMDA per-region mask: 2 regions enabled (2560 neurons)
[2026-06-26 06:47:26][INFO] SIM_BRIDGE: Initializing Izhikevich model specifics for 2560 neurons...
[2026-06-26 06:47:26][INFO] SIM_BRIDGE: Region 'cortex_ctx' (1280 neurons): using Izh type IZH2007_HIPPO_PYRAMIDAL
[2026-06-26 06:47:26][INFO] SIM_BRIDGE: Region 'dlpfc_wm' (1280 neurons): using Izh type IZH2007_HIPPO_PYRAMIDAL
[2026-06-26 06:47:26][INFO] SIM_BRIDGE: Applying parameter heterogeneity to neuron parameters...
[2026-06-26 06:47:26][INFO] SIM_BRIDGE: Applied heterogeneity to 4 parameters.
[2026-06-26 06:47:26][INFO] SIM_BRIDGE: Generating 3D neuron positions for 2560 neurons...
[2026-06-26 06:47:26][INFO] SIM_BRIDGE: Generating connections (brain-region framework)...
[2026-06-26 06:47:27][INFO] SIM_BRIDGE: inject_explicit_wiring: installed 488783 synapses across 4 populations.
[2026-06-26 06:47:27][INFO] SIM_BRIDGE: Initializing eligibility traces for 488783 synapses (capacity: 733174, dtype: float32)...
[2026-06-26 06:47:27][INFO] SIM_BRIDGE: Initializing STDP state for 2560 neurons...
[2026-06-26 06:47:27][INFO] SIM_BRIDGE: Simulation data initialized for 2560 neurons (3D). Synapses: 488783. GPU memory: 1.6GB/25.8GB (6.1%)
[2026-06-26 06:47:28][INFO] SIM_BRIDGE: CuPy using GPU: NVIDIA GeForce RTX 3090 (24.0 GB), mempool limit: 80%
[2026-06-26 06:47:28][INFO] SIM_BRIDGE: Initializing simulation data for model: IZHIKEVICH (3D)... (playback_init: False)
[2026-06-26 06:47:28][INFO] SIM_BRIDGE: RNG initialized with seed: 43
[2026-06-26 06:47:28][INFO] SIM_BRIDGE: Initializing Izhikevich model specifics for 256 neurons...
[2026-06-26 06:47:28][INFO] SIM_BRIDGE: Applying parameter heterogeneity to neuron parameters...
[2026-06-26 06:47:28][INFO] SIM_BRIDGE: Applied heterogeneity to 4 parameters.
[2026-06-26 06:47:28][INFO] SIM_BRIDGE: Initializing OU process state (tau=15.0ms, sigma=0.0pA)...
[2026-06-26 06:47:28][INFO] SIM_BRIDGE: Generating 3D neuron positions for 256 neurons...
[2026-06-26 06:47:28][INFO] SIM_BRIDGE: Generating connections (3D)...
[2026-06-26 06:47:28][INFO] SIM_BRIDGE: Simulation data initialized for 256 neurons (3D). Synapses: 0. GPU memory: 1.6GB/25.8GB (6.1%)
[2026-06-26 06:47:28][INFO] SIM_BRIDGE: CuPy using GPU: NVIDIA GeForce RTX 3090 (24.0 GB), mempool limit: 80%
[2026-06-26 06:47:28][INFO] SIM_BRIDGE: Initializing simulation data for model: IZHIKEVICH (3D)... (playback_init: False)
[2026-06-26 06:47:28][INFO] SIM_BRIDGE: RNG initialized with seed: 43
[2026-06-26 06:47:28][INFO] SIM_BRIDGE: Initializing Izhikevich model specifics for 640 neurons...
[2026-06-26 06:47:28][INFO] SIM_BRIDGE: Applying parameter heterogeneity to neuron parameters...
[2026-06-26 06:47:28][INFO] SIM_BRIDGE: Applied heterogeneity to 4 parameters.
[2026-06-26 06:47:28][INFO] SIM_BRIDGE: Initializing OU process state (tau=15.0ms, sigma=0.0pA)...
[2026-06-26 06:47:28][INFO] SIM_BRIDGE: Generating 3D neuron positions for 640 neurons...
[2026-06-26 06:47:28][INFO] SIM_BRIDGE: Generating connections (3D)...
[2026-06-26 06:47:28][INFO] SIM_BRIDGE: Simulation data initialized for 640 neurons (3D). Synapses: 0. GPU memory: 1.6GB/25.8GB (6.1%)
[2026-06-26 06:47:43][INFO] SIM_BRIDGE: CuPy using GPU: NVIDIA GeForce RTX 3090 (24.0 GB), mempool limit: 80%
[2026-06-26 06:47:43][INFO] SIM_BRIDGE: Initializing simulation data for model: IZHIKEVICH (3D)... (playback_init: False)
[2026-06-26 06:47:43][INFO] SIM_BRIDGE: RNG initialized with seed: 43
[2026-06-26 06:47:43][INFO] SIM_BRIDGE: Initializing Izhikevich model specifics for 3072 neurons...
[2026-06-26 06:47:43][INFO] SIM_BRIDGE: Applying parameter heterogeneity to neuron parameters...
[2026-06-26 06:47:43][INFO] SIM_BRIDGE: Applied heterogeneity to 4 parameters.
[2026-06-26 06:47:43][INFO] SIM_BRIDGE: Initializing OU process state (tau=15.0ms, sigma=0.0pA)...
[2026-06-26 06:47:43][INFO] SIM_BRIDGE: Generating 3D neuron positions for 3072 neurons...
[2026-06-26 06:47:43][INFO] SIM_BRIDGE: Generating connections (3D)...
[2026-06-26 06:47:43][INFO] SIM_BRIDGE: Simulation data initialized for 3072 neurons (3D). Synapses: 0. GPU memory: 1.6GB/25.8GB (6.1%)
    [growth] mastered tier 4 -> promoted to 8
  [day 2] vocab=18 heard=18 facts= 8 recall=1.00 heldout=1.00 retain=1.00 chain=1.00 moat_fa=0 corr(M,C)=+0.91 tier=8 replay=4 win=2500 (127.2s wake=13.2s)
[2026-06-26 06:48:00][INFO] SIM_BRIDGE: CuPy using GPU: NVIDIA GeForce RTX 3090 (24.0 GB), mempool limit: 80%
[2026-06-26 06:48:00][INFO] SIM_BRIDGE: Initializing simulation data for model: IZHIKEVICH (3D)... (playback_init: False)
[2026-06-26 06:48:00][INFO] SIM_BRIDGE: RNG initialized with seed: 43
[2026-06-26 06:48:00][INFO] SIM_BRIDGE: Initializing Izhikevich model specifics for 126 neurons...
[2026-06-26 06:48:00][INFO] SIM_BRIDGE: Applying parameter heterogeneity to neuron parameters...
[2026-06-26 06:48:00][INFO] SIM_BRIDGE: Applied heterogeneity to 4 parameters.
[2026-06-26 06:48:00][INFO] SIM_BRIDGE: Initializing OU process state (tau=15.0ms, sigma=20.0pA)...
[2026-06-26 06:48:00][INFO] SIM_BRIDGE: Generating 3D neuron positions for 126 neurons...
[2026-06-26 06:48:00][INFO] SIM_BRIDGE: Generating connections (3D)...
[2026-06-26 06:48:00][INFO] SIM_BRIDGE: Simulation data initialized for 126 neurons (3D). Synapses: 0. GPU memory: 1.6GB/25.8GB (6.1%)
[2026-06-26 06:48:00][INFO] SIM_BRIDGE: inject_explicit_wiring: installed 720 synapses across 1 populations.
[2026-06-26 06:48:38][INFO] SIM_BRIDGE: CuPy using GPU: NVIDIA GeForce RTX 3090 (24.0 GB), mempool limit: 80%
[2026-06-26 06:48:38][INFO] SIM_BRIDGE: Initializing simulation data for model: IZHIKEVICH (3D)... (playback_init: False)
[2026-06-26 06:48:38][INFO] SIM_BRIDGE: RNG initialized with seed: 43
[2026-06-26 06:48:38][INFO] SIM_BRIDGE: Initializing Izhikevich model specifics for 224 neurons...
[2026-06-26 06:48:38][INFO] SIM_BRIDGE: Applying parameter heterogeneity to neuron parameters...
[2026-06-26 06:48:38][INFO] SIM_BRIDGE: Applied heterogeneity to 4 parameters.
[2026-06-26 06:48:38][INFO] SIM_BRIDGE: Initializing OU process state (tau=15.0ms, sigma=20.0pA)...
[2026-06-26 06:48:38][INFO] SIM_BRIDGE: Generating 3D neuron positions for 224 neurons...
[2026-06-26 06:48:38][INFO] SIM_BRIDGE: Generating connections (3D)...
[2026-06-26 06:48:38][INFO] SIM_BRIDGE: Simulation data initialized for 224 neurons (3D). Synapses: 0. GPU memory: 1.6GB/25.8GB (6.1%)
[2026-06-26 06:48:38][INFO] SIM_BRIDGE: inject_explicit_wiring: installed 4800 synapses across 1 populations.
[2026-06-26 06:49:34][INFO] SIM_BRIDGE: CuPy using GPU: NVIDIA GeForce RTX 3090 (24.0 GB), mempool limit: 80%
[2026-06-26 06:49:34][INFO] SIM_BRIDGE: Initializing simulation data for model: IZHIKEVICH (3D)... (playback_init: False)
[2026-06-26 06:49:34][INFO] SIM_BRIDGE: Brain-region framework: 2 regions, 2560 total neurons, 2 pathways.
[2026-06-26 06:49:34][INFO] SIM_BRIDGE: RNG initialized with seed: 43
[2026-06-26 06:49:34][INFO] SIM_BRIDGE: NMDA per-region mask: 2 regions enabled (2560 neurons)
[2026-06-26 06:49:34][INFO] SIM_BRIDGE: Initializing Izhikevich model specifics for 2560 neurons...
[2026-06-26 06:49:34][INFO] SIM_BRIDGE: Region 'cortex_ctx' (1280 neurons): using Izh type IZH2007_HIPPO_PYRAMIDAL
[2026-06-26 06:49:34][INFO] SIM_BRIDGE: Region 'dlpfc_wm' (1280 neurons): using Izh type IZH2007_HIPPO_PYRAMIDAL
[2026-06-26 06:49:34][INFO] SIM_BRIDGE: Applying parameter heterogeneity to neuron parameters...
[2026-06-26 06:49:34][INFO] SIM_BRIDGE: Applied heterogeneity to 4 parameters.
[2026-06-26 06:49:34][INFO] SIM_BRIDGE: Generating 3D neuron positions for 2560 neurons...
[2026-06-26 06:49:34][INFO] SIM_BRIDGE: Generating connections (brain-region framework)...
[2026-06-26 06:49:34][INFO] SIM_BRIDGE: inject_explicit_wiring: installed 488783 synapses across 4 populations.
[2026-06-26 06:49:34][INFO] SIM_BRIDGE: Initializing eligibility traces for 488783 synapses (capacity: 733174, dtype: float32)...
[2026-06-26 06:49:34][INFO] SIM_BRIDGE: Initializing STDP state for 2560 neurons...
[2026-06-26 06:49:34][INFO] SIM_BRIDGE: Simulation data initialized for 2560 neurons (3D). Synapses: 488783. GPU memory: 1.6GB/25.8GB (6.1%)
[2026-06-26 06:49:36][INFO] SIM_BRIDGE: CuPy using GPU: NVIDIA GeForce RTX 3090 (24.0 GB), mempool limit: 80%
[2026-06-26 06:49:36][INFO] SIM_BRIDGE: Initializing simulation data for model: IZHIKEVICH (3D)... (playback_init: False)
[2026-06-26 06:49:36][INFO] SIM_BRIDGE: RNG initialized with seed: 43
[2026-06-26 06:49:36][INFO] SIM_BRIDGE: Initializing Izhikevich model specifics for 256 neurons...
[2026-06-26 06:49:36][INFO] SIM_BRIDGE: Applying parameter heterogeneity to neuron parameters...
[2026-06-26 06:49:36][INFO] SIM_BRIDGE: Applied heterogeneity to 4 parameters.
[2026-06-26 06:49:36][INFO] SIM_BRIDGE: Initializing OU process state (tau=15.0ms, sigma=0.0pA)...
[2026-06-26 06:49:36][INFO] SIM_BRIDGE: Generating 3D neuron positions for 256 neurons...
[2026-06-26 06:49:36][INFO] SIM_BRIDGE: Generating connections (3D)...
[2026-06-26 06:49:36][INFO] SIM_BRIDGE: Simulation data initialized for 256 neurons (3D). Synapses: 0. GPU memory: 1.6GB/25.8GB (6.1%)
[2026-06-26 06:49:36][INFO] SIM_BRIDGE: CuPy using GPU: NVIDIA GeForce RTX 3090 (24.0 GB), mempool limit: 80%
[2026-06-26 06:49:36][INFO] SIM_BRIDGE: Initializing simulation data for model: IZHIKEVICH (3D)... (playback_init: False)
[2026-06-26 06:49:36][INFO] SIM_BRIDGE: RNG initialized with seed: 43
[2026-06-26 06:49:36][INFO] SIM_BRIDGE: Initializing Izhikevich model specifics for 640 neurons...
[2026-06-26 06:49:36][INFO] SIM_BRIDGE: Applying parameter heterogeneity to neuron parameters...
[2026-06-26 06:49:36][INFO] SIM_BRIDGE: Applied heterogeneity to 4 parameters.
[2026-06-26 06:49:36][INFO] SIM_BRIDGE: Initializing OU process state (tau=15.0ms, sigma=0.0pA)...
[2026-06-26 06:49:36][INFO] SIM_BRIDGE: Generating 3D neuron positions for 640 neurons...
[2026-06-26 06:49:36][INFO] SIM_BRIDGE: Generating connections (3D)...
[2026-06-26 06:49:36][INFO] SIM_BRIDGE: Simulation data initialized for 640 neurons (3D). Synapses: 0. GPU memory: 1.6GB/25.8GB (6.1%)
[2026-06-26 06:49:58][INFO] SIM_BRIDGE: CuPy using GPU: NVIDIA GeForce RTX 3090 (24.0 GB), mempool limit: 80%
[2026-06-26 06:49:58][INFO] SIM_BRIDGE: Initializing simulation data for model: IZHIKEVICH (3D)... (playback_init: False)
[2026-06-26 06:49:58][INFO] SIM_BRIDGE: RNG initialized with seed: 43
[2026-06-26 06:49:58][INFO] SIM_BRIDGE: Initializing Izhikevich model specifics for 4096 neurons...
[2026-06-26 06:49:58][INFO] SIM_BRIDGE: Applying parameter heterogeneity to neuron parameters...
[2026-06-26 06:49:58][INFO] SIM_BRIDGE: Applied heterogeneity to 4 parameters.
[2026-06-26 06:49:58][INFO] SIM_BRIDGE: Initializing OU process state (tau=15.0ms, sigma=0.0pA)...
[2026-06-26 06:49:58][INFO] SIM_BRIDGE: Generating 3D neuron positions for 4096 neurons...
[2026-06-26 06:49:58][INFO] SIM_BRIDGE: Generating connections (3D)...
[2026-06-26 06:49:58][INFO] SIM_BRIDGE: Simulation data initialized for 4096 neurons (3D). Synapses: 0. GPU memory: 1.6GB/25.8GB (6.1%)
  [day 3] vocab=24 heard=24 facts=11 recall=1.00 heldout=0.00 retain=1.00 chain=- moat_fa=0 corr(M,C)=+0.87 tier=8 replay=5 win=2500 (133.0s wake=13.5s)
[2026-06-26 06:50:13][INFO] SIM_BRIDGE: CuPy using GPU: NVIDIA GeForce RTX 3090 (24.0 GB), mempool limit: 80%
[2026-06-26 06:50:13][INFO] SIM_BRIDGE: Initializing simulation data for model: IZHIKEVICH (3D)... (playback_init: False)
[2026-06-26 06:50:13][INFO] SIM_BRIDGE: RNG initialized with seed: 43
[2026-06-26 06:50:13][INFO] SIM_BRIDGE: Initializing Izhikevich model specifics for 126 neurons...
[2026-06-26 06:50:13][INFO] SIM_BRIDGE: Applying parameter heterogeneity to neuron parameters...
[2026-06-26 06:50:13][INFO] SIM_BRIDGE: Applied heterogeneity to 4 parameters.
[2026-06-26 06:50:13][INFO] SIM_BRIDGE: Initializing OU process state (tau=15.0ms, sigma=20.0pA)...
[2026-06-26 06:50:13][INFO] SIM_BRIDGE: Generating 3D neuron positions for 126 neurons...
[2026-06-26 06:50:13][INFO] SIM_BRIDGE: Generating connections (3D)...
[2026-06-26 06:50:13][INFO] SIM_BRIDGE: Simulation data initialized for 126 neurons (3D). Synapses: 0. GPU memory: 1.6GB/25.8GB (6.1%)
[2026-06-26 06:50:13][INFO] SIM_BRIDGE: inject_explicit_wiring: installed 720 synapses across 1 populations.
[2026-06-26 06:50:55][INFO] SIM_BRIDGE: CuPy using GPU: NVIDIA GeForce RTX 3090 (24.0 GB), mempool limit: 80%
[2026-06-26 06:50:55][INFO] SIM_BRIDGE: Initializing simulation data for model: IZHIKEVICH (3D)... (playback_init: False)
[2026-06-26 06:50:55][INFO] SIM_BRIDGE: RNG initialized with seed: 43
[2026-06-26 06:50:55][INFO] SIM_BRIDGE: Initializing Izhikevich model specifics for 224 neurons...
[2026-06-26 06:50:55][INFO] SIM_BRIDGE: Applying parameter heterogeneity to neuron parameters...
[2026-06-26 06:50:55][INFO] SIM_BRIDGE: Applied heterogeneity to 4 parameters.
[2026-06-26 06:50:55][INFO] SIM_BRIDGE: Initializing OU process state (tau=15.0ms, sigma=20.0pA)...
[2026-06-26 06:50:55][INFO] SIM_BRIDGE: Generating 3D neuron positions for 224 neurons...
[2026-06-26 06:50:55][INFO] SIM_BRIDGE: Generating connections (3D)...
[2026-06-26 06:50:55][INFO] SIM_BRIDGE: Simulation data initialized for 224 neurons (3D). Synapses: 0. GPU memory: 1.6GB/25.8GB (6.1%)
[2026-06-26 06:50:55][INFO] SIM_BRIDGE: inject_explicit_wiring: installed 4800 synapses across 1 populations.
[2026-06-26 06:51:50][INFO] SIM_BRIDGE: CuPy using GPU: NVIDIA GeForce RTX 3090 (24.0 GB), mempool limit: 80%
[2026-06-26 06:51:50][INFO] SIM_BRIDGE: Initializing simulation data for model: IZHIKEVICH (3D)... (playback_init: False)
[2026-06-26 06:51:50][INFO] SIM_BRIDGE: Brain-region framework: 2 regions, 2560 total neurons, 2 pathways.
[2026-06-26 06:51:50][INFO] SIM_BRIDGE: RNG initialized with seed: 43
[2026-06-26 06:51:50][INFO] SIM_BRIDGE: NMDA per-region mask: 2 regions enabled (2560 neurons)
[2026-06-26 06:51:50][INFO] SIM_BRIDGE: Initializing Izhikevich model specifics for 2560 neurons...
[2026-06-26 06:51:50][INFO] SIM_BRIDGE: Region 'cortex_ctx' (1280 neurons): using Izh type IZH2007_HIPPO_PYRAMIDAL
[2026-06-26 06:51:50][INFO] SIM_BRIDGE: Region 'dlpfc_wm' (1280 neurons): using Izh type IZH2007_HIPPO_PYRAMIDAL
[2026-06-26 06:51:50][INFO] SIM_BRIDGE: Applying parameter heterogeneity to neuron parameters...
[2026-06-26 06:51:50][INFO] SIM_BRIDGE: Applied heterogeneity to 4 parameters.
[2026-06-26 06:51:50][INFO] SIM_BRIDGE: Generating 3D neuron positions for 2560 neurons...
[2026-06-26 06:51:50][INFO] SIM_BRIDGE: Generating connections (brain-region framework)...
[2026-06-26 06:51:50][INFO] SIM_BRIDGE: inject_explicit_wiring: installed 488783 synapses across 4 populations.
[2026-06-26 06:51:50][INFO] SIM_BRIDGE: Initializing eligibility traces for 488783 synapses (capacity: 733174, dtype: float32)...
[2026-06-26 06:51:50][INFO] SIM_BRIDGE: Initializing STDP state for 2560 neurons...
[2026-06-26 06:51:50][INFO] SIM_BRIDGE: Simulation data initialized for 2560 neurons (3D). Synapses: 488783. GPU memory: 1.6GB/25.8GB (6.1%)
[2026-06-26 06:51:51][INFO] SIM_BRIDGE: CuPy using GPU: NVIDIA GeForce RTX 3090 (24.0 GB), mempool limit: 80%
[2026-06-26 06:51:51][INFO] SIM_BRIDGE: Initializing simulation data for model: IZHIKEVICH (3D)... (playback_init: False)
[2026-06-26 06:51:51][INFO] SIM_BRIDGE: RNG initialized with seed: 43
[2026-06-26 06:51:51][INFO] SIM_BRIDGE: Initializing Izhikevich model specifics for 256 neurons...
[2026-06-26 06:51:51][INFO] SIM_BRIDGE: Applying parameter heterogeneity to neuron parameters...
[2026-06-26 06:51:51][INFO] SIM_BRIDGE: Applied heterogeneity to 4 parameters.
[2026-06-26 06:51:51][INFO] SIM_BRIDGE: Initializing OU process state (tau=15.0ms, sigma=0.0pA)...
[2026-06-26 06:51:51][INFO] SIM_BRIDGE: Generating 3D neuron positions for 256 neurons...
[2026-06-26 06:51:51][INFO] SIM_BRIDGE: Generating connections (3D)...
[2026-06-26 06:51:51][INFO] SIM_BRIDGE: Simulation data initialized for 256 neurons (3D). Synapses: 0. GPU memory: 1.6GB/25.8GB (6.1%)
[2026-06-26 06:51:52][INFO] SIM_BRIDGE: CuPy using GPU: NVIDIA GeForce RTX 3090 (24.0 GB), mempool limit: 80%
[2026-06-26 06:51:52][INFO] SIM_BRIDGE: Initializing simulation data for model: IZHIKEVICH (3D)... (playback_init: False)
[2026-06-26 06:51:52][INFO] SIM_BRIDGE: RNG initialized with seed: 43
[2026-06-26 06:51:52][INFO] SIM_BRIDGE: Initializing Izhikevich model specifics for 640 neurons...
[2026-06-26 06:51:52][INFO] SIM_BRIDGE: Applying parameter heterogeneity to neuron parameters...
[2026-06-26 06:51:52][INFO] SIM_BRIDGE: Applied heterogeneity to 4 parameters.
[2026-06-26 06:51:52][INFO] SIM_BRIDGE: Initializing OU process state (tau=15.0ms, sigma=0.0pA)...
[2026-06-26 06:51:52][INFO] SIM_BRIDGE: Generating 3D neuron positions for 640 neurons...
[2026-06-26 06:51:52][INFO] SIM_BRIDGE: Generating connections (3D)...
[2026-06-26 06:51:52][INFO] SIM_BRIDGE: Simulation data initialized for 640 neurons (3D). Synapses: 0. GPU memory: 1.6GB/25.8GB (6.1%)
[2026-06-26 06:52:14][INFO] SIM_BRIDGE: CuPy using GPU: NVIDIA GeForce RTX 3090 (24.0 GB), mempool limit: 80%
[2026-06-26 06:52:14][INFO] SIM_BRIDGE: Initializing simulation data for model: IZHIKEVICH (3D)... (playback_init: False)
[2026-06-26 06:52:14][INFO] SIM_BRIDGE: RNG initialized with seed: 43
[2026-06-26 06:52:14][INFO] SIM_BRIDGE: Initializing Izhikevich model specifics for 4608 neurons...
[2026-06-26 06:52:14][INFO] SIM_BRIDGE: Applying parameter heterogeneity to neuron parameters...
[2026-06-26 06:52:14][INFO] SIM_BRIDGE: Applied heterogeneity to 4 parameters.
[2026-06-26 06:52:14][INFO] SIM_BRIDGE: Initializing OU process state (tau=15.0ms, sigma=0.0pA)...
[2026-06-26 06:52:14][INFO] SIM_BRIDGE: Generating 3D neuron positions for 4608 neurons...
[2026-06-26 06:52:14][INFO] SIM_BRIDGE: Generating connections (3D)...
[2026-06-26 06:52:14][INFO] SIM_BRIDGE: Simulation data initialized for 4608 neurons (3D). Synapses: 0. GPU memory: 1.6GB/25.8GB (6.1%)
  [day 4] vocab=24 heard=24 facts=11 recall=1.00 heldout=- retain=- chain=- moat_fa=0 corr(M,C)=+0.88 tier=8 replay=5 win=2500 (134.8s wake=13.2s)
[2026-06-26 06:52:28][INFO] SIM_BRIDGE: CuPy using GPU: NVIDIA GeForce RTX 3090 (24.0 GB), mempool limit: 80%
[2026-06-26 06:52:28][INFO] SIM_BRIDGE: Initializing simulation data for model: IZHIKEVICH (3D)... (playback_init: False)
[2026-06-26 06:52:28][INFO] SIM_BRIDGE: RNG initialized with seed: 43
[2026-06-26 06:52:28][INFO] SIM_BRIDGE: Initializing Izhikevich model specifics for 126 neurons...
[2026-06-26 06:52:28][INFO] SIM_BRIDGE: Applying parameter heterogeneity to neuron parameters...
[2026-06-26 06:52:28][INFO] SIM_BRIDGE: Applied heterogeneity to 4 parameters.
[2026-06-26 06:52:28][INFO] SIM_BRIDGE: Initializing OU process state (tau=15.0ms, sigma=20.0pA)...
[2026-06-26 06:52:28][INFO] SIM_BRIDGE: Generating 3D neuron positions for 126 neurons...
[2026-06-26 06:52:28][INFO] SIM_BRIDGE: Generating connections (3D)...
[2026-06-26 06:52:28][INFO] SIM_BRIDGE: Simulation data initialized for 126 neurons (3D). Synapses: 0. GPU memory: 1.6GB/25.8GB (6.2%)
[2026-06-26 06:52:28][INFO] SIM_BRIDGE: inject_explicit_wiring: installed 720 synapses across 1 populations.
[2026-06-26 06:53:05][INFO] SIM_BRIDGE: CuPy using GPU: NVIDIA GeForce RTX 3090 (24.0 GB), mempool limit: 80%
[2026-06-26 06:53:05][INFO] SIM_BRIDGE: Initializing simulation data for model: IZHIKEVICH (3D)... (playback_init: False)
[2026-06-26 06:53:05][INFO] SIM_BRIDGE: RNG initialized with seed: 43
[2026-06-26 06:53:05][INFO] SIM_BRIDGE: Initializing Izhikevich model specifics for 224 neurons...
[2026-06-26 06:53:05][INFO] SIM_BRIDGE: Applying parameter heterogeneity to neuron parameters...
[2026-06-26 06:53:05][INFO] SIM_BRIDGE: Applied heterogeneity to 4 parameters.
[2026-06-26 06:53:05][INFO] SIM_BRIDGE: Initializing OU process state (tau=15.0ms, sigma=20.0pA)...
[2026-06-26 06:53:05][INFO] SIM_BRIDGE: Generating 3D neuron positions for 224 neurons...
[2026-06-26 06:53:05][INFO] SIM_BRIDGE: Generating connections (3D)...
[2026-06-26 06:53:05][INFO] SIM_BRIDGE: Simulation data initialized for 224 neurons (3D). Synapses: 0. GPU memory: 1.6GB/25.8GB (6.2%)
[2026-06-26 06:53:05][INFO] SIM_BRIDGE: inject_explicit_wiring: installed 4800 synapses across 1 populations.
[2026-06-26 06:53:59][INFO] SIM_BRIDGE: CuPy using GPU: NVIDIA GeForce RTX 3090 (24.0 GB), mempool limit: 80%
[2026-06-26 06:53:59][INFO] SIM_BRIDGE: Initializing simulation data for model: IZHIKEVICH (3D)... (playback_init: False)
[2026-06-26 06:53:59][INFO] SIM_BRIDGE: Brain-region framework: 2 regions, 2560 total neurons, 2 pathways.
[2026-06-26 06:53:59][INFO] SIM_BRIDGE: RNG initialized with seed: 43
[2026-06-26 06:53:59][INFO] SIM_BRIDGE: NMDA per-region mask: 2 regions enabled (2560 neurons)
[2026-06-26 06:53:59][INFO] SIM_BRIDGE: Initializing Izhikevich model specifics for 2560 neurons...
[2026-06-26 06:53:59][INFO] SIM_BRIDGE: Region 'cortex_ctx' (1280 neurons): using Izh type IZH2007_HIPPO_PYRAMIDAL
[2026-06-26 06:53:59][INFO] SIM_BRIDGE: Region 'dlpfc_wm' (1280 neurons): using Izh type IZH2007_HIPPO_PYRAMIDAL
[2026-06-26 06:53:59][INFO] SIM_BRIDGE: Applying parameter heterogeneity to neuron parameters...
[2026-06-26 06:53:59][INFO] SIM_BRIDGE: Applied heterogeneity to 4 parameters.
[2026-06-26 06:53:59][INFO] SIM_BRIDGE: Generating 3D neuron positions for 2560 neurons...
[2026-06-26 06:53:59][INFO] SIM_BRIDGE: Generating connections (brain-region framework)...
[2026-06-26 06:54:00][INFO] SIM_BRIDGE: inject_explicit_wiring: installed 488783 synapses across 4 populations.
[2026-06-26 06:54:00][INFO] SIM_BRIDGE: Initializing eligibility traces for 488783 synapses (capacity: 733174, dtype: float32)...
[2026-06-26 06:54:00][INFO] SIM_BRIDGE: Initializing STDP state for 2560 neurons...
[2026-06-26 06:54:00][INFO] SIM_BRIDGE: Simulation data initialized for 2560 neurons (3D). Synapses: 488783. GPU memory: 1.6GB/25.8GB (6.2%)
[2026-06-26 06:54:01][INFO] SIM_BRIDGE: CuPy using GPU: NVIDIA GeForce RTX 3090 (24.0 GB), mempool limit: 80%
[2026-06-26 06:54:01][INFO] SIM_BRIDGE: Initializing simulation data for model: IZHIKEVICH (3D)... (playback_init: False)
[2026-06-26 06:54:01][INFO] SIM_BRIDGE: RNG initialized with seed: 43
[2026-06-26 06:54:01][INFO] SIM_BRIDGE: Initializing Izhikevich model specifics for 256 neurons...
[2026-06-26 06:54:01][INFO] SIM_BRIDGE: Applying parameter heterogeneity to neuron parameters...
[2026-06-26 06:54:01][INFO] SIM_BRIDGE: Applied heterogeneity to 4 parameters.
[2026-06-26 06:54:01][INFO] SIM_BRIDGE: Initializing OU process state (tau=15.0ms, sigma=0.0pA)...
[2026-06-26 06:54:01][INFO] SIM_BRIDGE: Generating 3D neuron positions for 256 neurons...
[2026-06-26 06:54:01][INFO] SIM_BRIDGE: Generating connections (3D)...
[2026-06-26 06:54:01][INFO] SIM_BRIDGE: Simulation data initialized for 256 neurons (3D). Synapses: 0. GPU memory: 1.6GB/25.8GB (6.2%)
[2026-06-26 06:54:01][INFO] SIM_BRIDGE: CuPy using GPU: NVIDIA GeForce RTX 3090 (24.0 GB), mempool limit: 80%
[2026-06-26 06:54:01][INFO] SIM_BRIDGE: Initializing simulation data for model: IZHIKEVICH (3D)... (playback_init: False)
[2026-06-26 06:54:01][INFO] SIM_BRIDGE: RNG initialized with seed: 43
[2026-06-26 06:54:01][INFO] SIM_BRIDGE: Initializing Izhikevich model specifics for 640 neurons...
[2026-06-26 06:54:01][INFO] SIM_BRIDGE: Applying parameter heterogeneity to neuron parameters...
[2026-06-26 06:54:01][INFO] SIM_BRIDGE: Applied heterogeneity to 4 parameters.
[2026-06-26 06:54:01][INFO] SIM_BRIDGE: Initializing OU process state (tau=15.0ms, sigma=0.0pA)...
[2026-06-26 06:54:01][INFO] SIM_BRIDGE: Generating 3D neuron positions for 640 neurons...
[2026-06-26 06:54:01][INFO] SIM_BRIDGE: Generating connections (3D)...
[2026-06-26 06:54:01][INFO] SIM_BRIDGE: Simulation data initialized for 640 neurons (3D). Synapses: 0. GPU memory: 1.6GB/25.8GB (6.2%)
[2026-06-26 06:54:25][INFO] SIM_BRIDGE: CuPy using GPU: NVIDIA GeForce RTX 3090 (24.0 GB), mempool limit: 80%
[2026-06-26 06:54:25][INFO] SIM_BRIDGE: Initializing simulation data for model: IZHIKEVICH (3D)... (playback_init: False)
[2026-06-26 06:54:25][INFO] SIM_BRIDGE: RNG initialized with seed: 43
[2026-06-26 06:54:25][INFO] SIM_BRIDGE: Initializing Izhikevich model specifics for 4864 neurons...
[2026-06-26 06:54:25][INFO] SIM_BRIDGE: Applying parameter heterogeneity to neuron parameters...
[2026-06-26 06:54:25][INFO] SIM_BRIDGE: Applied heterogeneity to 4 parameters.
[2026-06-26 06:54:25][INFO] SIM_BRIDGE: Initializing OU process state (tau=15.0ms, sigma=0.0pA)...
[2026-06-26 06:54:25][INFO] SIM_BRIDGE: Generating 3D neuron positions for 4864 neurons...
[2026-06-26 06:54:25][INFO] SIM_BRIDGE: Generating connections (3D)...
[2026-06-26 06:54:25][INFO] SIM_BRIDGE: Simulation data initialized for 4864 neurons (3D). Synapses: 0. GPU memory: 1.6GB/25.8GB (6.2%)
    [growth] mastered tier 8 -> promoted to 12
  [day 5] vocab=24 heard=24 facts=11 recall=1.00 heldout=1.00 retain=1.00 chain=- moat_fa=0 corr(M,C)=+0.90 tier=12 replay=5 win=2500 (132.4s wake=13.2s)
[2026-06-26 06:54:40][INFO] SIM_BRIDGE: CuPy using GPU: NVIDIA GeForce RTX 3090 (24.0 GB), mempool limit: 80%
[2026-06-26 06:54:40][INFO] SIM_BRIDGE: Initializing simulation data for model: IZHIKEVICH (3D)... (playback_init: False)
[2026-06-26 06:54:40][INFO] SIM_BRIDGE: RNG initialized with seed: 43
[2026-06-26 06:54:40][INFO] SIM_BRIDGE: Initializing Izhikevich model specifics for 126 neurons...
[2026-06-26 06:54:40][INFO] SIM_BRIDGE: Applying parameter heterogeneity to neuron parameters...
[2026-06-26 06:54:40][INFO] SIM_BRIDGE: Applied heterogeneity to 4 parameters.
[2026-06-26 06:54:40][INFO] SIM_BRIDGE: Initializing OU process state (tau=15.0ms, sigma=20.0pA)...
[2026-06-26 06:54:40][INFO] SIM_BRIDGE: Generating 3D neuron positions for 126 neurons...
[2026-06-26 06:54:40][INFO] SIM_BRIDGE: Generating connections (3D)...
[2026-06-26 06:54:40][INFO] SIM_BRIDGE: Simulation data initialized for 126 neurons (3D). Synapses: 0. GPU memory: 1.6GB/25.8GB (6.2%)
[2026-06-26 06:54:40][INFO] SIM_BRIDGE: inject_explicit_wiring: installed 720 synapses across 1 populations.
[2026-06-26 06:55:18][INFO] SIM_BRIDGE: CuPy using GPU: NVIDIA GeForce RTX 3090 (24.0 GB), mempool limit: 80%
[2026-06-26 06:55:18][INFO] SIM_BRIDGE: Initializing simulation data for model: IZHIKEVICH (3D)... (playback_init: False)
[2026-06-26 06:55:18][INFO] SIM_BRIDGE: RNG initialized with seed: 43
[2026-06-26 06:55:18][INFO] SIM_BRIDGE: Initializing Izhikevich model specifics for 224 neurons...
[2026-06-26 06:55:18][INFO] SIM_BRIDGE: Applying parameter heterogeneity to neuron parameters...
[2026-06-26 06:55:18][INFO] SIM_BRIDGE: Applied heterogeneity to 4 parameters.
[2026-06-26 06:55:18][INFO] SIM_BRIDGE: Initializing OU process state (tau=15.0ms, sigma=20.0pA)...
[2026-06-26 06:55:18][INFO] SIM_BRIDGE: Generating 3D neuron positions for 224 neurons...
[2026-06-26 06:55:18][INFO] SIM_BRIDGE: Generating connections (3D)...
[2026-06-26 06:55:18][INFO] SIM_BRIDGE: Simulation data initialized for 224 neurons (3D). Synapses: 0. GPU memory: 1.6GB/25.8GB (6.2%)
[2026-06-26 06:55:18][INFO] SIM_BRIDGE: inject_explicit_wiring: installed 4800 synapses across 1 populations.
[2026-06-26 06:56:14][INFO] SIM_BRIDGE: CuPy using GPU: NVIDIA GeForce RTX 3090 (24.0 GB), mempool limit: 80%
[2026-06-26 06:56:14][INFO] SIM_BRIDGE: Initializing simulation data for model: IZHIKEVICH (3D)... (playback_init: False)
[2026-06-26 06:56:14][INFO] SIM_BRIDGE: Brain-region framework: 2 regions, 2560 total neurons, 2 pathways.
[2026-06-26 06:56:14][INFO] SIM_BRIDGE: RNG initialized with seed: 43
[2026-06-26 06:56:14][INFO] SIM_BRIDGE: NMDA per-region mask: 2 regions enabled (2560 neurons)
[2026-06-26 06:56:14][INFO] SIM_BRIDGE: Initializing Izhikevich model specifics for 2560 neurons...
[2026-06-26 06:56:14][INFO] SIM_BRIDGE: Region 'cortex_ctx' (1280 neurons): using Izh type IZH2007_HIPPO_PYRAMIDAL
[2026-06-26 06:56:14][INFO] SIM_BRIDGE: Region 'dlpfc_wm' (1280 neurons): using Izh type IZH2007_HIPPO_PYRAMIDAL
[2026-06-26 06:56:14][INFO] SIM_BRIDGE: Applying parameter heterogeneity to neuron parameters...
[2026-06-26 06:56:14][INFO] SIM_BRIDGE: Applied heterogeneity to 4 parameters.
[2026-06-26 06:56:14][INFO] SIM_BRIDGE: Generating 3D neuron positions for 2560 neurons...
[2026-06-26 06:56:14][INFO] SIM_BRIDGE: Generating connections (brain-region framework)...
[2026-06-26 06:56:15][INFO] SIM_BRIDGE: inject_explicit_wiring: installed 488783 synapses across 4 populations.
[2026-06-26 06:56:15][INFO] SIM_BRIDGE: Initializing eligibility traces for 488783 synapses (capacity: 733174, dtype: float32)...
[2026-06-26 06:56:15][INFO] SIM_BRIDGE: Initializing STDP state for 2560 neurons...
[2026-06-26 06:56:15][INFO] SIM_BRIDGE: Simulation data initialized for 2560 neurons (3D). Synapses: 488783. GPU memory: 1.6GB/25.8GB (6.2%)
[2026-06-26 06:56:16][INFO] SIM_BRIDGE: CuPy using GPU: NVIDIA GeForce RTX 3090 (24.0 GB), mempool limit: 80%
[2026-06-26 06:56:16][INFO] SIM_BRIDGE: Initializing simulation data for model: IZHIKEVICH (3D)... (playback_init: False)
[2026-06-26 06:56:16][INFO] SIM_BRIDGE: RNG initialized with seed: 43
[2026-06-26 06:56:16][INFO] SIM_BRIDGE: Initializing Izhikevich model specifics for 256 neurons...
[2026-06-26 06:56:16][INFO] SIM_BRIDGE: Applying parameter heterogeneity to neuron parameters...
[2026-06-26 06:56:16][INFO] SIM_BRIDGE: Applied heterogeneity to 4 parameters.
[2026-06-26 06:56:16][INFO] SIM_BRIDGE: Initializing OU process state (tau=15.0ms, sigma=0.0pA)...
[2026-06-26 06:56:16][INFO] SIM_BRIDGE: Generating 3D neuron positions for 256 neurons...
[2026-06-26 06:56:16][INFO] SIM_BRIDGE: Generating connections (3D)...
[2026-06-26 06:56:16][INFO] SIM_BRIDGE: Simulation data initialized for 256 neurons (3D). Synapses: 0. GPU memory: 1.6GB/25.8GB (6.2%)
[2026-06-26 06:56:17][INFO] SIM_BRIDGE: CuPy using GPU: NVIDIA GeForce RTX 3090 (24.0 GB), mempool limit: 80%
[2026-06-26 06:56:17][INFO] SIM_BRIDGE: Initializing simulation data for model: IZHIKEVICH (3D)... (playback_init: False)
[2026-06-26 06:56:17][INFO] SIM_BRIDGE: RNG initialized with seed: 43
[2026-06-26 06:56:17][INFO] SIM_BRIDGE: Initializing Izhikevich model specifics for 640 neurons...
[2026-06-26 06:56:17][INFO] SIM_BRIDGE: Applying parameter heterogeneity to neuron parameters...
[2026-06-26 06:56:17][INFO] SIM_BRIDGE: Applied heterogeneity to 4 parameters.
[2026-06-26 06:56:17][INFO] SIM_BRIDGE: Initializing OU process state (tau=15.0ms, sigma=0.0pA)...
[2026-06-26 06:56:17][INFO] SIM_BRIDGE: Generating 3D neuron positions for 640 neurons...
[2026-06-26 06:56:17][INFO] SIM_BRIDGE: Generating connections (3D)...
[2026-06-26 06:56:17][INFO] SIM_BRIDGE: Simulation data initialized for 640 neurons (3D). Synapses: 0. GPU memory: 1.6GB/25.8GB (6.2%)
[2026-06-26 06:56:41][INFO] SIM_BRIDGE: CuPy using GPU: NVIDIA GeForce RTX 3090 (24.0 GB), mempool limit: 80%
[2026-06-26 06:56:41][INFO] SIM_BRIDGE: Initializing simulation data for model: IZHIKEVICH (3D)... (playback_init: False)
[2026-06-26 06:56:41][INFO] SIM_BRIDGE: RNG initialized with seed: 43
[2026-06-26 06:56:41][INFO] SIM_BRIDGE: Initializing Izhikevich model specifics for 4864 neurons...
[2026-06-26 06:56:41][INFO] SIM_BRIDGE: Applying parameter heterogeneity to neuron parameters...
[2026-06-26 06:56:41][INFO] SIM_BRIDGE: Applied heterogeneity to 4 parameters.
[2026-06-26 06:56:41][INFO] SIM_BRIDGE: Initializing OU process state (tau=15.0ms, sigma=0.0pA)...
[2026-06-26 06:56:41][INFO] SIM_BRIDGE: Generating 3D neuron positions for 4864 neurons...
[2026-06-26 06:56:41][INFO] SIM_BRIDGE: Generating connections (3D)...
[2026-06-26 06:56:41][INFO] SIM_BRIDGE: Simulation data initialized for 4864 neurons (3D). Synapses: 0. GPU memory: 1.6GB/25.8GB (6.2%)
  [day 6] vocab=24 heard=24 facts=11 recall=1.00 heldout=1.00 retain=1.00 chain=1.00 moat_fa=0 corr(M,C)=+0.89 tier=12 replay=5 win=2500 (137.0s wake=13.2s)
[2026-06-26 06:56:44][INFO] SIM_BRIDGE: CuPy using GPU: NVIDIA GeForce RTX 3090 (24.0 GB), mempool limit: 80%
[2026-06-26 06:56:44][INFO] SIM_BRIDGE: Initializing simulation data for model: IZHIKEVICH (3D)... (playback_init: False)
[2026-06-26 06:56:44][INFO] SIM_BRIDGE: Brain-region framework: 2 regions, 2700 total neurons, 1 pathways.
[2026-06-26 06:56:44][INFO] SIM_BRIDGE: RNG initialized with seed: 43
[2026-06-26 06:56:44][INFO] SIM_BRIDGE: Initializing Izhikevich model specifics for 2700 neurons...
[2026-06-26 06:56:44][INFO] SIM_BRIDGE: Applying parameter heterogeneity to neuron parameters...
[2026-06-26 06:56:44][INFO] SIM_BRIDGE: Applied heterogeneity to 4 parameters.
[2026-06-26 06:56:44][INFO] SIM_BRIDGE: Generating 3D neuron positions for 2700 neurons...
[2026-06-26 06:56:44][INFO] SIM_BRIDGE: Generating connections (brain-region framework)...
[2026-06-26 06:56:45][WARNING] SIM_BRIDGE: No trait info available; all synapses default to E->E STP type.
[2026-06-26 06:56:45][INFO] SIM_BRIDGE: inject_explicit_wiring: installed 720000 synapses across 1 populations.
[2026-06-26 06:56:45][INFO] SIM_BRIDGE: Initializing STP state for 720000 synapses (capacity: 1080000)...
[2026-06-26 06:56:45][INFO] SIM_BRIDGE: Initializing eligibility traces for 720000 synapses (capacity: 1080000, dtype: float32)...
[2026-06-26 06:56:45][WARNING] SIM_BRIDGE: No trait info available; all synapses default to E->E STP type.
[2026-06-26 06:56:45][INFO] SIM_BRIDGE: Initializing structural plasticity state...
[2026-06-26 06:56:45][INFO] SIM_BRIDGE: Simulation data initialized for 2700 neurons (3D). Synapses: 720000. GPU memory: 1.6GB/25.8GB (6.2%)
[2026-06-26 06:57:12][INFO] SIM_BRIDGE: CuPy using GPU: NVIDIA GeForce RTX 3090 (24.0 GB), mempool limit: 80%
[2026-06-26 06:57:12][INFO] SIM_BRIDGE: Initializing simulation data for model: IZHIKEVICH (3D)... (playback_init: False)
[2026-06-26 06:57:12][INFO] SIM_BRIDGE: RNG initialized with seed: 43
[2026-06-26 06:57:12][INFO] SIM_BRIDGE: Initializing Izhikevich model specifics for 126 neurons...
[2026-06-26 06:57:12][INFO] SIM_BRIDGE: Applying parameter heterogeneity to neuron parameters...
[2026-06-26 06:57:12][INFO] SIM_BRIDGE: Applied heterogeneity to 4 parameters.
[2026-06-26 06:57:12][INFO] SIM_BRIDGE: Initializing OU process state (tau=15.0ms, sigma=20.0pA)...
[2026-06-26 06:57:12][INFO] SIM_BRIDGE: Generating 3D neuron positions for 126 neurons...
[2026-06-26 06:57:12][INFO] SIM_BRIDGE: Generating connections (3D)...
[2026-06-26 06:57:12][INFO] SIM_BRIDGE: Simulation data initialized for 126 neurons (3D). Synapses: 0. GPU memory: 1.6GB/25.8GB (6.2%)
[2026-06-26 06:57:12][INFO] SIM_BRIDGE: inject_explicit_wiring: installed 720 synapses across 1 populations.
[2026-06-26 06:57:48][INFO] SIM_BRIDGE: CuPy using GPU: NVIDIA GeForce RTX 3090 (24.0 GB), mempool limit: 80%
[2026-06-26 06:57:48][INFO] SIM_BRIDGE: Initializing simulation data for model: IZHIKEVICH (3D)... (playback_init: False)
[2026-06-26 06:57:48][INFO] SIM_BRIDGE: RNG initialized with seed: 43
[2026-06-26 06:57:48][INFO] SIM_BRIDGE: Initializing Izhikevich model specifics for 224 neurons...
[2026-06-26 06:57:48][INFO] SIM_BRIDGE: Applying parameter heterogeneity to neuron parameters...
[2026-06-26 06:57:48][INFO] SIM_BRIDGE: Applied heterogeneity to 4 parameters.
[2026-06-26 06:57:48][INFO] SIM_BRIDGE: Initializing OU process state (tau=15.0ms, sigma=20.0pA)...
[2026-06-26 06:57:48][INFO] SIM_BRIDGE: Generating 3D neuron positions for 224 neurons...
[2026-06-26 06:57:48][INFO] SIM_BRIDGE: Generating connections (3D)...
[2026-06-26 06:57:48][INFO] SIM_BRIDGE: Simulation data initialized for 224 neurons (3D). Synapses: 0. GPU memory: 1.6GB/25.8GB (6.2%)
[2026-06-26 06:57:48][INFO] SIM_BRIDGE: inject_explicit_wiring: installed 4800 synapses across 1 populations.
[2026-06-26 06:58:42][INFO] SIM_BRIDGE: CuPy using GPU: NVIDIA GeForce RTX 3090 (24.0 GB), mempool limit: 80%
[2026-06-26 06:58:42][INFO] SIM_BRIDGE: Initializing simulation data for model: IZHIKEVICH (3D)... (playback_init: False)
[2026-06-26 06:58:42][INFO] SIM_BRIDGE: Brain-region framework: 2 regions, 2560 total neurons, 2 pathways.
[2026-06-26 06:58:42][INFO] SIM_BRIDGE: RNG initialized with seed: 43
[2026-06-26 06:58:43][INFO] SIM_BRIDGE: NMDA per-region mask: 2 regions enabled (2560 neurons)
[2026-06-26 06:58:43][INFO] SIM_BRIDGE: Initializing Izhikevich model specifics for 2560 neurons...
[2026-06-26 06:58:43][INFO] SIM_BRIDGE: Region 'cortex_ctx' (1280 neurons): using Izh type IZH2007_HIPPO_PYRAMIDAL
[2026-06-26 06:58:43][INFO] SIM_BRIDGE: Region 'dlpfc_wm' (1280 neurons): using Izh type IZH2007_HIPPO_PYRAMIDAL
[2026-06-26 06:58:43][INFO] SIM_BRIDGE: Applying parameter heterogeneity to neuron parameters...
[2026-06-26 06:58:43][INFO] SIM_BRIDGE: Applied heterogeneity to 4 parameters.
[2026-06-26 06:58:43][INFO] SIM_BRIDGE: Generating 3D neuron positions for 2560 neurons...
[2026-06-26 06:58:43][INFO] SIM_BRIDGE: Generating connections (brain-region framework)...
[2026-06-26 06:58:43][INFO] SIM_BRIDGE: inject_explicit_wiring: installed 488783 synapses across 4 populations.
[2026-06-26 06:58:43][INFO] SIM_BRIDGE: Initializing eligibility traces for 488783 synapses (capacity: 733174, dtype: float32)...
[2026-06-26 06:58:43][INFO] SIM_BRIDGE: Initializing STDP state for 2560 neurons...
[2026-06-26 06:58:43][INFO] SIM_BRIDGE: Simulation data initialized for 2560 neurons (3D). Synapses: 488783. GPU memory: 1.6GB/25.8GB (6.2%)
[2026-06-26 06:58:44][INFO] SIM_BRIDGE: CuPy using GPU: NVIDIA GeForce RTX 3090 (24.0 GB), mempool limit: 80%
[2026-06-26 06:58:44][INFO] SIM_BRIDGE: Initializing simulation data for model: IZHIKEVICH (3D)... (playback_init: False)
[2026-06-26 06:58:44][INFO] SIM_BRIDGE: RNG initialized with seed: 43
[2026-06-26 06:58:44][INFO] SIM_BRIDGE: Initializing Izhikevich model specifics for 256 neurons...
[2026-06-26 06:58:44][INFO] SIM_BRIDGE: Applying parameter heterogeneity to neuron parameters...
[2026-06-26 06:58:44][INFO] SIM_BRIDGE: Applied heterogeneity to 4 parameters.
[2026-06-26 06:58:44][INFO] SIM_BRIDGE: Initializing OU process state (tau=15.0ms, sigma=0.0pA)...
[2026-06-26 06:58:44][INFO] SIM_BRIDGE: Generating 3D neuron positions for 256 neurons...
[2026-06-26 06:58:44][INFO] SIM_BRIDGE: Generating connections (3D)...
[2026-06-26 06:58:44][INFO] SIM_BRIDGE: Simulation data initialized for 256 neurons (3D). Synapses: 0. GPU memory: 1.6GB/25.8GB (6.2%)
[2026-06-26 06:58:45][INFO] SIM_BRIDGE: CuPy using GPU: NVIDIA GeForce RTX 3090 (24.0 GB), mempool limit: 80%
[2026-06-26 06:58:45][INFO] SIM_BRIDGE: Initializing simulation data for model: IZHIKEVICH (3D)... (playback_init: False)
[2026-06-26 06:58:45][INFO] SIM_BRIDGE: RNG initialized with seed: 43
[2026-06-26 06:58:45][INFO] SIM_BRIDGE: Initializing Izhikevich model specifics for 640 neurons...
[2026-06-26 06:58:45][INFO] SIM_BRIDGE: Applying parameter heterogeneity to neuron parameters...
[2026-06-26 06:58:45][INFO] SIM_BRIDGE: Applied heterogeneity to 4 parameters.
[2026-06-26 06:58:45][INFO] SIM_BRIDGE: Initializing OU process state (tau=15.0ms, sigma=0.0pA)...
[2026-06-26 06:58:45][INFO] SIM_BRIDGE: Generating 3D neuron positions for 640 neurons...
[2026-06-26 06:58:45][INFO] SIM_BRIDGE: Generating connections (3D)...
[2026-06-26 06:58:45][INFO] SIM_BRIDGE: Simulation data initialized for 640 neurons (3D). Synapses: 0. GPU memory: 1.6GB/25.8GB (6.2%)
[2026-06-26 06:59:08][INFO] SIM_BRIDGE: CuPy using GPU: NVIDIA GeForce RTX 3090 (24.0 GB), mempool limit: 80%
[2026-06-26 06:59:08][INFO] SIM_BRIDGE: Initializing simulation data for model: IZHIKEVICH (3D)... (playback_init: False)
[2026-06-26 06:59:08][INFO] SIM_BRIDGE: RNG initialized with seed: 43
[2026-06-26 06:59:08][INFO] SIM_BRIDGE: Initializing Izhikevich model specifics for 4864 neurons...
[2026-06-26 06:59:08][INFO] SIM_BRIDGE: Applying parameter heterogeneity to neuron parameters...
[2026-06-26 06:59:08][INFO] SIM_BRIDGE: Applied heterogeneity to 4 parameters.
[2026-06-26 06:59:08][INFO] SIM_BRIDGE: Initializing OU process state (tau=15.0ms, sigma=0.0pA)...
[2026-06-26 06:59:08][INFO] SIM_BRIDGE: Generating 3D neuron positions for 4864 neurons...
[2026-06-26 06:59:08][INFO] SIM_BRIDGE: Generating connections (3D)...
[2026-06-26 06:59:08][INFO] SIM_BRIDGE: Simulation data initialized for 4864 neurons (3D). Synapses: 0. GPU memory: 1.6GB/25.8GB (6.2%)
[2026-06-26 06:59:10][INFO] SIM_BRIDGE: CuPy using GPU: NVIDIA GeForce RTX 3090 (24.0 GB), mempool limit: 80%
[2026-06-26 06:59:10][INFO] SIM_BRIDGE: Initializing simulation data for model: IZHIKEVICH (3D)... (playback_init: False)
[2026-06-26 06:59:10][INFO] SIM_BRIDGE: Brain-region framework: 2 regions, 2700 total neurons, 1 pathways.
[2026-06-26 06:59:10][INFO] SIM_BRIDGE: RNG initialized with seed: 43
[2026-06-26 06:59:10][INFO] SIM_BRIDGE: Initializing Izhikevich model specifics for 2700 neurons...
[2026-06-26 06:59:10][INFO] SIM_BRIDGE: Applying parameter heterogeneity to neuron parameters...
[2026-06-26 06:59:10][INFO] SIM_BRIDGE: Applied heterogeneity to 4 parameters.
[2026-06-26 06:59:10][INFO] SIM_BRIDGE: Generating 3D neuron positions for 2700 neurons...
[2026-06-26 06:59:10][INFO] SIM_BRIDGE: Generating connections (brain-region framework)...
[2026-06-26 06:59:11][WARNING] SIM_BRIDGE: No trait info available; all synapses default to E->E STP type.
[2026-06-26 06:59:11][INFO] SIM_BRIDGE: inject_explicit_wiring: installed 720000 synapses across 1 populations.
[2026-06-26 06:59:11][INFO] SIM_BRIDGE: Initializing STP state for 720000 synapses (capacity: 1080000)...
[2026-06-26 06:59:11][INFO] SIM_BRIDGE: Initializing eligibility traces for 720000 synapses (capacity: 1080000, dtype: float32)...
[2026-06-26 06:59:11][WARNING] SIM_BRIDGE: No trait info available; all synapses default to E->E STP type.
[2026-06-26 06:59:11][INFO] SIM_BRIDGE: Initializing structural plasticity state...
[2026-06-26 06:59:11][INFO] SIM_BRIDGE: Simulation data initialized for 2700 neurons (3D). Synapses: 720000. GPU memory: 1.6GB/25.8GB (6.2%)
[2026-06-26 06:59:23][INFO] SIM_BRIDGE: CuPy using GPU: NVIDIA GeForce RTX 3090 (24.0 GB), mempool limit: 80%
[2026-06-26 06:59:23][INFO] SIM_BRIDGE: Initializing simulation data for model: IZHIKEVICH (3D)... (playback_init: False)
[2026-06-26 06:59:23][INFO] SIM_BRIDGE: RNG initialized with seed: 43
[2026-06-26 06:59:23][INFO] SIM_BRIDGE: Initializing Izhikevich model specifics for 126 neurons...
[2026-06-26 06:59:23][INFO] SIM_BRIDGE: Applying parameter heterogeneity to neuron parameters...
[2026-06-26 06:59:23][INFO] SIM_BRIDGE: Applied heterogeneity to 4 parameters.
[2026-06-26 06:59:23][INFO] SIM_BRIDGE: Initializing OU process state (tau=15.0ms, sigma=20.0pA)...
[2026-06-26 06:59:23][INFO] SIM_BRIDGE: Generating 3D neuron positions for 126 neurons...
[2026-06-26 06:59:23][INFO] SIM_BRIDGE: Generating connections (3D)...
[2026-06-26 06:59:23][INFO] SIM_BRIDGE: Simulation data initialized for 126 neurons (3D). Synapses: 0. GPU memory: 1.6GB/25.8GB (6.2%)
[2026-06-26 06:59:23][INFO] SIM_BRIDGE: inject_explicit_wiring: installed 720 synapses across 1 populations.
[2026-06-26 07:00:01][INFO] SIM_BRIDGE: CuPy using GPU: NVIDIA GeForce RTX 3090 (24.0 GB), mempool limit: 80%
[2026-06-26 07:00:01][INFO] SIM_BRIDGE: Initializing simulation data for model: IZHIKEVICH (3D)... (playback_init: False)
[2026-06-26 07:00:01][INFO] SIM_BRIDGE: RNG initialized with seed: 43
[2026-06-26 07:00:01][INFO] SIM_BRIDGE: Initializing Izhikevich model specifics for 224 neurons...
[2026-06-26 07:00:01][INFO] SIM_BRIDGE: Applying parameter heterogeneity to neuron parameters...
[2026-06-26 07:00:01][INFO] SIM_BRIDGE: Applied heterogeneity to 4 parameters.
[2026-06-26 07:00:01][INFO] SIM_BRIDGE: Initializing OU process state (tau=15.0ms, sigma=20.0pA)...
[2026-06-26 07:00:01][INFO] SIM_BRIDGE: Generating 3D neuron positions for 224 neurons...
[2026-06-26 07:00:01][INFO] SIM_BRIDGE: Generating connections (3D)...
[2026-06-26 07:00:01][INFO] SIM_BRIDGE: Simulation data initialized for 224 neurons (3D). Synapses: 0. GPU memory: 1.6GB/25.8GB (6.2%)
[2026-06-26 07:00:01][INFO] SIM_BRIDGE: inject_explicit_wiring: installed 4800 synapses across 1 populations.
[2026-06-26 07:00:55][INFO] SIM_BRIDGE: CuPy using GPU: NVIDIA GeForce RTX 3090 (24.0 GB), mempool limit: 80%
[2026-06-26 07:00:55][INFO] SIM_BRIDGE: Initializing simulation data for model: IZHIKEVICH (3D)... (playback_init: False)
[2026-06-26 07:00:55][INFO] SIM_BRIDGE: Brain-region framework: 2 regions, 2560 total neurons, 2 pathways.
[2026-06-26 07:00:55][INFO] SIM_BRIDGE: RNG initialized with seed: 43
[2026-06-26 07:00:55][INFO] SIM_BRIDGE: NMDA per-region mask: 2 regions enabled (2560 neurons)
[2026-06-26 07:00:55][INFO] SIM_BRIDGE: Initializing Izhikevich model specifics for 2560 neurons...
[2026-06-26 07:00:55][INFO] SIM_BRIDGE: Region 'cortex_ctx' (1280 neurons): using Izh type IZH2007_HIPPO_PYRAMIDAL
[2026-06-26 07:00:55][INFO] SIM_BRIDGE: Region 'dlpfc_wm' (1280 neurons): using Izh type IZH2007_HIPPO_PYRAMIDAL
[2026-06-26 07:00:55][INFO] SIM_BRIDGE: Applying parameter heterogeneity to neuron parameters...
[2026-06-26 07:00:55][INFO] SIM_BRIDGE: Applied heterogeneity to 4 parameters.
[2026-06-26 07:00:55][INFO] SIM_BRIDGE: Generating 3D neuron positions for 2560 neurons...
[2026-06-26 07:00:55][INFO] SIM_BRIDGE: Generating connections (brain-region framework)...
[2026-06-26 07:00:56][INFO] SIM_BRIDGE: inject_explicit_wiring: installed 488783 synapses across 4 populations.
[2026-06-26 07:00:56][INFO] SIM_BRIDGE: Initializing eligibility traces for 488783 synapses (capacity: 733174, dtype: float32)...
[2026-06-26 07:00:56][INFO] SIM_BRIDGE: Initializing STDP state for 2560 neurons...
[2026-06-26 07:00:56][INFO] SIM_BRIDGE: Simulation data initialized for 2560 neurons (3D). Synapses: 488783. GPU memory: 1.6GB/25.8GB (6.2%)
[2026-06-26 07:01:08][INFO] SIM_BRIDGE: CuPy using GPU: NVIDIA GeForce RTX 3090 (24.0 GB), mempool limit: 80%
[2026-06-26 07:01:08][INFO] SIM_BRIDGE: Initializing simulation data for model: IZHIKEVICH (3D)... (playback_init: False)
[2026-06-26 07:01:08][INFO] SIM_BRIDGE: RNG initialized with seed: 43
[2026-06-26 07:01:08][INFO] SIM_BRIDGE: Initializing Izhikevich model specifics for 126 neurons...
[2026-06-26 07:01:08][INFO] SIM_BRIDGE: Applying parameter heterogeneity to neuron parameters...
[2026-06-26 07:01:08][INFO] SIM_BRIDGE: Applied heterogeneity to 4 parameters.
[2026-06-26 07:01:08][INFO] SIM_BRIDGE: Initializing OU process state (tau=15.0ms, sigma=20.0pA)...
[2026-06-26 07:01:08][INFO] SIM_BRIDGE: Generating 3D neuron positions for 126 neurons...
[2026-06-26 07:01:08][INFO] SIM_BRIDGE: Generating connections (3D)...
[2026-06-26 07:01:08][INFO] SIM_BRIDGE: Simulation data initialized for 126 neurons (3D). Synapses: 0. GPU memory: 1.6GB/25.8GB (6.2%)
[2026-06-26 07:01:08][INFO] SIM_BRIDGE: inject_explicit_wiring: installed 720 synapses across 1 populations.
[2026-06-26 07:01:44][INFO] SIM_BRIDGE: CuPy using GPU: NVIDIA GeForce RTX 3090 (24.0 GB), mempool limit: 80%
[2026-06-26 07:01:44][INFO] SIM_BRIDGE: Initializing simulation data for model: IZHIKEVICH (3D)... (playback_init: False)
[2026-06-26 07:01:44][INFO] SIM_BRIDGE: RNG initialized with seed: 43
[2026-06-26 07:01:44][INFO] SIM_BRIDGE: Initializing Izhikevich model specifics for 224 neurons...
[2026-06-26 07:01:44][INFO] SIM_BRIDGE: Applying parameter heterogeneity to neuron parameters...
[2026-06-26 07:01:44][INFO] SIM_BRIDGE: Applied heterogeneity to 4 parameters.
[2026-06-26 07:01:44][INFO] SIM_BRIDGE: Initializing OU process state (tau=15.0ms, sigma=20.0pA)...
[2026-06-26 07:01:44][INFO] SIM_BRIDGE: Generating 3D neuron positions for 224 neurons...
[2026-06-26 07:01:44][INFO] SIM_BRIDGE: Generating connections (3D)...
[2026-06-26 07:01:44][INFO] SIM_BRIDGE: Simulation data initialized for 224 neurons (3D). Synapses: 0. GPU memory: 1.6GB/25.8GB (6.2%)
[2026-06-26 07:01:44][INFO] SIM_BRIDGE: inject_explicit_wiring: installed 4800 synapses across 1 populations.
[2026-06-26 07:02:39][INFO] SIM_BRIDGE: CuPy using GPU: NVIDIA GeForce RTX 3090 (24.0 GB), mempool limit: 80%
[2026-06-26 07:02:39][INFO] SIM_BRIDGE: Initializing simulation data for model: IZHIKEVICH (3D)... (playback_init: False)
[2026-06-26 07:02:39][INFO] SIM_BRIDGE: Brain-region framework: 2 regions, 2560 total neurons, 2 pathways.
[2026-06-26 07:02:39][INFO] SIM_BRIDGE: RNG initialized with seed: 43
[2026-06-26 07:02:39][INFO] SIM_BRIDGE: NMDA per-region mask: 2 regions enabled (2560 neurons)
[2026-06-26 07:02:39][INFO] SIM_BRIDGE: Initializing Izhikevich model specifics for 2560 neurons...
[2026-06-26 07:02:39][INFO] SIM_BRIDGE: Region 'cortex_ctx' (1280 neurons): using Izh type IZH2007_HIPPO_PYRAMIDAL
[2026-06-26 07:02:39][INFO] SIM_BRIDGE: Region 'dlpfc_wm' (1280 neurons): using Izh type IZH2007_HIPPO_PYRAMIDAL
[2026-06-26 07:02:39][INFO] SIM_BRIDGE: Applying parameter heterogeneity to neuron parameters...
[2026-06-26 07:02:39][INFO] SIM_BRIDGE: Applied heterogeneity to 4 parameters.
[2026-06-26 07:02:39][INFO] SIM_BRIDGE: Generating 3D neuron positions for 2560 neurons...
[2026-06-26 07:02:39][INFO] SIM_BRIDGE: Generating connections (brain-region framework)...
[2026-06-26 07:02:40][INFO] SIM_BRIDGE: inject_explicit_wiring: installed 488783 synapses across 4 populations.
[2026-06-26 07:02:40][INFO] SIM_BRIDGE: Initializing eligibility traces for 488783 synapses (capacity: 733174, dtype: float32)...
[2026-06-26 07:02:40][INFO] SIM_BRIDGE: Initializing STDP state for 2560 neurons...
[2026-06-26 07:02:40][INFO] SIM_BRIDGE: Simulation data initialized for 2560 neurons (3D). Synapses: 488783. GPU memory: 1.6GB/25.8GB (6.2%)
[2026-06-26 07:02:58][INFO] SIM_BRIDGE: CuPy using GPU: NVIDIA GeForce RTX 3090 (24.0 GB), mempool limit: 80%
[2026-06-26 07:02:58][INFO] SIM_BRIDGE: Initializing simulation data for model: IZHIKEVICH (3D)... (playback_init: False)
[2026-06-26 07:02:58][INFO] SIM_BRIDGE: RNG initialized with seed: 43
[2026-06-26 07:02:58][INFO] SIM_BRIDGE: Initializing Izhikevich model specifics for 126 neurons...
[2026-06-26 07:02:58][INFO] SIM_BRIDGE: Applying parameter heterogeneity to neuron parameters...
[2026-06-26 07:02:58][INFO] SIM_BRIDGE: Applied heterogeneity to 4 parameters.
[2026-06-26 07:02:58][INFO] SIM_BRIDGE: Initializing OU process state (tau=15.0ms, sigma=20.0pA)...
[2026-06-26 07:02:58][INFO] SIM_BRIDGE: Generating 3D neuron positions for 126 neurons...
[2026-06-26 07:02:58][INFO] SIM_BRIDGE: Generating connections (3D)...
[2026-06-26 07:02:58][INFO] SIM_BRIDGE: Simulation data initialized for 126 neurons (3D). Synapses: 0. GPU memory: 1.6GB/25.8GB (6.2%)
[2026-06-26 07:02:58][INFO] SIM_BRIDGE: inject_explicit_wiring: installed 720 synapses across 1 populations.
[2026-06-26 07:03:39][INFO] SIM_BRIDGE: CuPy using GPU: NVIDIA GeForce RTX 3090 (24.0 GB), mempool limit: 80%
[2026-06-26 07:03:39][INFO] SIM_BRIDGE: Initializing simulation data for model: IZHIKEVICH (3D)... (playback_init: False)
[2026-06-26 07:03:39][INFO] SIM_BRIDGE: RNG initialized with seed: 43
[2026-06-26 07:03:39][INFO] SIM_BRIDGE: Initializing Izhikevich model specifics for 224 neurons...
[2026-06-26 07:03:39][INFO] SIM_BRIDGE: Applying parameter heterogeneity to neuron parameters...
[2026-06-26 07:03:39][INFO] SIM_BRIDGE: Applied heterogeneity to 4 parameters.
[2026-06-26 07:03:39][INFO] SIM_BRIDGE: Initializing OU process state (tau=15.0ms, sigma=20.0pA)...
[2026-06-26 07:03:39][INFO] SIM_BRIDGE: Generating 3D neuron positions for 224 neurons...
[2026-06-26 07:03:39][INFO] SIM_BRIDGE: Generating connections (3D)...
[2026-06-26 07:03:39][INFO] SIM_BRIDGE: Simulation data initialized for 224 neurons (3D). Synapses: 0. GPU memory: 1.6GB/25.8GB (6.2%)
[2026-06-26 07:03:39][INFO] SIM_BRIDGE: inject_explicit_wiring: installed 4800 synapses across 1 populations.
[2026-06-26 07:04:33][INFO] SIM_BRIDGE: CuPy using GPU: NVIDIA GeForce RTX 3090 (24.0 GB), mempool limit: 80%
[2026-06-26 07:04:33][INFO] SIM_BRIDGE: Initializing simulation data for model: IZHIKEVICH (3D)... (playback_init: False)
[2026-06-26 07:04:33][INFO] SIM_BRIDGE: Brain-region framework: 2 regions, 2560 total neurons, 2 pathways.
[2026-06-26 07:04:33][INFO] SIM_BRIDGE: RNG initialized with seed: 43
[2026-06-26 07:04:33][INFO] SIM_BRIDGE: NMDA per-region mask: 2 regions enabled (2560 neurons)
[2026-06-26 07:04:33][INFO] SIM_BRIDGE: Initializing Izhikevich model specifics for 2560 neurons...
[2026-06-26 07:04:33][INFO] SIM_BRIDGE: Region 'cortex_ctx' (1280 neurons): using Izh type IZH2007_HIPPO_PYRAMIDAL
[2026-06-26 07:04:33][INFO] SIM_BRIDGE: Region 'dlpfc_wm' (1280 neurons): using Izh type IZH2007_HIPPO_PYRAMIDAL
[2026-06-26 07:04:33][INFO] SIM_BRIDGE: Applying parameter heterogeneity to neuron parameters...
[2026-06-26 07:04:33][INFO] SIM_BRIDGE: Applied heterogeneity to 4 parameters.
[2026-06-26 07:04:33][INFO] SIM_BRIDGE: Generating 3D neuron positions for 2560 neurons...
[2026-06-26 07:04:33][INFO] SIM_BRIDGE: Generating connections (brain-region framework)...
[2026-06-26 07:04:34][INFO] SIM_BRIDGE: inject_explicit_wiring: installed 488783 synapses across 4 populations.
[2026-06-26 07:04:34][INFO] SIM_BRIDGE: Initializing eligibility traces for 488783 synapses (capacity: 733174, dtype: float32)...
[2026-06-26 07:04:34][INFO] SIM_BRIDGE: Initializing STDP state for 2560 neurons...
[2026-06-26 07:04:34][INFO] SIM_BRIDGE: Simulation data initialized for 2560 neurons (3D). Synapses: 488783. GPU memory: 1.6GB/25.8GB (6.2%)
[2026-06-26 07:04:46][INFO] SIM_BRIDGE: CuPy using GPU: NVIDIA GeForce RTX 3090 (24.0 GB), mempool limit: 80%
[2026-06-26 07:04:46][INFO] SIM_BRIDGE: Initializing simulation data for model: IZHIKEVICH (3D)... (playback_init: False)
[2026-06-26 07:04:46][INFO] SIM_BRIDGE: RNG initialized with seed: 43
[2026-06-26 07:04:46][INFO] SIM_BRIDGE: Initializing Izhikevich model specifics for 126 neurons...
[2026-06-26 07:04:46][INFO] SIM_BRIDGE: Applying parameter heterogeneity to neuron parameters...
[2026-06-26 07:04:46][INFO] SIM_BRIDGE: Applied heterogeneity to 4 parameters.
[2026-06-26 07:04:46][INFO] SIM_BRIDGE: Initializing OU process state (tau=15.0ms, sigma=20.0pA)...
[2026-06-26 07:04:46][INFO] SIM_BRIDGE: Generating 3D neuron positions for 126 neurons...
[2026-06-26 07:04:46][INFO] SIM_BRIDGE: Generating connections (3D)...
[2026-06-26 07:04:46][INFO] SIM_BRIDGE: Simulation data initialized for 126 neurons (3D). Synapses: 0. GPU memory: 1.6GB/25.8GB (6.2%)
[2026-06-26 07:04:46][INFO] SIM_BRIDGE: inject_explicit_wiring: installed 720 synapses across 1 populations.
[2026-06-26 07:05:23][INFO] SIM_BRIDGE: CuPy using GPU: NVIDIA GeForce RTX 3090 (24.0 GB), mempool limit: 80%
[2026-06-26 07:05:23][INFO] SIM_BRIDGE: Initializing simulation data for model: IZHIKEVICH (3D)... (playback_init: False)
[2026-06-26 07:05:23][INFO] SIM_BRIDGE: RNG initialized with seed: 43
[2026-06-26 07:05:23][INFO] SIM_BRIDGE: Initializing Izhikevich model specifics for 224 neurons...
[2026-06-26 07:05:23][INFO] SIM_BRIDGE: Applying parameter heterogeneity to neuron parameters...
[2026-06-26 07:05:23][INFO] SIM_BRIDGE: Applied heterogeneity to 4 parameters.
[2026-06-26 07:05:23][INFO] SIM_BRIDGE: Initializing OU process state (tau=15.0ms, sigma=20.0pA)...
[2026-06-26 07:05:23][INFO] SIM_BRIDGE: Generating 3D neuron positions for 224 neurons...
[2026-06-26 07:05:23][INFO] SIM_BRIDGE: Generating connections (3D)...
[2026-06-26 07:05:23][INFO] SIM_BRIDGE: Simulation data initialized for 224 neurons (3D). Synapses: 0. GPU memory: 1.6GB/25.8GB (6.2%)
[2026-06-26 07:05:23][INFO] SIM_BRIDGE: inject_explicit_wiring: installed 4800 synapses across 1 populations.
[2026-06-26 07:06:17][INFO] SIM_BRIDGE: CuPy using GPU: NVIDIA GeForce RTX 3090 (24.0 GB), mempool limit: 80%
[2026-06-26 07:06:17][INFO] SIM_BRIDGE: Initializing simulation data for model: IZHIKEVICH (3D)... (playback_init: False)
[2026-06-26 07:06:17][INFO] SIM_BRIDGE: Brain-region framework: 2 regions, 2560 total neurons, 2 pathways.
[2026-06-26 07:06:17][INFO] SIM_BRIDGE: RNG initialized with seed: 43
[2026-06-26 07:06:17][INFO] SIM_BRIDGE: NMDA per-region mask: 2 regions enabled (2560 neurons)
[2026-06-26 07:06:17][INFO] SIM_BRIDGE: Initializing Izhikevich model specifics for 2560 neurons...
[2026-06-26 07:06:17][INFO] SIM_BRIDGE: Region 'cortex_ctx' (1280 neurons): using Izh type IZH2007_HIPPO_PYRAMIDAL
[2026-06-26 07:06:17][INFO] SIM_BRIDGE: Region 'dlpfc_wm' (1280 neurons): using Izh type IZH2007_HIPPO_PYRAMIDAL
[2026-06-26 07:06:17][INFO] SIM_BRIDGE: Applying parameter heterogeneity to neuron parameters...
[2026-06-26 07:06:17][INFO] SIM_BRIDGE: Applied heterogeneity to 4 parameters.
[2026-06-26 07:06:17][INFO] SIM_BRIDGE: Generating 3D neuron positions for 2560 neurons...
[2026-06-26 07:06:17][INFO] SIM_BRIDGE: Generating connections (brain-region framework)...
[2026-06-26 07:06:18][INFO] SIM_BRIDGE: inject_explicit_wiring: installed 488783 synapses across 4 populations.
[2026-06-26 07:06:18][INFO] SIM_BRIDGE: Initializing eligibility traces for 488783 synapses (capacity: 733174, dtype: float32)...
[2026-06-26 07:06:18][INFO] SIM_BRIDGE: Initializing STDP state for 2560 neurons...
[2026-06-26 07:06:18][INFO] SIM_BRIDGE: Simulation data initialized for 2560 neurons (3D). Synapses: 488783. GPU memory: 1.6GB/25.8GB (6.2%)
[2026-06-26 07:06:31][INFO] SIM_BRIDGE: CuPy using GPU: NVIDIA GeForce RTX 3090 (24.0 GB), mempool limit: 80%
[2026-06-26 07:06:31][INFO] SIM_BRIDGE: Initializing simulation data for model: IZHIKEVICH (3D)... (playback_init: False)
[2026-06-26 07:06:31][INFO] SIM_BRIDGE: RNG initialized with seed: 43
[2026-06-26 07:06:31][INFO] SIM_BRIDGE: Initializing Izhikevich model specifics for 126 neurons...
[2026-06-26 07:06:31][INFO] SIM_BRIDGE: Applying parameter heterogeneity to neuron parameters...
[2026-06-26 07:06:31][INFO] SIM_BRIDGE: Applied heterogeneity to 4 parameters.
[2026-06-26 07:06:31][INFO] SIM_BRIDGE: Initializing OU process state (tau=15.0ms, sigma=20.0pA)...
[2026-06-26 07:06:31][INFO] SIM_BRIDGE: Generating 3D neuron positions for 126 neurons...
[2026-06-26 07:06:31][INFO] SIM_BRIDGE: Generating connections (3D)...
[2026-06-26 07:06:31][INFO] SIM_BRIDGE: Simulation data initialized for 126 neurons (3D). Synapses: 0. GPU memory: 1.6GB/25.8GB (6.2%)
[2026-06-26 07:06:31][INFO] SIM_BRIDGE: inject_explicit_wiring: installed 720 synapses across 1 populations.
[2026-06-26 07:07:08][INFO] SIM_BRIDGE: CuPy using GPU: NVIDIA GeForce RTX 3090 (24.0 GB), mempool limit: 80%
[2026-06-26 07:07:08][INFO] SIM_BRIDGE: Initializing simulation data for model: IZHIKEVICH (3D)... (playback_init: False)
[2026-06-26 07:07:08][INFO] SIM_BRIDGE: RNG initialized with seed: 43
[2026-06-26 07:07:08][INFO] SIM_BRIDGE: Initializing Izhikevich model specifics for 224 neurons...
[2026-06-26 07:07:08][INFO] SIM_BRIDGE: Applying parameter heterogeneity to neuron parameters...
[2026-06-26 07:07:08][INFO] SIM_BRIDGE: Applied heterogeneity to 4 parameters.
[2026-06-26 07:07:08][INFO] SIM_BRIDGE: Initializing OU process state (tau=15.0ms, sigma=20.0pA)...
[2026-06-26 07:07:08][INFO] SIM_BRIDGE: Generating 3D neuron positions for 224 neurons...
[2026-06-26 07:07:08][INFO] SIM_BRIDGE: Generating connections (3D)...
[2026-06-26 07:07:08][INFO] SIM_BRIDGE: Simulation data initialized for 224 neurons (3D). Synapses: 0. GPU memory: 1.6GB/25.8GB (6.2%)
[2026-06-26 07:07:08][INFO] SIM_BRIDGE: inject_explicit_wiring: installed 4800 synapses across 1 populations.
[2026-06-26 07:08:02][INFO] SIM_BRIDGE: CuPy using GPU: NVIDIA GeForce RTX 3090 (24.0 GB), mempool limit: 80%
[2026-06-26 07:08:02][INFO] SIM_BRIDGE: Initializing simulation data for model: IZHIKEVICH (3D)... (playback_init: False)
[2026-06-26 07:08:02][INFO] SIM_BRIDGE: Brain-region framework: 2 regions, 2560 total neurons, 2 pathways.
[2026-06-26 07:08:02][INFO] SIM_BRIDGE: RNG initialized with seed: 43
[2026-06-26 07:08:02][INFO] SIM_BRIDGE: NMDA per-region mask: 2 regions enabled (2560 neurons)
[2026-06-26 07:08:02][INFO] SIM_BRIDGE: Initializing Izhikevich model specifics for 2560 neurons...
[2026-06-26 07:08:02][INFO] SIM_BRIDGE: Region 'cortex_ctx' (1280 neurons): using Izh type IZH2007_HIPPO_PYRAMIDAL
[2026-06-26 07:08:02][INFO] SIM_BRIDGE: Region 'dlpfc_wm' (1280 neurons): using Izh type IZH2007_HIPPO_PYRAMIDAL
[2026-06-26 07:08:02][INFO] SIM_BRIDGE: Applying parameter heterogeneity to neuron parameters...
[2026-06-26 07:08:02][INFO] SIM_BRIDGE: Applied heterogeneity to 4 parameters.
[2026-06-26 07:08:02][INFO] SIM_BRIDGE: Generating 3D neuron positions for 2560 neurons...
[2026-06-26 07:08:02][INFO] SIM_BRIDGE: Generating connections (brain-region framework)...
[2026-06-26 07:08:03][INFO] SIM_BRIDGE: inject_explicit_wiring: installed 488783 synapses across 4 populations.
[2026-06-26 07:08:03][INFO] SIM_BRIDGE: Initializing eligibility traces for 488783 synapses (capacity: 733174, dtype: float32)...
[2026-06-26 07:08:03][INFO] SIM_BRIDGE: Initializing STDP state for 2560 neurons...
[2026-06-26 07:08:03][INFO] SIM_BRIDGE: Simulation data initialized for 2560 neurons (3D). Synapses: 488783. GPU memory: 1.6GB/25.8GB (6.2%)
[2026-06-26 07:08:17][INFO] SIM_BRIDGE: CuPy using GPU: NVIDIA GeForce RTX 3090 (24.0 GB), mempool limit: 80%
[2026-06-26 07:08:17][INFO] SIM_BRIDGE: Initializing simulation data for model: IZHIKEVICH (3D)... (playback_init: False)
[2026-06-26 07:08:17][INFO] SIM_BRIDGE: RNG initialized with seed: 43
[2026-06-26 07:08:17][INFO] SIM_BRIDGE: Initializing Izhikevich model specifics for 126 neurons...
[2026-06-26 07:08:17][INFO] SIM_BRIDGE: Applying parameter heterogeneity to neuron parameters...
[2026-06-26 07:08:17][INFO] SIM_BRIDGE: Applied heterogeneity to 4 parameters.
[2026-06-26 07:08:17][INFO] SIM_BRIDGE: Initializing OU process state (tau=15.0ms, sigma=20.0pA)...
[2026-06-26 07:08:17][INFO] SIM_BRIDGE: Generating 3D neuron positions for 126 neurons...
[2026-06-26 07:08:17][INFO] SIM_BRIDGE: Generating connections (3D)...
[2026-06-26 07:08:17][INFO] SIM_BRIDGE: Simulation data initialized for 126 neurons (3D). Synapses: 0. GPU memory: 1.6GB/25.8GB (6.2%)
[2026-06-26 07:08:17][INFO] SIM_BRIDGE: inject_explicit_wiring: installed 720 synapses across 1 populations.
[2026-06-26 07:08:57][INFO] SIM_BRIDGE: CuPy using GPU: NVIDIA GeForce RTX 3090 (24.0 GB), mempool limit: 80%
[2026-06-26 07:08:57][INFO] SIM_BRIDGE: Initializing simulation data for model: IZHIKEVICH (3D)... (playback_init: False)
[2026-06-26 07:08:57][INFO] SIM_BRIDGE: RNG initialized with seed: 43
[2026-06-26 07:08:57][INFO] SIM_BRIDGE: Initializing Izhikevich model specifics for 224 neurons...
[2026-06-26 07:08:57][INFO] SIM_BRIDGE: Applying parameter heterogeneity to neuron parameters...
[2026-06-26 07:08:57][INFO] SIM_BRIDGE: Applied heterogeneity to 4 parameters.
[2026-06-26 07:08:57][INFO] SIM_BRIDGE: Initializing OU process state (tau=15.0ms, sigma=20.0pA)...
[2026-06-26 07:08:57][INFO] SIM_BRIDGE: Generating 3D neuron positions for 224 neurons...
[2026-06-26 07:08:57][INFO] SIM_BRIDGE: Generating connections (3D)...
[2026-06-26 07:08:57][INFO] SIM_BRIDGE: Simulation data initialized for 224 neurons (3D). Synapses: 0. GPU memory: 1.6GB/25.8GB (6.2%)
[2026-06-26 07:08:57][INFO] SIM_BRIDGE: inject_explicit_wiring: installed 4800 synapses across 1 populations.
[2026-06-26 07:09:51][INFO] SIM_BRIDGE: CuPy using GPU: NVIDIA GeForce RTX 3090 (24.0 GB), mempool limit: 80%
[2026-06-26 07:09:51][INFO] SIM_BRIDGE: Initializing simulation data for model: IZHIKEVICH (3D)... (playback_init: False)
[2026-06-26 07:09:51][INFO] SIM_BRIDGE: Brain-region framework: 2 regions, 2560 total neurons, 2 pathways.
[2026-06-26 07:09:51][INFO] SIM_BRIDGE: RNG initialized with seed: 43
[2026-06-26 07:09:51][INFO] SIM_BRIDGE: NMDA per-region mask: 2 regions enabled (2560 neurons)
[2026-06-26 07:09:51][INFO] SIM_BRIDGE: Initializing Izhikevich model specifics for 2560 neurons...
[2026-06-26 07:09:51][INFO] SIM_BRIDGE: Region 'cortex_ctx' (1280 neurons): using Izh type IZH2007_HIPPO_PYRAMIDAL
[2026-06-26 07:09:51][INFO] SIM_BRIDGE: Region 'dlpfc_wm' (1280 neurons): using Izh type IZH2007_HIPPO_PYRAMIDAL
[2026-06-26 07:09:51][INFO] SIM_BRIDGE: Applying parameter heterogeneity to neuron parameters...
[2026-06-26 07:09:51][INFO] SIM_BRIDGE: Applied heterogeneity to 4 parameters.
[2026-06-26 07:09:51][INFO] SIM_BRIDGE: Generating 3D neuron positions for 2560 neurons...
[2026-06-26 07:09:51][INFO] SIM_BRIDGE: Generating connections (brain-region framework)...
[2026-06-26 07:09:52][INFO] SIM_BRIDGE: inject_explicit_wiring: installed 488783 synapses across 4 populations.
[2026-06-26 07:09:52][INFO] SIM_BRIDGE: Initializing eligibility traces for 488783 synapses (capacity: 733174, dtype: float32)...
[2026-06-26 07:09:52][INFO] SIM_BRIDGE: Initializing STDP state for 2560 neurons...
[2026-06-26 07:09:52][INFO] SIM_BRIDGE: Simulation data initialized for 2560 neurons (3D). Synapses: 488783. GPU memory: 1.6GB/25.8GB (6.2%)
[2026-06-26 07:10:04][INFO] SIM_BRIDGE: CuPy using GPU: NVIDIA GeForce RTX 3090 (24.0 GB), mempool limit: 80%
[2026-06-26 07:10:04][INFO] SIM_BRIDGE: Initializing simulation data for model: IZHIKEVICH (3D)... (playback_init: False)
[2026-06-26 07:10:04][INFO] SIM_BRIDGE: RNG initialized with seed: 43
[2026-06-26 07:10:04][INFO] SIM_BRIDGE: Initializing Izhikevich model specifics for 126 neurons...
[2026-06-26 07:10:04][INFO] SIM_BRIDGE: Applying parameter heterogeneity to neuron parameters...
[2026-06-26 07:10:04][INFO] SIM_BRIDGE: Applied heterogeneity to 4 parameters.
[2026-06-26 07:10:04][INFO] SIM_BRIDGE: Initializing OU process state (tau=15.0ms, sigma=20.0pA)...
[2026-06-26 07:10:04][INFO] SIM_BRIDGE: Generating 3D neuron positions for 126 neurons...
[2026-06-26 07:10:04][INFO] SIM_BRIDGE: Generating connections (3D)...
[2026-06-26 07:10:04][INFO] SIM_BRIDGE: Simulation data initialized for 126 neurons (3D). Synapses: 0. GPU memory: 1.6GB/25.8GB (6.2%)
[2026-06-26 07:10:04][INFO] SIM_BRIDGE: inject_explicit_wiring: installed 720 synapses across 1 populations.
[2026-06-26 07:10:40][INFO] SIM_BRIDGE: CuPy using GPU: NVIDIA GeForce RTX 3090 (24.0 GB), mempool limit: 80%
[2026-06-26 07:10:40][INFO] SIM_BRIDGE: Initializing simulation data for model: IZHIKEVICH (3D)... (playback_init: False)
[2026-06-26 07:10:40][INFO] SIM_BRIDGE: RNG initialized with seed: 43
[2026-06-26 07:10:40][INFO] SIM_BRIDGE: Initializing Izhikevich model specifics for 224 neurons...
[2026-06-26 07:10:40][INFO] SIM_BRIDGE: Applying parameter heterogeneity to neuron parameters...
[2026-06-26 07:10:40][INFO] SIM_BRIDGE: Applied heterogeneity to 4 parameters.
[2026-06-26 07:10:40][INFO] SIM_BRIDGE: Initializing OU process state (tau=15.0ms, sigma=20.0pA)...
[2026-06-26 07:10:40][INFO] SIM_BRIDGE: Generating 3D neuron positions for 224 neurons...
[2026-06-26 07:10:40][INFO] SIM_BRIDGE: Generating connections (3D)...
[2026-06-26 07:10:40][INFO] SIM_BRIDGE: Simulation data initialized for 224 neurons (3D). Synapses: 0. GPU memory: 1.6GB/25.8GB (6.2%)
[2026-06-26 07:10:40][INFO] SIM_BRIDGE: inject_explicit_wiring: installed 4800 synapses across 1 populations.
[2026-06-26 07:11:35][INFO] SIM_BRIDGE: CuPy using GPU: NVIDIA GeForce RTX 3090 (24.0 GB), mempool limit: 80%
[2026-06-26 07:11:35][INFO] SIM_BRIDGE: Initializing simulation data for model: IZHIKEVICH (3D)... (playback_init: False)
[2026-06-26 07:11:35][INFO] SIM_BRIDGE: Brain-region framework: 2 regions, 2560 total neurons, 2 pathways.
[2026-06-26 07:11:35][INFO] SIM_BRIDGE: RNG initialized with seed: 43
[2026-06-26 07:11:35][INFO] SIM_BRIDGE: NMDA per-region mask: 2 regions enabled (2560 neurons)
[2026-06-26 07:11:35][INFO] SIM_BRIDGE: Initializing Izhikevich model specifics for 2560 neurons...
[2026-06-26 07:11:35][INFO] SIM_BRIDGE: Region 'cortex_ctx' (1280 neurons): using Izh type IZH2007_HIPPO_PYRAMIDAL
[2026-06-26 07:11:35][INFO] SIM_BRIDGE: Region 'dlpfc_wm' (1280 neurons): using Izh type IZH2007_HIPPO_PYRAMIDAL
[2026-06-26 07:11:35][INFO] SIM_BRIDGE: Applying parameter heterogeneity to neuron parameters...
[2026-06-26 07:11:35][INFO] SIM_BRIDGE: Applied heterogeneity to 4 parameters.
[2026-06-26 07:11:35][INFO] SIM_BRIDGE: Generating 3D neuron positions for 2560 neurons...
[2026-06-26 07:11:35][INFO] SIM_BRIDGE: Generating connections (brain-region framework)...
[2026-06-26 07:11:36][INFO] SIM_BRIDGE: inject_explicit_wiring: installed 488783 synapses across 4 populations.
[2026-06-26 07:11:36][INFO] SIM_BRIDGE: Initializing eligibility traces for 488783 synapses (capacity: 733174, dtype: float32)...
[2026-06-26 07:11:36][INFO] SIM_BRIDGE: Initializing STDP state for 2560 neurons...
[2026-06-26 07:11:36][INFO] SIM_BRIDGE: Simulation data initialized for 2560 neurons (3D). Synapses: 488783. GPU memory: 1.6GB/25.8GB (6.2%)

==============================================================================================================
  VERDICT: GO — the L0 longitudinal-development loop runs at GPU scale with REAL stream-cortex code-learning (corr(M,C) mean +0.90), day-over-day development (vocab 6->24, heard 6->24, facts 2->11), retention holds (1.00), moat 0-FA, a tier fired, persistence resumes, frozen-brain anti-cheat holds. Per-day 129.6s; compressed-week ETA ~15.1 min. READY for the 6-seed compressed-week.
  [saved] research/findings/raw/_develop_week_seed43.json  (wall 1800.6s)
==============================================================================================================
=== SEED 43 EXIT 0 ===
=== SEED 44 START ===
==============================================================================================================
[L0 LONGITUDINAL DEVELOPMENT LOOP — 1-SEED GPU SMOKE — REAL stream cortex]
  backend=cupy  n_days=7  seed=44  max_windows/day=2500  n_hub=200  n_per=12  D=128
  VERIFY: the develop loop runs at GPU scale with the REAL stream-cortex code-learning swapped for the CPU agent-hear() stand-in; measure development + per-day wall-clock + the anti-cheats.
==============================================================================================================

[L0 develop loop — GPU] WAKE(REAL stream-cortex) -> CONVERSE(MultiTurnAgent on learned codes) -> SLEEP(replay+retention) -> [GROWTH] -> METRICS -> PERSIST, 7 days.

[2026-06-26 07:11:38][INFO] SIM_BRIDGE: CuPy using GPU: NVIDIA GeForce RTX 3090 (24.0 GB), mempool limit: 80%
[2026-06-26 07:11:38][INFO] SIM_BRIDGE: Initializing simulation data for model: IZHIKEVICH (3D)... (playback_init: False)
[2026-06-26 07:11:38][INFO] SIM_BRIDGE: Brain-region framework: 2 regions, 2700 total neurons, 1 pathways.
[2026-06-26 07:11:38][INFO] SIM_BRIDGE: RNG initialized with seed: 44
[2026-06-26 07:11:38][INFO] SIM_BRIDGE: Initializing Izhikevich model specifics for 2700 neurons...
[2026-06-26 07:11:38][INFO] SIM_BRIDGE: Applying parameter heterogeneity to neuron parameters...
[2026-06-26 07:11:38][INFO] SIM_BRIDGE: Applied heterogeneity to 4 parameters.
[2026-06-26 07:11:38][INFO] SIM_BRIDGE: Generating 3D neuron positions for 2700 neurons...
[2026-06-26 07:11:38][INFO] SIM_BRIDGE: Generating connections (brain-region framework)...
[2026-06-26 07:11:38][WARNING] SIM_BRIDGE: No trait info available; all synapses default to E->E STP type.
[2026-06-26 07:11:38][INFO] SIM_BRIDGE: inject_explicit_wiring: installed 720000 synapses across 1 populations.
[2026-06-26 07:11:38][INFO] SIM_BRIDGE: Initializing STP state for 720000 synapses (capacity: 1080000)...
[2026-06-26 07:11:38][INFO] SIM_BRIDGE: Initializing eligibility traces for 720000 synapses (capacity: 1080000, dtype: float32)...
[2026-06-26 07:11:38][WARNING] SIM_BRIDGE: No trait info available; all synapses default to E->E STP type.
[2026-06-26 07:11:38][INFO] SIM_BRIDGE: Initializing structural plasticity state...
[2026-06-26 07:11:38][INFO] SIM_BRIDGE: Simulation data initialized for 2700 neurons (3D). Synapses: 720000. GPU memory: 1.4GB/25.8GB (5.4%)
[2026-06-26 07:11:51][INFO] SIM_BRIDGE: CuPy using GPU: NVIDIA GeForce RTX 3090 (24.0 GB), mempool limit: 80%
[2026-06-26 07:11:51][INFO] SIM_BRIDGE: Initializing simulation data for model: IZHIKEVICH (3D)... (playback_init: False)
[2026-06-26 07:11:51][INFO] SIM_BRIDGE: RNG initialized with seed: 44
[2026-06-26 07:11:51][INFO] SIM_BRIDGE: Initializing Izhikevich model specifics for 126 neurons...
[2026-06-26 07:11:51][INFO] SIM_BRIDGE: Applying parameter heterogeneity to neuron parameters...
[2026-06-26 07:11:51][INFO] SIM_BRIDGE: Applied heterogeneity to 4 parameters.
[2026-06-26 07:11:51][INFO] SIM_BRIDGE: Initializing OU process state (tau=15.0ms, sigma=20.0pA)...
[2026-06-26 07:11:51][INFO] SIM_BRIDGE: Generating 3D neuron positions for 126 neurons...
[2026-06-26 07:11:51][INFO] SIM_BRIDGE: Generating connections (3D)...
[2026-06-26 07:11:51][INFO] SIM_BRIDGE: Simulation data initialized for 126 neurons (3D). Synapses: 0. GPU memory: 1.6GB/25.8GB (6.0%)
[2026-06-26 07:11:51][INFO] SIM_BRIDGE: inject_explicit_wiring: installed 720 synapses across 1 populations.
[2026-06-26 07:12:28][INFO] SIM_BRIDGE: CuPy using GPU: NVIDIA GeForce RTX 3090 (24.0 GB), mempool limit: 80%
[2026-06-26 07:12:28][INFO] SIM_BRIDGE: Initializing simulation data for model: IZHIKEVICH (3D)... (playback_init: False)
[2026-06-26 07:12:28][INFO] SIM_BRIDGE: RNG initialized with seed: 44
[2026-06-26 07:12:28][INFO] SIM_BRIDGE: Initializing Izhikevich model specifics for 224 neurons...
[2026-06-26 07:12:28][INFO] SIM_BRIDGE: Applying parameter heterogeneity to neuron parameters...
[2026-06-26 07:12:28][INFO] SIM_BRIDGE: Applied heterogeneity to 4 parameters.
[2026-06-26 07:12:28][INFO] SIM_BRIDGE: Initializing OU process state (tau=15.0ms, sigma=20.0pA)...
[2026-06-26 07:12:28][INFO] SIM_BRIDGE: Generating 3D neuron positions for 224 neurons...
[2026-06-26 07:12:28][INFO] SIM_BRIDGE: Generating connections (3D)...
[2026-06-26 07:12:28][INFO] SIM_BRIDGE: Simulation data initialized for 224 neurons (3D). Synapses: 0. GPU memory: 1.6GB/25.8GB (6.0%)
[2026-06-26 07:12:28][INFO] SIM_BRIDGE: inject_explicit_wiring: installed 4800 synapses across 1 populations.
[2026-06-26 07:13:21][INFO] SIM_BRIDGE: CuPy using GPU: NVIDIA GeForce RTX 3090 (24.0 GB), mempool limit: 80%
[2026-06-26 07:13:21][INFO] SIM_BRIDGE: Initializing simulation data for model: IZHIKEVICH (3D)... (playback_init: False)
[2026-06-26 07:13:21][INFO] SIM_BRIDGE: Brain-region framework: 2 regions, 2560 total neurons, 2 pathways.
[2026-06-26 07:13:21][INFO] SIM_BRIDGE: RNG initialized with seed: 44
[2026-06-26 07:13:21][INFO] SIM_BRIDGE: NMDA per-region mask: 2 regions enabled (2560 neurons)
[2026-06-26 07:13:21][INFO] SIM_BRIDGE: Initializing Izhikevich model specifics for 2560 neurons...
[2026-06-26 07:13:21][INFO] SIM_BRIDGE: Region 'cortex_ctx' (1280 neurons): using Izh type IZH2007_HIPPO_PYRAMIDAL
[2026-06-26 07:13:21][INFO] SIM_BRIDGE: Region 'dlpfc_wm' (1280 neurons): using Izh type IZH2007_HIPPO_PYRAMIDAL
[2026-06-26 07:13:21][INFO] SIM_BRIDGE: Applying parameter heterogeneity to neuron parameters...
[2026-06-26 07:13:21][INFO] SIM_BRIDGE: Applied heterogeneity to 4 parameters.
[2026-06-26 07:13:21][INFO] SIM_BRIDGE: Generating 3D neuron positions for 2560 neurons...
[2026-06-26 07:13:21][INFO] SIM_BRIDGE: Generating connections (brain-region framework)...
[2026-06-26 07:13:22][INFO] SIM_BRIDGE: inject_explicit_wiring: installed 490692 synapses across 4 populations.
[2026-06-26 07:13:22][INFO] SIM_BRIDGE: Initializing eligibility traces for 490692 synapses (capacity: 736038, dtype: float32)...
[2026-06-26 07:13:22][INFO] SIM_BRIDGE: Initializing STDP state for 2560 neurons...
[2026-06-26 07:13:22][INFO] SIM_BRIDGE: Simulation data initialized for 2560 neurons (3D). Synapses: 490692. GPU memory: 1.6GB/25.8GB (6.0%)
[2026-06-26 07:13:23][INFO] SIM_BRIDGE: CuPy using GPU: NVIDIA GeForce RTX 3090 (24.0 GB), mempool limit: 80%
[2026-06-26 07:13:23][INFO] SIM_BRIDGE: Initializing simulation data for model: IZHIKEVICH (3D)... (playback_init: False)
[2026-06-26 07:13:23][INFO] SIM_BRIDGE: RNG initialized with seed: 44
[2026-06-26 07:13:23][INFO] SIM_BRIDGE: Initializing Izhikevich model specifics for 256 neurons...
[2026-06-26 07:13:23][INFO] SIM_BRIDGE: Applying parameter heterogeneity to neuron parameters...
[2026-06-26 07:13:23][INFO] SIM_BRIDGE: Applied heterogeneity to 4 parameters.
[2026-06-26 07:13:23][INFO] SIM_BRIDGE: Initializing OU process state (tau=15.0ms, sigma=0.0pA)...
[2026-06-26 07:13:23][INFO] SIM_BRIDGE: Generating 3D neuron positions for 256 neurons...
[2026-06-26 07:13:23][INFO] SIM_BRIDGE: Generating connections (3D)...
[2026-06-26 07:13:23][INFO] SIM_BRIDGE: Simulation data initialized for 256 neurons (3D). Synapses: 0. GPU memory: 1.6GB/25.8GB (6.0%)
[2026-06-26 07:13:24][INFO] SIM_BRIDGE: CuPy using GPU: NVIDIA GeForce RTX 3090 (24.0 GB), mempool limit: 80%
[2026-06-26 07:13:24][INFO] SIM_BRIDGE: Initializing simulation data for model: IZHIKEVICH (3D)... (playback_init: False)
[2026-06-26 07:13:24][INFO] SIM_BRIDGE: RNG initialized with seed: 44
[2026-06-26 07:13:24][INFO] SIM_BRIDGE: Initializing Izhikevich model specifics for 640 neurons...
[2026-06-26 07:13:24][INFO] SIM_BRIDGE: Applying parameter heterogeneity to neuron parameters...
[2026-06-26 07:13:24][INFO] SIM_BRIDGE: Applied heterogeneity to 4 parameters.
[2026-06-26 07:13:24][INFO] SIM_BRIDGE: Initializing OU process state (tau=15.0ms, sigma=0.0pA)...
[2026-06-26 07:13:24][INFO] SIM_BRIDGE: Generating 3D neuron positions for 640 neurons...
[2026-06-26 07:13:24][INFO] SIM_BRIDGE: Generating connections (3D)...
[2026-06-26 07:13:24][INFO] SIM_BRIDGE: Simulation data initialized for 640 neurons (3D). Synapses: 0. GPU memory: 1.6GB/25.8GB (6.1%)
[2026-06-26 07:13:28][INFO] SIM_BRIDGE: CuPy using GPU: NVIDIA GeForce RTX 3090 (24.0 GB), mempool limit: 80%
[2026-06-26 07:13:28][INFO] SIM_BRIDGE: Initializing simulation data for model: IZHIKEVICH (3D)... (playback_init: False)
[2026-06-26 07:13:28][INFO] SIM_BRIDGE: RNG initialized with seed: 44
[2026-06-26 07:13:28][INFO] SIM_BRIDGE: Initializing Izhikevich model specifics for 768 neurons...
[2026-06-26 07:13:28][INFO] SIM_BRIDGE: Applying parameter heterogeneity to neuron parameters...
[2026-06-26 07:13:28][INFO] SIM_BRIDGE: Applied heterogeneity to 4 parameters.
[2026-06-26 07:13:28][INFO] SIM_BRIDGE: Initializing OU process state (tau=15.0ms, sigma=0.0pA)...
[2026-06-26 07:13:28][INFO] SIM_BRIDGE: Generating 3D neuron positions for 768 neurons...
[2026-06-26 07:13:28][INFO] SIM_BRIDGE: Generating connections (3D)...
[2026-06-26 07:13:28][INFO] SIM_BRIDGE: Simulation data initialized for 768 neurons (3D). Synapses: 0. GPU memory: 1.6GB/25.8GB (6.1%)
  [day 0] vocab= 6 heard= 6 facts= 2 recall=1.00 heldout=- retain=- chain=- moat_fa=0 corr(M,C)=+0.89 tier=4 replay=1 win=2500 (110.8s wake=12.9s)
[2026-06-26 07:13:49][INFO] SIM_BRIDGE: CuPy using GPU: NVIDIA GeForce RTX 3090 (24.0 GB), mempool limit: 80%
[2026-06-26 07:13:49][INFO] SIM_BRIDGE: Initializing simulation data for model: IZHIKEVICH (3D)... (playback_init: False)
[2026-06-26 07:13:49][INFO] SIM_BRIDGE: RNG initialized with seed: 44
[2026-06-26 07:13:49][INFO] SIM_BRIDGE: Initializing Izhikevich model specifics for 126 neurons...
[2026-06-26 07:13:49][INFO] SIM_BRIDGE: Applying parameter heterogeneity to neuron parameters...
[2026-06-26 07:13:49][INFO] SIM_BRIDGE: Applied heterogeneity to 4 parameters.
[2026-06-26 07:13:49][INFO] SIM_BRIDGE: Initializing OU process state (tau=15.0ms, sigma=20.0pA)...
[2026-06-26 07:13:49][INFO] SIM_BRIDGE: Generating 3D neuron positions for 126 neurons...
[2026-06-26 07:13:49][INFO] SIM_BRIDGE: Generating connections (3D)...
[2026-06-26 07:13:49][INFO] SIM_BRIDGE: Simulation data initialized for 126 neurons (3D). Synapses: 0. GPU memory: 1.6GB/25.8GB (6.1%)
[2026-06-26 07:13:49][INFO] SIM_BRIDGE: inject_explicit_wiring: installed 720 synapses across 1 populations.
[2026-06-26 07:14:29][INFO] SIM_BRIDGE: CuPy using GPU: NVIDIA GeForce RTX 3090 (24.0 GB), mempool limit: 80%
[2026-06-26 07:14:29][INFO] SIM_BRIDGE: Initializing simulation data for model: IZHIKEVICH (3D)... (playback_init: False)
[2026-06-26 07:14:29][INFO] SIM_BRIDGE: RNG initialized with seed: 44
[2026-06-26 07:14:29][INFO] SIM_BRIDGE: Initializing Izhikevich model specifics for 224 neurons...
[2026-06-26 07:14:29][INFO] SIM_BRIDGE: Applying parameter heterogeneity to neuron parameters...
[2026-06-26 07:14:29][INFO] SIM_BRIDGE: Applied heterogeneity to 4 parameters.
[2026-06-26 07:14:29][INFO] SIM_BRIDGE: Initializing OU process state (tau=15.0ms, sigma=20.0pA)...
[2026-06-26 07:14:29][INFO] SIM_BRIDGE: Generating 3D neuron positions for 224 neurons...
[2026-06-26 07:14:29][INFO] SIM_BRIDGE: Generating connections (3D)...
[2026-06-26 07:14:29][INFO] SIM_BRIDGE: Simulation data initialized for 224 neurons (3D). Synapses: 0. GPU memory: 1.6GB/25.8GB (6.1%)
[2026-06-26 07:14:29][INFO] SIM_BRIDGE: inject_explicit_wiring: installed 4800 synapses across 1 populations.
[2026-06-26 07:15:24][INFO] SIM_BRIDGE: CuPy using GPU: NVIDIA GeForce RTX 3090 (24.0 GB), mempool limit: 80%
[2026-06-26 07:15:24][INFO] SIM_BRIDGE: Initializing simulation data for model: IZHIKEVICH (3D)... (playback_init: False)
[2026-06-26 07:15:24][INFO] SIM_BRIDGE: Brain-region framework: 2 regions, 2560 total neurons, 2 pathways.
[2026-06-26 07:15:24][INFO] SIM_BRIDGE: RNG initialized with seed: 44
[2026-06-26 07:15:24][INFO] SIM_BRIDGE: NMDA per-region mask: 2 regions enabled (2560 neurons)
[2026-06-26 07:15:24][INFO] SIM_BRIDGE: Initializing Izhikevich model specifics for 2560 neurons...
[2026-06-26 07:15:24][INFO] SIM_BRIDGE: Region 'cortex_ctx' (1280 neurons): using Izh type IZH2007_HIPPO_PYRAMIDAL
[2026-06-26 07:15:24][INFO] SIM_BRIDGE: Region 'dlpfc_wm' (1280 neurons): using Izh type IZH2007_HIPPO_PYRAMIDAL
[2026-06-26 07:15:24][INFO] SIM_BRIDGE: Applying parameter heterogeneity to neuron parameters...
[2026-06-26 07:15:24][INFO] SIM_BRIDGE: Applied heterogeneity to 4 parameters.
[2026-06-26 07:15:24][INFO] SIM_BRIDGE: Generating 3D neuron positions for 2560 neurons...
[2026-06-26 07:15:24][INFO] SIM_BRIDGE: Generating connections (brain-region framework)...
[2026-06-26 07:15:25][INFO] SIM_BRIDGE: inject_explicit_wiring: installed 490692 synapses across 4 populations.
[2026-06-26 07:15:25][INFO] SIM_BRIDGE: Initializing eligibility traces for 490692 synapses (capacity: 736038, dtype: float32)...
[2026-06-26 07:15:25][INFO] SIM_BRIDGE: Initializing STDP state for 2560 neurons...
[2026-06-26 07:15:25][INFO] SIM_BRIDGE: Simulation data initialized for 2560 neurons (3D). Synapses: 490692. GPU memory: 1.6GB/25.8GB (6.1%)
[2026-06-26 07:15:26][INFO] SIM_BRIDGE: CuPy using GPU: NVIDIA GeForce RTX 3090 (24.0 GB), mempool limit: 80%
[2026-06-26 07:15:26][INFO] SIM_BRIDGE: Initializing simulation data for model: IZHIKEVICH (3D)... (playback_init: False)
[2026-06-26 07:15:26][INFO] SIM_BRIDGE: RNG initialized with seed: 44
[2026-06-26 07:15:26][INFO] SIM_BRIDGE: Initializing Izhikevich model specifics for 256 neurons...
[2026-06-26 07:15:26][INFO] SIM_BRIDGE: Applying parameter heterogeneity to neuron parameters...
[2026-06-26 07:15:26][INFO] SIM_BRIDGE: Applied heterogeneity to 4 parameters.
[2026-06-26 07:15:26][INFO] SIM_BRIDGE: Initializing OU process state (tau=15.0ms, sigma=0.0pA)...
[2026-06-26 07:15:26][INFO] SIM_BRIDGE: Generating 3D neuron positions for 256 neurons...
[2026-06-26 07:15:26][INFO] SIM_BRIDGE: Generating connections (3D)...
[2026-06-26 07:15:26][INFO] SIM_BRIDGE: Simulation data initialized for 256 neurons (3D). Synapses: 0. GPU memory: 1.6GB/25.8GB (6.1%)
[2026-06-26 07:15:27][INFO] SIM_BRIDGE: CuPy using GPU: NVIDIA GeForce RTX 3090 (24.0 GB), mempool limit: 80%
[2026-06-26 07:15:27][INFO] SIM_BRIDGE: Initializing simulation data for model: IZHIKEVICH (3D)... (playback_init: False)
[2026-06-26 07:15:27][INFO] SIM_BRIDGE: RNG initialized with seed: 44
[2026-06-26 07:15:27][INFO] SIM_BRIDGE: Initializing Izhikevich model specifics for 640 neurons...
[2026-06-26 07:15:27][INFO] SIM_BRIDGE: Applying parameter heterogeneity to neuron parameters...
[2026-06-26 07:15:27][INFO] SIM_BRIDGE: Applied heterogeneity to 4 parameters.
[2026-06-26 07:15:27][INFO] SIM_BRIDGE: Initializing OU process state (tau=15.0ms, sigma=0.0pA)...
[2026-06-26 07:15:27][INFO] SIM_BRIDGE: Generating 3D neuron positions for 640 neurons...
[2026-06-26 07:15:27][INFO] SIM_BRIDGE: Generating connections (3D)...
[2026-06-26 07:15:27][INFO] SIM_BRIDGE: Simulation data initialized for 640 neurons (3D). Synapses: 0. GPU memory: 1.6GB/25.8GB (6.1%)
[2026-06-26 07:15:35][INFO] SIM_BRIDGE: CuPy using GPU: NVIDIA GeForce RTX 3090 (24.0 GB), mempool limit: 80%
[2026-06-26 07:15:35][INFO] SIM_BRIDGE: Initializing simulation data for model: IZHIKEVICH (3D)... (playback_init: False)
[2026-06-26 07:15:35][INFO] SIM_BRIDGE: RNG initialized with seed: 44
[2026-06-26 07:15:35][INFO] SIM_BRIDGE: Initializing Izhikevich model specifics for 1792 neurons...
[2026-06-26 07:15:35][INFO] SIM_BRIDGE: Applying parameter heterogeneity to neuron parameters...
[2026-06-26 07:15:35][INFO] SIM_BRIDGE: Applied heterogeneity to 4 parameters.
[2026-06-26 07:15:35][INFO] SIM_BRIDGE: Initializing OU process state (tau=15.0ms, sigma=0.0pA)...
[2026-06-26 07:15:35][INFO] SIM_BRIDGE: Generating 3D neuron positions for 1792 neurons...
[2026-06-26 07:15:35][INFO] SIM_BRIDGE: Generating connections (3D)...
[2026-06-26 07:15:35][INFO] SIM_BRIDGE: Simulation data initialized for 1792 neurons (3D). Synapses: 0. GPU memory: 1.6GB/25.8GB (6.1%)
  [day 1] vocab=12 heard=12 facts= 5 recall=1.00 heldout=1.00 retain=1.00 chain=- moat_fa=0 corr(M,C)=+0.90 tier=4 replay=2 win=2500 (127.8s wake=19.6s)
[2026-06-26 07:15:50][INFO] SIM_BRIDGE: CuPy using GPU: NVIDIA GeForce RTX 3090 (24.0 GB), mempool limit: 80%
[2026-06-26 07:15:50][INFO] SIM_BRIDGE: Initializing simulation data for model: IZHIKEVICH (3D)... (playback_init: False)
[2026-06-26 07:15:50][INFO] SIM_BRIDGE: RNG initialized with seed: 44
[2026-06-26 07:15:50][INFO] SIM_BRIDGE: Initializing Izhikevich model specifics for 126 neurons...
[2026-06-26 07:15:50][INFO] SIM_BRIDGE: Applying parameter heterogeneity to neuron parameters...
[2026-06-26 07:15:50][INFO] SIM_BRIDGE: Applied heterogeneity to 4 parameters.
[2026-06-26 07:15:50][INFO] SIM_BRIDGE: Initializing OU process state (tau=15.0ms, sigma=20.0pA)...
[2026-06-26 07:15:50][INFO] SIM_BRIDGE: Generating 3D neuron positions for 126 neurons...
[2026-06-26 07:15:50][INFO] SIM_BRIDGE: Generating connections (3D)...
[2026-06-26 07:15:50][INFO] SIM_BRIDGE: Simulation data initialized for 126 neurons (3D). Synapses: 0. GPU memory: 1.6GB/25.8GB (6.2%)
[2026-06-26 07:15:50][INFO] SIM_BRIDGE: inject_explicit_wiring: installed 720 synapses across 1 populations.
[2026-06-26 07:16:27][INFO] SIM_BRIDGE: CuPy using GPU: NVIDIA GeForce RTX 3090 (24.0 GB), mempool limit: 80%
[2026-06-26 07:16:27][INFO] SIM_BRIDGE: Initializing simulation data for model: IZHIKEVICH (3D)... (playback_init: False)
[2026-06-26 07:16:27][INFO] SIM_BRIDGE: RNG initialized with seed: 44
[2026-06-26 07:16:27][INFO] SIM_BRIDGE: Initializing Izhikevich model specifics for 224 neurons...
[2026-06-26 07:16:27][INFO] SIM_BRIDGE: Applying parameter heterogeneity to neuron parameters...
[2026-06-26 07:16:27][INFO] SIM_BRIDGE: Applied heterogeneity to 4 parameters.
[2026-06-26 07:16:27][INFO] SIM_BRIDGE: Initializing OU process state (tau=15.0ms, sigma=20.0pA)...
[2026-06-26 07:16:27][INFO] SIM_BRIDGE: Generating 3D neuron positions for 224 neurons...
[2026-06-26 07:16:27][INFO] SIM_BRIDGE: Generating connections (3D)...
[2026-06-26 07:16:27][INFO] SIM_BRIDGE: Simulation data initialized for 224 neurons (3D). Synapses: 0. GPU memory: 1.6GB/25.8GB (6.2%)
[2026-06-26 07:16:27][INFO] SIM_BRIDGE: inject_explicit_wiring: installed 4800 synapses across 1 populations.
[2026-06-26 07:17:21][INFO] SIM_BRIDGE: CuPy using GPU: NVIDIA GeForce RTX 3090 (24.0 GB), mempool limit: 80%
[2026-06-26 07:17:21][INFO] SIM_BRIDGE: Initializing simulation data for model: IZHIKEVICH (3D)... (playback_init: False)
[2026-06-26 07:17:21][INFO] SIM_BRIDGE: Brain-region framework: 2 regions, 2560 total neurons, 2 pathways.
[2026-06-26 07:17:21][INFO] SIM_BRIDGE: RNG initialized with seed: 44
[2026-06-26 07:17:21][INFO] SIM_BRIDGE: NMDA per-region mask: 2 regions enabled (2560 neurons)
[2026-06-26 07:17:21][INFO] SIM_BRIDGE: Initializing Izhikevich model specifics for 2560 neurons...
[2026-06-26 07:17:21][INFO] SIM_BRIDGE: Region 'cortex_ctx' (1280 neurons): using Izh type IZH2007_HIPPO_PYRAMIDAL
[2026-06-26 07:17:21][INFO] SIM_BRIDGE: Region 'dlpfc_wm' (1280 neurons): using Izh type IZH2007_HIPPO_PYRAMIDAL
[2026-06-26 07:17:21][INFO] SIM_BRIDGE: Applying parameter heterogeneity to neuron parameters...
[2026-06-26 07:17:21][INFO] SIM_BRIDGE: Applied heterogeneity to 4 parameters.
[2026-06-26 07:17:21][INFO] SIM_BRIDGE: Generating 3D neuron positions for 2560 neurons...
[2026-06-26 07:17:21][INFO] SIM_BRIDGE: Generating connections (brain-region framework)...
[2026-06-26 07:17:22][INFO] SIM_BRIDGE: inject_explicit_wiring: installed 490692 synapses across 4 populations.
[2026-06-26 07:17:22][INFO] SIM_BRIDGE: Initializing eligibility traces for 490692 synapses (capacity: 736038, dtype: float32)...
[2026-06-26 07:17:22][INFO] SIM_BRIDGE: Initializing STDP state for 2560 neurons...
[2026-06-26 07:17:22][INFO] SIM_BRIDGE: Simulation data initialized for 2560 neurons (3D). Synapses: 490692. GPU memory: 1.6GB/25.8GB (6.2%)
[2026-06-26 07:17:23][INFO] SIM_BRIDGE: CuPy using GPU: NVIDIA GeForce RTX 3090 (24.0 GB), mempool limit: 80%
[2026-06-26 07:17:23][INFO] SIM_BRIDGE: Initializing simulation data for model: IZHIKEVICH (3D)... (playback_init: False)
[2026-06-26 07:17:23][INFO] SIM_BRIDGE: RNG initialized with seed: 44
[2026-06-26 07:17:23][INFO] SIM_BRIDGE: Initializing Izhikevich model specifics for 256 neurons...
[2026-06-26 07:17:23][INFO] SIM_BRIDGE: Applying parameter heterogeneity to neuron parameters...
[2026-06-26 07:17:23][INFO] SIM_BRIDGE: Applied heterogeneity to 4 parameters.
[2026-06-26 07:17:23][INFO] SIM_BRIDGE: Initializing OU process state (tau=15.0ms, sigma=0.0pA)...
[2026-06-26 07:17:23][INFO] SIM_BRIDGE: Generating 3D neuron positions for 256 neurons...
[2026-06-26 07:17:23][INFO] SIM_BRIDGE: Generating connections (3D)...
[2026-06-26 07:17:23][INFO] SIM_BRIDGE: Simulation data initialized for 256 neurons (3D). Synapses: 0. GPU memory: 1.6GB/25.8GB (6.2%)
[2026-06-26 07:17:23][INFO] SIM_BRIDGE: CuPy using GPU: NVIDIA GeForce RTX 3090 (24.0 GB), mempool limit: 80%
[2026-06-26 07:17:23][INFO] SIM_BRIDGE: Initializing simulation data for model: IZHIKEVICH (3D)... (playback_init: False)
[2026-06-26 07:17:23][INFO] SIM_BRIDGE: RNG initialized with seed: 44
[2026-06-26 07:17:23][INFO] SIM_BRIDGE: Initializing Izhikevich model specifics for 640 neurons...
[2026-06-26 07:17:23][INFO] SIM_BRIDGE: Applying parameter heterogeneity to neuron parameters...
[2026-06-26 07:17:23][INFO] SIM_BRIDGE: Applied heterogeneity to 4 parameters.
[2026-06-26 07:17:23][INFO] SIM_BRIDGE: Initializing OU process state (tau=15.0ms, sigma=0.0pA)...
[2026-06-26 07:17:23][INFO] SIM_BRIDGE: Generating 3D neuron positions for 640 neurons...
[2026-06-26 07:17:23][INFO] SIM_BRIDGE: Generating connections (3D)...
[2026-06-26 07:17:23][INFO] SIM_BRIDGE: Simulation data initialized for 640 neurons (3D). Synapses: 0. GPU memory: 1.6GB/25.8GB (6.2%)
[2026-06-26 07:17:38][INFO] SIM_BRIDGE: CuPy using GPU: NVIDIA GeForce RTX 3090 (24.0 GB), mempool limit: 80%
[2026-06-26 07:17:38][INFO] SIM_BRIDGE: Initializing simulation data for model: IZHIKEVICH (3D)... (playback_init: False)
[2026-06-26 07:17:38][INFO] SIM_BRIDGE: RNG initialized with seed: 44
[2026-06-26 07:17:38][INFO] SIM_BRIDGE: Initializing Izhikevich model specifics for 3072 neurons...
[2026-06-26 07:17:38][INFO] SIM_BRIDGE: Applying parameter heterogeneity to neuron parameters...
[2026-06-26 07:17:38][INFO] SIM_BRIDGE: Applied heterogeneity to 4 parameters.
[2026-06-26 07:17:38][INFO] SIM_BRIDGE: Initializing OU process state (tau=15.0ms, sigma=0.0pA)...
[2026-06-26 07:17:38][INFO] SIM_BRIDGE: Generating 3D neuron positions for 3072 neurons...
[2026-06-26 07:17:38][INFO] SIM_BRIDGE: Generating connections (3D)...
[2026-06-26 07:17:38][INFO] SIM_BRIDGE: Simulation data initialized for 3072 neurons (3D). Synapses: 0. GPU memory: 1.6GB/25.8GB (6.2%)
    [growth] mastered tier 4 -> promoted to 8
  [day 2] vocab=18 heard=18 facts= 8 recall=1.00 heldout=1.00 retain=1.00 chain=1.00 moat_fa=0 corr(M,C)=+0.90 tier=8 replay=4 win=2500 (124.1s wake=13.3s)
[2026-06-26 07:17:54][INFO] SIM_BRIDGE: CuPy using GPU: NVIDIA GeForce RTX 3090 (24.0 GB), mempool limit: 80%
[2026-06-26 07:17:54][INFO] SIM_BRIDGE: Initializing simulation data for model: IZHIKEVICH (3D)... (playback_init: False)
[2026-06-26 07:17:54][INFO] SIM_BRIDGE: RNG initialized with seed: 44
[2026-06-26 07:17:54][INFO] SIM_BRIDGE: Initializing Izhikevich model specifics for 126 neurons...
[2026-06-26 07:17:54][INFO] SIM_BRIDGE: Applying parameter heterogeneity to neuron parameters...
[2026-06-26 07:17:54][INFO] SIM_BRIDGE: Applied heterogeneity to 4 parameters.
[2026-06-26 07:17:54][INFO] SIM_BRIDGE: Initializing OU process state (tau=15.0ms, sigma=20.0pA)...
[2026-06-26 07:17:54][INFO] SIM_BRIDGE: Generating 3D neuron positions for 126 neurons...
[2026-06-26 07:17:54][INFO] SIM_BRIDGE: Generating connections (3D)...
[2026-06-26 07:17:54][INFO] SIM_BRIDGE: Simulation data initialized for 126 neurons (3D). Synapses: 0. GPU memory: 1.6GB/25.8GB (6.2%)
[2026-06-26 07:17:54][INFO] SIM_BRIDGE: inject_explicit_wiring: installed 720 synapses across 1 populations.
[2026-06-26 07:18:31][INFO] SIM_BRIDGE: CuPy using GPU: NVIDIA GeForce RTX 3090 (24.0 GB), mempool limit: 80%
[2026-06-26 07:18:31][INFO] SIM_BRIDGE: Initializing simulation data for model: IZHIKEVICH (3D)... (playback_init: False)
[2026-06-26 07:18:31][INFO] SIM_BRIDGE: RNG initialized with seed: 44
[2026-06-26 07:18:31][INFO] SIM_BRIDGE: Initializing Izhikevich model specifics for 224 neurons...
[2026-06-26 07:18:31][INFO] SIM_BRIDGE: Applying parameter heterogeneity to neuron parameters...
[2026-06-26 07:18:31][INFO] SIM_BRIDGE: Applied heterogeneity to 4 parameters.
[2026-06-26 07:18:31][INFO] SIM_BRIDGE: Initializing OU process state (tau=15.0ms, sigma=20.0pA)...
[2026-06-26 07:18:31][INFO] SIM_BRIDGE: Generating 3D neuron positions for 224 neurons...
[2026-06-26 07:18:31][INFO] SIM_BRIDGE: Generating connections (3D)...
[2026-06-26 07:18:31][INFO] SIM_BRIDGE: Simulation data initialized for 224 neurons (3D). Synapses: 0. GPU memory: 1.6GB/25.8GB (6.2%)
[2026-06-26 07:18:31][INFO] SIM_BRIDGE: inject_explicit_wiring: installed 4800 synapses across 1 populations.
[2026-06-26 07:19:25][INFO] SIM_BRIDGE: CuPy using GPU: NVIDIA GeForce RTX 3090 (24.0 GB), mempool limit: 80%
[2026-06-26 07:19:25][INFO] SIM_BRIDGE: Initializing simulation data for model: IZHIKEVICH (3D)... (playback_init: False)
[2026-06-26 07:19:25][INFO] SIM_BRIDGE: Brain-region framework: 2 regions, 2560 total neurons, 2 pathways.
[2026-06-26 07:19:25][INFO] SIM_BRIDGE: RNG initialized with seed: 44
[2026-06-26 07:19:25][INFO] SIM_BRIDGE: NMDA per-region mask: 2 regions enabled (2560 neurons)
[2026-06-26 07:19:25][INFO] SIM_BRIDGE: Initializing Izhikevich model specifics for 2560 neurons...
[2026-06-26 07:19:25][INFO] SIM_BRIDGE: Region 'cortex_ctx' (1280 neurons): using Izh type IZH2007_HIPPO_PYRAMIDAL
[2026-06-26 07:19:25][INFO] SIM_BRIDGE: Region 'dlpfc_wm' (1280 neurons): using Izh type IZH2007_HIPPO_PYRAMIDAL
[2026-06-26 07:19:25][INFO] SIM_BRIDGE: Applying parameter heterogeneity to neuron parameters...
[2026-06-26 07:19:25][INFO] SIM_BRIDGE: Applied heterogeneity to 4 parameters.
[2026-06-26 07:19:25][INFO] SIM_BRIDGE: Generating 3D neuron positions for 2560 neurons...
[2026-06-26 07:19:25][INFO] SIM_BRIDGE: Generating connections (brain-region framework)...
[2026-06-26 07:19:25][INFO] SIM_BRIDGE: inject_explicit_wiring: installed 490692 synapses across 4 populations.
[2026-06-26 07:19:25][INFO] SIM_BRIDGE: Initializing eligibility traces for 490692 synapses (capacity: 736038, dtype: float32)...
[2026-06-26 07:19:25][INFO] SIM_BRIDGE: Initializing STDP state for 2560 neurons...
[2026-06-26 07:19:25][INFO] SIM_BRIDGE: Simulation data initialized for 2560 neurons (3D). Synapses: 490692. GPU memory: 1.6GB/25.8GB (6.2%)
[2026-06-26 07:19:26][INFO] SIM_BRIDGE: CuPy using GPU: NVIDIA GeForce RTX 3090 (24.0 GB), mempool limit: 80%
[2026-06-26 07:19:26][INFO] SIM_BRIDGE: Initializing simulation data for model: IZHIKEVICH (3D)... (playback_init: False)
[2026-06-26 07:19:26][INFO] SIM_BRIDGE: RNG initialized with seed: 44
[2026-06-26 07:19:26][INFO] SIM_BRIDGE: Initializing Izhikevich model specifics for 256 neurons...
[2026-06-26 07:19:26][INFO] SIM_BRIDGE: Applying parameter heterogeneity to neuron parameters...
[2026-06-26 07:19:26][INFO] SIM_BRIDGE: Applied heterogeneity to 4 parameters.
[2026-06-26 07:19:26][INFO] SIM_BRIDGE: Initializing OU process state (tau=15.0ms, sigma=0.0pA)...
[2026-06-26 07:19:26][INFO] SIM_BRIDGE: Generating 3D neuron positions for 256 neurons...
[2026-06-26 07:19:26][INFO] SIM_BRIDGE: Generating connections (3D)...
[2026-06-26 07:19:26][INFO] SIM_BRIDGE: Simulation data initialized for 256 neurons (3D). Synapses: 0. GPU memory: 1.6GB/25.8GB (6.2%)
[2026-06-26 07:19:27][INFO] SIM_BRIDGE: CuPy using GPU: NVIDIA GeForce RTX 3090 (24.0 GB), mempool limit: 80%
[2026-06-26 07:19:27][INFO] SIM_BRIDGE: Initializing simulation data for model: IZHIKEVICH (3D)... (playback_init: False)
[2026-06-26 07:19:27][INFO] SIM_BRIDGE: RNG initialized with seed: 44
[2026-06-26 07:19:27][INFO] SIM_BRIDGE: Initializing Izhikevich model specifics for 640 neurons...
[2026-06-26 07:19:27][INFO] SIM_BRIDGE: Applying parameter heterogeneity to neuron parameters...
[2026-06-26 07:19:27][INFO] SIM_BRIDGE: Applied heterogeneity to 4 parameters.
[2026-06-26 07:19:27][INFO] SIM_BRIDGE: Initializing OU process state (tau=15.0ms, sigma=0.0pA)...
[2026-06-26 07:19:27][INFO] SIM_BRIDGE: Generating 3D neuron positions for 640 neurons...
[2026-06-26 07:19:27][INFO] SIM_BRIDGE: Generating connections (3D)...
[2026-06-26 07:19:27][INFO] SIM_BRIDGE: Simulation data initialized for 640 neurons (3D). Synapses: 0. GPU memory: 1.6GB/25.8GB (6.2%)
[2026-06-26 07:19:51][INFO] SIM_BRIDGE: CuPy using GPU: NVIDIA GeForce RTX 3090 (24.0 GB), mempool limit: 80%
[2026-06-26 07:19:51][INFO] SIM_BRIDGE: Initializing simulation data for model: IZHIKEVICH (3D)... (playback_init: False)
[2026-06-26 07:19:51][INFO] SIM_BRIDGE: RNG initialized with seed: 44
[2026-06-26 07:19:51][INFO] SIM_BRIDGE: Initializing Izhikevich model specifics for 4096 neurons...
[2026-06-26 07:19:51][INFO] SIM_BRIDGE: Applying parameter heterogeneity to neuron parameters...
[2026-06-26 07:19:51][INFO] SIM_BRIDGE: Applied heterogeneity to 4 parameters.
[2026-06-26 07:19:51][INFO] SIM_BRIDGE: Initializing OU process state (tau=15.0ms, sigma=0.0pA)...
[2026-06-26 07:19:51][INFO] SIM_BRIDGE: Generating 3D neuron positions for 4096 neurons...
[2026-06-26 07:19:51][INFO] SIM_BRIDGE: Generating connections (3D)...
[2026-06-26 07:19:51][INFO] SIM_BRIDGE: Simulation data initialized for 4096 neurons (3D). Synapses: 0. GPU memory: 1.6GB/25.8GB (6.2%)
  [day 3] vocab=24 heard=24 facts=11 recall=1.00 heldout=0.00 retain=1.00 chain=- moat_fa=0 corr(M,C)=+0.88 tier=8 replay=5 win=2500 (132.0s wake=13.0s)
[2026-06-26 07:20:07][INFO] SIM_BRIDGE: CuPy using GPU: NVIDIA GeForce RTX 3090 (24.0 GB), mempool limit: 80%
[2026-06-26 07:20:07][INFO] SIM_BRIDGE: Initializing simulation data for model: IZHIKEVICH (3D)... (playback_init: False)
[2026-06-26 07:20:07][INFO] SIM_BRIDGE: RNG initialized with seed: 44
[2026-06-26 07:20:07][INFO] SIM_BRIDGE: Initializing Izhikevich model specifics for 126 neurons...
[2026-06-26 07:20:07][INFO] SIM_BRIDGE: Applying parameter heterogeneity to neuron parameters...
[2026-06-26 07:20:07][INFO] SIM_BRIDGE: Applied heterogeneity to 4 parameters.
[2026-06-26 07:20:07][INFO] SIM_BRIDGE: Initializing OU process state (tau=15.0ms, sigma=20.0pA)...
[2026-06-26 07:20:07][INFO] SIM_BRIDGE: Generating 3D neuron positions for 126 neurons...
[2026-06-26 07:20:07][INFO] SIM_BRIDGE: Generating connections (3D)...
[2026-06-26 07:20:07][INFO] SIM_BRIDGE: Simulation data initialized for 126 neurons (3D). Synapses: 0. GPU memory: 1.6GB/25.8GB (6.2%)
[2026-06-26 07:20:07][INFO] SIM_BRIDGE: inject_explicit_wiring: installed 720 synapses across 1 populations.
[2026-06-26 07:20:46][INFO] SIM_BRIDGE: CuPy using GPU: NVIDIA GeForce RTX 3090 (24.0 GB), mempool limit: 80%
[2026-06-26 07:20:46][INFO] SIM_BRIDGE: Initializing simulation data for model: IZHIKEVICH (3D)... (playback_init: False)
[2026-06-26 07:20:46][INFO] SIM_BRIDGE: RNG initialized with seed: 44
[2026-06-26 07:20:46][INFO] SIM_BRIDGE: Initializing Izhikevich model specifics for 224 neurons...
[2026-06-26 07:20:46][INFO] SIM_BRIDGE: Applying parameter heterogeneity to neuron parameters...
[2026-06-26 07:20:46][INFO] SIM_BRIDGE: Applied heterogeneity to 4 parameters.
[2026-06-26 07:20:46][INFO] SIM_BRIDGE: Initializing OU process state (tau=15.0ms, sigma=20.0pA)...
[2026-06-26 07:20:46][INFO] SIM_BRIDGE: Generating 3D neuron positions for 224 neurons...
[2026-06-26 07:20:46][INFO] SIM_BRIDGE: Generating connections (3D)...
[2026-06-26 07:20:46][INFO] SIM_BRIDGE: Simulation data initialized for 224 neurons (3D). Synapses: 0. GPU memory: 1.6GB/25.8GB (6.2%)
[2026-06-26 07:20:46][INFO] SIM_BRIDGE: inject_explicit_wiring: installed 4800 synapses across 1 populations.
[2026-06-26 07:21:40][INFO] SIM_BRIDGE: CuPy using GPU: NVIDIA GeForce RTX 3090 (24.0 GB), mempool limit: 80%
[2026-06-26 07:21:40][INFO] SIM_BRIDGE: Initializing simulation data for model: IZHIKEVICH (3D)... (playback_init: False)
[2026-06-26 07:21:40][INFO] SIM_BRIDGE: Brain-region framework: 2 regions, 2560 total neurons, 2 pathways.
[2026-06-26 07:21:40][INFO] SIM_BRIDGE: RNG initialized with seed: 44
[2026-06-26 07:21:40][INFO] SIM_BRIDGE: NMDA per-region mask: 2 regions enabled (2560 neurons)
[2026-06-26 07:21:40][INFO] SIM_BRIDGE: Initializing Izhikevich model specifics for 2560 neurons...
[2026-06-26 07:21:40][INFO] SIM_BRIDGE: Region 'cortex_ctx' (1280 neurons): using Izh type IZH2007_HIPPO_PYRAMIDAL
[2026-06-26 07:21:40][INFO] SIM_BRIDGE: Region 'dlpfc_wm' (1280 neurons): using Izh type IZH2007_HIPPO_PYRAMIDAL
[2026-06-26 07:21:40][INFO] SIM_BRIDGE: Applying parameter heterogeneity to neuron parameters...
[2026-06-26 07:21:40][INFO] SIM_BRIDGE: Applied heterogeneity to 4 parameters.
[2026-06-26 07:21:40][INFO] SIM_BRIDGE: Generating 3D neuron positions for 2560 neurons...
[2026-06-26 07:21:40][INFO] SIM_BRIDGE: Generating connections (brain-region framework)...
[2026-06-26 07:21:41][INFO] SIM_BRIDGE: inject_explicit_wiring: installed 490692 synapses across 4 populations.
[2026-06-26 07:21:41][INFO] SIM_BRIDGE: Initializing eligibility traces for 490692 synapses (capacity: 736038, dtype: float32)...
[2026-06-26 07:21:41][INFO] SIM_BRIDGE: Initializing STDP state for 2560 neurons...
[2026-06-26 07:21:41][INFO] SIM_BRIDGE: Simulation data initialized for 2560 neurons (3D). Synapses: 490692. GPU memory: 1.6GB/25.8GB (6.2%)
[2026-06-26 07:21:42][INFO] SIM_BRIDGE: CuPy using GPU: NVIDIA GeForce RTX 3090 (24.0 GB), mempool limit: 80%
[2026-06-26 07:21:42][INFO] SIM_BRIDGE: Initializing simulation data for model: IZHIKEVICH (3D)... (playback_init: False)
[2026-06-26 07:21:42][INFO] SIM_BRIDGE: RNG initialized with seed: 44
[2026-06-26 07:21:42][INFO] SIM_BRIDGE: Initializing Izhikevich model specifics for 256 neurons...
[2026-06-26 07:21:42][INFO] SIM_BRIDGE: Applying parameter heterogeneity to neuron parameters...
[2026-06-26 07:21:42][INFO] SIM_BRIDGE: Applied heterogeneity to 4 parameters.
[2026-06-26 07:21:42][INFO] SIM_BRIDGE: Initializing OU process state (tau=15.0ms, sigma=0.0pA)...
[2026-06-26 07:21:42][INFO] SIM_BRIDGE: Generating 3D neuron positions for 256 neurons...
[2026-06-26 07:21:42][INFO] SIM_BRIDGE: Generating connections (3D)...
[2026-06-26 07:21:42][INFO] SIM_BRIDGE: Simulation data initialized for 256 neurons (3D). Synapses: 0. GPU memory: 1.6GB/25.8GB (6.2%)
[2026-06-26 07:21:43][INFO] SIM_BRIDGE: CuPy using GPU: NVIDIA GeForce RTX 3090 (24.0 GB), mempool limit: 80%
[2026-06-26 07:21:43][INFO] SIM_BRIDGE: Initializing simulation data for model: IZHIKEVICH (3D)... (playback_init: False)
[2026-06-26 07:21:43][INFO] SIM_BRIDGE: RNG initialized with seed: 44
[2026-06-26 07:21:43][INFO] SIM_BRIDGE: Initializing Izhikevich model specifics for 640 neurons...
[2026-06-26 07:21:43][INFO] SIM_BRIDGE: Applying parameter heterogeneity to neuron parameters...
[2026-06-26 07:21:43][INFO] SIM_BRIDGE: Applied heterogeneity to 4 parameters.
[2026-06-26 07:21:43][INFO] SIM_BRIDGE: Initializing OU process state (tau=15.0ms, sigma=0.0pA)...
[2026-06-26 07:21:43][INFO] SIM_BRIDGE: Generating 3D neuron positions for 640 neurons...
[2026-06-26 07:21:43][INFO] SIM_BRIDGE: Generating connections (3D)...
[2026-06-26 07:21:43][INFO] SIM_BRIDGE: Simulation data initialized for 640 neurons (3D). Synapses: 0. GPU memory: 1.6GB/25.8GB (6.2%)
[2026-06-26 07:22:05][INFO] SIM_BRIDGE: CuPy using GPU: NVIDIA GeForce RTX 3090 (24.0 GB), mempool limit: 80%
[2026-06-26 07:22:05][INFO] SIM_BRIDGE: Initializing simulation data for model: IZHIKEVICH (3D)... (playback_init: False)
[2026-06-26 07:22:05][INFO] SIM_BRIDGE: RNG initialized with seed: 44
[2026-06-26 07:22:05][INFO] SIM_BRIDGE: Initializing Izhikevich model specifics for 4608 neurons...
[2026-06-26 07:22:05][INFO] SIM_BRIDGE: Applying parameter heterogeneity to neuron parameters...
[2026-06-26 07:22:05][INFO] SIM_BRIDGE: Applied heterogeneity to 4 parameters.
[2026-06-26 07:22:05][INFO] SIM_BRIDGE: Initializing OU process state (tau=15.0ms, sigma=0.0pA)...
[2026-06-26 07:22:05][INFO] SIM_BRIDGE: Generating 3D neuron positions for 4608 neurons...
[2026-06-26 07:22:05][INFO] SIM_BRIDGE: Generating connections (3D)...
[2026-06-26 07:22:05][INFO] SIM_BRIDGE: Simulation data initialized for 4608 neurons (3D). Synapses: 0. GPU memory: 1.6GB/25.8GB (6.2%)
  [day 4] vocab=24 heard=24 facts=11 recall=1.00 heldout=- retain=- chain=- moat_fa=0 corr(M,C)=+0.89 tier=8 replay=5 win=2500 (132.8s wake=14.2s)
[2026-06-26 07:22:19][INFO] SIM_BRIDGE: CuPy using GPU: NVIDIA GeForce RTX 3090 (24.0 GB), mempool limit: 80%
[2026-06-26 07:22:19][INFO] SIM_BRIDGE: Initializing simulation data for model: IZHIKEVICH (3D)... (playback_init: False)
[2026-06-26 07:22:19][INFO] SIM_BRIDGE: RNG initialized with seed: 44
[2026-06-26 07:22:19][INFO] SIM_BRIDGE: Initializing Izhikevich model specifics for 126 neurons...
[2026-06-26 07:22:19][INFO] SIM_BRIDGE: Applying parameter heterogeneity to neuron parameters...
[2026-06-26 07:22:19][INFO] SIM_BRIDGE: Applied heterogeneity to 4 parameters.
[2026-06-26 07:22:19][INFO] SIM_BRIDGE: Initializing OU process state (tau=15.0ms, sigma=20.0pA)...
[2026-06-26 07:22:19][INFO] SIM_BRIDGE: Generating 3D neuron positions for 126 neurons...
[2026-06-26 07:22:19][INFO] SIM_BRIDGE: Generating connections (3D)...
[2026-06-26 07:22:19][INFO] SIM_BRIDGE: Simulation data initialized for 126 neurons (3D). Synapses: 0. GPU memory: 1.6GB/25.8GB (6.2%)
[2026-06-26 07:22:19][INFO] SIM_BRIDGE: inject_explicit_wiring: installed 720 synapses across 1 populations.
[2026-06-26 07:22:56][INFO] SIM_BRIDGE: CuPy using GPU: NVIDIA GeForce RTX 3090 (24.0 GB), mempool limit: 80%
[2026-06-26 07:22:56][INFO] SIM_BRIDGE: Initializing simulation data for model: IZHIKEVICH (3D)... (playback_init: False)
[2026-06-26 07:22:56][INFO] SIM_BRIDGE: RNG initialized with seed: 44
[2026-06-26 07:22:56][INFO] SIM_BRIDGE: Initializing Izhikevich model specifics for 224 neurons...
[2026-06-26 07:22:56][INFO] SIM_BRIDGE: Applying parameter heterogeneity to neuron parameters...
[2026-06-26 07:22:56][INFO] SIM_BRIDGE: Applied heterogeneity to 4 parameters.
[2026-06-26 07:22:56][INFO] SIM_BRIDGE: Initializing OU process state (tau=15.0ms, sigma=20.0pA)...
[2026-06-26 07:22:56][INFO] SIM_BRIDGE: Generating 3D neuron positions for 224 neurons...
[2026-06-26 07:22:56][INFO] SIM_BRIDGE: Generating connections (3D)...
[2026-06-26 07:22:56][INFO] SIM_BRIDGE: Simulation data initialized for 224 neurons (3D). Synapses: 0. GPU memory: 1.6GB/25.8GB (6.2%)
[2026-06-26 07:22:56][INFO] SIM_BRIDGE: inject_explicit_wiring: installed 4800 synapses across 1 populations.
[2026-06-26 07:23:50][INFO] SIM_BRIDGE: CuPy using GPU: NVIDIA GeForce RTX 3090 (24.0 GB), mempool limit: 80%
[2026-06-26 07:23:50][INFO] SIM_BRIDGE: Initializing simulation data for model: IZHIKEVICH (3D)... (playback_init: False)
[2026-06-26 07:23:50][INFO] SIM_BRIDGE: Brain-region framework: 2 regions, 2560 total neurons, 2 pathways.
[2026-06-26 07:23:50][INFO] SIM_BRIDGE: RNG initialized with seed: 44
[2026-06-26 07:23:50][INFO] SIM_BRIDGE: NMDA per-region mask: 2 regions enabled (2560 neurons)
[2026-06-26 07:23:50][INFO] SIM_BRIDGE: Initializing Izhikevich model specifics for 2560 neurons...
[2026-06-26 07:23:50][INFO] SIM_BRIDGE: Region 'cortex_ctx' (1280 neurons): using Izh type IZH2007_HIPPO_PYRAMIDAL
[2026-06-26 07:23:50][INFO] SIM_BRIDGE: Region 'dlpfc_wm' (1280 neurons): using Izh type IZH2007_HIPPO_PYRAMIDAL
[2026-06-26 07:23:50][INFO] SIM_BRIDGE: Applying parameter heterogeneity to neuron parameters...
[2026-06-26 07:23:50][INFO] SIM_BRIDGE: Applied heterogeneity to 4 parameters.
[2026-06-26 07:23:50][INFO] SIM_BRIDGE: Generating 3D neuron positions for 2560 neurons...
[2026-06-26 07:23:50][INFO] SIM_BRIDGE: Generating connections (brain-region framework)...
[2026-06-26 07:23:51][INFO] SIM_BRIDGE: inject_explicit_wiring: installed 490692 synapses across 4 populations.
[2026-06-26 07:23:51][INFO] SIM_BRIDGE: Initializing eligibility traces for 490692 synapses (capacity: 736038, dtype: float32)...
[2026-06-26 07:23:51][INFO] SIM_BRIDGE: Initializing STDP state for 2560 neurons...
[2026-06-26 07:23:51][INFO] SIM_BRIDGE: Simulation data initialized for 2560 neurons (3D). Synapses: 490692. GPU memory: 1.6GB/25.8GB (6.2%)
[2026-06-26 07:23:52][INFO] SIM_BRIDGE: CuPy using GPU: NVIDIA GeForce RTX 3090 (24.0 GB), mempool limit: 80%
[2026-06-26 07:23:52][INFO] SIM_BRIDGE: Initializing simulation data for model: IZHIKEVICH (3D)... (playback_init: False)
[2026-06-26 07:23:52][INFO] SIM_BRIDGE: RNG initialized with seed: 44
[2026-06-26 07:23:52][INFO] SIM_BRIDGE: Initializing Izhikevich model specifics for 256 neurons...
[2026-06-26 07:23:52][INFO] SIM_BRIDGE: Applying parameter heterogeneity to neuron parameters...
[2026-06-26 07:23:52][INFO] SIM_BRIDGE: Applied heterogeneity to 4 parameters.
[2026-06-26 07:23:52][INFO] SIM_BRIDGE: Initializing OU process state (tau=15.0ms, sigma=0.0pA)...
[2026-06-26 07:23:52][INFO] SIM_BRIDGE: Generating 3D neuron positions for 256 neurons...
[2026-06-26 07:23:52][INFO] SIM_BRIDGE: Generating connections (3D)...
[2026-06-26 07:23:52][INFO] SIM_BRIDGE: Simulation data initialized for 256 neurons (3D). Synapses: 0. GPU memory: 1.6GB/25.8GB (6.2%)
[2026-06-26 07:23:52][INFO] SIM_BRIDGE: CuPy using GPU: NVIDIA GeForce RTX 3090 (24.0 GB), mempool limit: 80%
[2026-06-26 07:23:52][INFO] SIM_BRIDGE: Initializing simulation data for model: IZHIKEVICH (3D)... (playback_init: False)
[2026-06-26 07:23:52][INFO] SIM_BRIDGE: RNG initialized with seed: 44
[2026-06-26 07:23:52][INFO] SIM_BRIDGE: Initializing Izhikevich model specifics for 640 neurons...
[2026-06-26 07:23:52][INFO] SIM_BRIDGE: Applying parameter heterogeneity to neuron parameters...
[2026-06-26 07:23:52][INFO] SIM_BRIDGE: Applied heterogeneity to 4 parameters.
[2026-06-26 07:23:52][INFO] SIM_BRIDGE: Initializing OU process state (tau=15.0ms, sigma=0.0pA)...
[2026-06-26 07:23:52][INFO] SIM_BRIDGE: Generating 3D neuron positions for 640 neurons...
[2026-06-26 07:23:52][INFO] SIM_BRIDGE: Generating connections (3D)...
[2026-06-26 07:23:52][INFO] SIM_BRIDGE: Simulation data initialized for 640 neurons (3D). Synapses: 0. GPU memory: 1.6GB/25.8GB (6.2%)
[2026-06-26 07:24:16][INFO] SIM_BRIDGE: CuPy using GPU: NVIDIA GeForce RTX 3090 (24.0 GB), mempool limit: 80%
[2026-06-26 07:24:16][INFO] SIM_BRIDGE: Initializing simulation data for model: IZHIKEVICH (3D)... (playback_init: False)
[2026-06-26 07:24:16][INFO] SIM_BRIDGE: RNG initialized with seed: 44
[2026-06-26 07:24:16][INFO] SIM_BRIDGE: Initializing Izhikevich model specifics for 4864 neurons...
[2026-06-26 07:24:16][INFO] SIM_BRIDGE: Applying parameter heterogeneity to neuron parameters...
[2026-06-26 07:24:16][INFO] SIM_BRIDGE: Applied heterogeneity to 4 parameters.
[2026-06-26 07:24:16][INFO] SIM_BRIDGE: Initializing OU process state (tau=15.0ms, sigma=0.0pA)...
[2026-06-26 07:24:16][INFO] SIM_BRIDGE: Generating 3D neuron positions for 4864 neurons...
[2026-06-26 07:24:16][INFO] SIM_BRIDGE: Generating connections (3D)...
[2026-06-26 07:24:16][INFO] SIM_BRIDGE: Simulation data initialized for 4864 neurons (3D). Synapses: 0. GPU memory: 1.6GB/25.8GB (6.2%)
    [growth] mastered tier 8 -> promoted to 12
  [day 5] vocab=24 heard=24 facts=11 recall=1.00 heldout=1.00 retain=1.00 chain=- moat_fa=0 corr(M,C)=+0.90 tier=12 replay=5 win=2500 (132.0s wake=13.1s)
[2026-06-26 07:24:31][INFO] SIM_BRIDGE: CuPy using GPU: NVIDIA GeForce RTX 3090 (24.0 GB), mempool limit: 80%
[2026-06-26 07:24:31][INFO] SIM_BRIDGE: Initializing simulation data for model: IZHIKEVICH (3D)... (playback_init: False)
[2026-06-26 07:24:31][INFO] SIM_BRIDGE: RNG initialized with seed: 44
[2026-06-26 07:24:31][INFO] SIM_BRIDGE: Initializing Izhikevich model specifics for 126 neurons...
[2026-06-26 07:24:31][INFO] SIM_BRIDGE: Applying parameter heterogeneity to neuron parameters...
[2026-06-26 07:24:31][INFO] SIM_BRIDGE: Applied heterogeneity to 4 parameters.
[2026-06-26 07:24:31][INFO] SIM_BRIDGE: Initializing OU process state (tau=15.0ms, sigma=20.0pA)...
[2026-06-26 07:24:31][INFO] SIM_BRIDGE: Generating 3D neuron positions for 126 neurons...
[2026-06-26 07:24:31][INFO] SIM_BRIDGE: Generating connections (3D)...
[2026-06-26 07:24:31][INFO] SIM_BRIDGE: Simulation data initialized for 126 neurons (3D). Synapses: 0. GPU memory: 1.6GB/25.8GB (6.2%)
[2026-06-26 07:24:31][INFO] SIM_BRIDGE: inject_explicit_wiring: installed 720 synapses across 1 populations.
[2026-06-26 07:25:08][INFO] SIM_BRIDGE: CuPy using GPU: NVIDIA GeForce RTX 3090 (24.0 GB), mempool limit: 80%
[2026-06-26 07:25:08][INFO] SIM_BRIDGE: Initializing simulation data for model: IZHIKEVICH (3D)... (playback_init: False)
[2026-06-26 07:25:08][INFO] SIM_BRIDGE: RNG initialized with seed: 44
[2026-06-26 07:25:08][INFO] SIM_BRIDGE: Initializing Izhikevich model specifics for 224 neurons...
[2026-06-26 07:25:08][INFO] SIM_BRIDGE: Applying parameter heterogeneity to neuron parameters...
[2026-06-26 07:25:08][INFO] SIM_BRIDGE: Applied heterogeneity to 4 parameters.
[2026-06-26 07:25:08][INFO] SIM_BRIDGE: Initializing OU process state (tau=15.0ms, sigma=20.0pA)...
[2026-06-26 07:25:08][INFO] SIM_BRIDGE: Generating 3D neuron positions for 224 neurons...
[2026-06-26 07:25:08][INFO] SIM_BRIDGE: Generating connections (3D)...
[2026-06-26 07:25:08][INFO] SIM_BRIDGE: Simulation data initialized for 224 neurons (3D). Synapses: 0. GPU memory: 1.6GB/25.8GB (6.2%)
[2026-06-26 07:25:08][INFO] SIM_BRIDGE: inject_explicit_wiring: installed 4800 synapses across 1 populations.
[2026-06-26 07:26:02][INFO] SIM_BRIDGE: CuPy using GPU: NVIDIA GeForce RTX 3090 (24.0 GB), mempool limit: 80%
[2026-06-26 07:26:02][INFO] SIM_BRIDGE: Initializing simulation data for model: IZHIKEVICH (3D)... (playback_init: False)
[2026-06-26 07:26:02][INFO] SIM_BRIDGE: Brain-region framework: 2 regions, 2560 total neurons, 2 pathways.
[2026-06-26 07:26:02][INFO] SIM_BRIDGE: RNG initialized with seed: 44
[2026-06-26 07:26:02][INFO] SIM_BRIDGE: NMDA per-region mask: 2 regions enabled (2560 neurons)
[2026-06-26 07:26:02][INFO] SIM_BRIDGE: Initializing Izhikevich model specifics for 2560 neurons...
[2026-06-26 07:26:02][INFO] SIM_BRIDGE: Region 'cortex_ctx' (1280 neurons): using Izh type IZH2007_HIPPO_PYRAMIDAL
[2026-06-26 07:26:02][INFO] SIM_BRIDGE: Region 'dlpfc_wm' (1280 neurons): using Izh type IZH2007_HIPPO_PYRAMIDAL
[2026-06-26 07:26:02][INFO] SIM_BRIDGE: Applying parameter heterogeneity to neuron parameters...
[2026-06-26 07:26:02][INFO] SIM_BRIDGE: Applied heterogeneity to 4 parameters.
[2026-06-26 07:26:02][INFO] SIM_BRIDGE: Generating 3D neuron positions for 2560 neurons...
[2026-06-26 07:26:02][INFO] SIM_BRIDGE: Generating connections (brain-region framework)...
[2026-06-26 07:26:03][INFO] SIM_BRIDGE: inject_explicit_wiring: installed 490692 synapses across 4 populations.
[2026-06-26 07:26:03][INFO] SIM_BRIDGE: Initializing eligibility traces for 490692 synapses (capacity: 736038, dtype: float32)...
[2026-06-26 07:26:03][INFO] SIM_BRIDGE: Initializing STDP state for 2560 neurons...
[2026-06-26 07:26:03][INFO] SIM_BRIDGE: Simulation data initialized for 2560 neurons (3D). Synapses: 490692. GPU memory: 1.6GB/25.8GB (6.2%)
[2026-06-26 07:26:04][INFO] SIM_BRIDGE: CuPy using GPU: NVIDIA GeForce RTX 3090 (24.0 GB), mempool limit: 80%
[2026-06-26 07:26:04][INFO] SIM_BRIDGE: Initializing simulation data for model: IZHIKEVICH (3D)... (playback_init: False)
[2026-06-26 07:26:04][INFO] SIM_BRIDGE: RNG initialized with seed: 44
[2026-06-26 07:26:04][INFO] SIM_BRIDGE: Initializing Izhikevich model specifics for 256 neurons...
[2026-06-26 07:26:04][INFO] SIM_BRIDGE: Applying parameter heterogeneity to neuron parameters...
[2026-06-26 07:26:04][INFO] SIM_BRIDGE: Applied heterogeneity to 4 parameters.
[2026-06-26 07:26:04][INFO] SIM_BRIDGE: Initializing OU process state (tau=15.0ms, sigma=0.0pA)...
[2026-06-26 07:26:04][INFO] SIM_BRIDGE: Generating 3D neuron positions for 256 neurons...
[2026-06-26 07:26:04][INFO] SIM_BRIDGE: Generating connections (3D)...
[2026-06-26 07:26:04][INFO] SIM_BRIDGE: Simulation data initialized for 256 neurons (3D). Synapses: 0. GPU memory: 1.6GB/25.8GB (6.2%)
[2026-06-26 07:26:04][INFO] SIM_BRIDGE: CuPy using GPU: NVIDIA GeForce RTX 3090 (24.0 GB), mempool limit: 80%
[2026-06-26 07:26:04][INFO] SIM_BRIDGE: Initializing simulation data for model: IZHIKEVICH (3D)... (playback_init: False)
[2026-06-26 07:26:04][INFO] SIM_BRIDGE: RNG initialized with seed: 44
[2026-06-26 07:26:04][INFO] SIM_BRIDGE: Initializing Izhikevich model specifics for 640 neurons...
[2026-06-26 07:26:04][INFO] SIM_BRIDGE: Applying parameter heterogeneity to neuron parameters...
[2026-06-26 07:26:04][INFO] SIM_BRIDGE: Applied heterogeneity to 4 parameters.
[2026-06-26 07:26:04][INFO] SIM_BRIDGE: Initializing OU process state (tau=15.0ms, sigma=0.0pA)...
[2026-06-26 07:26:04][INFO] SIM_BRIDGE: Generating 3D neuron positions for 640 neurons...
[2026-06-26 07:26:04][INFO] SIM_BRIDGE: Generating connections (3D)...
[2026-06-26 07:26:04][INFO] SIM_BRIDGE: Simulation data initialized for 640 neurons (3D). Synapses: 0. GPU memory: 1.6GB/25.8GB (6.2%)
[2026-06-26 07:26:28][INFO] SIM_BRIDGE: CuPy using GPU: NVIDIA GeForce RTX 3090 (24.0 GB), mempool limit: 80%
[2026-06-26 07:26:28][INFO] SIM_BRIDGE: Initializing simulation data for model: IZHIKEVICH (3D)... (playback_init: False)
[2026-06-26 07:26:28][INFO] SIM_BRIDGE: RNG initialized with seed: 44
[2026-06-26 07:26:28][INFO] SIM_BRIDGE: Initializing Izhikevich model specifics for 4864 neurons...
[2026-06-26 07:26:28][INFO] SIM_BRIDGE: Applying parameter heterogeneity to neuron parameters...
[2026-06-26 07:26:28][INFO] SIM_BRIDGE: Applied heterogeneity to 4 parameters.
[2026-06-26 07:26:28][INFO] SIM_BRIDGE: Initializing OU process state (tau=15.0ms, sigma=0.0pA)...
[2026-06-26 07:26:28][INFO] SIM_BRIDGE: Generating 3D neuron positions for 4864 neurons...
[2026-06-26 07:26:28][INFO] SIM_BRIDGE: Generating connections (3D)...
[2026-06-26 07:26:28][INFO] SIM_BRIDGE: Simulation data initialized for 4864 neurons (3D). Synapses: 0. GPU memory: 1.6GB/25.8GB (6.2%)
  [day 6] vocab=24 heard=24 facts=11 recall=1.00 heldout=1.00 retain=1.00 chain=1.00 moat_fa=0 corr(M,C)=+0.90 tier=12 replay=5 win=2500 (133.9s wake=13.1s)
[2026-06-26 07:26:32][INFO] SIM_BRIDGE: CuPy using GPU: NVIDIA GeForce RTX 3090 (24.0 GB), mempool limit: 80%
[2026-06-26 07:26:32][INFO] SIM_BRIDGE: Initializing simulation data for model: IZHIKEVICH (3D)... (playback_init: False)
[2026-06-26 07:26:32][INFO] SIM_BRIDGE: Brain-region framework: 2 regions, 2700 total neurons, 1 pathways.
[2026-06-26 07:26:32][INFO] SIM_BRIDGE: RNG initialized with seed: 44
[2026-06-26 07:26:32][INFO] SIM_BRIDGE: Initializing Izhikevich model specifics for 2700 neurons...
[2026-06-26 07:26:32][INFO] SIM_BRIDGE: Applying parameter heterogeneity to neuron parameters...
[2026-06-26 07:26:32][INFO] SIM_BRIDGE: Applied heterogeneity to 4 parameters.
[2026-06-26 07:26:32][INFO] SIM_BRIDGE: Generating 3D neuron positions for 2700 neurons...
[2026-06-26 07:26:32][INFO] SIM_BRIDGE: Generating connections (brain-region framework)...
[2026-06-26 07:26:32][WARNING] SIM_BRIDGE: No trait info available; all synapses default to E->E STP type.
[2026-06-26 07:26:32][INFO] SIM_BRIDGE: inject_explicit_wiring: installed 720000 synapses across 1 populations.
[2026-06-26 07:26:32][INFO] SIM_BRIDGE: Initializing STP state for 720000 synapses (capacity: 1080000)...
[2026-06-26 07:26:32][INFO] SIM_BRIDGE: Initializing eligibility traces for 720000 synapses (capacity: 1080000, dtype: float32)...
[2026-06-26 07:26:32][WARNING] SIM_BRIDGE: No trait info available; all synapses default to E->E STP type.
[2026-06-26 07:26:32][INFO] SIM_BRIDGE: Initializing structural plasticity state...
[2026-06-26 07:26:32][INFO] SIM_BRIDGE: Simulation data initialized for 2700 neurons (3D). Synapses: 720000. GPU memory: 1.6GB/25.8GB (6.2%)
[2026-06-26 07:27:03][INFO] SIM_BRIDGE: CuPy using GPU: NVIDIA GeForce RTX 3090 (24.0 GB), mempool limit: 80%
[2026-06-26 07:27:03][INFO] SIM_BRIDGE: Initializing simulation data for model: IZHIKEVICH (3D)... (playback_init: False)
[2026-06-26 07:27:03][INFO] SIM_BRIDGE: RNG initialized with seed: 44
[2026-06-26 07:27:03][INFO] SIM_BRIDGE: Initializing Izhikevich model specifics for 126 neurons...
[2026-06-26 07:27:03][INFO] SIM_BRIDGE: Applying parameter heterogeneity to neuron parameters...
[2026-06-26 07:27:03][INFO] SIM_BRIDGE: Applied heterogeneity to 4 parameters.
[2026-06-26 07:27:03][INFO] SIM_BRIDGE: Initializing OU process state (tau=15.0ms, sigma=20.0pA)...
[2026-06-26 07:27:03][INFO] SIM_BRIDGE: Generating 3D neuron positions for 126 neurons...
[2026-06-26 07:27:03][INFO] SIM_BRIDGE: Generating connections (3D)...
[2026-06-26 07:27:03][INFO] SIM_BRIDGE: Simulation data initialized for 126 neurons (3D). Synapses: 0. GPU memory: 1.6GB/25.8GB (6.2%)
[2026-06-26 07:27:03][INFO] SIM_BRIDGE: inject_explicit_wiring: installed 720 synapses across 1 populations.
[2026-06-26 07:27:40][INFO] SIM_BRIDGE: CuPy using GPU: NVIDIA GeForce RTX 3090 (24.0 GB), mempool limit: 80%
[2026-06-26 07:27:40][INFO] SIM_BRIDGE: Initializing simulation data for model: IZHIKEVICH (3D)... (playback_init: False)
[2026-06-26 07:27:40][INFO] SIM_BRIDGE: RNG initialized with seed: 44
[2026-06-26 07:27:40][INFO] SIM_BRIDGE: Initializing Izhikevich model specifics for 224 neurons...
[2026-06-26 07:27:40][INFO] SIM_BRIDGE: Applying parameter heterogeneity to neuron parameters...
[2026-06-26 07:27:40][INFO] SIM_BRIDGE: Applied heterogeneity to 4 parameters.
[2026-06-26 07:27:40][INFO] SIM_BRIDGE: Initializing OU process state (tau=15.0ms, sigma=20.0pA)...
[2026-06-26 07:27:40][INFO] SIM_BRIDGE: Generating 3D neuron positions for 224 neurons...
[2026-06-26 07:27:40][INFO] SIM_BRIDGE: Generating connections (3D)...
[2026-06-26 07:27:40][INFO] SIM_BRIDGE: Simulation data initialized for 224 neurons (3D). Synapses: 0. GPU memory: 1.6GB/25.8GB (6.2%)
[2026-06-26 07:27:40][INFO] SIM_BRIDGE: inject_explicit_wiring: installed 4800 synapses across 1 populations.
[2026-06-26 07:28:34][INFO] SIM_BRIDGE: CuPy using GPU: NVIDIA GeForce RTX 3090 (24.0 GB), mempool limit: 80%
[2026-06-26 07:28:34][INFO] SIM_BRIDGE: Initializing simulation data for model: IZHIKEVICH (3D)... (playback_init: False)
[2026-06-26 07:28:34][INFO] SIM_BRIDGE: Brain-region framework: 2 regions, 2560 total neurons, 2 pathways.
[2026-06-26 07:28:34][INFO] SIM_BRIDGE: RNG initialized with seed: 44
[2026-06-26 07:28:34][INFO] SIM_BRIDGE: NMDA per-region mask: 2 regions enabled (2560 neurons)
[2026-06-26 07:28:34][INFO] SIM_BRIDGE: Initializing Izhikevich model specifics for 2560 neurons...
[2026-06-26 07:28:34][INFO] SIM_BRIDGE: Region 'cortex_ctx' (1280 neurons): using Izh type IZH2007_HIPPO_PYRAMIDAL
[2026-06-26 07:28:34][INFO] SIM_BRIDGE: Region 'dlpfc_wm' (1280 neurons): using Izh type IZH2007_HIPPO_PYRAMIDAL
[2026-06-26 07:28:34][INFO] SIM_BRIDGE: Applying parameter heterogeneity to neuron parameters...
[2026-06-26 07:28:34][INFO] SIM_BRIDGE: Applied heterogeneity to 4 parameters.
[2026-06-26 07:28:34][INFO] SIM_BRIDGE: Generating 3D neuron positions for 2560 neurons...
[2026-06-26 07:28:34][INFO] SIM_BRIDGE: Generating connections (brain-region framework)...
[2026-06-26 07:28:35][INFO] SIM_BRIDGE: inject_explicit_wiring: installed 490692 synapses across 4 populations.
[2026-06-26 07:28:35][INFO] SIM_BRIDGE: Initializing eligibility traces for 490692 synapses (capacity: 736038, dtype: float32)...
[2026-06-26 07:28:35][INFO] SIM_BRIDGE: Initializing STDP state for 2560 neurons...
[2026-06-26 07:28:35][INFO] SIM_BRIDGE: Simulation data initialized for 2560 neurons (3D). Synapses: 490692. GPU memory: 1.6GB/25.8GB (6.2%)
[2026-06-26 07:28:36][INFO] SIM_BRIDGE: CuPy using GPU: NVIDIA GeForce RTX 3090 (24.0 GB), mempool limit: 80%
[2026-06-26 07:28:36][INFO] SIM_BRIDGE: Initializing simulation data for model: IZHIKEVICH (3D)... (playback_init: False)
[2026-06-26 07:28:36][INFO] SIM_BRIDGE: RNG initialized with seed: 44
[2026-06-26 07:28:36][INFO] SIM_BRIDGE: Initializing Izhikevich model specifics for 256 neurons...
[2026-06-26 07:28:36][INFO] SIM_BRIDGE: Applying parameter heterogeneity to neuron parameters...
[2026-06-26 07:28:36][INFO] SIM_BRIDGE: Applied heterogeneity to 4 parameters.
[2026-06-26 07:28:36][INFO] SIM_BRIDGE: Initializing OU process state (tau=15.0ms, sigma=0.0pA)...
[2026-06-26 07:28:36][INFO] SIM_BRIDGE: Generating 3D neuron positions for 256 neurons...
[2026-06-26 07:28:36][INFO] SIM_BRIDGE: Generating connections (3D)...
[2026-06-26 07:28:36][INFO] SIM_BRIDGE: Simulation data initialized for 256 neurons (3D). Synapses: 0. GPU memory: 1.6GB/25.8GB (6.2%)
[2026-06-26 07:28:36][INFO] SIM_BRIDGE: CuPy using GPU: NVIDIA GeForce RTX 3090 (24.0 GB), mempool limit: 80%
[2026-06-26 07:28:36][INFO] SIM_BRIDGE: Initializing simulation data for model: IZHIKEVICH (3D)... (playback_init: False)
[2026-06-26 07:28:36][INFO] SIM_BRIDGE: RNG initialized with seed: 44
[2026-06-26 07:28:36][INFO] SIM_BRIDGE: Initializing Izhikevich model specifics for 640 neurons...
[2026-06-26 07:28:36][INFO] SIM_BRIDGE: Applying parameter heterogeneity to neuron parameters...
[2026-06-26 07:28:36][INFO] SIM_BRIDGE: Applied heterogeneity to 4 parameters.
[2026-06-26 07:28:36][INFO] SIM_BRIDGE: Initializing OU process state (tau=15.0ms, sigma=0.0pA)...
[2026-06-26 07:28:36][INFO] SIM_BRIDGE: Generating 3D neuron positions for 640 neurons...
[2026-06-26 07:28:36][INFO] SIM_BRIDGE: Generating connections (3D)...
[2026-06-26 07:28:36][INFO] SIM_BRIDGE: Simulation data initialized for 640 neurons (3D). Synapses: 0. GPU memory: 1.6GB/25.8GB (6.2%)
[2026-06-26 07:28:59][INFO] SIM_BRIDGE: CuPy using GPU: NVIDIA GeForce RTX 3090 (24.0 GB), mempool limit: 80%
[2026-06-26 07:28:59][INFO] SIM_BRIDGE: Initializing simulation data for model: IZHIKEVICH (3D)... (playback_init: False)
[2026-06-26 07:28:59][INFO] SIM_BRIDGE: RNG initialized with seed: 44
[2026-06-26 07:28:59][INFO] SIM_BRIDGE: Initializing Izhikevich model specifics for 4864 neurons...
[2026-06-26 07:28:59][INFO] SIM_BRIDGE: Applying parameter heterogeneity to neuron parameters...
[2026-06-26 07:28:59][INFO] SIM_BRIDGE: Applied heterogeneity to 4 parameters.
[2026-06-26 07:28:59][INFO] SIM_BRIDGE: Initializing OU process state (tau=15.0ms, sigma=0.0pA)...
[2026-06-26 07:28:59][INFO] SIM_BRIDGE: Generating 3D neuron positions for 4864 neurons...
[2026-06-26 07:28:59][INFO] SIM_BRIDGE: Generating connections (3D)...
[2026-06-26 07:28:59][INFO] SIM_BRIDGE: Simulation data initialized for 4864 neurons (3D). Synapses: 0. GPU memory: 1.6GB/25.8GB (6.2%)
[2026-06-26 07:29:01][INFO] SIM_BRIDGE: CuPy using GPU: NVIDIA GeForce RTX 3090 (24.0 GB), mempool limit: 80%
[2026-06-26 07:29:01][INFO] SIM_BRIDGE: Initializing simulation data for model: IZHIKEVICH (3D)... (playback_init: False)
[2026-06-26 07:29:01][INFO] SIM_BRIDGE: Brain-region framework: 2 regions, 2700 total neurons, 1 pathways.
[2026-06-26 07:29:01][INFO] SIM_BRIDGE: RNG initialized with seed: 44
[2026-06-26 07:29:01][INFO] SIM_BRIDGE: Initializing Izhikevich model specifics for 2700 neurons...
[2026-06-26 07:29:01][INFO] SIM_BRIDGE: Applying parameter heterogeneity to neuron parameters...
[2026-06-26 07:29:01][INFO] SIM_BRIDGE: Applied heterogeneity to 4 parameters.
[2026-06-26 07:29:01][INFO] SIM_BRIDGE: Generating 3D neuron positions for 2700 neurons...
[2026-06-26 07:29:01][INFO] SIM_BRIDGE: Generating connections (brain-region framework)...
[2026-06-26 07:29:02][WARNING] SIM_BRIDGE: No trait info available; all synapses default to E->E STP type.
[2026-06-26 07:29:02][INFO] SIM_BRIDGE: inject_explicit_wiring: installed 720000 synapses across 1 populations.
[2026-06-26 07:29:02][INFO] SIM_BRIDGE: Initializing STP state for 720000 synapses (capacity: 1080000)...
[2026-06-26 07:29:02][INFO] SIM_BRIDGE: Initializing eligibility traces for 720000 synapses (capacity: 1080000, dtype: float32)...
[2026-06-26 07:29:02][WARNING] SIM_BRIDGE: No trait info available; all synapses default to E->E STP type.
[2026-06-26 07:29:02][INFO] SIM_BRIDGE: Initializing structural plasticity state...
[2026-06-26 07:29:02][INFO] SIM_BRIDGE: Simulation data initialized for 2700 neurons (3D). Synapses: 720000. GPU memory: 1.6GB/25.8GB (6.2%)
[2026-06-26 07:29:13][INFO] SIM_BRIDGE: CuPy using GPU: NVIDIA GeForce RTX 3090 (24.0 GB), mempool limit: 80%
[2026-06-26 07:29:13][INFO] SIM_BRIDGE: Initializing simulation data for model: IZHIKEVICH (3D)... (playback_init: False)
[2026-06-26 07:29:13][INFO] SIM_BRIDGE: RNG initialized with seed: 44
[2026-06-26 07:29:13][INFO] SIM_BRIDGE: Initializing Izhikevich model specifics for 126 neurons...
[2026-06-26 07:29:13][INFO] SIM_BRIDGE: Applying parameter heterogeneity to neuron parameters...
[2026-06-26 07:29:13][INFO] SIM_BRIDGE: Applied heterogeneity to 4 parameters.
[2026-06-26 07:29:13][INFO] SIM_BRIDGE: Initializing OU process state (tau=15.0ms, sigma=20.0pA)...
[2026-06-26 07:29:13][INFO] SIM_BRIDGE: Generating 3D neuron positions for 126 neurons...
[2026-06-26 07:29:13][INFO] SIM_BRIDGE: Generating connections (3D)...
[2026-06-26 07:29:13][INFO] SIM_BRIDGE: Simulation data initialized for 126 neurons (3D). Synapses: 0. GPU memory: 1.6GB/25.8GB (6.2%)
[2026-06-26 07:29:13][INFO] SIM_BRIDGE: inject_explicit_wiring: installed 720 synapses across 1 populations.
[2026-06-26 07:29:51][INFO] SIM_BRIDGE: CuPy using GPU: NVIDIA GeForce RTX 3090 (24.0 GB), mempool limit: 80%
[2026-06-26 07:29:51][INFO] SIM_BRIDGE: Initializing simulation data for model: IZHIKEVICH (3D)... (playback_init: False)
[2026-06-26 07:29:51][INFO] SIM_BRIDGE: RNG initialized with seed: 44
[2026-06-26 07:29:51][INFO] SIM_BRIDGE: Initializing Izhikevich model specifics for 224 neurons...
[2026-06-26 07:29:51][INFO] SIM_BRIDGE: Applying parameter heterogeneity to neuron parameters...
[2026-06-26 07:29:51][INFO] SIM_BRIDGE: Applied heterogeneity to 4 parameters.
[2026-06-26 07:29:51][INFO] SIM_BRIDGE: Initializing OU process state (tau=15.0ms, sigma=20.0pA)...
[2026-06-26 07:29:51][INFO] SIM_BRIDGE: Generating 3D neuron positions for 224 neurons...
[2026-06-26 07:29:51][INFO] SIM_BRIDGE: Generating connections (3D)...
[2026-06-26 07:29:51][INFO] SIM_BRIDGE: Simulation data initialized for 224 neurons (3D). Synapses: 0. GPU memory: 1.6GB/25.8GB (6.2%)
[2026-06-26 07:29:51][INFO] SIM_BRIDGE: inject_explicit_wiring: installed 4800 synapses across 1 populations.
[2026-06-26 07:30:45][INFO] SIM_BRIDGE: CuPy using GPU: NVIDIA GeForce RTX 3090 (24.0 GB), mempool limit: 80%
[2026-06-26 07:30:45][INFO] SIM_BRIDGE: Initializing simulation data for model: IZHIKEVICH (3D)... (playback_init: False)
[2026-06-26 07:30:45][INFO] SIM_BRIDGE: Brain-region framework: 2 regions, 2560 total neurons, 2 pathways.
[2026-06-26 07:30:45][INFO] SIM_BRIDGE: RNG initialized with seed: 44
[2026-06-26 07:30:45][INFO] SIM_BRIDGE: NMDA per-region mask: 2 regions enabled (2560 neurons)
[2026-06-26 07:30:45][INFO] SIM_BRIDGE: Initializing Izhikevich model specifics for 2560 neurons...
[2026-06-26 07:30:45][INFO] SIM_BRIDGE: Region 'cortex_ctx' (1280 neurons): using Izh type IZH2007_HIPPO_PYRAMIDAL
[2026-06-26 07:30:45][INFO] SIM_BRIDGE: Region 'dlpfc_wm' (1280 neurons): using Izh type IZH2007_HIPPO_PYRAMIDAL
[2026-06-26 07:30:45][INFO] SIM_BRIDGE: Applying parameter heterogeneity to neuron parameters...
[2026-06-26 07:30:45][INFO] SIM_BRIDGE: Applied heterogeneity to 4 parameters.
[2026-06-26 07:30:45][INFO] SIM_BRIDGE: Generating 3D neuron positions for 2560 neurons...
[2026-06-26 07:30:45][INFO] SIM_BRIDGE: Generating connections (brain-region framework)...
[2026-06-26 07:30:46][INFO] SIM_BRIDGE: inject_explicit_wiring: installed 490692 synapses across 4 populations.
[2026-06-26 07:30:46][INFO] SIM_BRIDGE: Initializing eligibility traces for 490692 synapses (capacity: 736038, dtype: float32)...
[2026-06-26 07:30:46][INFO] SIM_BRIDGE: Initializing STDP state for 2560 neurons...
[2026-06-26 07:30:46][INFO] SIM_BRIDGE: Simulation data initialized for 2560 neurons (3D). Synapses: 490692. GPU memory: 1.6GB/25.8GB (6.2%)
[2026-06-26 07:30:59][INFO] SIM_BRIDGE: CuPy using GPU: NVIDIA GeForce RTX 3090 (24.0 GB), mempool limit: 80%
[2026-06-26 07:30:59][INFO] SIM_BRIDGE: Initializing simulation data for model: IZHIKEVICH (3D)... (playback_init: False)
[2026-06-26 07:30:59][INFO] SIM_BRIDGE: RNG initialized with seed: 44
[2026-06-26 07:30:59][INFO] SIM_BRIDGE: Initializing Izhikevich model specifics for 126 neurons...
[2026-06-26 07:30:59][INFO] SIM_BRIDGE: Applying parameter heterogeneity to neuron parameters...
[2026-06-26 07:30:59][INFO] SIM_BRIDGE: Applied heterogeneity to 4 parameters.
[2026-06-26 07:30:59][INFO] SIM_BRIDGE: Initializing OU process state (tau=15.0ms, sigma=20.0pA)...
[2026-06-26 07:30:59][INFO] SIM_BRIDGE: Generating 3D neuron positions for 126 neurons...
[2026-06-26 07:30:59][INFO] SIM_BRIDGE: Generating connections (3D)...
[2026-06-26 07:30:59][INFO] SIM_BRIDGE: Simulation data initialized for 126 neurons (3D). Synapses: 0. GPU memory: 1.6GB/25.8GB (6.2%)
[2026-06-26 07:30:59][INFO] SIM_BRIDGE: inject_explicit_wiring: installed 720 synapses across 1 populations.
[2026-06-26 07:31:36][INFO] SIM_BRIDGE: CuPy using GPU: NVIDIA GeForce RTX 3090 (24.0 GB), mempool limit: 80%
[2026-06-26 07:31:36][INFO] SIM_BRIDGE: Initializing simulation data for model: IZHIKEVICH (3D)... (playback_init: False)
[2026-06-26 07:31:36][INFO] SIM_BRIDGE: RNG initialized with seed: 44
[2026-06-26 07:31:36][INFO] SIM_BRIDGE: Initializing Izhikevich model specifics for 224 neurons...
[2026-06-26 07:31:36][INFO] SIM_BRIDGE: Applying parameter heterogeneity to neuron parameters...
[2026-06-26 07:31:36][INFO] SIM_BRIDGE: Applied heterogeneity to 4 parameters.
[2026-06-26 07:31:36][INFO] SIM_BRIDGE: Initializing OU process state (tau=15.0ms, sigma=20.0pA)...
[2026-06-26 07:31:36][INFO] SIM_BRIDGE: Generating 3D neuron positions for 224 neurons...
[2026-06-26 07:31:36][INFO] SIM_BRIDGE: Generating connections (3D)...
[2026-06-26 07:31:36][INFO] SIM_BRIDGE: Simulation data initialized for 224 neurons (3D). Synapses: 0. GPU memory: 1.6GB/25.8GB (6.2%)
[2026-06-26 07:31:36][INFO] SIM_BRIDGE: inject_explicit_wiring: installed 4800 synapses across 1 populations.
[2026-06-26 07:32:30][INFO] SIM_BRIDGE: CuPy using GPU: NVIDIA GeForce RTX 3090 (24.0 GB), mempool limit: 80%
[2026-06-26 07:32:30][INFO] SIM_BRIDGE: Initializing simulation data for model: IZHIKEVICH (3D)... (playback_init: False)
[2026-06-26 07:32:30][INFO] SIM_BRIDGE: Brain-region framework: 2 regions, 2560 total neurons, 2 pathways.
[2026-06-26 07:32:30][INFO] SIM_BRIDGE: RNG initialized with seed: 44
[2026-06-26 07:32:30][INFO] SIM_BRIDGE: NMDA per-region mask: 2 regions enabled (2560 neurons)
[2026-06-26 07:32:30][INFO] SIM_BRIDGE: Initializing Izhikevich model specifics for 2560 neurons...
[2026-06-26 07:32:30][INFO] SIM_BRIDGE: Region 'cortex_ctx' (1280 neurons): using Izh type IZH2007_HIPPO_PYRAMIDAL
[2026-06-26 07:32:30][INFO] SIM_BRIDGE: Region 'dlpfc_wm' (1280 neurons): using Izh type IZH2007_HIPPO_PYRAMIDAL
[2026-06-26 07:32:30][INFO] SIM_BRIDGE: Applying parameter heterogeneity to neuron parameters...
[2026-06-26 07:32:30][INFO] SIM_BRIDGE: Applied heterogeneity to 4 parameters.
[2026-06-26 07:32:30][INFO] SIM_BRIDGE: Generating 3D neuron positions for 2560 neurons...
[2026-06-26 07:32:30][INFO] SIM_BRIDGE: Generating connections (brain-region framework)...
[2026-06-26 07:32:31][INFO] SIM_BRIDGE: inject_explicit_wiring: installed 490692 synapses across 4 populations.
[2026-06-26 07:32:31][INFO] SIM_BRIDGE: Initializing eligibility traces for 490692 synapses (capacity: 736038, dtype: float32)...
[2026-06-26 07:32:31][INFO] SIM_BRIDGE: Initializing STDP state for 2560 neurons...
[2026-06-26 07:32:31][INFO] SIM_BRIDGE: Simulation data initialized for 2560 neurons (3D). Synapses: 490692. GPU memory: 1.6GB/25.8GB (6.2%)
[2026-06-26 07:32:49][INFO] SIM_BRIDGE: CuPy using GPU: NVIDIA GeForce RTX 3090 (24.0 GB), mempool limit: 80%
[2026-06-26 07:32:49][INFO] SIM_BRIDGE: Initializing simulation data for model: IZHIKEVICH (3D)... (playback_init: False)
[2026-06-26 07:32:49][INFO] SIM_BRIDGE: RNG initialized with seed: 44
[2026-06-26 07:32:49][INFO] SIM_BRIDGE: Initializing Izhikevich model specifics for 126 neurons...
[2026-06-26 07:32:49][INFO] SIM_BRIDGE: Applying parameter heterogeneity to neuron parameters...
[2026-06-26 07:32:49][INFO] SIM_BRIDGE: Applied heterogeneity to 4 parameters.
[2026-06-26 07:32:49][INFO] SIM_BRIDGE: Initializing OU process state (tau=15.0ms, sigma=20.0pA)...
[2026-06-26 07:32:49][INFO] SIM_BRIDGE: Generating 3D neuron positions for 126 neurons...
[2026-06-26 07:32:49][INFO] SIM_BRIDGE: Generating connections (3D)...
[2026-06-26 07:32:49][INFO] SIM_BRIDGE: Simulation data initialized for 126 neurons (3D). Synapses: 0. GPU memory: 1.6GB/25.8GB (6.2%)
[2026-06-26 07:32:49][INFO] SIM_BRIDGE: inject_explicit_wiring: installed 720 synapses across 1 populations.
[2026-06-26 07:33:36][INFO] SIM_BRIDGE: CuPy using GPU: NVIDIA GeForce RTX 3090 (24.0 GB), mempool limit: 80%
[2026-06-26 07:33:36][INFO] SIM_BRIDGE: Initializing simulation data for model: IZHIKEVICH (3D)... (playback_init: False)
[2026-06-26 07:33:36][INFO] SIM_BRIDGE: RNG initialized with seed: 44
[2026-06-26 07:33:36][INFO] SIM_BRIDGE: Initializing Izhikevich model specifics for 224 neurons...
[2026-06-26 07:33:36][INFO] SIM_BRIDGE: Applying parameter heterogeneity to neuron parameters...
[2026-06-26 07:33:36][INFO] SIM_BRIDGE: Applied heterogeneity to 4 parameters.
[2026-06-26 07:33:36][INFO] SIM_BRIDGE: Initializing OU process state (tau=15.0ms, sigma=20.0pA)...
[2026-06-26 07:33:36][INFO] SIM_BRIDGE: Generating 3D neuron positions for 224 neurons...
[2026-06-26 07:33:36][INFO] SIM_BRIDGE: Generating connections (3D)...
[2026-06-26 07:33:36][INFO] SIM_BRIDGE: Simulation data initialized for 224 neurons (3D). Synapses: 0. GPU memory: 1.6GB/25.8GB (6.2%)
[2026-06-26 07:33:36][INFO] SIM_BRIDGE: inject_explicit_wiring: installed 4800 synapses across 1 populations.
[2026-06-26 07:34:30][INFO] SIM_BRIDGE: CuPy using GPU: NVIDIA GeForce RTX 3090 (24.0 GB), mempool limit: 80%
[2026-06-26 07:34:30][INFO] SIM_BRIDGE: Initializing simulation data for model: IZHIKEVICH (3D)... (playback_init: False)
[2026-06-26 07:34:30][INFO] SIM_BRIDGE: Brain-region framework: 2 regions, 2560 total neurons, 2 pathways.
[2026-06-26 07:34:30][INFO] SIM_BRIDGE: RNG initialized with seed: 44
[2026-06-26 07:34:30][INFO] SIM_BRIDGE: NMDA per-region mask: 2 regions enabled (2560 neurons)
[2026-06-26 07:34:30][INFO] SIM_BRIDGE: Initializing Izhikevich model specifics for 2560 neurons...
[2026-06-26 07:34:30][INFO] SIM_BRIDGE: Region 'cortex_ctx' (1280 neurons): using Izh type IZH2007_HIPPO_PYRAMIDAL
[2026-06-26 07:34:30][INFO] SIM_BRIDGE: Region 'dlpfc_wm' (1280 neurons): using Izh type IZH2007_HIPPO_PYRAMIDAL
[2026-06-26 07:34:30][INFO] SIM_BRIDGE: Applying parameter heterogeneity to neuron parameters...
[2026-06-26 07:34:30][INFO] SIM_BRIDGE: Applied heterogeneity to 4 parameters.
[2026-06-26 07:34:30][INFO] SIM_BRIDGE: Generating 3D neuron positions for 2560 neurons...
[2026-06-26 07:34:30][INFO] SIM_BRIDGE: Generating connections (brain-region framework)...
[2026-06-26 07:34:31][INFO] SIM_BRIDGE: inject_explicit_wiring: installed 490692 synapses across 4 populations.
[2026-06-26 07:34:31][INFO] SIM_BRIDGE: Initializing eligibility traces for 490692 synapses (capacity: 736038, dtype: float32)...
[2026-06-26 07:34:31][INFO] SIM_BRIDGE: Initializing STDP state for 2560 neurons...
[2026-06-26 07:34:31][INFO] SIM_BRIDGE: Simulation data initialized for 2560 neurons (3D). Synapses: 490692. GPU memory: 1.6GB/25.8GB (6.2%)
[2026-06-26 07:34:45][INFO] SIM_BRIDGE: CuPy using GPU: NVIDIA GeForce RTX 3090 (24.0 GB), mempool limit: 80%
[2026-06-26 07:34:45][INFO] SIM_BRIDGE: Initializing simulation data for model: IZHIKEVICH (3D)... (playback_init: False)
[2026-06-26 07:34:45][INFO] SIM_BRIDGE: RNG initialized with seed: 44
[2026-06-26 07:34:45][INFO] SIM_BRIDGE: Initializing Izhikevich model specifics for 126 neurons...
[2026-06-26 07:34:45][INFO] SIM_BRIDGE: Applying parameter heterogeneity to neuron parameters...
[2026-06-26 07:34:45][INFO] SIM_BRIDGE: Applied heterogeneity to 4 parameters.
[2026-06-26 07:34:45][INFO] SIM_BRIDGE: Initializing OU process state (tau=15.0ms, sigma=20.0pA)...
[2026-06-26 07:34:45][INFO] SIM_BRIDGE: Generating 3D neuron positions for 126 neurons...
[2026-06-26 07:34:45][INFO] SIM_BRIDGE: Generating connections (3D)...
[2026-06-26 07:34:45][INFO] SIM_BRIDGE: Simulation data initialized for 126 neurons (3D). Synapses: 0. GPU memory: 1.6GB/25.8GB (6.2%)
[2026-06-26 07:34:45][INFO] SIM_BRIDGE: inject_explicit_wiring: installed 720 synapses across 1 populations.
[2026-06-26 07:35:22][INFO] SIM_BRIDGE: CuPy using GPU: NVIDIA GeForce RTX 3090 (24.0 GB), mempool limit: 80%
[2026-06-26 07:35:22][INFO] SIM_BRIDGE: Initializing simulation data for model: IZHIKEVICH (3D)... (playback_init: False)
[2026-06-26 07:35:22][INFO] SIM_BRIDGE: RNG initialized with seed: 44
[2026-06-26 07:35:22][INFO] SIM_BRIDGE: Initializing Izhikevich model specifics for 224 neurons...
[2026-06-26 07:35:22][INFO] SIM_BRIDGE: Applying parameter heterogeneity to neuron parameters...
[2026-06-26 07:35:22][INFO] SIM_BRIDGE: Applied heterogeneity to 4 parameters.
[2026-06-26 07:35:22][INFO] SIM_BRIDGE: Initializing OU process state (tau=15.0ms, sigma=20.0pA)...
[2026-06-26 07:35:22][INFO] SIM_BRIDGE: Generating 3D neuron positions for 224 neurons...
[2026-06-26 07:35:22][INFO] SIM_BRIDGE: Generating connections (3D)...
[2026-06-26 07:35:22][INFO] SIM_BRIDGE: Simulation data initialized for 224 neurons (3D). Synapses: 0. GPU memory: 1.6GB/25.8GB (6.2%)
[2026-06-26 07:35:22][INFO] SIM_BRIDGE: inject_explicit_wiring: installed 4800 synapses across 1 populations.
[2026-06-26 07:36:16][INFO] SIM_BRIDGE: CuPy using GPU: NVIDIA GeForce RTX 3090 (24.0 GB), mempool limit: 80%
[2026-06-26 07:36:16][INFO] SIM_BRIDGE: Initializing simulation data for model: IZHIKEVICH (3D)... (playback_init: False)
[2026-06-26 07:36:16][INFO] SIM_BRIDGE: Brain-region framework: 2 regions, 2560 total neurons, 2 pathways.
[2026-06-26 07:36:16][INFO] SIM_BRIDGE: RNG initialized with seed: 44
[2026-06-26 07:36:16][INFO] SIM_BRIDGE: NMDA per-region mask: 2 regions enabled (2560 neurons)
[2026-06-26 07:36:16][INFO] SIM_BRIDGE: Initializing Izhikevich model specifics for 2560 neurons...
[2026-06-26 07:36:16][INFO] SIM_BRIDGE: Region 'cortex_ctx' (1280 neurons): using Izh type IZH2007_HIPPO_PYRAMIDAL
[2026-06-26 07:36:16][INFO] SIM_BRIDGE: Region 'dlpfc_wm' (1280 neurons): using Izh type IZH2007_HIPPO_PYRAMIDAL
[2026-06-26 07:36:16][INFO] SIM_BRIDGE: Applying parameter heterogeneity to neuron parameters...
[2026-06-26 07:36:16][INFO] SIM_BRIDGE: Applied heterogeneity to 4 parameters.
[2026-06-26 07:36:16][INFO] SIM_BRIDGE: Generating 3D neuron positions for 2560 neurons...
[2026-06-26 07:36:16][INFO] SIM_BRIDGE: Generating connections (brain-region framework)...
[2026-06-26 07:36:17][INFO] SIM_BRIDGE: inject_explicit_wiring: installed 490692 synapses across 4 populations.
[2026-06-26 07:36:17][INFO] SIM_BRIDGE: Initializing eligibility traces for 490692 synapses (capacity: 736038, dtype: float32)...
[2026-06-26 07:36:17][INFO] SIM_BRIDGE: Initializing STDP state for 2560 neurons...
[2026-06-26 07:36:17][INFO] SIM_BRIDGE: Simulation data initialized for 2560 neurons (3D). Synapses: 490692. GPU memory: 1.6GB/25.8GB (6.2%)
[2026-06-26 07:36:29][INFO] SIM_BRIDGE: CuPy using GPU: NVIDIA GeForce RTX 3090 (24.0 GB), mempool limit: 80%
[2026-06-26 07:36:29][INFO] SIM_BRIDGE: Initializing simulation data for model: IZHIKEVICH (3D)... (playback_init: False)
[2026-06-26 07:36:29][INFO] SIM_BRIDGE: RNG initialized with seed: 44
[2026-06-26 07:36:29][INFO] SIM_BRIDGE: Initializing Izhikevich model specifics for 126 neurons...
[2026-06-26 07:36:29][INFO] SIM_BRIDGE: Applying parameter heterogeneity to neuron parameters...
[2026-06-26 07:36:29][INFO] SIM_BRIDGE: Applied heterogeneity to 4 parameters.
[2026-06-26 07:36:29][INFO] SIM_BRIDGE: Initializing OU process state (tau=15.0ms, sigma=20.0pA)...
[2026-06-26 07:36:29][INFO] SIM_BRIDGE: Generating 3D neuron positions for 126 neurons...
[2026-06-26 07:36:29][INFO] SIM_BRIDGE: Generating connections (3D)...
[2026-06-26 07:36:29][INFO] SIM_BRIDGE: Simulation data initialized for 126 neurons (3D). Synapses: 0. GPU memory: 1.6GB/25.8GB (6.2%)
[2026-06-26 07:36:29][INFO] SIM_BRIDGE: inject_explicit_wiring: installed 720 synapses across 1 populations.
[2026-06-26 07:37:06][INFO] SIM_BRIDGE: CuPy using GPU: NVIDIA GeForce RTX 3090 (24.0 GB), mempool limit: 80%
[2026-06-26 07:37:06][INFO] SIM_BRIDGE: Initializing simulation data for model: IZHIKEVICH (3D)... (playback_init: False)
[2026-06-26 07:37:06][INFO] SIM_BRIDGE: RNG initialized with seed: 44
[2026-06-26 07:37:06][INFO] SIM_BRIDGE: Initializing Izhikevich model specifics for 224 neurons...
[2026-06-26 07:37:06][INFO] SIM_BRIDGE: Applying parameter heterogeneity to neuron parameters...
[2026-06-26 07:37:06][INFO] SIM_BRIDGE: Applied heterogeneity to 4 parameters.
[2026-06-26 07:37:06][INFO] SIM_BRIDGE: Initializing OU process state (tau=15.0ms, sigma=20.0pA)...
[2026-06-26 07:37:06][INFO] SIM_BRIDGE: Generating 3D neuron positions for 224 neurons...
[2026-06-26 07:37:06][INFO] SIM_BRIDGE: Generating connections (3D)...
[2026-06-26 07:37:06][INFO] SIM_BRIDGE: Simulation data initialized for 224 neurons (3D). Synapses: 0. GPU memory: 1.6GB/25.8GB (6.2%)
[2026-06-26 07:37:06][INFO] SIM_BRIDGE: inject_explicit_wiring: installed 4800 synapses across 1 populations.
[2026-06-26 07:38:02][INFO] SIM_BRIDGE: CuPy using GPU: NVIDIA GeForce RTX 3090 (24.0 GB), mempool limit: 80%
[2026-06-26 07:38:02][INFO] SIM_BRIDGE: Initializing simulation data for model: IZHIKEVICH (3D)... (playback_init: False)
[2026-06-26 07:38:02][INFO] SIM_BRIDGE: Brain-region framework: 2 regions, 2560 total neurons, 2 pathways.
[2026-06-26 07:38:02][INFO] SIM_BRIDGE: RNG initialized with seed: 44
[2026-06-26 07:38:02][INFO] SIM_BRIDGE: NMDA per-region mask: 2 regions enabled (2560 neurons)
[2026-06-26 07:38:02][INFO] SIM_BRIDGE: Initializing Izhikevich model specifics for 2560 neurons...
[2026-06-26 07:38:02][INFO] SIM_BRIDGE: Region 'cortex_ctx' (1280 neurons): using Izh type IZH2007_HIPPO_PYRAMIDAL
[2026-06-26 07:38:02][INFO] SIM_BRIDGE: Region 'dlpfc_wm' (1280 neurons): using Izh type IZH2007_HIPPO_PYRAMIDAL
[2026-06-26 07:38:02][INFO] SIM_BRIDGE: Applying parameter heterogeneity to neuron parameters...
[2026-06-26 07:38:02][INFO] SIM_BRIDGE: Applied heterogeneity to 4 parameters.
[2026-06-26 07:38:02][INFO] SIM_BRIDGE: Generating 3D neuron positions for 2560 neurons...
[2026-06-26 07:38:02][INFO] SIM_BRIDGE: Generating connections (brain-region framework)...
[2026-06-26 07:38:02][INFO] SIM_BRIDGE: inject_explicit_wiring: installed 490692 synapses across 4 populations.
[2026-06-26 07:38:02][INFO] SIM_BRIDGE: Initializing eligibility traces for 490692 synapses (capacity: 736038, dtype: float32)...
[2026-06-26 07:38:02][INFO] SIM_BRIDGE: Initializing STDP state for 2560 neurons...
[2026-06-26 07:38:02][INFO] SIM_BRIDGE: Simulation data initialized for 2560 neurons (3D). Synapses: 490692. GPU memory: 1.6GB/25.8GB (6.2%)
[2026-06-26 07:38:17][INFO] SIM_BRIDGE: CuPy using GPU: NVIDIA GeForce RTX 3090 (24.0 GB), mempool limit: 80%
[2026-06-26 07:38:17][INFO] SIM_BRIDGE: Initializing simulation data for model: IZHIKEVICH (3D)... (playback_init: False)
[2026-06-26 07:38:17][INFO] SIM_BRIDGE: RNG initialized with seed: 44
[2026-06-26 07:38:17][INFO] SIM_BRIDGE: Initializing Izhikevich model specifics for 126 neurons...
[2026-06-26 07:38:17][INFO] SIM_BRIDGE: Applying parameter heterogeneity to neuron parameters...
[2026-06-26 07:38:17][INFO] SIM_BRIDGE: Applied heterogeneity to 4 parameters.
[2026-06-26 07:38:17][INFO] SIM_BRIDGE: Initializing OU process state (tau=15.0ms, sigma=20.0pA)...
[2026-06-26 07:38:17][INFO] SIM_BRIDGE: Generating 3D neuron positions for 126 neurons...
[2026-06-26 07:38:17][INFO] SIM_BRIDGE: Generating connections (3D)...
[2026-06-26 07:38:17][INFO] SIM_BRIDGE: Simulation data initialized for 126 neurons (3D). Synapses: 0. GPU memory: 1.6GB/25.8GB (6.2%)
[2026-06-26 07:38:17][INFO] SIM_BRIDGE: inject_explicit_wiring: installed 720 synapses across 1 populations.
[2026-06-26 07:38:58][INFO] SIM_BRIDGE: CuPy using GPU: NVIDIA GeForce RTX 3090 (24.0 GB), mempool limit: 80%
[2026-06-26 07:38:58][INFO] SIM_BRIDGE: Initializing simulation data for model: IZHIKEVICH (3D)... (playback_init: False)
[2026-06-26 07:38:58][INFO] SIM_BRIDGE: RNG initialized with seed: 44
[2026-06-26 07:38:58][INFO] SIM_BRIDGE: Initializing Izhikevich model specifics for 224 neurons...
[2026-06-26 07:38:58][INFO] SIM_BRIDGE: Applying parameter heterogeneity to neuron parameters...
[2026-06-26 07:38:58][INFO] SIM_BRIDGE: Applied heterogeneity to 4 parameters.
[2026-06-26 07:38:58][INFO] SIM_BRIDGE: Initializing OU process state (tau=15.0ms, sigma=20.0pA)...
[2026-06-26 07:38:58][INFO] SIM_BRIDGE: Generating 3D neuron positions for 224 neurons...
[2026-06-26 07:38:58][INFO] SIM_BRIDGE: Generating connections (3D)...
[2026-06-26 07:38:58][INFO] SIM_BRIDGE: Simulation data initialized for 224 neurons (3D). Synapses: 0. GPU memory: 1.6GB/25.8GB (6.2%)
[2026-06-26 07:38:58][INFO] SIM_BRIDGE: inject_explicit_wiring: installed 4800 synapses across 1 populations.
[2026-06-26 07:39:53][INFO] SIM_BRIDGE: CuPy using GPU: NVIDIA GeForce RTX 3090 (24.0 GB), mempool limit: 80%
[2026-06-26 07:39:53][INFO] SIM_BRIDGE: Initializing simulation data for model: IZHIKEVICH (3D)... (playback_init: False)
[2026-06-26 07:39:53][INFO] SIM_BRIDGE: Brain-region framework: 2 regions, 2560 total neurons, 2 pathways.
[2026-06-26 07:39:53][INFO] SIM_BRIDGE: RNG initialized with seed: 44
[2026-06-26 07:39:53][INFO] SIM_BRIDGE: NMDA per-region mask: 2 regions enabled (2560 neurons)
[2026-06-26 07:39:53][INFO] SIM_BRIDGE: Initializing Izhikevich model specifics for 2560 neurons...
[2026-06-26 07:39:53][INFO] SIM_BRIDGE: Region 'cortex_ctx' (1280 neurons): using Izh type IZH2007_HIPPO_PYRAMIDAL
[2026-06-26 07:39:53][INFO] SIM_BRIDGE: Region 'dlpfc_wm' (1280 neurons): using Izh type IZH2007_HIPPO_PYRAMIDAL
[2026-06-26 07:39:53][INFO] SIM_BRIDGE: Applying parameter heterogeneity to neuron parameters...
[2026-06-26 07:39:53][INFO] SIM_BRIDGE: Applied heterogeneity to 4 parameters.
[2026-06-26 07:39:53][INFO] SIM_BRIDGE: Generating 3D neuron positions for 2560 neurons...
[2026-06-26 07:39:53][INFO] SIM_BRIDGE: Generating connections (brain-region framework)...
[2026-06-26 07:39:53][INFO] SIM_BRIDGE: inject_explicit_wiring: installed 490692 synapses across 4 populations.
[2026-06-26 07:39:54][INFO] SIM_BRIDGE: Initializing eligibility traces for 490692 synapses (capacity: 736038, dtype: float32)...
[2026-06-26 07:39:54][INFO] SIM_BRIDGE: Initializing STDP state for 2560 neurons...
[2026-06-26 07:39:54][INFO] SIM_BRIDGE: Simulation data initialized for 2560 neurons (3D). Synapses: 490692. GPU memory: 1.6GB/25.8GB (6.2%)
[2026-06-26 07:40:05][INFO] SIM_BRIDGE: CuPy using GPU: NVIDIA GeForce RTX 3090 (24.0 GB), mempool limit: 80%
[2026-06-26 07:40:05][INFO] SIM_BRIDGE: Initializing simulation data for model: IZHIKEVICH (3D)... (playback_init: False)
[2026-06-26 07:40:05][INFO] SIM_BRIDGE: RNG initialized with seed: 44
[2026-06-26 07:40:05][INFO] SIM_BRIDGE: Initializing Izhikevich model specifics for 126 neurons...
[2026-06-26 07:40:05][INFO] SIM_BRIDGE: Applying parameter heterogeneity to neuron parameters...
[2026-06-26 07:40:05][INFO] SIM_BRIDGE: Applied heterogeneity to 4 parameters.
[2026-06-26 07:40:05][INFO] SIM_BRIDGE: Initializing OU process state (tau=15.0ms, sigma=20.0pA)...
[2026-06-26 07:40:05][INFO] SIM_BRIDGE: Generating 3D neuron positions for 126 neurons...
[2026-06-26 07:40:05][INFO] SIM_BRIDGE: Generating connections (3D)...
[2026-06-26 07:40:05][INFO] SIM_BRIDGE: Simulation data initialized for 126 neurons (3D). Synapses: 0. GPU memory: 1.6GB/25.8GB (6.2%)
[2026-06-26 07:40:05][INFO] SIM_BRIDGE: inject_explicit_wiring: installed 720 synapses across 1 populations.
[2026-06-26 07:40:42][INFO] SIM_BRIDGE: CuPy using GPU: NVIDIA GeForce RTX 3090 (24.0 GB), mempool limit: 80%
[2026-06-26 07:40:42][INFO] SIM_BRIDGE: Initializing simulation data for model: IZHIKEVICH (3D)... (playback_init: False)
[2026-06-26 07:40:42][INFO] SIM_BRIDGE: RNG initialized with seed: 44
[2026-06-26 07:40:42][INFO] SIM_BRIDGE: Initializing Izhikevich model specifics for 224 neurons...
[2026-06-26 07:40:42][INFO] SIM_BRIDGE: Applying parameter heterogeneity to neuron parameters...
[2026-06-26 07:40:42][INFO] SIM_BRIDGE: Applied heterogeneity to 4 parameters.
[2026-06-26 07:40:42][INFO] SIM_BRIDGE: Initializing OU process state (tau=15.0ms, sigma=20.0pA)...
[2026-06-26 07:40:42][INFO] SIM_BRIDGE: Generating 3D neuron positions for 224 neurons...
[2026-06-26 07:40:42][INFO] SIM_BRIDGE: Generating connections (3D)...
[2026-06-26 07:40:42][INFO] SIM_BRIDGE: Simulation data initialized for 224 neurons (3D). Synapses: 0. GPU memory: 1.6GB/25.8GB (6.2%)
[2026-06-26 07:40:42][INFO] SIM_BRIDGE: inject_explicit_wiring: installed 4800 synapses across 1 populations.
[2026-06-26 07:41:37][INFO] SIM_BRIDGE: CuPy using GPU: NVIDIA GeForce RTX 3090 (24.0 GB), mempool limit: 80%
[2026-06-26 07:41:37][INFO] SIM_BRIDGE: Initializing simulation data for model: IZHIKEVICH (3D)... (playback_init: False)
[2026-06-26 07:41:37][INFO] SIM_BRIDGE: Brain-region framework: 2 regions, 2560 total neurons, 2 pathways.
[2026-06-26 07:41:37][INFO] SIM_BRIDGE: RNG initialized with seed: 44
[2026-06-26 07:41:37][INFO] SIM_BRIDGE: NMDA per-region mask: 2 regions enabled (2560 neurons)
[2026-06-26 07:41:37][INFO] SIM_BRIDGE: Initializing Izhikevich model specifics for 2560 neurons...
[2026-06-26 07:41:37][INFO] SIM_BRIDGE: Region 'cortex_ctx' (1280 neurons): using Izh type IZH2007_HIPPO_PYRAMIDAL
[2026-06-26 07:41:37][INFO] SIM_BRIDGE: Region 'dlpfc_wm' (1280 neurons): using Izh type IZH2007_HIPPO_PYRAMIDAL
[2026-06-26 07:41:37][INFO] SIM_BRIDGE: Applying parameter heterogeneity to neuron parameters...
[2026-06-26 07:41:37][INFO] SIM_BRIDGE: Applied heterogeneity to 4 parameters.
[2026-06-26 07:41:37][INFO] SIM_BRIDGE: Generating 3D neuron positions for 2560 neurons...
[2026-06-26 07:41:37][INFO] SIM_BRIDGE: Generating connections (brain-region framework)...
[2026-06-26 07:41:38][INFO] SIM_BRIDGE: inject_explicit_wiring: installed 490692 synapses across 4 populations.
[2026-06-26 07:41:38][INFO] SIM_BRIDGE: Initializing eligibility traces for 490692 synapses (capacity: 736038, dtype: float32)...
[2026-06-26 07:41:38][INFO] SIM_BRIDGE: Initializing STDP state for 2560 neurons...
[2026-06-26 07:41:38][INFO] SIM_BRIDGE: Simulation data initialized for 2560 neurons (3D). Synapses: 490692. GPU memory: 1.6GB/25.8GB (6.2%)

==============================================================================================================
  VERDICT: GO — the L0 longitudinal-development loop runs at GPU scale with REAL stream-cortex code-learning (corr(M,C) mean +0.90), day-over-day development (vocab 6->24, heard 6->24, facts 2->11), retention holds (1.00), moat 0-FA, a tier fired, persistence resumes, frozen-brain anti-cheat holds. Per-day 127.6s; compressed-week ETA ~14.9 min. READY for the 6-seed compressed-week.
  [saved] research/findings/raw/_develop_week_seed44.json  (wall 1800.9s)
==============================================================================================================
=== SEED 44 EXIT 0 ===
=== SEED 100 START ===
==============================================================================================================
[L0 LONGITUDINAL DEVELOPMENT LOOP — 1-SEED GPU SMOKE — REAL stream cortex]
  backend=cupy  n_days=7  seed=100  max_windows/day=2500  n_hub=200  n_per=12  D=128
  VERIFY: the develop loop runs at GPU scale with the REAL stream-cortex code-learning swapped for the CPU agent-hear() stand-in; measure development + per-day wall-clock + the anti-cheats.
==============================================================================================================

[L0 develop loop — GPU] WAKE(REAL stream-cortex) -> CONVERSE(MultiTurnAgent on learned codes) -> SLEEP(replay+retention) -> [GROWTH] -> METRICS -> PERSIST, 7 days.

[2026-06-26 07:41:40][INFO] SIM_BRIDGE: CuPy using GPU: NVIDIA GeForce RTX 3090 (24.0 GB), mempool limit: 80%
[2026-06-26 07:41:40][INFO] SIM_BRIDGE: Initializing simulation data for model: IZHIKEVICH (3D)... (playback_init: False)
[2026-06-26 07:41:40][INFO] SIM_BRIDGE: Brain-region framework: 2 regions, 2700 total neurons, 1 pathways.
[2026-06-26 07:41:40][INFO] SIM_BRIDGE: RNG initialized with seed: 100
[2026-06-26 07:41:40][INFO] SIM_BRIDGE: Initializing Izhikevich model specifics for 2700 neurons...
[2026-06-26 07:41:40][INFO] SIM_BRIDGE: Applying parameter heterogeneity to neuron parameters...
[2026-06-26 07:41:40][INFO] SIM_BRIDGE: Applied heterogeneity to 4 parameters.
[2026-06-26 07:41:40][INFO] SIM_BRIDGE: Generating 3D neuron positions for 2700 neurons...
[2026-06-26 07:41:40][INFO] SIM_BRIDGE: Generating connections (brain-region framework)...
[2026-06-26 07:41:41][WARNING] SIM_BRIDGE: No trait info available; all synapses default to E->E STP type.
[2026-06-26 07:41:41][INFO] SIM_BRIDGE: inject_explicit_wiring: installed 720000 synapses across 1 populations.
[2026-06-26 07:41:41][INFO] SIM_BRIDGE: Initializing STP state for 720000 synapses (capacity: 1080000)...
[2026-06-26 07:41:41][INFO] SIM_BRIDGE: Initializing eligibility traces for 720000 synapses (capacity: 1080000, dtype: float32)...
[2026-06-26 07:41:41][WARNING] SIM_BRIDGE: No trait info available; all synapses default to E->E STP type.
[2026-06-26 07:41:41][INFO] SIM_BRIDGE: Initializing structural plasticity state...
[2026-06-26 07:41:41][INFO] SIM_BRIDGE: Simulation data initialized for 2700 neurons (3D). Synapses: 720000. GPU memory: 1.4GB/25.8GB (5.4%)
[2026-06-26 07:41:54][INFO] SIM_BRIDGE: CuPy using GPU: NVIDIA GeForce RTX 3090 (24.0 GB), mempool limit: 80%
[2026-06-26 07:41:54][INFO] SIM_BRIDGE: Initializing simulation data for model: IZHIKEVICH (3D)... (playback_init: False)
[2026-06-26 07:41:54][INFO] SIM_BRIDGE: RNG initialized with seed: 100
[2026-06-26 07:41:54][INFO] SIM_BRIDGE: Initializing Izhikevich model specifics for 126 neurons...
[2026-06-26 07:41:54][INFO] SIM_BRIDGE: Applying parameter heterogeneity to neuron parameters...
[2026-06-26 07:41:54][INFO] SIM_BRIDGE: Applied heterogeneity to 4 parameters.
[2026-06-26 07:41:54][INFO] SIM_BRIDGE: Initializing OU process state (tau=15.0ms, sigma=20.0pA)...
[2026-06-26 07:41:54][INFO] SIM_BRIDGE: Generating 3D neuron positions for 126 neurons...
[2026-06-26 07:41:54][INFO] SIM_BRIDGE: Generating connections (3D)...
[2026-06-26 07:41:54][INFO] SIM_BRIDGE: Simulation data initialized for 126 neurons (3D). Synapses: 0. GPU memory: 1.6GB/25.8GB (6.0%)
[2026-06-26 07:41:54][INFO] SIM_BRIDGE: inject_explicit_wiring: installed 720 synapses across 1 populations.
[2026-06-26 07:42:31][INFO] SIM_BRIDGE: CuPy using GPU: NVIDIA GeForce RTX 3090 (24.0 GB), mempool limit: 80%
[2026-06-26 07:42:31][INFO] SIM_BRIDGE: Initializing simulation data for model: IZHIKEVICH (3D)... (playback_init: False)
[2026-06-26 07:42:31][INFO] SIM_BRIDGE: RNG initialized with seed: 100
[2026-06-26 07:42:31][INFO] SIM_BRIDGE: Initializing Izhikevich model specifics for 224 neurons...
[2026-06-26 07:42:31][INFO] SIM_BRIDGE: Applying parameter heterogeneity to neuron parameters...
[2026-06-26 07:42:31][INFO] SIM_BRIDGE: Applied heterogeneity to 4 parameters.
[2026-06-26 07:42:31][INFO] SIM_BRIDGE: Initializing OU process state (tau=15.0ms, sigma=20.0pA)...
[2026-06-26 07:42:31][INFO] SIM_BRIDGE: Generating 3D neuron positions for 224 neurons...
[2026-06-26 07:42:31][INFO] SIM_BRIDGE: Generating connections (3D)...
[2026-06-26 07:42:31][INFO] SIM_BRIDGE: Simulation data initialized for 224 neurons (3D). Synapses: 0. GPU memory: 1.6GB/25.8GB (6.0%)
[2026-06-26 07:42:31][INFO] SIM_BRIDGE: inject_explicit_wiring: installed 4800 synapses across 1 populations.
[2026-06-26 07:43:23][INFO] SIM_BRIDGE: CuPy using GPU: NVIDIA GeForce RTX 3090 (24.0 GB), mempool limit: 80%
[2026-06-26 07:43:23][INFO] SIM_BRIDGE: Initializing simulation data for model: IZHIKEVICH (3D)... (playback_init: False)
[2026-06-26 07:43:23][INFO] SIM_BRIDGE: Brain-region framework: 2 regions, 2560 total neurons, 2 pathways.
[2026-06-26 07:43:23][INFO] SIM_BRIDGE: RNG initialized with seed: 100
[2026-06-26 07:43:23][INFO] SIM_BRIDGE: NMDA per-region mask: 2 regions enabled (2560 neurons)
[2026-06-26 07:43:23][INFO] SIM_BRIDGE: Initializing Izhikevich model specifics for 2560 neurons...
[2026-06-26 07:43:23][INFO] SIM_BRIDGE: Region 'cortex_ctx' (1280 neurons): using Izh type IZH2007_HIPPO_PYRAMIDAL
[2026-06-26 07:43:23][INFO] SIM_BRIDGE: Region 'dlpfc_wm' (1280 neurons): using Izh type IZH2007_HIPPO_PYRAMIDAL
[2026-06-26 07:43:23][INFO] SIM_BRIDGE: Applying parameter heterogeneity to neuron parameters...
[2026-06-26 07:43:23][INFO] SIM_BRIDGE: Applied heterogeneity to 4 parameters.
[2026-06-26 07:43:23][INFO] SIM_BRIDGE: Generating 3D neuron positions for 2560 neurons...
[2026-06-26 07:43:23][INFO] SIM_BRIDGE: Generating connections (brain-region framework)...
[2026-06-26 07:43:24][INFO] SIM_BRIDGE: inject_explicit_wiring: installed 491032 synapses across 4 populations.
[2026-06-26 07:43:24][INFO] SIM_BRIDGE: Initializing eligibility traces for 491032 synapses (capacity: 736548, dtype: float32)...
[2026-06-26 07:43:24][INFO] SIM_BRIDGE: Initializing STDP state for 2560 neurons...
[2026-06-26 07:43:24][INFO] SIM_BRIDGE: Simulation data initialized for 2560 neurons (3D). Synapses: 491032. GPU memory: 1.6GB/25.8GB (6.0%)
[2026-06-26 07:43:25][INFO] SIM_BRIDGE: CuPy using GPU: NVIDIA GeForce RTX 3090 (24.0 GB), mempool limit: 80%
[2026-06-26 07:43:25][INFO] SIM_BRIDGE: Initializing simulation data for model: IZHIKEVICH (3D)... (playback_init: False)
[2026-06-26 07:43:25][INFO] SIM_BRIDGE: RNG initialized with seed: 100
[2026-06-26 07:43:25][INFO] SIM_BRIDGE: Initializing Izhikevich model specifics for 256 neurons...
[2026-06-26 07:43:25][INFO] SIM_BRIDGE: Applying parameter heterogeneity to neuron parameters...
[2026-06-26 07:43:25][INFO] SIM_BRIDGE: Applied heterogeneity to 4 parameters.
[2026-06-26 07:43:25][INFO] SIM_BRIDGE: Initializing OU process state (tau=15.0ms, sigma=0.0pA)...
[2026-06-26 07:43:25][INFO] SIM_BRIDGE: Generating 3D neuron positions for 256 neurons...
[2026-06-26 07:43:25][INFO] SIM_BRIDGE: Generating connections (3D)...
[2026-06-26 07:43:25][INFO] SIM_BRIDGE: Simulation data initialized for 256 neurons (3D). Synapses: 0. GPU memory: 1.6GB/25.8GB (6.0%)
[2026-06-26 07:43:26][INFO] SIM_BRIDGE: CuPy using GPU: NVIDIA GeForce RTX 3090 (24.0 GB), mempool limit: 80%
[2026-06-26 07:43:26][INFO] SIM_BRIDGE: Initializing simulation data for model: IZHIKEVICH (3D)... (playback_init: False)
[2026-06-26 07:43:26][INFO] SIM_BRIDGE: RNG initialized with seed: 100
[2026-06-26 07:43:26][INFO] SIM_BRIDGE: Initializing Izhikevich model specifics for 640 neurons...
[2026-06-26 07:43:26][INFO] SIM_BRIDGE: Applying parameter heterogeneity to neuron parameters...
[2026-06-26 07:43:26][INFO] SIM_BRIDGE: Applied heterogeneity to 4 parameters.
[2026-06-26 07:43:26][INFO] SIM_BRIDGE: Initializing OU process state (tau=15.0ms, sigma=0.0pA)...
[2026-06-26 07:43:26][INFO] SIM_BRIDGE: Generating 3D neuron positions for 640 neurons...
[2026-06-26 07:43:26][INFO] SIM_BRIDGE: Generating connections (3D)...
[2026-06-26 07:43:26][INFO] SIM_BRIDGE: Simulation data initialized for 640 neurons (3D). Synapses: 0. GPU memory: 1.6GB/25.8GB (6.1%)
[2026-06-26 07:43:30][INFO] SIM_BRIDGE: CuPy using GPU: NVIDIA GeForce RTX 3090 (24.0 GB), mempool limit: 80%
[2026-06-26 07:43:30][INFO] SIM_BRIDGE: Initializing simulation data for model: IZHIKEVICH (3D)... (playback_init: False)
[2026-06-26 07:43:30][INFO] SIM_BRIDGE: RNG initialized with seed: 100
[2026-06-26 07:43:30][INFO] SIM_BRIDGE: Initializing Izhikevich model specifics for 768 neurons...
[2026-06-26 07:43:30][INFO] SIM_BRIDGE: Applying parameter heterogeneity to neuron parameters...
[2026-06-26 07:43:30][INFO] SIM_BRIDGE: Applied heterogeneity to 4 parameters.
[2026-06-26 07:43:30][INFO] SIM_BRIDGE: Initializing OU process state (tau=15.0ms, sigma=0.0pA)...
[2026-06-26 07:43:30][INFO] SIM_BRIDGE: Generating 3D neuron positions for 768 neurons...
[2026-06-26 07:43:30][INFO] SIM_BRIDGE: Generating connections (3D)...
[2026-06-26 07:43:30][INFO] SIM_BRIDGE: Simulation data initialized for 768 neurons (3D). Synapses: 0. GPU memory: 1.6GB/25.8GB (6.1%)
  [day 0] vocab= 6 heard= 6 facts= 2 recall=1.00 heldout=- retain=- chain=- moat_fa=0 corr(M,C)=+0.90 tier=4 replay=1 win=2500 (110.6s wake=12.9s)
[2026-06-26 07:43:50][INFO] SIM_BRIDGE: CuPy using GPU: NVIDIA GeForce RTX 3090 (24.0 GB), mempool limit: 80%
[2026-06-26 07:43:50][INFO] SIM_BRIDGE: Initializing simulation data for model: IZHIKEVICH (3D)... (playback_init: False)
[2026-06-26 07:43:50][INFO] SIM_BRIDGE: RNG initialized with seed: 100
[2026-06-26 07:43:50][INFO] SIM_BRIDGE: Initializing Izhikevich model specifics for 126 neurons...
[2026-06-26 07:43:50][INFO] SIM_BRIDGE: Applying parameter heterogeneity to neuron parameters...
[2026-06-26 07:43:50][INFO] SIM_BRIDGE: Applied heterogeneity to 4 parameters.
[2026-06-26 07:43:50][INFO] SIM_BRIDGE: Initializing OU process state (tau=15.0ms, sigma=20.0pA)...
[2026-06-26 07:43:50][INFO] SIM_BRIDGE: Generating 3D neuron positions for 126 neurons...
[2026-06-26 07:43:50][INFO] SIM_BRIDGE: Generating connections (3D)...
[2026-06-26 07:43:50][INFO] SIM_BRIDGE: Simulation data initialized for 126 neurons (3D). Synapses: 0. GPU memory: 1.6GB/25.8GB (6.1%)
[2026-06-26 07:43:50][INFO] SIM_BRIDGE: inject_explicit_wiring: installed 720 synapses across 1 populations.
[2026-06-26 07:44:29][INFO] SIM_BRIDGE: CuPy using GPU: NVIDIA GeForce RTX 3090 (24.0 GB), mempool limit: 80%
[2026-06-26 07:44:29][INFO] SIM_BRIDGE: Initializing simulation data for model: IZHIKEVICH (3D)... (playback_init: False)
[2026-06-26 07:44:29][INFO] SIM_BRIDGE: RNG initialized with seed: 100
[2026-06-26 07:44:29][INFO] SIM_BRIDGE: Initializing Izhikevich model specifics for 224 neurons...
[2026-06-26 07:44:29][INFO] SIM_BRIDGE: Applying parameter heterogeneity to neuron parameters...
[2026-06-26 07:44:29][INFO] SIM_BRIDGE: Applied heterogeneity to 4 parameters.
[2026-06-26 07:44:29][INFO] SIM_BRIDGE: Initializing OU process state (tau=15.0ms, sigma=20.0pA)...
[2026-06-26 07:44:29][INFO] SIM_BRIDGE: Generating 3D neuron positions for 224 neurons...
[2026-06-26 07:44:29][INFO] SIM_BRIDGE: Generating connections (3D)...
[2026-06-26 07:44:29][INFO] SIM_BRIDGE: Simulation data initialized for 224 neurons (3D). Synapses: 0. GPU memory: 1.6GB/25.8GB (6.1%)
[2026-06-26 07:44:29][INFO] SIM_BRIDGE: inject_explicit_wiring: installed 4800 synapses across 1 populations.
[2026-06-26 07:45:23][INFO] SIM_BRIDGE: CuPy using GPU: NVIDIA GeForce RTX 3090 (24.0 GB), mempool limit: 80%
[2026-06-26 07:45:23][INFO] SIM_BRIDGE: Initializing simulation data for model: IZHIKEVICH (3D)... (playback_init: False)
[2026-06-26 07:45:23][INFO] SIM_BRIDGE: Brain-region framework: 2 regions, 2560 total neurons, 2 pathways.
[2026-06-26 07:45:23][INFO] SIM_BRIDGE: RNG initialized with seed: 100
[2026-06-26 07:45:23][INFO] SIM_BRIDGE: NMDA per-region mask: 2 regions enabled (2560 neurons)
[2026-06-26 07:45:23][INFO] SIM_BRIDGE: Initializing Izhikevich model specifics for 2560 neurons...
[2026-06-26 07:45:23][INFO] SIM_BRIDGE: Region 'cortex_ctx' (1280 neurons): using Izh type IZH2007_HIPPO_PYRAMIDAL
[2026-06-26 07:45:23][INFO] SIM_BRIDGE: Region 'dlpfc_wm' (1280 neurons): using Izh type IZH2007_HIPPO_PYRAMIDAL
[2026-06-26 07:45:23][INFO] SIM_BRIDGE: Applying parameter heterogeneity to neuron parameters...
[2026-06-26 07:45:23][INFO] SIM_BRIDGE: Applied heterogeneity to 4 parameters.
[2026-06-26 07:45:23][INFO] SIM_BRIDGE: Generating 3D neuron positions for 2560 neurons...
[2026-06-26 07:45:23][INFO] SIM_BRIDGE: Generating connections (brain-region framework)...
[2026-06-26 07:45:24][INFO] SIM_BRIDGE: inject_explicit_wiring: installed 491032 synapses across 4 populations.
[2026-06-26 07:45:24][INFO] SIM_BRIDGE: Initializing eligibility traces for 491032 synapses (capacity: 736548, dtype: float32)...
[2026-06-26 07:45:24][INFO] SIM_BRIDGE: Initializing STDP state for 2560 neurons...
[2026-06-26 07:45:24][INFO] SIM_BRIDGE: Simulation data initialized for 2560 neurons (3D). Synapses: 491032. GPU memory: 1.6GB/25.8GB (6.1%)
[2026-06-26 07:45:25][INFO] SIM_BRIDGE: CuPy using GPU: NVIDIA GeForce RTX 3090 (24.0 GB), mempool limit: 80%
[2026-06-26 07:45:25][INFO] SIM_BRIDGE: Initializing simulation data for model: IZHIKEVICH (3D)... (playback_init: False)
[2026-06-26 07:45:25][INFO] SIM_BRIDGE: RNG initialized with seed: 100
[2026-06-26 07:45:25][INFO] SIM_BRIDGE: Initializing Izhikevich model specifics for 256 neurons...
[2026-06-26 07:45:25][INFO] SIM_BRIDGE: Applying parameter heterogeneity to neuron parameters...
[2026-06-26 07:45:25][INFO] SIM_BRIDGE: Applied heterogeneity to 4 parameters.
[2026-06-26 07:45:25][INFO] SIM_BRIDGE: Initializing OU process state (tau=15.0ms, sigma=0.0pA)...
[2026-06-26 07:45:25][INFO] SIM_BRIDGE: Generating 3D neuron positions for 256 neurons...
[2026-06-26 07:45:25][INFO] SIM_BRIDGE: Generating connections (3D)...
[2026-06-26 07:45:25][INFO] SIM_BRIDGE: Simulation data initialized for 256 neurons (3D). Synapses: 0. GPU memory: 1.6GB/25.8GB (6.1%)
[2026-06-26 07:45:26][INFO] SIM_BRIDGE: CuPy using GPU: NVIDIA GeForce RTX 3090 (24.0 GB), mempool limit: 80%
[2026-06-26 07:45:26][INFO] SIM_BRIDGE: Initializing simulation data for model: IZHIKEVICH (3D)... (playback_init: False)
[2026-06-26 07:45:26][INFO] SIM_BRIDGE: RNG initialized with seed: 100
[2026-06-26 07:45:26][INFO] SIM_BRIDGE: Initializing Izhikevich model specifics for 640 neurons...
[2026-06-26 07:45:26][INFO] SIM_BRIDGE: Applying parameter heterogeneity to neuron parameters...
[2026-06-26 07:45:26][INFO] SIM_BRIDGE: Applied heterogeneity to 4 parameters.
[2026-06-26 07:45:26][INFO] SIM_BRIDGE: Initializing OU process state (tau=15.0ms, sigma=0.0pA)...
[2026-06-26 07:45:26][INFO] SIM_BRIDGE: Generating 3D neuron positions for 640 neurons...
[2026-06-26 07:45:26][INFO] SIM_BRIDGE: Generating connections (3D)...
[2026-06-26 07:45:26][INFO] SIM_BRIDGE: Simulation data initialized for 640 neurons (3D). Synapses: 0. GPU memory: 1.6GB/25.8GB (6.1%)
[2026-06-26 07:45:34][INFO] SIM_BRIDGE: CuPy using GPU: NVIDIA GeForce RTX 3090 (24.0 GB), mempool limit: 80%
[2026-06-26 07:45:34][INFO] SIM_BRIDGE: Initializing simulation data for model: IZHIKEVICH (3D)... (playback_init: False)
[2026-06-26 07:45:34][INFO] SIM_BRIDGE: RNG initialized with seed: 100
[2026-06-26 07:45:34][INFO] SIM_BRIDGE: Initializing Izhikevich model specifics for 1792 neurons...
[2026-06-26 07:45:34][INFO] SIM_BRIDGE: Applying parameter heterogeneity to neuron parameters...
[2026-06-26 07:45:34][INFO] SIM_BRIDGE: Applied heterogeneity to 4 parameters.
[2026-06-26 07:45:34][INFO] SIM_BRIDGE: Initializing OU process state (tau=15.0ms, sigma=0.0pA)...
[2026-06-26 07:45:34][INFO] SIM_BRIDGE: Generating 3D neuron positions for 1792 neurons...
[2026-06-26 07:45:34][INFO] SIM_BRIDGE: Generating connections (3D)...
[2026-06-26 07:45:34][INFO] SIM_BRIDGE: Simulation data initialized for 1792 neurons (3D). Synapses: 0. GPU memory: 1.6GB/25.8GB (6.1%)
  [day 1] vocab=12 heard=12 facts= 5 recall=1.00 heldout=1.00 retain=1.00 chain=- moat_fa=0 corr(M,C)=+0.90 tier=4 replay=2 win=2500 (125.4s wake=19.0s)
[2026-06-26 07:45:50][INFO] SIM_BRIDGE: CuPy using GPU: NVIDIA GeForce RTX 3090 (24.0 GB), mempool limit: 80%
[2026-06-26 07:45:50][INFO] SIM_BRIDGE: Initializing simulation data for model: IZHIKEVICH (3D)... (playback_init: False)
[2026-06-26 07:45:50][INFO] SIM_BRIDGE: RNG initialized with seed: 100
[2026-06-26 07:45:50][INFO] SIM_BRIDGE: Initializing Izhikevich model specifics for 126 neurons...
[2026-06-26 07:45:50][INFO] SIM_BRIDGE: Applying parameter heterogeneity to neuron parameters...
[2026-06-26 07:45:50][INFO] SIM_BRIDGE: Applied heterogeneity to 4 parameters.
[2026-06-26 07:45:50][INFO] SIM_BRIDGE: Initializing OU process state (tau=15.0ms, sigma=20.0pA)...
[2026-06-26 07:45:50][INFO] SIM_BRIDGE: Generating 3D neuron positions for 126 neurons...
[2026-06-26 07:45:50][INFO] SIM_BRIDGE: Generating connections (3D)...
[2026-06-26 07:45:50][INFO] SIM_BRIDGE: Simulation data initialized for 126 neurons (3D). Synapses: 0. GPU memory: 1.6GB/25.8GB (6.2%)
[2026-06-26 07:45:50][INFO] SIM_BRIDGE: inject_explicit_wiring: installed 720 synapses across 1 populations.
[2026-06-26 07:46:26][INFO] SIM_BRIDGE: CuPy using GPU: NVIDIA GeForce RTX 3090 (24.0 GB), mempool limit: 80%
[2026-06-26 07:46:26][INFO] SIM_BRIDGE: Initializing simulation data for model: IZHIKEVICH (3D)... (playback_init: False)
[2026-06-26 07:46:26][INFO] SIM_BRIDGE: RNG initialized with seed: 100
[2026-06-26 07:46:26][INFO] SIM_BRIDGE: Initializing Izhikevich model specifics for 224 neurons...
[2026-06-26 07:46:26][INFO] SIM_BRIDGE: Applying parameter heterogeneity to neuron parameters...
[2026-06-26 07:46:26][INFO] SIM_BRIDGE: Applied heterogeneity to 4 parameters.
[2026-06-26 07:46:26][INFO] SIM_BRIDGE: Initializing OU process state (tau=15.0ms, sigma=20.0pA)...
[2026-06-26 07:46:26][INFO] SIM_BRIDGE: Generating 3D neuron positions for 224 neurons...
[2026-06-26 07:46:26][INFO] SIM_BRIDGE: Generating connections (3D)...
[2026-06-26 07:46:26][INFO] SIM_BRIDGE: Simulation data initialized for 224 neurons (3D). Synapses: 0. GPU memory: 1.6GB/25.8GB (6.2%)
[2026-06-26 07:46:26][INFO] SIM_BRIDGE: inject_explicit_wiring: installed 4800 synapses across 1 populations.
[2026-06-26 07:47:20][INFO] SIM_BRIDGE: CuPy using GPU: NVIDIA GeForce RTX 3090 (24.0 GB), mempool limit: 80%
[2026-06-26 07:47:20][INFO] SIM_BRIDGE: Initializing simulation data for model: IZHIKEVICH (3D)... (playback_init: False)
[2026-06-26 07:47:20][INFO] SIM_BRIDGE: Brain-region framework: 2 regions, 2560 total neurons, 2 pathways.
[2026-06-26 07:47:20][INFO] SIM_BRIDGE: RNG initialized with seed: 100
[2026-06-26 07:47:20][INFO] SIM_BRIDGE: NMDA per-region mask: 2 regions enabled (2560 neurons)
[2026-06-26 07:47:20][INFO] SIM_BRIDGE: Initializing Izhikevich model specifics for 2560 neurons...
[2026-06-26 07:47:20][INFO] SIM_BRIDGE: Region 'cortex_ctx' (1280 neurons): using Izh type IZH2007_HIPPO_PYRAMIDAL
[2026-06-26 07:47:20][INFO] SIM_BRIDGE: Region 'dlpfc_wm' (1280 neurons): using Izh type IZH2007_HIPPO_PYRAMIDAL
[2026-06-26 07:47:20][INFO] SIM_BRIDGE: Applying parameter heterogeneity to neuron parameters...
[2026-06-26 07:47:20][INFO] SIM_BRIDGE: Applied heterogeneity to 4 parameters.
[2026-06-26 07:47:20][INFO] SIM_BRIDGE: Generating 3D neuron positions for 2560 neurons...
[2026-06-26 07:47:20][INFO] SIM_BRIDGE: Generating connections (brain-region framework)...
[2026-06-26 07:47:21][INFO] SIM_BRIDGE: inject_explicit_wiring: installed 491032 synapses across 4 populations.
[2026-06-26 07:47:21][INFO] SIM_BRIDGE: Initializing eligibility traces for 491032 synapses (capacity: 736548, dtype: float32)...
[2026-06-26 07:47:21][INFO] SIM_BRIDGE: Initializing STDP state for 2560 neurons...
[2026-06-26 07:47:21][INFO] SIM_BRIDGE: Simulation data initialized for 2560 neurons (3D). Synapses: 491032. GPU memory: 1.6GB/25.8GB (6.2%)
[2026-06-26 07:47:22][INFO] SIM_BRIDGE: CuPy using GPU: NVIDIA GeForce RTX 3090 (24.0 GB), mempool limit: 80%
[2026-06-26 07:47:22][INFO] SIM_BRIDGE: Initializing simulation data for model: IZHIKEVICH (3D)... (playback_init: False)
[2026-06-26 07:47:22][INFO] SIM_BRIDGE: RNG initialized with seed: 100
[2026-06-26 07:47:22][INFO] SIM_BRIDGE: Initializing Izhikevich model specifics for 256 neurons...
[2026-06-26 07:47:22][INFO] SIM_BRIDGE: Applying parameter heterogeneity to neuron parameters...
[2026-06-26 07:47:22][INFO] SIM_BRIDGE: Applied heterogeneity to 4 parameters.
[2026-06-26 07:47:22][INFO] SIM_BRIDGE: Initializing OU process state (tau=15.0ms, sigma=0.0pA)...
[2026-06-26 07:47:22][INFO] SIM_BRIDGE: Generating 3D neuron positions for 256 neurons...
[2026-06-26 07:47:22][INFO] SIM_BRIDGE: Generating connections (3D)...
[2026-06-26 07:47:22][INFO] SIM_BRIDGE: Simulation data initialized for 256 neurons (3D). Synapses: 0. GPU memory: 1.6GB/25.8GB (6.2%)
[2026-06-26 07:47:22][INFO] SIM_BRIDGE: CuPy using GPU: NVIDIA GeForce RTX 3090 (24.0 GB), mempool limit: 80%
[2026-06-26 07:47:22][INFO] SIM_BRIDGE: Initializing simulation data for model: IZHIKEVICH (3D)... (playback_init: False)
[2026-06-26 07:47:22][INFO] SIM_BRIDGE: RNG initialized with seed: 100
[2026-06-26 07:47:22][INFO] SIM_BRIDGE: Initializing Izhikevich model specifics for 640 neurons...
[2026-06-26 07:47:22][INFO] SIM_BRIDGE: Applying parameter heterogeneity to neuron parameters...
[2026-06-26 07:47:22][INFO] SIM_BRIDGE: Applied heterogeneity to 4 parameters.
[2026-06-26 07:47:22][INFO] SIM_BRIDGE: Initializing OU process state (tau=15.0ms, sigma=0.0pA)...
[2026-06-26 07:47:22][INFO] SIM_BRIDGE: Generating 3D neuron positions for 640 neurons...
[2026-06-26 07:47:22][INFO] SIM_BRIDGE: Generating connections (3D)...
[2026-06-26 07:47:22][INFO] SIM_BRIDGE: Simulation data initialized for 640 neurons (3D). Synapses: 0. GPU memory: 1.6GB/25.8GB (6.2%)
[2026-06-26 07:47:37][INFO] SIM_BRIDGE: CuPy using GPU: NVIDIA GeForce RTX 3090 (24.0 GB), mempool limit: 80%
[2026-06-26 07:47:37][INFO] SIM_BRIDGE: Initializing simulation data for model: IZHIKEVICH (3D)... (playback_init: False)
[2026-06-26 07:47:37][INFO] SIM_BRIDGE: RNG initialized with seed: 100
[2026-06-26 07:47:37][INFO] SIM_BRIDGE: Initializing Izhikevich model specifics for 3072 neurons...
[2026-06-26 07:47:37][INFO] SIM_BRIDGE: Applying parameter heterogeneity to neuron parameters...
[2026-06-26 07:47:37][INFO] SIM_BRIDGE: Applied heterogeneity to 4 parameters.
[2026-06-26 07:47:37][INFO] SIM_BRIDGE: Initializing OU process state (tau=15.0ms, sigma=0.0pA)...
[2026-06-26 07:47:37][INFO] SIM_BRIDGE: Generating 3D neuron positions for 3072 neurons...
[2026-06-26 07:47:37][INFO] SIM_BRIDGE: Generating connections (3D)...
[2026-06-26 07:47:37][INFO] SIM_BRIDGE: Simulation data initialized for 3072 neurons (3D). Synapses: 0. GPU memory: 1.6GB/25.8GB (6.2%)
    [growth] mastered tier 4 -> promoted to 8
  [day 2] vocab=18 heard=18 facts= 8 recall=1.00 heldout=1.00 retain=1.00 chain=1.00 moat_fa=0 corr(M,C)=+0.90 tier=8 replay=4 win=2500 (123.5s wake=13.0s)
[2026-06-26 07:47:54][INFO] SIM_BRIDGE: CuPy using GPU: NVIDIA GeForce RTX 3090 (24.0 GB), mempool limit: 80%
[2026-06-26 07:47:54][INFO] SIM_BRIDGE: Initializing simulation data for model: IZHIKEVICH (3D)... (playback_init: False)
[2026-06-26 07:47:54][INFO] SIM_BRIDGE: RNG initialized with seed: 100
[2026-06-26 07:47:54][INFO] SIM_BRIDGE: Initializing Izhikevich model specifics for 126 neurons...
[2026-06-26 07:47:54][INFO] SIM_BRIDGE: Applying parameter heterogeneity to neuron parameters...
[2026-06-26 07:47:54][INFO] SIM_BRIDGE: Applied heterogeneity to 4 parameters.
[2026-06-26 07:47:54][INFO] SIM_BRIDGE: Initializing OU process state (tau=15.0ms, sigma=20.0pA)...
[2026-06-26 07:47:54][INFO] SIM_BRIDGE: Generating 3D neuron positions for 126 neurons...
[2026-06-26 07:47:54][INFO] SIM_BRIDGE: Generating connections (3D)...
[2026-06-26 07:47:54][INFO] SIM_BRIDGE: Simulation data initialized for 126 neurons (3D). Synapses: 0. GPU memory: 1.6GB/25.8GB (6.2%)
[2026-06-26 07:47:54][INFO] SIM_BRIDGE: inject_explicit_wiring: installed 720 synapses across 1 populations.
[2026-06-26 07:48:31][INFO] SIM_BRIDGE: CuPy using GPU: NVIDIA GeForce RTX 3090 (24.0 GB), mempool limit: 80%
[2026-06-26 07:48:31][INFO] SIM_BRIDGE: Initializing simulation data for model: IZHIKEVICH (3D)... (playback_init: False)
[2026-06-26 07:48:31][INFO] SIM_BRIDGE: RNG initialized with seed: 100
[2026-06-26 07:48:31][INFO] SIM_BRIDGE: Initializing Izhikevich model specifics for 224 neurons...
[2026-06-26 07:48:31][INFO] SIM_BRIDGE: Applying parameter heterogeneity to neuron parameters...
[2026-06-26 07:48:31][INFO] SIM_BRIDGE: Applied heterogeneity to 4 parameters.
[2026-06-26 07:48:31][INFO] SIM_BRIDGE: Initializing OU process state (tau=15.0ms, sigma=20.0pA)...
[2026-06-26 07:48:31][INFO] SIM_BRIDGE: Generating 3D neuron positions for 224 neurons...
[2026-06-26 07:48:31][INFO] SIM_BRIDGE: Generating connections (3D)...
[2026-06-26 07:48:31][INFO] SIM_BRIDGE: Simulation data initialized for 224 neurons (3D). Synapses: 0. GPU memory: 1.6GB/25.8GB (6.2%)
[2026-06-26 07:48:31][INFO] SIM_BRIDGE: inject_explicit_wiring: installed 4800 synapses across 1 populations.
[2026-06-26 07:49:25][INFO] SIM_BRIDGE: CuPy using GPU: NVIDIA GeForce RTX 3090 (24.0 GB), mempool limit: 80%
[2026-06-26 07:49:25][INFO] SIM_BRIDGE: Initializing simulation data for model: IZHIKEVICH (3D)... (playback_init: False)
[2026-06-26 07:49:25][INFO] SIM_BRIDGE: Brain-region framework: 2 regions, 2560 total neurons, 2 pathways.
[2026-06-26 07:49:25][INFO] SIM_BRIDGE: RNG initialized with seed: 100
[2026-06-26 07:49:25][INFO] SIM_BRIDGE: NMDA per-region mask: 2 regions enabled (2560 neurons)
[2026-06-26 07:49:25][INFO] SIM_BRIDGE: Initializing Izhikevich model specifics for 2560 neurons...
[2026-06-26 07:49:25][INFO] SIM_BRIDGE: Region 'cortex_ctx' (1280 neurons): using Izh type IZH2007_HIPPO_PYRAMIDAL
[2026-06-26 07:49:25][INFO] SIM_BRIDGE: Region 'dlpfc_wm' (1280 neurons): using Izh type IZH2007_HIPPO_PYRAMIDAL
[2026-06-26 07:49:25][INFO] SIM_BRIDGE: Applying parameter heterogeneity to neuron parameters...
[2026-06-26 07:49:25][INFO] SIM_BRIDGE: Applied heterogeneity to 4 parameters.
[2026-06-26 07:49:25][INFO] SIM_BRIDGE: Generating 3D neuron positions for 2560 neurons...
[2026-06-26 07:49:25][INFO] SIM_BRIDGE: Generating connections (brain-region framework)...
[2026-06-26 07:49:25][INFO] SIM_BRIDGE: inject_explicit_wiring: installed 491032 synapses across 4 populations.
[2026-06-26 07:49:25][INFO] SIM_BRIDGE: Initializing eligibility traces for 491032 synapses (capacity: 736548, dtype: float32)...
[2026-06-26 07:49:25][INFO] SIM_BRIDGE: Initializing STDP state for 2560 neurons...
[2026-06-26 07:49:25][INFO] SIM_BRIDGE: Simulation data initialized for 2560 neurons (3D). Synapses: 491032. GPU memory: 1.6GB/25.8GB (6.2%)
[2026-06-26 07:49:27][INFO] SIM_BRIDGE: CuPy using GPU: NVIDIA GeForce RTX 3090 (24.0 GB), mempool limit: 80%
[2026-06-26 07:49:27][INFO] SIM_BRIDGE: Initializing simulation data for model: IZHIKEVICH (3D)... (playback_init: False)
[2026-06-26 07:49:27][INFO] SIM_BRIDGE: RNG initialized with seed: 100
[2026-06-26 07:49:27][INFO] SIM_BRIDGE: Initializing Izhikevich model specifics for 256 neurons...
[2026-06-26 07:49:27][INFO] SIM_BRIDGE: Applying parameter heterogeneity to neuron parameters...
[2026-06-26 07:49:27][INFO] SIM_BRIDGE: Applied heterogeneity to 4 parameters.
[2026-06-26 07:49:27][INFO] SIM_BRIDGE: Initializing OU process state (tau=15.0ms, sigma=0.0pA)...
[2026-06-26 07:49:27][INFO] SIM_BRIDGE: Generating 3D neuron positions for 256 neurons...
[2026-06-26 07:49:27][INFO] SIM_BRIDGE: Generating connections (3D)...
[2026-06-26 07:49:27][INFO] SIM_BRIDGE: Simulation data initialized for 256 neurons (3D). Synapses: 0. GPU memory: 1.6GB/25.8GB (6.2%)
[2026-06-26 07:49:27][INFO] SIM_BRIDGE: CuPy using GPU: NVIDIA GeForce RTX 3090 (24.0 GB), mempool limit: 80%
[2026-06-26 07:49:27][INFO] SIM_BRIDGE: Initializing simulation data for model: IZHIKEVICH (3D)... (playback_init: False)
[2026-06-26 07:49:27][INFO] SIM_BRIDGE: RNG initialized with seed: 100
[2026-06-26 07:49:27][INFO] SIM_BRIDGE: Initializing Izhikevich model specifics for 640 neurons...
[2026-06-26 07:49:27][INFO] SIM_BRIDGE: Applying parameter heterogeneity to neuron parameters...
[2026-06-26 07:49:27][INFO] SIM_BRIDGE: Applied heterogeneity to 4 parameters.
[2026-06-26 07:49:27][INFO] SIM_BRIDGE: Initializing OU process state (tau=15.0ms, sigma=0.0pA)...
[2026-06-26 07:49:27][INFO] SIM_BRIDGE: Generating 3D neuron positions for 640 neurons...
[2026-06-26 07:49:27][INFO] SIM_BRIDGE: Generating connections (3D)...
[2026-06-26 07:49:27][INFO] SIM_BRIDGE: Simulation data initialized for 640 neurons (3D). Synapses: 0. GPU memory: 1.6GB/25.8GB (6.2%)
[2026-06-26 07:49:55][INFO] SIM_BRIDGE: CuPy using GPU: NVIDIA GeForce RTX 3090 (24.0 GB), mempool limit: 80%
[2026-06-26 07:49:55][INFO] SIM_BRIDGE: Initializing simulation data for model: IZHIKEVICH (3D)... (playback_init: False)
[2026-06-26 07:49:55][INFO] SIM_BRIDGE: RNG initialized with seed: 100
[2026-06-26 07:49:55][INFO] SIM_BRIDGE: Initializing Izhikevich model specifics for 4096 neurons...
[2026-06-26 07:49:55][INFO] SIM_BRIDGE: Applying parameter heterogeneity to neuron parameters...
[2026-06-26 07:49:55][INFO] SIM_BRIDGE: Applied heterogeneity to 4 parameters.
[2026-06-26 07:49:55][INFO] SIM_BRIDGE: Initializing OU process state (tau=15.0ms, sigma=0.0pA)...
[2026-06-26 07:49:55][INFO] SIM_BRIDGE: Generating 3D neuron positions for 4096 neurons...
[2026-06-26 07:49:55][INFO] SIM_BRIDGE: Generating connections (3D)...
[2026-06-26 07:49:55][INFO] SIM_BRIDGE: Simulation data initialized for 4096 neurons (3D). Synapses: 0. GPU memory: 1.6GB/25.8GB (6.2%)
  [day 3] vocab=24 heard=24 facts=11 recall=1.00 heldout=0.00 retain=1.00 chain=- moat_fa=0 corr(M,C)=+0.87 tier=8 replay=5 win=2500 (136.8s wake=13.7s)
[2026-06-26 07:50:12][INFO] SIM_BRIDGE: CuPy using GPU: NVIDIA GeForce RTX 3090 (24.0 GB), mempool limit: 80%
[2026-06-26 07:50:12][INFO] SIM_BRIDGE: Initializing simulation data for model: IZHIKEVICH (3D)... (playback_init: False)
[2026-06-26 07:50:12][INFO] SIM_BRIDGE: RNG initialized with seed: 100
[2026-06-26 07:50:12][INFO] SIM_BRIDGE: Initializing Izhikevich model specifics for 126 neurons...
[2026-06-26 07:50:12][INFO] SIM_BRIDGE: Applying parameter heterogeneity to neuron parameters...
[2026-06-26 07:50:12][INFO] SIM_BRIDGE: Applied heterogeneity to 4 parameters.
[2026-06-26 07:50:12][INFO] SIM_BRIDGE: Initializing OU process state (tau=15.0ms, sigma=20.0pA)...
[2026-06-26 07:50:12][INFO] SIM_BRIDGE: Generating 3D neuron positions for 126 neurons...
[2026-06-26 07:50:12][INFO] SIM_BRIDGE: Generating connections (3D)...
[2026-06-26 07:50:12][INFO] SIM_BRIDGE: Simulation data initialized for 126 neurons (3D). Synapses: 0. GPU memory: 1.6GB/25.8GB (6.2%)
[2026-06-26 07:50:12][INFO] SIM_BRIDGE: inject_explicit_wiring: installed 720 synapses across 1 populations.
[2026-06-26 07:50:50][INFO] SIM_BRIDGE: CuPy using GPU: NVIDIA GeForce RTX 3090 (24.0 GB), mempool limit: 80%
[2026-06-26 07:50:50][INFO] SIM_BRIDGE: Initializing simulation data for model: IZHIKEVICH (3D)... (playback_init: False)
[2026-06-26 07:50:50][INFO] SIM_BRIDGE: RNG initialized with seed: 100
[2026-06-26 07:50:50][INFO] SIM_BRIDGE: Initializing Izhikevich model specifics for 224 neurons...
[2026-06-26 07:50:50][INFO] SIM_BRIDGE: Applying parameter heterogeneity to neuron parameters...
[2026-06-26 07:50:50][INFO] SIM_BRIDGE: Applied heterogeneity to 4 parameters.
[2026-06-26 07:50:50][INFO] SIM_BRIDGE: Initializing OU process state (tau=15.0ms, sigma=20.0pA)...
[2026-06-26 07:50:50][INFO] SIM_BRIDGE: Generating 3D neuron positions for 224 neurons...
[2026-06-26 07:50:50][INFO] SIM_BRIDGE: Generating connections (3D)...
[2026-06-26 07:50:50][INFO] SIM_BRIDGE: Simulation data initialized for 224 neurons (3D). Synapses: 0. GPU memory: 1.6GB/25.8GB (6.2%)
[2026-06-26 07:50:50][INFO] SIM_BRIDGE: inject_explicit_wiring: installed 4800 synapses across 1 populations.
[2026-06-26 07:51:44][INFO] SIM_BRIDGE: CuPy using GPU: NVIDIA GeForce RTX 3090 (24.0 GB), mempool limit: 80%
[2026-06-26 07:51:44][INFO] SIM_BRIDGE: Initializing simulation data for model: IZHIKEVICH (3D)... (playback_init: False)
[2026-06-26 07:51:44][INFO] SIM_BRIDGE: Brain-region framework: 2 regions, 2560 total neurons, 2 pathways.
[2026-06-26 07:51:44][INFO] SIM_BRIDGE: RNG initialized with seed: 100
[2026-06-26 07:51:44][INFO] SIM_BRIDGE: NMDA per-region mask: 2 regions enabled (2560 neurons)
[2026-06-26 07:51:44][INFO] SIM_BRIDGE: Initializing Izhikevich model specifics for 2560 neurons...
[2026-06-26 07:51:44][INFO] SIM_BRIDGE: Region 'cortex_ctx' (1280 neurons): using Izh type IZH2007_HIPPO_PYRAMIDAL
[2026-06-26 07:51:44][INFO] SIM_BRIDGE: Region 'dlpfc_wm' (1280 neurons): using Izh type IZH2007_HIPPO_PYRAMIDAL
[2026-06-26 07:51:44][INFO] SIM_BRIDGE: Applying parameter heterogeneity to neuron parameters...
[2026-06-26 07:51:44][INFO] SIM_BRIDGE: Applied heterogeneity to 4 parameters.
[2026-06-26 07:51:44][INFO] SIM_BRIDGE: Generating 3D neuron positions for 2560 neurons...
[2026-06-26 07:51:44][INFO] SIM_BRIDGE: Generating connections (brain-region framework)...
[2026-06-26 07:51:45][INFO] SIM_BRIDGE: inject_explicit_wiring: installed 491032 synapses across 4 populations.
[2026-06-26 07:51:45][INFO] SIM_BRIDGE: Initializing eligibility traces for 491032 synapses (capacity: 736548, dtype: float32)...
[2026-06-26 07:51:45][INFO] SIM_BRIDGE: Initializing STDP state for 2560 neurons...
[2026-06-26 07:51:45][INFO] SIM_BRIDGE: Simulation data initialized for 2560 neurons (3D). Synapses: 491032. GPU memory: 1.6GB/25.8GB (6.2%)
[2026-06-26 07:51:45][INFO] SIM_BRIDGE: CuPy using GPU: NVIDIA GeForce RTX 3090 (24.0 GB), mempool limit: 80%
[2026-06-26 07:51:45][INFO] SIM_BRIDGE: Initializing simulation data for model: IZHIKEVICH (3D)... (playback_init: False)
[2026-06-26 07:51:45][INFO] SIM_BRIDGE: RNG initialized with seed: 100
[2026-06-26 07:51:45][INFO] SIM_BRIDGE: Initializing Izhikevich model specifics for 256 neurons...
[2026-06-26 07:51:45][INFO] SIM_BRIDGE: Applying parameter heterogeneity to neuron parameters...
[2026-06-26 07:51:45][INFO] SIM_BRIDGE: Applied heterogeneity to 4 parameters.
[2026-06-26 07:51:45][INFO] SIM_BRIDGE: Initializing OU process state (tau=15.0ms, sigma=0.0pA)...
[2026-06-26 07:51:45][INFO] SIM_BRIDGE: Generating 3D neuron positions for 256 neurons...
[2026-06-26 07:51:45][INFO] SIM_BRIDGE: Generating connections (3D)...
[2026-06-26 07:51:45][INFO] SIM_BRIDGE: Simulation data initialized for 256 neurons (3D). Synapses: 0. GPU memory: 1.6GB/25.8GB (6.2%)
[2026-06-26 07:51:46][INFO] SIM_BRIDGE: CuPy using GPU: NVIDIA GeForce RTX 3090 (24.0 GB), mempool limit: 80%
[2026-06-26 07:51:46][INFO] SIM_BRIDGE: Initializing simulation data for model: IZHIKEVICH (3D)... (playback_init: False)
[2026-06-26 07:51:46][INFO] SIM_BRIDGE: RNG initialized with seed: 100
[2026-06-26 07:51:46][INFO] SIM_BRIDGE: Initializing Izhikevich model specifics for 640 neurons...
[2026-06-26 07:51:46][INFO] SIM_BRIDGE: Applying parameter heterogeneity to neuron parameters...
[2026-06-26 07:51:46][INFO] SIM_BRIDGE: Applied heterogeneity to 4 parameters.
[2026-06-26 07:51:46][INFO] SIM_BRIDGE: Initializing OU process state (tau=15.0ms, sigma=0.0pA)...
[2026-06-26 07:51:46][INFO] SIM_BRIDGE: Generating 3D neuron positions for 640 neurons...
[2026-06-26 07:51:46][INFO] SIM_BRIDGE: Generating connections (3D)...
[2026-06-26 07:51:46][INFO] SIM_BRIDGE: Simulation data initialized for 640 neurons (3D). Synapses: 0. GPU memory: 1.6GB/25.8GB (6.2%)
[2026-06-26 07:52:08][INFO] SIM_BRIDGE: CuPy using GPU: NVIDIA GeForce RTX 3090 (24.0 GB), mempool limit: 80%
[2026-06-26 07:52:08][INFO] SIM_BRIDGE: Initializing simulation data for model: IZHIKEVICH (3D)... (playback_init: False)
[2026-06-26 07:52:08][INFO] SIM_BRIDGE: RNG initialized with seed: 100
[2026-06-26 07:52:08][INFO] SIM_BRIDGE: Initializing Izhikevich model specifics for 4608 neurons...
[2026-06-26 07:52:08][INFO] SIM_BRIDGE: Applying parameter heterogeneity to neuron parameters...
[2026-06-26 07:52:08][INFO] SIM_BRIDGE: Applied heterogeneity to 4 parameters.
[2026-06-26 07:52:08][INFO] SIM_BRIDGE: Initializing OU process state (tau=15.0ms, sigma=0.0pA)...
[2026-06-26 07:52:08][INFO] SIM_BRIDGE: Generating 3D neuron positions for 4608 neurons...
[2026-06-26 07:52:08][INFO] SIM_BRIDGE: Generating connections (3D)...
[2026-06-26 07:52:08][INFO] SIM_BRIDGE: Simulation data initialized for 4608 neurons (3D). Synapses: 0. GPU memory: 1.6GB/25.8GB (6.2%)
  [day 4] vocab=24 heard=24 facts=11 recall=1.00 heldout=- retain=- chain=- moat_fa=0 corr(M,C)=+0.88 tier=8 replay=5 win=2500 (132.0s wake=15.2s)
[2026-06-26 07:52:22][INFO] SIM_BRIDGE: CuPy using GPU: NVIDIA GeForce RTX 3090 (24.0 GB), mempool limit: 80%
[2026-06-26 07:52:22][INFO] SIM_BRIDGE: Initializing simulation data for model: IZHIKEVICH (3D)... (playback_init: False)
[2026-06-26 07:52:22][INFO] SIM_BRIDGE: RNG initialized with seed: 100
[2026-06-26 07:52:22][INFO] SIM_BRIDGE: Initializing Izhikevich model specifics for 126 neurons...
[2026-06-26 07:52:22][INFO] SIM_BRIDGE: Applying parameter heterogeneity to neuron parameters...
[2026-06-26 07:52:22][INFO] SIM_BRIDGE: Applied heterogeneity to 4 parameters.
[2026-06-26 07:52:22][INFO] SIM_BRIDGE: Initializing OU process state (tau=15.0ms, sigma=20.0pA)...
[2026-06-26 07:52:22][INFO] SIM_BRIDGE: Generating 3D neuron positions for 126 neurons...
[2026-06-26 07:52:22][INFO] SIM_BRIDGE: Generating connections (3D)...
[2026-06-26 07:52:22][INFO] SIM_BRIDGE: Simulation data initialized for 126 neurons (3D). Synapses: 0. GPU memory: 1.6GB/25.8GB (6.2%)
[2026-06-26 07:52:22][INFO] SIM_BRIDGE: inject_explicit_wiring: installed 720 synapses across 1 populations.
[2026-06-26 07:52:59][INFO] SIM_BRIDGE: CuPy using GPU: NVIDIA GeForce RTX 3090 (24.0 GB), mempool limit: 80%
[2026-06-26 07:52:59][INFO] SIM_BRIDGE: Initializing simulation data for model: IZHIKEVICH (3D)... (playback_init: False)
[2026-06-26 07:52:59][INFO] SIM_BRIDGE: RNG initialized with seed: 100
[2026-06-26 07:52:59][INFO] SIM_BRIDGE: Initializing Izhikevich model specifics for 224 neurons...
[2026-06-26 07:52:59][INFO] SIM_BRIDGE: Applying parameter heterogeneity to neuron parameters...
[2026-06-26 07:52:59][INFO] SIM_BRIDGE: Applied heterogeneity to 4 parameters.
[2026-06-26 07:52:59][INFO] SIM_BRIDGE: Initializing OU process state (tau=15.0ms, sigma=20.0pA)...
[2026-06-26 07:52:59][INFO] SIM_BRIDGE: Generating 3D neuron positions for 224 neurons...
[2026-06-26 07:52:59][INFO] SIM_BRIDGE: Generating connections (3D)...
[2026-06-26 07:52:59][INFO] SIM_BRIDGE: Simulation data initialized for 224 neurons (3D). Synapses: 0. GPU memory: 1.6GB/25.8GB (6.2%)
[2026-06-26 07:52:59][INFO] SIM_BRIDGE: inject_explicit_wiring: installed 4800 synapses across 1 populations.
[2026-06-26 07:53:53][INFO] SIM_BRIDGE: CuPy using GPU: NVIDIA GeForce RTX 3090 (24.0 GB), mempool limit: 80%
[2026-06-26 07:53:53][INFO] SIM_BRIDGE: Initializing simulation data for model: IZHIKEVICH (3D)... (playback_init: False)
[2026-06-26 07:53:53][INFO] SIM_BRIDGE: Brain-region framework: 2 regions, 2560 total neurons, 2 pathways.
[2026-06-26 07:53:53][INFO] SIM_BRIDGE: RNG initialized with seed: 100
[2026-06-26 07:53:53][INFO] SIM_BRIDGE: NMDA per-region mask: 2 regions enabled (2560 neurons)
[2026-06-26 07:53:53][INFO] SIM_BRIDGE: Initializing Izhikevich model specifics for 2560 neurons...
[2026-06-26 07:53:53][INFO] SIM_BRIDGE: Region 'cortex_ctx' (1280 neurons): using Izh type IZH2007_HIPPO_PYRAMIDAL
[2026-06-26 07:53:53][INFO] SIM_BRIDGE: Region 'dlpfc_wm' (1280 neurons): using Izh type IZH2007_HIPPO_PYRAMIDAL
[2026-06-26 07:53:53][INFO] SIM_BRIDGE: Applying parameter heterogeneity to neuron parameters...
[2026-06-26 07:53:53][INFO] SIM_BRIDGE: Applied heterogeneity to 4 parameters.
[2026-06-26 07:53:53][INFO] SIM_BRIDGE: Generating 3D neuron positions for 2560 neurons...
[2026-06-26 07:53:53][INFO] SIM_BRIDGE: Generating connections (brain-region framework)...
[2026-06-26 07:53:54][INFO] SIM_BRIDGE: inject_explicit_wiring: installed 491032 synapses across 4 populations.
[2026-06-26 07:53:54][INFO] SIM_BRIDGE: Initializing eligibility traces for 491032 synapses (capacity: 736548, dtype: float32)...
[2026-06-26 07:53:54][INFO] SIM_BRIDGE: Initializing STDP state for 2560 neurons...
[2026-06-26 07:53:54][INFO] SIM_BRIDGE: Simulation data initialized for 2560 neurons (3D). Synapses: 491032. GPU memory: 1.6GB/25.8GB (6.2%)
[2026-06-26 07:53:54][INFO] SIM_BRIDGE: CuPy using GPU: NVIDIA GeForce RTX 3090 (24.0 GB), mempool limit: 80%
[2026-06-26 07:53:54][INFO] SIM_BRIDGE: Initializing simulation data for model: IZHIKEVICH (3D)... (playback_init: False)
[2026-06-26 07:53:54][INFO] SIM_BRIDGE: RNG initialized with seed: 100
[2026-06-26 07:53:54][INFO] SIM_BRIDGE: Initializing Izhikevich model specifics for 256 neurons...
[2026-06-26 07:53:54][INFO] SIM_BRIDGE: Applying parameter heterogeneity to neuron parameters...
[2026-06-26 07:53:54][INFO] SIM_BRIDGE: Applied heterogeneity to 4 parameters.
[2026-06-26 07:53:54][INFO] SIM_BRIDGE: Initializing OU process state (tau=15.0ms, sigma=0.0pA)...
[2026-06-26 07:53:54][INFO] SIM_BRIDGE: Generating 3D neuron positions for 256 neurons...
[2026-06-26 07:53:54][INFO] SIM_BRIDGE: Generating connections (3D)...
[2026-06-26 07:53:54][INFO] SIM_BRIDGE: Simulation data initialized for 256 neurons (3D). Synapses: 0. GPU memory: 1.6GB/25.8GB (6.2%)
[2026-06-26 07:53:55][INFO] SIM_BRIDGE: CuPy using GPU: NVIDIA GeForce RTX 3090 (24.0 GB), mempool limit: 80%
[2026-06-26 07:53:55][INFO] SIM_BRIDGE: Initializing simulation data for model: IZHIKEVICH (3D)... (playback_init: False)
[2026-06-26 07:53:55][INFO] SIM_BRIDGE: RNG initialized with seed: 100
[2026-06-26 07:53:55][INFO] SIM_BRIDGE: Initializing Izhikevich model specifics for 640 neurons...
[2026-06-26 07:53:55][INFO] SIM_BRIDGE: Applying parameter heterogeneity to neuron parameters...
[2026-06-26 07:53:55][INFO] SIM_BRIDGE: Applied heterogeneity to 4 parameters.
[2026-06-26 07:53:55][INFO] SIM_BRIDGE: Initializing OU process state (tau=15.0ms, sigma=0.0pA)...
[2026-06-26 07:53:55][INFO] SIM_BRIDGE: Generating 3D neuron positions for 640 neurons...
[2026-06-26 07:53:55][INFO] SIM_BRIDGE: Generating connections (3D)...
[2026-06-26 07:53:55][INFO] SIM_BRIDGE: Simulation data initialized for 640 neurons (3D). Synapses: 0. GPU memory: 1.6GB/25.8GB (6.2%)
[2026-06-26 07:54:18][INFO] SIM_BRIDGE: CuPy using GPU: NVIDIA GeForce RTX 3090 (24.0 GB), mempool limit: 80%
[2026-06-26 07:54:18][INFO] SIM_BRIDGE: Initializing simulation data for model: IZHIKEVICH (3D)... (playback_init: False)
[2026-06-26 07:54:18][INFO] SIM_BRIDGE: RNG initialized with seed: 100
[2026-06-26 07:54:18][INFO] SIM_BRIDGE: Initializing Izhikevich model specifics for 4864 neurons...
[2026-06-26 07:54:18][INFO] SIM_BRIDGE: Applying parameter heterogeneity to neuron parameters...
[2026-06-26 07:54:18][INFO] SIM_BRIDGE: Applied heterogeneity to 4 parameters.
[2026-06-26 07:54:18][INFO] SIM_BRIDGE: Initializing OU process state (tau=15.0ms, sigma=0.0pA)...
[2026-06-26 07:54:18][INFO] SIM_BRIDGE: Generating 3D neuron positions for 4864 neurons...
[2026-06-26 07:54:18][INFO] SIM_BRIDGE: Generating connections (3D)...
[2026-06-26 07:54:18][INFO] SIM_BRIDGE: Simulation data initialized for 4864 neurons (3D). Synapses: 0. GPU memory: 1.6GB/25.8GB (6.2%)
    [growth] mastered tier 8 -> promoted to 12
  [day 5] vocab=24 heard=24 facts=11 recall=1.00 heldout=1.00 retain=1.00 chain=- moat_fa=0 corr(M,C)=+0.89 tier=12 replay=5 win=2500 (131.7s wake=13.4s)
[2026-06-26 07:54:34][INFO] SIM_BRIDGE: CuPy using GPU: NVIDIA GeForce RTX 3090 (24.0 GB), mempool limit: 80%
[2026-06-26 07:54:34][INFO] SIM_BRIDGE: Initializing simulation data for model: IZHIKEVICH (3D)... (playback_init: False)
[2026-06-26 07:54:34][INFO] SIM_BRIDGE: RNG initialized with seed: 100
[2026-06-26 07:54:34][INFO] SIM_BRIDGE: Initializing Izhikevich model specifics for 126 neurons...
[2026-06-26 07:54:34][INFO] SIM_BRIDGE: Applying parameter heterogeneity to neuron parameters...
[2026-06-26 07:54:34][INFO] SIM_BRIDGE: Applied heterogeneity to 4 parameters.
[2026-06-26 07:54:34][INFO] SIM_BRIDGE: Initializing OU process state (tau=15.0ms, sigma=20.0pA)...
[2026-06-26 07:54:34][INFO] SIM_BRIDGE: Generating 3D neuron positions for 126 neurons...
[2026-06-26 07:54:34][INFO] SIM_BRIDGE: Generating connections (3D)...
[2026-06-26 07:54:34][INFO] SIM_BRIDGE: Simulation data initialized for 126 neurons (3D). Synapses: 0. GPU memory: 1.6GB/25.8GB (6.2%)
[2026-06-26 07:54:34][INFO] SIM_BRIDGE: inject_explicit_wiring: installed 720 synapses across 1 populations.
[2026-06-26 07:55:11][INFO] SIM_BRIDGE: CuPy using GPU: NVIDIA GeForce RTX 3090 (24.0 GB), mempool limit: 80%
[2026-06-26 07:55:11][INFO] SIM_BRIDGE: Initializing simulation data for model: IZHIKEVICH (3D)... (playback_init: False)
[2026-06-26 07:55:11][INFO] SIM_BRIDGE: RNG initialized with seed: 100
[2026-06-26 07:55:11][INFO] SIM_BRIDGE: Initializing Izhikevich model specifics for 224 neurons...
[2026-06-26 07:55:11][INFO] SIM_BRIDGE: Applying parameter heterogeneity to neuron parameters...
[2026-06-26 07:55:11][INFO] SIM_BRIDGE: Applied heterogeneity to 4 parameters.
[2026-06-26 07:55:11][INFO] SIM_BRIDGE: Initializing OU process state (tau=15.0ms, sigma=20.0pA)...
[2026-06-26 07:55:11][INFO] SIM_BRIDGE: Generating 3D neuron positions for 224 neurons...
[2026-06-26 07:55:11][INFO] SIM_BRIDGE: Generating connections (3D)...
[2026-06-26 07:55:11][INFO] SIM_BRIDGE: Simulation data initialized for 224 neurons (3D). Synapses: 0. GPU memory: 1.6GB/25.8GB (6.2%)
[2026-06-26 07:55:11][INFO] SIM_BRIDGE: inject_explicit_wiring: installed 4800 synapses across 1 populations.
[2026-06-26 07:56:04][INFO] SIM_BRIDGE: CuPy using GPU: NVIDIA GeForce RTX 3090 (24.0 GB), mempool limit: 80%
[2026-06-26 07:56:04][INFO] SIM_BRIDGE: Initializing simulation data for model: IZHIKEVICH (3D)... (playback_init: False)
[2026-06-26 07:56:04][INFO] SIM_BRIDGE: Brain-region framework: 2 regions, 2560 total neurons, 2 pathways.
[2026-06-26 07:56:04][INFO] SIM_BRIDGE: RNG initialized with seed: 100
[2026-06-26 07:56:04][INFO] SIM_BRIDGE: NMDA per-region mask: 2 regions enabled (2560 neurons)
[2026-06-26 07:56:04][INFO] SIM_BRIDGE: Initializing Izhikevich model specifics for 2560 neurons...
[2026-06-26 07:56:04][INFO] SIM_BRIDGE: Region 'cortex_ctx' (1280 neurons): using Izh type IZH2007_HIPPO_PYRAMIDAL
[2026-06-26 07:56:04][INFO] SIM_BRIDGE: Region 'dlpfc_wm' (1280 neurons): using Izh type IZH2007_HIPPO_PYRAMIDAL
[2026-06-26 07:56:04][INFO] SIM_BRIDGE: Applying parameter heterogeneity to neuron parameters...
[2026-06-26 07:56:04][INFO] SIM_BRIDGE: Applied heterogeneity to 4 parameters.
[2026-06-26 07:56:04][INFO] SIM_BRIDGE: Generating 3D neuron positions for 2560 neurons...
[2026-06-26 07:56:04][INFO] SIM_BRIDGE: Generating connections (brain-region framework)...
[2026-06-26 07:56:05][INFO] SIM_BRIDGE: inject_explicit_wiring: installed 491032 synapses across 4 populations.
[2026-06-26 07:56:05][INFO] SIM_BRIDGE: Initializing eligibility traces for 491032 synapses (capacity: 736548, dtype: float32)...
[2026-06-26 07:56:05][INFO] SIM_BRIDGE: Initializing STDP state for 2560 neurons...
[2026-06-26 07:56:05][INFO] SIM_BRIDGE: Simulation data initialized for 2560 neurons (3D). Synapses: 491032. GPU memory: 1.6GB/25.8GB (6.2%)
[2026-06-26 07:56:06][INFO] SIM_BRIDGE: CuPy using GPU: NVIDIA GeForce RTX 3090 (24.0 GB), mempool limit: 80%
[2026-06-26 07:56:06][INFO] SIM_BRIDGE: Initializing simulation data for model: IZHIKEVICH (3D)... (playback_init: False)
[2026-06-26 07:56:06][INFO] SIM_BRIDGE: RNG initialized with seed: 100
[2026-06-26 07:56:06][INFO] SIM_BRIDGE: Initializing Izhikevich model specifics for 256 neurons...
[2026-06-26 07:56:06][INFO] SIM_BRIDGE: Applying parameter heterogeneity to neuron parameters...
[2026-06-26 07:56:06][INFO] SIM_BRIDGE: Applied heterogeneity to 4 parameters.
[2026-06-26 07:56:06][INFO] SIM_BRIDGE: Initializing OU process state (tau=15.0ms, sigma=0.0pA)...
[2026-06-26 07:56:06][INFO] SIM_BRIDGE: Generating 3D neuron positions for 256 neurons...
[2026-06-26 07:56:06][INFO] SIM_BRIDGE: Generating connections (3D)...
[2026-06-26 07:56:06][INFO] SIM_BRIDGE: Simulation data initialized for 256 neurons (3D). Synapses: 0. GPU memory: 1.6GB/25.8GB (6.2%)
[2026-06-26 07:56:07][INFO] SIM_BRIDGE: CuPy using GPU: NVIDIA GeForce RTX 3090 (24.0 GB), mempool limit: 80%
[2026-06-26 07:56:07][INFO] SIM_BRIDGE: Initializing simulation data for model: IZHIKEVICH (3D)... (playback_init: False)
[2026-06-26 07:56:07][INFO] SIM_BRIDGE: RNG initialized with seed: 100
[2026-06-26 07:56:07][INFO] SIM_BRIDGE: Initializing Izhikevich model specifics for 640 neurons...
[2026-06-26 07:56:07][INFO] SIM_BRIDGE: Applying parameter heterogeneity to neuron parameters...
[2026-06-26 07:56:07][INFO] SIM_BRIDGE: Applied heterogeneity to 4 parameters.
[2026-06-26 07:56:07][INFO] SIM_BRIDGE: Initializing OU process state (tau=15.0ms, sigma=0.0pA)...
[2026-06-26 07:56:07][INFO] SIM_BRIDGE: Generating 3D neuron positions for 640 neurons...
[2026-06-26 07:56:07][INFO] SIM_BRIDGE: Generating connections (3D)...
[2026-06-26 07:56:07][INFO] SIM_BRIDGE: Simulation data initialized for 640 neurons (3D). Synapses: 0. GPU memory: 1.6GB/25.8GB (6.2%)
[2026-06-26 07:56:31][INFO] SIM_BRIDGE: CuPy using GPU: NVIDIA GeForce RTX 3090 (24.0 GB), mempool limit: 80%
[2026-06-26 07:56:31][INFO] SIM_BRIDGE: Initializing simulation data for model: IZHIKEVICH (3D)... (playback_init: False)
[2026-06-26 07:56:31][INFO] SIM_BRIDGE: RNG initialized with seed: 100
[2026-06-26 07:56:31][INFO] SIM_BRIDGE: Initializing Izhikevich model specifics for 4864 neurons...
[2026-06-26 07:56:31][INFO] SIM_BRIDGE: Applying parameter heterogeneity to neuron parameters...
[2026-06-26 07:56:31][INFO] SIM_BRIDGE: Applied heterogeneity to 4 parameters.
[2026-06-26 07:56:31][INFO] SIM_BRIDGE: Initializing OU process state (tau=15.0ms, sigma=0.0pA)...
[2026-06-26 07:56:31][INFO] SIM_BRIDGE: Generating 3D neuron positions for 4864 neurons...
[2026-06-26 07:56:31][INFO] SIM_BRIDGE: Generating connections (3D)...
[2026-06-26 07:56:31][INFO] SIM_BRIDGE: Simulation data initialized for 4864 neurons (3D). Synapses: 0. GPU memory: 1.6GB/25.8GB (6.2%)
  [day 6] vocab=24 heard=24 facts=11 recall=1.00 heldout=1.00 retain=1.00 chain=1.00 moat_fa=0 corr(M,C)=+0.89 tier=12 replay=5 win=2500 (133.3s wake=13.4s)
[2026-06-26 07:56:34][INFO] SIM_BRIDGE: CuPy using GPU: NVIDIA GeForce RTX 3090 (24.0 GB), mempool limit: 80%
[2026-06-26 07:56:34][INFO] SIM_BRIDGE: Initializing simulation data for model: IZHIKEVICH (3D)... (playback_init: False)
[2026-06-26 07:56:34][INFO] SIM_BRIDGE: Brain-region framework: 2 regions, 2700 total neurons, 1 pathways.
[2026-06-26 07:56:34][INFO] SIM_BRIDGE: RNG initialized with seed: 100
[2026-06-26 07:56:34][INFO] SIM_BRIDGE: Initializing Izhikevich model specifics for 2700 neurons...
[2026-06-26 07:56:34][INFO] SIM_BRIDGE: Applying parameter heterogeneity to neuron parameters...
[2026-06-26 07:56:34][INFO] SIM_BRIDGE: Applied heterogeneity to 4 parameters.
[2026-06-26 07:56:34][INFO] SIM_BRIDGE: Generating 3D neuron positions for 2700 neurons...
[2026-06-26 07:56:34][INFO] SIM_BRIDGE: Generating connections (brain-region framework)...
[2026-06-26 07:56:35][WARNING] SIM_BRIDGE: No trait info available; all synapses default to E->E STP type.
[2026-06-26 07:56:35][INFO] SIM_BRIDGE: inject_explicit_wiring: installed 720000 synapses across 1 populations.
[2026-06-26 07:56:35][INFO] SIM_BRIDGE: Initializing STP state for 720000 synapses (capacity: 1080000)...
[2026-06-26 07:56:35][INFO] SIM_BRIDGE: Initializing eligibility traces for 720000 synapses (capacity: 1080000, dtype: float32)...
[2026-06-26 07:56:35][WARNING] SIM_BRIDGE: No trait info available; all synapses default to E->E STP type.
[2026-06-26 07:56:35][INFO] SIM_BRIDGE: Initializing structural plasticity state...
[2026-06-26 07:56:35][INFO] SIM_BRIDGE: Simulation data initialized for 2700 neurons (3D). Synapses: 720000. GPU memory: 1.6GB/25.8GB (6.2%)
[2026-06-26 07:57:13][INFO] SIM_BRIDGE: CuPy using GPU: NVIDIA GeForce RTX 3090 (24.0 GB), mempool limit: 80%
[2026-06-26 07:57:13][INFO] SIM_BRIDGE: Initializing simulation data for model: IZHIKEVICH (3D)... (playback_init: False)
[2026-06-26 07:57:13][INFO] SIM_BRIDGE: RNG initialized with seed: 100
[2026-06-26 07:57:13][INFO] SIM_BRIDGE: Initializing Izhikevich model specifics for 126 neurons...
[2026-06-26 07:57:13][INFO] SIM_BRIDGE: Applying parameter heterogeneity to neuron parameters...
[2026-06-26 07:57:13][INFO] SIM_BRIDGE: Applied heterogeneity to 4 parameters.
[2026-06-26 07:57:13][INFO] SIM_BRIDGE: Initializing OU process state (tau=15.0ms, sigma=20.0pA)...
[2026-06-26 07:57:13][INFO] SIM_BRIDGE: Generating 3D neuron positions for 126 neurons...
[2026-06-26 07:57:13][INFO] SIM_BRIDGE: Generating connections (3D)...
[2026-06-26 07:57:13][INFO] SIM_BRIDGE: Simulation data initialized for 126 neurons (3D). Synapses: 0. GPU memory: 1.6GB/25.8GB (6.2%)
[2026-06-26 07:57:13][INFO] SIM_BRIDGE: inject_explicit_wiring: installed 720 synapses across 1 populations.
[2026-06-26 07:57:52][INFO] SIM_BRIDGE: CuPy using GPU: NVIDIA GeForce RTX 3090 (24.0 GB), mempool limit: 80%
[2026-06-26 07:57:52][INFO] SIM_BRIDGE: Initializing simulation data for model: IZHIKEVICH (3D)... (playback_init: False)
[2026-06-26 07:57:52][INFO] SIM_BRIDGE: RNG initialized with seed: 100
[2026-06-26 07:57:52][INFO] SIM_BRIDGE: Initializing Izhikevich model specifics for 224 neurons...
[2026-06-26 07:57:52][INFO] SIM_BRIDGE: Applying parameter heterogeneity to neuron parameters...
[2026-06-26 07:57:52][INFO] SIM_BRIDGE: Applied heterogeneity to 4 parameters.
[2026-06-26 07:57:52][INFO] SIM_BRIDGE: Initializing OU process state (tau=15.0ms, sigma=20.0pA)...
[2026-06-26 07:57:52][INFO] SIM_BRIDGE: Generating 3D neuron positions for 224 neurons...
[2026-06-26 07:57:52][INFO] SIM_BRIDGE: Generating connections (3D)...
[2026-06-26 07:57:52][INFO] SIM_BRIDGE: Simulation data initialized for 224 neurons (3D). Synapses: 0. GPU memory: 1.6GB/25.8GB (6.2%)
[2026-06-26 07:57:52][INFO] SIM_BRIDGE: inject_explicit_wiring: installed 4800 synapses across 1 populations.
[2026-06-26 07:58:46][INFO] SIM_BRIDGE: CuPy using GPU: NVIDIA GeForce RTX 3090 (24.0 GB), mempool limit: 80%
[2026-06-26 07:58:46][INFO] SIM_BRIDGE: Initializing simulation data for model: IZHIKEVICH (3D)... (playback_init: False)
[2026-06-26 07:58:46][INFO] SIM_BRIDGE: Brain-region framework: 2 regions, 2560 total neurons, 2 pathways.
[2026-06-26 07:58:46][INFO] SIM_BRIDGE: RNG initialized with seed: 100
[2026-06-26 07:58:46][INFO] SIM_BRIDGE: NMDA per-region mask: 2 regions enabled (2560 neurons)
[2026-06-26 07:58:46][INFO] SIM_BRIDGE: Initializing Izhikevich model specifics for 2560 neurons...
[2026-06-26 07:58:46][INFO] SIM_BRIDGE: Region 'cortex_ctx' (1280 neurons): using Izh type IZH2007_HIPPO_PYRAMIDAL
[2026-06-26 07:58:46][INFO] SIM_BRIDGE: Region 'dlpfc_wm' (1280 neurons): using Izh type IZH2007_HIPPO_PYRAMIDAL
[2026-06-26 07:58:46][INFO] SIM_BRIDGE: Applying parameter heterogeneity to neuron parameters...
[2026-06-26 07:58:46][INFO] SIM_BRIDGE: Applied heterogeneity to 4 parameters.
[2026-06-26 07:58:46][INFO] SIM_BRIDGE: Generating 3D neuron positions for 2560 neurons...
[2026-06-26 07:58:46][INFO] SIM_BRIDGE: Generating connections (brain-region framework)...
[2026-06-26 07:58:47][INFO] SIM_BRIDGE: inject_explicit_wiring: installed 491032 synapses across 4 populations.
[2026-06-26 07:58:47][INFO] SIM_BRIDGE: Initializing eligibility traces for 491032 synapses (capacity: 736548, dtype: float32)...
[2026-06-26 07:58:47][INFO] SIM_BRIDGE: Initializing STDP state for 2560 neurons...
[2026-06-26 07:58:47][INFO] SIM_BRIDGE: Simulation data initialized for 2560 neurons (3D). Synapses: 491032. GPU memory: 1.6GB/25.8GB (6.2%)
[2026-06-26 07:58:48][INFO] SIM_BRIDGE: CuPy using GPU: NVIDIA GeForce RTX 3090 (24.0 GB), mempool limit: 80%
[2026-06-26 07:58:48][INFO] SIM_BRIDGE: Initializing simulation data for model: IZHIKEVICH (3D)... (playback_init: False)
[2026-06-26 07:58:48][INFO] SIM_BRIDGE: RNG initialized with seed: 100
[2026-06-26 07:58:48][INFO] SIM_BRIDGE: Initializing Izhikevich model specifics for 256 neurons...
[2026-06-26 07:58:48][INFO] SIM_BRIDGE: Applying parameter heterogeneity to neuron parameters...
[2026-06-26 07:58:48][INFO] SIM_BRIDGE: Applied heterogeneity to 4 parameters.
[2026-06-26 07:58:48][INFO] SIM_BRIDGE: Initializing OU process state (tau=15.0ms, sigma=0.0pA)...
[2026-06-26 07:58:48][INFO] SIM_BRIDGE: Generating 3D neuron positions for 256 neurons...
[2026-06-26 07:58:48][INFO] SIM_BRIDGE: Generating connections (3D)...
[2026-06-26 07:58:48][INFO] SIM_BRIDGE: Simulation data initialized for 256 neurons (3D). Synapses: 0. GPU memory: 1.6GB/25.8GB (6.2%)
[2026-06-26 07:58:49][INFO] SIM_BRIDGE: CuPy using GPU: NVIDIA GeForce RTX 3090 (24.0 GB), mempool limit: 80%
[2026-06-26 07:58:49][INFO] SIM_BRIDGE: Initializing simulation data for model: IZHIKEVICH (3D)... (playback_init: False)
[2026-06-26 07:58:49][INFO] SIM_BRIDGE: RNG initialized with seed: 100
[2026-06-26 07:58:49][INFO] SIM_BRIDGE: Initializing Izhikevich model specifics for 640 neurons...
[2026-06-26 07:58:49][INFO] SIM_BRIDGE: Applying parameter heterogeneity to neuron parameters...
[2026-06-26 07:58:49][INFO] SIM_BRIDGE: Applied heterogeneity to 4 parameters.
[2026-06-26 07:58:49][INFO] SIM_BRIDGE: Initializing OU process state (tau=15.0ms, sigma=0.0pA)...
[2026-06-26 07:58:49][INFO] SIM_BRIDGE: Generating 3D neuron positions for 640 neurons...
[2026-06-26 07:58:49][INFO] SIM_BRIDGE: Generating connections (3D)...
[2026-06-26 07:58:49][INFO] SIM_BRIDGE: Simulation data initialized for 640 neurons (3D). Synapses: 0. GPU memory: 1.6GB/25.8GB (6.2%)
[2026-06-26 07:59:12][INFO] SIM_BRIDGE: CuPy using GPU: NVIDIA GeForce RTX 3090 (24.0 GB), mempool limit: 80%
[2026-06-26 07:59:12][INFO] SIM_BRIDGE: Initializing simulation data for model: IZHIKEVICH (3D)... (playback_init: False)
[2026-06-26 07:59:12][INFO] SIM_BRIDGE: RNG initialized with seed: 100
[2026-06-26 07:59:12][INFO] SIM_BRIDGE: Initializing Izhikevich model specifics for 4864 neurons...
[2026-06-26 07:59:12][INFO] SIM_BRIDGE: Applying parameter heterogeneity to neuron parameters...
[2026-06-26 07:59:12][INFO] SIM_BRIDGE: Applied heterogeneity to 4 parameters.
[2026-06-26 07:59:12][INFO] SIM_BRIDGE: Initializing OU process state (tau=15.0ms, sigma=0.0pA)...
[2026-06-26 07:59:12][INFO] SIM_BRIDGE: Generating 3D neuron positions for 4864 neurons...
[2026-06-26 07:59:12][INFO] SIM_BRIDGE: Generating connections (3D)...
[2026-06-26 07:59:12][INFO] SIM_BRIDGE: Simulation data initialized for 4864 neurons (3D). Synapses: 0. GPU memory: 1.6GB/25.8GB (6.2%)
[2026-06-26 07:59:14][INFO] SIM_BRIDGE: CuPy using GPU: NVIDIA GeForce RTX 3090 (24.0 GB), mempool limit: 80%
[2026-06-26 07:59:14][INFO] SIM_BRIDGE: Initializing simulation data for model: IZHIKEVICH (3D)... (playback_init: False)
[2026-06-26 07:59:14][INFO] SIM_BRIDGE: Brain-region framework: 2 regions, 2700 total neurons, 1 pathways.
[2026-06-26 07:59:14][INFO] SIM_BRIDGE: RNG initialized with seed: 100
[2026-06-26 07:59:14][INFO] SIM_BRIDGE: Initializing Izhikevich model specifics for 2700 neurons...
[2026-06-26 07:59:14][INFO] SIM_BRIDGE: Applying parameter heterogeneity to neuron parameters...
[2026-06-26 07:59:14][INFO] SIM_BRIDGE: Applied heterogeneity to 4 parameters.
[2026-06-26 07:59:14][INFO] SIM_BRIDGE: Generating 3D neuron positions for 2700 neurons...
[2026-06-26 07:59:14][INFO] SIM_BRIDGE: Generating connections (brain-region framework)...
[2026-06-26 07:59:15][WARNING] SIM_BRIDGE: No trait info available; all synapses default to E->E STP type.
[2026-06-26 07:59:15][INFO] SIM_BRIDGE: inject_explicit_wiring: installed 720000 synapses across 1 populations.
[2026-06-26 07:59:15][INFO] SIM_BRIDGE: Initializing STP state for 720000 synapses (capacity: 1080000)...
[2026-06-26 07:59:15][INFO] SIM_BRIDGE: Initializing eligibility traces for 720000 synapses (capacity: 1080000, dtype: float32)...
[2026-06-26 07:59:15][WARNING] SIM_BRIDGE: No trait info available; all synapses default to E->E STP type.
[2026-06-26 07:59:15][INFO] SIM_BRIDGE: Initializing structural plasticity state...
[2026-06-26 07:59:15][INFO] SIM_BRIDGE: Simulation data initialized for 2700 neurons (3D). Synapses: 720000. GPU memory: 1.6GB/25.8GB (6.2%)
[2026-06-26 07:59:26][INFO] SIM_BRIDGE: CuPy using GPU: NVIDIA GeForce RTX 3090 (24.0 GB), mempool limit: 80%
[2026-06-26 07:59:26][INFO] SIM_BRIDGE: Initializing simulation data for model: IZHIKEVICH (3D)... (playback_init: False)
[2026-06-26 07:59:26][INFO] SIM_BRIDGE: RNG initialized with seed: 100
[2026-06-26 07:59:26][INFO] SIM_BRIDGE: Initializing Izhikevich model specifics for 126 neurons...
[2026-06-26 07:59:26][INFO] SIM_BRIDGE: Applying parameter heterogeneity to neuron parameters...
[2026-06-26 07:59:26][INFO] SIM_BRIDGE: Applied heterogeneity to 4 parameters.
[2026-06-26 07:59:26][INFO] SIM_BRIDGE: Initializing OU process state (tau=15.0ms, sigma=20.0pA)...
[2026-06-26 07:59:26][INFO] SIM_BRIDGE: Generating 3D neuron positions for 126 neurons...
[2026-06-26 07:59:26][INFO] SIM_BRIDGE: Generating connections (3D)...
[2026-06-26 07:59:26][INFO] SIM_BRIDGE: Simulation data initialized for 126 neurons (3D). Synapses: 0. GPU memory: 1.6GB/25.8GB (6.2%)
[2026-06-26 07:59:26][INFO] SIM_BRIDGE: inject_explicit_wiring: installed 720 synapses across 1 populations.
[2026-06-26 08:00:04][INFO] SIM_BRIDGE: CuPy using GPU: NVIDIA GeForce RTX 3090 (24.0 GB), mempool limit: 80%
[2026-06-26 08:00:04][INFO] SIM_BRIDGE: Initializing simulation data for model: IZHIKEVICH (3D)... (playback_init: False)
[2026-06-26 08:00:04][INFO] SIM_BRIDGE: RNG initialized with seed: 100
[2026-06-26 08:00:04][INFO] SIM_BRIDGE: Initializing Izhikevich model specifics for 224 neurons...
[2026-06-26 08:00:04][INFO] SIM_BRIDGE: Applying parameter heterogeneity to neuron parameters...
[2026-06-26 08:00:04][INFO] SIM_BRIDGE: Applied heterogeneity to 4 parameters.
[2026-06-26 08:00:04][INFO] SIM_BRIDGE: Initializing OU process state (tau=15.0ms, sigma=20.0pA)...
[2026-06-26 08:00:04][INFO] SIM_BRIDGE: Generating 3D neuron positions for 224 neurons...
[2026-06-26 08:00:04][INFO] SIM_BRIDGE: Generating connections (3D)...
[2026-06-26 08:00:04][INFO] SIM_BRIDGE: Simulation data initialized for 224 neurons (3D). Synapses: 0. GPU memory: 1.6GB/25.8GB (6.2%)
[2026-06-26 08:00:04][INFO] SIM_BRIDGE: inject_explicit_wiring: installed 4800 synapses across 1 populations.
[2026-06-26 08:00:57][INFO] SIM_BRIDGE: CuPy using GPU: NVIDIA GeForce RTX 3090 (24.0 GB), mempool limit: 80%
[2026-06-26 08:00:57][INFO] SIM_BRIDGE: Initializing simulation data for model: IZHIKEVICH (3D)... (playback_init: False)
[2026-06-26 08:00:57][INFO] SIM_BRIDGE: Brain-region framework: 2 regions, 2560 total neurons, 2 pathways.
[2026-06-26 08:00:57][INFO] SIM_BRIDGE: RNG initialized with seed: 100
[2026-06-26 08:00:57][INFO] SIM_BRIDGE: NMDA per-region mask: 2 regions enabled (2560 neurons)
[2026-06-26 08:00:57][INFO] SIM_BRIDGE: Initializing Izhikevich model specifics for 2560 neurons...
[2026-06-26 08:00:57][INFO] SIM_BRIDGE: Region 'cortex_ctx' (1280 neurons): using Izh type IZH2007_HIPPO_PYRAMIDAL
[2026-06-26 08:00:57][INFO] SIM_BRIDGE: Region 'dlpfc_wm' (1280 neurons): using Izh type IZH2007_HIPPO_PYRAMIDAL
[2026-06-26 08:00:57][INFO] SIM_BRIDGE: Applying parameter heterogeneity to neuron parameters...
[2026-06-26 08:00:57][INFO] SIM_BRIDGE: Applied heterogeneity to 4 parameters.
[2026-06-26 08:00:57][INFO] SIM_BRIDGE: Generating 3D neuron positions for 2560 neurons...
[2026-06-26 08:00:57][INFO] SIM_BRIDGE: Generating connections (brain-region framework)...
[2026-06-26 08:00:58][INFO] SIM_BRIDGE: inject_explicit_wiring: installed 491032 synapses across 4 populations.
[2026-06-26 08:00:58][INFO] SIM_BRIDGE: Initializing eligibility traces for 491032 synapses (capacity: 736548, dtype: float32)...
[2026-06-26 08:00:58][INFO] SIM_BRIDGE: Initializing STDP state for 2560 neurons...
[2026-06-26 08:00:58][INFO] SIM_BRIDGE: Simulation data initialized for 2560 neurons (3D). Synapses: 491032. GPU memory: 1.6GB/25.8GB (6.2%)
[2026-06-26 08:01:10][INFO] SIM_BRIDGE: CuPy using GPU: NVIDIA GeForce RTX 3090 (24.0 GB), mempool limit: 80%
[2026-06-26 08:01:10][INFO] SIM_BRIDGE: Initializing simulation data for model: IZHIKEVICH (3D)... (playback_init: False)
[2026-06-26 08:01:10][INFO] SIM_BRIDGE: RNG initialized with seed: 100
[2026-06-26 08:01:10][INFO] SIM_BRIDGE: Initializing Izhikevich model specifics for 126 neurons...
[2026-06-26 08:01:10][INFO] SIM_BRIDGE: Applying parameter heterogeneity to neuron parameters...
[2026-06-26 08:01:10][INFO] SIM_BRIDGE: Applied heterogeneity to 4 parameters.
[2026-06-26 08:01:10][INFO] SIM_BRIDGE: Initializing OU process state (tau=15.0ms, sigma=20.0pA)...
[2026-06-26 08:01:10][INFO] SIM_BRIDGE: Generating 3D neuron positions for 126 neurons...
[2026-06-26 08:01:10][INFO] SIM_BRIDGE: Generating connections (3D)...
[2026-06-26 08:01:10][INFO] SIM_BRIDGE: Simulation data initialized for 126 neurons (3D). Synapses: 0. GPU memory: 1.6GB/25.8GB (6.2%)
[2026-06-26 08:01:10][INFO] SIM_BRIDGE: inject_explicit_wiring: installed 720 synapses across 1 populations.
[2026-06-26 08:01:46][INFO] SIM_BRIDGE: CuPy using GPU: NVIDIA GeForce RTX 3090 (24.0 GB), mempool limit: 80%
[2026-06-26 08:01:46][INFO] SIM_BRIDGE: Initializing simulation data for model: IZHIKEVICH (3D)... (playback_init: False)
[2026-06-26 08:01:46][INFO] SIM_BRIDGE: RNG initialized with seed: 100
[2026-06-26 08:01:46][INFO] SIM_BRIDGE: Initializing Izhikevich model specifics for 224 neurons...
[2026-06-26 08:01:46][INFO] SIM_BRIDGE: Applying parameter heterogeneity to neuron parameters...
[2026-06-26 08:01:46][INFO] SIM_BRIDGE: Applied heterogeneity to 4 parameters.
[2026-06-26 08:01:46][INFO] SIM_BRIDGE: Initializing OU process state (tau=15.0ms, sigma=20.0pA)...
[2026-06-26 08:01:46][INFO] SIM_BRIDGE: Generating 3D neuron positions for 224 neurons...
[2026-06-26 08:01:46][INFO] SIM_BRIDGE: Generating connections (3D)...
[2026-06-26 08:01:46][INFO] SIM_BRIDGE: Simulation data initialized for 224 neurons (3D). Synapses: 0. GPU memory: 1.6GB/25.8GB (6.2%)
[2026-06-26 08:01:46][INFO] SIM_BRIDGE: inject_explicit_wiring: installed 4800 synapses across 1 populations.
[2026-06-26 08:02:41][INFO] SIM_BRIDGE: CuPy using GPU: NVIDIA GeForce RTX 3090 (24.0 GB), mempool limit: 80%
[2026-06-26 08:02:41][INFO] SIM_BRIDGE: Initializing simulation data for model: IZHIKEVICH (3D)... (playback_init: False)
[2026-06-26 08:02:41][INFO] SIM_BRIDGE: Brain-region framework: 2 regions, 2560 total neurons, 2 pathways.
[2026-06-26 08:02:41][INFO] SIM_BRIDGE: RNG initialized with seed: 100
[2026-06-26 08:02:41][INFO] SIM_BRIDGE: NMDA per-region mask: 2 regions enabled (2560 neurons)
[2026-06-26 08:02:41][INFO] SIM_BRIDGE: Initializing Izhikevich model specifics for 2560 neurons...
[2026-06-26 08:02:41][INFO] SIM_BRIDGE: Region 'cortex_ctx' (1280 neurons): using Izh type IZH2007_HIPPO_PYRAMIDAL
[2026-06-26 08:02:41][INFO] SIM_BRIDGE: Region 'dlpfc_wm' (1280 neurons): using Izh type IZH2007_HIPPO_PYRAMIDAL
[2026-06-26 08:02:41][INFO] SIM_BRIDGE: Applying parameter heterogeneity to neuron parameters...
[2026-06-26 08:02:41][INFO] SIM_BRIDGE: Applied heterogeneity to 4 parameters.
[2026-06-26 08:02:41][INFO] SIM_BRIDGE: Generating 3D neuron positions for 2560 neurons...
[2026-06-26 08:02:41][INFO] SIM_BRIDGE: Generating connections (brain-region framework)...
[2026-06-26 08:02:41][INFO] SIM_BRIDGE: inject_explicit_wiring: installed 491032 synapses across 4 populations.
[2026-06-26 08:02:41][INFO] SIM_BRIDGE: Initializing eligibility traces for 491032 synapses (capacity: 736548, dtype: float32)...
[2026-06-26 08:02:41][INFO] SIM_BRIDGE: Initializing STDP state for 2560 neurons...
[2026-06-26 08:02:41][INFO] SIM_BRIDGE: Simulation data initialized for 2560 neurons (3D). Synapses: 491032. GPU memory: 1.6GB/25.8GB (6.2%)
[2026-06-26 08:02:56][INFO] SIM_BRIDGE: CuPy using GPU: NVIDIA GeForce RTX 3090 (24.0 GB), mempool limit: 80%
[2026-06-26 08:02:56][INFO] SIM_BRIDGE: Initializing simulation data for model: IZHIKEVICH (3D)... (playback_init: False)
[2026-06-26 08:02:56][INFO] SIM_BRIDGE: RNG initialized with seed: 100
[2026-06-26 08:02:56][INFO] SIM_BRIDGE: Initializing Izhikevich model specifics for 126 neurons...
[2026-06-26 08:02:56][INFO] SIM_BRIDGE: Applying parameter heterogeneity to neuron parameters...
[2026-06-26 08:02:56][INFO] SIM_BRIDGE: Applied heterogeneity to 4 parameters.
[2026-06-26 08:02:56][INFO] SIM_BRIDGE: Initializing OU process state (tau=15.0ms, sigma=20.0pA)...
[2026-06-26 08:02:56][INFO] SIM_BRIDGE: Generating 3D neuron positions for 126 neurons...
[2026-06-26 08:02:56][INFO] SIM_BRIDGE: Generating connections (3D)...
[2026-06-26 08:02:56][INFO] SIM_BRIDGE: Simulation data initialized for 126 neurons (3D). Synapses: 0. GPU memory: 1.6GB/25.8GB (6.2%)
[2026-06-26 08:02:56][INFO] SIM_BRIDGE: inject_explicit_wiring: installed 720 synapses across 1 populations.
[2026-06-26 08:03:35][INFO] SIM_BRIDGE: CuPy using GPU: NVIDIA GeForce RTX 3090 (24.0 GB), mempool limit: 80%
[2026-06-26 08:03:35][INFO] SIM_BRIDGE: Initializing simulation data for model: IZHIKEVICH (3D)... (playback_init: False)
[2026-06-26 08:03:35][INFO] SIM_BRIDGE: RNG initialized with seed: 100
[2026-06-26 08:03:35][INFO] SIM_BRIDGE: Initializing Izhikevich model specifics for 224 neurons...
[2026-06-26 08:03:35][INFO] SIM_BRIDGE: Applying parameter heterogeneity to neuron parameters...
[2026-06-26 08:03:35][INFO] SIM_BRIDGE: Applied heterogeneity to 4 parameters.
[2026-06-26 08:03:35][INFO] SIM_BRIDGE: Initializing OU process state (tau=15.0ms, sigma=20.0pA)...
[2026-06-26 08:03:35][INFO] SIM_BRIDGE: Generating 3D neuron positions for 224 neurons...
[2026-06-26 08:03:35][INFO] SIM_BRIDGE: Generating connections (3D)...
[2026-06-26 08:03:35][INFO] SIM_BRIDGE: Simulation data initialized for 224 neurons (3D). Synapses: 0. GPU memory: 1.6GB/25.8GB (6.2%)
[2026-06-26 08:03:35][INFO] SIM_BRIDGE: inject_explicit_wiring: installed 4800 synapses across 1 populations.
[2026-06-26 08:04:29][INFO] SIM_BRIDGE: CuPy using GPU: NVIDIA GeForce RTX 3090 (24.0 GB), mempool limit: 80%
[2026-06-26 08:04:29][INFO] SIM_BRIDGE: Initializing simulation data for model: IZHIKEVICH (3D)... (playback_init: False)
[2026-06-26 08:04:29][INFO] SIM_BRIDGE: Brain-region framework: 2 regions, 2560 total neurons, 2 pathways.
[2026-06-26 08:04:29][INFO] SIM_BRIDGE: RNG initialized with seed: 100
[2026-06-26 08:04:29][INFO] SIM_BRIDGE: NMDA per-region mask: 2 regions enabled (2560 neurons)
[2026-06-26 08:04:29][INFO] SIM_BRIDGE: Initializing Izhikevich model specifics for 2560 neurons...
[2026-06-26 08:04:29][INFO] SIM_BRIDGE: Region 'cortex_ctx' (1280 neurons): using Izh type IZH2007_HIPPO_PYRAMIDAL
[2026-06-26 08:04:29][INFO] SIM_BRIDGE: Region 'dlpfc_wm' (1280 neurons): using Izh type IZH2007_HIPPO_PYRAMIDAL
[2026-06-26 08:04:29][INFO] SIM_BRIDGE: Applying parameter heterogeneity to neuron parameters...
[2026-06-26 08:04:29][INFO] SIM_BRIDGE: Applied heterogeneity to 4 parameters.
[2026-06-26 08:04:29][INFO] SIM_BRIDGE: Generating 3D neuron positions for 2560 neurons...
[2026-06-26 08:04:29][INFO] SIM_BRIDGE: Generating connections (brain-region framework)...
[2026-06-26 08:04:30][INFO] SIM_BRIDGE: inject_explicit_wiring: installed 491032 synapses across 4 populations.
[2026-06-26 08:04:30][INFO] SIM_BRIDGE: Initializing eligibility traces for 491032 synapses (capacity: 736548, dtype: float32)...
[2026-06-26 08:04:30][INFO] SIM_BRIDGE: Initializing STDP state for 2560 neurons...
[2026-06-26 08:04:30][INFO] SIM_BRIDGE: Simulation data initialized for 2560 neurons (3D). Synapses: 491032. GPU memory: 1.6GB/25.8GB (6.2%)
[2026-06-26 08:04:43][INFO] SIM_BRIDGE: CuPy using GPU: NVIDIA GeForce RTX 3090 (24.0 GB), mempool limit: 80%
[2026-06-26 08:04:43][INFO] SIM_BRIDGE: Initializing simulation data for model: IZHIKEVICH (3D)... (playback_init: False)
[2026-06-26 08:04:43][INFO] SIM_BRIDGE: RNG initialized with seed: 100
[2026-06-26 08:04:43][INFO] SIM_BRIDGE: Initializing Izhikevich model specifics for 126 neurons...
[2026-06-26 08:04:43][INFO] SIM_BRIDGE: Applying parameter heterogeneity to neuron parameters...
[2026-06-26 08:04:43][INFO] SIM_BRIDGE: Applied heterogeneity to 4 parameters.
[2026-06-26 08:04:43][INFO] SIM_BRIDGE: Initializing OU process state (tau=15.0ms, sigma=20.0pA)...
[2026-06-26 08:04:43][INFO] SIM_BRIDGE: Generating 3D neuron positions for 126 neurons...
[2026-06-26 08:04:43][INFO] SIM_BRIDGE: Generating connections (3D)...
[2026-06-26 08:04:43][INFO] SIM_BRIDGE: Simulation data initialized for 126 neurons (3D). Synapses: 0. GPU memory: 1.6GB/25.8GB (6.2%)
[2026-06-26 08:04:43][INFO] SIM_BRIDGE: inject_explicit_wiring: installed 720 synapses across 1 populations.
[2026-06-26 08:05:19][INFO] SIM_BRIDGE: CuPy using GPU: NVIDIA GeForce RTX 3090 (24.0 GB), mempool limit: 80%
[2026-06-26 08:05:19][INFO] SIM_BRIDGE: Initializing simulation data for model: IZHIKEVICH (3D)... (playback_init: False)
[2026-06-26 08:05:19][INFO] SIM_BRIDGE: RNG initialized with seed: 100
[2026-06-26 08:05:19][INFO] SIM_BRIDGE: Initializing Izhikevich model specifics for 224 neurons...
[2026-06-26 08:05:19][INFO] SIM_BRIDGE: Applying parameter heterogeneity to neuron parameters...
[2026-06-26 08:05:19][INFO] SIM_BRIDGE: Applied heterogeneity to 4 parameters.
[2026-06-26 08:05:19][INFO] SIM_BRIDGE: Initializing OU process state (tau=15.0ms, sigma=20.0pA)...
[2026-06-26 08:05:19][INFO] SIM_BRIDGE: Generating 3D neuron positions for 224 neurons...
[2026-06-26 08:05:19][INFO] SIM_BRIDGE: Generating connections (3D)...
[2026-06-26 08:05:19][INFO] SIM_BRIDGE: Simulation data initialized for 224 neurons (3D). Synapses: 0. GPU memory: 1.6GB/25.8GB (6.2%)
[2026-06-26 08:05:19][INFO] SIM_BRIDGE: inject_explicit_wiring: installed 4800 synapses across 1 populations.
[2026-06-26 08:06:13][INFO] SIM_BRIDGE: CuPy using GPU: NVIDIA GeForce RTX 3090 (24.0 GB), mempool limit: 80%
[2026-06-26 08:06:13][INFO] SIM_BRIDGE: Initializing simulation data for model: IZHIKEVICH (3D)... (playback_init: False)
[2026-06-26 08:06:13][INFO] SIM_BRIDGE: Brain-region framework: 2 regions, 2560 total neurons, 2 pathways.
[2026-06-26 08:06:13][INFO] SIM_BRIDGE: RNG initialized with seed: 100
[2026-06-26 08:06:13][INFO] SIM_BRIDGE: NMDA per-region mask: 2 regions enabled (2560 neurons)
[2026-06-26 08:06:13][INFO] SIM_BRIDGE: Initializing Izhikevich model specifics for 2560 neurons...
[2026-06-26 08:06:13][INFO] SIM_BRIDGE: Region 'cortex_ctx' (1280 neurons): using Izh type IZH2007_HIPPO_PYRAMIDAL
[2026-06-26 08:06:13][INFO] SIM_BRIDGE: Region 'dlpfc_wm' (1280 neurons): using Izh type IZH2007_HIPPO_PYRAMIDAL
[2026-06-26 08:06:13][INFO] SIM_BRIDGE: Applying parameter heterogeneity to neuron parameters...
[2026-06-26 08:06:13][INFO] SIM_BRIDGE: Applied heterogeneity to 4 parameters.
[2026-06-26 08:06:13][INFO] SIM_BRIDGE: Generating 3D neuron positions for 2560 neurons...
[2026-06-26 08:06:13][INFO] SIM_BRIDGE: Generating connections (brain-region framework)...
[2026-06-26 08:06:14][INFO] SIM_BRIDGE: inject_explicit_wiring: installed 491032 synapses across 4 populations.
[2026-06-26 08:06:14][INFO] SIM_BRIDGE: Initializing eligibility traces for 491032 synapses (capacity: 736548, dtype: float32)...
[2026-06-26 08:06:14][INFO] SIM_BRIDGE: Initializing STDP state for 2560 neurons...
[2026-06-26 08:06:14][INFO] SIM_BRIDGE: Simulation data initialized for 2560 neurons (3D). Synapses: 491032. GPU memory: 1.6GB/25.8GB (6.2%)
[2026-06-26 08:06:26][INFO] SIM_BRIDGE: CuPy using GPU: NVIDIA GeForce RTX 3090 (24.0 GB), mempool limit: 80%
[2026-06-26 08:06:26][INFO] SIM_BRIDGE: Initializing simulation data for model: IZHIKEVICH (3D)... (playback_init: False)
[2026-06-26 08:06:26][INFO] SIM_BRIDGE: RNG initialized with seed: 100
[2026-06-26 08:06:26][INFO] SIM_BRIDGE: Initializing Izhikevich model specifics for 126 neurons...
[2026-06-26 08:06:26][INFO] SIM_BRIDGE: Applying parameter heterogeneity to neuron parameters...
[2026-06-26 08:06:26][INFO] SIM_BRIDGE: Applied heterogeneity to 4 parameters.
[2026-06-26 08:06:26][INFO] SIM_BRIDGE: Initializing OU process state (tau=15.0ms, sigma=20.0pA)...
[2026-06-26 08:06:26][INFO] SIM_BRIDGE: Generating 3D neuron positions for 126 neurons...
[2026-06-26 08:06:26][INFO] SIM_BRIDGE: Generating connections (3D)...
[2026-06-26 08:06:26][INFO] SIM_BRIDGE: Simulation data initialized for 126 neurons (3D). Synapses: 0. GPU memory: 1.6GB/25.8GB (6.2%)
[2026-06-26 08:06:26][INFO] SIM_BRIDGE: inject_explicit_wiring: installed 720 synapses across 1 populations.
[2026-06-26 08:07:03][INFO] SIM_BRIDGE: CuPy using GPU: NVIDIA GeForce RTX 3090 (24.0 GB), mempool limit: 80%
[2026-06-26 08:07:03][INFO] SIM_BRIDGE: Initializing simulation data for model: IZHIKEVICH (3D)... (playback_init: False)
[2026-06-26 08:07:03][INFO] SIM_BRIDGE: RNG initialized with seed: 100
[2026-06-26 08:07:03][INFO] SIM_BRIDGE: Initializing Izhikevich model specifics for 224 neurons...
[2026-06-26 08:07:03][INFO] SIM_BRIDGE: Applying parameter heterogeneity to neuron parameters...
[2026-06-26 08:07:03][INFO] SIM_BRIDGE: Applied heterogeneity to 4 parameters.
[2026-06-26 08:07:03][INFO] SIM_BRIDGE: Initializing OU process state (tau=15.0ms, sigma=20.0pA)...
[2026-06-26 08:07:03][INFO] SIM_BRIDGE: Generating 3D neuron positions for 224 neurons...
[2026-06-26 08:07:03][INFO] SIM_BRIDGE: Generating connections (3D)...
[2026-06-26 08:07:03][INFO] SIM_BRIDGE: Simulation data initialized for 224 neurons (3D). Synapses: 0. GPU memory: 1.6GB/25.8GB (6.2%)
[2026-06-26 08:07:03][INFO] SIM_BRIDGE: inject_explicit_wiring: installed 4800 synapses across 1 populations.
[2026-06-26 08:07:57][INFO] SIM_BRIDGE: CuPy using GPU: NVIDIA GeForce RTX 3090 (24.0 GB), mempool limit: 80%
[2026-06-26 08:07:57][INFO] SIM_BRIDGE: Initializing simulation data for model: IZHIKEVICH (3D)... (playback_init: False)
[2026-06-26 08:07:57][INFO] SIM_BRIDGE: Brain-region framework: 2 regions, 2560 total neurons, 2 pathways.
[2026-06-26 08:07:57][INFO] SIM_BRIDGE: RNG initialized with seed: 100
[2026-06-26 08:07:57][INFO] SIM_BRIDGE: NMDA per-region mask: 2 regions enabled (2560 neurons)
[2026-06-26 08:07:57][INFO] SIM_BRIDGE: Initializing Izhikevich model specifics for 2560 neurons...
[2026-06-26 08:07:57][INFO] SIM_BRIDGE: Region 'cortex_ctx' (1280 neurons): using Izh type IZH2007_HIPPO_PYRAMIDAL
[2026-06-26 08:07:57][INFO] SIM_BRIDGE: Region 'dlpfc_wm' (1280 neurons): using Izh type IZH2007_HIPPO_PYRAMIDAL
[2026-06-26 08:07:57][INFO] SIM_BRIDGE: Applying parameter heterogeneity to neuron parameters...
[2026-06-26 08:07:57][INFO] SIM_BRIDGE: Applied heterogeneity to 4 parameters.
[2026-06-26 08:07:57][INFO] SIM_BRIDGE: Generating 3D neuron positions for 2560 neurons...
[2026-06-26 08:07:57][INFO] SIM_BRIDGE: Generating connections (brain-region framework)...
[2026-06-26 08:07:58][INFO] SIM_BRIDGE: inject_explicit_wiring: installed 491032 synapses across 4 populations.
[2026-06-26 08:07:58][INFO] SIM_BRIDGE: Initializing eligibility traces for 491032 synapses (capacity: 736548, dtype: float32)...
[2026-06-26 08:07:58][INFO] SIM_BRIDGE: Initializing STDP state for 2560 neurons...
[2026-06-26 08:07:58][INFO] SIM_BRIDGE: Simulation data initialized for 2560 neurons (3D). Synapses: 491032. GPU memory: 1.6GB/25.8GB (6.2%)
[2026-06-26 08:08:11][INFO] SIM_BRIDGE: CuPy using GPU: NVIDIA GeForce RTX 3090 (24.0 GB), mempool limit: 80%
[2026-06-26 08:08:11][INFO] SIM_BRIDGE: Initializing simulation data for model: IZHIKEVICH (3D)... (playback_init: False)
[2026-06-26 08:08:11][INFO] SIM_BRIDGE: RNG initialized with seed: 100
[2026-06-26 08:08:11][INFO] SIM_BRIDGE: Initializing Izhikevich model specifics for 126 neurons...
[2026-06-26 08:08:11][INFO] SIM_BRIDGE: Applying parameter heterogeneity to neuron parameters...
[2026-06-26 08:08:11][INFO] SIM_BRIDGE: Applied heterogeneity to 4 parameters.
[2026-06-26 08:08:11][INFO] SIM_BRIDGE: Initializing OU process state (tau=15.0ms, sigma=20.0pA)...
[2026-06-26 08:08:11][INFO] SIM_BRIDGE: Generating 3D neuron positions for 126 neurons...
[2026-06-26 08:08:11][INFO] SIM_BRIDGE: Generating connections (3D)...
[2026-06-26 08:08:11][INFO] SIM_BRIDGE: Simulation data initialized for 126 neurons (3D). Synapses: 0. GPU memory: 1.6GB/25.8GB (6.2%)
[2026-06-26 08:08:11][INFO] SIM_BRIDGE: inject_explicit_wiring: installed 720 synapses across 1 populations.
[2026-06-26 08:08:50][INFO] SIM_BRIDGE: CuPy using GPU: NVIDIA GeForce RTX 3090 (24.0 GB), mempool limit: 80%
[2026-06-26 08:08:50][INFO] SIM_BRIDGE: Initializing simulation data for model: IZHIKEVICH (3D)... (playback_init: False)
[2026-06-26 08:08:50][INFO] SIM_BRIDGE: RNG initialized with seed: 100
[2026-06-26 08:08:50][INFO] SIM_BRIDGE: Initializing Izhikevich model specifics for 224 neurons...
[2026-06-26 08:08:50][INFO] SIM_BRIDGE: Applying parameter heterogeneity to neuron parameters...
[2026-06-26 08:08:50][INFO] SIM_BRIDGE: Applied heterogeneity to 4 parameters.
[2026-06-26 08:08:50][INFO] SIM_BRIDGE: Initializing OU process state (tau=15.0ms, sigma=20.0pA)...
[2026-06-26 08:08:50][INFO] SIM_BRIDGE: Generating 3D neuron positions for 224 neurons...
[2026-06-26 08:08:50][INFO] SIM_BRIDGE: Generating connections (3D)...
[2026-06-26 08:08:50][INFO] SIM_BRIDGE: Simulation data initialized for 224 neurons (3D). Synapses: 0. GPU memory: 1.6GB/25.8GB (6.2%)
[2026-06-26 08:08:50][INFO] SIM_BRIDGE: inject_explicit_wiring: installed 4800 synapses across 1 populations.
[2026-06-26 08:09:44][INFO] SIM_BRIDGE: CuPy using GPU: NVIDIA GeForce RTX 3090 (24.0 GB), mempool limit: 80%
[2026-06-26 08:09:44][INFO] SIM_BRIDGE: Initializing simulation data for model: IZHIKEVICH (3D)... (playback_init: False)
[2026-06-26 08:09:44][INFO] SIM_BRIDGE: Brain-region framework: 2 regions, 2560 total neurons, 2 pathways.
[2026-06-26 08:09:44][INFO] SIM_BRIDGE: RNG initialized with seed: 100
[2026-06-26 08:09:44][INFO] SIM_BRIDGE: NMDA per-region mask: 2 regions enabled (2560 neurons)
[2026-06-26 08:09:44][INFO] SIM_BRIDGE: Initializing Izhikevich model specifics for 2560 neurons...
[2026-06-26 08:09:44][INFO] SIM_BRIDGE: Region 'cortex_ctx' (1280 neurons): using Izh type IZH2007_HIPPO_PYRAMIDAL
[2026-06-26 08:09:44][INFO] SIM_BRIDGE: Region 'dlpfc_wm' (1280 neurons): using Izh type IZH2007_HIPPO_PYRAMIDAL
[2026-06-26 08:09:44][INFO] SIM_BRIDGE: Applying parameter heterogeneity to neuron parameters...
[2026-06-26 08:09:44][INFO] SIM_BRIDGE: Applied heterogeneity to 4 parameters.
[2026-06-26 08:09:44][INFO] SIM_BRIDGE: Generating 3D neuron positions for 2560 neurons...
[2026-06-26 08:09:44][INFO] SIM_BRIDGE: Generating connections (brain-region framework)...
[2026-06-26 08:09:45][INFO] SIM_BRIDGE: inject_explicit_wiring: installed 491032 synapses across 4 populations.
[2026-06-26 08:09:45][INFO] SIM_BRIDGE: Initializing eligibility traces for 491032 synapses (capacity: 736548, dtype: float32)...
[2026-06-26 08:09:45][INFO] SIM_BRIDGE: Initializing STDP state for 2560 neurons...
[2026-06-26 08:09:45][INFO] SIM_BRIDGE: Simulation data initialized for 2560 neurons (3D). Synapses: 491032. GPU memory: 1.6GB/25.8GB (6.2%)
[2026-06-26 08:09:58][INFO] SIM_BRIDGE: CuPy using GPU: NVIDIA GeForce RTX 3090 (24.0 GB), mempool limit: 80%
[2026-06-26 08:09:58][INFO] SIM_BRIDGE: Initializing simulation data for model: IZHIKEVICH (3D)... (playback_init: False)
[2026-06-26 08:09:58][INFO] SIM_BRIDGE: RNG initialized with seed: 100
[2026-06-26 08:09:58][INFO] SIM_BRIDGE: Initializing Izhikevich model specifics for 126 neurons...
[2026-06-26 08:09:58][INFO] SIM_BRIDGE: Applying parameter heterogeneity to neuron parameters...
[2026-06-26 08:09:58][INFO] SIM_BRIDGE: Applied heterogeneity to 4 parameters.
[2026-06-26 08:09:58][INFO] SIM_BRIDGE: Initializing OU process state (tau=15.0ms, sigma=20.0pA)...
[2026-06-26 08:09:58][INFO] SIM_BRIDGE: Generating 3D neuron positions for 126 neurons...
[2026-06-26 08:09:58][INFO] SIM_BRIDGE: Generating connections (3D)...
[2026-06-26 08:09:58][INFO] SIM_BRIDGE: Simulation data initialized for 126 neurons (3D). Synapses: 0. GPU memory: 1.6GB/25.8GB (6.2%)
[2026-06-26 08:09:58][INFO] SIM_BRIDGE: inject_explicit_wiring: installed 720 synapses across 1 populations.
[2026-06-26 08:10:35][INFO] SIM_BRIDGE: CuPy using GPU: NVIDIA GeForce RTX 3090 (24.0 GB), mempool limit: 80%
[2026-06-26 08:10:35][INFO] SIM_BRIDGE: Initializing simulation data for model: IZHIKEVICH (3D)... (playback_init: False)
[2026-06-26 08:10:35][INFO] SIM_BRIDGE: RNG initialized with seed: 100
[2026-06-26 08:10:35][INFO] SIM_BRIDGE: Initializing Izhikevich model specifics for 224 neurons...
[2026-06-26 08:10:35][INFO] SIM_BRIDGE: Applying parameter heterogeneity to neuron parameters...
[2026-06-26 08:10:35][INFO] SIM_BRIDGE: Applied heterogeneity to 4 parameters.
[2026-06-26 08:10:35][INFO] SIM_BRIDGE: Initializing OU process state (tau=15.0ms, sigma=20.0pA)...
[2026-06-26 08:10:35][INFO] SIM_BRIDGE: Generating 3D neuron positions for 224 neurons...
[2026-06-26 08:10:35][INFO] SIM_BRIDGE: Generating connections (3D)...
[2026-06-26 08:10:35][INFO] SIM_BRIDGE: Simulation data initialized for 224 neurons (3D). Synapses: 0. GPU memory: 1.6GB/25.8GB (6.2%)
[2026-06-26 08:10:35][INFO] SIM_BRIDGE: inject_explicit_wiring: installed 4800 synapses across 1 populations.
[2026-06-26 08:11:29][INFO] SIM_BRIDGE: CuPy using GPU: NVIDIA GeForce RTX 3090 (24.0 GB), mempool limit: 80%
[2026-06-26 08:11:29][INFO] SIM_BRIDGE: Initializing simulation data for model: IZHIKEVICH (3D)... (playback_init: False)
[2026-06-26 08:11:29][INFO] SIM_BRIDGE: Brain-region framework: 2 regions, 2560 total neurons, 2 pathways.
[2026-06-26 08:11:29][INFO] SIM_BRIDGE: RNG initialized with seed: 100
[2026-06-26 08:11:29][INFO] SIM_BRIDGE: NMDA per-region mask: 2 regions enabled (2560 neurons)
[2026-06-26 08:11:29][INFO] SIM_BRIDGE: Initializing Izhikevich model specifics for 2560 neurons...
[2026-06-26 08:11:29][INFO] SIM_BRIDGE: Region 'cortex_ctx' (1280 neurons): using Izh type IZH2007_HIPPO_PYRAMIDAL
[2026-06-26 08:11:29][INFO] SIM_BRIDGE: Region 'dlpfc_wm' (1280 neurons): using Izh type IZH2007_HIPPO_PYRAMIDAL
[2026-06-26 08:11:29][INFO] SIM_BRIDGE: Applying parameter heterogeneity to neuron parameters...
[2026-06-26 08:11:29][INFO] SIM_BRIDGE: Applied heterogeneity to 4 parameters.
[2026-06-26 08:11:29][INFO] SIM_BRIDGE: Generating 3D neuron positions for 2560 neurons...
[2026-06-26 08:11:29][INFO] SIM_BRIDGE: Generating connections (brain-region framework)...
[2026-06-26 08:11:30][INFO] SIM_BRIDGE: inject_explicit_wiring: installed 491032 synapses across 4 populations.
[2026-06-26 08:11:30][INFO] SIM_BRIDGE: Initializing eligibility traces for 491032 synapses (capacity: 736548, dtype: float32)...
[2026-06-26 08:11:30][INFO] SIM_BRIDGE: Initializing STDP state for 2560 neurons...
[2026-06-26 08:11:30][INFO] SIM_BRIDGE: Simulation data initialized for 2560 neurons (3D). Synapses: 491032. GPU memory: 1.6GB/25.8GB (6.2%)

==============================================================================================================
  VERDICT: GO — the L0 longitudinal-development loop runs at GPU scale with REAL stream-cortex code-learning (corr(M,C) mean +0.89), day-over-day development (vocab 6->24, heard 6->24, facts 2->11), retention holds (1.00), moat 0-FA, a tier fired, persistence resumes, frozen-brain anti-cheat holds. Per-day 127.6s; compressed-week ETA ~14.9 min. READY for the 6-seed compressed-week.
  [saved] research/findings/raw/_develop_week_seed100.json  (wall 1790.1s)
==============================================================================================================
=== SEED 100 EXIT 0 ===
=== SEED 101 START ===
==============================================================================================================
[L0 LONGITUDINAL DEVELOPMENT LOOP — 1-SEED GPU SMOKE — REAL stream cortex]
  backend=cupy  n_days=7  seed=101  max_windows/day=2500  n_hub=200  n_per=12  D=128
  VERIFY: the develop loop runs at GPU scale with the REAL stream-cortex code-learning swapped for the CPU agent-hear() stand-in; measure development + per-day wall-clock + the anti-cheats.
==============================================================================================================

[L0 develop loop — GPU] WAKE(REAL stream-cortex) -> CONVERSE(MultiTurnAgent on learned codes) -> SLEEP(replay+retention) -> [GROWTH] -> METRICS -> PERSIST, 7 days.

[2026-06-26 08:11:32][INFO] SIM_BRIDGE: CuPy using GPU: NVIDIA GeForce RTX 3090 (24.0 GB), mempool limit: 80%
[2026-06-26 08:11:32][INFO] SIM_BRIDGE: Initializing simulation data for model: IZHIKEVICH (3D)... (playback_init: False)
[2026-06-26 08:11:32][INFO] SIM_BRIDGE: Brain-region framework: 2 regions, 2700 total neurons, 1 pathways.
[2026-06-26 08:11:32][INFO] SIM_BRIDGE: RNG initialized with seed: 101
[2026-06-26 08:11:32][INFO] SIM_BRIDGE: Initializing Izhikevich model specifics for 2700 neurons...
[2026-06-26 08:11:32][INFO] SIM_BRIDGE: Applying parameter heterogeneity to neuron parameters...
[2026-06-26 08:11:32][INFO] SIM_BRIDGE: Applied heterogeneity to 4 parameters.
[2026-06-26 08:11:32][INFO] SIM_BRIDGE: Generating 3D neuron positions for 2700 neurons...
[2026-06-26 08:11:32][INFO] SIM_BRIDGE: Generating connections (brain-region framework)...
[2026-06-26 08:11:32][WARNING] SIM_BRIDGE: No trait info available; all synapses default to E->E STP type.
[2026-06-26 08:11:32][INFO] SIM_BRIDGE: inject_explicit_wiring: installed 720000 synapses across 1 populations.
[2026-06-26 08:11:32][INFO] SIM_BRIDGE: Initializing STP state for 720000 synapses (capacity: 1080000)...
[2026-06-26 08:11:32][INFO] SIM_BRIDGE: Initializing eligibility traces for 720000 synapses (capacity: 1080000, dtype: float32)...
[2026-06-26 08:11:32][WARNING] SIM_BRIDGE: No trait info available; all synapses default to E->E STP type.
[2026-06-26 08:11:32][INFO] SIM_BRIDGE: Initializing structural plasticity state...
[2026-06-26 08:11:32][INFO] SIM_BRIDGE: Simulation data initialized for 2700 neurons (3D). Synapses: 720000. GPU memory: 1.4GB/25.8GB (5.4%)
[2026-06-26 08:11:46][INFO] SIM_BRIDGE: CuPy using GPU: NVIDIA GeForce RTX 3090 (24.0 GB), mempool limit: 80%
[2026-06-26 08:11:46][INFO] SIM_BRIDGE: Initializing simulation data for model: IZHIKEVICH (3D)... (playback_init: False)
[2026-06-26 08:11:46][INFO] SIM_BRIDGE: RNG initialized with seed: 101
[2026-06-26 08:11:46][INFO] SIM_BRIDGE: Initializing Izhikevich model specifics for 126 neurons...
[2026-06-26 08:11:46][INFO] SIM_BRIDGE: Applying parameter heterogeneity to neuron parameters...
[2026-06-26 08:11:46][INFO] SIM_BRIDGE: Applied heterogeneity to 4 parameters.
[2026-06-26 08:11:46][INFO] SIM_BRIDGE: Initializing OU process state (tau=15.0ms, sigma=20.0pA)...
[2026-06-26 08:11:46][INFO] SIM_BRIDGE: Generating 3D neuron positions for 126 neurons...
[2026-06-26 08:11:46][INFO] SIM_BRIDGE: Generating connections (3D)...
[2026-06-26 08:11:46][INFO] SIM_BRIDGE: Simulation data initialized for 126 neurons (3D). Synapses: 0. GPU memory: 1.6GB/25.8GB (6.0%)
[2026-06-26 08:11:46][INFO] SIM_BRIDGE: inject_explicit_wiring: installed 720 synapses across 1 populations.
[2026-06-26 08:12:22][INFO] SIM_BRIDGE: CuPy using GPU: NVIDIA GeForce RTX 3090 (24.0 GB), mempool limit: 80%
[2026-06-26 08:12:22][INFO] SIM_BRIDGE: Initializing simulation data for model: IZHIKEVICH (3D)... (playback_init: False)
[2026-06-26 08:12:22][INFO] SIM_BRIDGE: RNG initialized with seed: 101
[2026-06-26 08:12:22][INFO] SIM_BRIDGE: Initializing Izhikevich model specifics for 224 neurons...
[2026-06-26 08:12:22][INFO] SIM_BRIDGE: Applying parameter heterogeneity to neuron parameters...
[2026-06-26 08:12:22][INFO] SIM_BRIDGE: Applied heterogeneity to 4 parameters.
[2026-06-26 08:12:22][INFO] SIM_BRIDGE: Initializing OU process state (tau=15.0ms, sigma=20.0pA)...
[2026-06-26 08:12:22][INFO] SIM_BRIDGE: Generating 3D neuron positions for 224 neurons...
[2026-06-26 08:12:22][INFO] SIM_BRIDGE: Generating connections (3D)...
[2026-06-26 08:12:22][INFO] SIM_BRIDGE: Simulation data initialized for 224 neurons (3D). Synapses: 0. GPU memory: 1.6GB/25.8GB (6.0%)
[2026-06-26 08:12:22][INFO] SIM_BRIDGE: inject_explicit_wiring: installed 4800 synapses across 1 populations.
[2026-06-26 08:13:16][INFO] SIM_BRIDGE: CuPy using GPU: NVIDIA GeForce RTX 3090 (24.0 GB), mempool limit: 80%
[2026-06-26 08:13:16][INFO] SIM_BRIDGE: Initializing simulation data for model: IZHIKEVICH (3D)... (playback_init: False)
[2026-06-26 08:13:16][INFO] SIM_BRIDGE: Brain-region framework: 2 regions, 2560 total neurons, 2 pathways.
[2026-06-26 08:13:16][INFO] SIM_BRIDGE: RNG initialized with seed: 101
[2026-06-26 08:13:16][INFO] SIM_BRIDGE: NMDA per-region mask: 2 regions enabled (2560 neurons)
[2026-06-26 08:13:16][INFO] SIM_BRIDGE: Initializing Izhikevich model specifics for 2560 neurons...
[2026-06-26 08:13:16][INFO] SIM_BRIDGE: Region 'cortex_ctx' (1280 neurons): using Izh type IZH2007_HIPPO_PYRAMIDAL
[2026-06-26 08:13:16][INFO] SIM_BRIDGE: Region 'dlpfc_wm' (1280 neurons): using Izh type IZH2007_HIPPO_PYRAMIDAL
[2026-06-26 08:13:16][INFO] SIM_BRIDGE: Applying parameter heterogeneity to neuron parameters...
[2026-06-26 08:13:16][INFO] SIM_BRIDGE: Applied heterogeneity to 4 parameters.
[2026-06-26 08:13:16][INFO] SIM_BRIDGE: Generating 3D neuron positions for 2560 neurons...
[2026-06-26 08:13:16][INFO] SIM_BRIDGE: Generating connections (brain-region framework)...
[2026-06-26 08:13:17][INFO] SIM_BRIDGE: inject_explicit_wiring: installed 491339 synapses across 4 populations.
[2026-06-26 08:13:17][INFO] SIM_BRIDGE: Initializing eligibility traces for 491339 synapses (capacity: 737008, dtype: float32)...
[2026-06-26 08:13:17][INFO] SIM_BRIDGE: Initializing STDP state for 2560 neurons...
[2026-06-26 08:13:17][INFO] SIM_BRIDGE: Simulation data initialized for 2560 neurons (3D). Synapses: 491339. GPU memory: 1.6GB/25.8GB (6.0%)
[2026-06-26 08:13:18][INFO] SIM_BRIDGE: CuPy using GPU: NVIDIA GeForce RTX 3090 (24.0 GB), mempool limit: 80%
[2026-06-26 08:13:18][INFO] SIM_BRIDGE: Initializing simulation data for model: IZHIKEVICH (3D)... (playback_init: False)
[2026-06-26 08:13:18][INFO] SIM_BRIDGE: RNG initialized with seed: 101
[2026-06-26 08:13:18][INFO] SIM_BRIDGE: Initializing Izhikevich model specifics for 256 neurons...
[2026-06-26 08:13:18][INFO] SIM_BRIDGE: Applying parameter heterogeneity to neuron parameters...
[2026-06-26 08:13:18][INFO] SIM_BRIDGE: Applied heterogeneity to 4 parameters.
[2026-06-26 08:13:18][INFO] SIM_BRIDGE: Initializing OU process state (tau=15.0ms, sigma=0.0pA)...
[2026-06-26 08:13:18][INFO] SIM_BRIDGE: Generating 3D neuron positions for 256 neurons...
[2026-06-26 08:13:18][INFO] SIM_BRIDGE: Generating connections (3D)...
[2026-06-26 08:13:18][INFO] SIM_BRIDGE: Simulation data initialized for 256 neurons (3D). Synapses: 0. GPU memory: 1.6GB/25.8GB (6.0%)
[2026-06-26 08:13:19][INFO] SIM_BRIDGE: CuPy using GPU: NVIDIA GeForce RTX 3090 (24.0 GB), mempool limit: 80%
[2026-06-26 08:13:19][INFO] SIM_BRIDGE: Initializing simulation data for model: IZHIKEVICH (3D)... (playback_init: False)
[2026-06-26 08:13:19][INFO] SIM_BRIDGE: RNG initialized with seed: 101
[2026-06-26 08:13:19][INFO] SIM_BRIDGE: Initializing Izhikevich model specifics for 640 neurons...
[2026-06-26 08:13:19][INFO] SIM_BRIDGE: Applying parameter heterogeneity to neuron parameters...
[2026-06-26 08:13:19][INFO] SIM_BRIDGE: Applied heterogeneity to 4 parameters.
[2026-06-26 08:13:19][INFO] SIM_BRIDGE: Initializing OU process state (tau=15.0ms, sigma=0.0pA)...
[2026-06-26 08:13:19][INFO] SIM_BRIDGE: Generating 3D neuron positions for 640 neurons...
[2026-06-26 08:13:19][INFO] SIM_BRIDGE: Generating connections (3D)...
[2026-06-26 08:13:19][INFO] SIM_BRIDGE: Simulation data initialized for 640 neurons (3D). Synapses: 0. GPU memory: 1.6GB/25.8GB (6.1%)
[2026-06-26 08:13:22][INFO] SIM_BRIDGE: CuPy using GPU: NVIDIA GeForce RTX 3090 (24.0 GB), mempool limit: 80%
[2026-06-26 08:13:22][INFO] SIM_BRIDGE: Initializing simulation data for model: IZHIKEVICH (3D)... (playback_init: False)
[2026-06-26 08:13:22][INFO] SIM_BRIDGE: RNG initialized with seed: 101
[2026-06-26 08:13:22][INFO] SIM_BRIDGE: Initializing Izhikevich model specifics for 768 neurons...
[2026-06-26 08:13:22][INFO] SIM_BRIDGE: Applying parameter heterogeneity to neuron parameters...
[2026-06-26 08:13:22][INFO] SIM_BRIDGE: Applied heterogeneity to 4 parameters.
[2026-06-26 08:13:22][INFO] SIM_BRIDGE: Initializing OU process state (tau=15.0ms, sigma=0.0pA)...
[2026-06-26 08:13:22][INFO] SIM_BRIDGE: Generating 3D neuron positions for 768 neurons...
[2026-06-26 08:13:22][INFO] SIM_BRIDGE: Generating connections (3D)...
[2026-06-26 08:13:22][INFO] SIM_BRIDGE: Simulation data initialized for 768 neurons (3D). Synapses: 0. GPU memory: 1.6GB/25.8GB (6.1%)
  [day 0] vocab= 6 heard= 6 facts= 2 recall=1.00 heldout=- retain=- chain=- moat_fa=0 corr(M,C)=+0.91 tier=4 replay=1 win=2500 (110.2s wake=13.3s)
[2026-06-26 08:13:37][INFO] SIM_BRIDGE: CuPy using GPU: NVIDIA GeForce RTX 3090 (24.0 GB), mempool limit: 80%
[2026-06-26 08:13:37][INFO] SIM_BRIDGE: Initializing simulation data for model: IZHIKEVICH (3D)... (playback_init: False)
[2026-06-26 08:13:37][INFO] SIM_BRIDGE: RNG initialized with seed: 101
[2026-06-26 08:13:37][INFO] SIM_BRIDGE: Initializing Izhikevich model specifics for 126 neurons...
[2026-06-26 08:13:37][INFO] SIM_BRIDGE: Applying parameter heterogeneity to neuron parameters...
[2026-06-26 08:13:37][INFO] SIM_BRIDGE: Applied heterogeneity to 4 parameters.
[2026-06-26 08:13:37][INFO] SIM_BRIDGE: Initializing OU process state (tau=15.0ms, sigma=20.0pA)...
[2026-06-26 08:13:37][INFO] SIM_BRIDGE: Generating 3D neuron positions for 126 neurons...
[2026-06-26 08:13:37][INFO] SIM_BRIDGE: Generating connections (3D)...
[2026-06-26 08:13:37][INFO] SIM_BRIDGE: Simulation data initialized for 126 neurons (3D). Synapses: 0. GPU memory: 1.6GB/25.8GB (6.1%)
[2026-06-26 08:13:37][INFO] SIM_BRIDGE: inject_explicit_wiring: installed 720 synapses across 1 populations.
[2026-06-26 08:14:22][INFO] SIM_BRIDGE: CuPy using GPU: NVIDIA GeForce RTX 3090 (24.0 GB), mempool limit: 80%
[2026-06-26 08:14:22][INFO] SIM_BRIDGE: Initializing simulation data for model: IZHIKEVICH (3D)... (playback_init: False)
[2026-06-26 08:14:22][INFO] SIM_BRIDGE: RNG initialized with seed: 101
[2026-06-26 08:14:22][INFO] SIM_BRIDGE: Initializing Izhikevich model specifics for 224 neurons...
[2026-06-26 08:14:22][INFO] SIM_BRIDGE: Applying parameter heterogeneity to neuron parameters...
[2026-06-26 08:14:22][INFO] SIM_BRIDGE: Applied heterogeneity to 4 parameters.
[2026-06-26 08:14:22][INFO] SIM_BRIDGE: Initializing OU process state (tau=15.0ms, sigma=20.0pA)...
[2026-06-26 08:14:22][INFO] SIM_BRIDGE: Generating 3D neuron positions for 224 neurons...
[2026-06-26 08:14:22][INFO] SIM_BRIDGE: Generating connections (3D)...
[2026-06-26 08:14:22][INFO] SIM_BRIDGE: Simulation data initialized for 224 neurons (3D). Synapses: 0. GPU memory: 1.6GB/25.8GB (6.1%)
[2026-06-26 08:14:22][INFO] SIM_BRIDGE: inject_explicit_wiring: installed 4800 synapses across 1 populations.
[2026-06-26 08:15:17][INFO] SIM_BRIDGE: CuPy using GPU: NVIDIA GeForce RTX 3090 (24.0 GB), mempool limit: 80%
[2026-06-26 08:15:17][INFO] SIM_BRIDGE: Initializing simulation data for model: IZHIKEVICH (3D)... (playback_init: False)
[2026-06-26 08:15:17][INFO] SIM_BRIDGE: Brain-region framework: 2 regions, 2560 total neurons, 2 pathways.
[2026-06-26 08:15:17][INFO] SIM_BRIDGE: RNG initialized with seed: 101
[2026-06-26 08:15:17][INFO] SIM_BRIDGE: NMDA per-region mask: 2 regions enabled (2560 neurons)
[2026-06-26 08:15:17][INFO] SIM_BRIDGE: Initializing Izhikevich model specifics for 2560 neurons...
[2026-06-26 08:15:17][INFO] SIM_BRIDGE: Region 'cortex_ctx' (1280 neurons): using Izh type IZH2007_HIPPO_PYRAMIDAL
[2026-06-26 08:15:17][INFO] SIM_BRIDGE: Region 'dlpfc_wm' (1280 neurons): using Izh type IZH2007_HIPPO_PYRAMIDAL
[2026-06-26 08:15:17][INFO] SIM_BRIDGE: Applying parameter heterogeneity to neuron parameters...
[2026-06-26 08:15:17][INFO] SIM_BRIDGE: Applied heterogeneity to 4 parameters.
[2026-06-26 08:15:17][INFO] SIM_BRIDGE: Generating 3D neuron positions for 2560 neurons...
[2026-06-26 08:15:17][INFO] SIM_BRIDGE: Generating connections (brain-region framework)...
[2026-06-26 08:15:18][INFO] SIM_BRIDGE: inject_explicit_wiring: installed 491339 synapses across 4 populations.
[2026-06-26 08:15:18][INFO] SIM_BRIDGE: Initializing eligibility traces for 491339 synapses (capacity: 737008, dtype: float32)...
[2026-06-26 08:15:18][INFO] SIM_BRIDGE: Initializing STDP state for 2560 neurons...
[2026-06-26 08:15:18][INFO] SIM_BRIDGE: Simulation data initialized for 2560 neurons (3D). Synapses: 491339. GPU memory: 1.6GB/25.8GB (6.1%)
[2026-06-26 08:15:18][INFO] SIM_BRIDGE: CuPy using GPU: NVIDIA GeForce RTX 3090 (24.0 GB), mempool limit: 80%
[2026-06-26 08:15:18][INFO] SIM_BRIDGE: Initializing simulation data for model: IZHIKEVICH (3D)... (playback_init: False)
[2026-06-26 08:15:18][INFO] SIM_BRIDGE: RNG initialized with seed: 101
[2026-06-26 08:15:18][INFO] SIM_BRIDGE: Initializing Izhikevich model specifics for 256 neurons...
[2026-06-26 08:15:18][INFO] SIM_BRIDGE: Applying parameter heterogeneity to neuron parameters...
[2026-06-26 08:15:18][INFO] SIM_BRIDGE: Applied heterogeneity to 4 parameters.
[2026-06-26 08:15:18][INFO] SIM_BRIDGE: Initializing OU process state (tau=15.0ms, sigma=0.0pA)...
[2026-06-26 08:15:18][INFO] SIM_BRIDGE: Generating 3D neuron positions for 256 neurons...
[2026-06-26 08:15:18][INFO] SIM_BRIDGE: Generating connections (3D)...
[2026-06-26 08:15:18][INFO] SIM_BRIDGE: Simulation data initialized for 256 neurons (3D). Synapses: 0. GPU memory: 1.6GB/25.8GB (6.1%)
[2026-06-26 08:15:19][INFO] SIM_BRIDGE: CuPy using GPU: NVIDIA GeForce RTX 3090 (24.0 GB), mempool limit: 80%
[2026-06-26 08:15:19][INFO] SIM_BRIDGE: Initializing simulation data for model: IZHIKEVICH (3D)... (playback_init: False)
[2026-06-26 08:15:19][INFO] SIM_BRIDGE: RNG initialized with seed: 101
[2026-06-26 08:15:19][INFO] SIM_BRIDGE: Initializing Izhikevich model specifics for 640 neurons...
[2026-06-26 08:15:19][INFO] SIM_BRIDGE: Applying parameter heterogeneity to neuron parameters...
[2026-06-26 08:15:19][INFO] SIM_BRIDGE: Applied heterogeneity to 4 parameters.
[2026-06-26 08:15:19][INFO] SIM_BRIDGE: Initializing OU process state (tau=15.0ms, sigma=0.0pA)...
[2026-06-26 08:15:19][INFO] SIM_BRIDGE: Generating 3D neuron positions for 640 neurons...
[2026-06-26 08:15:19][INFO] SIM_BRIDGE: Generating connections (3D)...
[2026-06-26 08:15:19][INFO] SIM_BRIDGE: Simulation data initialized for 640 neurons (3D). Synapses: 0. GPU memory: 1.6GB/25.8GB (6.1%)
[2026-06-26 08:15:27][INFO] SIM_BRIDGE: CuPy using GPU: NVIDIA GeForce RTX 3090 (24.0 GB), mempool limit: 80%
[2026-06-26 08:15:27][INFO] SIM_BRIDGE: Initializing simulation data for model: IZHIKEVICH (3D)... (playback_init: False)
[2026-06-26 08:15:27][INFO] SIM_BRIDGE: RNG initialized with seed: 101
[2026-06-26 08:15:27][INFO] SIM_BRIDGE: Initializing Izhikevich model specifics for 1792 neurons...
[2026-06-26 08:15:27][INFO] SIM_BRIDGE: Applying parameter heterogeneity to neuron parameters...
[2026-06-26 08:15:27][INFO] SIM_BRIDGE: Applied heterogeneity to 4 parameters.
[2026-06-26 08:15:27][INFO] SIM_BRIDGE: Initializing OU process state (tau=15.0ms, sigma=0.0pA)...
[2026-06-26 08:15:27][INFO] SIM_BRIDGE: Generating 3D neuron positions for 1792 neurons...
[2026-06-26 08:15:27][INFO] SIM_BRIDGE: Generating connections (3D)...
[2026-06-26 08:15:27][INFO] SIM_BRIDGE: Simulation data initialized for 1792 neurons (3D). Synapses: 0. GPU memory: 1.6GB/25.8GB (6.1%)
  [day 1] vocab=12 heard=12 facts= 5 recall=1.00 heldout=1.00 retain=1.00 chain=- moat_fa=0 corr(M,C)=+0.91 tier=4 replay=2 win=2500 (126.8s wake=14.5s)
[2026-06-26 08:15:43][INFO] SIM_BRIDGE: CuPy using GPU: NVIDIA GeForce RTX 3090 (24.0 GB), mempool limit: 80%
[2026-06-26 08:15:43][INFO] SIM_BRIDGE: Initializing simulation data for model: IZHIKEVICH (3D)... (playback_init: False)
[2026-06-26 08:15:43][INFO] SIM_BRIDGE: RNG initialized with seed: 101
[2026-06-26 08:15:43][INFO] SIM_BRIDGE: Initializing Izhikevich model specifics for 126 neurons...
[2026-06-26 08:15:43][INFO] SIM_BRIDGE: Applying parameter heterogeneity to neuron parameters...
[2026-06-26 08:15:43][INFO] SIM_BRIDGE: Applied heterogeneity to 4 parameters.
[2026-06-26 08:15:43][INFO] SIM_BRIDGE: Initializing OU process state (tau=15.0ms, sigma=20.0pA)...
[2026-06-26 08:15:43][INFO] SIM_BRIDGE: Generating 3D neuron positions for 126 neurons...
[2026-06-26 08:15:43][INFO] SIM_BRIDGE: Generating connections (3D)...
[2026-06-26 08:15:43][INFO] SIM_BRIDGE: Simulation data initialized for 126 neurons (3D). Synapses: 0. GPU memory: 1.6GB/25.8GB (6.1%)
[2026-06-26 08:15:43][INFO] SIM_BRIDGE: inject_explicit_wiring: installed 720 synapses across 1 populations.
[2026-06-26 08:16:21][INFO] SIM_BRIDGE: CuPy using GPU: NVIDIA GeForce RTX 3090 (24.0 GB), mempool limit: 80%
[2026-06-26 08:16:21][INFO] SIM_BRIDGE: Initializing simulation data for model: IZHIKEVICH (3D)... (playback_init: False)
[2026-06-26 08:16:21][INFO] SIM_BRIDGE: RNG initialized with seed: 101
[2026-06-26 08:16:21][INFO] SIM_BRIDGE: Initializing Izhikevich model specifics for 224 neurons...
[2026-06-26 08:16:21][INFO] SIM_BRIDGE: Applying parameter heterogeneity to neuron parameters...
[2026-06-26 08:16:21][INFO] SIM_BRIDGE: Applied heterogeneity to 4 parameters.
[2026-06-26 08:16:21][INFO] SIM_BRIDGE: Initializing OU process state (tau=15.0ms, sigma=20.0pA)...
[2026-06-26 08:16:21][INFO] SIM_BRIDGE: Generating 3D neuron positions for 224 neurons...
[2026-06-26 08:16:21][INFO] SIM_BRIDGE: Generating connections (3D)...
[2026-06-26 08:16:21][INFO] SIM_BRIDGE: Simulation data initialized for 224 neurons (3D). Synapses: 0. GPU memory: 1.6GB/25.8GB (6.1%)
[2026-06-26 08:16:22][INFO] SIM_BRIDGE: inject_explicit_wiring: installed 4800 synapses across 1 populations.
[2026-06-26 08:17:16][INFO] SIM_BRIDGE: CuPy using GPU: NVIDIA GeForce RTX 3090 (24.0 GB), mempool limit: 80%
[2026-06-26 08:17:16][INFO] SIM_BRIDGE: Initializing simulation data for model: IZHIKEVICH (3D)... (playback_init: False)
[2026-06-26 08:17:16][INFO] SIM_BRIDGE: Brain-region framework: 2 regions, 2560 total neurons, 2 pathways.
[2026-06-26 08:17:16][INFO] SIM_BRIDGE: RNG initialized with seed: 101
[2026-06-26 08:17:16][INFO] SIM_BRIDGE: NMDA per-region mask: 2 regions enabled (2560 neurons)
[2026-06-26 08:17:16][INFO] SIM_BRIDGE: Initializing Izhikevich model specifics for 2560 neurons...
[2026-06-26 08:17:16][INFO] SIM_BRIDGE: Region 'cortex_ctx' (1280 neurons): using Izh type IZH2007_HIPPO_PYRAMIDAL
[2026-06-26 08:17:16][INFO] SIM_BRIDGE: Region 'dlpfc_wm' (1280 neurons): using Izh type IZH2007_HIPPO_PYRAMIDAL
[2026-06-26 08:17:16][INFO] SIM_BRIDGE: Applying parameter heterogeneity to neuron parameters...
[2026-06-26 08:17:16][INFO] SIM_BRIDGE: Applied heterogeneity to 4 parameters.
[2026-06-26 08:17:16][INFO] SIM_BRIDGE: Generating 3D neuron positions for 2560 neurons...
[2026-06-26 08:17:16][INFO] SIM_BRIDGE: Generating connections (brain-region framework)...
[2026-06-26 08:17:16][INFO] SIM_BRIDGE: inject_explicit_wiring: installed 491339 synapses across 4 populations.
[2026-06-26 08:17:16][INFO] SIM_BRIDGE: Initializing eligibility traces for 491339 synapses (capacity: 737008, dtype: float32)...
[2026-06-26 08:17:16][INFO] SIM_BRIDGE: Initializing STDP state for 2560 neurons...
[2026-06-26 08:17:16][INFO] SIM_BRIDGE: Simulation data initialized for 2560 neurons (3D). Synapses: 491339. GPU memory: 1.6GB/25.8GB (6.1%)
[2026-06-26 08:17:17][INFO] SIM_BRIDGE: CuPy using GPU: NVIDIA GeForce RTX 3090 (24.0 GB), mempool limit: 80%
[2026-06-26 08:17:17][INFO] SIM_BRIDGE: Initializing simulation data for model: IZHIKEVICH (3D)... (playback_init: False)
[2026-06-26 08:17:17][INFO] SIM_BRIDGE: RNG initialized with seed: 101
[2026-06-26 08:17:17][INFO] SIM_BRIDGE: Initializing Izhikevich model specifics for 256 neurons...
[2026-06-26 08:17:17][INFO] SIM_BRIDGE: Applying parameter heterogeneity to neuron parameters...
[2026-06-26 08:17:17][INFO] SIM_BRIDGE: Applied heterogeneity to 4 parameters.
[2026-06-26 08:17:17][INFO] SIM_BRIDGE: Initializing OU process state (tau=15.0ms, sigma=0.0pA)...
[2026-06-26 08:17:17][INFO] SIM_BRIDGE: Generating 3D neuron positions for 256 neurons...
[2026-06-26 08:17:17][INFO] SIM_BRIDGE: Generating connections (3D)...
[2026-06-26 08:17:17][INFO] SIM_BRIDGE: Simulation data initialized for 256 neurons (3D). Synapses: 0. GPU memory: 1.6GB/25.8GB (6.1%)
[2026-06-26 08:17:18][INFO] SIM_BRIDGE: CuPy using GPU: NVIDIA GeForce RTX 3090 (24.0 GB), mempool limit: 80%
[2026-06-26 08:17:18][INFO] SIM_BRIDGE: Initializing simulation data for model: IZHIKEVICH (3D)... (playback_init: False)
[2026-06-26 08:17:18][INFO] SIM_BRIDGE: RNG initialized with seed: 101
[2026-06-26 08:17:18][INFO] SIM_BRIDGE: Initializing Izhikevich model specifics for 640 neurons...
[2026-06-26 08:17:18][INFO] SIM_BRIDGE: Applying parameter heterogeneity to neuron parameters...
[2026-06-26 08:17:18][INFO] SIM_BRIDGE: Applied heterogeneity to 4 parameters.
[2026-06-26 08:17:18][INFO] SIM_BRIDGE: Initializing OU process state (tau=15.0ms, sigma=0.0pA)...
[2026-06-26 08:17:18][INFO] SIM_BRIDGE: Generating 3D neuron positions for 640 neurons...
[2026-06-26 08:17:18][INFO] SIM_BRIDGE: Generating connections (3D)...
[2026-06-26 08:17:18][INFO] SIM_BRIDGE: Simulation data initialized for 640 neurons (3D). Synapses: 0. GPU memory: 1.6GB/25.8GB (6.1%)
[2026-06-26 08:17:32][INFO] SIM_BRIDGE: CuPy using GPU: NVIDIA GeForce RTX 3090 (24.0 GB), mempool limit: 80%
[2026-06-26 08:17:32][INFO] SIM_BRIDGE: Initializing simulation data for model: IZHIKEVICH (3D)... (playback_init: False)
[2026-06-26 08:17:32][INFO] SIM_BRIDGE: RNG initialized with seed: 101
[2026-06-26 08:17:32][INFO] SIM_BRIDGE: Initializing Izhikevich model specifics for 3072 neurons...
[2026-06-26 08:17:32][INFO] SIM_BRIDGE: Applying parameter heterogeneity to neuron parameters...
[2026-06-26 08:17:32][INFO] SIM_BRIDGE: Applied heterogeneity to 4 parameters.
[2026-06-26 08:17:32][INFO] SIM_BRIDGE: Initializing OU process state (tau=15.0ms, sigma=0.0pA)...
[2026-06-26 08:17:32][INFO] SIM_BRIDGE: Generating 3D neuron positions for 3072 neurons...
[2026-06-26 08:17:32][INFO] SIM_BRIDGE: Generating connections (3D)...
[2026-06-26 08:17:32][INFO] SIM_BRIDGE: Simulation data initialized for 3072 neurons (3D). Synapses: 0. GPU memory: 1.6GB/25.8GB (6.1%)
    [growth] mastered tier 4 -> promoted to 8
  [day 2] vocab=18 heard=18 facts= 8 recall=1.00 heldout=1.00 retain=1.00 chain=1.00 moat_fa=0 corr(M,C)=+0.90 tier=8 replay=4 win=2500 (126.3s wake=13.4s)
[2026-06-26 08:17:50][INFO] SIM_BRIDGE: CuPy using GPU: NVIDIA GeForce RTX 3090 (24.0 GB), mempool limit: 80%
[2026-06-26 08:17:50][INFO] SIM_BRIDGE: Initializing simulation data for model: IZHIKEVICH (3D)... (playback_init: False)
[2026-06-26 08:17:50][INFO] SIM_BRIDGE: RNG initialized with seed: 101
[2026-06-26 08:17:50][INFO] SIM_BRIDGE: Initializing Izhikevich model specifics for 126 neurons...
[2026-06-26 08:17:50][INFO] SIM_BRIDGE: Applying parameter heterogeneity to neuron parameters...
[2026-06-26 08:17:50][INFO] SIM_BRIDGE: Applied heterogeneity to 4 parameters.
[2026-06-26 08:17:50][INFO] SIM_BRIDGE: Initializing OU process state (tau=15.0ms, sigma=20.0pA)...
[2026-06-26 08:17:50][INFO] SIM_BRIDGE: Generating 3D neuron positions for 126 neurons...
[2026-06-26 08:17:50][INFO] SIM_BRIDGE: Generating connections (3D)...
[2026-06-26 08:17:50][INFO] SIM_BRIDGE: Simulation data initialized for 126 neurons (3D). Synapses: 0. GPU memory: 1.6GB/25.8GB (6.1%)
[2026-06-26 08:17:50][INFO] SIM_BRIDGE: inject_explicit_wiring: installed 720 synapses across 1 populations.
[2026-06-26 08:18:27][INFO] SIM_BRIDGE: CuPy using GPU: NVIDIA GeForce RTX 3090 (24.0 GB), mempool limit: 80%
[2026-06-26 08:18:27][INFO] SIM_BRIDGE: Initializing simulation data for model: IZHIKEVICH (3D)... (playback_init: False)
[2026-06-26 08:18:27][INFO] SIM_BRIDGE: RNG initialized with seed: 101
[2026-06-26 08:18:27][INFO] SIM_BRIDGE: Initializing Izhikevich model specifics for 224 neurons...
[2026-06-26 08:18:27][INFO] SIM_BRIDGE: Applying parameter heterogeneity to neuron parameters...
[2026-06-26 08:18:27][INFO] SIM_BRIDGE: Applied heterogeneity to 4 parameters.
[2026-06-26 08:18:27][INFO] SIM_BRIDGE: Initializing OU process state (tau=15.0ms, sigma=20.0pA)...
[2026-06-26 08:18:27][INFO] SIM_BRIDGE: Generating 3D neuron positions for 224 neurons...
[2026-06-26 08:18:27][INFO] SIM_BRIDGE: Generating connections (3D)...
[2026-06-26 08:18:27][INFO] SIM_BRIDGE: Simulation data initialized for 224 neurons (3D). Synapses: 0. GPU memory: 1.6GB/25.8GB (6.1%)
[2026-06-26 08:18:27][INFO] SIM_BRIDGE: inject_explicit_wiring: installed 4800 synapses across 1 populations.
[2026-06-26 08:19:22][INFO] SIM_BRIDGE: CuPy using GPU: NVIDIA GeForce RTX 3090 (24.0 GB), mempool limit: 80%
[2026-06-26 08:19:22][INFO] SIM_BRIDGE: Initializing simulation data for model: IZHIKEVICH (3D)... (playback_init: False)
[2026-06-26 08:19:22][INFO] SIM_BRIDGE: Brain-region framework: 2 regions, 2560 total neurons, 2 pathways.
[2026-06-26 08:19:22][INFO] SIM_BRIDGE: RNG initialized with seed: 101
[2026-06-26 08:19:22][INFO] SIM_BRIDGE: NMDA per-region mask: 2 regions enabled (2560 neurons)
[2026-06-26 08:19:22][INFO] SIM_BRIDGE: Initializing Izhikevich model specifics for 2560 neurons...
[2026-06-26 08:19:22][INFO] SIM_BRIDGE: Region 'cortex_ctx' (1280 neurons): using Izh type IZH2007_HIPPO_PYRAMIDAL
[2026-06-26 08:19:22][INFO] SIM_BRIDGE: Region 'dlpfc_wm' (1280 neurons): using Izh type IZH2007_HIPPO_PYRAMIDAL
[2026-06-26 08:19:22][INFO] SIM_BRIDGE: Applying parameter heterogeneity to neuron parameters...
[2026-06-26 08:19:22][INFO] SIM_BRIDGE: Applied heterogeneity to 4 parameters.
[2026-06-26 08:19:22][INFO] SIM_BRIDGE: Generating 3D neuron positions for 2560 neurons...
[2026-06-26 08:19:22][INFO] SIM_BRIDGE: Generating connections (brain-region framework)...
[2026-06-26 08:19:23][INFO] SIM_BRIDGE: inject_explicit_wiring: installed 491339 synapses across 4 populations.
[2026-06-26 08:19:23][INFO] SIM_BRIDGE: Initializing eligibility traces for 491339 synapses (capacity: 737008, dtype: float32)...
[2026-06-26 08:19:23][INFO] SIM_BRIDGE: Initializing STDP state for 2560 neurons...
[2026-06-26 08:19:23][INFO] SIM_BRIDGE: Simulation data initialized for 2560 neurons (3D). Synapses: 491339. GPU memory: 1.6GB/25.8GB (6.1%)
[2026-06-26 08:19:24][INFO] SIM_BRIDGE: CuPy using GPU: NVIDIA GeForce RTX 3090 (24.0 GB), mempool limit: 80%
[2026-06-26 08:19:24][INFO] SIM_BRIDGE: Initializing simulation data for model: IZHIKEVICH (3D)... (playback_init: False)
[2026-06-26 08:19:24][INFO] SIM_BRIDGE: RNG initialized with seed: 101
[2026-06-26 08:19:24][INFO] SIM_BRIDGE: Initializing Izhikevich model specifics for 256 neurons...
[2026-06-26 08:19:24][INFO] SIM_BRIDGE: Applying parameter heterogeneity to neuron parameters...
[2026-06-26 08:19:24][INFO] SIM_BRIDGE: Applied heterogeneity to 4 parameters.
[2026-06-26 08:19:24][INFO] SIM_BRIDGE: Initializing OU process state (tau=15.0ms, sigma=0.0pA)...
[2026-06-26 08:19:24][INFO] SIM_BRIDGE: Generating 3D neuron positions for 256 neurons...
[2026-06-26 08:19:24][INFO] SIM_BRIDGE: Generating connections (3D)...
[2026-06-26 08:19:24][INFO] SIM_BRIDGE: Simulation data initialized for 256 neurons (3D). Synapses: 0. GPU memory: 1.6GB/25.8GB (6.1%)
[2026-06-26 08:19:25][INFO] SIM_BRIDGE: CuPy using GPU: NVIDIA GeForce RTX 3090 (24.0 GB), mempool limit: 80%
[2026-06-26 08:19:25][INFO] SIM_BRIDGE: Initializing simulation data for model: IZHIKEVICH (3D)... (playback_init: False)
[2026-06-26 08:19:25][INFO] SIM_BRIDGE: RNG initialized with seed: 101
[2026-06-26 08:19:25][INFO] SIM_BRIDGE: Initializing Izhikevich model specifics for 640 neurons...
[2026-06-26 08:19:25][INFO] SIM_BRIDGE: Applying parameter heterogeneity to neuron parameters...
[2026-06-26 08:19:25][INFO] SIM_BRIDGE: Applied heterogeneity to 4 parameters.
[2026-06-26 08:19:25][INFO] SIM_BRIDGE: Initializing OU process state (tau=15.0ms, sigma=0.0pA)...
[2026-06-26 08:19:25][INFO] SIM_BRIDGE: Generating 3D neuron positions for 640 neurons...
[2026-06-26 08:19:25][INFO] SIM_BRIDGE: Generating connections (3D)...
[2026-06-26 08:19:25][INFO] SIM_BRIDGE: Simulation data initialized for 640 neurons (3D). Synapses: 0. GPU memory: 1.6GB/25.8GB (6.1%)
[2026-06-26 08:19:45][INFO] SIM_BRIDGE: CuPy using GPU: NVIDIA GeForce RTX 3090 (24.0 GB), mempool limit: 80%
[2026-06-26 08:19:45][INFO] SIM_BRIDGE: Initializing simulation data for model: IZHIKEVICH (3D)... (playback_init: False)
[2026-06-26 08:19:45][INFO] SIM_BRIDGE: RNG initialized with seed: 101
[2026-06-26 08:19:45][INFO] SIM_BRIDGE: Initializing Izhikevich model specifics for 4096 neurons...
[2026-06-26 08:19:45][INFO] SIM_BRIDGE: Applying parameter heterogeneity to neuron parameters...
[2026-06-26 08:19:45][INFO] SIM_BRIDGE: Applied heterogeneity to 4 parameters.
[2026-06-26 08:19:45][INFO] SIM_BRIDGE: Initializing OU process state (tau=15.0ms, sigma=0.0pA)...
[2026-06-26 08:19:45][INFO] SIM_BRIDGE: Generating 3D neuron positions for 4096 neurons...
[2026-06-26 08:19:45][INFO] SIM_BRIDGE: Generating connections (3D)...
[2026-06-26 08:19:45][INFO] SIM_BRIDGE: Simulation data initialized for 4096 neurons (3D). Synapses: 0. GPU memory: 1.6GB/25.8GB (6.1%)
  [day 3] vocab=24 heard=24 facts=11 recall=1.00 heldout=0.00 retain=1.00 chain=- moat_fa=0 corr(M,C)=+0.89 tier=8 replay=5 win=2500 (131.7s wake=14.7s)
[2026-06-26 08:20:03][INFO] SIM_BRIDGE: CuPy using GPU: NVIDIA GeForce RTX 3090 (24.0 GB), mempool limit: 80%
[2026-06-26 08:20:03][INFO] SIM_BRIDGE: Initializing simulation data for model: IZHIKEVICH (3D)... (playback_init: False)
[2026-06-26 08:20:03][INFO] SIM_BRIDGE: RNG initialized with seed: 101
[2026-06-26 08:20:03][INFO] SIM_BRIDGE: Initializing Izhikevich model specifics for 126 neurons...
[2026-06-26 08:20:03][INFO] SIM_BRIDGE: Applying parameter heterogeneity to neuron parameters...
[2026-06-26 08:20:03][INFO] SIM_BRIDGE: Applied heterogeneity to 4 parameters.
[2026-06-26 08:20:03][INFO] SIM_BRIDGE: Initializing OU process state (tau=15.0ms, sigma=20.0pA)...
[2026-06-26 08:20:03][INFO] SIM_BRIDGE: Generating 3D neuron positions for 126 neurons...
[2026-06-26 08:20:03][INFO] SIM_BRIDGE: Generating connections (3D)...
[2026-06-26 08:20:03][INFO] SIM_BRIDGE: Simulation data initialized for 126 neurons (3D). Synapses: 0. GPU memory: 1.6GB/25.8GB (6.1%)
[2026-06-26 08:20:03][INFO] SIM_BRIDGE: inject_explicit_wiring: installed 720 synapses across 1 populations.
[2026-06-26 08:20:40][INFO] SIM_BRIDGE: CuPy using GPU: NVIDIA GeForce RTX 3090 (24.0 GB), mempool limit: 80%
[2026-06-26 08:20:40][INFO] SIM_BRIDGE: Initializing simulation data for model: IZHIKEVICH (3D)... (playback_init: False)
[2026-06-26 08:20:40][INFO] SIM_BRIDGE: RNG initialized with seed: 101
[2026-06-26 08:20:40][INFO] SIM_BRIDGE: Initializing Izhikevich model specifics for 224 neurons...
[2026-06-26 08:20:40][INFO] SIM_BRIDGE: Applying parameter heterogeneity to neuron parameters...
[2026-06-26 08:20:40][INFO] SIM_BRIDGE: Applied heterogeneity to 4 parameters.
[2026-06-26 08:20:40][INFO] SIM_BRIDGE: Initializing OU process state (tau=15.0ms, sigma=20.0pA)...
[2026-06-26 08:20:40][INFO] SIM_BRIDGE: Generating 3D neuron positions for 224 neurons...
[2026-06-26 08:20:40][INFO] SIM_BRIDGE: Generating connections (3D)...
[2026-06-26 08:20:40][INFO] SIM_BRIDGE: Simulation data initialized for 224 neurons (3D). Synapses: 0. GPU memory: 1.6GB/25.8GB (6.1%)
[2026-06-26 08:20:40][INFO] SIM_BRIDGE: inject_explicit_wiring: installed 4800 synapses across 1 populations.
[2026-06-26 08:21:35][INFO] SIM_BRIDGE: CuPy using GPU: NVIDIA GeForce RTX 3090 (24.0 GB), mempool limit: 80%
[2026-06-26 08:21:35][INFO] SIM_BRIDGE: Initializing simulation data for model: IZHIKEVICH (3D)... (playback_init: False)
[2026-06-26 08:21:35][INFO] SIM_BRIDGE: Brain-region framework: 2 regions, 2560 total neurons, 2 pathways.
[2026-06-26 08:21:35][INFO] SIM_BRIDGE: RNG initialized with seed: 101
[2026-06-26 08:21:35][INFO] SIM_BRIDGE: NMDA per-region mask: 2 regions enabled (2560 neurons)
[2026-06-26 08:21:35][INFO] SIM_BRIDGE: Initializing Izhikevich model specifics for 2560 neurons...
[2026-06-26 08:21:35][INFO] SIM_BRIDGE: Region 'cortex_ctx' (1280 neurons): using Izh type IZH2007_HIPPO_PYRAMIDAL
[2026-06-26 08:21:35][INFO] SIM_BRIDGE: Region 'dlpfc_wm' (1280 neurons): using Izh type IZH2007_HIPPO_PYRAMIDAL
[2026-06-26 08:21:35][INFO] SIM_BRIDGE: Applying parameter heterogeneity to neuron parameters...
[2026-06-26 08:21:35][INFO] SIM_BRIDGE: Applied heterogeneity to 4 parameters.
[2026-06-26 08:21:35][INFO] SIM_BRIDGE: Generating 3D neuron positions for 2560 neurons...
[2026-06-26 08:21:35][INFO] SIM_BRIDGE: Generating connections (brain-region framework)...
[2026-06-26 08:21:35][INFO] SIM_BRIDGE: inject_explicit_wiring: installed 491339 synapses across 4 populations.
[2026-06-26 08:21:35][INFO] SIM_BRIDGE: Initializing eligibility traces for 491339 synapses (capacity: 737008, dtype: float32)...
[2026-06-26 08:21:35][INFO] SIM_BRIDGE: Initializing STDP state for 2560 neurons...
[2026-06-26 08:21:35][INFO] SIM_BRIDGE: Simulation data initialized for 2560 neurons (3D). Synapses: 491339. GPU memory: 1.6GB/25.8GB (6.1%)
[2026-06-26 08:21:36][INFO] SIM_BRIDGE: CuPy using GPU: NVIDIA GeForce RTX 3090 (24.0 GB), mempool limit: 80%
[2026-06-26 08:21:36][INFO] SIM_BRIDGE: Initializing simulation data for model: IZHIKEVICH (3D)... (playback_init: False)
[2026-06-26 08:21:36][INFO] SIM_BRIDGE: RNG initialized with seed: 101
[2026-06-26 08:21:36][INFO] SIM_BRIDGE: Initializing Izhikevich model specifics for 256 neurons...
[2026-06-26 08:21:36][INFO] SIM_BRIDGE: Applying parameter heterogeneity to neuron parameters...
[2026-06-26 08:21:36][INFO] SIM_BRIDGE: Applied heterogeneity to 4 parameters.
[2026-06-26 08:21:36][INFO] SIM_BRIDGE: Initializing OU process state (tau=15.0ms, sigma=0.0pA)...
[2026-06-26 08:21:36][INFO] SIM_BRIDGE: Generating 3D neuron positions for 256 neurons...
[2026-06-26 08:21:36][INFO] SIM_BRIDGE: Generating connections (3D)...
[2026-06-26 08:21:36][INFO] SIM_BRIDGE: Simulation data initialized for 256 neurons (3D). Synapses: 0. GPU memory: 1.6GB/25.8GB (6.1%)
[2026-06-26 08:21:37][INFO] SIM_BRIDGE: CuPy using GPU: NVIDIA GeForce RTX 3090 (24.0 GB), mempool limit: 80%
[2026-06-26 08:21:37][INFO] SIM_BRIDGE: Initializing simulation data for model: IZHIKEVICH (3D)... (playback_init: False)
[2026-06-26 08:21:37][INFO] SIM_BRIDGE: RNG initialized with seed: 101
[2026-06-26 08:21:37][INFO] SIM_BRIDGE: Initializing Izhikevich model specifics for 640 neurons...
[2026-06-26 08:21:37][INFO] SIM_BRIDGE: Applying parameter heterogeneity to neuron parameters...
[2026-06-26 08:21:37][INFO] SIM_BRIDGE: Applied heterogeneity to 4 parameters.
[2026-06-26 08:21:37][INFO] SIM_BRIDGE: Initializing OU process state (tau=15.0ms, sigma=0.0pA)...
[2026-06-26 08:21:37][INFO] SIM_BRIDGE: Generating 3D neuron positions for 640 neurons...
[2026-06-26 08:21:37][INFO] SIM_BRIDGE: Generating connections (3D)...
[2026-06-26 08:21:37][INFO] SIM_BRIDGE: Simulation data initialized for 640 neurons (3D). Synapses: 0. GPU memory: 1.6GB/25.8GB (6.1%)
[2026-06-26 08:21:59][INFO] SIM_BRIDGE: CuPy using GPU: NVIDIA GeForce RTX 3090 (24.0 GB), mempool limit: 80%
[2026-06-26 08:21:59][INFO] SIM_BRIDGE: Initializing simulation data for model: IZHIKEVICH (3D)... (playback_init: False)
[2026-06-26 08:21:59][INFO] SIM_BRIDGE: RNG initialized with seed: 101
[2026-06-26 08:21:59][INFO] SIM_BRIDGE: Initializing Izhikevich model specifics for 4608 neurons...
[2026-06-26 08:21:59][INFO] SIM_BRIDGE: Applying parameter heterogeneity to neuron parameters...
[2026-06-26 08:21:59][INFO] SIM_BRIDGE: Applied heterogeneity to 4 parameters.
[2026-06-26 08:21:59][INFO] SIM_BRIDGE: Initializing OU process state (tau=15.0ms, sigma=0.0pA)...
[2026-06-26 08:21:59][INFO] SIM_BRIDGE: Generating 3D neuron positions for 4608 neurons...
[2026-06-26 08:21:59][INFO] SIM_BRIDGE: Generating connections (3D)...
[2026-06-26 08:21:59][INFO] SIM_BRIDGE: Simulation data initialized for 4608 neurons (3D). Synapses: 0. GPU memory: 1.6GB/25.8GB (6.1%)
  [day 4] vocab=24 heard=24 facts=11 recall=1.00 heldout=- retain=- chain=- moat_fa=0 corr(M,C)=+0.90 tier=8 replay=5 win=2500 (132.9s wake=15.6s)
[2026-06-26 08:22:14][INFO] SIM_BRIDGE: CuPy using GPU: NVIDIA GeForce RTX 3090 (24.0 GB), mempool limit: 80%
[2026-06-26 08:22:14][INFO] SIM_BRIDGE: Initializing simulation data for model: IZHIKEVICH (3D)... (playback_init: False)
[2026-06-26 08:22:14][INFO] SIM_BRIDGE: RNG initialized with seed: 101
[2026-06-26 08:22:14][INFO] SIM_BRIDGE: Initializing Izhikevich model specifics for 126 neurons...
[2026-06-26 08:22:14][INFO] SIM_BRIDGE: Applying parameter heterogeneity to neuron parameters...
[2026-06-26 08:22:14][INFO] SIM_BRIDGE: Applied heterogeneity to 4 parameters.
[2026-06-26 08:22:14][INFO] SIM_BRIDGE: Initializing OU process state (tau=15.0ms, sigma=20.0pA)...
[2026-06-26 08:22:14][INFO] SIM_BRIDGE: Generating 3D neuron positions for 126 neurons...
[2026-06-26 08:22:14][INFO] SIM_BRIDGE: Generating connections (3D)...
[2026-06-26 08:22:14][INFO] SIM_BRIDGE: Simulation data initialized for 126 neurons (3D). Synapses: 0. GPU memory: 1.6GB/25.8GB (6.1%)
[2026-06-26 08:22:14][INFO] SIM_BRIDGE: inject_explicit_wiring: installed 720 synapses across 1 populations.
[2026-06-26 08:22:50][INFO] SIM_BRIDGE: CuPy using GPU: NVIDIA GeForce RTX 3090 (24.0 GB), mempool limit: 80%
[2026-06-26 08:22:50][INFO] SIM_BRIDGE: Initializing simulation data for model: IZHIKEVICH (3D)... (playback_init: False)
[2026-06-26 08:22:50][INFO] SIM_BRIDGE: RNG initialized with seed: 101
[2026-06-26 08:22:50][INFO] SIM_BRIDGE: Initializing Izhikevich model specifics for 224 neurons...
[2026-06-26 08:22:50][INFO] SIM_BRIDGE: Applying parameter heterogeneity to neuron parameters...
[2026-06-26 08:22:50][INFO] SIM_BRIDGE: Applied heterogeneity to 4 parameters.
[2026-06-26 08:22:50][INFO] SIM_BRIDGE: Initializing OU process state (tau=15.0ms, sigma=20.0pA)...
[2026-06-26 08:22:50][INFO] SIM_BRIDGE: Generating 3D neuron positions for 224 neurons...
[2026-06-26 08:22:50][INFO] SIM_BRIDGE: Generating connections (3D)...
[2026-06-26 08:22:50][INFO] SIM_BRIDGE: Simulation data initialized for 224 neurons (3D). Synapses: 0. GPU memory: 1.6GB/25.8GB (6.1%)
[2026-06-26 08:22:50][INFO] SIM_BRIDGE: inject_explicit_wiring: installed 4800 synapses across 1 populations.
[2026-06-26 08:23:45][INFO] SIM_BRIDGE: CuPy using GPU: NVIDIA GeForce RTX 3090 (24.0 GB), mempool limit: 80%
[2026-06-26 08:23:45][INFO] SIM_BRIDGE: Initializing simulation data for model: IZHIKEVICH (3D)... (playback_init: False)
[2026-06-26 08:23:45][INFO] SIM_BRIDGE: Brain-region framework: 2 regions, 2560 total neurons, 2 pathways.
[2026-06-26 08:23:45][INFO] SIM_BRIDGE: RNG initialized with seed: 101
[2026-06-26 08:23:45][INFO] SIM_BRIDGE: NMDA per-region mask: 2 regions enabled (2560 neurons)
[2026-06-26 08:23:45][INFO] SIM_BRIDGE: Initializing Izhikevich model specifics for 2560 neurons...
[2026-06-26 08:23:45][INFO] SIM_BRIDGE: Region 'cortex_ctx' (1280 neurons): using Izh type IZH2007_HIPPO_PYRAMIDAL
[2026-06-26 08:23:45][INFO] SIM_BRIDGE: Region 'dlpfc_wm' (1280 neurons): using Izh type IZH2007_HIPPO_PYRAMIDAL
[2026-06-26 08:23:45][INFO] SIM_BRIDGE: Applying parameter heterogeneity to neuron parameters...
[2026-06-26 08:23:45][INFO] SIM_BRIDGE: Applied heterogeneity to 4 parameters.
[2026-06-26 08:23:45][INFO] SIM_BRIDGE: Generating 3D neuron positions for 2560 neurons...
[2026-06-26 08:23:45][INFO] SIM_BRIDGE: Generating connections (brain-region framework)...
[2026-06-26 08:23:46][INFO] SIM_BRIDGE: inject_explicit_wiring: installed 491339 synapses across 4 populations.
[2026-06-26 08:23:46][INFO] SIM_BRIDGE: Initializing eligibility traces for 491339 synapses (capacity: 737008, dtype: float32)...
[2026-06-26 08:23:46][INFO] SIM_BRIDGE: Initializing STDP state for 2560 neurons...
[2026-06-26 08:23:46][INFO] SIM_BRIDGE: Simulation data initialized for 2560 neurons (3D). Synapses: 491339. GPU memory: 1.6GB/25.8GB (6.1%)
[2026-06-26 08:23:47][INFO] SIM_BRIDGE: CuPy using GPU: NVIDIA GeForce RTX 3090 (24.0 GB), mempool limit: 80%
[2026-06-26 08:23:47][INFO] SIM_BRIDGE: Initializing simulation data for model: IZHIKEVICH (3D)... (playback_init: False)
[2026-06-26 08:23:47][INFO] SIM_BRIDGE: RNG initialized with seed: 101
[2026-06-26 08:23:47][INFO] SIM_BRIDGE: Initializing Izhikevich model specifics for 256 neurons...
[2026-06-26 08:23:47][INFO] SIM_BRIDGE: Applying parameter heterogeneity to neuron parameters...
[2026-06-26 08:23:47][INFO] SIM_BRIDGE: Applied heterogeneity to 4 parameters.
[2026-06-26 08:23:47][INFO] SIM_BRIDGE: Initializing OU process state (tau=15.0ms, sigma=0.0pA)...
[2026-06-26 08:23:47][INFO] SIM_BRIDGE: Generating 3D neuron positions for 256 neurons...
[2026-06-26 08:23:47][INFO] SIM_BRIDGE: Generating connections (3D)...
[2026-06-26 08:23:47][INFO] SIM_BRIDGE: Simulation data initialized for 256 neurons (3D). Synapses: 0. GPU memory: 1.6GB/25.8GB (6.1%)
[2026-06-26 08:23:47][INFO] SIM_BRIDGE: CuPy using GPU: NVIDIA GeForce RTX 3090 (24.0 GB), mempool limit: 80%
[2026-06-26 08:23:47][INFO] SIM_BRIDGE: Initializing simulation data for model: IZHIKEVICH (3D)... (playback_init: False)
[2026-06-26 08:23:47][INFO] SIM_BRIDGE: RNG initialized with seed: 101
[2026-06-26 08:23:47][INFO] SIM_BRIDGE: Initializing Izhikevich model specifics for 640 neurons...
[2026-06-26 08:23:47][INFO] SIM_BRIDGE: Applying parameter heterogeneity to neuron parameters...
[2026-06-26 08:23:47][INFO] SIM_BRIDGE: Applied heterogeneity to 4 parameters.
[2026-06-26 08:23:47][INFO] SIM_BRIDGE: Initializing OU process state (tau=15.0ms, sigma=0.0pA)...
[2026-06-26 08:23:47][INFO] SIM_BRIDGE: Generating 3D neuron positions for 640 neurons...
[2026-06-26 08:23:47][INFO] SIM_BRIDGE: Generating connections (3D)...
[2026-06-26 08:23:47][INFO] SIM_BRIDGE: Simulation data initialized for 640 neurons (3D). Synapses: 0. GPU memory: 1.6GB/25.8GB (6.1%)
[2026-06-26 08:24:12][INFO] SIM_BRIDGE: CuPy using GPU: NVIDIA GeForce RTX 3090 (24.0 GB), mempool limit: 80%
[2026-06-26 08:24:12][INFO] SIM_BRIDGE: Initializing simulation data for model: IZHIKEVICH (3D)... (playback_init: False)
[2026-06-26 08:24:12][INFO] SIM_BRIDGE: RNG initialized with seed: 101
[2026-06-26 08:24:12][INFO] SIM_BRIDGE: Initializing Izhikevich model specifics for 4864 neurons...
[2026-06-26 08:24:12][INFO] SIM_BRIDGE: Applying parameter heterogeneity to neuron parameters...
[2026-06-26 08:24:12][INFO] SIM_BRIDGE: Applied heterogeneity to 4 parameters.
[2026-06-26 08:24:12][INFO] SIM_BRIDGE: Initializing OU process state (tau=15.0ms, sigma=0.0pA)...
[2026-06-26 08:24:12][INFO] SIM_BRIDGE: Generating 3D neuron positions for 4864 neurons...
[2026-06-26 08:24:12][INFO] SIM_BRIDGE: Generating connections (3D)...
[2026-06-26 08:24:12][INFO] SIM_BRIDGE: Simulation data initialized for 4864 neurons (3D). Synapses: 0. GPU memory: 1.6GB/25.8GB (6.1%)
    [growth] mastered tier 8 -> promoted to 12
  [day 5] vocab=24 heard=24 facts=11 recall=1.00 heldout=1.00 retain=1.00 chain=- moat_fa=0 corr(M,C)=+0.91 tier=12 replay=5 win=2500 (133.7s wake=13.6s)
[2026-06-26 08:24:27][INFO] SIM_BRIDGE: CuPy using GPU: NVIDIA GeForce RTX 3090 (24.0 GB), mempool limit: 80%
[2026-06-26 08:24:27][INFO] SIM_BRIDGE: Initializing simulation data for model: IZHIKEVICH (3D)... (playback_init: False)
[2026-06-26 08:24:27][INFO] SIM_BRIDGE: RNG initialized with seed: 101
[2026-06-26 08:24:27][INFO] SIM_BRIDGE: Initializing Izhikevich model specifics for 126 neurons...
[2026-06-26 08:24:27][INFO] SIM_BRIDGE: Applying parameter heterogeneity to neuron parameters...
[2026-06-26 08:24:27][INFO] SIM_BRIDGE: Applied heterogeneity to 4 parameters.
[2026-06-26 08:24:27][INFO] SIM_BRIDGE: Initializing OU process state (tau=15.0ms, sigma=20.0pA)...
[2026-06-26 08:24:27][INFO] SIM_BRIDGE: Generating 3D neuron positions for 126 neurons...
[2026-06-26 08:24:27][INFO] SIM_BRIDGE: Generating connections (3D)...
[2026-06-26 08:24:27][INFO] SIM_BRIDGE: Simulation data initialized for 126 neurons (3D). Synapses: 0. GPU memory: 1.6GB/25.8GB (6.1%)
[2026-06-26 08:24:27][INFO] SIM_BRIDGE: inject_explicit_wiring: installed 720 synapses across 1 populations.
[2026-06-26 08:25:04][INFO] SIM_BRIDGE: CuPy using GPU: NVIDIA GeForce RTX 3090 (24.0 GB), mempool limit: 80%
[2026-06-26 08:25:04][INFO] SIM_BRIDGE: Initializing simulation data for model: IZHIKEVICH (3D)... (playback_init: False)
[2026-06-26 08:25:04][INFO] SIM_BRIDGE: RNG initialized with seed: 101
[2026-06-26 08:25:04][INFO] SIM_BRIDGE: Initializing Izhikevich model specifics for 224 neurons...
[2026-06-26 08:25:04][INFO] SIM_BRIDGE: Applying parameter heterogeneity to neuron parameters...
[2026-06-26 08:25:04][INFO] SIM_BRIDGE: Applied heterogeneity to 4 parameters.
[2026-06-26 08:25:04][INFO] SIM_BRIDGE: Initializing OU process state (tau=15.0ms, sigma=20.0pA)...
[2026-06-26 08:25:04][INFO] SIM_BRIDGE: Generating 3D neuron positions for 224 neurons...
[2026-06-26 08:25:04][INFO] SIM_BRIDGE: Generating connections (3D)...
[2026-06-26 08:25:04][INFO] SIM_BRIDGE: Simulation data initialized for 224 neurons (3D). Synapses: 0. GPU memory: 1.6GB/25.8GB (6.1%)
[2026-06-26 08:25:04][INFO] SIM_BRIDGE: inject_explicit_wiring: installed 4800 synapses across 1 populations.
[2026-06-26 08:25:58][INFO] SIM_BRIDGE: CuPy using GPU: NVIDIA GeForce RTX 3090 (24.0 GB), mempool limit: 80%
[2026-06-26 08:25:58][INFO] SIM_BRIDGE: Initializing simulation data for model: IZHIKEVICH (3D)... (playback_init: False)
[2026-06-26 08:25:58][INFO] SIM_BRIDGE: Brain-region framework: 2 regions, 2560 total neurons, 2 pathways.
[2026-06-26 08:25:58][INFO] SIM_BRIDGE: RNG initialized with seed: 101
[2026-06-26 08:25:58][INFO] SIM_BRIDGE: NMDA per-region mask: 2 regions enabled (2560 neurons)
[2026-06-26 08:25:58][INFO] SIM_BRIDGE: Initializing Izhikevich model specifics for 2560 neurons...
[2026-06-26 08:25:58][INFO] SIM_BRIDGE: Region 'cortex_ctx' (1280 neurons): using Izh type IZH2007_HIPPO_PYRAMIDAL
[2026-06-26 08:25:58][INFO] SIM_BRIDGE: Region 'dlpfc_wm' (1280 neurons): using Izh type IZH2007_HIPPO_PYRAMIDAL
[2026-06-26 08:25:58][INFO] SIM_BRIDGE: Applying parameter heterogeneity to neuron parameters...
[2026-06-26 08:25:58][INFO] SIM_BRIDGE: Applied heterogeneity to 4 parameters.
[2026-06-26 08:25:58][INFO] SIM_BRIDGE: Generating 3D neuron positions for 2560 neurons...
[2026-06-26 08:25:58][INFO] SIM_BRIDGE: Generating connections (brain-region framework)...
[2026-06-26 08:25:59][INFO] SIM_BRIDGE: inject_explicit_wiring: installed 491339 synapses across 4 populations.
[2026-06-26 08:25:59][INFO] SIM_BRIDGE: Initializing eligibility traces for 491339 synapses (capacity: 737008, dtype: float32)...
[2026-06-26 08:25:59][INFO] SIM_BRIDGE: Initializing STDP state for 2560 neurons...
[2026-06-26 08:25:59][INFO] SIM_BRIDGE: Simulation data initialized for 2560 neurons (3D). Synapses: 491339. GPU memory: 1.6GB/25.8GB (6.1%)
[2026-06-26 08:26:00][INFO] SIM_BRIDGE: CuPy using GPU: NVIDIA GeForce RTX 3090 (24.0 GB), mempool limit: 80%
[2026-06-26 08:26:00][INFO] SIM_BRIDGE: Initializing simulation data for model: IZHIKEVICH (3D)... (playback_init: False)
[2026-06-26 08:26:00][INFO] SIM_BRIDGE: RNG initialized with seed: 101
[2026-06-26 08:26:00][INFO] SIM_BRIDGE: Initializing Izhikevich model specifics for 256 neurons...
[2026-06-26 08:26:00][INFO] SIM_BRIDGE: Applying parameter heterogeneity to neuron parameters...
[2026-06-26 08:26:00][INFO] SIM_BRIDGE: Applied heterogeneity to 4 parameters.
[2026-06-26 08:26:00][INFO] SIM_BRIDGE: Initializing OU process state (tau=15.0ms, sigma=0.0pA)...
[2026-06-26 08:26:00][INFO] SIM_BRIDGE: Generating 3D neuron positions for 256 neurons...
[2026-06-26 08:26:00][INFO] SIM_BRIDGE: Generating connections (3D)...
[2026-06-26 08:26:00][INFO] SIM_BRIDGE: Simulation data initialized for 256 neurons (3D). Synapses: 0. GPU memory: 1.6GB/25.8GB (6.1%)
[2026-06-26 08:26:01][INFO] SIM_BRIDGE: CuPy using GPU: NVIDIA GeForce RTX 3090 (24.0 GB), mempool limit: 80%
[2026-06-26 08:26:01][INFO] SIM_BRIDGE: Initializing simulation data for model: IZHIKEVICH (3D)... (playback_init: False)
[2026-06-26 08:26:01][INFO] SIM_BRIDGE: RNG initialized with seed: 101
[2026-06-26 08:26:01][INFO] SIM_BRIDGE: Initializing Izhikevich model specifics for 640 neurons...
[2026-06-26 08:26:01][INFO] SIM_BRIDGE: Applying parameter heterogeneity to neuron parameters...
[2026-06-26 08:26:01][INFO] SIM_BRIDGE: Applied heterogeneity to 4 parameters.
[2026-06-26 08:26:01][INFO] SIM_BRIDGE: Initializing OU process state (tau=15.0ms, sigma=0.0pA)...
[2026-06-26 08:26:01][INFO] SIM_BRIDGE: Generating 3D neuron positions for 640 neurons...
[2026-06-26 08:26:01][INFO] SIM_BRIDGE: Generating connections (3D)...
[2026-06-26 08:26:01][INFO] SIM_BRIDGE: Simulation data initialized for 640 neurons (3D). Synapses: 0. GPU memory: 1.6GB/25.8GB (6.1%)
[2026-06-26 08:26:27][INFO] SIM_BRIDGE: CuPy using GPU: NVIDIA GeForce RTX 3090 (24.0 GB), mempool limit: 80%
[2026-06-26 08:26:27][INFO] SIM_BRIDGE: Initializing simulation data for model: IZHIKEVICH (3D)... (playback_init: False)
[2026-06-26 08:26:27][INFO] SIM_BRIDGE: RNG initialized with seed: 101
[2026-06-26 08:26:27][INFO] SIM_BRIDGE: Initializing Izhikevich model specifics for 4864 neurons...
[2026-06-26 08:26:27][INFO] SIM_BRIDGE: Applying parameter heterogeneity to neuron parameters...
[2026-06-26 08:26:27][INFO] SIM_BRIDGE: Applied heterogeneity to 4 parameters.
[2026-06-26 08:26:27][INFO] SIM_BRIDGE: Initializing OU process state (tau=15.0ms, sigma=0.0pA)...
[2026-06-26 08:26:27][INFO] SIM_BRIDGE: Generating 3D neuron positions for 4864 neurons...
[2026-06-26 08:26:27][INFO] SIM_BRIDGE: Generating connections (3D)...
[2026-06-26 08:26:27][INFO] SIM_BRIDGE: Simulation data initialized for 4864 neurons (3D). Synapses: 0. GPU memory: 1.6GB/25.8GB (6.1%)
  [day 6] vocab=24 heard=24 facts=11 recall=1.00 heldout=1.00 retain=1.00 chain=1.00 moat_fa=0 corr(M,C)=+0.90 tier=12 replay=5 win=2500 (136.1s wake=13.3s)
[2026-06-26 08:26:30][INFO] SIM_BRIDGE: CuPy using GPU: NVIDIA GeForce RTX 3090 (24.0 GB), mempool limit: 80%
[2026-06-26 08:26:30][INFO] SIM_BRIDGE: Initializing simulation data for model: IZHIKEVICH (3D)... (playback_init: False)
[2026-06-26 08:26:30][INFO] SIM_BRIDGE: Brain-region framework: 2 regions, 2700 total neurons, 1 pathways.
[2026-06-26 08:26:30][INFO] SIM_BRIDGE: RNG initialized with seed: 101
[2026-06-26 08:26:30][INFO] SIM_BRIDGE: Initializing Izhikevich model specifics for 2700 neurons...
[2026-06-26 08:26:30][INFO] SIM_BRIDGE: Applying parameter heterogeneity to neuron parameters...
[2026-06-26 08:26:30][INFO] SIM_BRIDGE: Applied heterogeneity to 4 parameters.
[2026-06-26 08:26:30][INFO] SIM_BRIDGE: Generating 3D neuron positions for 2700 neurons...
[2026-06-26 08:26:30][INFO] SIM_BRIDGE: Generating connections (brain-region framework)...
[2026-06-26 08:26:30][WARNING] SIM_BRIDGE: No trait info available; all synapses default to E->E STP type.
[2026-06-26 08:26:30][INFO] SIM_BRIDGE: inject_explicit_wiring: installed 720000 synapses across 1 populations.
[2026-06-26 08:26:30][INFO] SIM_BRIDGE: Initializing STP state for 720000 synapses (capacity: 1080000)...
[2026-06-26 08:26:30][INFO] SIM_BRIDGE: Initializing eligibility traces for 720000 synapses (capacity: 1080000, dtype: float32)...
[2026-06-26 08:26:30][WARNING] SIM_BRIDGE: No trait info available; all synapses default to E->E STP type.
[2026-06-26 08:26:30][INFO] SIM_BRIDGE: Initializing structural plasticity state...
[2026-06-26 08:26:30][INFO] SIM_BRIDGE: Simulation data initialized for 2700 neurons (3D). Synapses: 720000. GPU memory: 1.6GB/25.8GB (6.1%)
[2026-06-26 08:26:59][INFO] SIM_BRIDGE: CuPy using GPU: NVIDIA GeForce RTX 3090 (24.0 GB), mempool limit: 80%
[2026-06-26 08:26:59][INFO] SIM_BRIDGE: Initializing simulation data for model: IZHIKEVICH (3D)... (playback_init: False)
[2026-06-26 08:26:59][INFO] SIM_BRIDGE: RNG initialized with seed: 101
[2026-06-26 08:26:59][INFO] SIM_BRIDGE: Initializing Izhikevich model specifics for 126 neurons...
[2026-06-26 08:26:59][INFO] SIM_BRIDGE: Applying parameter heterogeneity to neuron parameters...
[2026-06-26 08:26:59][INFO] SIM_BRIDGE: Applied heterogeneity to 4 parameters.
[2026-06-26 08:26:59][INFO] SIM_BRIDGE: Initializing OU process state (tau=15.0ms, sigma=20.0pA)...
[2026-06-26 08:26:59][INFO] SIM_BRIDGE: Generating 3D neuron positions for 126 neurons...
[2026-06-26 08:26:59][INFO] SIM_BRIDGE: Generating connections (3D)...
[2026-06-26 08:26:59][INFO] SIM_BRIDGE: Simulation data initialized for 126 neurons (3D). Synapses: 0. GPU memory: 1.6GB/25.8GB (6.1%)
[2026-06-26 08:26:59][INFO] SIM_BRIDGE: inject_explicit_wiring: installed 720 synapses across 1 populations.
[2026-06-26 08:27:36][INFO] SIM_BRIDGE: CuPy using GPU: NVIDIA GeForce RTX 3090 (24.0 GB), mempool limit: 80%
[2026-06-26 08:27:36][INFO] SIM_BRIDGE: Initializing simulation data for model: IZHIKEVICH (3D)... (playback_init: False)
[2026-06-26 08:27:36][INFO] SIM_BRIDGE: RNG initialized with seed: 101
[2026-06-26 08:27:36][INFO] SIM_BRIDGE: Initializing Izhikevich model specifics for 224 neurons...
[2026-06-26 08:27:36][INFO] SIM_BRIDGE: Applying parameter heterogeneity to neuron parameters...
[2026-06-26 08:27:36][INFO] SIM_BRIDGE: Applied heterogeneity to 4 parameters.
[2026-06-26 08:27:36][INFO] SIM_BRIDGE: Initializing OU process state (tau=15.0ms, sigma=20.0pA)...
[2026-06-26 08:27:36][INFO] SIM_BRIDGE: Generating 3D neuron positions for 224 neurons...
[2026-06-26 08:27:36][INFO] SIM_BRIDGE: Generating connections (3D)...
[2026-06-26 08:27:36][INFO] SIM_BRIDGE: Simulation data initialized for 224 neurons (3D). Synapses: 0. GPU memory: 1.6GB/25.8GB (6.1%)
[2026-06-26 08:27:36][INFO] SIM_BRIDGE: inject_explicit_wiring: installed 4800 synapses across 1 populations.
[2026-06-26 08:28:31][INFO] SIM_BRIDGE: CuPy using GPU: NVIDIA GeForce RTX 3090 (24.0 GB), mempool limit: 80%
[2026-06-26 08:28:31][INFO] SIM_BRIDGE: Initializing simulation data for model: IZHIKEVICH (3D)... (playback_init: False)
[2026-06-26 08:28:31][INFO] SIM_BRIDGE: Brain-region framework: 2 regions, 2560 total neurons, 2 pathways.
[2026-06-26 08:28:31][INFO] SIM_BRIDGE: RNG initialized with seed: 101
[2026-06-26 08:28:31][INFO] SIM_BRIDGE: NMDA per-region mask: 2 regions enabled (2560 neurons)
[2026-06-26 08:28:31][INFO] SIM_BRIDGE: Initializing Izhikevich model specifics for 2560 neurons...
[2026-06-26 08:28:31][INFO] SIM_BRIDGE: Region 'cortex_ctx' (1280 neurons): using Izh type IZH2007_HIPPO_PYRAMIDAL
[2026-06-26 08:28:31][INFO] SIM_BRIDGE: Region 'dlpfc_wm' (1280 neurons): using Izh type IZH2007_HIPPO_PYRAMIDAL
[2026-06-26 08:28:31][INFO] SIM_BRIDGE: Applying parameter heterogeneity to neuron parameters...
[2026-06-26 08:28:31][INFO] SIM_BRIDGE: Applied heterogeneity to 4 parameters.
[2026-06-26 08:28:31][INFO] SIM_BRIDGE: Generating 3D neuron positions for 2560 neurons...
[2026-06-26 08:28:31][INFO] SIM_BRIDGE: Generating connections (brain-region framework)...
[2026-06-26 08:28:31][INFO] SIM_BRIDGE: inject_explicit_wiring: installed 491339 synapses across 4 populations.
[2026-06-26 08:28:31][INFO] SIM_BRIDGE: Initializing eligibility traces for 491339 synapses (capacity: 737008, dtype: float32)...
[2026-06-26 08:28:31][INFO] SIM_BRIDGE: Initializing STDP state for 2560 neurons...
[2026-06-26 08:28:31][INFO] SIM_BRIDGE: Simulation data initialized for 2560 neurons (3D). Synapses: 491339. GPU memory: 1.6GB/25.8GB (6.1%)
[2026-06-26 08:28:32][INFO] SIM_BRIDGE: CuPy using GPU: NVIDIA GeForce RTX 3090 (24.0 GB), mempool limit: 80%
[2026-06-26 08:28:32][INFO] SIM_BRIDGE: Initializing simulation data for model: IZHIKEVICH (3D)... (playback_init: False)
[2026-06-26 08:28:32][INFO] SIM_BRIDGE: RNG initialized with seed: 101
[2026-06-26 08:28:32][INFO] SIM_BRIDGE: Initializing Izhikevich model specifics for 256 neurons...
[2026-06-26 08:28:32][INFO] SIM_BRIDGE: Applying parameter heterogeneity to neuron parameters...
[2026-06-26 08:28:32][INFO] SIM_BRIDGE: Applied heterogeneity to 4 parameters.
[2026-06-26 08:28:32][INFO] SIM_BRIDGE: Initializing OU process state (tau=15.0ms, sigma=0.0pA)...
[2026-06-26 08:28:32][INFO] SIM_BRIDGE: Generating 3D neuron positions for 256 neurons...
[2026-06-26 08:28:32][INFO] SIM_BRIDGE: Generating connections (3D)...
[2026-06-26 08:28:32][INFO] SIM_BRIDGE: Simulation data initialized for 256 neurons (3D). Synapses: 0. GPU memory: 1.6GB/25.8GB (6.1%)
[2026-06-26 08:28:33][INFO] SIM_BRIDGE: CuPy using GPU: NVIDIA GeForce RTX 3090 (24.0 GB), mempool limit: 80%
[2026-06-26 08:28:33][INFO] SIM_BRIDGE: Initializing simulation data for model: IZHIKEVICH (3D)... (playback_init: False)
[2026-06-26 08:28:33][INFO] SIM_BRIDGE: RNG initialized with seed: 101
[2026-06-26 08:28:33][INFO] SIM_BRIDGE: Initializing Izhikevich model specifics for 640 neurons...
[2026-06-26 08:28:33][INFO] SIM_BRIDGE: Applying parameter heterogeneity to neuron parameters...
[2026-06-26 08:28:33][INFO] SIM_BRIDGE: Applied heterogeneity to 4 parameters.
[2026-06-26 08:28:33][INFO] SIM_BRIDGE: Initializing OU process state (tau=15.0ms, sigma=0.0pA)...
[2026-06-26 08:28:33][INFO] SIM_BRIDGE: Generating 3D neuron positions for 640 neurons...
[2026-06-26 08:28:33][INFO] SIM_BRIDGE: Generating connections (3D)...
[2026-06-26 08:28:33][INFO] SIM_BRIDGE: Simulation data initialized for 640 neurons (3D). Synapses: 0. GPU memory: 1.6GB/25.8GB (6.1%)
[2026-06-26 08:28:57][INFO] SIM_BRIDGE: CuPy using GPU: NVIDIA GeForce RTX 3090 (24.0 GB), mempool limit: 80%
[2026-06-26 08:28:57][INFO] SIM_BRIDGE: Initializing simulation data for model: IZHIKEVICH (3D)... (playback_init: False)
[2026-06-26 08:28:57][INFO] SIM_BRIDGE: RNG initialized with seed: 101
[2026-06-26 08:28:57][INFO] SIM_BRIDGE: Initializing Izhikevich model specifics for 4864 neurons...
[2026-06-26 08:28:57][INFO] SIM_BRIDGE: Applying parameter heterogeneity to neuron parameters...
[2026-06-26 08:28:57][INFO] SIM_BRIDGE: Applied heterogeneity to 4 parameters.
[2026-06-26 08:28:57][INFO] SIM_BRIDGE: Initializing OU process state (tau=15.0ms, sigma=0.0pA)...
[2026-06-26 08:28:57][INFO] SIM_BRIDGE: Generating 3D neuron positions for 4864 neurons...
[2026-06-26 08:28:57][INFO] SIM_BRIDGE: Generating connections (3D)...
[2026-06-26 08:28:57][INFO] SIM_BRIDGE: Simulation data initialized for 4864 neurons (3D). Synapses: 0. GPU memory: 1.6GB/25.8GB (6.1%)
[2026-06-26 08:28:59][INFO] SIM_BRIDGE: CuPy using GPU: NVIDIA GeForce RTX 3090 (24.0 GB), mempool limit: 80%
[2026-06-26 08:28:59][INFO] SIM_BRIDGE: Initializing simulation data for model: IZHIKEVICH (3D)... (playback_init: False)
[2026-06-26 08:28:59][INFO] SIM_BRIDGE: Brain-region framework: 2 regions, 2700 total neurons, 1 pathways.
[2026-06-26 08:28:59][INFO] SIM_BRIDGE: RNG initialized with seed: 101
[2026-06-26 08:28:59][INFO] SIM_BRIDGE: Initializing Izhikevich model specifics for 2700 neurons...
[2026-06-26 08:28:59][INFO] SIM_BRIDGE: Applying parameter heterogeneity to neuron parameters...
[2026-06-26 08:28:59][INFO] SIM_BRIDGE: Applied heterogeneity to 4 parameters.
[2026-06-26 08:28:59][INFO] SIM_BRIDGE: Generating 3D neuron positions for 2700 neurons...
[2026-06-26 08:28:59][INFO] SIM_BRIDGE: Generating connections (brain-region framework)...
[2026-06-26 08:29:00][WARNING] SIM_BRIDGE: No trait info available; all synapses default to E->E STP type.
[2026-06-26 08:29:00][INFO] SIM_BRIDGE: inject_explicit_wiring: installed 720000 synapses across 1 populations.
[2026-06-26 08:29:00][INFO] SIM_BRIDGE: Initializing STP state for 720000 synapses (capacity: 1080000)...
[2026-06-26 08:29:00][INFO] SIM_BRIDGE: Initializing eligibility traces for 720000 synapses (capacity: 1080000, dtype: float32)...
[2026-06-26 08:29:00][WARNING] SIM_BRIDGE: No trait info available; all synapses default to E->E STP type.
[2026-06-26 08:29:00][INFO] SIM_BRIDGE: Initializing structural plasticity state...
[2026-06-26 08:29:00][INFO] SIM_BRIDGE: Simulation data initialized for 2700 neurons (3D). Synapses: 720000. GPU memory: 1.6GB/25.8GB (6.1%)
[2026-06-26 08:29:11][INFO] SIM_BRIDGE: CuPy using GPU: NVIDIA GeForce RTX 3090 (24.0 GB), mempool limit: 80%
[2026-06-26 08:29:11][INFO] SIM_BRIDGE: Initializing simulation data for model: IZHIKEVICH (3D)... (playback_init: False)
[2026-06-26 08:29:11][INFO] SIM_BRIDGE: RNG initialized with seed: 101
[2026-06-26 08:29:11][INFO] SIM_BRIDGE: Initializing Izhikevich model specifics for 126 neurons...
[2026-06-26 08:29:11][INFO] SIM_BRIDGE: Applying parameter heterogeneity to neuron parameters...
[2026-06-26 08:29:11][INFO] SIM_BRIDGE: Applied heterogeneity to 4 parameters.
[2026-06-26 08:29:11][INFO] SIM_BRIDGE: Initializing OU process state (tau=15.0ms, sigma=20.0pA)...
[2026-06-26 08:29:11][INFO] SIM_BRIDGE: Generating 3D neuron positions for 126 neurons...
[2026-06-26 08:29:11][INFO] SIM_BRIDGE: Generating connections (3D)...
[2026-06-26 08:29:11][INFO] SIM_BRIDGE: Simulation data initialized for 126 neurons (3D). Synapses: 0. GPU memory: 1.6GB/25.8GB (6.1%)
[2026-06-26 08:29:11][INFO] SIM_BRIDGE: inject_explicit_wiring: installed 720 synapses across 1 populations.
[2026-06-26 08:29:48][INFO] SIM_BRIDGE: CuPy using GPU: NVIDIA GeForce RTX 3090 (24.0 GB), mempool limit: 80%
[2026-06-26 08:29:48][INFO] SIM_BRIDGE: Initializing simulation data for model: IZHIKEVICH (3D)... (playback_init: False)
[2026-06-26 08:29:48][INFO] SIM_BRIDGE: RNG initialized with seed: 101
[2026-06-26 08:29:48][INFO] SIM_BRIDGE: Initializing Izhikevich model specifics for 224 neurons...
[2026-06-26 08:29:48][INFO] SIM_BRIDGE: Applying parameter heterogeneity to neuron parameters...
[2026-06-26 08:29:48][INFO] SIM_BRIDGE: Applied heterogeneity to 4 parameters.
[2026-06-26 08:29:48][INFO] SIM_BRIDGE: Initializing OU process state (tau=15.0ms, sigma=20.0pA)...
[2026-06-26 08:29:48][INFO] SIM_BRIDGE: Generating 3D neuron positions for 224 neurons...
[2026-06-26 08:29:48][INFO] SIM_BRIDGE: Generating connections (3D)...
[2026-06-26 08:29:48][INFO] SIM_BRIDGE: Simulation data initialized for 224 neurons (3D). Synapses: 0. GPU memory: 1.6GB/25.8GB (6.1%)
[2026-06-26 08:29:48][INFO] SIM_BRIDGE: inject_explicit_wiring: installed 4800 synapses across 1 populations.
[2026-06-26 08:30:43][INFO] SIM_BRIDGE: CuPy using GPU: NVIDIA GeForce RTX 3090 (24.0 GB), mempool limit: 80%
[2026-06-26 08:30:43][INFO] SIM_BRIDGE: Initializing simulation data for model: IZHIKEVICH (3D)... (playback_init: False)
[2026-06-26 08:30:43][INFO] SIM_BRIDGE: Brain-region framework: 2 regions, 2560 total neurons, 2 pathways.
[2026-06-26 08:30:43][INFO] SIM_BRIDGE: RNG initialized with seed: 101
[2026-06-26 08:30:43][INFO] SIM_BRIDGE: NMDA per-region mask: 2 regions enabled (2560 neurons)
[2026-06-26 08:30:43][INFO] SIM_BRIDGE: Initializing Izhikevich model specifics for 2560 neurons...
[2026-06-26 08:30:43][INFO] SIM_BRIDGE: Region 'cortex_ctx' (1280 neurons): using Izh type IZH2007_HIPPO_PYRAMIDAL
[2026-06-26 08:30:43][INFO] SIM_BRIDGE: Region 'dlpfc_wm' (1280 neurons): using Izh type IZH2007_HIPPO_PYRAMIDAL
[2026-06-26 08:30:43][INFO] SIM_BRIDGE: Applying parameter heterogeneity to neuron parameters...
[2026-06-26 08:30:43][INFO] SIM_BRIDGE: Applied heterogeneity to 4 parameters.
[2026-06-26 08:30:43][INFO] SIM_BRIDGE: Generating 3D neuron positions for 2560 neurons...
[2026-06-26 08:30:43][INFO] SIM_BRIDGE: Generating connections (brain-region framework)...
[2026-06-26 08:30:44][INFO] SIM_BRIDGE: inject_explicit_wiring: installed 491339 synapses across 4 populations.
[2026-06-26 08:30:44][INFO] SIM_BRIDGE: Initializing eligibility traces for 491339 synapses (capacity: 737008, dtype: float32)...
[2026-06-26 08:30:44][INFO] SIM_BRIDGE: Initializing STDP state for 2560 neurons...
[2026-06-26 08:30:44][INFO] SIM_BRIDGE: Simulation data initialized for 2560 neurons (3D). Synapses: 491339. GPU memory: 1.6GB/25.8GB (6.1%)
[2026-06-26 08:31:01][INFO] SIM_BRIDGE: CuPy using GPU: NVIDIA GeForce RTX 3090 (24.0 GB), mempool limit: 80%
[2026-06-26 08:31:01][INFO] SIM_BRIDGE: Initializing simulation data for model: IZHIKEVICH (3D)... (playback_init: False)
[2026-06-26 08:31:01][INFO] SIM_BRIDGE: RNG initialized with seed: 101
[2026-06-26 08:31:01][INFO] SIM_BRIDGE: Initializing Izhikevich model specifics for 126 neurons...
[2026-06-26 08:31:01][INFO] SIM_BRIDGE: Applying parameter heterogeneity to neuron parameters...
[2026-06-26 08:31:01][INFO] SIM_BRIDGE: Applied heterogeneity to 4 parameters.
[2026-06-26 08:31:01][INFO] SIM_BRIDGE: Initializing OU process state (tau=15.0ms, sigma=20.0pA)...
[2026-06-26 08:31:01][INFO] SIM_BRIDGE: Generating 3D neuron positions for 126 neurons...
[2026-06-26 08:31:01][INFO] SIM_BRIDGE: Generating connections (3D)...
[2026-06-26 08:31:01][INFO] SIM_BRIDGE: Simulation data initialized for 126 neurons (3D). Synapses: 0. GPU memory: 1.6GB/25.8GB (6.1%)
[2026-06-26 08:31:01][INFO] SIM_BRIDGE: inject_explicit_wiring: installed 720 synapses across 1 populations.
[2026-06-26 08:31:54][INFO] SIM_BRIDGE: CuPy using GPU: NVIDIA GeForce RTX 3090 (24.0 GB), mempool limit: 80%
[2026-06-26 08:31:54][INFO] SIM_BRIDGE: Initializing simulation data for model: IZHIKEVICH (3D)... (playback_init: False)
[2026-06-26 08:31:54][INFO] SIM_BRIDGE: RNG initialized with seed: 101
[2026-06-26 08:31:54][INFO] SIM_BRIDGE: Initializing Izhikevich model specifics for 224 neurons...
[2026-06-26 08:31:54][INFO] SIM_BRIDGE: Applying parameter heterogeneity to neuron parameters...
[2026-06-26 08:31:54][INFO] SIM_BRIDGE: Applied heterogeneity to 4 parameters.
[2026-06-26 08:31:54][INFO] SIM_BRIDGE: Initializing OU process state (tau=15.0ms, sigma=20.0pA)...
[2026-06-26 08:31:54][INFO] SIM_BRIDGE: Generating 3D neuron positions for 224 neurons...
[2026-06-26 08:31:54][INFO] SIM_BRIDGE: Generating connections (3D)...
[2026-06-26 08:31:54][INFO] SIM_BRIDGE: Simulation data initialized for 224 neurons (3D). Synapses: 0. GPU memory: 1.6GB/25.8GB (6.1%)
[2026-06-26 08:31:54][INFO] SIM_BRIDGE: inject_explicit_wiring: installed 4800 synapses across 1 populations.
[2026-06-26 08:32:51][INFO] SIM_BRIDGE: CuPy using GPU: NVIDIA GeForce RTX 3090 (24.0 GB), mempool limit: 80%
[2026-06-26 08:32:51][INFO] SIM_BRIDGE: Initializing simulation data for model: IZHIKEVICH (3D)... (playback_init: False)
[2026-06-26 08:32:51][INFO] SIM_BRIDGE: Brain-region framework: 2 regions, 2560 total neurons, 2 pathways.
[2026-06-26 08:32:51][INFO] SIM_BRIDGE: RNG initialized with seed: 101
[2026-06-26 08:32:51][INFO] SIM_BRIDGE: NMDA per-region mask: 2 regions enabled (2560 neurons)
[2026-06-26 08:32:51][INFO] SIM_BRIDGE: Initializing Izhikevich model specifics for 2560 neurons...
[2026-06-26 08:32:51][INFO] SIM_BRIDGE: Region 'cortex_ctx' (1280 neurons): using Izh type IZH2007_HIPPO_PYRAMIDAL
[2026-06-26 08:32:51][INFO] SIM_BRIDGE: Region 'dlpfc_wm' (1280 neurons): using Izh type IZH2007_HIPPO_PYRAMIDAL
[2026-06-26 08:32:51][INFO] SIM_BRIDGE: Applying parameter heterogeneity to neuron parameters...
[2026-06-26 08:32:51][INFO] SIM_BRIDGE: Applied heterogeneity to 4 parameters.
[2026-06-26 08:32:51][INFO] SIM_BRIDGE: Generating 3D neuron positions for 2560 neurons...
[2026-06-26 08:32:51][INFO] SIM_BRIDGE: Generating connections (brain-region framework)...
[2026-06-26 08:32:52][INFO] SIM_BRIDGE: inject_explicit_wiring: installed 491339 synapses across 4 populations.
[2026-06-26 08:32:52][INFO] SIM_BRIDGE: Initializing eligibility traces for 491339 synapses (capacity: 737008, dtype: float32)...
[2026-06-26 08:32:52][INFO] SIM_BRIDGE: Initializing STDP state for 2560 neurons...
[2026-06-26 08:32:52][INFO] SIM_BRIDGE: Simulation data initialized for 2560 neurons (3D). Synapses: 491339. GPU memory: 1.6GB/25.8GB (6.1%)
[2026-06-26 08:33:04][INFO] SIM_BRIDGE: CuPy using GPU: NVIDIA GeForce RTX 3090 (24.0 GB), mempool limit: 80%
[2026-06-26 08:33:04][INFO] SIM_BRIDGE: Initializing simulation data for model: IZHIKEVICH (3D)... (playback_init: False)
[2026-06-26 08:33:04][INFO] SIM_BRIDGE: RNG initialized with seed: 101
[2026-06-26 08:33:04][INFO] SIM_BRIDGE: Initializing Izhikevich model specifics for 126 neurons...
[2026-06-26 08:33:04][INFO] SIM_BRIDGE: Applying parameter heterogeneity to neuron parameters...
[2026-06-26 08:33:04][INFO] SIM_BRIDGE: Applied heterogeneity to 4 parameters.
[2026-06-26 08:33:04][INFO] SIM_BRIDGE: Initializing OU process state (tau=15.0ms, sigma=20.0pA)...
[2026-06-26 08:33:04][INFO] SIM_BRIDGE: Generating 3D neuron positions for 126 neurons...
[2026-06-26 08:33:04][INFO] SIM_BRIDGE: Generating connections (3D)...
[2026-06-26 08:33:04][INFO] SIM_BRIDGE: Simulation data initialized for 126 neurons (3D). Synapses: 0. GPU memory: 1.6GB/25.8GB (6.1%)
[2026-06-26 08:33:04][INFO] SIM_BRIDGE: inject_explicit_wiring: installed 720 synapses across 1 populations.
[2026-06-26 08:33:41][INFO] SIM_BRIDGE: CuPy using GPU: NVIDIA GeForce RTX 3090 (24.0 GB), mempool limit: 80%
[2026-06-26 08:33:41][INFO] SIM_BRIDGE: Initializing simulation data for model: IZHIKEVICH (3D)... (playback_init: False)
[2026-06-26 08:33:41][INFO] SIM_BRIDGE: RNG initialized with seed: 101
[2026-06-26 08:33:41][INFO] SIM_BRIDGE: Initializing Izhikevich model specifics for 224 neurons...
[2026-06-26 08:33:41][INFO] SIM_BRIDGE: Applying parameter heterogeneity to neuron parameters...
[2026-06-26 08:33:41][INFO] SIM_BRIDGE: Applied heterogeneity to 4 parameters.
[2026-06-26 08:33:41][INFO] SIM_BRIDGE: Initializing OU process state (tau=15.0ms, sigma=20.0pA)...
[2026-06-26 08:33:41][INFO] SIM_BRIDGE: Generating 3D neuron positions for 224 neurons...
[2026-06-26 08:33:41][INFO] SIM_BRIDGE: Generating connections (3D)...
[2026-06-26 08:33:41][INFO] SIM_BRIDGE: Simulation data initialized for 224 neurons (3D). Synapses: 0. GPU memory: 1.6GB/25.8GB (6.1%)
[2026-06-26 08:33:41][INFO] SIM_BRIDGE: inject_explicit_wiring: installed 4800 synapses across 1 populations.
[2026-06-26 08:34:36][INFO] SIM_BRIDGE: CuPy using GPU: NVIDIA GeForce RTX 3090 (24.0 GB), mempool limit: 80%
[2026-06-26 08:34:36][INFO] SIM_BRIDGE: Initializing simulation data for model: IZHIKEVICH (3D)... (playback_init: False)
[2026-06-26 08:34:36][INFO] SIM_BRIDGE: Brain-region framework: 2 regions, 2560 total neurons, 2 pathways.
[2026-06-26 08:34:36][INFO] SIM_BRIDGE: RNG initialized with seed: 101
[2026-06-26 08:34:36][INFO] SIM_BRIDGE: NMDA per-region mask: 2 regions enabled (2560 neurons)
[2026-06-26 08:34:36][INFO] SIM_BRIDGE: Initializing Izhikevich model specifics for 2560 neurons...
[2026-06-26 08:34:36][INFO] SIM_BRIDGE: Region 'cortex_ctx' (1280 neurons): using Izh type IZH2007_HIPPO_PYRAMIDAL
[2026-06-26 08:34:36][INFO] SIM_BRIDGE: Region 'dlpfc_wm' (1280 neurons): using Izh type IZH2007_HIPPO_PYRAMIDAL
[2026-06-26 08:34:36][INFO] SIM_BRIDGE: Applying parameter heterogeneity to neuron parameters...
[2026-06-26 08:34:36][INFO] SIM_BRIDGE: Applied heterogeneity to 4 parameters.
[2026-06-26 08:34:36][INFO] SIM_BRIDGE: Generating 3D neuron positions for 2560 neurons...
[2026-06-26 08:34:36][INFO] SIM_BRIDGE: Generating connections (brain-region framework)...
[2026-06-26 08:34:37][INFO] SIM_BRIDGE: inject_explicit_wiring: installed 491339 synapses across 4 populations.
[2026-06-26 08:34:37][INFO] SIM_BRIDGE: Initializing eligibility traces for 491339 synapses (capacity: 737008, dtype: float32)...
[2026-06-26 08:34:37][INFO] SIM_BRIDGE: Initializing STDP state for 2560 neurons...
[2026-06-26 08:34:37][INFO] SIM_BRIDGE: Simulation data initialized for 2560 neurons (3D). Synapses: 491339. GPU memory: 1.6GB/25.8GB (6.1%)
[2026-06-26 08:34:50][INFO] SIM_BRIDGE: CuPy using GPU: NVIDIA GeForce RTX 3090 (24.0 GB), mempool limit: 80%
[2026-06-26 08:34:50][INFO] SIM_BRIDGE: Initializing simulation data for model: IZHIKEVICH (3D)... (playback_init: False)
[2026-06-26 08:34:50][INFO] SIM_BRIDGE: RNG initialized with seed: 101
[2026-06-26 08:34:50][INFO] SIM_BRIDGE: Initializing Izhikevich model specifics for 126 neurons...
[2026-06-26 08:34:50][INFO] SIM_BRIDGE: Applying parameter heterogeneity to neuron parameters...
[2026-06-26 08:34:50][INFO] SIM_BRIDGE: Applied heterogeneity to 4 parameters.
[2026-06-26 08:34:50][INFO] SIM_BRIDGE: Initializing OU process state (tau=15.0ms, sigma=20.0pA)...
[2026-06-26 08:34:50][INFO] SIM_BRIDGE: Generating 3D neuron positions for 126 neurons...
[2026-06-26 08:34:50][INFO] SIM_BRIDGE: Generating connections (3D)...
[2026-06-26 08:34:50][INFO] SIM_BRIDGE: Simulation data initialized for 126 neurons (3D). Synapses: 0. GPU memory: 1.6GB/25.8GB (6.1%)
[2026-06-26 08:34:50][INFO] SIM_BRIDGE: inject_explicit_wiring: installed 720 synapses across 1 populations.
[2026-06-26 08:35:27][INFO] SIM_BRIDGE: CuPy using GPU: NVIDIA GeForce RTX 3090 (24.0 GB), mempool limit: 80%
[2026-06-26 08:35:27][INFO] SIM_BRIDGE: Initializing simulation data for model: IZHIKEVICH (3D)... (playback_init: False)
[2026-06-26 08:35:27][INFO] SIM_BRIDGE: RNG initialized with seed: 101
[2026-06-26 08:35:27][INFO] SIM_BRIDGE: Initializing Izhikevich model specifics for 224 neurons...
[2026-06-26 08:35:27][INFO] SIM_BRIDGE: Applying parameter heterogeneity to neuron parameters...
[2026-06-26 08:35:27][INFO] SIM_BRIDGE: Applied heterogeneity to 4 parameters.
[2026-06-26 08:35:27][INFO] SIM_BRIDGE: Initializing OU process state (tau=15.0ms, sigma=20.0pA)...
[2026-06-26 08:35:27][INFO] SIM_BRIDGE: Generating 3D neuron positions for 224 neurons...
[2026-06-26 08:35:27][INFO] SIM_BRIDGE: Generating connections (3D)...
[2026-06-26 08:35:27][INFO] SIM_BRIDGE: Simulation data initialized for 224 neurons (3D). Synapses: 0. GPU memory: 1.6GB/25.8GB (6.1%)
[2026-06-26 08:35:27][INFO] SIM_BRIDGE: inject_explicit_wiring: installed 4800 synapses across 1 populations.
[2026-06-26 08:36:22][INFO] SIM_BRIDGE: CuPy using GPU: NVIDIA GeForce RTX 3090 (24.0 GB), mempool limit: 80%
[2026-06-26 08:36:22][INFO] SIM_BRIDGE: Initializing simulation data for model: IZHIKEVICH (3D)... (playback_init: False)
[2026-06-26 08:36:22][INFO] SIM_BRIDGE: Brain-region framework: 2 regions, 2560 total neurons, 2 pathways.
[2026-06-26 08:36:22][INFO] SIM_BRIDGE: RNG initialized with seed: 101
[2026-06-26 08:36:22][INFO] SIM_BRIDGE: NMDA per-region mask: 2 regions enabled (2560 neurons)
[2026-06-26 08:36:22][INFO] SIM_BRIDGE: Initializing Izhikevich model specifics for 2560 neurons...
[2026-06-26 08:36:22][INFO] SIM_BRIDGE: Region 'cortex_ctx' (1280 neurons): using Izh type IZH2007_HIPPO_PYRAMIDAL
[2026-06-26 08:36:22][INFO] SIM_BRIDGE: Region 'dlpfc_wm' (1280 neurons): using Izh type IZH2007_HIPPO_PYRAMIDAL
[2026-06-26 08:36:22][INFO] SIM_BRIDGE: Applying parameter heterogeneity to neuron parameters...
[2026-06-26 08:36:22][INFO] SIM_BRIDGE: Applied heterogeneity to 4 parameters.
[2026-06-26 08:36:22][INFO] SIM_BRIDGE: Generating 3D neuron positions for 2560 neurons...
[2026-06-26 08:36:22][INFO] SIM_BRIDGE: Generating connections (brain-region framework)...
[2026-06-26 08:36:23][INFO] SIM_BRIDGE: inject_explicit_wiring: installed 491339 synapses across 4 populations.
[2026-06-26 08:36:23][INFO] SIM_BRIDGE: Initializing eligibility traces for 491339 synapses (capacity: 737008, dtype: float32)...
[2026-06-26 08:36:23][INFO] SIM_BRIDGE: Initializing STDP state for 2560 neurons...
[2026-06-26 08:36:23][INFO] SIM_BRIDGE: Simulation data initialized for 2560 neurons (3D). Synapses: 491339. GPU memory: 1.6GB/25.8GB (6.1%)
[2026-06-26 08:36:37][INFO] SIM_BRIDGE: CuPy using GPU: NVIDIA GeForce RTX 3090 (24.0 GB), mempool limit: 80%
[2026-06-26 08:36:37][INFO] SIM_BRIDGE: Initializing simulation data for model: IZHIKEVICH (3D)... (playback_init: False)
[2026-06-26 08:36:37][INFO] SIM_BRIDGE: RNG initialized with seed: 101
[2026-06-26 08:36:37][INFO] SIM_BRIDGE: Initializing Izhikevich model specifics for 126 neurons...
[2026-06-26 08:36:37][INFO] SIM_BRIDGE: Applying parameter heterogeneity to neuron parameters...
[2026-06-26 08:36:37][INFO] SIM_BRIDGE: Applied heterogeneity to 4 parameters.
[2026-06-26 08:36:37][INFO] SIM_BRIDGE: Initializing OU process state (tau=15.0ms, sigma=20.0pA)...
[2026-06-26 08:36:37][INFO] SIM_BRIDGE: Generating 3D neuron positions for 126 neurons...
[2026-06-26 08:36:37][INFO] SIM_BRIDGE: Generating connections (3D)...
[2026-06-26 08:36:37][INFO] SIM_BRIDGE: Simulation data initialized for 126 neurons (3D). Synapses: 0. GPU memory: 1.6GB/25.8GB (6.1%)
[2026-06-26 08:36:37][INFO] SIM_BRIDGE: inject_explicit_wiring: installed 720 synapses across 1 populations.
[2026-06-26 08:37:14][INFO] SIM_BRIDGE: CuPy using GPU: NVIDIA GeForce RTX 3090 (24.0 GB), mempool limit: 80%
[2026-06-26 08:37:14][INFO] SIM_BRIDGE: Initializing simulation data for model: IZHIKEVICH (3D)... (playback_init: False)
[2026-06-26 08:37:14][INFO] SIM_BRIDGE: RNG initialized with seed: 101
[2026-06-26 08:37:14][INFO] SIM_BRIDGE: Initializing Izhikevich model specifics for 224 neurons...
[2026-06-26 08:37:14][INFO] SIM_BRIDGE: Applying parameter heterogeneity to neuron parameters...
[2026-06-26 08:37:14][INFO] SIM_BRIDGE: Applied heterogeneity to 4 parameters.
[2026-06-26 08:37:14][INFO] SIM_BRIDGE: Initializing OU process state (tau=15.0ms, sigma=20.0pA)...
[2026-06-26 08:37:14][INFO] SIM_BRIDGE: Generating 3D neuron positions for 224 neurons...
[2026-06-26 08:37:14][INFO] SIM_BRIDGE: Generating connections (3D)...
[2026-06-26 08:37:14][INFO] SIM_BRIDGE: Simulation data initialized for 224 neurons (3D). Synapses: 0. GPU memory: 1.6GB/25.8GB (6.1%)
[2026-06-26 08:37:14][INFO] SIM_BRIDGE: inject_explicit_wiring: installed 4800 synapses across 1 populations.
[2026-06-26 08:38:09][INFO] SIM_BRIDGE: CuPy using GPU: NVIDIA GeForce RTX 3090 (24.0 GB), mempool limit: 80%
[2026-06-26 08:38:09][INFO] SIM_BRIDGE: Initializing simulation data for model: IZHIKEVICH (3D)... (playback_init: False)
[2026-06-26 08:38:09][INFO] SIM_BRIDGE: Brain-region framework: 2 regions, 2560 total neurons, 2 pathways.
[2026-06-26 08:38:09][INFO] SIM_BRIDGE: RNG initialized with seed: 101
[2026-06-26 08:38:09][INFO] SIM_BRIDGE: NMDA per-region mask: 2 regions enabled (2560 neurons)
[2026-06-26 08:38:09][INFO] SIM_BRIDGE: Initializing Izhikevich model specifics for 2560 neurons...
[2026-06-26 08:38:09][INFO] SIM_BRIDGE: Region 'cortex_ctx' (1280 neurons): using Izh type IZH2007_HIPPO_PYRAMIDAL
[2026-06-26 08:38:09][INFO] SIM_BRIDGE: Region 'dlpfc_wm' (1280 neurons): using Izh type IZH2007_HIPPO_PYRAMIDAL
[2026-06-26 08:38:09][INFO] SIM_BRIDGE: Applying parameter heterogeneity to neuron parameters...
[2026-06-26 08:38:09][INFO] SIM_BRIDGE: Applied heterogeneity to 4 parameters.
[2026-06-26 08:38:09][INFO] SIM_BRIDGE: Generating 3D neuron positions for 2560 neurons...
[2026-06-26 08:38:09][INFO] SIM_BRIDGE: Generating connections (brain-region framework)...
[2026-06-26 08:38:09][INFO] SIM_BRIDGE: inject_explicit_wiring: installed 491339 synapses across 4 populations.
[2026-06-26 08:38:09][INFO] SIM_BRIDGE: Initializing eligibility traces for 491339 synapses (capacity: 737008, dtype: float32)...
[2026-06-26 08:38:09][INFO] SIM_BRIDGE: Initializing STDP state for 2560 neurons...
[2026-06-26 08:38:09][INFO] SIM_BRIDGE: Simulation data initialized for 2560 neurons (3D). Synapses: 491339. GPU memory: 1.6GB/25.8GB (6.1%)
[2026-06-26 08:38:23][INFO] SIM_BRIDGE: CuPy using GPU: NVIDIA GeForce RTX 3090 (24.0 GB), mempool limit: 80%
[2026-06-26 08:38:23][INFO] SIM_BRIDGE: Initializing simulation data for model: IZHIKEVICH (3D)... (playback_init: False)
[2026-06-26 08:38:23][INFO] SIM_BRIDGE: RNG initialized with seed: 101
[2026-06-26 08:38:23][INFO] SIM_BRIDGE: Initializing Izhikevich model specifics for 126 neurons...
[2026-06-26 08:38:23][INFO] SIM_BRIDGE: Applying parameter heterogeneity to neuron parameters...
[2026-06-26 08:38:23][INFO] SIM_BRIDGE: Applied heterogeneity to 4 parameters.
[2026-06-26 08:38:23][INFO] SIM_BRIDGE: Initializing OU process state (tau=15.0ms, sigma=20.0pA)...
[2026-06-26 08:38:23][INFO] SIM_BRIDGE: Generating 3D neuron positions for 126 neurons...
[2026-06-26 08:38:23][INFO] SIM_BRIDGE: Generating connections (3D)...
[2026-06-26 08:38:23][INFO] SIM_BRIDGE: Simulation data initialized for 126 neurons (3D). Synapses: 0. GPU memory: 1.6GB/25.8GB (6.1%)
[2026-06-26 08:38:23][INFO] SIM_BRIDGE: inject_explicit_wiring: installed 720 synapses across 1 populations.
[2026-06-26 08:39:05][INFO] SIM_BRIDGE: CuPy using GPU: NVIDIA GeForce RTX 3090 (24.0 GB), mempool limit: 80%
[2026-06-26 08:39:05][INFO] SIM_BRIDGE: Initializing simulation data for model: IZHIKEVICH (3D)... (playback_init: False)
[2026-06-26 08:39:05][INFO] SIM_BRIDGE: RNG initialized with seed: 101
[2026-06-26 08:39:05][INFO] SIM_BRIDGE: Initializing Izhikevich model specifics for 224 neurons...
[2026-06-26 08:39:05][INFO] SIM_BRIDGE: Applying parameter heterogeneity to neuron parameters...
[2026-06-26 08:39:05][INFO] SIM_BRIDGE: Applied heterogeneity to 4 parameters.
[2026-06-26 08:39:05][INFO] SIM_BRIDGE: Initializing OU process state (tau=15.0ms, sigma=20.0pA)...
[2026-06-26 08:39:05][INFO] SIM_BRIDGE: Generating 3D neuron positions for 224 neurons...
[2026-06-26 08:39:05][INFO] SIM_BRIDGE: Generating connections (3D)...
[2026-06-26 08:39:05][INFO] SIM_BRIDGE: Simulation data initialized for 224 neurons (3D). Synapses: 0. GPU memory: 1.6GB/25.8GB (6.1%)
[2026-06-26 08:39:05][INFO] SIM_BRIDGE: inject_explicit_wiring: installed 4800 synapses across 1 populations.
[2026-06-26 08:39:59][INFO] SIM_BRIDGE: CuPy using GPU: NVIDIA GeForce RTX 3090 (24.0 GB), mempool limit: 80%
[2026-06-26 08:39:59][INFO] SIM_BRIDGE: Initializing simulation data for model: IZHIKEVICH (3D)... (playback_init: False)
[2026-06-26 08:39:59][INFO] SIM_BRIDGE: Brain-region framework: 2 regions, 2560 total neurons, 2 pathways.
[2026-06-26 08:39:59][INFO] SIM_BRIDGE: RNG initialized with seed: 101
[2026-06-26 08:39:59][INFO] SIM_BRIDGE: NMDA per-region mask: 2 regions enabled (2560 neurons)
[2026-06-26 08:39:59][INFO] SIM_BRIDGE: Initializing Izhikevich model specifics for 2560 neurons...
[2026-06-26 08:39:59][INFO] SIM_BRIDGE: Region 'cortex_ctx' (1280 neurons): using Izh type IZH2007_HIPPO_PYRAMIDAL
[2026-06-26 08:39:59][INFO] SIM_BRIDGE: Region 'dlpfc_wm' (1280 neurons): using Izh type IZH2007_HIPPO_PYRAMIDAL
[2026-06-26 08:39:59][INFO] SIM_BRIDGE: Applying parameter heterogeneity to neuron parameters...
[2026-06-26 08:39:59][INFO] SIM_BRIDGE: Applied heterogeneity to 4 parameters.
[2026-06-26 08:39:59][INFO] SIM_BRIDGE: Generating 3D neuron positions for 2560 neurons...
[2026-06-26 08:39:59][INFO] SIM_BRIDGE: Generating connections (brain-region framework)...
[2026-06-26 08:40:00][INFO] SIM_BRIDGE: inject_explicit_wiring: installed 491339 synapses across 4 populations.
[2026-06-26 08:40:00][INFO] SIM_BRIDGE: Initializing eligibility traces for 491339 synapses (capacity: 737008, dtype: float32)...
[2026-06-26 08:40:00][INFO] SIM_BRIDGE: Initializing STDP state for 2560 neurons...
[2026-06-26 08:40:00][INFO] SIM_BRIDGE: Simulation data initialized for 2560 neurons (3D). Synapses: 491339. GPU memory: 1.6GB/25.8GB (6.1%)
[2026-06-26 08:40:13][INFO] SIM_BRIDGE: CuPy using GPU: NVIDIA GeForce RTX 3090 (24.0 GB), mempool limit: 80%
[2026-06-26 08:40:13][INFO] SIM_BRIDGE: Initializing simulation data for model: IZHIKEVICH (3D)... (playback_init: False)
[2026-06-26 08:40:13][INFO] SIM_BRIDGE: RNG initialized with seed: 101
[2026-06-26 08:40:13][INFO] SIM_BRIDGE: Initializing Izhikevich model specifics for 126 neurons...
[2026-06-26 08:40:13][INFO] SIM_BRIDGE: Applying parameter heterogeneity to neuron parameters...
[2026-06-26 08:40:13][INFO] SIM_BRIDGE: Applied heterogeneity to 4 parameters.
[2026-06-26 08:40:13][INFO] SIM_BRIDGE: Initializing OU process state (tau=15.0ms, sigma=20.0pA)...
[2026-06-26 08:40:13][INFO] SIM_BRIDGE: Generating 3D neuron positions for 126 neurons...
[2026-06-26 08:40:13][INFO] SIM_BRIDGE: Generating connections (3D)...
[2026-06-26 08:40:13][INFO] SIM_BRIDGE: Simulation data initialized for 126 neurons (3D). Synapses: 0. GPU memory: 1.6GB/25.8GB (6.1%)
[2026-06-26 08:40:13][INFO] SIM_BRIDGE: inject_explicit_wiring: installed 720 synapses across 1 populations.
[2026-06-26 08:40:50][INFO] SIM_BRIDGE: CuPy using GPU: NVIDIA GeForce RTX 3090 (24.0 GB), mempool limit: 80%
[2026-06-26 08:40:50][INFO] SIM_BRIDGE: Initializing simulation data for model: IZHIKEVICH (3D)... (playback_init: False)
[2026-06-26 08:40:50][INFO] SIM_BRIDGE: RNG initialized with seed: 101
[2026-06-26 08:40:50][INFO] SIM_BRIDGE: Initializing Izhikevich model specifics for 224 neurons...
[2026-06-26 08:40:50][INFO] SIM_BRIDGE: Applying parameter heterogeneity to neuron parameters...
[2026-06-26 08:40:50][INFO] SIM_BRIDGE: Applied heterogeneity to 4 parameters.
[2026-06-26 08:40:50][INFO] SIM_BRIDGE: Initializing OU process state (tau=15.0ms, sigma=20.0pA)...
[2026-06-26 08:40:50][INFO] SIM_BRIDGE: Generating 3D neuron positions for 224 neurons...
[2026-06-26 08:40:50][INFO] SIM_BRIDGE: Generating connections (3D)...
[2026-06-26 08:40:50][INFO] SIM_BRIDGE: Simulation data initialized for 224 neurons (3D). Synapses: 0. GPU memory: 1.6GB/25.8GB (6.1%)
[2026-06-26 08:40:50][INFO] SIM_BRIDGE: inject_explicit_wiring: installed 4800 synapses across 1 populations.
[2026-06-26 08:41:44][INFO] SIM_BRIDGE: CuPy using GPU: NVIDIA GeForce RTX 3090 (24.0 GB), mempool limit: 80%
[2026-06-26 08:41:44][INFO] SIM_BRIDGE: Initializing simulation data for model: IZHIKEVICH (3D)... (playback_init: False)
[2026-06-26 08:41:44][INFO] SIM_BRIDGE: Brain-region framework: 2 regions, 2560 total neurons, 2 pathways.
[2026-06-26 08:41:44][INFO] SIM_BRIDGE: RNG initialized with seed: 101
[2026-06-26 08:41:44][INFO] SIM_BRIDGE: NMDA per-region mask: 2 regions enabled (2560 neurons)
[2026-06-26 08:41:44][INFO] SIM_BRIDGE: Initializing Izhikevich model specifics for 2560 neurons...
[2026-06-26 08:41:44][INFO] SIM_BRIDGE: Region 'cortex_ctx' (1280 neurons): using Izh type IZH2007_HIPPO_PYRAMIDAL
[2026-06-26 08:41:44][INFO] SIM_BRIDGE: Region 'dlpfc_wm' (1280 neurons): using Izh type IZH2007_HIPPO_PYRAMIDAL
[2026-06-26 08:41:44][INFO] SIM_BRIDGE: Applying parameter heterogeneity to neuron parameters...
[2026-06-26 08:41:44][INFO] SIM_BRIDGE: Applied heterogeneity to 4 parameters.
[2026-06-26 08:41:44][INFO] SIM_BRIDGE: Generating 3D neuron positions for 2560 neurons...
[2026-06-26 08:41:44][INFO] SIM_BRIDGE: Generating connections (brain-region framework)...
[2026-06-26 08:41:45][INFO] SIM_BRIDGE: inject_explicit_wiring: installed 491339 synapses across 4 populations.
[2026-06-26 08:41:45][INFO] SIM_BRIDGE: Initializing eligibility traces for 491339 synapses (capacity: 737008, dtype: float32)...
[2026-06-26 08:41:45][INFO] SIM_BRIDGE: Initializing STDP state for 2560 neurons...
[2026-06-26 08:41:45][INFO] SIM_BRIDGE: Simulation data initialized for 2560 neurons (3D). Synapses: 491339. GPU memory: 1.6GB/25.8GB (6.1%)

==============================================================================================================
  VERDICT: GO — the L0 longitudinal-development loop runs at GPU scale with REAL stream-cortex code-learning (corr(M,C) mean +0.90), day-over-day development (vocab 6->24, heard 6->24, facts 2->11), retention holds (1.00), moat 0-FA, a tier fired, persistence resumes, frozen-brain anti-cheat holds. Per-day 128.2s; compressed-week ETA ~15.0 min. READY for the 6-seed compressed-week.
  [saved] research/findings/raw/_develop_week_seed101.json  (wall 1814.2s)
==============================================================================================================
=== SEED 101 EXIT 0 ===
=== SEED 102 START ===
==============================================================================================================
[L0 LONGITUDINAL DEVELOPMENT LOOP — 1-SEED GPU SMOKE — REAL stream cortex]
  backend=cupy  n_days=7  seed=102  max_windows/day=2500  n_hub=200  n_per=12  D=128
  VERIFY: the develop loop runs at GPU scale with the REAL stream-cortex code-learning swapped for the CPU agent-hear() stand-in; measure development + per-day wall-clock + the anti-cheats.
==============================================================================================================

[L0 develop loop — GPU] WAKE(REAL stream-cortex) -> CONVERSE(MultiTurnAgent on learned codes) -> SLEEP(replay+retention) -> [GROWTH] -> METRICS -> PERSIST, 7 days.

[2026-06-26 08:41:47][INFO] SIM_BRIDGE: CuPy using GPU: NVIDIA GeForce RTX 3090 (24.0 GB), mempool limit: 80%
[2026-06-26 08:41:47][INFO] SIM_BRIDGE: Initializing simulation data for model: IZHIKEVICH (3D)... (playback_init: False)
[2026-06-26 08:41:47][INFO] SIM_BRIDGE: Brain-region framework: 2 regions, 2700 total neurons, 1 pathways.
[2026-06-26 08:41:47][INFO] SIM_BRIDGE: RNG initialized with seed: 102
[2026-06-26 08:41:47][INFO] SIM_BRIDGE: Initializing Izhikevich model specifics for 2700 neurons...
[2026-06-26 08:41:47][INFO] SIM_BRIDGE: Applying parameter heterogeneity to neuron parameters...
[2026-06-26 08:41:47][INFO] SIM_BRIDGE: Applied heterogeneity to 4 parameters.
[2026-06-26 08:41:47][INFO] SIM_BRIDGE: Generating 3D neuron positions for 2700 neurons...
[2026-06-26 08:41:47][INFO] SIM_BRIDGE: Generating connections (brain-region framework)...
[2026-06-26 08:41:48][WARNING] SIM_BRIDGE: No trait info available; all synapses default to E->E STP type.
[2026-06-26 08:41:48][INFO] SIM_BRIDGE: inject_explicit_wiring: installed 720000 synapses across 1 populations.
[2026-06-26 08:41:48][INFO] SIM_BRIDGE: Initializing STP state for 720000 synapses (capacity: 1080000)...
[2026-06-26 08:41:48][INFO] SIM_BRIDGE: Initializing eligibility traces for 720000 synapses (capacity: 1080000, dtype: float32)...
[2026-06-26 08:41:48][WARNING] SIM_BRIDGE: No trait info available; all synapses default to E->E STP type.
[2026-06-26 08:41:48][INFO] SIM_BRIDGE: Initializing structural plasticity state...
[2026-06-26 08:41:48][INFO] SIM_BRIDGE: Simulation data initialized for 2700 neurons (3D). Synapses: 720000. GPU memory: 1.4GB/25.8GB (5.4%)
[2026-06-26 08:42:01][INFO] SIM_BRIDGE: CuPy using GPU: NVIDIA GeForce RTX 3090 (24.0 GB), mempool limit: 80%
[2026-06-26 08:42:01][INFO] SIM_BRIDGE: Initializing simulation data for model: IZHIKEVICH (3D)... (playback_init: False)
[2026-06-26 08:42:01][INFO] SIM_BRIDGE: RNG initialized with seed: 102
[2026-06-26 08:42:01][INFO] SIM_BRIDGE: Initializing Izhikevich model specifics for 126 neurons...
[2026-06-26 08:42:01][INFO] SIM_BRIDGE: Applying parameter heterogeneity to neuron parameters...
[2026-06-26 08:42:01][INFO] SIM_BRIDGE: Applied heterogeneity to 4 parameters.
[2026-06-26 08:42:01][INFO] SIM_BRIDGE: Initializing OU process state (tau=15.0ms, sigma=20.0pA)...
[2026-06-26 08:42:01][INFO] SIM_BRIDGE: Generating 3D neuron positions for 126 neurons...
[2026-06-26 08:42:01][INFO] SIM_BRIDGE: Generating connections (3D)...
[2026-06-26 08:42:01][INFO] SIM_BRIDGE: Simulation data initialized for 126 neurons (3D). Synapses: 0. GPU memory: 1.6GB/25.8GB (6.0%)
[2026-06-26 08:42:01][INFO] SIM_BRIDGE: inject_explicit_wiring: installed 720 synapses across 1 populations.
[2026-06-26 08:42:38][INFO] SIM_BRIDGE: CuPy using GPU: NVIDIA GeForce RTX 3090 (24.0 GB), mempool limit: 80%
[2026-06-26 08:42:38][INFO] SIM_BRIDGE: Initializing simulation data for model: IZHIKEVICH (3D)... (playback_init: False)
[2026-06-26 08:42:38][INFO] SIM_BRIDGE: RNG initialized with seed: 102
[2026-06-26 08:42:38][INFO] SIM_BRIDGE: Initializing Izhikevich model specifics for 224 neurons...
[2026-06-26 08:42:38][INFO] SIM_BRIDGE: Applying parameter heterogeneity to neuron parameters...
[2026-06-26 08:42:38][INFO] SIM_BRIDGE: Applied heterogeneity to 4 parameters.
[2026-06-26 08:42:38][INFO] SIM_BRIDGE: Initializing OU process state (tau=15.0ms, sigma=20.0pA)...
[2026-06-26 08:42:38][INFO] SIM_BRIDGE: Generating 3D neuron positions for 224 neurons...
[2026-06-26 08:42:38][INFO] SIM_BRIDGE: Generating connections (3D)...
[2026-06-26 08:42:38][INFO] SIM_BRIDGE: Simulation data initialized for 224 neurons (3D). Synapses: 0. GPU memory: 1.6GB/25.8GB (6.0%)
[2026-06-26 08:42:38][INFO] SIM_BRIDGE: inject_explicit_wiring: installed 4800 synapses across 1 populations.
[2026-06-26 08:43:32][INFO] SIM_BRIDGE: CuPy using GPU: NVIDIA GeForce RTX 3090 (24.0 GB), mempool limit: 80%
[2026-06-26 08:43:32][INFO] SIM_BRIDGE: Initializing simulation data for model: IZHIKEVICH (3D)... (playback_init: False)
[2026-06-26 08:43:32][INFO] SIM_BRIDGE: Brain-region framework: 2 regions, 2560 total neurons, 2 pathways.
[2026-06-26 08:43:32][INFO] SIM_BRIDGE: RNG initialized with seed: 102
[2026-06-26 08:43:32][INFO] SIM_BRIDGE: NMDA per-region mask: 2 regions enabled (2560 neurons)
[2026-06-26 08:43:32][INFO] SIM_BRIDGE: Initializing Izhikevich model specifics for 2560 neurons...
[2026-06-26 08:43:32][INFO] SIM_BRIDGE: Region 'cortex_ctx' (1280 neurons): using Izh type IZH2007_HIPPO_PYRAMIDAL
[2026-06-26 08:43:32][INFO] SIM_BRIDGE: Region 'dlpfc_wm' (1280 neurons): using Izh type IZH2007_HIPPO_PYRAMIDAL
[2026-06-26 08:43:32][INFO] SIM_BRIDGE: Applying parameter heterogeneity to neuron parameters...
[2026-06-26 08:43:32][INFO] SIM_BRIDGE: Applied heterogeneity to 4 parameters.
[2026-06-26 08:43:32][INFO] SIM_BRIDGE: Generating 3D neuron positions for 2560 neurons...
[2026-06-26 08:43:32][INFO] SIM_BRIDGE: Generating connections (brain-region framework)...
[2026-06-26 08:43:33][INFO] SIM_BRIDGE: inject_explicit_wiring: installed 490494 synapses across 4 populations.
[2026-06-26 08:43:33][INFO] SIM_BRIDGE: Initializing eligibility traces for 490494 synapses (capacity: 735741, dtype: float32)...
[2026-06-26 08:43:33][INFO] SIM_BRIDGE: Initializing STDP state for 2560 neurons...
[2026-06-26 08:43:33][INFO] SIM_BRIDGE: Simulation data initialized for 2560 neurons (3D). Synapses: 490494. GPU memory: 1.6GB/25.8GB (6.0%)
[2026-06-26 08:43:34][INFO] SIM_BRIDGE: CuPy using GPU: NVIDIA GeForce RTX 3090 (24.0 GB), mempool limit: 80%
[2026-06-26 08:43:34][INFO] SIM_BRIDGE: Initializing simulation data for model: IZHIKEVICH (3D)... (playback_init: False)
[2026-06-26 08:43:34][INFO] SIM_BRIDGE: RNG initialized with seed: 102
[2026-06-26 08:43:34][INFO] SIM_BRIDGE: Initializing Izhikevich model specifics for 256 neurons...
[2026-06-26 08:43:34][INFO] SIM_BRIDGE: Applying parameter heterogeneity to neuron parameters...
[2026-06-26 08:43:34][INFO] SIM_BRIDGE: Applied heterogeneity to 4 parameters.
[2026-06-26 08:43:34][INFO] SIM_BRIDGE: Initializing OU process state (tau=15.0ms, sigma=0.0pA)...
[2026-06-26 08:43:34][INFO] SIM_BRIDGE: Generating 3D neuron positions for 256 neurons...
[2026-06-26 08:43:34][INFO] SIM_BRIDGE: Generating connections (3D)...
[2026-06-26 08:43:34][INFO] SIM_BRIDGE: Simulation data initialized for 256 neurons (3D). Synapses: 0. GPU memory: 1.6GB/25.8GB (6.0%)
[2026-06-26 08:43:35][INFO] SIM_BRIDGE: CuPy using GPU: NVIDIA GeForce RTX 3090 (24.0 GB), mempool limit: 80%
[2026-06-26 08:43:35][INFO] SIM_BRIDGE: Initializing simulation data for model: IZHIKEVICH (3D)... (playback_init: False)
[2026-06-26 08:43:35][INFO] SIM_BRIDGE: RNG initialized with seed: 102
[2026-06-26 08:43:35][INFO] SIM_BRIDGE: Initializing Izhikevich model specifics for 640 neurons...
[2026-06-26 08:43:35][INFO] SIM_BRIDGE: Applying parameter heterogeneity to neuron parameters...
[2026-06-26 08:43:35][INFO] SIM_BRIDGE: Applied heterogeneity to 4 parameters.
[2026-06-26 08:43:35][INFO] SIM_BRIDGE: Initializing OU process state (tau=15.0ms, sigma=0.0pA)...
[2026-06-26 08:43:35][INFO] SIM_BRIDGE: Generating 3D neuron positions for 640 neurons...
[2026-06-26 08:43:35][INFO] SIM_BRIDGE: Generating connections (3D)...
[2026-06-26 08:43:35][INFO] SIM_BRIDGE: Simulation data initialized for 640 neurons (3D). Synapses: 0. GPU memory: 1.6GB/25.8GB (6.1%)
[2026-06-26 08:43:38][INFO] SIM_BRIDGE: CuPy using GPU: NVIDIA GeForce RTX 3090 (24.0 GB), mempool limit: 80%
[2026-06-26 08:43:38][INFO] SIM_BRIDGE: Initializing simulation data for model: IZHIKEVICH (3D)... (playback_init: False)
[2026-06-26 08:43:38][INFO] SIM_BRIDGE: RNG initialized with seed: 102
[2026-06-26 08:43:38][INFO] SIM_BRIDGE: Initializing Izhikevich model specifics for 768 neurons...
[2026-06-26 08:43:38][INFO] SIM_BRIDGE: Applying parameter heterogeneity to neuron parameters...
[2026-06-26 08:43:38][INFO] SIM_BRIDGE: Applied heterogeneity to 4 parameters.
[2026-06-26 08:43:38][INFO] SIM_BRIDGE: Initializing OU process state (tau=15.0ms, sigma=0.0pA)...
[2026-06-26 08:43:38][INFO] SIM_BRIDGE: Generating 3D neuron positions for 768 neurons...
[2026-06-26 08:43:38][INFO] SIM_BRIDGE: Generating connections (3D)...
[2026-06-26 08:43:38][INFO] SIM_BRIDGE: Simulation data initialized for 768 neurons (3D). Synapses: 0. GPU memory: 1.6GB/25.8GB (6.1%)
  [day 0] vocab= 6 heard= 6 facts= 2 recall=1.00 heldout=- retain=- chain=- moat_fa=0 corr(M,C)=+0.89 tier=4 replay=1 win=2500 (111.8s wake=12.9s)
[2026-06-26 08:43:57][INFO] SIM_BRIDGE: CuPy using GPU: NVIDIA GeForce RTX 3090 (24.0 GB), mempool limit: 80%
[2026-06-26 08:43:57][INFO] SIM_BRIDGE: Initializing simulation data for model: IZHIKEVICH (3D)... (playback_init: False)
[2026-06-26 08:43:57][INFO] SIM_BRIDGE: RNG initialized with seed: 102
[2026-06-26 08:43:57][INFO] SIM_BRIDGE: Initializing Izhikevich model specifics for 126 neurons...
[2026-06-26 08:43:57][INFO] SIM_BRIDGE: Applying parameter heterogeneity to neuron parameters...
[2026-06-26 08:43:57][INFO] SIM_BRIDGE: Applied heterogeneity to 4 parameters.
[2026-06-26 08:43:57][INFO] SIM_BRIDGE: Initializing OU process state (tau=15.0ms, sigma=20.0pA)...
[2026-06-26 08:43:57][INFO] SIM_BRIDGE: Generating 3D neuron positions for 126 neurons...
[2026-06-26 08:43:57][INFO] SIM_BRIDGE: Generating connections (3D)...
[2026-06-26 08:43:57][INFO] SIM_BRIDGE: Simulation data initialized for 126 neurons (3D). Synapses: 0. GPU memory: 1.6GB/25.8GB (6.1%)
[2026-06-26 08:43:57][INFO] SIM_BRIDGE: inject_explicit_wiring: installed 720 synapses across 1 populations.
[2026-06-26 08:44:38][INFO] SIM_BRIDGE: CuPy using GPU: NVIDIA GeForce RTX 3090 (24.0 GB), mempool limit: 80%
[2026-06-26 08:44:38][INFO] SIM_BRIDGE: Initializing simulation data for model: IZHIKEVICH (3D)... (playback_init: False)
[2026-06-26 08:44:38][INFO] SIM_BRIDGE: RNG initialized with seed: 102
[2026-06-26 08:44:38][INFO] SIM_BRIDGE: Initializing Izhikevich model specifics for 224 neurons...
[2026-06-26 08:44:38][INFO] SIM_BRIDGE: Applying parameter heterogeneity to neuron parameters...
[2026-06-26 08:44:38][INFO] SIM_BRIDGE: Applied heterogeneity to 4 parameters.
[2026-06-26 08:44:38][INFO] SIM_BRIDGE: Initializing OU process state (tau=15.0ms, sigma=20.0pA)...
[2026-06-26 08:44:38][INFO] SIM_BRIDGE: Generating 3D neuron positions for 224 neurons...
[2026-06-26 08:44:38][INFO] SIM_BRIDGE: Generating connections (3D)...
[2026-06-26 08:44:38][INFO] SIM_BRIDGE: Simulation data initialized for 224 neurons (3D). Synapses: 0. GPU memory: 1.6GB/25.8GB (6.1%)
[2026-06-26 08:44:38][INFO] SIM_BRIDGE: inject_explicit_wiring: installed 4800 synapses across 1 populations.
[2026-06-26 08:45:34][INFO] SIM_BRIDGE: CuPy using GPU: NVIDIA GeForce RTX 3090 (24.0 GB), mempool limit: 80%
[2026-06-26 08:45:34][INFO] SIM_BRIDGE: Initializing simulation data for model: IZHIKEVICH (3D)... (playback_init: False)
[2026-06-26 08:45:34][INFO] SIM_BRIDGE: Brain-region framework: 2 regions, 2560 total neurons, 2 pathways.
[2026-06-26 08:45:34][INFO] SIM_BRIDGE: RNG initialized with seed: 102
[2026-06-26 08:45:34][INFO] SIM_BRIDGE: NMDA per-region mask: 2 regions enabled (2560 neurons)
[2026-06-26 08:45:34][INFO] SIM_BRIDGE: Initializing Izhikevich model specifics for 2560 neurons...
[2026-06-26 08:45:34][INFO] SIM_BRIDGE: Region 'cortex_ctx' (1280 neurons): using Izh type IZH2007_HIPPO_PYRAMIDAL
[2026-06-26 08:45:34][INFO] SIM_BRIDGE: Region 'dlpfc_wm' (1280 neurons): using Izh type IZH2007_HIPPO_PYRAMIDAL
[2026-06-26 08:45:34][INFO] SIM_BRIDGE: Applying parameter heterogeneity to neuron parameters...
[2026-06-26 08:45:34][INFO] SIM_BRIDGE: Applied heterogeneity to 4 parameters.
[2026-06-26 08:45:34][INFO] SIM_BRIDGE: Generating 3D neuron positions for 2560 neurons...
[2026-06-26 08:45:34][INFO] SIM_BRIDGE: Generating connections (brain-region framework)...
[2026-06-26 08:45:35][INFO] SIM_BRIDGE: inject_explicit_wiring: installed 490494 synapses across 4 populations.
[2026-06-26 08:45:35][INFO] SIM_BRIDGE: Initializing eligibility traces for 490494 synapses (capacity: 735741, dtype: float32)...
[2026-06-26 08:45:35][INFO] SIM_BRIDGE: Initializing STDP state for 2560 neurons...
[2026-06-26 08:45:35][INFO] SIM_BRIDGE: Simulation data initialized for 2560 neurons (3D). Synapses: 490494. GPU memory: 1.6GB/25.8GB (6.1%)
[2026-06-26 08:45:36][INFO] SIM_BRIDGE: CuPy using GPU: NVIDIA GeForce RTX 3090 (24.0 GB), mempool limit: 80%
[2026-06-26 08:45:36][INFO] SIM_BRIDGE: Initializing simulation data for model: IZHIKEVICH (3D)... (playback_init: False)
[2026-06-26 08:45:36][INFO] SIM_BRIDGE: RNG initialized with seed: 102
[2026-06-26 08:45:36][INFO] SIM_BRIDGE: Initializing Izhikevich model specifics for 256 neurons...
[2026-06-26 08:45:36][INFO] SIM_BRIDGE: Applying parameter heterogeneity to neuron parameters...
[2026-06-26 08:45:36][INFO] SIM_BRIDGE: Applied heterogeneity to 4 parameters.
[2026-06-26 08:45:36][INFO] SIM_BRIDGE: Initializing OU process state (tau=15.0ms, sigma=0.0pA)...
[2026-06-26 08:45:36][INFO] SIM_BRIDGE: Generating 3D neuron positions for 256 neurons...
[2026-06-26 08:45:36][INFO] SIM_BRIDGE: Generating connections (3D)...
[2026-06-26 08:45:36][INFO] SIM_BRIDGE: Simulation data initialized for 256 neurons (3D). Synapses: 0. GPU memory: 1.6GB/25.8GB (6.1%)
[2026-06-26 08:45:36][INFO] SIM_BRIDGE: CuPy using GPU: NVIDIA GeForce RTX 3090 (24.0 GB), mempool limit: 80%
[2026-06-26 08:45:36][INFO] SIM_BRIDGE: Initializing simulation data for model: IZHIKEVICH (3D)... (playback_init: False)
[2026-06-26 08:45:36][INFO] SIM_BRIDGE: RNG initialized with seed: 102
[2026-06-26 08:45:36][INFO] SIM_BRIDGE: Initializing Izhikevich model specifics for 640 neurons...
[2026-06-26 08:45:36][INFO] SIM_BRIDGE: Applying parameter heterogeneity to neuron parameters...
[2026-06-26 08:45:36][INFO] SIM_BRIDGE: Applied heterogeneity to 4 parameters.
[2026-06-26 08:45:36][INFO] SIM_BRIDGE: Initializing OU process state (tau=15.0ms, sigma=0.0pA)...
[2026-06-26 08:45:36][INFO] SIM_BRIDGE: Generating 3D neuron positions for 640 neurons...
[2026-06-26 08:45:36][INFO] SIM_BRIDGE: Generating connections (3D)...
[2026-06-26 08:45:36][INFO] SIM_BRIDGE: Simulation data initialized for 640 neurons (3D). Synapses: 0. GPU memory: 1.6GB/25.8GB (6.1%)
[2026-06-26 08:45:44][INFO] SIM_BRIDGE: CuPy using GPU: NVIDIA GeForce RTX 3090 (24.0 GB), mempool limit: 80%
[2026-06-26 08:45:44][INFO] SIM_BRIDGE: Initializing simulation data for model: IZHIKEVICH (3D)... (playback_init: False)
[2026-06-26 08:45:44][INFO] SIM_BRIDGE: RNG initialized with seed: 102
[2026-06-26 08:45:44][INFO] SIM_BRIDGE: Initializing Izhikevich model specifics for 1792 neurons...
[2026-06-26 08:45:44][INFO] SIM_BRIDGE: Applying parameter heterogeneity to neuron parameters...
[2026-06-26 08:45:44][INFO] SIM_BRIDGE: Applied heterogeneity to 4 parameters.
[2026-06-26 08:45:44][INFO] SIM_BRIDGE: Initializing OU process state (tau=15.0ms, sigma=0.0pA)...
[2026-06-26 08:45:44][INFO] SIM_BRIDGE: Generating 3D neuron positions for 1792 neurons...
[2026-06-26 08:45:44][INFO] SIM_BRIDGE: Generating connections (3D)...
[2026-06-26 08:45:44][INFO] SIM_BRIDGE: Simulation data initialized for 1792 neurons (3D). Synapses: 0. GPU memory: 1.6GB/25.8GB (6.1%)
  [day 1] vocab=12 heard=12 facts= 5 recall=1.00 heldout=1.00 retain=1.00 chain=- moat_fa=0 corr(M,C)=+0.89 tier=4 replay=2 win=2500 (127.1s wake=17.4s)
[2026-06-26 08:46:00][INFO] SIM_BRIDGE: CuPy using GPU: NVIDIA GeForce RTX 3090 (24.0 GB), mempool limit: 80%
[2026-06-26 08:46:00][INFO] SIM_BRIDGE: Initializing simulation data for model: IZHIKEVICH (3D)... (playback_init: False)
[2026-06-26 08:46:00][INFO] SIM_BRIDGE: RNG initialized with seed: 102
[2026-06-26 08:46:00][INFO] SIM_BRIDGE: Initializing Izhikevich model specifics for 126 neurons...
[2026-06-26 08:46:00][INFO] SIM_BRIDGE: Applying parameter heterogeneity to neuron parameters...
[2026-06-26 08:46:00][INFO] SIM_BRIDGE: Applied heterogeneity to 4 parameters.
[2026-06-26 08:46:00][INFO] SIM_BRIDGE: Initializing OU process state (tau=15.0ms, sigma=20.0pA)...
[2026-06-26 08:46:00][INFO] SIM_BRIDGE: Generating 3D neuron positions for 126 neurons...
[2026-06-26 08:46:00][INFO] SIM_BRIDGE: Generating connections (3D)...
[2026-06-26 08:46:00][INFO] SIM_BRIDGE: Simulation data initialized for 126 neurons (3D). Synapses: 0. GPU memory: 1.6GB/25.8GB (6.1%)
[2026-06-26 08:46:00][INFO] SIM_BRIDGE: inject_explicit_wiring: installed 720 synapses across 1 populations.
[2026-06-26 08:46:37][INFO] SIM_BRIDGE: CuPy using GPU: NVIDIA GeForce RTX 3090 (24.0 GB), mempool limit: 80%
[2026-06-26 08:46:37][INFO] SIM_BRIDGE: Initializing simulation data for model: IZHIKEVICH (3D)... (playback_init: False)
[2026-06-26 08:46:37][INFO] SIM_BRIDGE: RNG initialized with seed: 102
[2026-06-26 08:46:37][INFO] SIM_BRIDGE: Initializing Izhikevich model specifics for 224 neurons...
[2026-06-26 08:46:37][INFO] SIM_BRIDGE: Applying parameter heterogeneity to neuron parameters...
[2026-06-26 08:46:37][INFO] SIM_BRIDGE: Applied heterogeneity to 4 parameters.
[2026-06-26 08:46:37][INFO] SIM_BRIDGE: Initializing OU process state (tau=15.0ms, sigma=20.0pA)...
[2026-06-26 08:46:37][INFO] SIM_BRIDGE: Generating 3D neuron positions for 224 neurons...
[2026-06-26 08:46:37][INFO] SIM_BRIDGE: Generating connections (3D)...
[2026-06-26 08:46:37][INFO] SIM_BRIDGE: Simulation data initialized for 224 neurons (3D). Synapses: 0. GPU memory: 1.6GB/25.8GB (6.1%)
[2026-06-26 08:46:37][INFO] SIM_BRIDGE: inject_explicit_wiring: installed 4800 synapses across 1 populations.
[2026-06-26 08:47:32][INFO] SIM_BRIDGE: CuPy using GPU: NVIDIA GeForce RTX 3090 (24.0 GB), mempool limit: 80%
[2026-06-26 08:47:32][INFO] SIM_BRIDGE: Initializing simulation data for model: IZHIKEVICH (3D)... (playback_init: False)
[2026-06-26 08:47:32][INFO] SIM_BRIDGE: Brain-region framework: 2 regions, 2560 total neurons, 2 pathways.
[2026-06-26 08:47:32][INFO] SIM_BRIDGE: RNG initialized with seed: 102
[2026-06-26 08:47:32][INFO] SIM_BRIDGE: NMDA per-region mask: 2 regions enabled (2560 neurons)
[2026-06-26 08:47:32][INFO] SIM_BRIDGE: Initializing Izhikevich model specifics for 2560 neurons...
[2026-06-26 08:47:32][INFO] SIM_BRIDGE: Region 'cortex_ctx' (1280 neurons): using Izh type IZH2007_HIPPO_PYRAMIDAL
[2026-06-26 08:47:32][INFO] SIM_BRIDGE: Region 'dlpfc_wm' (1280 neurons): using Izh type IZH2007_HIPPO_PYRAMIDAL
[2026-06-26 08:47:32][INFO] SIM_BRIDGE: Applying parameter heterogeneity to neuron parameters...
[2026-06-26 08:47:32][INFO] SIM_BRIDGE: Applied heterogeneity to 4 parameters.
[2026-06-26 08:47:32][INFO] SIM_BRIDGE: Generating 3D neuron positions for 2560 neurons...
[2026-06-26 08:47:32][INFO] SIM_BRIDGE: Generating connections (brain-region framework)...
[2026-06-26 08:47:32][INFO] SIM_BRIDGE: inject_explicit_wiring: installed 490494 synapses across 4 populations.
[2026-06-26 08:47:32][INFO] SIM_BRIDGE: Initializing eligibility traces for 490494 synapses (capacity: 735741, dtype: float32)...
[2026-06-26 08:47:32][INFO] SIM_BRIDGE: Initializing STDP state for 2560 neurons...
[2026-06-26 08:47:32][INFO] SIM_BRIDGE: Simulation data initialized for 2560 neurons (3D). Synapses: 490494. GPU memory: 1.6GB/25.8GB (6.1%)
[2026-06-26 08:47:33][INFO] SIM_BRIDGE: CuPy using GPU: NVIDIA GeForce RTX 3090 (24.0 GB), mempool limit: 80%
[2026-06-26 08:47:33][INFO] SIM_BRIDGE: Initializing simulation data for model: IZHIKEVICH (3D)... (playback_init: False)
[2026-06-26 08:47:33][INFO] SIM_BRIDGE: RNG initialized with seed: 102
[2026-06-26 08:47:33][INFO] SIM_BRIDGE: Initializing Izhikevich model specifics for 256 neurons...
[2026-06-26 08:47:33][INFO] SIM_BRIDGE: Applying parameter heterogeneity to neuron parameters...
[2026-06-26 08:47:33][INFO] SIM_BRIDGE: Applied heterogeneity to 4 parameters.
[2026-06-26 08:47:33][INFO] SIM_BRIDGE: Initializing OU process state (tau=15.0ms, sigma=0.0pA)...
[2026-06-26 08:47:33][INFO] SIM_BRIDGE: Generating 3D neuron positions for 256 neurons...
[2026-06-26 08:47:33][INFO] SIM_BRIDGE: Generating connections (3D)...
[2026-06-26 08:47:33][INFO] SIM_BRIDGE: Simulation data initialized for 256 neurons (3D). Synapses: 0. GPU memory: 1.6GB/25.8GB (6.1%)
[2026-06-26 08:47:34][INFO] SIM_BRIDGE: CuPy using GPU: NVIDIA GeForce RTX 3090 (24.0 GB), mempool limit: 80%
[2026-06-26 08:47:34][INFO] SIM_BRIDGE: Initializing simulation data for model: IZHIKEVICH (3D)... (playback_init: False)
[2026-06-26 08:47:34][INFO] SIM_BRIDGE: RNG initialized with seed: 102
[2026-06-26 08:47:34][INFO] SIM_BRIDGE: Initializing Izhikevich model specifics for 640 neurons...
[2026-06-26 08:47:34][INFO] SIM_BRIDGE: Applying parameter heterogeneity to neuron parameters...
[2026-06-26 08:47:34][INFO] SIM_BRIDGE: Applied heterogeneity to 4 parameters.
[2026-06-26 08:47:34][INFO] SIM_BRIDGE: Initializing OU process state (tau=15.0ms, sigma=0.0pA)...
[2026-06-26 08:47:34][INFO] SIM_BRIDGE: Generating 3D neuron positions for 640 neurons...
[2026-06-26 08:47:34][INFO] SIM_BRIDGE: Generating connections (3D)...
[2026-06-26 08:47:34][INFO] SIM_BRIDGE: Simulation data initialized for 640 neurons (3D). Synapses: 0. GPU memory: 1.6GB/25.8GB (6.1%)
[2026-06-26 08:47:48][INFO] SIM_BRIDGE: CuPy using GPU: NVIDIA GeForce RTX 3090 (24.0 GB), mempool limit: 80%
[2026-06-26 08:47:48][INFO] SIM_BRIDGE: Initializing simulation data for model: IZHIKEVICH (3D)... (playback_init: False)
[2026-06-26 08:47:48][INFO] SIM_BRIDGE: RNG initialized with seed: 102
[2026-06-26 08:47:48][INFO] SIM_BRIDGE: Initializing Izhikevich model specifics for 3072 neurons...
[2026-06-26 08:47:49][INFO] SIM_BRIDGE: Applying parameter heterogeneity to neuron parameters...
[2026-06-26 08:47:49][INFO] SIM_BRIDGE: Applied heterogeneity to 4 parameters.
[2026-06-26 08:47:49][INFO] SIM_BRIDGE: Initializing OU process state (tau=15.0ms, sigma=0.0pA)...
[2026-06-26 08:47:49][INFO] SIM_BRIDGE: Generating 3D neuron positions for 3072 neurons...
[2026-06-26 08:47:49][INFO] SIM_BRIDGE: Generating connections (3D)...
[2026-06-26 08:47:49][INFO] SIM_BRIDGE: Simulation data initialized for 3072 neurons (3D). Synapses: 0. GPU memory: 1.6GB/25.8GB (6.1%)
    [growth] mastered tier 4 -> promoted to 8
  [day 2] vocab=18 heard=18 facts= 8 recall=1.00 heldout=1.00 retain=1.00 chain=1.00 moat_fa=0 corr(M,C)=+0.88 tier=8 replay=4 win=2500 (125.2s wake=13.3s)
[2026-06-26 08:48:05][INFO] SIM_BRIDGE: CuPy using GPU: NVIDIA GeForce RTX 3090 (24.0 GB), mempool limit: 80%
[2026-06-26 08:48:05][INFO] SIM_BRIDGE: Initializing simulation data for model: IZHIKEVICH (3D)... (playback_init: False)
[2026-06-26 08:48:05][INFO] SIM_BRIDGE: RNG initialized with seed: 102
[2026-06-26 08:48:05][INFO] SIM_BRIDGE: Initializing Izhikevich model specifics for 126 neurons...
[2026-06-26 08:48:05][INFO] SIM_BRIDGE: Applying parameter heterogeneity to neuron parameters...
[2026-06-26 08:48:05][INFO] SIM_BRIDGE: Applied heterogeneity to 4 parameters.
[2026-06-26 08:48:05][INFO] SIM_BRIDGE: Initializing OU process state (tau=15.0ms, sigma=20.0pA)...
[2026-06-26 08:48:05][INFO] SIM_BRIDGE: Generating 3D neuron positions for 126 neurons...
[2026-06-26 08:48:05][INFO] SIM_BRIDGE: Generating connections (3D)...
[2026-06-26 08:48:05][INFO] SIM_BRIDGE: Simulation data initialized for 126 neurons (3D). Synapses: 0. GPU memory: 1.6GB/25.8GB (6.1%)
[2026-06-26 08:48:05][INFO] SIM_BRIDGE: inject_explicit_wiring: installed 720 synapses across 1 populations.
[2026-06-26 08:48:42][INFO] SIM_BRIDGE: CuPy using GPU: NVIDIA GeForce RTX 3090 (24.0 GB), mempool limit: 80%
[2026-06-26 08:48:42][INFO] SIM_BRIDGE: Initializing simulation data for model: IZHIKEVICH (3D)... (playback_init: False)
[2026-06-26 08:48:42][INFO] SIM_BRIDGE: RNG initialized with seed: 102
[2026-06-26 08:48:42][INFO] SIM_BRIDGE: Initializing Izhikevich model specifics for 224 neurons...
[2026-06-26 08:48:42][INFO] SIM_BRIDGE: Applying parameter heterogeneity to neuron parameters...
[2026-06-26 08:48:42][INFO] SIM_BRIDGE: Applied heterogeneity to 4 parameters.
[2026-06-26 08:48:42][INFO] SIM_BRIDGE: Initializing OU process state (tau=15.0ms, sigma=20.0pA)...
[2026-06-26 08:48:42][INFO] SIM_BRIDGE: Generating 3D neuron positions for 224 neurons...
[2026-06-26 08:48:42][INFO] SIM_BRIDGE: Generating connections (3D)...
[2026-06-26 08:48:42][INFO] SIM_BRIDGE: Simulation data initialized for 224 neurons (3D). Synapses: 0. GPU memory: 1.6GB/25.8GB (6.1%)
[2026-06-26 08:48:42][INFO] SIM_BRIDGE: inject_explicit_wiring: installed 4800 synapses across 1 populations.
[2026-06-26 08:49:37][INFO] SIM_BRIDGE: CuPy using GPU: NVIDIA GeForce RTX 3090 (24.0 GB), mempool limit: 80%
[2026-06-26 08:49:37][INFO] SIM_BRIDGE: Initializing simulation data for model: IZHIKEVICH (3D)... (playback_init: False)
[2026-06-26 08:49:37][INFO] SIM_BRIDGE: Brain-region framework: 2 regions, 2560 total neurons, 2 pathways.
[2026-06-26 08:49:37][INFO] SIM_BRIDGE: RNG initialized with seed: 102
[2026-06-26 08:49:37][INFO] SIM_BRIDGE: NMDA per-region mask: 2 regions enabled (2560 neurons)
[2026-06-26 08:49:37][INFO] SIM_BRIDGE: Initializing Izhikevich model specifics for 2560 neurons...
[2026-06-26 08:49:37][INFO] SIM_BRIDGE: Region 'cortex_ctx' (1280 neurons): using Izh type IZH2007_HIPPO_PYRAMIDAL
[2026-06-26 08:49:37][INFO] SIM_BRIDGE: Region 'dlpfc_wm' (1280 neurons): using Izh type IZH2007_HIPPO_PYRAMIDAL
[2026-06-26 08:49:37][INFO] SIM_BRIDGE: Applying parameter heterogeneity to neuron parameters...
[2026-06-26 08:49:37][INFO] SIM_BRIDGE: Applied heterogeneity to 4 parameters.
[2026-06-26 08:49:37][INFO] SIM_BRIDGE: Generating 3D neuron positions for 2560 neurons...
[2026-06-26 08:49:37][INFO] SIM_BRIDGE: Generating connections (brain-region framework)...
[2026-06-26 08:49:38][INFO] SIM_BRIDGE: inject_explicit_wiring: installed 490494 synapses across 4 populations.
[2026-06-26 08:49:38][INFO] SIM_BRIDGE: Initializing eligibility traces for 490494 synapses (capacity: 735741, dtype: float32)...
[2026-06-26 08:49:38][INFO] SIM_BRIDGE: Initializing STDP state for 2560 neurons...
[2026-06-26 08:49:38][INFO] SIM_BRIDGE: Simulation data initialized for 2560 neurons (3D). Synapses: 490494. GPU memory: 1.6GB/25.8GB (6.1%)
[2026-06-26 08:49:39][INFO] SIM_BRIDGE: CuPy using GPU: NVIDIA GeForce RTX 3090 (24.0 GB), mempool limit: 80%
[2026-06-26 08:49:39][INFO] SIM_BRIDGE: Initializing simulation data for model: IZHIKEVICH (3D)... (playback_init: False)
[2026-06-26 08:49:39][INFO] SIM_BRIDGE: RNG initialized with seed: 102
[2026-06-26 08:49:39][INFO] SIM_BRIDGE: Initializing Izhikevich model specifics for 256 neurons...
[2026-06-26 08:49:39][INFO] SIM_BRIDGE: Applying parameter heterogeneity to neuron parameters...
[2026-06-26 08:49:39][INFO] SIM_BRIDGE: Applied heterogeneity to 4 parameters.
[2026-06-26 08:49:39][INFO] SIM_BRIDGE: Initializing OU process state (tau=15.0ms, sigma=0.0pA)...
[2026-06-26 08:49:39][INFO] SIM_BRIDGE: Generating 3D neuron positions for 256 neurons...
[2026-06-26 08:49:39][INFO] SIM_BRIDGE: Generating connections (3D)...
[2026-06-26 08:49:39][INFO] SIM_BRIDGE: Simulation data initialized for 256 neurons (3D). Synapses: 0. GPU memory: 1.6GB/25.8GB (6.1%)
[2026-06-26 08:49:40][INFO] SIM_BRIDGE: CuPy using GPU: NVIDIA GeForce RTX 3090 (24.0 GB), mempool limit: 80%
[2026-06-26 08:49:40][INFO] SIM_BRIDGE: Initializing simulation data for model: IZHIKEVICH (3D)... (playback_init: False)
[2026-06-26 08:49:40][INFO] SIM_BRIDGE: RNG initialized with seed: 102
[2026-06-26 08:49:40][INFO] SIM_BRIDGE: Initializing Izhikevich model specifics for 640 neurons...
[2026-06-26 08:49:40][INFO] SIM_BRIDGE: Applying parameter heterogeneity to neuron parameters...
[2026-06-26 08:49:40][INFO] SIM_BRIDGE: Applied heterogeneity to 4 parameters.
[2026-06-26 08:49:40][INFO] SIM_BRIDGE: Initializing OU process state (tau=15.0ms, sigma=0.0pA)...
[2026-06-26 08:49:40][INFO] SIM_BRIDGE: Generating 3D neuron positions for 640 neurons...
[2026-06-26 08:49:40][INFO] SIM_BRIDGE: Generating connections (3D)...
[2026-06-26 08:49:40][INFO] SIM_BRIDGE: Simulation data initialized for 640 neurons (3D). Synapses: 0. GPU memory: 1.6GB/25.8GB (6.1%)
[2026-06-26 08:50:04][INFO] SIM_BRIDGE: CuPy using GPU: NVIDIA GeForce RTX 3090 (24.0 GB), mempool limit: 80%
[2026-06-26 08:50:04][INFO] SIM_BRIDGE: Initializing simulation data for model: IZHIKEVICH (3D)... (playback_init: False)
[2026-06-26 08:50:04][INFO] SIM_BRIDGE: RNG initialized with seed: 102
[2026-06-26 08:50:04][INFO] SIM_BRIDGE: Initializing Izhikevich model specifics for 4096 neurons...
[2026-06-26 08:50:04][INFO] SIM_BRIDGE: Applying parameter heterogeneity to neuron parameters...
[2026-06-26 08:50:04][INFO] SIM_BRIDGE: Applied heterogeneity to 4 parameters.
[2026-06-26 08:50:04][INFO] SIM_BRIDGE: Initializing OU process state (tau=15.0ms, sigma=0.0pA)...
[2026-06-26 08:50:04][INFO] SIM_BRIDGE: Generating 3D neuron positions for 4096 neurons...
[2026-06-26 08:50:04][INFO] SIM_BRIDGE: Generating connections (3D)...
[2026-06-26 08:50:04][INFO] SIM_BRIDGE: Simulation data initialized for 4096 neurons (3D). Synapses: 0. GPU memory: 1.6GB/25.8GB (6.1%)
  [day 3] vocab=24 heard=24 facts=11 recall=1.00 heldout=0.00 retain=1.00 chain=- moat_fa=0 corr(M,C)=+0.85 tier=8 replay=5 win=2500 (134.4s wake=13.2s)
[2026-06-26 08:50:22][INFO] SIM_BRIDGE: CuPy using GPU: NVIDIA GeForce RTX 3090 (24.0 GB), mempool limit: 80%
[2026-06-26 08:50:22][INFO] SIM_BRIDGE: Initializing simulation data for model: IZHIKEVICH (3D)... (playback_init: False)
[2026-06-26 08:50:22][INFO] SIM_BRIDGE: RNG initialized with seed: 102
[2026-06-26 08:50:22][INFO] SIM_BRIDGE: Initializing Izhikevich model specifics for 126 neurons...
[2026-06-26 08:50:22][INFO] SIM_BRIDGE: Applying parameter heterogeneity to neuron parameters...
[2026-06-26 08:50:22][INFO] SIM_BRIDGE: Applied heterogeneity to 4 parameters.
[2026-06-26 08:50:22][INFO] SIM_BRIDGE: Initializing OU process state (tau=15.0ms, sigma=20.0pA)...
[2026-06-26 08:50:22][INFO] SIM_BRIDGE: Generating 3D neuron positions for 126 neurons...
[2026-06-26 08:50:22][INFO] SIM_BRIDGE: Generating connections (3D)...
[2026-06-26 08:50:22][INFO] SIM_BRIDGE: Simulation data initialized for 126 neurons (3D). Synapses: 0. GPU memory: 1.6GB/25.8GB (6.1%)
[2026-06-26 08:50:22][INFO] SIM_BRIDGE: inject_explicit_wiring: installed 720 synapses across 1 populations.
[2026-06-26 08:51:00][INFO] SIM_BRIDGE: CuPy using GPU: NVIDIA GeForce RTX 3090 (24.0 GB), mempool limit: 80%
[2026-06-26 08:51:00][INFO] SIM_BRIDGE: Initializing simulation data for model: IZHIKEVICH (3D)... (playback_init: False)
[2026-06-26 08:51:00][INFO] SIM_BRIDGE: RNG initialized with seed: 102
[2026-06-26 08:51:00][INFO] SIM_BRIDGE: Initializing Izhikevich model specifics for 224 neurons...
[2026-06-26 08:51:00][INFO] SIM_BRIDGE: Applying parameter heterogeneity to neuron parameters...
[2026-06-26 08:51:00][INFO] SIM_BRIDGE: Applied heterogeneity to 4 parameters.
[2026-06-26 08:51:00][INFO] SIM_BRIDGE: Initializing OU process state (tau=15.0ms, sigma=20.0pA)...
[2026-06-26 08:51:00][INFO] SIM_BRIDGE: Generating 3D neuron positions for 224 neurons...
[2026-06-26 08:51:00][INFO] SIM_BRIDGE: Generating connections (3D)...
[2026-06-26 08:51:00][INFO] SIM_BRIDGE: Simulation data initialized for 224 neurons (3D). Synapses: 0. GPU memory: 1.6GB/25.8GB (6.1%)
[2026-06-26 08:51:00][INFO] SIM_BRIDGE: inject_explicit_wiring: installed 4800 synapses across 1 populations.
[2026-06-26 08:51:55][INFO] SIM_BRIDGE: CuPy using GPU: NVIDIA GeForce RTX 3090 (24.0 GB), mempool limit: 80%
[2026-06-26 08:51:55][INFO] SIM_BRIDGE: Initializing simulation data for model: IZHIKEVICH (3D)... (playback_init: False)
[2026-06-26 08:51:55][INFO] SIM_BRIDGE: Brain-region framework: 2 regions, 2560 total neurons, 2 pathways.
[2026-06-26 08:51:55][INFO] SIM_BRIDGE: RNG initialized with seed: 102
[2026-06-26 08:51:55][INFO] SIM_BRIDGE: NMDA per-region mask: 2 regions enabled (2560 neurons)
[2026-06-26 08:51:55][INFO] SIM_BRIDGE: Initializing Izhikevich model specifics for 2560 neurons...
[2026-06-26 08:51:55][INFO] SIM_BRIDGE: Region 'cortex_ctx' (1280 neurons): using Izh type IZH2007_HIPPO_PYRAMIDAL
[2026-06-26 08:51:55][INFO] SIM_BRIDGE: Region 'dlpfc_wm' (1280 neurons): using Izh type IZH2007_HIPPO_PYRAMIDAL
[2026-06-26 08:51:55][INFO] SIM_BRIDGE: Applying parameter heterogeneity to neuron parameters...
[2026-06-26 08:51:55][INFO] SIM_BRIDGE: Applied heterogeneity to 4 parameters.
[2026-06-26 08:51:55][INFO] SIM_BRIDGE: Generating 3D neuron positions for 2560 neurons...
[2026-06-26 08:51:55][INFO] SIM_BRIDGE: Generating connections (brain-region framework)...
[2026-06-26 08:51:55][INFO] SIM_BRIDGE: inject_explicit_wiring: installed 490494 synapses across 4 populations.
[2026-06-26 08:51:55][INFO] SIM_BRIDGE: Initializing eligibility traces for 490494 synapses (capacity: 735741, dtype: float32)...
[2026-06-26 08:51:55][INFO] SIM_BRIDGE: Initializing STDP state for 2560 neurons...
[2026-06-26 08:51:55][INFO] SIM_BRIDGE: Simulation data initialized for 2560 neurons (3D). Synapses: 490494. GPU memory: 1.6GB/25.8GB (6.1%)
[2026-06-26 08:51:56][INFO] SIM_BRIDGE: CuPy using GPU: NVIDIA GeForce RTX 3090 (24.0 GB), mempool limit: 80%
[2026-06-26 08:51:56][INFO] SIM_BRIDGE: Initializing simulation data for model: IZHIKEVICH (3D)... (playback_init: False)
[2026-06-26 08:51:56][INFO] SIM_BRIDGE: RNG initialized with seed: 102
[2026-06-26 08:51:56][INFO] SIM_BRIDGE: Initializing Izhikevich model specifics for 256 neurons...
[2026-06-26 08:51:56][INFO] SIM_BRIDGE: Applying parameter heterogeneity to neuron parameters...
[2026-06-26 08:51:56][INFO] SIM_BRIDGE: Applied heterogeneity to 4 parameters.
[2026-06-26 08:51:56][INFO] SIM_BRIDGE: Initializing OU process state (tau=15.0ms, sigma=0.0pA)...
[2026-06-26 08:51:56][INFO] SIM_BRIDGE: Generating 3D neuron positions for 256 neurons...
[2026-06-26 08:51:56][INFO] SIM_BRIDGE: Generating connections (3D)...
[2026-06-26 08:51:56][INFO] SIM_BRIDGE: Simulation data initialized for 256 neurons (3D). Synapses: 0. GPU memory: 1.6GB/25.8GB (6.1%)
[2026-06-26 08:51:57][INFO] SIM_BRIDGE: CuPy using GPU: NVIDIA GeForce RTX 3090 (24.0 GB), mempool limit: 80%
[2026-06-26 08:51:57][INFO] SIM_BRIDGE: Initializing simulation data for model: IZHIKEVICH (3D)... (playback_init: False)
[2026-06-26 08:51:57][INFO] SIM_BRIDGE: RNG initialized with seed: 102
[2026-06-26 08:51:57][INFO] SIM_BRIDGE: Initializing Izhikevich model specifics for 640 neurons...
[2026-06-26 08:51:57][INFO] SIM_BRIDGE: Applying parameter heterogeneity to neuron parameters...
[2026-06-26 08:51:57][INFO] SIM_BRIDGE: Applied heterogeneity to 4 parameters.
[2026-06-26 08:51:57][INFO] SIM_BRIDGE: Initializing OU process state (tau=15.0ms, sigma=0.0pA)...
[2026-06-26 08:51:57][INFO] SIM_BRIDGE: Generating 3D neuron positions for 640 neurons...
[2026-06-26 08:51:57][INFO] SIM_BRIDGE: Generating connections (3D)...
[2026-06-26 08:51:57][INFO] SIM_BRIDGE: Simulation data initialized for 640 neurons (3D). Synapses: 0. GPU memory: 1.6GB/25.8GB (6.1%)
[2026-06-26 08:52:19][INFO] SIM_BRIDGE: CuPy using GPU: NVIDIA GeForce RTX 3090 (24.0 GB), mempool limit: 80%
[2026-06-26 08:52:19][INFO] SIM_BRIDGE: Initializing simulation data for model: IZHIKEVICH (3D)... (playback_init: False)
[2026-06-26 08:52:19][INFO] SIM_BRIDGE: RNG initialized with seed: 102
[2026-06-26 08:52:19][INFO] SIM_BRIDGE: Initializing Izhikevich model specifics for 4608 neurons...
[2026-06-26 08:52:19][INFO] SIM_BRIDGE: Applying parameter heterogeneity to neuron parameters...
[2026-06-26 08:52:19][INFO] SIM_BRIDGE: Applied heterogeneity to 4 parameters.
[2026-06-26 08:52:19][INFO] SIM_BRIDGE: Initializing OU process state (tau=15.0ms, sigma=0.0pA)...
[2026-06-26 08:52:19][INFO] SIM_BRIDGE: Generating 3D neuron positions for 4608 neurons...
[2026-06-26 08:52:19][INFO] SIM_BRIDGE: Generating connections (3D)...
[2026-06-26 08:52:19][INFO] SIM_BRIDGE: Simulation data initialized for 4608 neurons (3D). Synapses: 0. GPU memory: 1.6GB/25.8GB (6.1%)
  [day 4] vocab=24 heard=24 facts=11 recall=1.00 heldout=- retain=- chain=- moat_fa=0 corr(M,C)=+0.86 tier=8 replay=5 win=2500 (133.3s wake=15.1s)
[2026-06-26 08:52:33][INFO] SIM_BRIDGE: CuPy using GPU: NVIDIA GeForce RTX 3090 (24.0 GB), mempool limit: 80%
[2026-06-26 08:52:33][INFO] SIM_BRIDGE: Initializing simulation data for model: IZHIKEVICH (3D)... (playback_init: False)
[2026-06-26 08:52:33][INFO] SIM_BRIDGE: RNG initialized with seed: 102
[2026-06-26 08:52:33][INFO] SIM_BRIDGE: Initializing Izhikevich model specifics for 126 neurons...
[2026-06-26 08:52:33][INFO] SIM_BRIDGE: Applying parameter heterogeneity to neuron parameters...
[2026-06-26 08:52:33][INFO] SIM_BRIDGE: Applied heterogeneity to 4 parameters.
[2026-06-26 08:52:33][INFO] SIM_BRIDGE: Initializing OU process state (tau=15.0ms, sigma=20.0pA)...
[2026-06-26 08:52:33][INFO] SIM_BRIDGE: Generating 3D neuron positions for 126 neurons...
[2026-06-26 08:52:33][INFO] SIM_BRIDGE: Generating connections (3D)...
[2026-06-26 08:52:33][INFO] SIM_BRIDGE: Simulation data initialized for 126 neurons (3D). Synapses: 0. GPU memory: 1.6GB/25.8GB (6.2%)
[2026-06-26 08:52:33][INFO] SIM_BRIDGE: inject_explicit_wiring: installed 720 synapses across 1 populations.
[2026-06-26 08:53:09][INFO] SIM_BRIDGE: CuPy using GPU: NVIDIA GeForce RTX 3090 (24.0 GB), mempool limit: 80%
[2026-06-26 08:53:09][INFO] SIM_BRIDGE: Initializing simulation data for model: IZHIKEVICH (3D)... (playback_init: False)
[2026-06-26 08:53:09][INFO] SIM_BRIDGE: RNG initialized with seed: 102
[2026-06-26 08:53:09][INFO] SIM_BRIDGE: Initializing Izhikevich model specifics for 224 neurons...
[2026-06-26 08:53:09][INFO] SIM_BRIDGE: Applying parameter heterogeneity to neuron parameters...
[2026-06-26 08:53:09][INFO] SIM_BRIDGE: Applied heterogeneity to 4 parameters.
[2026-06-26 08:53:09][INFO] SIM_BRIDGE: Initializing OU process state (tau=15.0ms, sigma=20.0pA)...
[2026-06-26 08:53:09][INFO] SIM_BRIDGE: Generating 3D neuron positions for 224 neurons...
[2026-06-26 08:53:09][INFO] SIM_BRIDGE: Generating connections (3D)...
[2026-06-26 08:53:09][INFO] SIM_BRIDGE: Simulation data initialized for 224 neurons (3D). Synapses: 0. GPU memory: 1.6GB/25.8GB (6.2%)
[2026-06-26 08:53:09][INFO] SIM_BRIDGE: inject_explicit_wiring: installed 4800 synapses across 1 populations.
[2026-06-26 08:54:03][INFO] SIM_BRIDGE: CuPy using GPU: NVIDIA GeForce RTX 3090 (24.0 GB), mempool limit: 80%
[2026-06-26 08:54:03][INFO] SIM_BRIDGE: Initializing simulation data for model: IZHIKEVICH (3D)... (playback_init: False)
[2026-06-26 08:54:03][INFO] SIM_BRIDGE: Brain-region framework: 2 regions, 2560 total neurons, 2 pathways.
[2026-06-26 08:54:03][INFO] SIM_BRIDGE: RNG initialized with seed: 102
[2026-06-26 08:54:03][INFO] SIM_BRIDGE: NMDA per-region mask: 2 regions enabled (2560 neurons)
[2026-06-26 08:54:03][INFO] SIM_BRIDGE: Initializing Izhikevich model specifics for 2560 neurons...
[2026-06-26 08:54:03][INFO] SIM_BRIDGE: Region 'cortex_ctx' (1280 neurons): using Izh type IZH2007_HIPPO_PYRAMIDAL
[2026-06-26 08:54:03][INFO] SIM_BRIDGE: Region 'dlpfc_wm' (1280 neurons): using Izh type IZH2007_HIPPO_PYRAMIDAL
[2026-06-26 08:54:03][INFO] SIM_BRIDGE: Applying parameter heterogeneity to neuron parameters...
[2026-06-26 08:54:03][INFO] SIM_BRIDGE: Applied heterogeneity to 4 parameters.
[2026-06-26 08:54:03][INFO] SIM_BRIDGE: Generating 3D neuron positions for 2560 neurons...
[2026-06-26 08:54:03][INFO] SIM_BRIDGE: Generating connections (brain-region framework)...
[2026-06-26 08:54:04][INFO] SIM_BRIDGE: inject_explicit_wiring: installed 490494 synapses across 4 populations.
[2026-06-26 08:54:04][INFO] SIM_BRIDGE: Initializing eligibility traces for 490494 synapses (capacity: 735741, dtype: float32)...
[2026-06-26 08:54:04][INFO] SIM_BRIDGE: Initializing STDP state for 2560 neurons...
[2026-06-26 08:54:04][INFO] SIM_BRIDGE: Simulation data initialized for 2560 neurons (3D). Synapses: 490494. GPU memory: 1.6GB/25.8GB (6.2%)
[2026-06-26 08:54:05][INFO] SIM_BRIDGE: CuPy using GPU: NVIDIA GeForce RTX 3090 (24.0 GB), mempool limit: 80%
[2026-06-26 08:54:05][INFO] SIM_BRIDGE: Initializing simulation data for model: IZHIKEVICH (3D)... (playback_init: False)
[2026-06-26 08:54:05][INFO] SIM_BRIDGE: RNG initialized with seed: 102
[2026-06-26 08:54:05][INFO] SIM_BRIDGE: Initializing Izhikevich model specifics for 256 neurons...
[2026-06-26 08:54:05][INFO] SIM_BRIDGE: Applying parameter heterogeneity to neuron parameters...
[2026-06-26 08:54:05][INFO] SIM_BRIDGE: Applied heterogeneity to 4 parameters.
[2026-06-26 08:54:05][INFO] SIM_BRIDGE: Initializing OU process state (tau=15.0ms, sigma=0.0pA)...
[2026-06-26 08:54:05][INFO] SIM_BRIDGE: Generating 3D neuron positions for 256 neurons...
[2026-06-26 08:54:05][INFO] SIM_BRIDGE: Generating connections (3D)...
[2026-06-26 08:54:05][INFO] SIM_BRIDGE: Simulation data initialized for 256 neurons (3D). Synapses: 0. GPU memory: 1.6GB/25.8GB (6.2%)
[2026-06-26 08:54:05][INFO] SIM_BRIDGE: CuPy using GPU: NVIDIA GeForce RTX 3090 (24.0 GB), mempool limit: 80%
[2026-06-26 08:54:05][INFO] SIM_BRIDGE: Initializing simulation data for model: IZHIKEVICH (3D)... (playback_init: False)
[2026-06-26 08:54:05][INFO] SIM_BRIDGE: RNG initialized with seed: 102
[2026-06-26 08:54:05][INFO] SIM_BRIDGE: Initializing Izhikevich model specifics for 640 neurons...
[2026-06-26 08:54:05][INFO] SIM_BRIDGE: Applying parameter heterogeneity to neuron parameters...
[2026-06-26 08:54:05][INFO] SIM_BRIDGE: Applied heterogeneity to 4 parameters.
[2026-06-26 08:54:05][INFO] SIM_BRIDGE: Initializing OU process state (tau=15.0ms, sigma=0.0pA)...
[2026-06-26 08:54:05][INFO] SIM_BRIDGE: Generating 3D neuron positions for 640 neurons...
[2026-06-26 08:54:05][INFO] SIM_BRIDGE: Generating connections (3D)...
[2026-06-26 08:54:05][INFO] SIM_BRIDGE: Simulation data initialized for 640 neurons (3D). Synapses: 0. GPU memory: 1.6GB/25.8GB (6.2%)
[2026-06-26 08:54:29][INFO] SIM_BRIDGE: CuPy using GPU: NVIDIA GeForce RTX 3090 (24.0 GB), mempool limit: 80%
[2026-06-26 08:54:29][INFO] SIM_BRIDGE: Initializing simulation data for model: IZHIKEVICH (3D)... (playback_init: False)
[2026-06-26 08:54:29][INFO] SIM_BRIDGE: RNG initialized with seed: 102
[2026-06-26 08:54:29][INFO] SIM_BRIDGE: Initializing Izhikevich model specifics for 4864 neurons...
[2026-06-26 08:54:29][INFO] SIM_BRIDGE: Applying parameter heterogeneity to neuron parameters...
[2026-06-26 08:54:29][INFO] SIM_BRIDGE: Applied heterogeneity to 4 parameters.
[2026-06-26 08:54:29][INFO] SIM_BRIDGE: Initializing OU process state (tau=15.0ms, sigma=0.0pA)...
[2026-06-26 08:54:29][INFO] SIM_BRIDGE: Generating 3D neuron positions for 4864 neurons...
[2026-06-26 08:54:29][INFO] SIM_BRIDGE: Generating connections (3D)...
[2026-06-26 08:54:29][INFO] SIM_BRIDGE: Simulation data initialized for 4864 neurons (3D). Synapses: 0. GPU memory: 1.6GB/25.8GB (6.2%)
    [growth] mastered tier 8 -> promoted to 12
  [day 5] vocab=24 heard=24 facts=11 recall=1.00 heldout=1.00 retain=1.00 chain=- moat_fa=0 corr(M,C)=+0.88 tier=12 replay=5 win=2500 (131.3s wake=13.3s)
[2026-06-26 08:54:44][INFO] SIM_BRIDGE: CuPy using GPU: NVIDIA GeForce RTX 3090 (24.0 GB), mempool limit: 80%
[2026-06-26 08:54:44][INFO] SIM_BRIDGE: Initializing simulation data for model: IZHIKEVICH (3D)... (playback_init: False)
[2026-06-26 08:54:44][INFO] SIM_BRIDGE: RNG initialized with seed: 102
[2026-06-26 08:54:44][INFO] SIM_BRIDGE: Initializing Izhikevich model specifics for 126 neurons...
[2026-06-26 08:54:44][INFO] SIM_BRIDGE: Applying parameter heterogeneity to neuron parameters...
[2026-06-26 08:54:44][INFO] SIM_BRIDGE: Applied heterogeneity to 4 parameters.
[2026-06-26 08:54:44][INFO] SIM_BRIDGE: Initializing OU process state (tau=15.0ms, sigma=20.0pA)...
[2026-06-26 08:54:44][INFO] SIM_BRIDGE: Generating 3D neuron positions for 126 neurons...
[2026-06-26 08:54:44][INFO] SIM_BRIDGE: Generating connections (3D)...
[2026-06-26 08:54:44][INFO] SIM_BRIDGE: Simulation data initialized for 126 neurons (3D). Synapses: 0. GPU memory: 1.6GB/25.8GB (6.2%)
[2026-06-26 08:54:44][INFO] SIM_BRIDGE: inject_explicit_wiring: installed 720 synapses across 1 populations.
[2026-06-26 08:55:21][INFO] SIM_BRIDGE: CuPy using GPU: NVIDIA GeForce RTX 3090 (24.0 GB), mempool limit: 80%
[2026-06-26 08:55:21][INFO] SIM_BRIDGE: Initializing simulation data for model: IZHIKEVICH (3D)... (playback_init: False)
[2026-06-26 08:55:21][INFO] SIM_BRIDGE: RNG initialized with seed: 102
[2026-06-26 08:55:21][INFO] SIM_BRIDGE: Initializing Izhikevich model specifics for 224 neurons...
[2026-06-26 08:55:21][INFO] SIM_BRIDGE: Applying parameter heterogeneity to neuron parameters...
[2026-06-26 08:55:21][INFO] SIM_BRIDGE: Applied heterogeneity to 4 parameters.
[2026-06-26 08:55:21][INFO] SIM_BRIDGE: Initializing OU process state (tau=15.0ms, sigma=20.0pA)...
[2026-06-26 08:55:21][INFO] SIM_BRIDGE: Generating 3D neuron positions for 224 neurons...
[2026-06-26 08:55:21][INFO] SIM_BRIDGE: Generating connections (3D)...
[2026-06-26 08:55:21][INFO] SIM_BRIDGE: Simulation data initialized for 224 neurons (3D). Synapses: 0. GPU memory: 1.6GB/25.8GB (6.2%)
[2026-06-26 08:55:21][INFO] SIM_BRIDGE: inject_explicit_wiring: installed 4800 synapses across 1 populations.
[2026-06-26 08:56:16][INFO] SIM_BRIDGE: CuPy using GPU: NVIDIA GeForce RTX 3090 (24.0 GB), mempool limit: 80%
[2026-06-26 08:56:16][INFO] SIM_BRIDGE: Initializing simulation data for model: IZHIKEVICH (3D)... (playback_init: False)
[2026-06-26 08:56:16][INFO] SIM_BRIDGE: Brain-region framework: 2 regions, 2560 total neurons, 2 pathways.
[2026-06-26 08:56:16][INFO] SIM_BRIDGE: RNG initialized with seed: 102
[2026-06-26 08:56:16][INFO] SIM_BRIDGE: NMDA per-region mask: 2 regions enabled (2560 neurons)
[2026-06-26 08:56:16][INFO] SIM_BRIDGE: Initializing Izhikevich model specifics for 2560 neurons...
[2026-06-26 08:56:16][INFO] SIM_BRIDGE: Region 'cortex_ctx' (1280 neurons): using Izh type IZH2007_HIPPO_PYRAMIDAL
[2026-06-26 08:56:16][INFO] SIM_BRIDGE: Region 'dlpfc_wm' (1280 neurons): using Izh type IZH2007_HIPPO_PYRAMIDAL
[2026-06-26 08:56:16][INFO] SIM_BRIDGE: Applying parameter heterogeneity to neuron parameters...
[2026-06-26 08:56:16][INFO] SIM_BRIDGE: Applied heterogeneity to 4 parameters.
[2026-06-26 08:56:16][INFO] SIM_BRIDGE: Generating 3D neuron positions for 2560 neurons...
[2026-06-26 08:56:16][INFO] SIM_BRIDGE: Generating connections (brain-region framework)...
[2026-06-26 08:56:16][INFO] SIM_BRIDGE: inject_explicit_wiring: installed 490494 synapses across 4 populations.
[2026-06-26 08:56:16][INFO] SIM_BRIDGE: Initializing eligibility traces for 490494 synapses (capacity: 735741, dtype: float32)...
[2026-06-26 08:56:16][INFO] SIM_BRIDGE: Initializing STDP state for 2560 neurons...
[2026-06-26 08:56:16][INFO] SIM_BRIDGE: Simulation data initialized for 2560 neurons (3D). Synapses: 490494. GPU memory: 1.6GB/25.8GB (6.2%)
[2026-06-26 08:56:17][INFO] SIM_BRIDGE: CuPy using GPU: NVIDIA GeForce RTX 3090 (24.0 GB), mempool limit: 80%
[2026-06-26 08:56:17][INFO] SIM_BRIDGE: Initializing simulation data for model: IZHIKEVICH (3D)... (playback_init: False)
[2026-06-26 08:56:17][INFO] SIM_BRIDGE: RNG initialized with seed: 102
[2026-06-26 08:56:17][INFO] SIM_BRIDGE: Initializing Izhikevich model specifics for 256 neurons...
[2026-06-26 08:56:17][INFO] SIM_BRIDGE: Applying parameter heterogeneity to neuron parameters...
[2026-06-26 08:56:17][INFO] SIM_BRIDGE: Applied heterogeneity to 4 parameters.
[2026-06-26 08:56:17][INFO] SIM_BRIDGE: Initializing OU process state (tau=15.0ms, sigma=0.0pA)...
[2026-06-26 08:56:17][INFO] SIM_BRIDGE: Generating 3D neuron positions for 256 neurons...
[2026-06-26 08:56:17][INFO] SIM_BRIDGE: Generating connections (3D)...
[2026-06-26 08:56:17][INFO] SIM_BRIDGE: Simulation data initialized for 256 neurons (3D). Synapses: 0. GPU memory: 1.6GB/25.8GB (6.2%)
[2026-06-26 08:56:18][INFO] SIM_BRIDGE: CuPy using GPU: NVIDIA GeForce RTX 3090 (24.0 GB), mempool limit: 80%
[2026-06-26 08:56:18][INFO] SIM_BRIDGE: Initializing simulation data for model: IZHIKEVICH (3D)... (playback_init: False)
[2026-06-26 08:56:18][INFO] SIM_BRIDGE: RNG initialized with seed: 102
[2026-06-26 08:56:18][INFO] SIM_BRIDGE: Initializing Izhikevich model specifics for 640 neurons...
[2026-06-26 08:56:18][INFO] SIM_BRIDGE: Applying parameter heterogeneity to neuron parameters...
[2026-06-26 08:56:18][INFO] SIM_BRIDGE: Applied heterogeneity to 4 parameters.
[2026-06-26 08:56:18][INFO] SIM_BRIDGE: Initializing OU process state (tau=15.0ms, sigma=0.0pA)...
[2026-06-26 08:56:18][INFO] SIM_BRIDGE: Generating 3D neuron positions for 640 neurons...
[2026-06-26 08:56:18][INFO] SIM_BRIDGE: Generating connections (3D)...
[2026-06-26 08:56:18][INFO] SIM_BRIDGE: Simulation data initialized for 640 neurons (3D). Synapses: 0. GPU memory: 1.6GB/25.8GB (6.2%)
[2026-06-26 08:56:44][INFO] SIM_BRIDGE: CuPy using GPU: NVIDIA GeForce RTX 3090 (24.0 GB), mempool limit: 80%
[2026-06-26 08:56:44][INFO] SIM_BRIDGE: Initializing simulation data for model: IZHIKEVICH (3D)... (playback_init: False)
[2026-06-26 08:56:44][INFO] SIM_BRIDGE: RNG initialized with seed: 102
[2026-06-26 08:56:44][INFO] SIM_BRIDGE: Initializing Izhikevich model specifics for 4864 neurons...
[2026-06-26 08:56:44][INFO] SIM_BRIDGE: Applying parameter heterogeneity to neuron parameters...
[2026-06-26 08:56:44][INFO] SIM_BRIDGE: Applied heterogeneity to 4 parameters.
[2026-06-26 08:56:44][INFO] SIM_BRIDGE: Initializing OU process state (tau=15.0ms, sigma=0.0pA)...
[2026-06-26 08:56:44][INFO] SIM_BRIDGE: Generating 3D neuron positions for 4864 neurons...
[2026-06-26 08:56:44][INFO] SIM_BRIDGE: Generating connections (3D)...
[2026-06-26 08:56:44][INFO] SIM_BRIDGE: Simulation data initialized for 4864 neurons (3D). Synapses: 0. GPU memory: 1.6GB/25.8GB (6.2%)
  [day 6] vocab=24 heard=24 facts=11 recall=1.00 heldout=1.00 retain=1.00 chain=1.00 moat_fa=0 corr(M,C)=+0.88 tier=12 replay=5 win=2500 (137.1s wake=13.3s)
[2026-06-26 08:56:48][INFO] SIM_BRIDGE: CuPy using GPU: NVIDIA GeForce RTX 3090 (24.0 GB), mempool limit: 80%
[2026-06-26 08:56:48][INFO] SIM_BRIDGE: Initializing simulation data for model: IZHIKEVICH (3D)... (playback_init: False)
[2026-06-26 08:56:48][INFO] SIM_BRIDGE: Brain-region framework: 2 regions, 2700 total neurons, 1 pathways.
[2026-06-26 08:56:48][INFO] SIM_BRIDGE: RNG initialized with seed: 102
[2026-06-26 08:56:48][INFO] SIM_BRIDGE: Initializing Izhikevich model specifics for 2700 neurons...
[2026-06-26 08:56:48][INFO] SIM_BRIDGE: Applying parameter heterogeneity to neuron parameters...
[2026-06-26 08:56:48][INFO] SIM_BRIDGE: Applied heterogeneity to 4 parameters.
[2026-06-26 08:56:48][INFO] SIM_BRIDGE: Generating 3D neuron positions for 2700 neurons...
[2026-06-26 08:56:48][INFO] SIM_BRIDGE: Generating connections (brain-region framework)...
[2026-06-26 08:56:49][WARNING] SIM_BRIDGE: No trait info available; all synapses default to E->E STP type.
[2026-06-26 08:56:49][INFO] SIM_BRIDGE: inject_explicit_wiring: installed 720000 synapses across 1 populations.
[2026-06-26 08:56:49][INFO] SIM_BRIDGE: Initializing STP state for 720000 synapses (capacity: 1080000)...
[2026-06-26 08:56:49][INFO] SIM_BRIDGE: Initializing eligibility traces for 720000 synapses (capacity: 1080000, dtype: float32)...
[2026-06-26 08:56:49][WARNING] SIM_BRIDGE: No trait info available; all synapses default to E->E STP type.
[2026-06-26 08:56:49][INFO] SIM_BRIDGE: Initializing structural plasticity state...
[2026-06-26 08:56:49][INFO] SIM_BRIDGE: Simulation data initialized for 2700 neurons (3D). Synapses: 720000. GPU memory: 1.6GB/25.8GB (6.2%)
[2026-06-26 08:57:16][INFO] SIM_BRIDGE: CuPy using GPU: NVIDIA GeForce RTX 3090 (24.0 GB), mempool limit: 80%
[2026-06-26 08:57:16][INFO] SIM_BRIDGE: Initializing simulation data for model: IZHIKEVICH (3D)... (playback_init: False)
[2026-06-26 08:57:16][INFO] SIM_BRIDGE: RNG initialized with seed: 102
[2026-06-26 08:57:16][INFO] SIM_BRIDGE: Initializing Izhikevich model specifics for 126 neurons...
[2026-06-26 08:57:16][INFO] SIM_BRIDGE: Applying parameter heterogeneity to neuron parameters...
[2026-06-26 08:57:16][INFO] SIM_BRIDGE: Applied heterogeneity to 4 parameters.
[2026-06-26 08:57:16][INFO] SIM_BRIDGE: Initializing OU process state (tau=15.0ms, sigma=20.0pA)...
[2026-06-26 08:57:16][INFO] SIM_BRIDGE: Generating 3D neuron positions for 126 neurons...
[2026-06-26 08:57:16][INFO] SIM_BRIDGE: Generating connections (3D)...
[2026-06-26 08:57:16][INFO] SIM_BRIDGE: Simulation data initialized for 126 neurons (3D). Synapses: 0. GPU memory: 1.6GB/25.8GB (6.2%)
[2026-06-26 08:57:16][INFO] SIM_BRIDGE: inject_explicit_wiring: installed 720 synapses across 1 populations.
[2026-06-26 08:57:54][INFO] SIM_BRIDGE: CuPy using GPU: NVIDIA GeForce RTX 3090 (24.0 GB), mempool limit: 80%
[2026-06-26 08:57:54][INFO] SIM_BRIDGE: Initializing simulation data for model: IZHIKEVICH (3D)... (playback_init: False)
[2026-06-26 08:57:54][INFO] SIM_BRIDGE: RNG initialized with seed: 102
[2026-06-26 08:57:54][INFO] SIM_BRIDGE: Initializing Izhikevich model specifics for 224 neurons...
[2026-06-26 08:57:54][INFO] SIM_BRIDGE: Applying parameter heterogeneity to neuron parameters...
[2026-06-26 08:57:54][INFO] SIM_BRIDGE: Applied heterogeneity to 4 parameters.
[2026-06-26 08:57:54][INFO] SIM_BRIDGE: Initializing OU process state (tau=15.0ms, sigma=20.0pA)...
[2026-06-26 08:57:54][INFO] SIM_BRIDGE: Generating 3D neuron positions for 224 neurons...
[2026-06-26 08:57:54][INFO] SIM_BRIDGE: Generating connections (3D)...
[2026-06-26 08:57:54][INFO] SIM_BRIDGE: Simulation data initialized for 224 neurons (3D). Synapses: 0. GPU memory: 1.6GB/25.8GB (6.2%)
[2026-06-26 08:57:54][INFO] SIM_BRIDGE: inject_explicit_wiring: installed 4800 synapses across 1 populations.
[2026-06-26 08:58:49][INFO] SIM_BRIDGE: CuPy using GPU: NVIDIA GeForce RTX 3090 (24.0 GB), mempool limit: 80%
[2026-06-26 08:58:49][INFO] SIM_BRIDGE: Initializing simulation data for model: IZHIKEVICH (3D)... (playback_init: False)
[2026-06-26 08:58:49][INFO] SIM_BRIDGE: Brain-region framework: 2 regions, 2560 total neurons, 2 pathways.
[2026-06-26 08:58:49][INFO] SIM_BRIDGE: RNG initialized with seed: 102
[2026-06-26 08:58:49][INFO] SIM_BRIDGE: NMDA per-region mask: 2 regions enabled (2560 neurons)
[2026-06-26 08:58:49][INFO] SIM_BRIDGE: Initializing Izhikevich model specifics for 2560 neurons...
[2026-06-26 08:58:49][INFO] SIM_BRIDGE: Region 'cortex_ctx' (1280 neurons): using Izh type IZH2007_HIPPO_PYRAMIDAL
[2026-06-26 08:58:49][INFO] SIM_BRIDGE: Region 'dlpfc_wm' (1280 neurons): using Izh type IZH2007_HIPPO_PYRAMIDAL
[2026-06-26 08:58:49][INFO] SIM_BRIDGE: Applying parameter heterogeneity to neuron parameters...
[2026-06-26 08:58:49][INFO] SIM_BRIDGE: Applied heterogeneity to 4 parameters.
[2026-06-26 08:58:49][INFO] SIM_BRIDGE: Generating 3D neuron positions for 2560 neurons...
[2026-06-26 08:58:49][INFO] SIM_BRIDGE: Generating connections (brain-region framework)...
[2026-06-26 08:58:50][INFO] SIM_BRIDGE: inject_explicit_wiring: installed 490494 synapses across 4 populations.
[2026-06-26 08:58:50][INFO] SIM_BRIDGE: Initializing eligibility traces for 490494 synapses (capacity: 735741, dtype: float32)...
[2026-06-26 08:58:50][INFO] SIM_BRIDGE: Initializing STDP state for 2560 neurons...
[2026-06-26 08:58:50][INFO] SIM_BRIDGE: Simulation data initialized for 2560 neurons (3D). Synapses: 490494. GPU memory: 1.6GB/25.8GB (6.2%)
[2026-06-26 08:58:50][INFO] SIM_BRIDGE: CuPy using GPU: NVIDIA GeForce RTX 3090 (24.0 GB), mempool limit: 80%
[2026-06-26 08:58:50][INFO] SIM_BRIDGE: Initializing simulation data for model: IZHIKEVICH (3D)... (playback_init: False)
[2026-06-26 08:58:50][INFO] SIM_BRIDGE: RNG initialized with seed: 102
[2026-06-26 08:58:50][INFO] SIM_BRIDGE: Initializing Izhikevich model specifics for 256 neurons...
[2026-06-26 08:58:50][INFO] SIM_BRIDGE: Applying parameter heterogeneity to neuron parameters...
[2026-06-26 08:58:50][INFO] SIM_BRIDGE: Applied heterogeneity to 4 parameters.
[2026-06-26 08:58:50][INFO] SIM_BRIDGE: Initializing OU process state (tau=15.0ms, sigma=0.0pA)...
[2026-06-26 08:58:50][INFO] SIM_BRIDGE: Generating 3D neuron positions for 256 neurons...
[2026-06-26 08:58:50][INFO] SIM_BRIDGE: Generating connections (3D)...
[2026-06-26 08:58:50][INFO] SIM_BRIDGE: Simulation data initialized for 256 neurons (3D). Synapses: 0. GPU memory: 1.6GB/25.8GB (6.2%)
[2026-06-26 08:58:51][INFO] SIM_BRIDGE: CuPy using GPU: NVIDIA GeForce RTX 3090 (24.0 GB), mempool limit: 80%
[2026-06-26 08:58:51][INFO] SIM_BRIDGE: Initializing simulation data for model: IZHIKEVICH (3D)... (playback_init: False)
[2026-06-26 08:58:51][INFO] SIM_BRIDGE: RNG initialized with seed: 102
[2026-06-26 08:58:51][INFO] SIM_BRIDGE: Initializing Izhikevich model specifics for 640 neurons...
[2026-06-26 08:58:51][INFO] SIM_BRIDGE: Applying parameter heterogeneity to neuron parameters...
[2026-06-26 08:58:51][INFO] SIM_BRIDGE: Applied heterogeneity to 4 parameters.
[2026-06-26 08:58:51][INFO] SIM_BRIDGE: Initializing OU process state (tau=15.0ms, sigma=0.0pA)...
[2026-06-26 08:58:51][INFO] SIM_BRIDGE: Generating 3D neuron positions for 640 neurons...
[2026-06-26 08:58:51][INFO] SIM_BRIDGE: Generating connections (3D)...
[2026-06-26 08:58:51][INFO] SIM_BRIDGE: Simulation data initialized for 640 neurons (3D). Synapses: 0. GPU memory: 1.6GB/25.8GB (6.2%)
[2026-06-26 08:59:15][INFO] SIM_BRIDGE: CuPy using GPU: NVIDIA GeForce RTX 3090 (24.0 GB), mempool limit: 80%
[2026-06-26 08:59:15][INFO] SIM_BRIDGE: Initializing simulation data for model: IZHIKEVICH (3D)... (playback_init: False)
[2026-06-26 08:59:15][INFO] SIM_BRIDGE: RNG initialized with seed: 102
[2026-06-26 08:59:15][INFO] SIM_BRIDGE: Initializing Izhikevich model specifics for 4864 neurons...
[2026-06-26 08:59:15][INFO] SIM_BRIDGE: Applying parameter heterogeneity to neuron parameters...
[2026-06-26 08:59:15][INFO] SIM_BRIDGE: Applied heterogeneity to 4 parameters.
[2026-06-26 08:59:15][INFO] SIM_BRIDGE: Initializing OU process state (tau=15.0ms, sigma=0.0pA)...
[2026-06-26 08:59:15][INFO] SIM_BRIDGE: Generating 3D neuron positions for 4864 neurons...
[2026-06-26 08:59:15][INFO] SIM_BRIDGE: Generating connections (3D)...
[2026-06-26 08:59:15][INFO] SIM_BRIDGE: Simulation data initialized for 4864 neurons (3D). Synapses: 0. GPU memory: 1.6GB/25.8GB (6.2%)
[2026-06-26 08:59:17][INFO] SIM_BRIDGE: CuPy using GPU: NVIDIA GeForce RTX 3090 (24.0 GB), mempool limit: 80%
[2026-06-26 08:59:17][INFO] SIM_BRIDGE: Initializing simulation data for model: IZHIKEVICH (3D)... (playback_init: False)
[2026-06-26 08:59:17][INFO] SIM_BRIDGE: Brain-region framework: 2 regions, 2700 total neurons, 1 pathways.
[2026-06-26 08:59:17][INFO] SIM_BRIDGE: RNG initialized with seed: 102
[2026-06-26 08:59:17][INFO] SIM_BRIDGE: Initializing Izhikevich model specifics for 2700 neurons...
[2026-06-26 08:59:17][INFO] SIM_BRIDGE: Applying parameter heterogeneity to neuron parameters...
[2026-06-26 08:59:17][INFO] SIM_BRIDGE: Applied heterogeneity to 4 parameters.
[2026-06-26 08:59:17][INFO] SIM_BRIDGE: Generating 3D neuron positions for 2700 neurons...
[2026-06-26 08:59:17][INFO] SIM_BRIDGE: Generating connections (brain-region framework)...
[2026-06-26 08:59:17][WARNING] SIM_BRIDGE: No trait info available; all synapses default to E->E STP type.
[2026-06-26 08:59:17][INFO] SIM_BRIDGE: inject_explicit_wiring: installed 720000 synapses across 1 populations.
[2026-06-26 08:59:17][INFO] SIM_BRIDGE: Initializing STP state for 720000 synapses (capacity: 1080000)...
[2026-06-26 08:59:17][INFO] SIM_BRIDGE: Initializing eligibility traces for 720000 synapses (capacity: 1080000, dtype: float32)...
[2026-06-26 08:59:17][WARNING] SIM_BRIDGE: No trait info available; all synapses default to E->E STP type.
[2026-06-26 08:59:17][INFO] SIM_BRIDGE: Initializing structural plasticity state...
[2026-06-26 08:59:17][INFO] SIM_BRIDGE: Simulation data initialized for 2700 neurons (3D). Synapses: 720000. GPU memory: 1.6GB/25.8GB (6.2%)
[2026-06-26 08:59:29][INFO] SIM_BRIDGE: CuPy using GPU: NVIDIA GeForce RTX 3090 (24.0 GB), mempool limit: 80%
[2026-06-26 08:59:29][INFO] SIM_BRIDGE: Initializing simulation data for model: IZHIKEVICH (3D)... (playback_init: False)
[2026-06-26 08:59:29][INFO] SIM_BRIDGE: RNG initialized with seed: 102
[2026-06-26 08:59:29][INFO] SIM_BRIDGE: Initializing Izhikevich model specifics for 126 neurons...
[2026-06-26 08:59:29][INFO] SIM_BRIDGE: Applying parameter heterogeneity to neuron parameters...
[2026-06-26 08:59:29][INFO] SIM_BRIDGE: Applied heterogeneity to 4 parameters.
[2026-06-26 08:59:29][INFO] SIM_BRIDGE: Initializing OU process state (tau=15.0ms, sigma=20.0pA)...
[2026-06-26 08:59:29][INFO] SIM_BRIDGE: Generating 3D neuron positions for 126 neurons...
[2026-06-26 08:59:29][INFO] SIM_BRIDGE: Generating connections (3D)...
[2026-06-26 08:59:29][INFO] SIM_BRIDGE: Simulation data initialized for 126 neurons (3D). Synapses: 0. GPU memory: 1.6GB/25.8GB (6.2%)
[2026-06-26 08:59:29][INFO] SIM_BRIDGE: inject_explicit_wiring: installed 720 synapses across 1 populations.
[2026-06-26 09:00:07][INFO] SIM_BRIDGE: CuPy using GPU: NVIDIA GeForce RTX 3090 (24.0 GB), mempool limit: 80%
[2026-06-26 09:00:07][INFO] SIM_BRIDGE: Initializing simulation data for model: IZHIKEVICH (3D)... (playback_init: False)
[2026-06-26 09:00:07][INFO] SIM_BRIDGE: RNG initialized with seed: 102
[2026-06-26 09:00:07][INFO] SIM_BRIDGE: Initializing Izhikevich model specifics for 224 neurons...
[2026-06-26 09:00:07][INFO] SIM_BRIDGE: Applying parameter heterogeneity to neuron parameters...
[2026-06-26 09:00:07][INFO] SIM_BRIDGE: Applied heterogeneity to 4 parameters.
[2026-06-26 09:00:07][INFO] SIM_BRIDGE: Initializing OU process state (tau=15.0ms, sigma=20.0pA)...
[2026-06-26 09:00:07][INFO] SIM_BRIDGE: Generating 3D neuron positions for 224 neurons...
[2026-06-26 09:00:07][INFO] SIM_BRIDGE: Generating connections (3D)...
[2026-06-26 09:00:07][INFO] SIM_BRIDGE: Simulation data initialized for 224 neurons (3D). Synapses: 0. GPU memory: 1.6GB/25.8GB (6.2%)
[2026-06-26 09:00:07][INFO] SIM_BRIDGE: inject_explicit_wiring: installed 4800 synapses across 1 populations.
[2026-06-26 09:01:01][INFO] SIM_BRIDGE: CuPy using GPU: NVIDIA GeForce RTX 3090 (24.0 GB), mempool limit: 80%
[2026-06-26 09:01:01][INFO] SIM_BRIDGE: Initializing simulation data for model: IZHIKEVICH (3D)... (playback_init: False)
[2026-06-26 09:01:01][INFO] SIM_BRIDGE: Brain-region framework: 2 regions, 2560 total neurons, 2 pathways.
[2026-06-26 09:01:01][INFO] SIM_BRIDGE: RNG initialized with seed: 102
[2026-06-26 09:01:01][INFO] SIM_BRIDGE: NMDA per-region mask: 2 regions enabled (2560 neurons)
[2026-06-26 09:01:01][INFO] SIM_BRIDGE: Initializing Izhikevich model specifics for 2560 neurons...
[2026-06-26 09:01:01][INFO] SIM_BRIDGE: Region 'cortex_ctx' (1280 neurons): using Izh type IZH2007_HIPPO_PYRAMIDAL
[2026-06-26 09:01:01][INFO] SIM_BRIDGE: Region 'dlpfc_wm' (1280 neurons): using Izh type IZH2007_HIPPO_PYRAMIDAL
[2026-06-26 09:01:01][INFO] SIM_BRIDGE: Applying parameter heterogeneity to neuron parameters...
[2026-06-26 09:01:01][INFO] SIM_BRIDGE: Applied heterogeneity to 4 parameters.
[2026-06-26 09:01:01][INFO] SIM_BRIDGE: Generating 3D neuron positions for 2560 neurons...
[2026-06-26 09:01:01][INFO] SIM_BRIDGE: Generating connections (brain-region framework)...
[2026-06-26 09:01:02][INFO] SIM_BRIDGE: inject_explicit_wiring: installed 490494 synapses across 4 populations.
[2026-06-26 09:01:02][INFO] SIM_BRIDGE: Initializing eligibility traces for 490494 synapses (capacity: 735741, dtype: float32)...
[2026-06-26 09:01:02][INFO] SIM_BRIDGE: Initializing STDP state for 2560 neurons...
[2026-06-26 09:01:02][INFO] SIM_BRIDGE: Simulation data initialized for 2560 neurons (3D). Synapses: 490494. GPU memory: 1.6GB/25.8GB (6.2%)
[2026-06-26 09:01:14][INFO] SIM_BRIDGE: CuPy using GPU: NVIDIA GeForce RTX 3090 (24.0 GB), mempool limit: 80%
[2026-06-26 09:01:14][INFO] SIM_BRIDGE: Initializing simulation data for model: IZHIKEVICH (3D)... (playback_init: False)
[2026-06-26 09:01:14][INFO] SIM_BRIDGE: RNG initialized with seed: 102
[2026-06-26 09:01:14][INFO] SIM_BRIDGE: Initializing Izhikevich model specifics for 126 neurons...
[2026-06-26 09:01:14][INFO] SIM_BRIDGE: Applying parameter heterogeneity to neuron parameters...
[2026-06-26 09:01:14][INFO] SIM_BRIDGE: Applied heterogeneity to 4 parameters.
[2026-06-26 09:01:14][INFO] SIM_BRIDGE: Initializing OU process state (tau=15.0ms, sigma=20.0pA)...
[2026-06-26 09:01:14][INFO] SIM_BRIDGE: Generating 3D neuron positions for 126 neurons...
[2026-06-26 09:01:14][INFO] SIM_BRIDGE: Generating connections (3D)...
[2026-06-26 09:01:14][INFO] SIM_BRIDGE: Simulation data initialized for 126 neurons (3D). Synapses: 0. GPU memory: 1.6GB/25.8GB (6.2%)
[2026-06-26 09:01:14][INFO] SIM_BRIDGE: inject_explicit_wiring: installed 720 synapses across 1 populations.
[2026-06-26 09:01:51][INFO] SIM_BRIDGE: CuPy using GPU: NVIDIA GeForce RTX 3090 (24.0 GB), mempool limit: 80%
[2026-06-26 09:01:51][INFO] SIM_BRIDGE: Initializing simulation data for model: IZHIKEVICH (3D)... (playback_init: False)
[2026-06-26 09:01:51][INFO] SIM_BRIDGE: RNG initialized with seed: 102
[2026-06-26 09:01:51][INFO] SIM_BRIDGE: Initializing Izhikevich model specifics for 224 neurons...
[2026-06-26 09:01:51][INFO] SIM_BRIDGE: Applying parameter heterogeneity to neuron parameters...
[2026-06-26 09:01:51][INFO] SIM_BRIDGE: Applied heterogeneity to 4 parameters.
[2026-06-26 09:01:51][INFO] SIM_BRIDGE: Initializing OU process state (tau=15.0ms, sigma=20.0pA)...
[2026-06-26 09:01:51][INFO] SIM_BRIDGE: Generating 3D neuron positions for 224 neurons...
[2026-06-26 09:01:51][INFO] SIM_BRIDGE: Generating connections (3D)...
[2026-06-26 09:01:51][INFO] SIM_BRIDGE: Simulation data initialized for 224 neurons (3D). Synapses: 0. GPU memory: 1.6GB/25.8GB (6.2%)
[2026-06-26 09:01:51][INFO] SIM_BRIDGE: inject_explicit_wiring: installed 4800 synapses across 1 populations.
[2026-06-26 09:02:45][INFO] SIM_BRIDGE: CuPy using GPU: NVIDIA GeForce RTX 3090 (24.0 GB), mempool limit: 80%
[2026-06-26 09:02:45][INFO] SIM_BRIDGE: Initializing simulation data for model: IZHIKEVICH (3D)... (playback_init: False)
[2026-06-26 09:02:45][INFO] SIM_BRIDGE: Brain-region framework: 2 regions, 2560 total neurons, 2 pathways.
[2026-06-26 09:02:45][INFO] SIM_BRIDGE: RNG initialized with seed: 102
[2026-06-26 09:02:45][INFO] SIM_BRIDGE: NMDA per-region mask: 2 regions enabled (2560 neurons)
[2026-06-26 09:02:45][INFO] SIM_BRIDGE: Initializing Izhikevich model specifics for 2560 neurons...
[2026-06-26 09:02:45][INFO] SIM_BRIDGE: Region 'cortex_ctx' (1280 neurons): using Izh type IZH2007_HIPPO_PYRAMIDAL
[2026-06-26 09:02:45][INFO] SIM_BRIDGE: Region 'dlpfc_wm' (1280 neurons): using Izh type IZH2007_HIPPO_PYRAMIDAL
[2026-06-26 09:02:45][INFO] SIM_BRIDGE: Applying parameter heterogeneity to neuron parameters...
[2026-06-26 09:02:45][INFO] SIM_BRIDGE: Applied heterogeneity to 4 parameters.
[2026-06-26 09:02:45][INFO] SIM_BRIDGE: Generating 3D neuron positions for 2560 neurons...
[2026-06-26 09:02:45][INFO] SIM_BRIDGE: Generating connections (brain-region framework)...
[2026-06-26 09:02:46][INFO] SIM_BRIDGE: inject_explicit_wiring: installed 490494 synapses across 4 populations.
[2026-06-26 09:02:46][INFO] SIM_BRIDGE: Initializing eligibility traces for 490494 synapses (capacity: 735741, dtype: float32)...
[2026-06-26 09:02:46][INFO] SIM_BRIDGE: Initializing STDP state for 2560 neurons...
[2026-06-26 09:02:46][INFO] SIM_BRIDGE: Simulation data initialized for 2560 neurons (3D). Synapses: 490494. GPU memory: 1.6GB/25.8GB (6.2%)
[2026-06-26 09:03:04][INFO] SIM_BRIDGE: CuPy using GPU: NVIDIA GeForce RTX 3090 (24.0 GB), mempool limit: 80%
[2026-06-26 09:03:04][INFO] SIM_BRIDGE: Initializing simulation data for model: IZHIKEVICH (3D)... (playback_init: False)
[2026-06-26 09:03:04][INFO] SIM_BRIDGE: RNG initialized with seed: 102
[2026-06-26 09:03:04][INFO] SIM_BRIDGE: Initializing Izhikevich model specifics for 126 neurons...
[2026-06-26 09:03:04][INFO] SIM_BRIDGE: Applying parameter heterogeneity to neuron parameters...
[2026-06-26 09:03:04][INFO] SIM_BRIDGE: Applied heterogeneity to 4 parameters.
[2026-06-26 09:03:04][INFO] SIM_BRIDGE: Initializing OU process state (tau=15.0ms, sigma=20.0pA)...
[2026-06-26 09:03:04][INFO] SIM_BRIDGE: Generating 3D neuron positions for 126 neurons...
[2026-06-26 09:03:04][INFO] SIM_BRIDGE: Generating connections (3D)...
[2026-06-26 09:03:04][INFO] SIM_BRIDGE: Simulation data initialized for 126 neurons (3D). Synapses: 0. GPU memory: 1.6GB/25.8GB (6.2%)
[2026-06-26 09:03:04][INFO] SIM_BRIDGE: inject_explicit_wiring: installed 720 synapses across 1 populations.
[2026-06-26 09:03:43][INFO] SIM_BRIDGE: CuPy using GPU: NVIDIA GeForce RTX 3090 (24.0 GB), mempool limit: 80%
[2026-06-26 09:03:43][INFO] SIM_BRIDGE: Initializing simulation data for model: IZHIKEVICH (3D)... (playback_init: False)
[2026-06-26 09:03:43][INFO] SIM_BRIDGE: RNG initialized with seed: 102
[2026-06-26 09:03:43][INFO] SIM_BRIDGE: Initializing Izhikevich model specifics for 224 neurons...
[2026-06-26 09:03:43][INFO] SIM_BRIDGE: Applying parameter heterogeneity to neuron parameters...
[2026-06-26 09:03:43][INFO] SIM_BRIDGE: Applied heterogeneity to 4 parameters.
[2026-06-26 09:03:43][INFO] SIM_BRIDGE: Initializing OU process state (tau=15.0ms, sigma=20.0pA)...
[2026-06-26 09:03:43][INFO] SIM_BRIDGE: Generating 3D neuron positions for 224 neurons...
[2026-06-26 09:03:43][INFO] SIM_BRIDGE: Generating connections (3D)...
[2026-06-26 09:03:43][INFO] SIM_BRIDGE: Simulation data initialized for 224 neurons (3D). Synapses: 0. GPU memory: 1.6GB/25.8GB (6.2%)
[2026-06-26 09:03:43][INFO] SIM_BRIDGE: inject_explicit_wiring: installed 4800 synapses across 1 populations.
[2026-06-26 09:04:38][INFO] SIM_BRIDGE: CuPy using GPU: NVIDIA GeForce RTX 3090 (24.0 GB), mempool limit: 80%
[2026-06-26 09:04:38][INFO] SIM_BRIDGE: Initializing simulation data for model: IZHIKEVICH (3D)... (playback_init: False)
[2026-06-26 09:04:38][INFO] SIM_BRIDGE: Brain-region framework: 2 regions, 2560 total neurons, 2 pathways.
[2026-06-26 09:04:38][INFO] SIM_BRIDGE: RNG initialized with seed: 102
[2026-06-26 09:04:38][INFO] SIM_BRIDGE: NMDA per-region mask: 2 regions enabled (2560 neurons)
[2026-06-26 09:04:38][INFO] SIM_BRIDGE: Initializing Izhikevich model specifics for 2560 neurons...
[2026-06-26 09:04:38][INFO] SIM_BRIDGE: Region 'cortex_ctx' (1280 neurons): using Izh type IZH2007_HIPPO_PYRAMIDAL
[2026-06-26 09:04:38][INFO] SIM_BRIDGE: Region 'dlpfc_wm' (1280 neurons): using Izh type IZH2007_HIPPO_PYRAMIDAL
[2026-06-26 09:04:38][INFO] SIM_BRIDGE: Applying parameter heterogeneity to neuron parameters...
[2026-06-26 09:04:38][INFO] SIM_BRIDGE: Applied heterogeneity to 4 parameters.
[2026-06-26 09:04:38][INFO] SIM_BRIDGE: Generating 3D neuron positions for 2560 neurons...
[2026-06-26 09:04:38][INFO] SIM_BRIDGE: Generating connections (brain-region framework)...
[2026-06-26 09:04:39][INFO] SIM_BRIDGE: inject_explicit_wiring: installed 490494 synapses across 4 populations.
[2026-06-26 09:04:39][INFO] SIM_BRIDGE: Initializing eligibility traces for 490494 synapses (capacity: 735741, dtype: float32)...
[2026-06-26 09:04:39][INFO] SIM_BRIDGE: Initializing STDP state for 2560 neurons...
[2026-06-26 09:04:39][INFO] SIM_BRIDGE: Simulation data initialized for 2560 neurons (3D). Synapses: 490494. GPU memory: 1.6GB/25.8GB (6.2%)
[2026-06-26 09:04:51][INFO] SIM_BRIDGE: CuPy using GPU: NVIDIA GeForce RTX 3090 (24.0 GB), mempool limit: 80%
[2026-06-26 09:04:51][INFO] SIM_BRIDGE: Initializing simulation data for model: IZHIKEVICH (3D)... (playback_init: False)
[2026-06-26 09:04:51][INFO] SIM_BRIDGE: RNG initialized with seed: 102
[2026-06-26 09:04:51][INFO] SIM_BRIDGE: Initializing Izhikevich model specifics for 126 neurons...
[2026-06-26 09:04:51][INFO] SIM_BRIDGE: Applying parameter heterogeneity to neuron parameters...
[2026-06-26 09:04:51][INFO] SIM_BRIDGE: Applied heterogeneity to 4 parameters.
[2026-06-26 09:04:51][INFO] SIM_BRIDGE: Initializing OU process state (tau=15.0ms, sigma=20.0pA)...
[2026-06-26 09:04:51][INFO] SIM_BRIDGE: Generating 3D neuron positions for 126 neurons...
[2026-06-26 09:04:51][INFO] SIM_BRIDGE: Generating connections (3D)...
[2026-06-26 09:04:51][INFO] SIM_BRIDGE: Simulation data initialized for 126 neurons (3D). Synapses: 0. GPU memory: 1.6GB/25.8GB (6.2%)
[2026-06-26 09:04:51][INFO] SIM_BRIDGE: inject_explicit_wiring: installed 720 synapses across 1 populations.
[2026-06-26 09:05:30][INFO] SIM_BRIDGE: CuPy using GPU: NVIDIA GeForce RTX 3090 (24.0 GB), mempool limit: 80%
[2026-06-26 09:05:30][INFO] SIM_BRIDGE: Initializing simulation data for model: IZHIKEVICH (3D)... (playback_init: False)
[2026-06-26 09:05:30][INFO] SIM_BRIDGE: RNG initialized with seed: 102
[2026-06-26 09:05:30][INFO] SIM_BRIDGE: Initializing Izhikevich model specifics for 224 neurons...
[2026-06-26 09:05:30][INFO] SIM_BRIDGE: Applying parameter heterogeneity to neuron parameters...
[2026-06-26 09:05:30][INFO] SIM_BRIDGE: Applied heterogeneity to 4 parameters.
[2026-06-26 09:05:30][INFO] SIM_BRIDGE: Initializing OU process state (tau=15.0ms, sigma=20.0pA)...
[2026-06-26 09:05:30][INFO] SIM_BRIDGE: Generating 3D neuron positions for 224 neurons...
[2026-06-26 09:05:30][INFO] SIM_BRIDGE: Generating connections (3D)...
[2026-06-26 09:05:30][INFO] SIM_BRIDGE: Simulation data initialized for 224 neurons (3D). Synapses: 0. GPU memory: 1.6GB/25.8GB (6.2%)
[2026-06-26 09:05:30][INFO] SIM_BRIDGE: inject_explicit_wiring: installed 4800 synapses across 1 populations.
[2026-06-26 09:06:25][INFO] SIM_BRIDGE: CuPy using GPU: NVIDIA GeForce RTX 3090 (24.0 GB), mempool limit: 80%
[2026-06-26 09:06:25][INFO] SIM_BRIDGE: Initializing simulation data for model: IZHIKEVICH (3D)... (playback_init: False)
[2026-06-26 09:06:25][INFO] SIM_BRIDGE: Brain-region framework: 2 regions, 2560 total neurons, 2 pathways.
[2026-06-26 09:06:25][INFO] SIM_BRIDGE: RNG initialized with seed: 102
[2026-06-26 09:06:25][INFO] SIM_BRIDGE: NMDA per-region mask: 2 regions enabled (2560 neurons)
[2026-06-26 09:06:25][INFO] SIM_BRIDGE: Initializing Izhikevich model specifics for 2560 neurons...
[2026-06-26 09:06:25][INFO] SIM_BRIDGE: Region 'cortex_ctx' (1280 neurons): using Izh type IZH2007_HIPPO_PYRAMIDAL
[2026-06-26 09:06:25][INFO] SIM_BRIDGE: Region 'dlpfc_wm' (1280 neurons): using Izh type IZH2007_HIPPO_PYRAMIDAL
[2026-06-26 09:06:25][INFO] SIM_BRIDGE: Applying parameter heterogeneity to neuron parameters...
[2026-06-26 09:06:25][INFO] SIM_BRIDGE: Applied heterogeneity to 4 parameters.
[2026-06-26 09:06:25][INFO] SIM_BRIDGE: Generating 3D neuron positions for 2560 neurons...
[2026-06-26 09:06:25][INFO] SIM_BRIDGE: Generating connections (brain-region framework)...
[2026-06-26 09:06:25][INFO] SIM_BRIDGE: inject_explicit_wiring: installed 490494 synapses across 4 populations.
[2026-06-26 09:06:25][INFO] SIM_BRIDGE: Initializing eligibility traces for 490494 synapses (capacity: 735741, dtype: float32)...
[2026-06-26 09:06:25][INFO] SIM_BRIDGE: Initializing STDP state for 2560 neurons...
[2026-06-26 09:06:25][INFO] SIM_BRIDGE: Simulation data initialized for 2560 neurons (3D). Synapses: 490494. GPU memory: 1.6GB/25.8GB (6.2%)
[2026-06-26 09:06:39][INFO] SIM_BRIDGE: CuPy using GPU: NVIDIA GeForce RTX 3090 (24.0 GB), mempool limit: 80%
[2026-06-26 09:06:39][INFO] SIM_BRIDGE: Initializing simulation data for model: IZHIKEVICH (3D)... (playback_init: False)
[2026-06-26 09:06:39][INFO] SIM_BRIDGE: RNG initialized with seed: 102
[2026-06-26 09:06:39][INFO] SIM_BRIDGE: Initializing Izhikevich model specifics for 126 neurons...
[2026-06-26 09:06:39][INFO] SIM_BRIDGE: Applying parameter heterogeneity to neuron parameters...
[2026-06-26 09:06:39][INFO] SIM_BRIDGE: Applied heterogeneity to 4 parameters.
[2026-06-26 09:06:39][INFO] SIM_BRIDGE: Initializing OU process state (tau=15.0ms, sigma=20.0pA)...
[2026-06-26 09:06:39][INFO] SIM_BRIDGE: Generating 3D neuron positions for 126 neurons...
[2026-06-26 09:06:39][INFO] SIM_BRIDGE: Generating connections (3D)...
[2026-06-26 09:06:39][INFO] SIM_BRIDGE: Simulation data initialized for 126 neurons (3D). Synapses: 0. GPU memory: 1.6GB/25.8GB (6.2%)
[2026-06-26 09:06:39][INFO] SIM_BRIDGE: inject_explicit_wiring: installed 720 synapses across 1 populations.
[2026-06-26 09:07:16][INFO] SIM_BRIDGE: CuPy using GPU: NVIDIA GeForce RTX 3090 (24.0 GB), mempool limit: 80%
[2026-06-26 09:07:16][INFO] SIM_BRIDGE: Initializing simulation data for model: IZHIKEVICH (3D)... (playback_init: False)
[2026-06-26 09:07:16][INFO] SIM_BRIDGE: RNG initialized with seed: 102
[2026-06-26 09:07:16][INFO] SIM_BRIDGE: Initializing Izhikevich model specifics for 224 neurons...
[2026-06-26 09:07:16][INFO] SIM_BRIDGE: Applying parameter heterogeneity to neuron parameters...
[2026-06-26 09:07:16][INFO] SIM_BRIDGE: Applied heterogeneity to 4 parameters.
[2026-06-26 09:07:16][INFO] SIM_BRIDGE: Initializing OU process state (tau=15.0ms, sigma=20.0pA)...
[2026-06-26 09:07:16][INFO] SIM_BRIDGE: Generating 3D neuron positions for 224 neurons...
[2026-06-26 09:07:16][INFO] SIM_BRIDGE: Generating connections (3D)...
[2026-06-26 09:07:16][INFO] SIM_BRIDGE: Simulation data initialized for 224 neurons (3D). Synapses: 0. GPU memory: 1.6GB/25.8GB (6.2%)
[2026-06-26 09:07:16][INFO] SIM_BRIDGE: inject_explicit_wiring: installed 4800 synapses across 1 populations.
[2026-06-26 09:08:10][INFO] SIM_BRIDGE: CuPy using GPU: NVIDIA GeForce RTX 3090 (24.0 GB), mempool limit: 80%
[2026-06-26 09:08:10][INFO] SIM_BRIDGE: Initializing simulation data for model: IZHIKEVICH (3D)... (playback_init: False)
[2026-06-26 09:08:10][INFO] SIM_BRIDGE: Brain-region framework: 2 regions, 2560 total neurons, 2 pathways.
[2026-06-26 09:08:10][INFO] SIM_BRIDGE: RNG initialized with seed: 102
[2026-06-26 09:08:10][INFO] SIM_BRIDGE: NMDA per-region mask: 2 regions enabled (2560 neurons)
[2026-06-26 09:08:10][INFO] SIM_BRIDGE: Initializing Izhikevich model specifics for 2560 neurons...
[2026-06-26 09:08:10][INFO] SIM_BRIDGE: Region 'cortex_ctx' (1280 neurons): using Izh type IZH2007_HIPPO_PYRAMIDAL
[2026-06-26 09:08:10][INFO] SIM_BRIDGE: Region 'dlpfc_wm' (1280 neurons): using Izh type IZH2007_HIPPO_PYRAMIDAL
[2026-06-26 09:08:10][INFO] SIM_BRIDGE: Applying parameter heterogeneity to neuron parameters...
[2026-06-26 09:08:10][INFO] SIM_BRIDGE: Applied heterogeneity to 4 parameters.
[2026-06-26 09:08:10][INFO] SIM_BRIDGE: Generating 3D neuron positions for 2560 neurons...
[2026-06-26 09:08:10][INFO] SIM_BRIDGE: Generating connections (brain-region framework)...
[2026-06-26 09:08:11][INFO] SIM_BRIDGE: inject_explicit_wiring: installed 490494 synapses across 4 populations.
[2026-06-26 09:08:11][INFO] SIM_BRIDGE: Initializing eligibility traces for 490494 synapses (capacity: 735741, dtype: float32)...
[2026-06-26 09:08:11][INFO] SIM_BRIDGE: Initializing STDP state for 2560 neurons...
[2026-06-26 09:08:11][INFO] SIM_BRIDGE: Simulation data initialized for 2560 neurons (3D). Synapses: 490494. GPU memory: 1.6GB/25.8GB (6.2%)
[2026-06-26 09:08:24][INFO] SIM_BRIDGE: CuPy using GPU: NVIDIA GeForce RTX 3090 (24.0 GB), mempool limit: 80%
[2026-06-26 09:08:24][INFO] SIM_BRIDGE: Initializing simulation data for model: IZHIKEVICH (3D)... (playback_init: False)
[2026-06-26 09:08:24][INFO] SIM_BRIDGE: RNG initialized with seed: 102
[2026-06-26 09:08:24][INFO] SIM_BRIDGE: Initializing Izhikevich model specifics for 126 neurons...
[2026-06-26 09:08:24][INFO] SIM_BRIDGE: Applying parameter heterogeneity to neuron parameters...
[2026-06-26 09:08:24][INFO] SIM_BRIDGE: Applied heterogeneity to 4 parameters.
[2026-06-26 09:08:24][INFO] SIM_BRIDGE: Initializing OU process state (tau=15.0ms, sigma=20.0pA)...
[2026-06-26 09:08:24][INFO] SIM_BRIDGE: Generating 3D neuron positions for 126 neurons...
[2026-06-26 09:08:24][INFO] SIM_BRIDGE: Generating connections (3D)...
[2026-06-26 09:08:24][INFO] SIM_BRIDGE: Simulation data initialized for 126 neurons (3D). Synapses: 0. GPU memory: 1.6GB/25.8GB (6.2%)
[2026-06-26 09:08:24][INFO] SIM_BRIDGE: inject_explicit_wiring: installed 720 synapses across 1 populations.
[2026-06-26 09:09:02][INFO] SIM_BRIDGE: CuPy using GPU: NVIDIA GeForce RTX 3090 (24.0 GB), mempool limit: 80%
[2026-06-26 09:09:02][INFO] SIM_BRIDGE: Initializing simulation data for model: IZHIKEVICH (3D)... (playback_init: False)
[2026-06-26 09:09:02][INFO] SIM_BRIDGE: RNG initialized with seed: 102
[2026-06-26 09:09:02][INFO] SIM_BRIDGE: Initializing Izhikevich model specifics for 224 neurons...
[2026-06-26 09:09:02][INFO] SIM_BRIDGE: Applying parameter heterogeneity to neuron parameters...
[2026-06-26 09:09:02][INFO] SIM_BRIDGE: Applied heterogeneity to 4 parameters.
[2026-06-26 09:09:02][INFO] SIM_BRIDGE: Initializing OU process state (tau=15.0ms, sigma=20.0pA)...
[2026-06-26 09:09:02][INFO] SIM_BRIDGE: Generating 3D neuron positions for 224 neurons...
[2026-06-26 09:09:02][INFO] SIM_BRIDGE: Generating connections (3D)...
[2026-06-26 09:09:02][INFO] SIM_BRIDGE: Simulation data initialized for 224 neurons (3D). Synapses: 0. GPU memory: 1.6GB/25.8GB (6.2%)
[2026-06-26 09:09:02][INFO] SIM_BRIDGE: inject_explicit_wiring: installed 4800 synapses across 1 populations.
[2026-06-26 09:09:59][INFO] SIM_BRIDGE: CuPy using GPU: NVIDIA GeForce RTX 3090 (24.0 GB), mempool limit: 80%
[2026-06-26 09:09:59][INFO] SIM_BRIDGE: Initializing simulation data for model: IZHIKEVICH (3D)... (playback_init: False)
[2026-06-26 09:09:59][INFO] SIM_BRIDGE: Brain-region framework: 2 regions, 2560 total neurons, 2 pathways.
[2026-06-26 09:09:59][INFO] SIM_BRIDGE: RNG initialized with seed: 102
[2026-06-26 09:09:59][INFO] SIM_BRIDGE: NMDA per-region mask: 2 regions enabled (2560 neurons)
[2026-06-26 09:09:59][INFO] SIM_BRIDGE: Initializing Izhikevich model specifics for 2560 neurons...
[2026-06-26 09:09:59][INFO] SIM_BRIDGE: Region 'cortex_ctx' (1280 neurons): using Izh type IZH2007_HIPPO_PYRAMIDAL
[2026-06-26 09:09:59][INFO] SIM_BRIDGE: Region 'dlpfc_wm' (1280 neurons): using Izh type IZH2007_HIPPO_PYRAMIDAL
[2026-06-26 09:09:59][INFO] SIM_BRIDGE: Applying parameter heterogeneity to neuron parameters...
[2026-06-26 09:09:59][INFO] SIM_BRIDGE: Applied heterogeneity to 4 parameters.
[2026-06-26 09:09:59][INFO] SIM_BRIDGE: Generating 3D neuron positions for 2560 neurons...
[2026-06-26 09:09:59][INFO] SIM_BRIDGE: Generating connections (brain-region framework)...
[2026-06-26 09:10:00][INFO] SIM_BRIDGE: inject_explicit_wiring: installed 490494 synapses across 4 populations.
[2026-06-26 09:10:00][INFO] SIM_BRIDGE: Initializing eligibility traces for 490494 synapses (capacity: 735741, dtype: float32)...
[2026-06-26 09:10:00][INFO] SIM_BRIDGE: Initializing STDP state for 2560 neurons...
[2026-06-26 09:10:00][INFO] SIM_BRIDGE: Simulation data initialized for 2560 neurons (3D). Synapses: 490494. GPU memory: 1.6GB/25.8GB (6.2%)
[2026-06-26 09:10:13][INFO] SIM_BRIDGE: CuPy using GPU: NVIDIA GeForce RTX 3090 (24.0 GB), mempool limit: 80%
[2026-06-26 09:10:13][INFO] SIM_BRIDGE: Initializing simulation data for model: IZHIKEVICH (3D)... (playback_init: False)
[2026-06-26 09:10:13][INFO] SIM_BRIDGE: RNG initialized with seed: 102
[2026-06-26 09:10:13][INFO] SIM_BRIDGE: Initializing Izhikevich model specifics for 126 neurons...
[2026-06-26 09:10:13][INFO] SIM_BRIDGE: Applying parameter heterogeneity to neuron parameters...
[2026-06-26 09:10:13][INFO] SIM_BRIDGE: Applied heterogeneity to 4 parameters.
[2026-06-26 09:10:13][INFO] SIM_BRIDGE: Initializing OU process state (tau=15.0ms, sigma=20.0pA)...
[2026-06-26 09:10:13][INFO] SIM_BRIDGE: Generating 3D neuron positions for 126 neurons...
[2026-06-26 09:10:13][INFO] SIM_BRIDGE: Generating connections (3D)...
[2026-06-26 09:10:13][INFO] SIM_BRIDGE: Simulation data initialized for 126 neurons (3D). Synapses: 0. GPU memory: 1.6GB/25.8GB (6.2%)
[2026-06-26 09:10:13][INFO] SIM_BRIDGE: inject_explicit_wiring: installed 720 synapses across 1 populations.
[2026-06-26 09:10:50][INFO] SIM_BRIDGE: CuPy using GPU: NVIDIA GeForce RTX 3090 (24.0 GB), mempool limit: 80%
[2026-06-26 09:10:50][INFO] SIM_BRIDGE: Initializing simulation data for model: IZHIKEVICH (3D)... (playback_init: False)
[2026-06-26 09:10:50][INFO] SIM_BRIDGE: RNG initialized with seed: 102
[2026-06-26 09:10:50][INFO] SIM_BRIDGE: Initializing Izhikevich model specifics for 224 neurons...
[2026-06-26 09:10:50][INFO] SIM_BRIDGE: Applying parameter heterogeneity to neuron parameters...
[2026-06-26 09:10:50][INFO] SIM_BRIDGE: Applied heterogeneity to 4 parameters.
[2026-06-26 09:10:50][INFO] SIM_BRIDGE: Initializing OU process state (tau=15.0ms, sigma=20.0pA)...
[2026-06-26 09:10:50][INFO] SIM_BRIDGE: Generating 3D neuron positions for 224 neurons...
[2026-06-26 09:10:50][INFO] SIM_BRIDGE: Generating connections (3D)...
[2026-06-26 09:10:50][INFO] SIM_BRIDGE: Simulation data initialized for 224 neurons (3D). Synapses: 0. GPU memory: 1.6GB/25.8GB (6.2%)
[2026-06-26 09:10:50][INFO] SIM_BRIDGE: inject_explicit_wiring: installed 4800 synapses across 1 populations.
[2026-06-26 09:11:44][INFO] SIM_BRIDGE: CuPy using GPU: NVIDIA GeForce RTX 3090 (24.0 GB), mempool limit: 80%
[2026-06-26 09:11:44][INFO] SIM_BRIDGE: Initializing simulation data for model: IZHIKEVICH (3D)... (playback_init: False)
[2026-06-26 09:11:44][INFO] SIM_BRIDGE: Brain-region framework: 2 regions, 2560 total neurons, 2 pathways.
[2026-06-26 09:11:44][INFO] SIM_BRIDGE: RNG initialized with seed: 102
[2026-06-26 09:11:44][INFO] SIM_BRIDGE: NMDA per-region mask: 2 regions enabled (2560 neurons)
[2026-06-26 09:11:44][INFO] SIM_BRIDGE: Initializing Izhikevich model specifics for 2560 neurons...
[2026-06-26 09:11:44][INFO] SIM_BRIDGE: Region 'cortex_ctx' (1280 neurons): using Izh type IZH2007_HIPPO_PYRAMIDAL
[2026-06-26 09:11:44][INFO] SIM_BRIDGE: Region 'dlpfc_wm' (1280 neurons): using Izh type IZH2007_HIPPO_PYRAMIDAL
[2026-06-26 09:11:44][INFO] SIM_BRIDGE: Applying parameter heterogeneity to neuron parameters...
[2026-06-26 09:11:44][INFO] SIM_BRIDGE: Applied heterogeneity to 4 parameters.
[2026-06-26 09:11:44][INFO] SIM_BRIDGE: Generating 3D neuron positions for 2560 neurons...
[2026-06-26 09:11:44][INFO] SIM_BRIDGE: Generating connections (brain-region framework)...
[2026-06-26 09:11:45][INFO] SIM_BRIDGE: inject_explicit_wiring: installed 490494 synapses across 4 populations.
[2026-06-26 09:11:45][INFO] SIM_BRIDGE: Initializing eligibility traces for 490494 synapses (capacity: 735741, dtype: float32)...
[2026-06-26 09:11:45][INFO] SIM_BRIDGE: Initializing STDP state for 2560 neurons...
[2026-06-26 09:11:45][INFO] SIM_BRIDGE: Simulation data initialized for 2560 neurons (3D). Synapses: 490494. GPU memory: 1.6GB/25.8GB (6.2%)

==============================================================================================================
  VERDICT: GO — the L0 longitudinal-development loop runs at GPU scale with REAL stream-cortex code-learning (corr(M,C) mean +0.88), day-over-day development (vocab 6->24, heard 6->24, facts 2->11), retention holds (1.00), moat 0-FA, a tier fired, persistence resumes, frozen-brain anti-cheat holds. Per-day 128.6s; compressed-week ETA ~15.0 min. READY for the 6-seed compressed-week.
  [saved] research/findings/raw/_develop_week_seed102.json  (wall 1798.4s)
==============================================================================================================
=== SEED 102 EXIT 0 ===
