==============================================================================================================
[L0 LONGITUDINAL DEVELOPMENT LOOP — 1-SEED GPU SMOKE — REAL stream cortex]
  backend=cupy  n_days=28  seed=42  max_windows/day=2500  n_hub=200  n_per=12  D=128
  VERIFY: the develop loop runs at GPU scale with the REAL stream-cortex code-learning swapped for the CPU agent-hear() stand-in; measure development + per-day wall-clock + the anti-cheats.
==============================================================================================================

[L0 develop loop — GPU] WAKE(REAL stream-cortex) -> CONVERSE(MultiTurnAgent on learned codes) -> SLEEP(replay+retention) -> [GROWTH] -> METRICS -> PERSIST, 28 days.

[2026-06-26 04:11:39][INFO] SIM_BRIDGE: CuPy using GPU: NVIDIA GeForce RTX 3090 (24.0 GB), mempool limit: 80%
[2026-06-26 04:11:39][INFO] SIM_BRIDGE: Initializing simulation data for model: IZHIKEVICH (3D)... (playback_init: False)
[2026-06-26 04:11:39][INFO] SIM_BRIDGE: Brain-region framework: 2 regions, 2700 total neurons, 1 pathways.
[2026-06-26 04:11:39][INFO] SIM_BRIDGE: RNG initialized with seed: 42
[2026-06-26 04:11:39][INFO] SIM_BRIDGE: Initializing Izhikevich model specifics for 2700 neurons...
[2026-06-26 04:11:39][INFO] SIM_BRIDGE: Applying parameter heterogeneity to neuron parameters...
[2026-06-26 04:11:39][INFO] SIM_BRIDGE: Applied heterogeneity to 4 parameters.
[2026-06-26 04:11:39][INFO] SIM_BRIDGE: Generating 3D neuron positions for 2700 neurons...
[2026-06-26 04:11:39][INFO] SIM_BRIDGE: Generating connections (brain-region framework)...
[2026-06-26 04:11:40][WARNING] SIM_BRIDGE: No trait info available; all synapses default to E->E STP type.
[2026-06-26 04:11:40][INFO] SIM_BRIDGE: inject_explicit_wiring: installed 720000 synapses across 1 populations.
[2026-06-26 04:11:40][INFO] SIM_BRIDGE: Initializing STP state for 720000 synapses (capacity: 1080000)...
[2026-06-26 04:11:40][INFO] SIM_BRIDGE: Initializing eligibility traces for 720000 synapses (capacity: 1080000, dtype: float32)...
[2026-06-26 04:11:40][WARNING] SIM_BRIDGE: No trait info available; all synapses default to E->E STP type.
[2026-06-26 04:11:40][INFO] SIM_BRIDGE: Initializing structural plasticity state...
[2026-06-26 04:11:40][INFO] SIM_BRIDGE: Simulation data initialized for 2700 neurons (3D). Synapses: 720000. GPU memory: 1.4GB/25.8GB (5.4%)
[2026-06-26 04:11:53][INFO] SIM_BRIDGE: CuPy using GPU: NVIDIA GeForce RTX 3090 (24.0 GB), mempool limit: 80%
[2026-06-26 04:11:53][INFO] SIM_BRIDGE: Initializing simulation data for model: IZHIKEVICH (3D)... (playback_init: False)
[2026-06-26 04:11:53][INFO] SIM_BRIDGE: RNG initialized with seed: 42
[2026-06-26 04:11:53][INFO] SIM_BRIDGE: Initializing Izhikevich model specifics for 126 neurons...
[2026-06-26 04:11:53][INFO] SIM_BRIDGE: Applying parameter heterogeneity to neuron parameters...
[2026-06-26 04:11:53][INFO] SIM_BRIDGE: Applied heterogeneity to 4 parameters.
[2026-06-26 04:11:53][INFO] SIM_BRIDGE: Initializing OU process state (tau=15.0ms, sigma=20.0pA)...
[2026-06-26 04:11:53][INFO] SIM_BRIDGE: Generating 3D neuron positions for 126 neurons...
[2026-06-26 04:11:53][INFO] SIM_BRIDGE: Generating connections (3D)...
[2026-06-26 04:11:53][INFO] SIM_BRIDGE: Simulation data initialized for 126 neurons (3D). Synapses: 0. GPU memory: 1.6GB/25.8GB (6.0%)
[2026-06-26 04:11:53][INFO] SIM_BRIDGE: inject_explicit_wiring: installed 720 synapses across 1 populations.
[2026-06-26 04:12:31][INFO] SIM_BRIDGE: CuPy using GPU: NVIDIA GeForce RTX 3090 (24.0 GB), mempool limit: 80%
[2026-06-26 04:12:31][INFO] SIM_BRIDGE: Initializing simulation data for model: IZHIKEVICH (3D)... (playback_init: False)
[2026-06-26 04:12:31][INFO] SIM_BRIDGE: RNG initialized with seed: 42
[2026-06-26 04:12:31][INFO] SIM_BRIDGE: Initializing Izhikevich model specifics for 224 neurons...
[2026-06-26 04:12:31][INFO] SIM_BRIDGE: Applying parameter heterogeneity to neuron parameters...
[2026-06-26 04:12:31][INFO] SIM_BRIDGE: Applied heterogeneity to 4 parameters.
[2026-06-26 04:12:31][INFO] SIM_BRIDGE: Initializing OU process state (tau=15.0ms, sigma=20.0pA)...
[2026-06-26 04:12:31][INFO] SIM_BRIDGE: Generating 3D neuron positions for 224 neurons...
[2026-06-26 04:12:31][INFO] SIM_BRIDGE: Generating connections (3D)...
[2026-06-26 04:12:31][INFO] SIM_BRIDGE: Simulation data initialized for 224 neurons (3D). Synapses: 0. GPU memory: 1.6GB/25.8GB (6.0%)
[2026-06-26 04:12:31][INFO] SIM_BRIDGE: inject_explicit_wiring: installed 4800 synapses across 1 populations.
[2026-06-26 04:13:29][INFO] SIM_BRIDGE: CuPy using GPU: NVIDIA GeForce RTX 3090 (24.0 GB), mempool limit: 80%
[2026-06-26 04:13:29][INFO] SIM_BRIDGE: Initializing simulation data for model: IZHIKEVICH (3D)... (playback_init: False)
[2026-06-26 04:13:29][INFO] SIM_BRIDGE: Brain-region framework: 2 regions, 2560 total neurons, 2 pathways.
[2026-06-26 04:13:29][INFO] SIM_BRIDGE: RNG initialized with seed: 42
[2026-06-26 04:13:29][INFO] SIM_BRIDGE: NMDA per-region mask: 2 regions enabled (2560 neurons)
[2026-06-26 04:13:29][INFO] SIM_BRIDGE: Initializing Izhikevich model specifics for 2560 neurons...
[2026-06-26 04:13:29][INFO] SIM_BRIDGE: Region 'cortex_ctx' (1280 neurons): using Izh type IZH2007_HIPPO_PYRAMIDAL
[2026-06-26 04:13:29][INFO] SIM_BRIDGE: Region 'dlpfc_wm' (1280 neurons): using Izh type IZH2007_HIPPO_PYRAMIDAL
[2026-06-26 04:13:29][INFO] SIM_BRIDGE: Applying parameter heterogeneity to neuron parameters...
[2026-06-26 04:13:29][INFO] SIM_BRIDGE: Applied heterogeneity to 4 parameters.
[2026-06-26 04:13:29][INFO] SIM_BRIDGE: Generating 3D neuron positions for 2560 neurons...
[2026-06-26 04:13:29][INFO] SIM_BRIDGE: Generating connections (brain-region framework)...
[2026-06-26 04:13:30][INFO] SIM_BRIDGE: inject_explicit_wiring: installed 491754 synapses across 4 populations.
[2026-06-26 04:13:30][INFO] SIM_BRIDGE: Initializing eligibility traces for 491754 synapses (capacity: 737631, dtype: float32)...
[2026-06-26 04:13:30][INFO] SIM_BRIDGE: Initializing STDP state for 2560 neurons...
[2026-06-26 04:13:30][INFO] SIM_BRIDGE: Simulation data initialized for 2560 neurons (3D). Synapses: 491754. GPU memory: 1.6GB/25.8GB (6.0%)
[2026-06-26 04:13:31][INFO] SIM_BRIDGE: CuPy using GPU: NVIDIA GeForce RTX 3090 (24.0 GB), mempool limit: 80%
[2026-06-26 04:13:31][INFO] SIM_BRIDGE: Initializing simulation data for model: IZHIKEVICH (3D)... (playback_init: False)
[2026-06-26 04:13:31][INFO] SIM_BRIDGE: RNG initialized with seed: 42
[2026-06-26 04:13:31][INFO] SIM_BRIDGE: Initializing Izhikevich model specifics for 256 neurons...
[2026-06-26 04:13:31][INFO] SIM_BRIDGE: Applying parameter heterogeneity to neuron parameters...
[2026-06-26 04:13:31][INFO] SIM_BRIDGE: Applied heterogeneity to 4 parameters.
[2026-06-26 04:13:31][INFO] SIM_BRIDGE: Initializing OU process state (tau=15.0ms, sigma=0.0pA)...
[2026-06-26 04:13:31][INFO] SIM_BRIDGE: Generating 3D neuron positions for 256 neurons...
[2026-06-26 04:13:31][INFO] SIM_BRIDGE: Generating connections (3D)...
[2026-06-26 04:13:31][INFO] SIM_BRIDGE: Simulation data initialized for 256 neurons (3D). Synapses: 0. GPU memory: 1.6GB/25.8GB (6.0%)
[2026-06-26 04:13:32][INFO] SIM_BRIDGE: CuPy using GPU: NVIDIA GeForce RTX 3090 (24.0 GB), mempool limit: 80%
[2026-06-26 04:13:32][INFO] SIM_BRIDGE: Initializing simulation data for model: IZHIKEVICH (3D)... (playback_init: False)
[2026-06-26 04:13:32][INFO] SIM_BRIDGE: RNG initialized with seed: 42
[2026-06-26 04:13:32][INFO] SIM_BRIDGE: Initializing Izhikevich model specifics for 640 neurons...
[2026-06-26 04:13:32][INFO] SIM_BRIDGE: Applying parameter heterogeneity to neuron parameters...
[2026-06-26 04:13:32][INFO] SIM_BRIDGE: Applied heterogeneity to 4 parameters.
[2026-06-26 04:13:32][INFO] SIM_BRIDGE: Initializing OU process state (tau=15.0ms, sigma=0.0pA)...
[2026-06-26 04:13:32][INFO] SIM_BRIDGE: Generating 3D neuron positions for 640 neurons...
[2026-06-26 04:13:32][INFO] SIM_BRIDGE: Generating connections (3D)...
[2026-06-26 04:13:32][INFO] SIM_BRIDGE: Simulation data initialized for 640 neurons (3D). Synapses: 0. GPU memory: 1.6GB/25.8GB (6.1%)
[2026-06-26 04:13:36][INFO] SIM_BRIDGE: CuPy using GPU: NVIDIA GeForce RTX 3090 (24.0 GB), mempool limit: 80%
[2026-06-26 04:13:36][INFO] SIM_BRIDGE: Initializing simulation data for model: IZHIKEVICH (3D)... (playback_init: False)
[2026-06-26 04:13:36][INFO] SIM_BRIDGE: RNG initialized with seed: 42
[2026-06-26 04:13:36][INFO] SIM_BRIDGE: Initializing Izhikevich model specifics for 768 neurons...
[2026-06-26 04:13:36][INFO] SIM_BRIDGE: Applying parameter heterogeneity to neuron parameters...
[2026-06-26 04:13:36][INFO] SIM_BRIDGE: Applied heterogeneity to 4 parameters.
[2026-06-26 04:13:36][INFO] SIM_BRIDGE: Initializing OU process state (tau=15.0ms, sigma=0.0pA)...
[2026-06-26 04:13:36][INFO] SIM_BRIDGE: Generating 3D neuron positions for 768 neurons...
[2026-06-26 04:13:36][INFO] SIM_BRIDGE: Generating connections (3D)...
[2026-06-26 04:13:36][INFO] SIM_BRIDGE: Simulation data initialized for 768 neurons (3D). Synapses: 0. GPU memory: 1.6GB/25.8GB (6.1%)
    [bundle] saved day-0 developed brain -> bridges/developed/month1\day_0 (3 facts, 25 codes)
  [day 0] vocab= 6 heard= 6 facts= 2 recall=1.00 heldout=- retain=- chain=- moat_fa=0 corr(M,C)=+0.91 tier=4 replay=1 win=2500 (117.5s wake=13.3s)
[2026-06-26 04:13:54][INFO] SIM_BRIDGE: CuPy using GPU: NVIDIA GeForce RTX 3090 (24.0 GB), mempool limit: 80%
[2026-06-26 04:13:54][INFO] SIM_BRIDGE: Initializing simulation data for model: IZHIKEVICH (3D)... (playback_init: False)
[2026-06-26 04:13:54][INFO] SIM_BRIDGE: RNG initialized with seed: 42
[2026-06-26 04:13:54][INFO] SIM_BRIDGE: Initializing Izhikevich model specifics for 126 neurons...
[2026-06-26 04:13:54][INFO] SIM_BRIDGE: Applying parameter heterogeneity to neuron parameters...
[2026-06-26 04:13:54][INFO] SIM_BRIDGE: Applied heterogeneity to 4 parameters.
[2026-06-26 04:13:54][INFO] SIM_BRIDGE: Initializing OU process state (tau=15.0ms, sigma=20.0pA)...
[2026-06-26 04:13:54][INFO] SIM_BRIDGE: Generating 3D neuron positions for 126 neurons...
[2026-06-26 04:13:54][INFO] SIM_BRIDGE: Generating connections (3D)...
[2026-06-26 04:13:54][INFO] SIM_BRIDGE: Simulation data initialized for 126 neurons (3D). Synapses: 0. GPU memory: 1.6GB/25.8GB (6.1%)
[2026-06-26 04:13:54][INFO] SIM_BRIDGE: inject_explicit_wiring: installed 720 synapses across 1 populations.
[2026-06-26 04:14:34][INFO] SIM_BRIDGE: CuPy using GPU: NVIDIA GeForce RTX 3090 (24.0 GB), mempool limit: 80%
[2026-06-26 04:14:34][INFO] SIM_BRIDGE: Initializing simulation data for model: IZHIKEVICH (3D)... (playback_init: False)
[2026-06-26 04:14:34][INFO] SIM_BRIDGE: RNG initialized with seed: 42
[2026-06-26 04:14:34][INFO] SIM_BRIDGE: Initializing Izhikevich model specifics for 224 neurons...
[2026-06-26 04:14:34][INFO] SIM_BRIDGE: Applying parameter heterogeneity to neuron parameters...
[2026-06-26 04:14:34][INFO] SIM_BRIDGE: Applied heterogeneity to 4 parameters.
[2026-06-26 04:14:34][INFO] SIM_BRIDGE: Initializing OU process state (tau=15.0ms, sigma=20.0pA)...
[2026-06-26 04:14:34][INFO] SIM_BRIDGE: Generating 3D neuron positions for 224 neurons...
[2026-06-26 04:14:34][INFO] SIM_BRIDGE: Generating connections (3D)...
[2026-06-26 04:14:34][INFO] SIM_BRIDGE: Simulation data initialized for 224 neurons (3D). Synapses: 0. GPU memory: 1.6GB/25.8GB (6.1%)
[2026-06-26 04:14:34][INFO] SIM_BRIDGE: inject_explicit_wiring: installed 4800 synapses across 1 populations.
[2026-06-26 04:15:29][INFO] SIM_BRIDGE: CuPy using GPU: NVIDIA GeForce RTX 3090 (24.0 GB), mempool limit: 80%
[2026-06-26 04:15:29][INFO] SIM_BRIDGE: Initializing simulation data for model: IZHIKEVICH (3D)... (playback_init: False)
[2026-06-26 04:15:29][INFO] SIM_BRIDGE: Brain-region framework: 2 regions, 2560 total neurons, 2 pathways.
[2026-06-26 04:15:29][INFO] SIM_BRIDGE: RNG initialized with seed: 42
[2026-06-26 04:15:29][INFO] SIM_BRIDGE: NMDA per-region mask: 2 regions enabled (2560 neurons)
[2026-06-26 04:15:29][INFO] SIM_BRIDGE: Initializing Izhikevich model specifics for 2560 neurons...
[2026-06-26 04:15:29][INFO] SIM_BRIDGE: Region 'cortex_ctx' (1280 neurons): using Izh type IZH2007_HIPPO_PYRAMIDAL
[2026-06-26 04:15:29][INFO] SIM_BRIDGE: Region 'dlpfc_wm' (1280 neurons): using Izh type IZH2007_HIPPO_PYRAMIDAL
[2026-06-26 04:15:29][INFO] SIM_BRIDGE: Applying parameter heterogeneity to neuron parameters...
[2026-06-26 04:15:29][INFO] SIM_BRIDGE: Applied heterogeneity to 4 parameters.
[2026-06-26 04:15:29][INFO] SIM_BRIDGE: Generating 3D neuron positions for 2560 neurons...
[2026-06-26 04:15:29][INFO] SIM_BRIDGE: Generating connections (brain-region framework)...
[2026-06-26 04:15:30][INFO] SIM_BRIDGE: inject_explicit_wiring: installed 491754 synapses across 4 populations.
[2026-06-26 04:15:30][INFO] SIM_BRIDGE: Initializing eligibility traces for 491754 synapses (capacity: 737631, dtype: float32)...
[2026-06-26 04:15:30][INFO] SIM_BRIDGE: Initializing STDP state for 2560 neurons...
[2026-06-26 04:15:30][INFO] SIM_BRIDGE: Simulation data initialized for 2560 neurons (3D). Synapses: 491754. GPU memory: 1.6GB/25.8GB (6.1%)
[2026-06-26 04:15:31][INFO] SIM_BRIDGE: CuPy using GPU: NVIDIA GeForce RTX 3090 (24.0 GB), mempool limit: 80%
[2026-06-26 04:15:31][INFO] SIM_BRIDGE: Initializing simulation data for model: IZHIKEVICH (3D)... (playback_init: False)
[2026-06-26 04:15:31][INFO] SIM_BRIDGE: RNG initialized with seed: 42
[2026-06-26 04:15:31][INFO] SIM_BRIDGE: Initializing Izhikevich model specifics for 256 neurons...
[2026-06-26 04:15:31][INFO] SIM_BRIDGE: Applying parameter heterogeneity to neuron parameters...
[2026-06-26 04:15:31][INFO] SIM_BRIDGE: Applied heterogeneity to 4 parameters.
[2026-06-26 04:15:31][INFO] SIM_BRIDGE: Initializing OU process state (tau=15.0ms, sigma=0.0pA)...
[2026-06-26 04:15:31][INFO] SIM_BRIDGE: Generating 3D neuron positions for 256 neurons...
[2026-06-26 04:15:31][INFO] SIM_BRIDGE: Generating connections (3D)...
[2026-06-26 04:15:31][INFO] SIM_BRIDGE: Simulation data initialized for 256 neurons (3D). Synapses: 0. GPU memory: 1.6GB/25.8GB (6.1%)
[2026-06-26 04:15:31][INFO] SIM_BRIDGE: CuPy using GPU: NVIDIA GeForce RTX 3090 (24.0 GB), mempool limit: 80%
[2026-06-26 04:15:31][INFO] SIM_BRIDGE: Initializing simulation data for model: IZHIKEVICH (3D)... (playback_init: False)
[2026-06-26 04:15:31][INFO] SIM_BRIDGE: RNG initialized with seed: 42
[2026-06-26 04:15:31][INFO] SIM_BRIDGE: Initializing Izhikevich model specifics for 640 neurons...
[2026-06-26 04:15:31][INFO] SIM_BRIDGE: Applying parameter heterogeneity to neuron parameters...
[2026-06-26 04:15:31][INFO] SIM_BRIDGE: Applied heterogeneity to 4 parameters.
[2026-06-26 04:15:31][INFO] SIM_BRIDGE: Initializing OU process state (tau=15.0ms, sigma=0.0pA)...
[2026-06-26 04:15:31][INFO] SIM_BRIDGE: Generating 3D neuron positions for 640 neurons...
[2026-06-26 04:15:31][INFO] SIM_BRIDGE: Generating connections (3D)...
[2026-06-26 04:15:31][INFO] SIM_BRIDGE: Simulation data initialized for 640 neurons (3D). Synapses: 0. GPU memory: 1.6GB/25.8GB (6.1%)
[2026-06-26 04:15:39][INFO] SIM_BRIDGE: CuPy using GPU: NVIDIA GeForce RTX 3090 (24.0 GB), mempool limit: 80%
[2026-06-26 04:15:39][INFO] SIM_BRIDGE: Initializing simulation data for model: IZHIKEVICH (3D)... (playback_init: False)
[2026-06-26 04:15:39][INFO] SIM_BRIDGE: RNG initialized with seed: 42
[2026-06-26 04:15:39][INFO] SIM_BRIDGE: Initializing Izhikevich model specifics for 1792 neurons...
[2026-06-26 04:15:39][INFO] SIM_BRIDGE: Applying parameter heterogeneity to neuron parameters...
[2026-06-26 04:15:39][INFO] SIM_BRIDGE: Applied heterogeneity to 4 parameters.
[2026-06-26 04:15:39][INFO] SIM_BRIDGE: Initializing OU process state (tau=15.0ms, sigma=0.0pA)...
[2026-06-26 04:15:39][INFO] SIM_BRIDGE: Generating 3D neuron positions for 1792 neurons...
[2026-06-26 04:15:39][INFO] SIM_BRIDGE: Generating connections (3D)...
[2026-06-26 04:15:39][INFO] SIM_BRIDGE: Simulation data initialized for 1792 neurons (3D). Synapses: 0. GPU memory: 1.6GB/25.8GB (6.1%)
    [bundle] saved day-1 developed brain -> bridges/developed/month1\day_1 (7 facts, 25 codes)
  [day 1] vocab=12 heard=12 facts= 5 recall=1.00 heldout=1.00 retain=1.00 chain=- moat_fa=0 corr(M,C)=+0.90 tier=4 replay=2 win=2500 (124.3s wake=17.1s)
[2026-06-26 04:15:55][INFO] SIM_BRIDGE: CuPy using GPU: NVIDIA GeForce RTX 3090 (24.0 GB), mempool limit: 80%
[2026-06-26 04:15:55][INFO] SIM_BRIDGE: Initializing simulation data for model: IZHIKEVICH (3D)... (playback_init: False)
[2026-06-26 04:15:55][INFO] SIM_BRIDGE: RNG initialized with seed: 42
[2026-06-26 04:15:55][INFO] SIM_BRIDGE: Initializing Izhikevich model specifics for 126 neurons...
[2026-06-26 04:15:55][INFO] SIM_BRIDGE: Applying parameter heterogeneity to neuron parameters...
[2026-06-26 04:15:55][INFO] SIM_BRIDGE: Applied heterogeneity to 4 parameters.
[2026-06-26 04:15:55][INFO] SIM_BRIDGE: Initializing OU process state (tau=15.0ms, sigma=20.0pA)...
[2026-06-26 04:15:55][INFO] SIM_BRIDGE: Generating 3D neuron positions for 126 neurons...
[2026-06-26 04:15:55][INFO] SIM_BRIDGE: Generating connections (3D)...
[2026-06-26 04:15:55][INFO] SIM_BRIDGE: Simulation data initialized for 126 neurons (3D). Synapses: 0. GPU memory: 1.6GB/25.8GB (6.1%)
[2026-06-26 04:15:55][INFO] SIM_BRIDGE: inject_explicit_wiring: installed 720 synapses across 1 populations.
[2026-06-26 04:16:32][INFO] SIM_BRIDGE: CuPy using GPU: NVIDIA GeForce RTX 3090 (24.0 GB), mempool limit: 80%
[2026-06-26 04:16:32][INFO] SIM_BRIDGE: Initializing simulation data for model: IZHIKEVICH (3D)... (playback_init: False)
[2026-06-26 04:16:32][INFO] SIM_BRIDGE: RNG initialized with seed: 42
[2026-06-26 04:16:32][INFO] SIM_BRIDGE: Initializing Izhikevich model specifics for 224 neurons...
[2026-06-26 04:16:32][INFO] SIM_BRIDGE: Applying parameter heterogeneity to neuron parameters...
[2026-06-26 04:16:32][INFO] SIM_BRIDGE: Applied heterogeneity to 4 parameters.
[2026-06-26 04:16:32][INFO] SIM_BRIDGE: Initializing OU process state (tau=15.0ms, sigma=20.0pA)...
[2026-06-26 04:16:32][INFO] SIM_BRIDGE: Generating 3D neuron positions for 224 neurons...
[2026-06-26 04:16:32][INFO] SIM_BRIDGE: Generating connections (3D)...
[2026-06-26 04:16:32][INFO] SIM_BRIDGE: Simulation data initialized for 224 neurons (3D). Synapses: 0. GPU memory: 1.6GB/25.8GB (6.1%)
[2026-06-26 04:16:32][INFO] SIM_BRIDGE: inject_explicit_wiring: installed 4800 synapses across 1 populations.
[2026-06-26 04:17:26][INFO] SIM_BRIDGE: CuPy using GPU: NVIDIA GeForce RTX 3090 (24.0 GB), mempool limit: 80%
[2026-06-26 04:17:26][INFO] SIM_BRIDGE: Initializing simulation data for model: IZHIKEVICH (3D)... (playback_init: False)
[2026-06-26 04:17:26][INFO] SIM_BRIDGE: Brain-region framework: 2 regions, 2560 total neurons, 2 pathways.
[2026-06-26 04:17:26][INFO] SIM_BRIDGE: RNG initialized with seed: 42
[2026-06-26 04:17:26][INFO] SIM_BRIDGE: NMDA per-region mask: 2 regions enabled (2560 neurons)
[2026-06-26 04:17:26][INFO] SIM_BRIDGE: Initializing Izhikevich model specifics for 2560 neurons...
[2026-06-26 04:17:26][INFO] SIM_BRIDGE: Region 'cortex_ctx' (1280 neurons): using Izh type IZH2007_HIPPO_PYRAMIDAL
[2026-06-26 04:17:26][INFO] SIM_BRIDGE: Region 'dlpfc_wm' (1280 neurons): using Izh type IZH2007_HIPPO_PYRAMIDAL
[2026-06-26 04:17:26][INFO] SIM_BRIDGE: Applying parameter heterogeneity to neuron parameters...
[2026-06-26 04:17:26][INFO] SIM_BRIDGE: Applied heterogeneity to 4 parameters.
[2026-06-26 04:17:26][INFO] SIM_BRIDGE: Generating 3D neuron positions for 2560 neurons...
[2026-06-26 04:17:26][INFO] SIM_BRIDGE: Generating connections (brain-region framework)...
[2026-06-26 04:17:27][INFO] SIM_BRIDGE: inject_explicit_wiring: installed 491754 synapses across 4 populations.
[2026-06-26 04:17:27][INFO] SIM_BRIDGE: Initializing eligibility traces for 491754 synapses (capacity: 737631, dtype: float32)...
[2026-06-26 04:17:27][INFO] SIM_BRIDGE: Initializing STDP state for 2560 neurons...
[2026-06-26 04:17:27][INFO] SIM_BRIDGE: Simulation data initialized for 2560 neurons (3D). Synapses: 491754. GPU memory: 1.6GB/25.8GB (6.1%)
[2026-06-26 04:17:28][INFO] SIM_BRIDGE: CuPy using GPU: NVIDIA GeForce RTX 3090 (24.0 GB), mempool limit: 80%
[2026-06-26 04:17:28][INFO] SIM_BRIDGE: Initializing simulation data for model: IZHIKEVICH (3D)... (playback_init: False)
[2026-06-26 04:17:28][INFO] SIM_BRIDGE: RNG initialized with seed: 42
[2026-06-26 04:17:28][INFO] SIM_BRIDGE: Initializing Izhikevich model specifics for 256 neurons...
[2026-06-26 04:17:28][INFO] SIM_BRIDGE: Applying parameter heterogeneity to neuron parameters...
[2026-06-26 04:17:28][INFO] SIM_BRIDGE: Applied heterogeneity to 4 parameters.
[2026-06-26 04:17:28][INFO] SIM_BRIDGE: Initializing OU process state (tau=15.0ms, sigma=0.0pA)...
[2026-06-26 04:17:28][INFO] SIM_BRIDGE: Generating 3D neuron positions for 256 neurons...
[2026-06-26 04:17:28][INFO] SIM_BRIDGE: Generating connections (3D)...
[2026-06-26 04:17:28][INFO] SIM_BRIDGE: Simulation data initialized for 256 neurons (3D). Synapses: 0. GPU memory: 1.6GB/25.8GB (6.1%)
[2026-06-26 04:17:29][INFO] SIM_BRIDGE: CuPy using GPU: NVIDIA GeForce RTX 3090 (24.0 GB), mempool limit: 80%
[2026-06-26 04:17:29][INFO] SIM_BRIDGE: Initializing simulation data for model: IZHIKEVICH (3D)... (playback_init: False)
[2026-06-26 04:17:29][INFO] SIM_BRIDGE: RNG initialized with seed: 42
[2026-06-26 04:17:29][INFO] SIM_BRIDGE: Initializing Izhikevich model specifics for 640 neurons...
[2026-06-26 04:17:29][INFO] SIM_BRIDGE: Applying parameter heterogeneity to neuron parameters...
[2026-06-26 04:17:29][INFO] SIM_BRIDGE: Applied heterogeneity to 4 parameters.
[2026-06-26 04:17:29][INFO] SIM_BRIDGE: Initializing OU process state (tau=15.0ms, sigma=0.0pA)...
[2026-06-26 04:17:29][INFO] SIM_BRIDGE: Generating 3D neuron positions for 640 neurons...
[2026-06-26 04:17:29][INFO] SIM_BRIDGE: Generating connections (3D)...
[2026-06-26 04:17:29][INFO] SIM_BRIDGE: Simulation data initialized for 640 neurons (3D). Synapses: 0. GPU memory: 1.6GB/25.8GB (6.1%)
[2026-06-26 04:17:43][INFO] SIM_BRIDGE: CuPy using GPU: NVIDIA GeForce RTX 3090 (24.0 GB), mempool limit: 80%
[2026-06-26 04:17:43][INFO] SIM_BRIDGE: Initializing simulation data for model: IZHIKEVICH (3D)... (playback_init: False)
[2026-06-26 04:17:43][INFO] SIM_BRIDGE: RNG initialized with seed: 42
[2026-06-26 04:17:43][INFO] SIM_BRIDGE: Initializing Izhikevich model specifics for 3072 neurons...
[2026-06-26 04:17:43][INFO] SIM_BRIDGE: Applying parameter heterogeneity to neuron parameters...
[2026-06-26 04:17:43][INFO] SIM_BRIDGE: Applied heterogeneity to 4 parameters.
[2026-06-26 04:17:43][INFO] SIM_BRIDGE: Initializing OU process state (tau=15.0ms, sigma=0.0pA)...
[2026-06-26 04:17:43][INFO] SIM_BRIDGE: Generating 3D neuron positions for 3072 neurons...
[2026-06-26 04:17:43][INFO] SIM_BRIDGE: Generating connections (3D)...
[2026-06-26 04:17:43][INFO] SIM_BRIDGE: Simulation data initialized for 3072 neurons (3D). Synapses: 0. GPU memory: 1.6GB/25.8GB (6.1%)
    [growth] mastered tier 4 -> promoted to 8
    [bundle] saved day-2 developed brain -> bridges/developed/month1\day_2 (12 facts, 25 codes)
  [day 2] vocab=18 heard=18 facts= 8 recall=1.00 heldout=1.00 retain=1.00 chain=1.00 moat_fa=0 corr(M,C)=+0.89 tier=8 replay=4 win=2500 (124.8s wake=13.4s)
[2026-06-26 04:18:00][INFO] SIM_BRIDGE: CuPy using GPU: NVIDIA GeForce RTX 3090 (24.0 GB), mempool limit: 80%
[2026-06-26 04:18:00][INFO] SIM_BRIDGE: Initializing simulation data for model: IZHIKEVICH (3D)... (playback_init: False)
[2026-06-26 04:18:00][INFO] SIM_BRIDGE: RNG initialized with seed: 42
[2026-06-26 04:18:00][INFO] SIM_BRIDGE: Initializing Izhikevich model specifics for 126 neurons...
[2026-06-26 04:18:00][INFO] SIM_BRIDGE: Applying parameter heterogeneity to neuron parameters...
[2026-06-26 04:18:00][INFO] SIM_BRIDGE: Applied heterogeneity to 4 parameters.
[2026-06-26 04:18:00][INFO] SIM_BRIDGE: Initializing OU process state (tau=15.0ms, sigma=20.0pA)...
[2026-06-26 04:18:00][INFO] SIM_BRIDGE: Generating 3D neuron positions for 126 neurons...
[2026-06-26 04:18:00][INFO] SIM_BRIDGE: Generating connections (3D)...
[2026-06-26 04:18:00][INFO] SIM_BRIDGE: Simulation data initialized for 126 neurons (3D). Synapses: 0. GPU memory: 1.6GB/25.8GB (6.1%)
[2026-06-26 04:18:00][INFO] SIM_BRIDGE: inject_explicit_wiring: installed 720 synapses across 1 populations.
[2026-06-26 04:18:37][INFO] SIM_BRIDGE: CuPy using GPU: NVIDIA GeForce RTX 3090 (24.0 GB), mempool limit: 80%
[2026-06-26 04:18:37][INFO] SIM_BRIDGE: Initializing simulation data for model: IZHIKEVICH (3D)... (playback_init: False)
[2026-06-26 04:18:37][INFO] SIM_BRIDGE: RNG initialized with seed: 42
[2026-06-26 04:18:37][INFO] SIM_BRIDGE: Initializing Izhikevich model specifics for 224 neurons...
[2026-06-26 04:18:37][INFO] SIM_BRIDGE: Applying parameter heterogeneity to neuron parameters...
[2026-06-26 04:18:37][INFO] SIM_BRIDGE: Applied heterogeneity to 4 parameters.
[2026-06-26 04:18:37][INFO] SIM_BRIDGE: Initializing OU process state (tau=15.0ms, sigma=20.0pA)...
[2026-06-26 04:18:37][INFO] SIM_BRIDGE: Generating 3D neuron positions for 224 neurons...
[2026-06-26 04:18:37][INFO] SIM_BRIDGE: Generating connections (3D)...
[2026-06-26 04:18:37][INFO] SIM_BRIDGE: Simulation data initialized for 224 neurons (3D). Synapses: 0. GPU memory: 1.6GB/25.8GB (6.1%)
[2026-06-26 04:18:37][INFO] SIM_BRIDGE: inject_explicit_wiring: installed 4800 synapses across 1 populations.
[2026-06-26 04:19:31][INFO] SIM_BRIDGE: CuPy using GPU: NVIDIA GeForce RTX 3090 (24.0 GB), mempool limit: 80%
[2026-06-26 04:19:31][INFO] SIM_BRIDGE: Initializing simulation data for model: IZHIKEVICH (3D)... (playback_init: False)
[2026-06-26 04:19:31][INFO] SIM_BRIDGE: Brain-region framework: 2 regions, 2560 total neurons, 2 pathways.
[2026-06-26 04:19:31][INFO] SIM_BRIDGE: RNG initialized with seed: 42
[2026-06-26 04:19:31][INFO] SIM_BRIDGE: NMDA per-region mask: 2 regions enabled (2560 neurons)
[2026-06-26 04:19:31][INFO] SIM_BRIDGE: Initializing Izhikevich model specifics for 2560 neurons...
[2026-06-26 04:19:31][INFO] SIM_BRIDGE: Region 'cortex_ctx' (1280 neurons): using Izh type IZH2007_HIPPO_PYRAMIDAL
[2026-06-26 04:19:31][INFO] SIM_BRIDGE: Region 'dlpfc_wm' (1280 neurons): using Izh type IZH2007_HIPPO_PYRAMIDAL
[2026-06-26 04:19:31][INFO] SIM_BRIDGE: Applying parameter heterogeneity to neuron parameters...
[2026-06-26 04:19:31][INFO] SIM_BRIDGE: Applied heterogeneity to 4 parameters.
[2026-06-26 04:19:31][INFO] SIM_BRIDGE: Generating 3D neuron positions for 2560 neurons...
[2026-06-26 04:19:31][INFO] SIM_BRIDGE: Generating connections (brain-region framework)...
[2026-06-26 04:19:32][INFO] SIM_BRIDGE: inject_explicit_wiring: installed 491754 synapses across 4 populations.
[2026-06-26 04:19:32][INFO] SIM_BRIDGE: Initializing eligibility traces for 491754 synapses (capacity: 737631, dtype: float32)...
[2026-06-26 04:19:32][INFO] SIM_BRIDGE: Initializing STDP state for 2560 neurons...
[2026-06-26 04:19:32][INFO] SIM_BRIDGE: Simulation data initialized for 2560 neurons (3D). Synapses: 491754. GPU memory: 1.6GB/25.8GB (6.1%)
[2026-06-26 04:19:33][INFO] SIM_BRIDGE: CuPy using GPU: NVIDIA GeForce RTX 3090 (24.0 GB), mempool limit: 80%
[2026-06-26 04:19:33][INFO] SIM_BRIDGE: Initializing simulation data for model: IZHIKEVICH (3D)... (playback_init: False)
[2026-06-26 04:19:33][INFO] SIM_BRIDGE: RNG initialized with seed: 42
[2026-06-26 04:19:33][INFO] SIM_BRIDGE: Initializing Izhikevich model specifics for 256 neurons...
[2026-06-26 04:19:33][INFO] SIM_BRIDGE: Applying parameter heterogeneity to neuron parameters...
[2026-06-26 04:19:33][INFO] SIM_BRIDGE: Applied heterogeneity to 4 parameters.
[2026-06-26 04:19:33][INFO] SIM_BRIDGE: Initializing OU process state (tau=15.0ms, sigma=0.0pA)...
[2026-06-26 04:19:33][INFO] SIM_BRIDGE: Generating 3D neuron positions for 256 neurons...
[2026-06-26 04:19:33][INFO] SIM_BRIDGE: Generating connections (3D)...
[2026-06-26 04:19:33][INFO] SIM_BRIDGE: Simulation data initialized for 256 neurons (3D). Synapses: 0. GPU memory: 1.6GB/25.8GB (6.1%)
[2026-06-26 04:19:34][INFO] SIM_BRIDGE: CuPy using GPU: NVIDIA GeForce RTX 3090 (24.0 GB), mempool limit: 80%
[2026-06-26 04:19:34][INFO] SIM_BRIDGE: Initializing simulation data for model: IZHIKEVICH (3D)... (playback_init: False)
[2026-06-26 04:19:34][INFO] SIM_BRIDGE: RNG initialized with seed: 42
[2026-06-26 04:19:34][INFO] SIM_BRIDGE: Initializing Izhikevich model specifics for 640 neurons...
[2026-06-26 04:19:34][INFO] SIM_BRIDGE: Applying parameter heterogeneity to neuron parameters...
[2026-06-26 04:19:34][INFO] SIM_BRIDGE: Applied heterogeneity to 4 parameters.
[2026-06-26 04:19:34][INFO] SIM_BRIDGE: Initializing OU process state (tau=15.0ms, sigma=0.0pA)...
[2026-06-26 04:19:34][INFO] SIM_BRIDGE: Generating 3D neuron positions for 640 neurons...
[2026-06-26 04:19:34][INFO] SIM_BRIDGE: Generating connections (3D)...
[2026-06-26 04:19:34][INFO] SIM_BRIDGE: Simulation data initialized for 640 neurons (3D). Synapses: 0. GPU memory: 1.6GB/25.8GB (6.1%)
[2026-06-26 04:19:59][INFO] SIM_BRIDGE: CuPy using GPU: NVIDIA GeForce RTX 3090 (24.0 GB), mempool limit: 80%
[2026-06-26 04:19:59][INFO] SIM_BRIDGE: Initializing simulation data for model: IZHIKEVICH (3D)... (playback_init: False)
[2026-06-26 04:19:59][INFO] SIM_BRIDGE: RNG initialized with seed: 42
[2026-06-26 04:19:59][INFO] SIM_BRIDGE: Initializing Izhikevich model specifics for 4096 neurons...
[2026-06-26 04:19:59][INFO] SIM_BRIDGE: Applying parameter heterogeneity to neuron parameters...
[2026-06-26 04:19:59][INFO] SIM_BRIDGE: Applied heterogeneity to 4 parameters.
[2026-06-26 04:19:59][INFO] SIM_BRIDGE: Initializing OU process state (tau=15.0ms, sigma=0.0pA)...
[2026-06-26 04:19:59][INFO] SIM_BRIDGE: Generating 3D neuron positions for 4096 neurons...
[2026-06-26 04:19:59][INFO] SIM_BRIDGE: Generating connections (3D)...
[2026-06-26 04:19:59][INFO] SIM_BRIDGE: Simulation data initialized for 4096 neurons (3D). Synapses: 0. GPU memory: 1.6GB/25.8GB (6.1%)
    [bundle] saved day-3 developed brain -> bridges/developed/month1\day_3 (16 facts, 25 codes)
  [day 3] vocab=24 heard=24 facts=11 recall=1.00 heldout=0.00 retain=1.00 chain=- moat_fa=0 corr(M,C)=+0.88 tier=8 replay=5 win=2500 (135.1s wake=13.3s)
[2026-06-26 04:20:17][INFO] SIM_BRIDGE: CuPy using GPU: NVIDIA GeForce RTX 3090 (24.0 GB), mempool limit: 80%
[2026-06-26 04:20:17][INFO] SIM_BRIDGE: Initializing simulation data for model: IZHIKEVICH (3D)... (playback_init: False)
[2026-06-26 04:20:17][INFO] SIM_BRIDGE: RNG initialized with seed: 42
[2026-06-26 04:20:17][INFO] SIM_BRIDGE: Initializing Izhikevich model specifics for 126 neurons...
[2026-06-26 04:20:17][INFO] SIM_BRIDGE: Applying parameter heterogeneity to neuron parameters...
[2026-06-26 04:20:17][INFO] SIM_BRIDGE: Applied heterogeneity to 4 parameters.
[2026-06-26 04:20:17][INFO] SIM_BRIDGE: Initializing OU process state (tau=15.0ms, sigma=20.0pA)...
[2026-06-26 04:20:17][INFO] SIM_BRIDGE: Generating 3D neuron positions for 126 neurons...
[2026-06-26 04:20:17][INFO] SIM_BRIDGE: Generating connections (3D)...
[2026-06-26 04:20:17][INFO] SIM_BRIDGE: Simulation data initialized for 126 neurons (3D). Synapses: 0. GPU memory: 1.6GB/25.8GB (6.1%)
[2026-06-26 04:20:17][INFO] SIM_BRIDGE: inject_explicit_wiring: installed 720 synapses across 1 populations.
[2026-06-26 04:20:54][INFO] SIM_BRIDGE: CuPy using GPU: NVIDIA GeForce RTX 3090 (24.0 GB), mempool limit: 80%
[2026-06-26 04:20:54][INFO] SIM_BRIDGE: Initializing simulation data for model: IZHIKEVICH (3D)... (playback_init: False)
[2026-06-26 04:20:54][INFO] SIM_BRIDGE: RNG initialized with seed: 42
[2026-06-26 04:20:54][INFO] SIM_BRIDGE: Initializing Izhikevich model specifics for 224 neurons...
[2026-06-26 04:20:54][INFO] SIM_BRIDGE: Applying parameter heterogeneity to neuron parameters...
[2026-06-26 04:20:54][INFO] SIM_BRIDGE: Applied heterogeneity to 4 parameters.
[2026-06-26 04:20:54][INFO] SIM_BRIDGE: Initializing OU process state (tau=15.0ms, sigma=20.0pA)...
[2026-06-26 04:20:54][INFO] SIM_BRIDGE: Generating 3D neuron positions for 224 neurons...
[2026-06-26 04:20:54][INFO] SIM_BRIDGE: Generating connections (3D)...
[2026-06-26 04:20:54][INFO] SIM_BRIDGE: Simulation data initialized for 224 neurons (3D). Synapses: 0. GPU memory: 1.6GB/25.8GB (6.1%)
[2026-06-26 04:20:54][INFO] SIM_BRIDGE: inject_explicit_wiring: installed 4800 synapses across 1 populations.
[2026-06-26 04:21:49][INFO] SIM_BRIDGE: CuPy using GPU: NVIDIA GeForce RTX 3090 (24.0 GB), mempool limit: 80%
[2026-06-26 04:21:49][INFO] SIM_BRIDGE: Initializing simulation data for model: IZHIKEVICH (3D)... (playback_init: False)
[2026-06-26 04:21:49][INFO] SIM_BRIDGE: Brain-region framework: 2 regions, 2560 total neurons, 2 pathways.
[2026-06-26 04:21:49][INFO] SIM_BRIDGE: RNG initialized with seed: 42
[2026-06-26 04:21:49][INFO] SIM_BRIDGE: NMDA per-region mask: 2 regions enabled (2560 neurons)
[2026-06-26 04:21:49][INFO] SIM_BRIDGE: Initializing Izhikevich model specifics for 2560 neurons...
[2026-06-26 04:21:49][INFO] SIM_BRIDGE: Region 'cortex_ctx' (1280 neurons): using Izh type IZH2007_HIPPO_PYRAMIDAL
[2026-06-26 04:21:49][INFO] SIM_BRIDGE: Region 'dlpfc_wm' (1280 neurons): using Izh type IZH2007_HIPPO_PYRAMIDAL
[2026-06-26 04:21:49][INFO] SIM_BRIDGE: Applying parameter heterogeneity to neuron parameters...
[2026-06-26 04:21:49][INFO] SIM_BRIDGE: Applied heterogeneity to 4 parameters.
[2026-06-26 04:21:49][INFO] SIM_BRIDGE: Generating 3D neuron positions for 2560 neurons...
[2026-06-26 04:21:49][INFO] SIM_BRIDGE: Generating connections (brain-region framework)...
[2026-06-26 04:21:49][INFO] SIM_BRIDGE: inject_explicit_wiring: installed 491754 synapses across 4 populations.
[2026-06-26 04:21:49][INFO] SIM_BRIDGE: Initializing eligibility traces for 491754 synapses (capacity: 737631, dtype: float32)...
[2026-06-26 04:21:49][INFO] SIM_BRIDGE: Initializing STDP state for 2560 neurons...
[2026-06-26 04:21:49][INFO] SIM_BRIDGE: Simulation data initialized for 2560 neurons (3D). Synapses: 491754. GPU memory: 1.6GB/25.8GB (6.1%)
[2026-06-26 04:21:50][INFO] SIM_BRIDGE: CuPy using GPU: NVIDIA GeForce RTX 3090 (24.0 GB), mempool limit: 80%
[2026-06-26 04:21:50][INFO] SIM_BRIDGE: Initializing simulation data for model: IZHIKEVICH (3D)... (playback_init: False)
[2026-06-26 04:21:50][INFO] SIM_BRIDGE: RNG initialized with seed: 42
[2026-06-26 04:21:50][INFO] SIM_BRIDGE: Initializing Izhikevich model specifics for 256 neurons...
[2026-06-26 04:21:50][INFO] SIM_BRIDGE: Applying parameter heterogeneity to neuron parameters...
[2026-06-26 04:21:50][INFO] SIM_BRIDGE: Applied heterogeneity to 4 parameters.
[2026-06-26 04:21:50][INFO] SIM_BRIDGE: Initializing OU process state (tau=15.0ms, sigma=0.0pA)...
[2026-06-26 04:21:50][INFO] SIM_BRIDGE: Generating 3D neuron positions for 256 neurons...
[2026-06-26 04:21:50][INFO] SIM_BRIDGE: Generating connections (3D)...
[2026-06-26 04:21:50][INFO] SIM_BRIDGE: Simulation data initialized for 256 neurons (3D). Synapses: 0. GPU memory: 1.6GB/25.8GB (6.1%)
[2026-06-26 04:21:51][INFO] SIM_BRIDGE: CuPy using GPU: NVIDIA GeForce RTX 3090 (24.0 GB), mempool limit: 80%
[2026-06-26 04:21:51][INFO] SIM_BRIDGE: Initializing simulation data for model: IZHIKEVICH (3D)... (playback_init: False)
[2026-06-26 04:21:51][INFO] SIM_BRIDGE: RNG initialized with seed: 42
[2026-06-26 04:21:51][INFO] SIM_BRIDGE: Initializing Izhikevich model specifics for 640 neurons...
[2026-06-26 04:21:51][INFO] SIM_BRIDGE: Applying parameter heterogeneity to neuron parameters...
[2026-06-26 04:21:51][INFO] SIM_BRIDGE: Applied heterogeneity to 4 parameters.
[2026-06-26 04:21:51][INFO] SIM_BRIDGE: Initializing OU process state (tau=15.0ms, sigma=0.0pA)...
[2026-06-26 04:21:51][INFO] SIM_BRIDGE: Generating 3D neuron positions for 640 neurons...
[2026-06-26 04:21:51][INFO] SIM_BRIDGE: Generating connections (3D)...
[2026-06-26 04:21:51][INFO] SIM_BRIDGE: Simulation data initialized for 640 neurons (3D). Synapses: 0. GPU memory: 1.6GB/25.8GB (6.1%)
[2026-06-26 04:22:13][INFO] SIM_BRIDGE: CuPy using GPU: NVIDIA GeForce RTX 3090 (24.0 GB), mempool limit: 80%
[2026-06-26 04:22:13][INFO] SIM_BRIDGE: Initializing simulation data for model: IZHIKEVICH (3D)... (playback_init: False)
[2026-06-26 04:22:13][INFO] SIM_BRIDGE: RNG initialized with seed: 42
[2026-06-26 04:22:13][INFO] SIM_BRIDGE: Initializing Izhikevich model specifics for 4608 neurons...
[2026-06-26 04:22:13][INFO] SIM_BRIDGE: Applying parameter heterogeneity to neuron parameters...
[2026-06-26 04:22:13][INFO] SIM_BRIDGE: Applied heterogeneity to 4 parameters.
[2026-06-26 04:22:13][INFO] SIM_BRIDGE: Initializing OU process state (tau=15.0ms, sigma=0.0pA)...
[2026-06-26 04:22:13][INFO] SIM_BRIDGE: Generating 3D neuron positions for 4608 neurons...
[2026-06-26 04:22:13][INFO] SIM_BRIDGE: Generating connections (3D)...
[2026-06-26 04:22:13][INFO] SIM_BRIDGE: Simulation data initialized for 4608 neurons (3D). Synapses: 0. GPU memory: 1.6GB/25.8GB (6.1%)
    [bundle] saved day-4 developed brain -> bridges/developed/month1\day_4 (18 facts, 25 codes)
  [day 4] vocab=24 heard=24 facts=11 recall=1.00 heldout=- retain=- chain=- moat_fa=0 corr(M,C)=+0.88 tier=8 replay=5 win=2500 (132.7s wake=15.1s)
[2026-06-26 04:22:28][INFO] SIM_BRIDGE: CuPy using GPU: NVIDIA GeForce RTX 3090 (24.0 GB), mempool limit: 80%
[2026-06-26 04:22:28][INFO] SIM_BRIDGE: Initializing simulation data for model: IZHIKEVICH (3D)... (playback_init: False)
[2026-06-26 04:22:28][INFO] SIM_BRIDGE: RNG initialized with seed: 42
[2026-06-26 04:22:28][INFO] SIM_BRIDGE: Initializing Izhikevich model specifics for 126 neurons...
[2026-06-26 04:22:28][INFO] SIM_BRIDGE: Applying parameter heterogeneity to neuron parameters...
[2026-06-26 04:22:28][INFO] SIM_BRIDGE: Applied heterogeneity to 4 parameters.
[2026-06-26 04:22:28][INFO] SIM_BRIDGE: Initializing OU process state (tau=15.0ms, sigma=20.0pA)...
[2026-06-26 04:22:28][INFO] SIM_BRIDGE: Generating 3D neuron positions for 126 neurons...
[2026-06-26 04:22:28][INFO] SIM_BRIDGE: Generating connections (3D)...
[2026-06-26 04:22:28][INFO] SIM_BRIDGE: Simulation data initialized for 126 neurons (3D). Synapses: 0. GPU memory: 1.6GB/25.8GB (6.1%)
[2026-06-26 04:22:28][INFO] SIM_BRIDGE: inject_explicit_wiring: installed 720 synapses across 1 populations.
[2026-06-26 04:23:05][INFO] SIM_BRIDGE: CuPy using GPU: NVIDIA GeForce RTX 3090 (24.0 GB), mempool limit: 80%
[2026-06-26 04:23:05][INFO] SIM_BRIDGE: Initializing simulation data for model: IZHIKEVICH (3D)... (playback_init: False)
[2026-06-26 04:23:05][INFO] SIM_BRIDGE: RNG initialized with seed: 42
[2026-06-26 04:23:05][INFO] SIM_BRIDGE: Initializing Izhikevich model specifics for 224 neurons...
[2026-06-26 04:23:05][INFO] SIM_BRIDGE: Applying parameter heterogeneity to neuron parameters...
[2026-06-26 04:23:05][INFO] SIM_BRIDGE: Applied heterogeneity to 4 parameters.
[2026-06-26 04:23:05][INFO] SIM_BRIDGE: Initializing OU process state (tau=15.0ms, sigma=20.0pA)...
[2026-06-26 04:23:05][INFO] SIM_BRIDGE: Generating 3D neuron positions for 224 neurons...
[2026-06-26 04:23:05][INFO] SIM_BRIDGE: Generating connections (3D)...
[2026-06-26 04:23:05][INFO] SIM_BRIDGE: Simulation data initialized for 224 neurons (3D). Synapses: 0. GPU memory: 1.6GB/25.8GB (6.1%)
[2026-06-26 04:23:05][INFO] SIM_BRIDGE: inject_explicit_wiring: installed 4800 synapses across 1 populations.
[2026-06-26 04:24:01][INFO] SIM_BRIDGE: CuPy using GPU: NVIDIA GeForce RTX 3090 (24.0 GB), mempool limit: 80%
[2026-06-26 04:24:01][INFO] SIM_BRIDGE: Initializing simulation data for model: IZHIKEVICH (3D)... (playback_init: False)
[2026-06-26 04:24:01][INFO] SIM_BRIDGE: Brain-region framework: 2 regions, 2560 total neurons, 2 pathways.
[2026-06-26 04:24:01][INFO] SIM_BRIDGE: RNG initialized with seed: 42
[2026-06-26 04:24:01][INFO] SIM_BRIDGE: NMDA per-region mask: 2 regions enabled (2560 neurons)
[2026-06-26 04:24:01][INFO] SIM_BRIDGE: Initializing Izhikevich model specifics for 2560 neurons...
[2026-06-26 04:24:01][INFO] SIM_BRIDGE: Region 'cortex_ctx' (1280 neurons): using Izh type IZH2007_HIPPO_PYRAMIDAL
[2026-06-26 04:24:01][INFO] SIM_BRIDGE: Region 'dlpfc_wm' (1280 neurons): using Izh type IZH2007_HIPPO_PYRAMIDAL
[2026-06-26 04:24:01][INFO] SIM_BRIDGE: Applying parameter heterogeneity to neuron parameters...
[2026-06-26 04:24:01][INFO] SIM_BRIDGE: Applied heterogeneity to 4 parameters.
[2026-06-26 04:24:01][INFO] SIM_BRIDGE: Generating 3D neuron positions for 2560 neurons...
[2026-06-26 04:24:01][INFO] SIM_BRIDGE: Generating connections (brain-region framework)...
[2026-06-26 04:24:02][INFO] SIM_BRIDGE: inject_explicit_wiring: installed 491754 synapses across 4 populations.
[2026-06-26 04:24:02][INFO] SIM_BRIDGE: Initializing eligibility traces for 491754 synapses (capacity: 737631, dtype: float32)...
[2026-06-26 04:24:02][INFO] SIM_BRIDGE: Initializing STDP state for 2560 neurons...
[2026-06-26 04:24:02][INFO] SIM_BRIDGE: Simulation data initialized for 2560 neurons (3D). Synapses: 491754. GPU memory: 1.6GB/25.8GB (6.1%)
[2026-06-26 04:24:03][INFO] SIM_BRIDGE: CuPy using GPU: NVIDIA GeForce RTX 3090 (24.0 GB), mempool limit: 80%
[2026-06-26 04:24:03][INFO] SIM_BRIDGE: Initializing simulation data for model: IZHIKEVICH (3D)... (playback_init: False)
[2026-06-26 04:24:03][INFO] SIM_BRIDGE: RNG initialized with seed: 42
[2026-06-26 04:24:03][INFO] SIM_BRIDGE: Initializing Izhikevich model specifics for 256 neurons...
[2026-06-26 04:24:03][INFO] SIM_BRIDGE: Applying parameter heterogeneity to neuron parameters...
[2026-06-26 04:24:03][INFO] SIM_BRIDGE: Applied heterogeneity to 4 parameters.
[2026-06-26 04:24:03][INFO] SIM_BRIDGE: Initializing OU process state (tau=15.0ms, sigma=0.0pA)...
[2026-06-26 04:24:03][INFO] SIM_BRIDGE: Generating 3D neuron positions for 256 neurons...
[2026-06-26 04:24:03][INFO] SIM_BRIDGE: Generating connections (3D)...
[2026-06-26 04:24:03][INFO] SIM_BRIDGE: Simulation data initialized for 256 neurons (3D). Synapses: 0. GPU memory: 1.6GB/25.8GB (6.1%)
[2026-06-26 04:24:03][INFO] SIM_BRIDGE: CuPy using GPU: NVIDIA GeForce RTX 3090 (24.0 GB), mempool limit: 80%
[2026-06-26 04:24:03][INFO] SIM_BRIDGE: Initializing simulation data for model: IZHIKEVICH (3D)... (playback_init: False)
[2026-06-26 04:24:03][INFO] SIM_BRIDGE: RNG initialized with seed: 42
[2026-06-26 04:24:03][INFO] SIM_BRIDGE: Initializing Izhikevich model specifics for 640 neurons...
[2026-06-26 04:24:03][INFO] SIM_BRIDGE: Applying parameter heterogeneity to neuron parameters...
[2026-06-26 04:24:03][INFO] SIM_BRIDGE: Applied heterogeneity to 4 parameters.
[2026-06-26 04:24:03][INFO] SIM_BRIDGE: Initializing OU process state (tau=15.0ms, sigma=0.0pA)...
[2026-06-26 04:24:03][INFO] SIM_BRIDGE: Generating 3D neuron positions for 640 neurons...
[2026-06-26 04:24:03][INFO] SIM_BRIDGE: Generating connections (3D)...
[2026-06-26 04:24:03][INFO] SIM_BRIDGE: Simulation data initialized for 640 neurons (3D). Synapses: 0. GPU memory: 1.6GB/25.8GB (6.1%)
[2026-06-26 04:24:27][INFO] SIM_BRIDGE: CuPy using GPU: NVIDIA GeForce RTX 3090 (24.0 GB), mempool limit: 80%
[2026-06-26 04:24:27][INFO] SIM_BRIDGE: Initializing simulation data for model: IZHIKEVICH (3D)... (playback_init: False)
[2026-06-26 04:24:27][INFO] SIM_BRIDGE: RNG initialized with seed: 42
[2026-06-26 04:24:27][INFO] SIM_BRIDGE: Initializing Izhikevich model specifics for 4864 neurons...
[2026-06-26 04:24:27][INFO] SIM_BRIDGE: Applying parameter heterogeneity to neuron parameters...
[2026-06-26 04:24:27][INFO] SIM_BRIDGE: Applied heterogeneity to 4 parameters.
[2026-06-26 04:24:27][INFO] SIM_BRIDGE: Initializing OU process state (tau=15.0ms, sigma=0.0pA)...
[2026-06-26 04:24:27][INFO] SIM_BRIDGE: Generating 3D neuron positions for 4864 neurons...
[2026-06-26 04:24:27][INFO] SIM_BRIDGE: Generating connections (3D)...
[2026-06-26 04:24:27][INFO] SIM_BRIDGE: Simulation data initialized for 4864 neurons (3D). Synapses: 0. GPU memory: 1.6GB/25.8GB (6.1%)
    [growth] mastered tier 8 -> promoted to 12
    [bundle] saved day-5 developed brain -> bridges/developed/month1\day_5 (19 facts, 25 codes)
  [day 5] vocab=24 heard=24 facts=11 recall=1.00 heldout=1.00 retain=1.00 chain=- moat_fa=0 corr(M,C)=+0.89 tier=12 replay=5 win=2500 (134.6s wake=13.4s)
[2026-06-26 04:24:42][INFO] SIM_BRIDGE: CuPy using GPU: NVIDIA GeForce RTX 3090 (24.0 GB), mempool limit: 80%
[2026-06-26 04:24:42][INFO] SIM_BRIDGE: Initializing simulation data for model: IZHIKEVICH (3D)... (playback_init: False)
[2026-06-26 04:24:42][INFO] SIM_BRIDGE: RNG initialized with seed: 42
[2026-06-26 04:24:42][INFO] SIM_BRIDGE: Initializing Izhikevich model specifics for 126 neurons...
[2026-06-26 04:24:42][INFO] SIM_BRIDGE: Applying parameter heterogeneity to neuron parameters...
[2026-06-26 04:24:42][INFO] SIM_BRIDGE: Applied heterogeneity to 4 parameters.
[2026-06-26 04:24:42][INFO] SIM_BRIDGE: Initializing OU process state (tau=15.0ms, sigma=20.0pA)...
[2026-06-26 04:24:42][INFO] SIM_BRIDGE: Generating 3D neuron positions for 126 neurons...
[2026-06-26 04:24:42][INFO] SIM_BRIDGE: Generating connections (3D)...
[2026-06-26 04:24:42][INFO] SIM_BRIDGE: Simulation data initialized for 126 neurons (3D). Synapses: 0. GPU memory: 1.6GB/25.8GB (6.2%)
[2026-06-26 04:24:42][INFO] SIM_BRIDGE: inject_explicit_wiring: installed 720 synapses across 1 populations.
[2026-06-26 04:25:19][INFO] SIM_BRIDGE: CuPy using GPU: NVIDIA GeForce RTX 3090 (24.0 GB), mempool limit: 80%
[2026-06-26 04:25:19][INFO] SIM_BRIDGE: Initializing simulation data for model: IZHIKEVICH (3D)... (playback_init: False)
[2026-06-26 04:25:19][INFO] SIM_BRIDGE: RNG initialized with seed: 42
[2026-06-26 04:25:19][INFO] SIM_BRIDGE: Initializing Izhikevich model specifics for 224 neurons...
[2026-06-26 04:25:19][INFO] SIM_BRIDGE: Applying parameter heterogeneity to neuron parameters...
[2026-06-26 04:25:19][INFO] SIM_BRIDGE: Applied heterogeneity to 4 parameters.
[2026-06-26 04:25:19][INFO] SIM_BRIDGE: Initializing OU process state (tau=15.0ms, sigma=20.0pA)...
[2026-06-26 04:25:19][INFO] SIM_BRIDGE: Generating 3D neuron positions for 224 neurons...
[2026-06-26 04:25:19][INFO] SIM_BRIDGE: Generating connections (3D)...
[2026-06-26 04:25:19][INFO] SIM_BRIDGE: Simulation data initialized for 224 neurons (3D). Synapses: 0. GPU memory: 1.6GB/25.8GB (6.2%)
[2026-06-26 04:25:19][INFO] SIM_BRIDGE: inject_explicit_wiring: installed 4800 synapses across 1 populations.
[2026-06-26 04:26:14][INFO] SIM_BRIDGE: CuPy using GPU: NVIDIA GeForce RTX 3090 (24.0 GB), mempool limit: 80%
[2026-06-26 04:26:14][INFO] SIM_BRIDGE: Initializing simulation data for model: IZHIKEVICH (3D)... (playback_init: False)
[2026-06-26 04:26:14][INFO] SIM_BRIDGE: Brain-region framework: 2 regions, 2560 total neurons, 2 pathways.
[2026-06-26 04:26:14][INFO] SIM_BRIDGE: RNG initialized with seed: 42
[2026-06-26 04:26:14][INFO] SIM_BRIDGE: NMDA per-region mask: 2 regions enabled (2560 neurons)
[2026-06-26 04:26:14][INFO] SIM_BRIDGE: Initializing Izhikevich model specifics for 2560 neurons...
[2026-06-26 04:26:14][INFO] SIM_BRIDGE: Region 'cortex_ctx' (1280 neurons): using Izh type IZH2007_HIPPO_PYRAMIDAL
[2026-06-26 04:26:14][INFO] SIM_BRIDGE: Region 'dlpfc_wm' (1280 neurons): using Izh type IZH2007_HIPPO_PYRAMIDAL
[2026-06-26 04:26:14][INFO] SIM_BRIDGE: Applying parameter heterogeneity to neuron parameters...
[2026-06-26 04:26:14][INFO] SIM_BRIDGE: Applied heterogeneity to 4 parameters.
[2026-06-26 04:26:14][INFO] SIM_BRIDGE: Generating 3D neuron positions for 2560 neurons...
[2026-06-26 04:26:14][INFO] SIM_BRIDGE: Generating connections (brain-region framework)...
[2026-06-26 04:26:14][INFO] SIM_BRIDGE: inject_explicit_wiring: installed 491754 synapses across 4 populations.
[2026-06-26 04:26:14][INFO] SIM_BRIDGE: Initializing eligibility traces for 491754 synapses (capacity: 737631, dtype: float32)...
[2026-06-26 04:26:14][INFO] SIM_BRIDGE: Initializing STDP state for 2560 neurons...
[2026-06-26 04:26:14][INFO] SIM_BRIDGE: Simulation data initialized for 2560 neurons (3D). Synapses: 491754. GPU memory: 1.6GB/25.8GB (6.2%)
[2026-06-26 04:26:15][INFO] SIM_BRIDGE: CuPy using GPU: NVIDIA GeForce RTX 3090 (24.0 GB), mempool limit: 80%
[2026-06-26 04:26:15][INFO] SIM_BRIDGE: Initializing simulation data for model: IZHIKEVICH (3D)... (playback_init: False)
[2026-06-26 04:26:15][INFO] SIM_BRIDGE: RNG initialized with seed: 42
[2026-06-26 04:26:15][INFO] SIM_BRIDGE: Initializing Izhikevich model specifics for 256 neurons...
[2026-06-26 04:26:15][INFO] SIM_BRIDGE: Applying parameter heterogeneity to neuron parameters...
[2026-06-26 04:26:15][INFO] SIM_BRIDGE: Applied heterogeneity to 4 parameters.
[2026-06-26 04:26:15][INFO] SIM_BRIDGE: Initializing OU process state (tau=15.0ms, sigma=0.0pA)...
[2026-06-26 04:26:15][INFO] SIM_BRIDGE: Generating 3D neuron positions for 256 neurons...
[2026-06-26 04:26:15][INFO] SIM_BRIDGE: Generating connections (3D)...
[2026-06-26 04:26:15][INFO] SIM_BRIDGE: Simulation data initialized for 256 neurons (3D). Synapses: 0. GPU memory: 1.6GB/25.8GB (6.2%)
[2026-06-26 04:26:16][INFO] SIM_BRIDGE: CuPy using GPU: NVIDIA GeForce RTX 3090 (24.0 GB), mempool limit: 80%
[2026-06-26 04:26:16][INFO] SIM_BRIDGE: Initializing simulation data for model: IZHIKEVICH (3D)... (playback_init: False)
[2026-06-26 04:26:16][INFO] SIM_BRIDGE: RNG initialized with seed: 42
[2026-06-26 04:26:16][INFO] SIM_BRIDGE: Initializing Izhikevich model specifics for 640 neurons...
[2026-06-26 04:26:16][INFO] SIM_BRIDGE: Applying parameter heterogeneity to neuron parameters...
[2026-06-26 04:26:16][INFO] SIM_BRIDGE: Applied heterogeneity to 4 parameters.
[2026-06-26 04:26:16][INFO] SIM_BRIDGE: Initializing OU process state (tau=15.0ms, sigma=0.0pA)...
[2026-06-26 04:26:16][INFO] SIM_BRIDGE: Generating 3D neuron positions for 640 neurons...
[2026-06-26 04:26:16][INFO] SIM_BRIDGE: Generating connections (3D)...
[2026-06-26 04:26:16][INFO] SIM_BRIDGE: Simulation data initialized for 640 neurons (3D). Synapses: 0. GPU memory: 1.6GB/25.8GB (6.2%)
[2026-06-26 04:26:42][INFO] SIM_BRIDGE: CuPy using GPU: NVIDIA GeForce RTX 3090 (24.0 GB), mempool limit: 80%
[2026-06-26 04:26:42][INFO] SIM_BRIDGE: Initializing simulation data for model: IZHIKEVICH (3D)... (playback_init: False)
[2026-06-26 04:26:42][INFO] SIM_BRIDGE: RNG initialized with seed: 42
[2026-06-26 04:26:42][INFO] SIM_BRIDGE: Initializing Izhikevich model specifics for 4864 neurons...
[2026-06-26 04:26:42][INFO] SIM_BRIDGE: Applying parameter heterogeneity to neuron parameters...
[2026-06-26 04:26:42][INFO] SIM_BRIDGE: Applied heterogeneity to 4 parameters.
[2026-06-26 04:26:42][INFO] SIM_BRIDGE: Initializing OU process state (tau=15.0ms, sigma=0.0pA)...
[2026-06-26 04:26:42][INFO] SIM_BRIDGE: Generating 3D neuron positions for 4864 neurons...
[2026-06-26 04:26:42][INFO] SIM_BRIDGE: Generating connections (3D)...
[2026-06-26 04:26:42][INFO] SIM_BRIDGE: Simulation data initialized for 4864 neurons (3D). Synapses: 0. GPU memory: 1.6GB/25.8GB (6.2%)
    [bundle] saved day-6 developed brain -> bridges/developed/month1\day_6 (19 facts, 25 codes)
  [day 6] vocab=24 heard=24 facts=11 recall=1.00 heldout=1.00 retain=1.00 chain=1.00 moat_fa=0 corr(M,C)=+0.88 tier=12 replay=5 win=2500 (136.2s wake=13.4s)
[2026-06-26 04:27:00][INFO] SIM_BRIDGE: CuPy using GPU: NVIDIA GeForce RTX 3090 (24.0 GB), mempool limit: 80%
[2026-06-26 04:27:00][INFO] SIM_BRIDGE: Initializing simulation data for model: IZHIKEVICH (3D)... (playback_init: False)
[2026-06-26 04:27:00][INFO] SIM_BRIDGE: RNG initialized with seed: 42
[2026-06-26 04:27:00][INFO] SIM_BRIDGE: Initializing Izhikevich model specifics for 126 neurons...
[2026-06-26 04:27:00][INFO] SIM_BRIDGE: Applying parameter heterogeneity to neuron parameters...
[2026-06-26 04:27:00][INFO] SIM_BRIDGE: Applied heterogeneity to 4 parameters.
[2026-06-26 04:27:00][INFO] SIM_BRIDGE: Initializing OU process state (tau=15.0ms, sigma=20.0pA)...
[2026-06-26 04:27:00][INFO] SIM_BRIDGE: Generating 3D neuron positions for 126 neurons...
[2026-06-26 04:27:00][INFO] SIM_BRIDGE: Generating connections (3D)...
[2026-06-26 04:27:00][INFO] SIM_BRIDGE: Simulation data initialized for 126 neurons (3D). Synapses: 0. GPU memory: 1.6GB/25.8GB (6.2%)
[2026-06-26 04:27:00][INFO] SIM_BRIDGE: inject_explicit_wiring: installed 720 synapses across 1 populations.
[2026-06-26 04:27:39][INFO] SIM_BRIDGE: CuPy using GPU: NVIDIA GeForce RTX 3090 (24.0 GB), mempool limit: 80%
[2026-06-26 04:27:39][INFO] SIM_BRIDGE: Initializing simulation data for model: IZHIKEVICH (3D)... (playback_init: False)
[2026-06-26 04:27:39][INFO] SIM_BRIDGE: RNG initialized with seed: 42
[2026-06-26 04:27:39][INFO] SIM_BRIDGE: Initializing Izhikevich model specifics for 224 neurons...
[2026-06-26 04:27:39][INFO] SIM_BRIDGE: Applying parameter heterogeneity to neuron parameters...
[2026-06-26 04:27:39][INFO] SIM_BRIDGE: Applied heterogeneity to 4 parameters.
[2026-06-26 04:27:39][INFO] SIM_BRIDGE: Initializing OU process state (tau=15.0ms, sigma=20.0pA)...
[2026-06-26 04:27:39][INFO] SIM_BRIDGE: Generating 3D neuron positions for 224 neurons...
[2026-06-26 04:27:39][INFO] SIM_BRIDGE: Generating connections (3D)...
[2026-06-26 04:27:39][INFO] SIM_BRIDGE: Simulation data initialized for 224 neurons (3D). Synapses: 0. GPU memory: 1.6GB/25.8GB (6.2%)
[2026-06-26 04:27:39][INFO] SIM_BRIDGE: inject_explicit_wiring: installed 4800 synapses across 1 populations.
[2026-06-26 04:28:34][INFO] SIM_BRIDGE: CuPy using GPU: NVIDIA GeForce RTX 3090 (24.0 GB), mempool limit: 80%
[2026-06-26 04:28:34][INFO] SIM_BRIDGE: Initializing simulation data for model: IZHIKEVICH (3D)... (playback_init: False)
[2026-06-26 04:28:34][INFO] SIM_BRIDGE: Brain-region framework: 2 regions, 2560 total neurons, 2 pathways.
[2026-06-26 04:28:34][INFO] SIM_BRIDGE: RNG initialized with seed: 42
[2026-06-26 04:28:34][INFO] SIM_BRIDGE: NMDA per-region mask: 2 regions enabled (2560 neurons)
[2026-06-26 04:28:34][INFO] SIM_BRIDGE: Initializing Izhikevich model specifics for 2560 neurons...
[2026-06-26 04:28:34][INFO] SIM_BRIDGE: Region 'cortex_ctx' (1280 neurons): using Izh type IZH2007_HIPPO_PYRAMIDAL
[2026-06-26 04:28:34][INFO] SIM_BRIDGE: Region 'dlpfc_wm' (1280 neurons): using Izh type IZH2007_HIPPO_PYRAMIDAL
[2026-06-26 04:28:34][INFO] SIM_BRIDGE: Applying parameter heterogeneity to neuron parameters...
[2026-06-26 04:28:34][INFO] SIM_BRIDGE: Applied heterogeneity to 4 parameters.
[2026-06-26 04:28:34][INFO] SIM_BRIDGE: Generating 3D neuron positions for 2560 neurons...
[2026-06-26 04:28:34][INFO] SIM_BRIDGE: Generating connections (brain-region framework)...
[2026-06-26 04:28:34][INFO] SIM_BRIDGE: inject_explicit_wiring: installed 491754 synapses across 4 populations.
[2026-06-26 04:28:34][INFO] SIM_BRIDGE: Initializing eligibility traces for 491754 synapses (capacity: 737631, dtype: float32)...
[2026-06-26 04:28:34][INFO] SIM_BRIDGE: Initializing STDP state for 2560 neurons...
[2026-06-26 04:28:34][INFO] SIM_BRIDGE: Simulation data initialized for 2560 neurons (3D). Synapses: 491754. GPU memory: 1.6GB/25.8GB (6.2%)
[2026-06-26 04:28:35][INFO] SIM_BRIDGE: CuPy using GPU: NVIDIA GeForce RTX 3090 (24.0 GB), mempool limit: 80%
[2026-06-26 04:28:35][INFO] SIM_BRIDGE: Initializing simulation data for model: IZHIKEVICH (3D)... (playback_init: False)
[2026-06-26 04:28:35][INFO] SIM_BRIDGE: RNG initialized with seed: 42
[2026-06-26 04:28:35][INFO] SIM_BRIDGE: Initializing Izhikevich model specifics for 256 neurons...
[2026-06-26 04:28:35][INFO] SIM_BRIDGE: Applying parameter heterogeneity to neuron parameters...
[2026-06-26 04:28:35][INFO] SIM_BRIDGE: Applied heterogeneity to 4 parameters.
[2026-06-26 04:28:35][INFO] SIM_BRIDGE: Initializing OU process state (tau=15.0ms, sigma=0.0pA)...
[2026-06-26 04:28:35][INFO] SIM_BRIDGE: Generating 3D neuron positions for 256 neurons...
[2026-06-26 04:28:35][INFO] SIM_BRIDGE: Generating connections (3D)...
[2026-06-26 04:28:35][INFO] SIM_BRIDGE: Simulation data initialized for 256 neurons (3D). Synapses: 0. GPU memory: 1.6GB/25.8GB (6.2%)
[2026-06-26 04:28:36][INFO] SIM_BRIDGE: CuPy using GPU: NVIDIA GeForce RTX 3090 (24.0 GB), mempool limit: 80%
[2026-06-26 04:28:36][INFO] SIM_BRIDGE: Initializing simulation data for model: IZHIKEVICH (3D)... (playback_init: False)
[2026-06-26 04:28:36][INFO] SIM_BRIDGE: RNG initialized with seed: 42
[2026-06-26 04:28:36][INFO] SIM_BRIDGE: Initializing Izhikevich model specifics for 640 neurons...
[2026-06-26 04:28:36][INFO] SIM_BRIDGE: Applying parameter heterogeneity to neuron parameters...
[2026-06-26 04:28:36][INFO] SIM_BRIDGE: Applied heterogeneity to 4 parameters.
[2026-06-26 04:28:36][INFO] SIM_BRIDGE: Initializing OU process state (tau=15.0ms, sigma=0.0pA)...
[2026-06-26 04:28:36][INFO] SIM_BRIDGE: Generating 3D neuron positions for 640 neurons...
[2026-06-26 04:28:36][INFO] SIM_BRIDGE: Generating connections (3D)...
[2026-06-26 04:28:36][INFO] SIM_BRIDGE: Simulation data initialized for 640 neurons (3D). Synapses: 0. GPU memory: 1.6GB/25.8GB (6.2%)
[2026-06-26 04:28:59][INFO] SIM_BRIDGE: CuPy using GPU: NVIDIA GeForce RTX 3090 (24.0 GB), mempool limit: 80%
[2026-06-26 04:28:59][INFO] SIM_BRIDGE: Initializing simulation data for model: IZHIKEVICH (3D)... (playback_init: False)
[2026-06-26 04:28:59][INFO] SIM_BRIDGE: RNG initialized with seed: 42
[2026-06-26 04:28:59][INFO] SIM_BRIDGE: Initializing Izhikevich model specifics for 4864 neurons...
[2026-06-26 04:28:59][INFO] SIM_BRIDGE: Applying parameter heterogeneity to neuron parameters...
[2026-06-26 04:28:59][INFO] SIM_BRIDGE: Applied heterogeneity to 4 parameters.
[2026-06-26 04:28:59][INFO] SIM_BRIDGE: Initializing OU process state (tau=15.0ms, sigma=0.0pA)...
[2026-06-26 04:28:59][INFO] SIM_BRIDGE: Generating 3D neuron positions for 4864 neurons...
[2026-06-26 04:28:59][INFO] SIM_BRIDGE: Generating connections (3D)...
[2026-06-26 04:28:59][INFO] SIM_BRIDGE: Simulation data initialized for 4864 neurons (3D). Synapses: 0. GPU memory: 1.6GB/25.8GB (6.2%)
    [bundle] saved day-7 developed brain -> bridges/developed/month1\day_7 (19 facts, 25 codes)
  [day 7] vocab=24 heard=24 facts=11 recall=1.00 heldout=0.00 retain=1.00 chain=- moat_fa=0 corr(M,C)=+0.86 tier=12 replay=5 win=2500 (136.3s wake=14.9s)
[2026-06-26 04:29:15][INFO] SIM_BRIDGE: CuPy using GPU: NVIDIA GeForce RTX 3090 (24.0 GB), mempool limit: 80%
[2026-06-26 04:29:15][INFO] SIM_BRIDGE: Initializing simulation data for model: IZHIKEVICH (3D)... (playback_init: False)
[2026-06-26 04:29:15][INFO] SIM_BRIDGE: RNG initialized with seed: 42
[2026-06-26 04:29:15][INFO] SIM_BRIDGE: Initializing Izhikevich model specifics for 126 neurons...
[2026-06-26 04:29:15][INFO] SIM_BRIDGE: Applying parameter heterogeneity to neuron parameters...
[2026-06-26 04:29:15][INFO] SIM_BRIDGE: Applied heterogeneity to 4 parameters.
[2026-06-26 04:29:15][INFO] SIM_BRIDGE: Initializing OU process state (tau=15.0ms, sigma=20.0pA)...
[2026-06-26 04:29:15][INFO] SIM_BRIDGE: Generating 3D neuron positions for 126 neurons...
[2026-06-26 04:29:15][INFO] SIM_BRIDGE: Generating connections (3D)...
[2026-06-26 04:29:15][INFO] SIM_BRIDGE: Simulation data initialized for 126 neurons (3D). Synapses: 0. GPU memory: 1.6GB/25.8GB (6.2%)
[2026-06-26 04:29:15][INFO] SIM_BRIDGE: inject_explicit_wiring: installed 720 synapses across 1 populations.
[2026-06-26 04:29:53][INFO] SIM_BRIDGE: CuPy using GPU: NVIDIA GeForce RTX 3090 (24.0 GB), mempool limit: 80%
[2026-06-26 04:29:53][INFO] SIM_BRIDGE: Initializing simulation data for model: IZHIKEVICH (3D)... (playback_init: False)
[2026-06-26 04:29:53][INFO] SIM_BRIDGE: RNG initialized with seed: 42
[2026-06-26 04:29:53][INFO] SIM_BRIDGE: Initializing Izhikevich model specifics for 224 neurons...
[2026-06-26 04:29:53][INFO] SIM_BRIDGE: Applying parameter heterogeneity to neuron parameters...
[2026-06-26 04:29:53][INFO] SIM_BRIDGE: Applied heterogeneity to 4 parameters.
[2026-06-26 04:29:53][INFO] SIM_BRIDGE: Initializing OU process state (tau=15.0ms, sigma=20.0pA)...
[2026-06-26 04:29:53][INFO] SIM_BRIDGE: Generating 3D neuron positions for 224 neurons...
[2026-06-26 04:29:53][INFO] SIM_BRIDGE: Generating connections (3D)...
[2026-06-26 04:29:53][INFO] SIM_BRIDGE: Simulation data initialized for 224 neurons (3D). Synapses: 0. GPU memory: 1.6GB/25.8GB (6.2%)
[2026-06-26 04:29:53][INFO] SIM_BRIDGE: inject_explicit_wiring: installed 4800 synapses across 1 populations.
[2026-06-26 04:30:46][INFO] SIM_BRIDGE: CuPy using GPU: NVIDIA GeForce RTX 3090 (24.0 GB), mempool limit: 80%
[2026-06-26 04:30:46][INFO] SIM_BRIDGE: Initializing simulation data for model: IZHIKEVICH (3D)... (playback_init: False)
[2026-06-26 04:30:46][INFO] SIM_BRIDGE: Brain-region framework: 2 regions, 2560 total neurons, 2 pathways.
[2026-06-26 04:30:46][INFO] SIM_BRIDGE: RNG initialized with seed: 42
[2026-06-26 04:30:46][INFO] SIM_BRIDGE: NMDA per-region mask: 2 regions enabled (2560 neurons)
[2026-06-26 04:30:46][INFO] SIM_BRIDGE: Initializing Izhikevich model specifics for 2560 neurons...
[2026-06-26 04:30:46][INFO] SIM_BRIDGE: Region 'cortex_ctx' (1280 neurons): using Izh type IZH2007_HIPPO_PYRAMIDAL
[2026-06-26 04:30:46][INFO] SIM_BRIDGE: Region 'dlpfc_wm' (1280 neurons): using Izh type IZH2007_HIPPO_PYRAMIDAL
[2026-06-26 04:30:46][INFO] SIM_BRIDGE: Applying parameter heterogeneity to neuron parameters...
[2026-06-26 04:30:46][INFO] SIM_BRIDGE: Applied heterogeneity to 4 parameters.
[2026-06-26 04:30:46][INFO] SIM_BRIDGE: Generating 3D neuron positions for 2560 neurons...
[2026-06-26 04:30:46][INFO] SIM_BRIDGE: Generating connections (brain-region framework)...
[2026-06-26 04:30:47][INFO] SIM_BRIDGE: inject_explicit_wiring: installed 491754 synapses across 4 populations.
[2026-06-26 04:30:47][INFO] SIM_BRIDGE: Initializing eligibility traces for 491754 synapses (capacity: 737631, dtype: float32)...
[2026-06-26 04:30:47][INFO] SIM_BRIDGE: Initializing STDP state for 2560 neurons...
[2026-06-26 04:30:47][INFO] SIM_BRIDGE: Simulation data initialized for 2560 neurons (3D). Synapses: 491754. GPU memory: 1.6GB/25.8GB (6.2%)
[2026-06-26 04:30:48][INFO] SIM_BRIDGE: CuPy using GPU: NVIDIA GeForce RTX 3090 (24.0 GB), mempool limit: 80%
[2026-06-26 04:30:48][INFO] SIM_BRIDGE: Initializing simulation data for model: IZHIKEVICH (3D)... (playback_init: False)
[2026-06-26 04:30:48][INFO] SIM_BRIDGE: RNG initialized with seed: 42
[2026-06-26 04:30:48][INFO] SIM_BRIDGE: Initializing Izhikevich model specifics for 256 neurons...
[2026-06-26 04:30:48][INFO] SIM_BRIDGE: Applying parameter heterogeneity to neuron parameters...
[2026-06-26 04:30:48][INFO] SIM_BRIDGE: Applied heterogeneity to 4 parameters.
[2026-06-26 04:30:48][INFO] SIM_BRIDGE: Initializing OU process state (tau=15.0ms, sigma=0.0pA)...
[2026-06-26 04:30:48][INFO] SIM_BRIDGE: Generating 3D neuron positions for 256 neurons...
[2026-06-26 04:30:48][INFO] SIM_BRIDGE: Generating connections (3D)...
[2026-06-26 04:30:48][INFO] SIM_BRIDGE: Simulation data initialized for 256 neurons (3D). Synapses: 0. GPU memory: 1.6GB/25.8GB (6.2%)
[2026-06-26 04:30:49][INFO] SIM_BRIDGE: CuPy using GPU: NVIDIA GeForce RTX 3090 (24.0 GB), mempool limit: 80%
[2026-06-26 04:30:49][INFO] SIM_BRIDGE: Initializing simulation data for model: IZHIKEVICH (3D)... (playback_init: False)
[2026-06-26 04:30:49][INFO] SIM_BRIDGE: RNG initialized with seed: 42
[2026-06-26 04:30:49][INFO] SIM_BRIDGE: Initializing Izhikevich model specifics for 640 neurons...
[2026-06-26 04:30:49][INFO] SIM_BRIDGE: Applying parameter heterogeneity to neuron parameters...
[2026-06-26 04:30:49][INFO] SIM_BRIDGE: Applied heterogeneity to 4 parameters.
[2026-06-26 04:30:49][INFO] SIM_BRIDGE: Initializing OU process state (tau=15.0ms, sigma=0.0pA)...
[2026-06-26 04:30:49][INFO] SIM_BRIDGE: Generating 3D neuron positions for 640 neurons...
[2026-06-26 04:30:49][INFO] SIM_BRIDGE: Generating connections (3D)...
[2026-06-26 04:30:49][INFO] SIM_BRIDGE: Simulation data initialized for 640 neurons (3D). Synapses: 0. GPU memory: 1.6GB/25.8GB (6.2%)
[2026-06-26 04:31:11][INFO] SIM_BRIDGE: CuPy using GPU: NVIDIA GeForce RTX 3090 (24.0 GB), mempool limit: 80%
[2026-06-26 04:31:11][INFO] SIM_BRIDGE: Initializing simulation data for model: IZHIKEVICH (3D)... (playback_init: False)
[2026-06-26 04:31:11][INFO] SIM_BRIDGE: RNG initialized with seed: 42
[2026-06-26 04:31:11][INFO] SIM_BRIDGE: Initializing Izhikevich model specifics for 4608 neurons...
[2026-06-26 04:31:11][INFO] SIM_BRIDGE: Applying parameter heterogeneity to neuron parameters...
[2026-06-26 04:31:11][INFO] SIM_BRIDGE: Applied heterogeneity to 4 parameters.
[2026-06-26 04:31:11][INFO] SIM_BRIDGE: Initializing OU process state (tau=15.0ms, sigma=0.0pA)...
[2026-06-26 04:31:11][INFO] SIM_BRIDGE: Generating 3D neuron positions for 4608 neurons...
[2026-06-26 04:31:11][INFO] SIM_BRIDGE: Generating connections (3D)...
[2026-06-26 04:31:11][INFO] SIM_BRIDGE: Simulation data initialized for 4608 neurons (3D). Synapses: 0. GPU memory: 1.6GB/25.8GB (6.2%)
    [growth] mastered tier 12 -> promoted to 16
    [bundle] saved day-8 developed brain -> bridges/developed/month1\day_8 (18 facts, 25 codes)
  [day 8] vocab=24 heard=24 facts=11 recall=1.00 heldout=- retain=- chain=- moat_fa=0 corr(M,C)=+0.86 tier=16 replay=5 win=2500 (130.9s wake=13.3s)
[2026-06-26 04:31:26][INFO] SIM_BRIDGE: CuPy using GPU: NVIDIA GeForce RTX 3090 (24.0 GB), mempool limit: 80%
[2026-06-26 04:31:26][INFO] SIM_BRIDGE: Initializing simulation data for model: IZHIKEVICH (3D)... (playback_init: False)
[2026-06-26 04:31:26][INFO] SIM_BRIDGE: RNG initialized with seed: 42
[2026-06-26 04:31:26][INFO] SIM_BRIDGE: Initializing Izhikevich model specifics for 126 neurons...
[2026-06-26 04:31:26][INFO] SIM_BRIDGE: Applying parameter heterogeneity to neuron parameters...
[2026-06-26 04:31:26][INFO] SIM_BRIDGE: Applied heterogeneity to 4 parameters.
[2026-06-26 04:31:26][INFO] SIM_BRIDGE: Initializing OU process state (tau=15.0ms, sigma=20.0pA)...
[2026-06-26 04:31:26][INFO] SIM_BRIDGE: Generating 3D neuron positions for 126 neurons...
[2026-06-26 04:31:26][INFO] SIM_BRIDGE: Generating connections (3D)...
[2026-06-26 04:31:26][INFO] SIM_BRIDGE: Simulation data initialized for 126 neurons (3D). Synapses: 0. GPU memory: 1.6GB/25.8GB (6.2%)
[2026-06-26 04:31:26][INFO] SIM_BRIDGE: inject_explicit_wiring: installed 720 synapses across 1 populations.
[2026-06-26 04:32:12][INFO] SIM_BRIDGE: CuPy using GPU: NVIDIA GeForce RTX 3090 (24.0 GB), mempool limit: 80%
[2026-06-26 04:32:12][INFO] SIM_BRIDGE: Initializing simulation data for model: IZHIKEVICH (3D)... (playback_init: False)
[2026-06-26 04:32:12][INFO] SIM_BRIDGE: RNG initialized with seed: 42
[2026-06-26 04:32:12][INFO] SIM_BRIDGE: Initializing Izhikevich model specifics for 224 neurons...
[2026-06-26 04:32:12][INFO] SIM_BRIDGE: Applying parameter heterogeneity to neuron parameters...
[2026-06-26 04:32:12][INFO] SIM_BRIDGE: Applied heterogeneity to 4 parameters.
[2026-06-26 04:32:12][INFO] SIM_BRIDGE: Initializing OU process state (tau=15.0ms, sigma=20.0pA)...
[2026-06-26 04:32:12][INFO] SIM_BRIDGE: Generating 3D neuron positions for 224 neurons...
[2026-06-26 04:32:12][INFO] SIM_BRIDGE: Generating connections (3D)...
[2026-06-26 04:32:12][INFO] SIM_BRIDGE: Simulation data initialized for 224 neurons (3D). Synapses: 0. GPU memory: 1.6GB/25.8GB (6.2%)
[2026-06-26 04:32:12][INFO] SIM_BRIDGE: inject_explicit_wiring: installed 4800 synapses across 1 populations.
[2026-06-26 04:33:06][INFO] SIM_BRIDGE: CuPy using GPU: NVIDIA GeForce RTX 3090 (24.0 GB), mempool limit: 80%
[2026-06-26 04:33:06][INFO] SIM_BRIDGE: Initializing simulation data for model: IZHIKEVICH (3D)... (playback_init: False)
[2026-06-26 04:33:06][INFO] SIM_BRIDGE: Brain-region framework: 2 regions, 2560 total neurons, 2 pathways.
[2026-06-26 04:33:06][INFO] SIM_BRIDGE: RNG initialized with seed: 42
[2026-06-26 04:33:06][INFO] SIM_BRIDGE: NMDA per-region mask: 2 regions enabled (2560 neurons)
[2026-06-26 04:33:06][INFO] SIM_BRIDGE: Initializing Izhikevich model specifics for 2560 neurons...
[2026-06-26 04:33:06][INFO] SIM_BRIDGE: Region 'cortex_ctx' (1280 neurons): using Izh type IZH2007_HIPPO_PYRAMIDAL
[2026-06-26 04:33:06][INFO] SIM_BRIDGE: Region 'dlpfc_wm' (1280 neurons): using Izh type IZH2007_HIPPO_PYRAMIDAL
[2026-06-26 04:33:06][INFO] SIM_BRIDGE: Applying parameter heterogeneity to neuron parameters...
[2026-06-26 04:33:06][INFO] SIM_BRIDGE: Applied heterogeneity to 4 parameters.
[2026-06-26 04:33:06][INFO] SIM_BRIDGE: Generating 3D neuron positions for 2560 neurons...
[2026-06-26 04:33:06][INFO] SIM_BRIDGE: Generating connections (brain-region framework)...
[2026-06-26 04:33:07][INFO] SIM_BRIDGE: inject_explicit_wiring: installed 491754 synapses across 4 populations.
[2026-06-26 04:33:07][INFO] SIM_BRIDGE: Initializing eligibility traces for 491754 synapses (capacity: 737631, dtype: float32)...
[2026-06-26 04:33:07][INFO] SIM_BRIDGE: Initializing STDP state for 2560 neurons...
[2026-06-26 04:33:07][INFO] SIM_BRIDGE: Simulation data initialized for 2560 neurons (3D). Synapses: 491754. GPU memory: 1.6GB/25.8GB (6.2%)
[2026-06-26 04:33:08][INFO] SIM_BRIDGE: CuPy using GPU: NVIDIA GeForce RTX 3090 (24.0 GB), mempool limit: 80%
[2026-06-26 04:33:08][INFO] SIM_BRIDGE: Initializing simulation data for model: IZHIKEVICH (3D)... (playback_init: False)
[2026-06-26 04:33:08][INFO] SIM_BRIDGE: RNG initialized with seed: 42
[2026-06-26 04:33:08][INFO] SIM_BRIDGE: Initializing Izhikevich model specifics for 256 neurons...
[2026-06-26 04:33:08][INFO] SIM_BRIDGE: Applying parameter heterogeneity to neuron parameters...
[2026-06-26 04:33:08][INFO] SIM_BRIDGE: Applied heterogeneity to 4 parameters.
[2026-06-26 04:33:08][INFO] SIM_BRIDGE: Initializing OU process state (tau=15.0ms, sigma=0.0pA)...
[2026-06-26 04:33:08][INFO] SIM_BRIDGE: Generating 3D neuron positions for 256 neurons...
[2026-06-26 04:33:08][INFO] SIM_BRIDGE: Generating connections (3D)...
[2026-06-26 04:33:08][INFO] SIM_BRIDGE: Simulation data initialized for 256 neurons (3D). Synapses: 0. GPU memory: 1.6GB/25.8GB (6.2%)
[2026-06-26 04:33:08][INFO] SIM_BRIDGE: CuPy using GPU: NVIDIA GeForce RTX 3090 (24.0 GB), mempool limit: 80%
[2026-06-26 04:33:08][INFO] SIM_BRIDGE: Initializing simulation data for model: IZHIKEVICH (3D)... (playback_init: False)
[2026-06-26 04:33:08][INFO] SIM_BRIDGE: RNG initialized with seed: 42
[2026-06-26 04:33:08][INFO] SIM_BRIDGE: Initializing Izhikevich model specifics for 640 neurons...
[2026-06-26 04:33:08][INFO] SIM_BRIDGE: Applying parameter heterogeneity to neuron parameters...
[2026-06-26 04:33:08][INFO] SIM_BRIDGE: Applied heterogeneity to 4 parameters.
[2026-06-26 04:33:08][INFO] SIM_BRIDGE: Initializing OU process state (tau=15.0ms, sigma=0.0pA)...
[2026-06-26 04:33:08][INFO] SIM_BRIDGE: Generating 3D neuron positions for 640 neurons...
[2026-06-26 04:33:08][INFO] SIM_BRIDGE: Generating connections (3D)...
[2026-06-26 04:33:08][INFO] SIM_BRIDGE: Simulation data initialized for 640 neurons (3D). Synapses: 0. GPU memory: 1.6GB/25.8GB (6.2%)
[2026-06-26 04:33:32][INFO] SIM_BRIDGE: CuPy using GPU: NVIDIA GeForce RTX 3090 (24.0 GB), mempool limit: 80%
[2026-06-26 04:33:32][INFO] SIM_BRIDGE: Initializing simulation data for model: IZHIKEVICH (3D)... (playback_init: False)
[2026-06-26 04:33:32][INFO] SIM_BRIDGE: RNG initialized with seed: 42
[2026-06-26 04:33:32][INFO] SIM_BRIDGE: Initializing Izhikevich model specifics for 4864 neurons...
[2026-06-26 04:33:32][INFO] SIM_BRIDGE: Applying parameter heterogeneity to neuron parameters...
[2026-06-26 04:33:32][INFO] SIM_BRIDGE: Applied heterogeneity to 4 parameters.
[2026-06-26 04:33:32][INFO] SIM_BRIDGE: Initializing OU process state (tau=15.0ms, sigma=0.0pA)...
[2026-06-26 04:33:32][INFO] SIM_BRIDGE: Generating 3D neuron positions for 4864 neurons...
[2026-06-26 04:33:32][INFO] SIM_BRIDGE: Generating connections (3D)...
[2026-06-26 04:33:32][INFO] SIM_BRIDGE: Simulation data initialized for 4864 neurons (3D). Synapses: 0. GPU memory: 1.6GB/25.8GB (6.2%)
    [bundle] saved day-9 developed brain -> bridges/developed/month1\day_9 (19 facts, 25 codes)
  [day 9] vocab=24 heard=24 facts=11 recall=1.00 heldout=1.00 retain=1.00 chain=- moat_fa=0 corr(M,C)=+0.87 tier=16 replay=5 win=2500 (141.8s wake=13.6s)
[2026-06-26 04:33:50][INFO] SIM_BRIDGE: CuPy using GPU: NVIDIA GeForce RTX 3090 (24.0 GB), mempool limit: 80%
[2026-06-26 04:33:50][INFO] SIM_BRIDGE: Initializing simulation data for model: IZHIKEVICH (3D)... (playback_init: False)
[2026-06-26 04:33:50][INFO] SIM_BRIDGE: RNG initialized with seed: 42
[2026-06-26 04:33:50][INFO] SIM_BRIDGE: Initializing Izhikevich model specifics for 126 neurons...
[2026-06-26 04:33:50][INFO] SIM_BRIDGE: Applying parameter heterogeneity to neuron parameters...
[2026-06-26 04:33:50][INFO] SIM_BRIDGE: Applied heterogeneity to 4 parameters.
[2026-06-26 04:33:50][INFO] SIM_BRIDGE: Initializing OU process state (tau=15.0ms, sigma=20.0pA)...
[2026-06-26 04:33:50][INFO] SIM_BRIDGE: Generating 3D neuron positions for 126 neurons...
[2026-06-26 04:33:50][INFO] SIM_BRIDGE: Generating connections (3D)...
[2026-06-26 04:33:50][INFO] SIM_BRIDGE: Simulation data initialized for 126 neurons (3D). Synapses: 0. GPU memory: 1.6GB/25.8GB (6.2%)
[2026-06-26 04:33:50][INFO] SIM_BRIDGE: inject_explicit_wiring: installed 720 synapses across 1 populations.
[2026-06-26 04:34:27][INFO] SIM_BRIDGE: CuPy using GPU: NVIDIA GeForce RTX 3090 (24.0 GB), mempool limit: 80%
[2026-06-26 04:34:27][INFO] SIM_BRIDGE: Initializing simulation data for model: IZHIKEVICH (3D)... (playback_init: False)
[2026-06-26 04:34:27][INFO] SIM_BRIDGE: RNG initialized with seed: 42
[2026-06-26 04:34:27][INFO] SIM_BRIDGE: Initializing Izhikevich model specifics for 224 neurons...
[2026-06-26 04:34:27][INFO] SIM_BRIDGE: Applying parameter heterogeneity to neuron parameters...
[2026-06-26 04:34:27][INFO] SIM_BRIDGE: Applied heterogeneity to 4 parameters.
[2026-06-26 04:34:27][INFO] SIM_BRIDGE: Initializing OU process state (tau=15.0ms, sigma=20.0pA)...
[2026-06-26 04:34:27][INFO] SIM_BRIDGE: Generating 3D neuron positions for 224 neurons...
[2026-06-26 04:34:27][INFO] SIM_BRIDGE: Generating connections (3D)...
[2026-06-26 04:34:27][INFO] SIM_BRIDGE: Simulation data initialized for 224 neurons (3D). Synapses: 0. GPU memory: 1.6GB/25.8GB (6.2%)
[2026-06-26 04:34:27][INFO] SIM_BRIDGE: inject_explicit_wiring: installed 4800 synapses across 1 populations.
[2026-06-26 04:35:22][INFO] SIM_BRIDGE: CuPy using GPU: NVIDIA GeForce RTX 3090 (24.0 GB), mempool limit: 80%
[2026-06-26 04:35:22][INFO] SIM_BRIDGE: Initializing simulation data for model: IZHIKEVICH (3D)... (playback_init: False)
[2026-06-26 04:35:22][INFO] SIM_BRIDGE: Brain-region framework: 2 regions, 2560 total neurons, 2 pathways.
[2026-06-26 04:35:22][INFO] SIM_BRIDGE: RNG initialized with seed: 42
[2026-06-26 04:35:22][INFO] SIM_BRIDGE: NMDA per-region mask: 2 regions enabled (2560 neurons)
[2026-06-26 04:35:22][INFO] SIM_BRIDGE: Initializing Izhikevich model specifics for 2560 neurons...
[2026-06-26 04:35:22][INFO] SIM_BRIDGE: Region 'cortex_ctx' (1280 neurons): using Izh type IZH2007_HIPPO_PYRAMIDAL
[2026-06-26 04:35:22][INFO] SIM_BRIDGE: Region 'dlpfc_wm' (1280 neurons): using Izh type IZH2007_HIPPO_PYRAMIDAL
[2026-06-26 04:35:22][INFO] SIM_BRIDGE: Applying parameter heterogeneity to neuron parameters...
[2026-06-26 04:35:22][INFO] SIM_BRIDGE: Applied heterogeneity to 4 parameters.
[2026-06-26 04:35:22][INFO] SIM_BRIDGE: Generating 3D neuron positions for 2560 neurons...
[2026-06-26 04:35:22][INFO] SIM_BRIDGE: Generating connections (brain-region framework)...
[2026-06-26 04:35:23][INFO] SIM_BRIDGE: inject_explicit_wiring: installed 491754 synapses across 4 populations.
[2026-06-26 04:35:23][INFO] SIM_BRIDGE: Initializing eligibility traces for 491754 synapses (capacity: 737631, dtype: float32)...
[2026-06-26 04:35:23][INFO] SIM_BRIDGE: Initializing STDP state for 2560 neurons...
[2026-06-26 04:35:23][INFO] SIM_BRIDGE: Simulation data initialized for 2560 neurons (3D). Synapses: 491754. GPU memory: 1.6GB/25.8GB (6.2%)
[2026-06-26 04:35:24][INFO] SIM_BRIDGE: CuPy using GPU: NVIDIA GeForce RTX 3090 (24.0 GB), mempool limit: 80%
[2026-06-26 04:35:24][INFO] SIM_BRIDGE: Initializing simulation data for model: IZHIKEVICH (3D)... (playback_init: False)
[2026-06-26 04:35:24][INFO] SIM_BRIDGE: RNG initialized with seed: 42
[2026-06-26 04:35:24][INFO] SIM_BRIDGE: Initializing Izhikevich model specifics for 256 neurons...
[2026-06-26 04:35:24][INFO] SIM_BRIDGE: Applying parameter heterogeneity to neuron parameters...
[2026-06-26 04:35:24][INFO] SIM_BRIDGE: Applied heterogeneity to 4 parameters.
[2026-06-26 04:35:24][INFO] SIM_BRIDGE: Initializing OU process state (tau=15.0ms, sigma=0.0pA)...
[2026-06-26 04:35:24][INFO] SIM_BRIDGE: Generating 3D neuron positions for 256 neurons...
[2026-06-26 04:35:24][INFO] SIM_BRIDGE: Generating connections (3D)...
[2026-06-26 04:35:24][INFO] SIM_BRIDGE: Simulation data initialized for 256 neurons (3D). Synapses: 0. GPU memory: 1.6GB/25.8GB (6.2%)
[2026-06-26 04:35:24][INFO] SIM_BRIDGE: CuPy using GPU: NVIDIA GeForce RTX 3090 (24.0 GB), mempool limit: 80%
[2026-06-26 04:35:24][INFO] SIM_BRIDGE: Initializing simulation data for model: IZHIKEVICH (3D)... (playback_init: False)
[2026-06-26 04:35:24][INFO] SIM_BRIDGE: RNG initialized with seed: 42
[2026-06-26 04:35:24][INFO] SIM_BRIDGE: Initializing Izhikevich model specifics for 640 neurons...
[2026-06-26 04:35:24][INFO] SIM_BRIDGE: Applying parameter heterogeneity to neuron parameters...
[2026-06-26 04:35:24][INFO] SIM_BRIDGE: Applied heterogeneity to 4 parameters.
[2026-06-26 04:35:24][INFO] SIM_BRIDGE: Initializing OU process state (tau=15.0ms, sigma=0.0pA)...
[2026-06-26 04:35:24][INFO] SIM_BRIDGE: Generating 3D neuron positions for 640 neurons...
[2026-06-26 04:35:24][INFO] SIM_BRIDGE: Generating connections (3D)...
[2026-06-26 04:35:24][INFO] SIM_BRIDGE: Simulation data initialized for 640 neurons (3D). Synapses: 0. GPU memory: 1.6GB/25.8GB (6.2%)
[2026-06-26 04:35:48][INFO] SIM_BRIDGE: CuPy using GPU: NVIDIA GeForce RTX 3090 (24.0 GB), mempool limit: 80%
[2026-06-26 04:35:48][INFO] SIM_BRIDGE: Initializing simulation data for model: IZHIKEVICH (3D)... (playback_init: False)
[2026-06-26 04:35:48][INFO] SIM_BRIDGE: RNG initialized with seed: 42
[2026-06-26 04:35:48][INFO] SIM_BRIDGE: Initializing Izhikevich model specifics for 4864 neurons...
[2026-06-26 04:35:48][INFO] SIM_BRIDGE: Applying parameter heterogeneity to neuron parameters...
[2026-06-26 04:35:48][INFO] SIM_BRIDGE: Applied heterogeneity to 4 parameters.
[2026-06-26 04:35:48][INFO] SIM_BRIDGE: Initializing OU process state (tau=15.0ms, sigma=0.0pA)...
[2026-06-26 04:35:48][INFO] SIM_BRIDGE: Generating 3D neuron positions for 4864 neurons...
[2026-06-26 04:35:48][INFO] SIM_BRIDGE: Generating connections (3D)...
[2026-06-26 04:35:48][INFO] SIM_BRIDGE: Simulation data initialized for 4864 neurons (3D). Synapses: 0. GPU memory: 1.6GB/25.8GB (6.2%)
    [bundle] saved day-10 developed brain -> bridges/developed/month1\day_10 (19 facts, 25 codes)
  [day 10] vocab=24 heard=24 facts=11 recall=1.00 heldout=1.00 retain=1.00 chain=1.00 moat_fa=0 corr(M,C)=+0.86 tier=16 replay=5 win=2500 (137.1s wake=15.8s)
[2026-06-26 04:36:05][INFO] SIM_BRIDGE: CuPy using GPU: NVIDIA GeForce RTX 3090 (24.0 GB), mempool limit: 80%
[2026-06-26 04:36:05][INFO] SIM_BRIDGE: Initializing simulation data for model: IZHIKEVICH (3D)... (playback_init: False)
[2026-06-26 04:36:05][INFO] SIM_BRIDGE: RNG initialized with seed: 42
[2026-06-26 04:36:05][INFO] SIM_BRIDGE: Initializing Izhikevich model specifics for 126 neurons...
[2026-06-26 04:36:05][INFO] SIM_BRIDGE: Applying parameter heterogeneity to neuron parameters...
[2026-06-26 04:36:05][INFO] SIM_BRIDGE: Applied heterogeneity to 4 parameters.
[2026-06-26 04:36:05][INFO] SIM_BRIDGE: Initializing OU process state (tau=15.0ms, sigma=20.0pA)...
[2026-06-26 04:36:05][INFO] SIM_BRIDGE: Generating 3D neuron positions for 126 neurons...
[2026-06-26 04:36:05][INFO] SIM_BRIDGE: Generating connections (3D)...
[2026-06-26 04:36:05][INFO] SIM_BRIDGE: Simulation data initialized for 126 neurons (3D). Synapses: 0. GPU memory: 1.6GB/25.8GB (6.2%)
[2026-06-26 04:36:05][INFO] SIM_BRIDGE: inject_explicit_wiring: installed 720 synapses across 1 populations.
[2026-06-26 04:36:42][INFO] SIM_BRIDGE: CuPy using GPU: NVIDIA GeForce RTX 3090 (24.0 GB), mempool limit: 80%
[2026-06-26 04:36:42][INFO] SIM_BRIDGE: Initializing simulation data for model: IZHIKEVICH (3D)... (playback_init: False)
[2026-06-26 04:36:42][INFO] SIM_BRIDGE: RNG initialized with seed: 42
[2026-06-26 04:36:42][INFO] SIM_BRIDGE: Initializing Izhikevich model specifics for 224 neurons...
[2026-06-26 04:36:42][INFO] SIM_BRIDGE: Applying parameter heterogeneity to neuron parameters...
[2026-06-26 04:36:42][INFO] SIM_BRIDGE: Applied heterogeneity to 4 parameters.
[2026-06-26 04:36:42][INFO] SIM_BRIDGE: Initializing OU process state (tau=15.0ms, sigma=20.0pA)...
[2026-06-26 04:36:42][INFO] SIM_BRIDGE: Generating 3D neuron positions for 224 neurons...
[2026-06-26 04:36:42][INFO] SIM_BRIDGE: Generating connections (3D)...
[2026-06-26 04:36:42][INFO] SIM_BRIDGE: Simulation data initialized for 224 neurons (3D). Synapses: 0. GPU memory: 1.6GB/25.8GB (6.2%)
[2026-06-26 04:36:42][INFO] SIM_BRIDGE: inject_explicit_wiring: installed 4800 synapses across 1 populations.
[2026-06-26 04:37:36][INFO] SIM_BRIDGE: CuPy using GPU: NVIDIA GeForce RTX 3090 (24.0 GB), mempool limit: 80%
[2026-06-26 04:37:36][INFO] SIM_BRIDGE: Initializing simulation data for model: IZHIKEVICH (3D)... (playback_init: False)
[2026-06-26 04:37:36][INFO] SIM_BRIDGE: Brain-region framework: 2 regions, 2560 total neurons, 2 pathways.
[2026-06-26 04:37:36][INFO] SIM_BRIDGE: RNG initialized with seed: 42
[2026-06-26 04:37:36][INFO] SIM_BRIDGE: NMDA per-region mask: 2 regions enabled (2560 neurons)
[2026-06-26 04:37:36][INFO] SIM_BRIDGE: Initializing Izhikevich model specifics for 2560 neurons...
[2026-06-26 04:37:36][INFO] SIM_BRIDGE: Region 'cortex_ctx' (1280 neurons): using Izh type IZH2007_HIPPO_PYRAMIDAL
[2026-06-26 04:37:36][INFO] SIM_BRIDGE: Region 'dlpfc_wm' (1280 neurons): using Izh type IZH2007_HIPPO_PYRAMIDAL
[2026-06-26 04:37:36][INFO] SIM_BRIDGE: Applying parameter heterogeneity to neuron parameters...
[2026-06-26 04:37:36][INFO] SIM_BRIDGE: Applied heterogeneity to 4 parameters.
[2026-06-26 04:37:36][INFO] SIM_BRIDGE: Generating 3D neuron positions for 2560 neurons...
[2026-06-26 04:37:36][INFO] SIM_BRIDGE: Generating connections (brain-region framework)...
[2026-06-26 04:37:37][INFO] SIM_BRIDGE: inject_explicit_wiring: installed 491754 synapses across 4 populations.
[2026-06-26 04:37:37][INFO] SIM_BRIDGE: Initializing eligibility traces for 491754 synapses (capacity: 737631, dtype: float32)...
[2026-06-26 04:37:37][INFO] SIM_BRIDGE: Initializing STDP state for 2560 neurons...
[2026-06-26 04:37:37][INFO] SIM_BRIDGE: Simulation data initialized for 2560 neurons (3D). Synapses: 491754. GPU memory: 1.6GB/25.8GB (6.2%)
[2026-06-26 04:37:38][INFO] SIM_BRIDGE: CuPy using GPU: NVIDIA GeForce RTX 3090 (24.0 GB), mempool limit: 80%
[2026-06-26 04:37:38][INFO] SIM_BRIDGE: Initializing simulation data for model: IZHIKEVICH (3D)... (playback_init: False)
[2026-06-26 04:37:38][INFO] SIM_BRIDGE: RNG initialized with seed: 42
[2026-06-26 04:37:38][INFO] SIM_BRIDGE: Initializing Izhikevich model specifics for 256 neurons...
[2026-06-26 04:37:38][INFO] SIM_BRIDGE: Applying parameter heterogeneity to neuron parameters...
[2026-06-26 04:37:38][INFO] SIM_BRIDGE: Applied heterogeneity to 4 parameters.
[2026-06-26 04:37:38][INFO] SIM_BRIDGE: Initializing OU process state (tau=15.0ms, sigma=0.0pA)...
[2026-06-26 04:37:38][INFO] SIM_BRIDGE: Generating 3D neuron positions for 256 neurons...
[2026-06-26 04:37:38][INFO] SIM_BRIDGE: Generating connections (3D)...
[2026-06-26 04:37:38][INFO] SIM_BRIDGE: Simulation data initialized for 256 neurons (3D). Synapses: 0. GPU memory: 1.6GB/25.8GB (6.2%)
[2026-06-26 04:37:39][INFO] SIM_BRIDGE: CuPy using GPU: NVIDIA GeForce RTX 3090 (24.0 GB), mempool limit: 80%
[2026-06-26 04:37:39][INFO] SIM_BRIDGE: Initializing simulation data for model: IZHIKEVICH (3D)... (playback_init: False)
[2026-06-26 04:37:39][INFO] SIM_BRIDGE: RNG initialized with seed: 42
[2026-06-26 04:37:39][INFO] SIM_BRIDGE: Initializing Izhikevich model specifics for 640 neurons...
[2026-06-26 04:37:39][INFO] SIM_BRIDGE: Applying parameter heterogeneity to neuron parameters...
[2026-06-26 04:37:39][INFO] SIM_BRIDGE: Applied heterogeneity to 4 parameters.
[2026-06-26 04:37:39][INFO] SIM_BRIDGE: Initializing OU process state (tau=15.0ms, sigma=0.0pA)...
[2026-06-26 04:37:39][INFO] SIM_BRIDGE: Generating 3D neuron positions for 640 neurons...
[2026-06-26 04:37:39][INFO] SIM_BRIDGE: Generating connections (3D)...
[2026-06-26 04:37:39][INFO] SIM_BRIDGE: Simulation data initialized for 640 neurons (3D). Synapses: 0. GPU memory: 1.6GB/25.8GB (6.2%)
[2026-06-26 04:38:07][INFO] SIM_BRIDGE: CuPy using GPU: NVIDIA GeForce RTX 3090 (24.0 GB), mempool limit: 80%
[2026-06-26 04:38:07][INFO] SIM_BRIDGE: Initializing simulation data for model: IZHIKEVICH (3D)... (playback_init: False)
[2026-06-26 04:38:07][INFO] SIM_BRIDGE: RNG initialized with seed: 42
[2026-06-26 04:38:07][INFO] SIM_BRIDGE: Initializing Izhikevich model specifics for 4864 neurons...
[2026-06-26 04:38:07][INFO] SIM_BRIDGE: Applying parameter heterogeneity to neuron parameters...
[2026-06-26 04:38:07][INFO] SIM_BRIDGE: Applied heterogeneity to 4 parameters.
[2026-06-26 04:38:07][INFO] SIM_BRIDGE: Initializing OU process state (tau=15.0ms, sigma=0.0pA)...
[2026-06-26 04:38:07][INFO] SIM_BRIDGE: Generating 3D neuron positions for 4864 neurons...
[2026-06-26 04:38:07][INFO] SIM_BRIDGE: Generating connections (3D)...
[2026-06-26 04:38:07][INFO] SIM_BRIDGE: Simulation data initialized for 4864 neurons (3D). Synapses: 0. GPU memory: 1.6GB/25.8GB (6.2%)
    [growth] mastered tier 16 -> promoted to 24
    [bundle] saved day-11 developed brain -> bridges/developed/month1\day_11 (19 facts, 25 codes)
  [day 11] vocab=24 heard=24 facts=11 recall=1.00 heldout=0.00 retain=1.00 chain=- moat_fa=0 corr(M,C)=+0.85 tier=24 replay=5 win=2500 (138.0s wake=13.2s)
[2026-06-26 04:38:24][INFO] SIM_BRIDGE: CuPy using GPU: NVIDIA GeForce RTX 3090 (24.0 GB), mempool limit: 80%
[2026-06-26 04:38:24][INFO] SIM_BRIDGE: Initializing simulation data for model: IZHIKEVICH (3D)... (playback_init: False)
[2026-06-26 04:38:24][INFO] SIM_BRIDGE: RNG initialized with seed: 42
[2026-06-26 04:38:24][INFO] SIM_BRIDGE: Initializing Izhikevich model specifics for 126 neurons...
[2026-06-26 04:38:24][INFO] SIM_BRIDGE: Applying parameter heterogeneity to neuron parameters...
[2026-06-26 04:38:24][INFO] SIM_BRIDGE: Applied heterogeneity to 4 parameters.
[2026-06-26 04:38:24][INFO] SIM_BRIDGE: Initializing OU process state (tau=15.0ms, sigma=20.0pA)...
[2026-06-26 04:38:24][INFO] SIM_BRIDGE: Generating 3D neuron positions for 126 neurons...
[2026-06-26 04:38:24][INFO] SIM_BRIDGE: Generating connections (3D)...
[2026-06-26 04:38:24][INFO] SIM_BRIDGE: Simulation data initialized for 126 neurons (3D). Synapses: 0. GPU memory: 1.6GB/25.8GB (6.2%)
[2026-06-26 04:38:24][INFO] SIM_BRIDGE: inject_explicit_wiring: installed 720 synapses across 1 populations.
[2026-06-26 04:39:02][INFO] SIM_BRIDGE: CuPy using GPU: NVIDIA GeForce RTX 3090 (24.0 GB), mempool limit: 80%
[2026-06-26 04:39:02][INFO] SIM_BRIDGE: Initializing simulation data for model: IZHIKEVICH (3D)... (playback_init: False)
[2026-06-26 04:39:02][INFO] SIM_BRIDGE: RNG initialized with seed: 42
[2026-06-26 04:39:02][INFO] SIM_BRIDGE: Initializing Izhikevich model specifics for 224 neurons...
[2026-06-26 04:39:02][INFO] SIM_BRIDGE: Applying parameter heterogeneity to neuron parameters...
[2026-06-26 04:39:02][INFO] SIM_BRIDGE: Applied heterogeneity to 4 parameters.
[2026-06-26 04:39:02][INFO] SIM_BRIDGE: Initializing OU process state (tau=15.0ms, sigma=20.0pA)...
[2026-06-26 04:39:02][INFO] SIM_BRIDGE: Generating 3D neuron positions for 224 neurons...
[2026-06-26 04:39:02][INFO] SIM_BRIDGE: Generating connections (3D)...
[2026-06-26 04:39:02][INFO] SIM_BRIDGE: Simulation data initialized for 224 neurons (3D). Synapses: 0. GPU memory: 1.6GB/25.8GB (6.2%)
[2026-06-26 04:39:02][INFO] SIM_BRIDGE: inject_explicit_wiring: installed 4800 synapses across 1 populations.
[2026-06-26 04:39:56][INFO] SIM_BRIDGE: CuPy using GPU: NVIDIA GeForce RTX 3090 (24.0 GB), mempool limit: 80%
[2026-06-26 04:39:56][INFO] SIM_BRIDGE: Initializing simulation data for model: IZHIKEVICH (3D)... (playback_init: False)
[2026-06-26 04:39:56][INFO] SIM_BRIDGE: Brain-region framework: 2 regions, 2560 total neurons, 2 pathways.
[2026-06-26 04:39:56][INFO] SIM_BRIDGE: RNG initialized with seed: 42
[2026-06-26 04:39:56][INFO] SIM_BRIDGE: NMDA per-region mask: 2 regions enabled (2560 neurons)
[2026-06-26 04:39:56][INFO] SIM_BRIDGE: Initializing Izhikevich model specifics for 2560 neurons...
[2026-06-26 04:39:56][INFO] SIM_BRIDGE: Region 'cortex_ctx' (1280 neurons): using Izh type IZH2007_HIPPO_PYRAMIDAL
[2026-06-26 04:39:56][INFO] SIM_BRIDGE: Region 'dlpfc_wm' (1280 neurons): using Izh type IZH2007_HIPPO_PYRAMIDAL
[2026-06-26 04:39:56][INFO] SIM_BRIDGE: Applying parameter heterogeneity to neuron parameters...
[2026-06-26 04:39:56][INFO] SIM_BRIDGE: Applied heterogeneity to 4 parameters.
[2026-06-26 04:39:56][INFO] SIM_BRIDGE: Generating 3D neuron positions for 2560 neurons...
[2026-06-26 04:39:56][INFO] SIM_BRIDGE: Generating connections (brain-region framework)...
[2026-06-26 04:39:57][INFO] SIM_BRIDGE: inject_explicit_wiring: installed 491754 synapses across 4 populations.
[2026-06-26 04:39:57][INFO] SIM_BRIDGE: Initializing eligibility traces for 491754 synapses (capacity: 737631, dtype: float32)...
[2026-06-26 04:39:57][INFO] SIM_BRIDGE: Initializing STDP state for 2560 neurons...
[2026-06-26 04:39:57][INFO] SIM_BRIDGE: Simulation data initialized for 2560 neurons (3D). Synapses: 491754. GPU memory: 1.6GB/25.8GB (6.2%)
[2026-06-26 04:39:58][INFO] SIM_BRIDGE: CuPy using GPU: NVIDIA GeForce RTX 3090 (24.0 GB), mempool limit: 80%
[2026-06-26 04:39:58][INFO] SIM_BRIDGE: Initializing simulation data for model: IZHIKEVICH (3D)... (playback_init: False)
[2026-06-26 04:39:58][INFO] SIM_BRIDGE: RNG initialized with seed: 42
[2026-06-26 04:39:58][INFO] SIM_BRIDGE: Initializing Izhikevich model specifics for 256 neurons...
[2026-06-26 04:39:58][INFO] SIM_BRIDGE: Applying parameter heterogeneity to neuron parameters...
[2026-06-26 04:39:58][INFO] SIM_BRIDGE: Applied heterogeneity to 4 parameters.
[2026-06-26 04:39:58][INFO] SIM_BRIDGE: Initializing OU process state (tau=15.0ms, sigma=0.0pA)...
[2026-06-26 04:39:58][INFO] SIM_BRIDGE: Generating 3D neuron positions for 256 neurons...
[2026-06-26 04:39:58][INFO] SIM_BRIDGE: Generating connections (3D)...
[2026-06-26 04:39:58][INFO] SIM_BRIDGE: Simulation data initialized for 256 neurons (3D). Synapses: 0. GPU memory: 1.6GB/25.8GB (6.2%)
[2026-06-26 04:39:58][INFO] SIM_BRIDGE: CuPy using GPU: NVIDIA GeForce RTX 3090 (24.0 GB), mempool limit: 80%
[2026-06-26 04:39:58][INFO] SIM_BRIDGE: Initializing simulation data for model: IZHIKEVICH (3D)... (playback_init: False)
[2026-06-26 04:39:58][INFO] SIM_BRIDGE: RNG initialized with seed: 42
[2026-06-26 04:39:58][INFO] SIM_BRIDGE: Initializing Izhikevich model specifics for 640 neurons...
[2026-06-26 04:39:58][INFO] SIM_BRIDGE: Applying parameter heterogeneity to neuron parameters...
[2026-06-26 04:39:58][INFO] SIM_BRIDGE: Applied heterogeneity to 4 parameters.
[2026-06-26 04:39:58][INFO] SIM_BRIDGE: Initializing OU process state (tau=15.0ms, sigma=0.0pA)...
[2026-06-26 04:39:58][INFO] SIM_BRIDGE: Generating 3D neuron positions for 640 neurons...
[2026-06-26 04:39:58][INFO] SIM_BRIDGE: Generating connections (3D)...
[2026-06-26 04:39:58][INFO] SIM_BRIDGE: Simulation data initialized for 640 neurons (3D). Synapses: 0. GPU memory: 1.6GB/25.8GB (6.2%)
[2026-06-26 04:40:20][INFO] SIM_BRIDGE: CuPy using GPU: NVIDIA GeForce RTX 3090 (24.0 GB), mempool limit: 80%
[2026-06-26 04:40:20][INFO] SIM_BRIDGE: Initializing simulation data for model: IZHIKEVICH (3D)... (playback_init: False)
[2026-06-26 04:40:20][INFO] SIM_BRIDGE: RNG initialized with seed: 42
[2026-06-26 04:40:20][INFO] SIM_BRIDGE: Initializing Izhikevich model specifics for 4608 neurons...
[2026-06-26 04:40:20][INFO] SIM_BRIDGE: Applying parameter heterogeneity to neuron parameters...
[2026-06-26 04:40:20][INFO] SIM_BRIDGE: Applied heterogeneity to 4 parameters.
[2026-06-26 04:40:20][INFO] SIM_BRIDGE: Initializing OU process state (tau=15.0ms, sigma=0.0pA)...
[2026-06-26 04:40:20][INFO] SIM_BRIDGE: Generating 3D neuron positions for 4608 neurons...
[2026-06-26 04:40:20][INFO] SIM_BRIDGE: Generating connections (3D)...
[2026-06-26 04:40:20][INFO] SIM_BRIDGE: Simulation data initialized for 4608 neurons (3D). Synapses: 0. GPU memory: 1.6GB/25.8GB (6.2%)
    [bundle] saved day-12 developed brain -> bridges/developed/month1\day_12 (18 facts, 25 codes)
  [day 12] vocab=24 heard=24 facts=11 recall=1.00 heldout=- retain=- chain=- moat_fa=0 corr(M,C)=+0.85 tier=24 replay=5 win=2500 (132.0s wake=14.9s)
[2026-06-26 04:40:35][INFO] SIM_BRIDGE: CuPy using GPU: NVIDIA GeForce RTX 3090 (24.0 GB), mempool limit: 80%
[2026-06-26 04:40:35][INFO] SIM_BRIDGE: Initializing simulation data for model: IZHIKEVICH (3D)... (playback_init: False)
[2026-06-26 04:40:35][INFO] SIM_BRIDGE: RNG initialized with seed: 42
[2026-06-26 04:40:35][INFO] SIM_BRIDGE: Initializing Izhikevich model specifics for 126 neurons...
[2026-06-26 04:40:35][INFO] SIM_BRIDGE: Applying parameter heterogeneity to neuron parameters...
[2026-06-26 04:40:35][INFO] SIM_BRIDGE: Applied heterogeneity to 4 parameters.
[2026-06-26 04:40:35][INFO] SIM_BRIDGE: Initializing OU process state (tau=15.0ms, sigma=20.0pA)...
[2026-06-26 04:40:35][INFO] SIM_BRIDGE: Generating 3D neuron positions for 126 neurons...
[2026-06-26 04:40:35][INFO] SIM_BRIDGE: Generating connections (3D)...
[2026-06-26 04:40:35][INFO] SIM_BRIDGE: Simulation data initialized for 126 neurons (3D). Synapses: 0. GPU memory: 1.6GB/25.8GB (6.2%)
[2026-06-26 04:40:35][INFO] SIM_BRIDGE: inject_explicit_wiring: installed 720 synapses across 1 populations.
[2026-06-26 04:41:12][INFO] SIM_BRIDGE: CuPy using GPU: NVIDIA GeForce RTX 3090 (24.0 GB), mempool limit: 80%
[2026-06-26 04:41:12][INFO] SIM_BRIDGE: Initializing simulation data for model: IZHIKEVICH (3D)... (playback_init: False)
[2026-06-26 04:41:12][INFO] SIM_BRIDGE: RNG initialized with seed: 42
[2026-06-26 04:41:12][INFO] SIM_BRIDGE: Initializing Izhikevich model specifics for 224 neurons...
[2026-06-26 04:41:12][INFO] SIM_BRIDGE: Applying parameter heterogeneity to neuron parameters...
[2026-06-26 04:41:12][INFO] SIM_BRIDGE: Applied heterogeneity to 4 parameters.
[2026-06-26 04:41:12][INFO] SIM_BRIDGE: Initializing OU process state (tau=15.0ms, sigma=20.0pA)...
[2026-06-26 04:41:12][INFO] SIM_BRIDGE: Generating 3D neuron positions for 224 neurons...
[2026-06-26 04:41:12][INFO] SIM_BRIDGE: Generating connections (3D)...
[2026-06-26 04:41:12][INFO] SIM_BRIDGE: Simulation data initialized for 224 neurons (3D). Synapses: 0. GPU memory: 1.6GB/25.8GB (6.2%)
[2026-06-26 04:41:12][INFO] SIM_BRIDGE: inject_explicit_wiring: installed 4800 synapses across 1 populations.
[2026-06-26 04:42:07][INFO] SIM_BRIDGE: CuPy using GPU: NVIDIA GeForce RTX 3090 (24.0 GB), mempool limit: 80%
[2026-06-26 04:42:07][INFO] SIM_BRIDGE: Initializing simulation data for model: IZHIKEVICH (3D)... (playback_init: False)
[2026-06-26 04:42:07][INFO] SIM_BRIDGE: Brain-region framework: 2 regions, 2560 total neurons, 2 pathways.
[2026-06-26 04:42:07][INFO] SIM_BRIDGE: RNG initialized with seed: 42
[2026-06-26 04:42:07][INFO] SIM_BRIDGE: NMDA per-region mask: 2 regions enabled (2560 neurons)
[2026-06-26 04:42:07][INFO] SIM_BRIDGE: Initializing Izhikevich model specifics for 2560 neurons...
[2026-06-26 04:42:07][INFO] SIM_BRIDGE: Region 'cortex_ctx' (1280 neurons): using Izh type IZH2007_HIPPO_PYRAMIDAL
[2026-06-26 04:42:07][INFO] SIM_BRIDGE: Region 'dlpfc_wm' (1280 neurons): using Izh type IZH2007_HIPPO_PYRAMIDAL
[2026-06-26 04:42:07][INFO] SIM_BRIDGE: Applying parameter heterogeneity to neuron parameters...
[2026-06-26 04:42:07][INFO] SIM_BRIDGE: Applied heterogeneity to 4 parameters.
[2026-06-26 04:42:07][INFO] SIM_BRIDGE: Generating 3D neuron positions for 2560 neurons...
[2026-06-26 04:42:07][INFO] SIM_BRIDGE: Generating connections (brain-region framework)...
[2026-06-26 04:42:08][INFO] SIM_BRIDGE: inject_explicit_wiring: installed 491754 synapses across 4 populations.
[2026-06-26 04:42:08][INFO] SIM_BRIDGE: Initializing eligibility traces for 491754 synapses (capacity: 737631, dtype: float32)...
[2026-06-26 04:42:08][INFO] SIM_BRIDGE: Initializing STDP state for 2560 neurons...
[2026-06-26 04:42:08][INFO] SIM_BRIDGE: Simulation data initialized for 2560 neurons (3D). Synapses: 491754. GPU memory: 1.6GB/25.8GB (6.2%)
[2026-06-26 04:42:09][INFO] SIM_BRIDGE: CuPy using GPU: NVIDIA GeForce RTX 3090 (24.0 GB), mempool limit: 80%
[2026-06-26 04:42:09][INFO] SIM_BRIDGE: Initializing simulation data for model: IZHIKEVICH (3D)... (playback_init: False)
[2026-06-26 04:42:09][INFO] SIM_BRIDGE: RNG initialized with seed: 42
[2026-06-26 04:42:09][INFO] SIM_BRIDGE: Initializing Izhikevich model specifics for 256 neurons...
[2026-06-26 04:42:09][INFO] SIM_BRIDGE: Applying parameter heterogeneity to neuron parameters...
[2026-06-26 04:42:09][INFO] SIM_BRIDGE: Applied heterogeneity to 4 parameters.
[2026-06-26 04:42:09][INFO] SIM_BRIDGE: Initializing OU process state (tau=15.0ms, sigma=0.0pA)...
[2026-06-26 04:42:09][INFO] SIM_BRIDGE: Generating 3D neuron positions for 256 neurons...
[2026-06-26 04:42:09][INFO] SIM_BRIDGE: Generating connections (3D)...
[2026-06-26 04:42:09][INFO] SIM_BRIDGE: Simulation data initialized for 256 neurons (3D). Synapses: 0. GPU memory: 1.6GB/25.8GB (6.2%)
[2026-06-26 04:42:09][INFO] SIM_BRIDGE: CuPy using GPU: NVIDIA GeForce RTX 3090 (24.0 GB), mempool limit: 80%
[2026-06-26 04:42:09][INFO] SIM_BRIDGE: Initializing simulation data for model: IZHIKEVICH (3D)... (playback_init: False)
[2026-06-26 04:42:09][INFO] SIM_BRIDGE: RNG initialized with seed: 42
[2026-06-26 04:42:09][INFO] SIM_BRIDGE: Initializing Izhikevich model specifics for 640 neurons...
[2026-06-26 04:42:09][INFO] SIM_BRIDGE: Applying parameter heterogeneity to neuron parameters...
[2026-06-26 04:42:09][INFO] SIM_BRIDGE: Applied heterogeneity to 4 parameters.
[2026-06-26 04:42:09][INFO] SIM_BRIDGE: Initializing OU process state (tau=15.0ms, sigma=0.0pA)...
[2026-06-26 04:42:09][INFO] SIM_BRIDGE: Generating 3D neuron positions for 640 neurons...
[2026-06-26 04:42:09][INFO] SIM_BRIDGE: Generating connections (3D)...
[2026-06-26 04:42:09][INFO] SIM_BRIDGE: Simulation data initialized for 640 neurons (3D). Synapses: 0. GPU memory: 1.6GB/25.8GB (6.2%)
[2026-06-26 04:42:33][INFO] SIM_BRIDGE: CuPy using GPU: NVIDIA GeForce RTX 3090 (24.0 GB), mempool limit: 80%
[2026-06-26 04:42:33][INFO] SIM_BRIDGE: Initializing simulation data for model: IZHIKEVICH (3D)... (playback_init: False)
[2026-06-26 04:42:33][INFO] SIM_BRIDGE: RNG initialized with seed: 42
[2026-06-26 04:42:33][INFO] SIM_BRIDGE: Initializing Izhikevich model specifics for 4864 neurons...
[2026-06-26 04:42:33][INFO] SIM_BRIDGE: Applying parameter heterogeneity to neuron parameters...
[2026-06-26 04:42:33][INFO] SIM_BRIDGE: Applied heterogeneity to 4 parameters.
[2026-06-26 04:42:33][INFO] SIM_BRIDGE: Initializing OU process state (tau=15.0ms, sigma=0.0pA)...
[2026-06-26 04:42:33][INFO] SIM_BRIDGE: Generating 3D neuron positions for 4864 neurons...
[2026-06-26 04:42:33][INFO] SIM_BRIDGE: Generating connections (3D)...
[2026-06-26 04:42:33][INFO] SIM_BRIDGE: Simulation data initialized for 4864 neurons (3D). Synapses: 0. GPU memory: 1.6GB/25.8GB (6.2%)
    [bundle] saved day-13 developed brain -> bridges/developed/month1\day_13 (19 facts, 25 codes)
  [day 13] vocab=24 heard=24 facts=11 recall=1.00 heldout=1.00 retain=1.00 chain=- moat_fa=0 corr(M,C)=+0.85 tier=24 replay=5 win=2500 (133.8s wake=13.4s)
[2026-06-26 04:42:49][INFO] SIM_BRIDGE: CuPy using GPU: NVIDIA GeForce RTX 3090 (24.0 GB), mempool limit: 80%
[2026-06-26 04:42:49][INFO] SIM_BRIDGE: Initializing simulation data for model: IZHIKEVICH (3D)... (playback_init: False)
[2026-06-26 04:42:49][INFO] SIM_BRIDGE: RNG initialized with seed: 42
[2026-06-26 04:42:49][INFO] SIM_BRIDGE: Initializing Izhikevich model specifics for 126 neurons...
[2026-06-26 04:42:49][INFO] SIM_BRIDGE: Applying parameter heterogeneity to neuron parameters...
[2026-06-26 04:42:49][INFO] SIM_BRIDGE: Applied heterogeneity to 4 parameters.
[2026-06-26 04:42:49][INFO] SIM_BRIDGE: Initializing OU process state (tau=15.0ms, sigma=20.0pA)...
[2026-06-26 04:42:49][INFO] SIM_BRIDGE: Generating 3D neuron positions for 126 neurons...
[2026-06-26 04:42:49][INFO] SIM_BRIDGE: Generating connections (3D)...
[2026-06-26 04:42:49][INFO] SIM_BRIDGE: Simulation data initialized for 126 neurons (3D). Synapses: 0. GPU memory: 1.6GB/25.8GB (6.2%)
[2026-06-26 04:42:49][INFO] SIM_BRIDGE: inject_explicit_wiring: installed 720 synapses across 1 populations.
[2026-06-26 04:43:26][INFO] SIM_BRIDGE: CuPy using GPU: NVIDIA GeForce RTX 3090 (24.0 GB), mempool limit: 80%
[2026-06-26 04:43:26][INFO] SIM_BRIDGE: Initializing simulation data for model: IZHIKEVICH (3D)... (playback_init: False)
[2026-06-26 04:43:26][INFO] SIM_BRIDGE: RNG initialized with seed: 42
[2026-06-26 04:43:26][INFO] SIM_BRIDGE: Initializing Izhikevich model specifics for 224 neurons...
[2026-06-26 04:43:26][INFO] SIM_BRIDGE: Applying parameter heterogeneity to neuron parameters...
[2026-06-26 04:43:26][INFO] SIM_BRIDGE: Applied heterogeneity to 4 parameters.
[2026-06-26 04:43:26][INFO] SIM_BRIDGE: Initializing OU process state (tau=15.0ms, sigma=20.0pA)...
[2026-06-26 04:43:26][INFO] SIM_BRIDGE: Generating 3D neuron positions for 224 neurons...
[2026-06-26 04:43:26][INFO] SIM_BRIDGE: Generating connections (3D)...
[2026-06-26 04:43:26][INFO] SIM_BRIDGE: Simulation data initialized for 224 neurons (3D). Synapses: 0. GPU memory: 1.6GB/25.8GB (6.2%)
[2026-06-26 04:43:26][INFO] SIM_BRIDGE: inject_explicit_wiring: installed 4800 synapses across 1 populations.
[2026-06-26 04:44:21][INFO] SIM_BRIDGE: CuPy using GPU: NVIDIA GeForce RTX 3090 (24.0 GB), mempool limit: 80%
[2026-06-26 04:44:21][INFO] SIM_BRIDGE: Initializing simulation data for model: IZHIKEVICH (3D)... (playback_init: False)
[2026-06-26 04:44:21][INFO] SIM_BRIDGE: Brain-region framework: 2 regions, 2560 total neurons, 2 pathways.
[2026-06-26 04:44:21][INFO] SIM_BRIDGE: RNG initialized with seed: 42
[2026-06-26 04:44:21][INFO] SIM_BRIDGE: NMDA per-region mask: 2 regions enabled (2560 neurons)
[2026-06-26 04:44:21][INFO] SIM_BRIDGE: Initializing Izhikevich model specifics for 2560 neurons...
[2026-06-26 04:44:21][INFO] SIM_BRIDGE: Region 'cortex_ctx' (1280 neurons): using Izh type IZH2007_HIPPO_PYRAMIDAL
[2026-06-26 04:44:21][INFO] SIM_BRIDGE: Region 'dlpfc_wm' (1280 neurons): using Izh type IZH2007_HIPPO_PYRAMIDAL
[2026-06-26 04:44:21][INFO] SIM_BRIDGE: Applying parameter heterogeneity to neuron parameters...
[2026-06-26 04:44:21][INFO] SIM_BRIDGE: Applied heterogeneity to 4 parameters.
[2026-06-26 04:44:21][INFO] SIM_BRIDGE: Generating 3D neuron positions for 2560 neurons...
[2026-06-26 04:44:21][INFO] SIM_BRIDGE: Generating connections (brain-region framework)...
[2026-06-26 04:44:22][INFO] SIM_BRIDGE: inject_explicit_wiring: installed 491754 synapses across 4 populations.
[2026-06-26 04:44:22][INFO] SIM_BRIDGE: Initializing eligibility traces for 491754 synapses (capacity: 737631, dtype: float32)...
[2026-06-26 04:44:22][INFO] SIM_BRIDGE: Initializing STDP state for 2560 neurons...
[2026-06-26 04:44:22][INFO] SIM_BRIDGE: Simulation data initialized for 2560 neurons (3D). Synapses: 491754. GPU memory: 1.6GB/25.8GB (6.2%)
[2026-06-26 04:44:23][INFO] SIM_BRIDGE: CuPy using GPU: NVIDIA GeForce RTX 3090 (24.0 GB), mempool limit: 80%
[2026-06-26 04:44:23][INFO] SIM_BRIDGE: Initializing simulation data for model: IZHIKEVICH (3D)... (playback_init: False)
[2026-06-26 04:44:23][INFO] SIM_BRIDGE: RNG initialized with seed: 42
[2026-06-26 04:44:23][INFO] SIM_BRIDGE: Initializing Izhikevich model specifics for 256 neurons...
[2026-06-26 04:44:23][INFO] SIM_BRIDGE: Applying parameter heterogeneity to neuron parameters...
[2026-06-26 04:44:23][INFO] SIM_BRIDGE: Applied heterogeneity to 4 parameters.
[2026-06-26 04:44:23][INFO] SIM_BRIDGE: Initializing OU process state (tau=15.0ms, sigma=0.0pA)...
[2026-06-26 04:44:23][INFO] SIM_BRIDGE: Generating 3D neuron positions for 256 neurons...
[2026-06-26 04:44:23][INFO] SIM_BRIDGE: Generating connections (3D)...
[2026-06-26 04:44:23][INFO] SIM_BRIDGE: Simulation data initialized for 256 neurons (3D). Synapses: 0. GPU memory: 1.6GB/25.8GB (6.2%)
[2026-06-26 04:44:24][INFO] SIM_BRIDGE: CuPy using GPU: NVIDIA GeForce RTX 3090 (24.0 GB), mempool limit: 80%
[2026-06-26 04:44:24][INFO] SIM_BRIDGE: Initializing simulation data for model: IZHIKEVICH (3D)... (playback_init: False)
[2026-06-26 04:44:24][INFO] SIM_BRIDGE: RNG initialized with seed: 42
[2026-06-26 04:44:24][INFO] SIM_BRIDGE: Initializing Izhikevich model specifics for 640 neurons...
[2026-06-26 04:44:24][INFO] SIM_BRIDGE: Applying parameter heterogeneity to neuron parameters...
[2026-06-26 04:44:24][INFO] SIM_BRIDGE: Applied heterogeneity to 4 parameters.
[2026-06-26 04:44:24][INFO] SIM_BRIDGE: Initializing OU process state (tau=15.0ms, sigma=0.0pA)...
[2026-06-26 04:44:24][INFO] SIM_BRIDGE: Generating 3D neuron positions for 640 neurons...
[2026-06-26 04:44:24][INFO] SIM_BRIDGE: Generating connections (3D)...
[2026-06-26 04:44:24][INFO] SIM_BRIDGE: Simulation data initialized for 640 neurons (3D). Synapses: 0. GPU memory: 1.6GB/25.8GB (6.2%)
[2026-06-26 04:44:47][INFO] SIM_BRIDGE: CuPy using GPU: NVIDIA GeForce RTX 3090 (24.0 GB), mempool limit: 80%
[2026-06-26 04:44:47][INFO] SIM_BRIDGE: Initializing simulation data for model: IZHIKEVICH (3D)... (playback_init: False)
[2026-06-26 04:44:47][INFO] SIM_BRIDGE: RNG initialized with seed: 42
[2026-06-26 04:44:47][INFO] SIM_BRIDGE: Initializing Izhikevich model specifics for 4864 neurons...
[2026-06-26 04:44:47][INFO] SIM_BRIDGE: Applying parameter heterogeneity to neuron parameters...
[2026-06-26 04:44:47][INFO] SIM_BRIDGE: Applied heterogeneity to 4 parameters.
[2026-06-26 04:44:47][INFO] SIM_BRIDGE: Initializing OU process state (tau=15.0ms, sigma=0.0pA)...
[2026-06-26 04:44:47][INFO] SIM_BRIDGE: Generating 3D neuron positions for 4864 neurons...
[2026-06-26 04:44:47][INFO] SIM_BRIDGE: Generating connections (3D)...
[2026-06-26 04:44:47][INFO] SIM_BRIDGE: Simulation data initialized for 4864 neurons (3D). Synapses: 0. GPU memory: 1.6GB/25.8GB (6.2%)
    [growth] mastered tier 24 -> promoted to 32
    [bundle] saved day-14 developed brain -> bridges/developed/month1\day_14 (19 facts, 25 codes)
  [day 14] vocab=24 heard=24 facts=11 recall=1.00 heldout=1.00 retain=1.00 chain=1.00 moat_fa=0 corr(M,C)=+0.85 tier=32 replay=5 win=2500 (135.5s wake=13.7s)
[2026-06-26 04:45:04][INFO] SIM_BRIDGE: CuPy using GPU: NVIDIA GeForce RTX 3090 (24.0 GB), mempool limit: 80%
[2026-06-26 04:45:04][INFO] SIM_BRIDGE: Initializing simulation data for model: IZHIKEVICH (3D)... (playback_init: False)
[2026-06-26 04:45:04][INFO] SIM_BRIDGE: RNG initialized with seed: 42
[2026-06-26 04:45:04][INFO] SIM_BRIDGE: Initializing Izhikevich model specifics for 126 neurons...
[2026-06-26 04:45:04][INFO] SIM_BRIDGE: Applying parameter heterogeneity to neuron parameters...
[2026-06-26 04:45:04][INFO] SIM_BRIDGE: Applied heterogeneity to 4 parameters.
[2026-06-26 04:45:04][INFO] SIM_BRIDGE: Initializing OU process state (tau=15.0ms, sigma=20.0pA)...
[2026-06-26 04:45:04][INFO] SIM_BRIDGE: Generating 3D neuron positions for 126 neurons...
[2026-06-26 04:45:04][INFO] SIM_BRIDGE: Generating connections (3D)...
[2026-06-26 04:45:04][INFO] SIM_BRIDGE: Simulation data initialized for 126 neurons (3D). Synapses: 0. GPU memory: 1.6GB/25.8GB (6.2%)
[2026-06-26 04:45:04][INFO] SIM_BRIDGE: inject_explicit_wiring: installed 720 synapses across 1 populations.
[2026-06-26 04:45:41][INFO] SIM_BRIDGE: CuPy using GPU: NVIDIA GeForce RTX 3090 (24.0 GB), mempool limit: 80%
[2026-06-26 04:45:41][INFO] SIM_BRIDGE: Initializing simulation data for model: IZHIKEVICH (3D)... (playback_init: False)
[2026-06-26 04:45:41][INFO] SIM_BRIDGE: RNG initialized with seed: 42
[2026-06-26 04:45:41][INFO] SIM_BRIDGE: Initializing Izhikevich model specifics for 224 neurons...
[2026-06-26 04:45:41][INFO] SIM_BRIDGE: Applying parameter heterogeneity to neuron parameters...
[2026-06-26 04:45:41][INFO] SIM_BRIDGE: Applied heterogeneity to 4 parameters.
[2026-06-26 04:45:41][INFO] SIM_BRIDGE: Initializing OU process state (tau=15.0ms, sigma=20.0pA)...
[2026-06-26 04:45:41][INFO] SIM_BRIDGE: Generating 3D neuron positions for 224 neurons...
[2026-06-26 04:45:41][INFO] SIM_BRIDGE: Generating connections (3D)...
[2026-06-26 04:45:41][INFO] SIM_BRIDGE: Simulation data initialized for 224 neurons (3D). Synapses: 0. GPU memory: 1.6GB/25.8GB (6.2%)
[2026-06-26 04:45:41][INFO] SIM_BRIDGE: inject_explicit_wiring: installed 4800 synapses across 1 populations.
[2026-06-26 04:46:36][INFO] SIM_BRIDGE: CuPy using GPU: NVIDIA GeForce RTX 3090 (24.0 GB), mempool limit: 80%
[2026-06-26 04:46:36][INFO] SIM_BRIDGE: Initializing simulation data for model: IZHIKEVICH (3D)... (playback_init: False)
[2026-06-26 04:46:36][INFO] SIM_BRIDGE: Brain-region framework: 2 regions, 2560 total neurons, 2 pathways.
[2026-06-26 04:46:36][INFO] SIM_BRIDGE: RNG initialized with seed: 42
[2026-06-26 04:46:36][INFO] SIM_BRIDGE: NMDA per-region mask: 2 regions enabled (2560 neurons)
[2026-06-26 04:46:36][INFO] SIM_BRIDGE: Initializing Izhikevich model specifics for 2560 neurons...
[2026-06-26 04:46:36][INFO] SIM_BRIDGE: Region 'cortex_ctx' (1280 neurons): using Izh type IZH2007_HIPPO_PYRAMIDAL
[2026-06-26 04:46:36][INFO] SIM_BRIDGE: Region 'dlpfc_wm' (1280 neurons): using Izh type IZH2007_HIPPO_PYRAMIDAL
[2026-06-26 04:46:36][INFO] SIM_BRIDGE: Applying parameter heterogeneity to neuron parameters...
[2026-06-26 04:46:36][INFO] SIM_BRIDGE: Applied heterogeneity to 4 parameters.
[2026-06-26 04:46:36][INFO] SIM_BRIDGE: Generating 3D neuron positions for 2560 neurons...
[2026-06-26 04:46:36][INFO] SIM_BRIDGE: Generating connections (brain-region framework)...
[2026-06-26 04:46:36][INFO] SIM_BRIDGE: inject_explicit_wiring: installed 491754 synapses across 4 populations.
[2026-06-26 04:46:36][INFO] SIM_BRIDGE: Initializing eligibility traces for 491754 synapses (capacity: 737631, dtype: float32)...
[2026-06-26 04:46:36][INFO] SIM_BRIDGE: Initializing STDP state for 2560 neurons...
[2026-06-26 04:46:36][INFO] SIM_BRIDGE: Simulation data initialized for 2560 neurons (3D). Synapses: 491754. GPU memory: 1.6GB/25.8GB (6.2%)
[2026-06-26 04:46:37][INFO] SIM_BRIDGE: CuPy using GPU: NVIDIA GeForce RTX 3090 (24.0 GB), mempool limit: 80%
[2026-06-26 04:46:37][INFO] SIM_BRIDGE: Initializing simulation data for model: IZHIKEVICH (3D)... (playback_init: False)
[2026-06-26 04:46:37][INFO] SIM_BRIDGE: RNG initialized with seed: 42
[2026-06-26 04:46:37][INFO] SIM_BRIDGE: Initializing Izhikevich model specifics for 256 neurons...
[2026-06-26 04:46:37][INFO] SIM_BRIDGE: Applying parameter heterogeneity to neuron parameters...
[2026-06-26 04:46:37][INFO] SIM_BRIDGE: Applied heterogeneity to 4 parameters.
[2026-06-26 04:46:37][INFO] SIM_BRIDGE: Initializing OU process state (tau=15.0ms, sigma=0.0pA)...
[2026-06-26 04:46:37][INFO] SIM_BRIDGE: Generating 3D neuron positions for 256 neurons...
[2026-06-26 04:46:37][INFO] SIM_BRIDGE: Generating connections (3D)...
[2026-06-26 04:46:37][INFO] SIM_BRIDGE: Simulation data initialized for 256 neurons (3D). Synapses: 0. GPU memory: 1.6GB/25.8GB (6.2%)
[2026-06-26 04:46:38][INFO] SIM_BRIDGE: CuPy using GPU: NVIDIA GeForce RTX 3090 (24.0 GB), mempool limit: 80%
[2026-06-26 04:46:38][INFO] SIM_BRIDGE: Initializing simulation data for model: IZHIKEVICH (3D)... (playback_init: False)
[2026-06-26 04:46:38][INFO] SIM_BRIDGE: RNG initialized with seed: 42
[2026-06-26 04:46:38][INFO] SIM_BRIDGE: Initializing Izhikevich model specifics for 640 neurons...
[2026-06-26 04:46:38][INFO] SIM_BRIDGE: Applying parameter heterogeneity to neuron parameters...
[2026-06-26 04:46:38][INFO] SIM_BRIDGE: Applied heterogeneity to 4 parameters.
[2026-06-26 04:46:38][INFO] SIM_BRIDGE: Initializing OU process state (tau=15.0ms, sigma=0.0pA)...
[2026-06-26 04:46:38][INFO] SIM_BRIDGE: Generating 3D neuron positions for 640 neurons...
[2026-06-26 04:46:38][INFO] SIM_BRIDGE: Generating connections (3D)...
[2026-06-26 04:46:38][INFO] SIM_BRIDGE: Simulation data initialized for 640 neurons (3D). Synapses: 0. GPU memory: 1.6GB/25.8GB (6.2%)
[2026-06-26 04:47:02][INFO] SIM_BRIDGE: CuPy using GPU: NVIDIA GeForce RTX 3090 (24.0 GB), mempool limit: 80%
[2026-06-26 04:47:02][INFO] SIM_BRIDGE: Initializing simulation data for model: IZHIKEVICH (3D)... (playback_init: False)
[2026-06-26 04:47:02][INFO] SIM_BRIDGE: RNG initialized with seed: 42
[2026-06-26 04:47:02][INFO] SIM_BRIDGE: Initializing Izhikevich model specifics for 4864 neurons...
[2026-06-26 04:47:02][INFO] SIM_BRIDGE: Applying parameter heterogeneity to neuron parameters...
[2026-06-26 04:47:02][INFO] SIM_BRIDGE: Applied heterogeneity to 4 parameters.
[2026-06-26 04:47:02][INFO] SIM_BRIDGE: Initializing OU process state (tau=15.0ms, sigma=0.0pA)...
[2026-06-26 04:47:02][INFO] SIM_BRIDGE: Generating 3D neuron positions for 4864 neurons...
[2026-06-26 04:47:02][INFO] SIM_BRIDGE: Generating connections (3D)...
[2026-06-26 04:47:02][INFO] SIM_BRIDGE: Simulation data initialized for 4864 neurons (3D). Synapses: 0. GPU memory: 1.6GB/25.8GB (6.2%)
    [bundle] saved day-15 developed brain -> bridges/developed/month1\day_15 (19 facts, 25 codes)
  [day 15] vocab=24 heard=24 facts=11 recall=1.00 heldout=0.00 retain=1.00 chain=- moat_fa=0 corr(M,C)=+0.84 tier=32 replay=5 win=2500 (132.8s wake=13.3s)
[2026-06-26 04:47:17][INFO] SIM_BRIDGE: CuPy using GPU: NVIDIA GeForce RTX 3090 (24.0 GB), mempool limit: 80%
[2026-06-26 04:47:17][INFO] SIM_BRIDGE: Initializing simulation data for model: IZHIKEVICH (3D)... (playback_init: False)
[2026-06-26 04:47:17][INFO] SIM_BRIDGE: RNG initialized with seed: 42
[2026-06-26 04:47:17][INFO] SIM_BRIDGE: Initializing Izhikevich model specifics for 126 neurons...
[2026-06-26 04:47:17][INFO] SIM_BRIDGE: Applying parameter heterogeneity to neuron parameters...
[2026-06-26 04:47:17][INFO] SIM_BRIDGE: Applied heterogeneity to 4 parameters.
[2026-06-26 04:47:17][INFO] SIM_BRIDGE: Initializing OU process state (tau=15.0ms, sigma=20.0pA)...
[2026-06-26 04:47:17][INFO] SIM_BRIDGE: Generating 3D neuron positions for 126 neurons...
[2026-06-26 04:47:17][INFO] SIM_BRIDGE: Generating connections (3D)...
[2026-06-26 04:47:17][INFO] SIM_BRIDGE: Simulation data initialized for 126 neurons (3D). Synapses: 0. GPU memory: 1.6GB/25.8GB (6.2%)
[2026-06-26 04:47:17][INFO] SIM_BRIDGE: inject_explicit_wiring: installed 720 synapses across 1 populations.
[2026-06-26 04:47:54][INFO] SIM_BRIDGE: CuPy using GPU: NVIDIA GeForce RTX 3090 (24.0 GB), mempool limit: 80%
[2026-06-26 04:47:54][INFO] SIM_BRIDGE: Initializing simulation data for model: IZHIKEVICH (3D)... (playback_init: False)
[2026-06-26 04:47:54][INFO] SIM_BRIDGE: RNG initialized with seed: 42
[2026-06-26 04:47:54][INFO] SIM_BRIDGE: Initializing Izhikevich model specifics for 224 neurons...
[2026-06-26 04:47:54][INFO] SIM_BRIDGE: Applying parameter heterogeneity to neuron parameters...
[2026-06-26 04:47:54][INFO] SIM_BRIDGE: Applied heterogeneity to 4 parameters.
[2026-06-26 04:47:54][INFO] SIM_BRIDGE: Initializing OU process state (tau=15.0ms, sigma=20.0pA)...
[2026-06-26 04:47:54][INFO] SIM_BRIDGE: Generating 3D neuron positions for 224 neurons...
[2026-06-26 04:47:54][INFO] SIM_BRIDGE: Generating connections (3D)...
[2026-06-26 04:47:54][INFO] SIM_BRIDGE: Simulation data initialized for 224 neurons (3D). Synapses: 0. GPU memory: 1.6GB/25.8GB (6.2%)
[2026-06-26 04:47:54][INFO] SIM_BRIDGE: inject_explicit_wiring: installed 4800 synapses across 1 populations.
[2026-06-26 04:48:47][INFO] SIM_BRIDGE: CuPy using GPU: NVIDIA GeForce RTX 3090 (24.0 GB), mempool limit: 80%
[2026-06-26 04:48:47][INFO] SIM_BRIDGE: Initializing simulation data for model: IZHIKEVICH (3D)... (playback_init: False)
[2026-06-26 04:48:47][INFO] SIM_BRIDGE: Brain-region framework: 2 regions, 2560 total neurons, 2 pathways.
[2026-06-26 04:48:47][INFO] SIM_BRIDGE: RNG initialized with seed: 42
[2026-06-26 04:48:47][INFO] SIM_BRIDGE: NMDA per-region mask: 2 regions enabled (2560 neurons)
[2026-06-26 04:48:47][INFO] SIM_BRIDGE: Initializing Izhikevich model specifics for 2560 neurons...
[2026-06-26 04:48:47][INFO] SIM_BRIDGE: Region 'cortex_ctx' (1280 neurons): using Izh type IZH2007_HIPPO_PYRAMIDAL
[2026-06-26 04:48:47][INFO] SIM_BRIDGE: Region 'dlpfc_wm' (1280 neurons): using Izh type IZH2007_HIPPO_PYRAMIDAL
[2026-06-26 04:48:47][INFO] SIM_BRIDGE: Applying parameter heterogeneity to neuron parameters...
[2026-06-26 04:48:47][INFO] SIM_BRIDGE: Applied heterogeneity to 4 parameters.
[2026-06-26 04:48:47][INFO] SIM_BRIDGE: Generating 3D neuron positions for 2560 neurons...
[2026-06-26 04:48:47][INFO] SIM_BRIDGE: Generating connections (brain-region framework)...
[2026-06-26 04:48:48][INFO] SIM_BRIDGE: inject_explicit_wiring: installed 491754 synapses across 4 populations.
[2026-06-26 04:48:48][INFO] SIM_BRIDGE: Initializing eligibility traces for 491754 synapses (capacity: 737631, dtype: float32)...
[2026-06-26 04:48:48][INFO] SIM_BRIDGE: Initializing STDP state for 2560 neurons...
[2026-06-26 04:48:48][INFO] SIM_BRIDGE: Simulation data initialized for 2560 neurons (3D). Synapses: 491754. GPU memory: 1.6GB/25.8GB (6.2%)
[2026-06-26 04:48:49][INFO] SIM_BRIDGE: CuPy using GPU: NVIDIA GeForce RTX 3090 (24.0 GB), mempool limit: 80%
[2026-06-26 04:48:49][INFO] SIM_BRIDGE: Initializing simulation data for model: IZHIKEVICH (3D)... (playback_init: False)
[2026-06-26 04:48:49][INFO] SIM_BRIDGE: RNG initialized with seed: 42
[2026-06-26 04:48:49][INFO] SIM_BRIDGE: Initializing Izhikevich model specifics for 256 neurons...
[2026-06-26 04:48:49][INFO] SIM_BRIDGE: Applying parameter heterogeneity to neuron parameters...
[2026-06-26 04:48:49][INFO] SIM_BRIDGE: Applied heterogeneity to 4 parameters.
[2026-06-26 04:48:49][INFO] SIM_BRIDGE: Initializing OU process state (tau=15.0ms, sigma=0.0pA)...
[2026-06-26 04:48:49][INFO] SIM_BRIDGE: Generating 3D neuron positions for 256 neurons...
[2026-06-26 04:48:49][INFO] SIM_BRIDGE: Generating connections (3D)...
[2026-06-26 04:48:49][INFO] SIM_BRIDGE: Simulation data initialized for 256 neurons (3D). Synapses: 0. GPU memory: 1.6GB/25.8GB (6.2%)
[2026-06-26 04:48:50][INFO] SIM_BRIDGE: CuPy using GPU: NVIDIA GeForce RTX 3090 (24.0 GB), mempool limit: 80%
[2026-06-26 04:48:50][INFO] SIM_BRIDGE: Initializing simulation data for model: IZHIKEVICH (3D)... (playback_init: False)
[2026-06-26 04:48:50][INFO] SIM_BRIDGE: RNG initialized with seed: 42
[2026-06-26 04:48:50][INFO] SIM_BRIDGE: Initializing Izhikevich model specifics for 640 neurons...
[2026-06-26 04:48:50][INFO] SIM_BRIDGE: Applying parameter heterogeneity to neuron parameters...
[2026-06-26 04:48:50][INFO] SIM_BRIDGE: Applied heterogeneity to 4 parameters.
[2026-06-26 04:48:50][INFO] SIM_BRIDGE: Initializing OU process state (tau=15.0ms, sigma=0.0pA)...
[2026-06-26 04:48:50][INFO] SIM_BRIDGE: Generating 3D neuron positions for 640 neurons...
[2026-06-26 04:48:50][INFO] SIM_BRIDGE: Generating connections (3D)...
[2026-06-26 04:48:50][INFO] SIM_BRIDGE: Simulation data initialized for 640 neurons (3D). Synapses: 0. GPU memory: 1.6GB/25.8GB (6.2%)
[2026-06-26 04:49:12][INFO] SIM_BRIDGE: CuPy using GPU: NVIDIA GeForce RTX 3090 (24.0 GB), mempool limit: 80%
[2026-06-26 04:49:12][INFO] SIM_BRIDGE: Initializing simulation data for model: IZHIKEVICH (3D)... (playback_init: False)
[2026-06-26 04:49:12][INFO] SIM_BRIDGE: RNG initialized with seed: 42
[2026-06-26 04:49:12][INFO] SIM_BRIDGE: Initializing Izhikevich model specifics for 4608 neurons...
[2026-06-26 04:49:12][INFO] SIM_BRIDGE: Applying parameter heterogeneity to neuron parameters...
[2026-06-26 04:49:12][INFO] SIM_BRIDGE: Applied heterogeneity to 4 parameters.
[2026-06-26 04:49:12][INFO] SIM_BRIDGE: Initializing OU process state (tau=15.0ms, sigma=0.0pA)...
[2026-06-26 04:49:12][INFO] SIM_BRIDGE: Generating 3D neuron positions for 4608 neurons...
[2026-06-26 04:49:12][INFO] SIM_BRIDGE: Generating connections (3D)...
[2026-06-26 04:49:12][INFO] SIM_BRIDGE: Simulation data initialized for 4608 neurons (3D). Synapses: 0. GPU memory: 1.6GB/25.8GB (6.2%)
    [bundle] saved day-16 developed brain -> bridges/developed/month1\day_16 (18 facts, 25 codes)
  [day 16] vocab=24 heard=24 facts=11 recall=1.00 heldout=- retain=- chain=- moat_fa=0 corr(M,C)=+0.84 tier=32 replay=5 win=2500 (129.8s wake=13.3s)
[2026-06-26 04:49:29][INFO] SIM_BRIDGE: CuPy using GPU: NVIDIA GeForce RTX 3090 (24.0 GB), mempool limit: 80%
[2026-06-26 04:49:29][INFO] SIM_BRIDGE: Initializing simulation data for model: IZHIKEVICH (3D)... (playback_init: False)
[2026-06-26 04:49:29][INFO] SIM_BRIDGE: RNG initialized with seed: 42
[2026-06-26 04:49:29][INFO] SIM_BRIDGE: Initializing Izhikevich model specifics for 126 neurons...
[2026-06-26 04:49:29][INFO] SIM_BRIDGE: Applying parameter heterogeneity to neuron parameters...
[2026-06-26 04:49:29][INFO] SIM_BRIDGE: Applied heterogeneity to 4 parameters.
[2026-06-26 04:49:29][INFO] SIM_BRIDGE: Initializing OU process state (tau=15.0ms, sigma=20.0pA)...
[2026-06-26 04:49:29][INFO] SIM_BRIDGE: Generating 3D neuron positions for 126 neurons...
[2026-06-26 04:49:29][INFO] SIM_BRIDGE: Generating connections (3D)...
[2026-06-26 04:49:29][INFO] SIM_BRIDGE: Simulation data initialized for 126 neurons (3D). Synapses: 0. GPU memory: 1.6GB/25.8GB (6.2%)
[2026-06-26 04:49:29][INFO] SIM_BRIDGE: inject_explicit_wiring: installed 720 synapses across 1 populations.
[2026-06-26 04:50:11][INFO] SIM_BRIDGE: CuPy using GPU: NVIDIA GeForce RTX 3090 (24.0 GB), mempool limit: 80%
[2026-06-26 04:50:11][INFO] SIM_BRIDGE: Initializing simulation data for model: IZHIKEVICH (3D)... (playback_init: False)
[2026-06-26 04:50:11][INFO] SIM_BRIDGE: RNG initialized with seed: 42
[2026-06-26 04:50:11][INFO] SIM_BRIDGE: Initializing Izhikevich model specifics for 224 neurons...
[2026-06-26 04:50:11][INFO] SIM_BRIDGE: Applying parameter heterogeneity to neuron parameters...
[2026-06-26 04:50:11][INFO] SIM_BRIDGE: Applied heterogeneity to 4 parameters.
[2026-06-26 04:50:11][INFO] SIM_BRIDGE: Initializing OU process state (tau=15.0ms, sigma=20.0pA)...
[2026-06-26 04:50:11][INFO] SIM_BRIDGE: Generating 3D neuron positions for 224 neurons...
[2026-06-26 04:50:11][INFO] SIM_BRIDGE: Generating connections (3D)...
[2026-06-26 04:50:11][INFO] SIM_BRIDGE: Simulation data initialized for 224 neurons (3D). Synapses: 0. GPU memory: 1.6GB/25.8GB (6.2%)
[2026-06-26 04:50:11][INFO] SIM_BRIDGE: inject_explicit_wiring: installed 4800 synapses across 1 populations.
[2026-06-26 04:51:06][INFO] SIM_BRIDGE: CuPy using GPU: NVIDIA GeForce RTX 3090 (24.0 GB), mempool limit: 80%
[2026-06-26 04:51:06][INFO] SIM_BRIDGE: Initializing simulation data for model: IZHIKEVICH (3D)... (playback_init: False)
[2026-06-26 04:51:06][INFO] SIM_BRIDGE: Brain-region framework: 2 regions, 2560 total neurons, 2 pathways.
[2026-06-26 04:51:06][INFO] SIM_BRIDGE: RNG initialized with seed: 42
[2026-06-26 04:51:06][INFO] SIM_BRIDGE: NMDA per-region mask: 2 regions enabled (2560 neurons)
[2026-06-26 04:51:06][INFO] SIM_BRIDGE: Initializing Izhikevich model specifics for 2560 neurons...
[2026-06-26 04:51:06][INFO] SIM_BRIDGE: Region 'cortex_ctx' (1280 neurons): using Izh type IZH2007_HIPPO_PYRAMIDAL
[2026-06-26 04:51:06][INFO] SIM_BRIDGE: Region 'dlpfc_wm' (1280 neurons): using Izh type IZH2007_HIPPO_PYRAMIDAL
[2026-06-26 04:51:06][INFO] SIM_BRIDGE: Applying parameter heterogeneity to neuron parameters...
[2026-06-26 04:51:06][INFO] SIM_BRIDGE: Applied heterogeneity to 4 parameters.
[2026-06-26 04:51:06][INFO] SIM_BRIDGE: Generating 3D neuron positions for 2560 neurons...
[2026-06-26 04:51:06][INFO] SIM_BRIDGE: Generating connections (brain-region framework)...
[2026-06-26 04:51:06][INFO] SIM_BRIDGE: inject_explicit_wiring: installed 491754 synapses across 4 populations.
[2026-06-26 04:51:06][INFO] SIM_BRIDGE: Initializing eligibility traces for 491754 synapses (capacity: 737631, dtype: float32)...
[2026-06-26 04:51:06][INFO] SIM_BRIDGE: Initializing STDP state for 2560 neurons...
[2026-06-26 04:51:06][INFO] SIM_BRIDGE: Simulation data initialized for 2560 neurons (3D). Synapses: 491754. GPU memory: 1.6GB/25.8GB (6.2%)
[2026-06-26 04:51:07][INFO] SIM_BRIDGE: CuPy using GPU: NVIDIA GeForce RTX 3090 (24.0 GB), mempool limit: 80%
[2026-06-26 04:51:07][INFO] SIM_BRIDGE: Initializing simulation data for model: IZHIKEVICH (3D)... (playback_init: False)
[2026-06-26 04:51:07][INFO] SIM_BRIDGE: RNG initialized with seed: 42
[2026-06-26 04:51:07][INFO] SIM_BRIDGE: Initializing Izhikevich model specifics for 256 neurons...
[2026-06-26 04:51:07][INFO] SIM_BRIDGE: Applying parameter heterogeneity to neuron parameters...
[2026-06-26 04:51:07][INFO] SIM_BRIDGE: Applied heterogeneity to 4 parameters.
[2026-06-26 04:51:07][INFO] SIM_BRIDGE: Initializing OU process state (tau=15.0ms, sigma=0.0pA)...
[2026-06-26 04:51:07][INFO] SIM_BRIDGE: Generating 3D neuron positions for 256 neurons...
[2026-06-26 04:51:07][INFO] SIM_BRIDGE: Generating connections (3D)...
[2026-06-26 04:51:07][INFO] SIM_BRIDGE: Simulation data initialized for 256 neurons (3D). Synapses: 0. GPU memory: 1.6GB/25.8GB (6.2%)
[2026-06-26 04:51:08][INFO] SIM_BRIDGE: CuPy using GPU: NVIDIA GeForce RTX 3090 (24.0 GB), mempool limit: 80%
[2026-06-26 04:51:08][INFO] SIM_BRIDGE: Initializing simulation data for model: IZHIKEVICH (3D)... (playback_init: False)
[2026-06-26 04:51:08][INFO] SIM_BRIDGE: RNG initialized with seed: 42
[2026-06-26 04:51:08][INFO] SIM_BRIDGE: Initializing Izhikevich model specifics for 640 neurons...
[2026-06-26 04:51:08][INFO] SIM_BRIDGE: Applying parameter heterogeneity to neuron parameters...
[2026-06-26 04:51:08][INFO] SIM_BRIDGE: Applied heterogeneity to 4 parameters.
[2026-06-26 04:51:08][INFO] SIM_BRIDGE: Initializing OU process state (tau=15.0ms, sigma=0.0pA)...
[2026-06-26 04:51:08][INFO] SIM_BRIDGE: Generating 3D neuron positions for 640 neurons...
[2026-06-26 04:51:08][INFO] SIM_BRIDGE: Generating connections (3D)...
[2026-06-26 04:51:08][INFO] SIM_BRIDGE: Simulation data initialized for 640 neurons (3D). Synapses: 0. GPU memory: 1.6GB/25.8GB (6.2%)
[2026-06-26 04:51:31][INFO] SIM_BRIDGE: CuPy using GPU: NVIDIA GeForce RTX 3090 (24.0 GB), mempool limit: 80%
[2026-06-26 04:51:31][INFO] SIM_BRIDGE: Initializing simulation data for model: IZHIKEVICH (3D)... (playback_init: False)
[2026-06-26 04:51:31][INFO] SIM_BRIDGE: RNG initialized with seed: 42
[2026-06-26 04:51:31][INFO] SIM_BRIDGE: Initializing Izhikevich model specifics for 4864 neurons...
[2026-06-26 04:51:31][INFO] SIM_BRIDGE: Applying parameter heterogeneity to neuron parameters...
[2026-06-26 04:51:31][INFO] SIM_BRIDGE: Applied heterogeneity to 4 parameters.
[2026-06-26 04:51:31][INFO] SIM_BRIDGE: Initializing OU process state (tau=15.0ms, sigma=0.0pA)...
[2026-06-26 04:51:31][INFO] SIM_BRIDGE: Generating 3D neuron positions for 4864 neurons...
[2026-06-26 04:51:31][INFO] SIM_BRIDGE: Generating connections (3D)...
[2026-06-26 04:51:31][INFO] SIM_BRIDGE: Simulation data initialized for 4864 neurons (3D). Synapses: 0. GPU memory: 1.6GB/25.8GB (6.2%)
    [growth] mastered tier 32 -> promoted to 48
    [bundle] saved day-17 developed brain -> bridges/developed/month1\day_17 (19 facts, 25 codes)
  [day 17] vocab=24 heard=24 facts=11 recall=1.00 heldout=1.00 retain=1.00 chain=- moat_fa=0 corr(M,C)=+0.84 tier=48 replay=5 win=2500 (140.4s wake=15.8s)
[2026-06-26 04:51:51][INFO] SIM_BRIDGE: CuPy using GPU: NVIDIA GeForce RTX 3090 (24.0 GB), mempool limit: 80%
[2026-06-26 04:51:51][INFO] SIM_BRIDGE: Initializing simulation data for model: IZHIKEVICH (3D)... (playback_init: False)
[2026-06-26 04:51:51][INFO] SIM_BRIDGE: RNG initialized with seed: 42
[2026-06-26 04:51:51][INFO] SIM_BRIDGE: Initializing Izhikevich model specifics for 126 neurons...
[2026-06-26 04:51:51][INFO] SIM_BRIDGE: Applying parameter heterogeneity to neuron parameters...
[2026-06-26 04:51:51][INFO] SIM_BRIDGE: Applied heterogeneity to 4 parameters.
[2026-06-26 04:51:51][INFO] SIM_BRIDGE: Initializing OU process state (tau=15.0ms, sigma=20.0pA)...
[2026-06-26 04:51:51][INFO] SIM_BRIDGE: Generating 3D neuron positions for 126 neurons...
[2026-06-26 04:51:51][INFO] SIM_BRIDGE: Generating connections (3D)...
[2026-06-26 04:51:51][INFO] SIM_BRIDGE: Simulation data initialized for 126 neurons (3D). Synapses: 0. GPU memory: 1.6GB/25.8GB (6.2%)
[2026-06-26 04:51:51][INFO] SIM_BRIDGE: inject_explicit_wiring: installed 720 synapses across 1 populations.
[2026-06-26 04:52:29][INFO] SIM_BRIDGE: CuPy using GPU: NVIDIA GeForce RTX 3090 (24.0 GB), mempool limit: 80%
[2026-06-26 04:52:29][INFO] SIM_BRIDGE: Initializing simulation data for model: IZHIKEVICH (3D)... (playback_init: False)
[2026-06-26 04:52:29][INFO] SIM_BRIDGE: RNG initialized with seed: 42
[2026-06-26 04:52:29][INFO] SIM_BRIDGE: Initializing Izhikevich model specifics for 224 neurons...
[2026-06-26 04:52:29][INFO] SIM_BRIDGE: Applying parameter heterogeneity to neuron parameters...
[2026-06-26 04:52:29][INFO] SIM_BRIDGE: Applied heterogeneity to 4 parameters.
[2026-06-26 04:52:29][INFO] SIM_BRIDGE: Initializing OU process state (tau=15.0ms, sigma=20.0pA)...
[2026-06-26 04:52:29][INFO] SIM_BRIDGE: Generating 3D neuron positions for 224 neurons...
[2026-06-26 04:52:29][INFO] SIM_BRIDGE: Generating connections (3D)...
[2026-06-26 04:52:29][INFO] SIM_BRIDGE: Simulation data initialized for 224 neurons (3D). Synapses: 0. GPU memory: 1.6GB/25.8GB (6.2%)
[2026-06-26 04:52:29][INFO] SIM_BRIDGE: inject_explicit_wiring: installed 4800 synapses across 1 populations.
[2026-06-26 04:53:23][INFO] SIM_BRIDGE: CuPy using GPU: NVIDIA GeForce RTX 3090 (24.0 GB), mempool limit: 80%
[2026-06-26 04:53:23][INFO] SIM_BRIDGE: Initializing simulation data for model: IZHIKEVICH (3D)... (playback_init: False)
[2026-06-26 04:53:23][INFO] SIM_BRIDGE: Brain-region framework: 2 regions, 2560 total neurons, 2 pathways.
[2026-06-26 04:53:23][INFO] SIM_BRIDGE: RNG initialized with seed: 42
[2026-06-26 04:53:23][INFO] SIM_BRIDGE: NMDA per-region mask: 2 regions enabled (2560 neurons)
[2026-06-26 04:53:23][INFO] SIM_BRIDGE: Initializing Izhikevich model specifics for 2560 neurons...
[2026-06-26 04:53:23][INFO] SIM_BRIDGE: Region 'cortex_ctx' (1280 neurons): using Izh type IZH2007_HIPPO_PYRAMIDAL
[2026-06-26 04:53:23][INFO] SIM_BRIDGE: Region 'dlpfc_wm' (1280 neurons): using Izh type IZH2007_HIPPO_PYRAMIDAL
[2026-06-26 04:53:23][INFO] SIM_BRIDGE: Applying parameter heterogeneity to neuron parameters...
[2026-06-26 04:53:23][INFO] SIM_BRIDGE: Applied heterogeneity to 4 parameters.
[2026-06-26 04:53:23][INFO] SIM_BRIDGE: Generating 3D neuron positions for 2560 neurons...
[2026-06-26 04:53:23][INFO] SIM_BRIDGE: Generating connections (brain-region framework)...
[2026-06-26 04:53:24][INFO] SIM_BRIDGE: inject_explicit_wiring: installed 491754 synapses across 4 populations.
[2026-06-26 04:53:24][INFO] SIM_BRIDGE: Initializing eligibility traces for 491754 synapses (capacity: 737631, dtype: float32)...
[2026-06-26 04:53:24][INFO] SIM_BRIDGE: Initializing STDP state for 2560 neurons...
[2026-06-26 04:53:24][INFO] SIM_BRIDGE: Simulation data initialized for 2560 neurons (3D). Synapses: 491754. GPU memory: 1.6GB/25.8GB (6.2%)
[2026-06-26 04:53:25][INFO] SIM_BRIDGE: CuPy using GPU: NVIDIA GeForce RTX 3090 (24.0 GB), mempool limit: 80%
[2026-06-26 04:53:25][INFO] SIM_BRIDGE: Initializing simulation data for model: IZHIKEVICH (3D)... (playback_init: False)
[2026-06-26 04:53:25][INFO] SIM_BRIDGE: RNG initialized with seed: 42
[2026-06-26 04:53:25][INFO] SIM_BRIDGE: Initializing Izhikevich model specifics for 256 neurons...
[2026-06-26 04:53:25][INFO] SIM_BRIDGE: Applying parameter heterogeneity to neuron parameters...
[2026-06-26 04:53:25][INFO] SIM_BRIDGE: Applied heterogeneity to 4 parameters.
[2026-06-26 04:53:25][INFO] SIM_BRIDGE: Initializing OU process state (tau=15.0ms, sigma=0.0pA)...
[2026-06-26 04:53:25][INFO] SIM_BRIDGE: Generating 3D neuron positions for 256 neurons...
[2026-06-26 04:53:25][INFO] SIM_BRIDGE: Generating connections (3D)...
[2026-06-26 04:53:25][INFO] SIM_BRIDGE: Simulation data initialized for 256 neurons (3D). Synapses: 0. GPU memory: 1.6GB/25.8GB (6.2%)
[2026-06-26 04:53:25][INFO] SIM_BRIDGE: CuPy using GPU: NVIDIA GeForce RTX 3090 (24.0 GB), mempool limit: 80%
[2026-06-26 04:53:25][INFO] SIM_BRIDGE: Initializing simulation data for model: IZHIKEVICH (3D)... (playback_init: False)
[2026-06-26 04:53:25][INFO] SIM_BRIDGE: RNG initialized with seed: 42
[2026-06-26 04:53:25][INFO] SIM_BRIDGE: Initializing Izhikevich model specifics for 640 neurons...
[2026-06-26 04:53:25][INFO] SIM_BRIDGE: Applying parameter heterogeneity to neuron parameters...
[2026-06-26 04:53:25][INFO] SIM_BRIDGE: Applied heterogeneity to 4 parameters.
[2026-06-26 04:53:25][INFO] SIM_BRIDGE: Initializing OU process state (tau=15.0ms, sigma=0.0pA)...
[2026-06-26 04:53:25][INFO] SIM_BRIDGE: Generating 3D neuron positions for 640 neurons...
[2026-06-26 04:53:25][INFO] SIM_BRIDGE: Generating connections (3D)...
[2026-06-26 04:53:25][INFO] SIM_BRIDGE: Simulation data initialized for 640 neurons (3D). Synapses: 0. GPU memory: 1.6GB/25.8GB (6.2%)
[2026-06-26 04:53:49][INFO] SIM_BRIDGE: CuPy using GPU: NVIDIA GeForce RTX 3090 (24.0 GB), mempool limit: 80%
[2026-06-26 04:53:49][INFO] SIM_BRIDGE: Initializing simulation data for model: IZHIKEVICH (3D)... (playback_init: False)
[2026-06-26 04:53:49][INFO] SIM_BRIDGE: RNG initialized with seed: 42
[2026-06-26 04:53:49][INFO] SIM_BRIDGE: Initializing Izhikevich model specifics for 4864 neurons...
[2026-06-26 04:53:49][INFO] SIM_BRIDGE: Applying parameter heterogeneity to neuron parameters...
[2026-06-26 04:53:49][INFO] SIM_BRIDGE: Applied heterogeneity to 4 parameters.
[2026-06-26 04:53:49][INFO] SIM_BRIDGE: Initializing OU process state (tau=15.0ms, sigma=0.0pA)...
[2026-06-26 04:53:49][INFO] SIM_BRIDGE: Generating 3D neuron positions for 4864 neurons...
[2026-06-26 04:53:49][INFO] SIM_BRIDGE: Generating connections (3D)...
[2026-06-26 04:53:49][INFO] SIM_BRIDGE: Simulation data initialized for 4864 neurons (3D). Synapses: 0. GPU memory: 1.6GB/25.8GB (6.2%)
    [bundle] saved day-18 developed brain -> bridges/developed/month1\day_18 (19 facts, 25 codes)
  [day 18] vocab=24 heard=24 facts=11 recall=1.00 heldout=1.00 retain=1.00 chain=1.00 moat_fa=0 corr(M,C)=+0.84 tier=48 replay=5 win=2500 (138.5s wake=17.4s)
[2026-06-26 04:54:06][INFO] SIM_BRIDGE: CuPy using GPU: NVIDIA GeForce RTX 3090 (24.0 GB), mempool limit: 80%
[2026-06-26 04:54:06][INFO] SIM_BRIDGE: Initializing simulation data for model: IZHIKEVICH (3D)... (playback_init: False)
[2026-06-26 04:54:06][INFO] SIM_BRIDGE: RNG initialized with seed: 42
[2026-06-26 04:54:06][INFO] SIM_BRIDGE: Initializing Izhikevich model specifics for 126 neurons...
[2026-06-26 04:54:06][INFO] SIM_BRIDGE: Applying parameter heterogeneity to neuron parameters...
[2026-06-26 04:54:06][INFO] SIM_BRIDGE: Applied heterogeneity to 4 parameters.
[2026-06-26 04:54:06][INFO] SIM_BRIDGE: Initializing OU process state (tau=15.0ms, sigma=20.0pA)...
[2026-06-26 04:54:06][INFO] SIM_BRIDGE: Generating 3D neuron positions for 126 neurons...
[2026-06-26 04:54:06][INFO] SIM_BRIDGE: Generating connections (3D)...
[2026-06-26 04:54:06][INFO] SIM_BRIDGE: Simulation data initialized for 126 neurons (3D). Synapses: 0. GPU memory: 1.6GB/25.8GB (6.2%)
[2026-06-26 04:54:06][INFO] SIM_BRIDGE: inject_explicit_wiring: installed 720 synapses across 1 populations.
[2026-06-26 04:54:43][INFO] SIM_BRIDGE: CuPy using GPU: NVIDIA GeForce RTX 3090 (24.0 GB), mempool limit: 80%
[2026-06-26 04:54:43][INFO] SIM_BRIDGE: Initializing simulation data for model: IZHIKEVICH (3D)... (playback_init: False)
[2026-06-26 04:54:43][INFO] SIM_BRIDGE: RNG initialized with seed: 42
[2026-06-26 04:54:43][INFO] SIM_BRIDGE: Initializing Izhikevich model specifics for 224 neurons...
[2026-06-26 04:54:43][INFO] SIM_BRIDGE: Applying parameter heterogeneity to neuron parameters...
[2026-06-26 04:54:43][INFO] SIM_BRIDGE: Applied heterogeneity to 4 parameters.
[2026-06-26 04:54:43][INFO] SIM_BRIDGE: Initializing OU process state (tau=15.0ms, sigma=20.0pA)...
[2026-06-26 04:54:43][INFO] SIM_BRIDGE: Generating 3D neuron positions for 224 neurons...
[2026-06-26 04:54:43][INFO] SIM_BRIDGE: Generating connections (3D)...
[2026-06-26 04:54:43][INFO] SIM_BRIDGE: Simulation data initialized for 224 neurons (3D). Synapses: 0. GPU memory: 1.6GB/25.8GB (6.2%)
[2026-06-26 04:54:44][INFO] SIM_BRIDGE: inject_explicit_wiring: installed 4800 synapses across 1 populations.
[2026-06-26 04:55:38][INFO] SIM_BRIDGE: CuPy using GPU: NVIDIA GeForce RTX 3090 (24.0 GB), mempool limit: 80%
[2026-06-26 04:55:38][INFO] SIM_BRIDGE: Initializing simulation data for model: IZHIKEVICH (3D)... (playback_init: False)
[2026-06-26 04:55:38][INFO] SIM_BRIDGE: Brain-region framework: 2 regions, 2560 total neurons, 2 pathways.
[2026-06-26 04:55:38][INFO] SIM_BRIDGE: RNG initialized with seed: 42
[2026-06-26 04:55:38][INFO] SIM_BRIDGE: NMDA per-region mask: 2 regions enabled (2560 neurons)
[2026-06-26 04:55:38][INFO] SIM_BRIDGE: Initializing Izhikevich model specifics for 2560 neurons...
[2026-06-26 04:55:38][INFO] SIM_BRIDGE: Region 'cortex_ctx' (1280 neurons): using Izh type IZH2007_HIPPO_PYRAMIDAL
[2026-06-26 04:55:38][INFO] SIM_BRIDGE: Region 'dlpfc_wm' (1280 neurons): using Izh type IZH2007_HIPPO_PYRAMIDAL
[2026-06-26 04:55:38][INFO] SIM_BRIDGE: Applying parameter heterogeneity to neuron parameters...
[2026-06-26 04:55:38][INFO] SIM_BRIDGE: Applied heterogeneity to 4 parameters.
[2026-06-26 04:55:38][INFO] SIM_BRIDGE: Generating 3D neuron positions for 2560 neurons...
[2026-06-26 04:55:38][INFO] SIM_BRIDGE: Generating connections (brain-region framework)...
[2026-06-26 04:55:39][INFO] SIM_BRIDGE: inject_explicit_wiring: installed 491754 synapses across 4 populations.
[2026-06-26 04:55:39][INFO] SIM_BRIDGE: Initializing eligibility traces for 491754 synapses (capacity: 737631, dtype: float32)...
[2026-06-26 04:55:39][INFO] SIM_BRIDGE: Initializing STDP state for 2560 neurons...
[2026-06-26 04:55:39][INFO] SIM_BRIDGE: Simulation data initialized for 2560 neurons (3D). Synapses: 491754. GPU memory: 1.6GB/25.8GB (6.2%)
[2026-06-26 04:55:40][INFO] SIM_BRIDGE: CuPy using GPU: NVIDIA GeForce RTX 3090 (24.0 GB), mempool limit: 80%
[2026-06-26 04:55:40][INFO] SIM_BRIDGE: Initializing simulation data for model: IZHIKEVICH (3D)... (playback_init: False)
[2026-06-26 04:55:40][INFO] SIM_BRIDGE: RNG initialized with seed: 42
[2026-06-26 04:55:40][INFO] SIM_BRIDGE: Initializing Izhikevich model specifics for 256 neurons...
[2026-06-26 04:55:40][INFO] SIM_BRIDGE: Applying parameter heterogeneity to neuron parameters...
[2026-06-26 04:55:40][INFO] SIM_BRIDGE: Applied heterogeneity to 4 parameters.
[2026-06-26 04:55:40][INFO] SIM_BRIDGE: Initializing OU process state (tau=15.0ms, sigma=0.0pA)...
[2026-06-26 04:55:40][INFO] SIM_BRIDGE: Generating 3D neuron positions for 256 neurons...
[2026-06-26 04:55:40][INFO] SIM_BRIDGE: Generating connections (3D)...
[2026-06-26 04:55:40][INFO] SIM_BRIDGE: Simulation data initialized for 256 neurons (3D). Synapses: 0. GPU memory: 1.6GB/25.8GB (6.2%)
[2026-06-26 04:55:40][INFO] SIM_BRIDGE: CuPy using GPU: NVIDIA GeForce RTX 3090 (24.0 GB), mempool limit: 80%
[2026-06-26 04:55:40][INFO] SIM_BRIDGE: Initializing simulation data for model: IZHIKEVICH (3D)... (playback_init: False)
[2026-06-26 04:55:40][INFO] SIM_BRIDGE: RNG initialized with seed: 42
[2026-06-26 04:55:40][INFO] SIM_BRIDGE: Initializing Izhikevich model specifics for 640 neurons...
[2026-06-26 04:55:40][INFO] SIM_BRIDGE: Applying parameter heterogeneity to neuron parameters...
[2026-06-26 04:55:40][INFO] SIM_BRIDGE: Applied heterogeneity to 4 parameters.
[2026-06-26 04:55:40][INFO] SIM_BRIDGE: Initializing OU process state (tau=15.0ms, sigma=0.0pA)...
[2026-06-26 04:55:40][INFO] SIM_BRIDGE: Generating 3D neuron positions for 640 neurons...
[2026-06-26 04:55:40][INFO] SIM_BRIDGE: Generating connections (3D)...
[2026-06-26 04:55:40][INFO] SIM_BRIDGE: Simulation data initialized for 640 neurons (3D). Synapses: 0. GPU memory: 1.6GB/25.8GB (6.2%)
[2026-06-26 04:56:08][INFO] SIM_BRIDGE: CuPy using GPU: NVIDIA GeForce RTX 3090 (24.0 GB), mempool limit: 80%
[2026-06-26 04:56:08][INFO] SIM_BRIDGE: Initializing simulation data for model: IZHIKEVICH (3D)... (playback_init: False)
[2026-06-26 04:56:08][INFO] SIM_BRIDGE: RNG initialized with seed: 42
[2026-06-26 04:56:08][INFO] SIM_BRIDGE: Initializing Izhikevich model specifics for 4864 neurons...
[2026-06-26 04:56:08][INFO] SIM_BRIDGE: Applying parameter heterogeneity to neuron parameters...
[2026-06-26 04:56:08][INFO] SIM_BRIDGE: Applied heterogeneity to 4 parameters.
[2026-06-26 04:56:08][INFO] SIM_BRIDGE: Initializing OU process state (tau=15.0ms, sigma=0.0pA)...
[2026-06-26 04:56:08][INFO] SIM_BRIDGE: Generating 3D neuron positions for 4864 neurons...
[2026-06-26 04:56:08][INFO] SIM_BRIDGE: Generating connections (3D)...
[2026-06-26 04:56:08][INFO] SIM_BRIDGE: Simulation data initialized for 4864 neurons (3D). Synapses: 0. GPU memory: 1.6GB/25.8GB (6.2%)
    [bundle] saved day-19 developed brain -> bridges/developed/month1\day_19 (19 facts, 25 codes)
  [day 19] vocab=24 heard=24 facts=11 recall=1.00 heldout=0.00 retain=1.00 chain=- moat_fa=0 corr(M,C)=+0.83 tier=48 replay=5 win=2500 (138.4s wake=14.0s)
[2026-06-26 04:56:26][INFO] SIM_BRIDGE: CuPy using GPU: NVIDIA GeForce RTX 3090 (24.0 GB), mempool limit: 80%
[2026-06-26 04:56:26][INFO] SIM_BRIDGE: Initializing simulation data for model: IZHIKEVICH (3D)... (playback_init: False)
[2026-06-26 04:56:26][INFO] SIM_BRIDGE: RNG initialized with seed: 42
[2026-06-26 04:56:26][INFO] SIM_BRIDGE: Initializing Izhikevich model specifics for 126 neurons...
[2026-06-26 04:56:26][INFO] SIM_BRIDGE: Applying parameter heterogeneity to neuron parameters...
[2026-06-26 04:56:26][INFO] SIM_BRIDGE: Applied heterogeneity to 4 parameters.
[2026-06-26 04:56:26][INFO] SIM_BRIDGE: Initializing OU process state (tau=15.0ms, sigma=20.0pA)...
[2026-06-26 04:56:26][INFO] SIM_BRIDGE: Generating 3D neuron positions for 126 neurons...
[2026-06-26 04:56:26][INFO] SIM_BRIDGE: Generating connections (3D)...
[2026-06-26 04:56:26][INFO] SIM_BRIDGE: Simulation data initialized for 126 neurons (3D). Synapses: 0. GPU memory: 1.6GB/25.8GB (6.2%)
[2026-06-26 04:56:26][INFO] SIM_BRIDGE: inject_explicit_wiring: installed 720 synapses across 1 populations.
[2026-06-26 04:57:04][INFO] SIM_BRIDGE: CuPy using GPU: NVIDIA GeForce RTX 3090 (24.0 GB), mempool limit: 80%
[2026-06-26 04:57:04][INFO] SIM_BRIDGE: Initializing simulation data for model: IZHIKEVICH (3D)... (playback_init: False)
[2026-06-26 04:57:04][INFO] SIM_BRIDGE: RNG initialized with seed: 42
[2026-06-26 04:57:04][INFO] SIM_BRIDGE: Initializing Izhikevich model specifics for 224 neurons...
[2026-06-26 04:57:04][INFO] SIM_BRIDGE: Applying parameter heterogeneity to neuron parameters...
[2026-06-26 04:57:04][INFO] SIM_BRIDGE: Applied heterogeneity to 4 parameters.
[2026-06-26 04:57:04][INFO] SIM_BRIDGE: Initializing OU process state (tau=15.0ms, sigma=20.0pA)...
[2026-06-26 04:57:04][INFO] SIM_BRIDGE: Generating 3D neuron positions for 224 neurons...
[2026-06-26 04:57:04][INFO] SIM_BRIDGE: Generating connections (3D)...
[2026-06-26 04:57:04][INFO] SIM_BRIDGE: Simulation data initialized for 224 neurons (3D). Synapses: 0. GPU memory: 1.6GB/25.8GB (6.2%)
[2026-06-26 04:57:04][INFO] SIM_BRIDGE: inject_explicit_wiring: installed 4800 synapses across 1 populations.
[2026-06-26 04:57:58][INFO] SIM_BRIDGE: CuPy using GPU: NVIDIA GeForce RTX 3090 (24.0 GB), mempool limit: 80%
[2026-06-26 04:57:58][INFO] SIM_BRIDGE: Initializing simulation data for model: IZHIKEVICH (3D)... (playback_init: False)
[2026-06-26 04:57:58][INFO] SIM_BRIDGE: Brain-region framework: 2 regions, 2560 total neurons, 2 pathways.
[2026-06-26 04:57:58][INFO] SIM_BRIDGE: RNG initialized with seed: 42
[2026-06-26 04:57:58][INFO] SIM_BRIDGE: NMDA per-region mask: 2 regions enabled (2560 neurons)
[2026-06-26 04:57:58][INFO] SIM_BRIDGE: Initializing Izhikevich model specifics for 2560 neurons...
[2026-06-26 04:57:58][INFO] SIM_BRIDGE: Region 'cortex_ctx' (1280 neurons): using Izh type IZH2007_HIPPO_PYRAMIDAL
[2026-06-26 04:57:58][INFO] SIM_BRIDGE: Region 'dlpfc_wm' (1280 neurons): using Izh type IZH2007_HIPPO_PYRAMIDAL
[2026-06-26 04:57:58][INFO] SIM_BRIDGE: Applying parameter heterogeneity to neuron parameters...
[2026-06-26 04:57:58][INFO] SIM_BRIDGE: Applied heterogeneity to 4 parameters.
[2026-06-26 04:57:58][INFO] SIM_BRIDGE: Generating 3D neuron positions for 2560 neurons...
[2026-06-26 04:57:58][INFO] SIM_BRIDGE: Generating connections (brain-region framework)...
[2026-06-26 04:57:59][INFO] SIM_BRIDGE: inject_explicit_wiring: installed 491754 synapses across 4 populations.
[2026-06-26 04:57:59][INFO] SIM_BRIDGE: Initializing eligibility traces for 491754 synapses (capacity: 737631, dtype: float32)...
[2026-06-26 04:57:59][INFO] SIM_BRIDGE: Initializing STDP state for 2560 neurons...
[2026-06-26 04:57:59][INFO] SIM_BRIDGE: Simulation data initialized for 2560 neurons (3D). Synapses: 491754. GPU memory: 1.6GB/25.8GB (6.2%)
[2026-06-26 04:58:00][INFO] SIM_BRIDGE: CuPy using GPU: NVIDIA GeForce RTX 3090 (24.0 GB), mempool limit: 80%
[2026-06-26 04:58:00][INFO] SIM_BRIDGE: Initializing simulation data for model: IZHIKEVICH (3D)... (playback_init: False)
[2026-06-26 04:58:00][INFO] SIM_BRIDGE: RNG initialized with seed: 42
[2026-06-26 04:58:00][INFO] SIM_BRIDGE: Initializing Izhikevich model specifics for 256 neurons...
[2026-06-26 04:58:00][INFO] SIM_BRIDGE: Applying parameter heterogeneity to neuron parameters...
[2026-06-26 04:58:00][INFO] SIM_BRIDGE: Applied heterogeneity to 4 parameters.
[2026-06-26 04:58:00][INFO] SIM_BRIDGE: Initializing OU process state (tau=15.0ms, sigma=0.0pA)...
[2026-06-26 04:58:00][INFO] SIM_BRIDGE: Generating 3D neuron positions for 256 neurons...
[2026-06-26 04:58:00][INFO] SIM_BRIDGE: Generating connections (3D)...
[2026-06-26 04:58:00][INFO] SIM_BRIDGE: Simulation data initialized for 256 neurons (3D). Synapses: 0. GPU memory: 1.6GB/25.8GB (6.2%)
[2026-06-26 04:58:00][INFO] SIM_BRIDGE: CuPy using GPU: NVIDIA GeForce RTX 3090 (24.0 GB), mempool limit: 80%
[2026-06-26 04:58:00][INFO] SIM_BRIDGE: Initializing simulation data for model: IZHIKEVICH (3D)... (playback_init: False)
[2026-06-26 04:58:00][INFO] SIM_BRIDGE: RNG initialized with seed: 42
[2026-06-26 04:58:00][INFO] SIM_BRIDGE: Initializing Izhikevich model specifics for 640 neurons...
[2026-06-26 04:58:00][INFO] SIM_BRIDGE: Applying parameter heterogeneity to neuron parameters...
[2026-06-26 04:58:00][INFO] SIM_BRIDGE: Applied heterogeneity to 4 parameters.
[2026-06-26 04:58:00][INFO] SIM_BRIDGE: Initializing OU process state (tau=15.0ms, sigma=0.0pA)...
[2026-06-26 04:58:00][INFO] SIM_BRIDGE: Generating 3D neuron positions for 640 neurons...
[2026-06-26 04:58:00][INFO] SIM_BRIDGE: Generating connections (3D)...
[2026-06-26 04:58:00][INFO] SIM_BRIDGE: Simulation data initialized for 640 neurons (3D). Synapses: 0. GPU memory: 1.6GB/25.8GB (6.2%)
[2026-06-26 04:58:23][INFO] SIM_BRIDGE: CuPy using GPU: NVIDIA GeForce RTX 3090 (24.0 GB), mempool limit: 80%
[2026-06-26 04:58:23][INFO] SIM_BRIDGE: Initializing simulation data for model: IZHIKEVICH (3D)... (playback_init: False)
[2026-06-26 04:58:23][INFO] SIM_BRIDGE: RNG initialized with seed: 42
[2026-06-26 04:58:23][INFO] SIM_BRIDGE: Initializing Izhikevich model specifics for 4608 neurons...
[2026-06-26 04:58:23][INFO] SIM_BRIDGE: Applying parameter heterogeneity to neuron parameters...
[2026-06-26 04:58:23][INFO] SIM_BRIDGE: Applied heterogeneity to 4 parameters.
[2026-06-26 04:58:23][INFO] SIM_BRIDGE: Initializing OU process state (tau=15.0ms, sigma=0.0pA)...
[2026-06-26 04:58:23][INFO] SIM_BRIDGE: Generating 3D neuron positions for 4608 neurons...
[2026-06-26 04:58:23][INFO] SIM_BRIDGE: Generating connections (3D)...
[2026-06-26 04:58:23][INFO] SIM_BRIDGE: Simulation data initialized for 4608 neurons (3D). Synapses: 0. GPU memory: 1.6GB/25.8GB (6.2%)
    [growth] mastered tier 48 -> promoted to 64
    [bundle] saved day-20 developed brain -> bridges/developed/month1\day_20 (18 facts, 25 codes)
  [day 20] vocab=24 heard=24 facts=11 recall=1.00 heldout=- retain=- chain=- moat_fa=0 corr(M,C)=+0.83 tier=64 replay=5 win=2500 (132.9s wake=15.2s)
[2026-06-26 04:58:37][INFO] SIM_BRIDGE: CuPy using GPU: NVIDIA GeForce RTX 3090 (24.0 GB), mempool limit: 80%
[2026-06-26 04:58:37][INFO] SIM_BRIDGE: Initializing simulation data for model: IZHIKEVICH (3D)... (playback_init: False)
[2026-06-26 04:58:37][INFO] SIM_BRIDGE: RNG initialized with seed: 42
[2026-06-26 04:58:37][INFO] SIM_BRIDGE: Initializing Izhikevich model specifics for 126 neurons...
[2026-06-26 04:58:37][INFO] SIM_BRIDGE: Applying parameter heterogeneity to neuron parameters...
[2026-06-26 04:58:37][INFO] SIM_BRIDGE: Applied heterogeneity to 4 parameters.
[2026-06-26 04:58:37][INFO] SIM_BRIDGE: Initializing OU process state (tau=15.0ms, sigma=20.0pA)...
[2026-06-26 04:58:37][INFO] SIM_BRIDGE: Generating 3D neuron positions for 126 neurons...
[2026-06-26 04:58:37][INFO] SIM_BRIDGE: Generating connections (3D)...
[2026-06-26 04:58:37][INFO] SIM_BRIDGE: Simulation data initialized for 126 neurons (3D). Synapses: 0. GPU memory: 1.6GB/25.8GB (6.2%)
[2026-06-26 04:58:37][INFO] SIM_BRIDGE: inject_explicit_wiring: installed 720 synapses across 1 populations.
[2026-06-26 04:59:14][INFO] SIM_BRIDGE: CuPy using GPU: NVIDIA GeForce RTX 3090 (24.0 GB), mempool limit: 80%
[2026-06-26 04:59:14][INFO] SIM_BRIDGE: Initializing simulation data for model: IZHIKEVICH (3D)... (playback_init: False)
[2026-06-26 04:59:14][INFO] SIM_BRIDGE: RNG initialized with seed: 42
[2026-06-26 04:59:14][INFO] SIM_BRIDGE: Initializing Izhikevich model specifics for 224 neurons...
[2026-06-26 04:59:14][INFO] SIM_BRIDGE: Applying parameter heterogeneity to neuron parameters...
[2026-06-26 04:59:14][INFO] SIM_BRIDGE: Applied heterogeneity to 4 parameters.
[2026-06-26 04:59:14][INFO] SIM_BRIDGE: Initializing OU process state (tau=15.0ms, sigma=20.0pA)...
[2026-06-26 04:59:14][INFO] SIM_BRIDGE: Generating 3D neuron positions for 224 neurons...
[2026-06-26 04:59:14][INFO] SIM_BRIDGE: Generating connections (3D)...
[2026-06-26 04:59:14][INFO] SIM_BRIDGE: Simulation data initialized for 224 neurons (3D). Synapses: 0. GPU memory: 1.6GB/25.8GB (6.2%)
[2026-06-26 04:59:14][INFO] SIM_BRIDGE: inject_explicit_wiring: installed 4800 synapses across 1 populations.
[2026-06-26 05:00:08][INFO] SIM_BRIDGE: CuPy using GPU: NVIDIA GeForce RTX 3090 (24.0 GB), mempool limit: 80%
[2026-06-26 05:00:08][INFO] SIM_BRIDGE: Initializing simulation data for model: IZHIKEVICH (3D)... (playback_init: False)
[2026-06-26 05:00:08][INFO] SIM_BRIDGE: Brain-region framework: 2 regions, 2560 total neurons, 2 pathways.
[2026-06-26 05:00:08][INFO] SIM_BRIDGE: RNG initialized with seed: 42
[2026-06-26 05:00:08][INFO] SIM_BRIDGE: NMDA per-region mask: 2 regions enabled (2560 neurons)
[2026-06-26 05:00:08][INFO] SIM_BRIDGE: Initializing Izhikevich model specifics for 2560 neurons...
[2026-06-26 05:00:08][INFO] SIM_BRIDGE: Region 'cortex_ctx' (1280 neurons): using Izh type IZH2007_HIPPO_PYRAMIDAL
[2026-06-26 05:00:08][INFO] SIM_BRIDGE: Region 'dlpfc_wm' (1280 neurons): using Izh type IZH2007_HIPPO_PYRAMIDAL
[2026-06-26 05:00:08][INFO] SIM_BRIDGE: Applying parameter heterogeneity to neuron parameters...
[2026-06-26 05:00:08][INFO] SIM_BRIDGE: Applied heterogeneity to 4 parameters.
[2026-06-26 05:00:08][INFO] SIM_BRIDGE: Generating 3D neuron positions for 2560 neurons...
[2026-06-26 05:00:08][INFO] SIM_BRIDGE: Generating connections (brain-region framework)...
[2026-06-26 05:00:09][INFO] SIM_BRIDGE: inject_explicit_wiring: installed 491754 synapses across 4 populations.
[2026-06-26 05:00:09][INFO] SIM_BRIDGE: Initializing eligibility traces for 491754 synapses (capacity: 737631, dtype: float32)...
[2026-06-26 05:00:09][INFO] SIM_BRIDGE: Initializing STDP state for 2560 neurons...
[2026-06-26 05:00:09][INFO] SIM_BRIDGE: Simulation data initialized for 2560 neurons (3D). Synapses: 491754. GPU memory: 1.6GB/25.8GB (6.2%)
[2026-06-26 05:00:10][INFO] SIM_BRIDGE: CuPy using GPU: NVIDIA GeForce RTX 3090 (24.0 GB), mempool limit: 80%
[2026-06-26 05:00:10][INFO] SIM_BRIDGE: Initializing simulation data for model: IZHIKEVICH (3D)... (playback_init: False)
[2026-06-26 05:00:10][INFO] SIM_BRIDGE: RNG initialized with seed: 42
[2026-06-26 05:00:10][INFO] SIM_BRIDGE: Initializing Izhikevich model specifics for 256 neurons...
[2026-06-26 05:00:10][INFO] SIM_BRIDGE: Applying parameter heterogeneity to neuron parameters...
[2026-06-26 05:00:10][INFO] SIM_BRIDGE: Applied heterogeneity to 4 parameters.
[2026-06-26 05:00:10][INFO] SIM_BRIDGE: Initializing OU process state (tau=15.0ms, sigma=0.0pA)...
[2026-06-26 05:00:10][INFO] SIM_BRIDGE: Generating 3D neuron positions for 256 neurons...
[2026-06-26 05:00:10][INFO] SIM_BRIDGE: Generating connections (3D)...
[2026-06-26 05:00:10][INFO] SIM_BRIDGE: Simulation data initialized for 256 neurons (3D). Synapses: 0. GPU memory: 1.6GB/25.8GB (6.2%)
[2026-06-26 05:00:11][INFO] SIM_BRIDGE: CuPy using GPU: NVIDIA GeForce RTX 3090 (24.0 GB), mempool limit: 80%
[2026-06-26 05:00:11][INFO] SIM_BRIDGE: Initializing simulation data for model: IZHIKEVICH (3D)... (playback_init: False)
[2026-06-26 05:00:11][INFO] SIM_BRIDGE: RNG initialized with seed: 42
[2026-06-26 05:00:11][INFO] SIM_BRIDGE: Initializing Izhikevich model specifics for 640 neurons...
[2026-06-26 05:00:11][INFO] SIM_BRIDGE: Applying parameter heterogeneity to neuron parameters...
[2026-06-26 05:00:11][INFO] SIM_BRIDGE: Applied heterogeneity to 4 parameters.
[2026-06-26 05:00:11][INFO] SIM_BRIDGE: Initializing OU process state (tau=15.0ms, sigma=0.0pA)...
[2026-06-26 05:00:11][INFO] SIM_BRIDGE: Generating 3D neuron positions for 640 neurons...
[2026-06-26 05:00:11][INFO] SIM_BRIDGE: Generating connections (3D)...
[2026-06-26 05:00:11][INFO] SIM_BRIDGE: Simulation data initialized for 640 neurons (3D). Synapses: 0. GPU memory: 1.6GB/25.8GB (6.2%)
[2026-06-26 05:00:34][INFO] SIM_BRIDGE: CuPy using GPU: NVIDIA GeForce RTX 3090 (24.0 GB), mempool limit: 80%
[2026-06-26 05:00:34][INFO] SIM_BRIDGE: Initializing simulation data for model: IZHIKEVICH (3D)... (playback_init: False)
[2026-06-26 05:00:34][INFO] SIM_BRIDGE: RNG initialized with seed: 42
[2026-06-26 05:00:34][INFO] SIM_BRIDGE: Initializing Izhikevich model specifics for 4864 neurons...
[2026-06-26 05:00:34][INFO] SIM_BRIDGE: Applying parameter heterogeneity to neuron parameters...
[2026-06-26 05:00:34][INFO] SIM_BRIDGE: Applied heterogeneity to 4 parameters.
[2026-06-26 05:00:34][INFO] SIM_BRIDGE: Initializing OU process state (tau=15.0ms, sigma=0.0pA)...
[2026-06-26 05:00:34][INFO] SIM_BRIDGE: Generating 3D neuron positions for 4864 neurons...
[2026-06-26 05:00:34][INFO] SIM_BRIDGE: Generating connections (3D)...
[2026-06-26 05:00:34][INFO] SIM_BRIDGE: Simulation data initialized for 4864 neurons (3D). Synapses: 0. GPU memory: 1.6GB/25.8GB (6.2%)
    [bundle] saved day-21 developed brain -> bridges/developed/month1\day_21 (19 facts, 25 codes)
  [day 21] vocab=24 heard=24 facts=11 recall=1.00 heldout=1.00 retain=1.00 chain=- moat_fa=0 corr(M,C)=+0.83 tier=64 replay=5 win=2500 (132.8s wake=13.1s)
[2026-06-26 05:00:50][INFO] SIM_BRIDGE: CuPy using GPU: NVIDIA GeForce RTX 3090 (24.0 GB), mempool limit: 80%
[2026-06-26 05:00:50][INFO] SIM_BRIDGE: Initializing simulation data for model: IZHIKEVICH (3D)... (playback_init: False)
[2026-06-26 05:00:50][INFO] SIM_BRIDGE: RNG initialized with seed: 42
[2026-06-26 05:00:50][INFO] SIM_BRIDGE: Initializing Izhikevich model specifics for 126 neurons...
[2026-06-26 05:00:50][INFO] SIM_BRIDGE: Applying parameter heterogeneity to neuron parameters...
[2026-06-26 05:00:50][INFO] SIM_BRIDGE: Applied heterogeneity to 4 parameters.
[2026-06-26 05:00:50][INFO] SIM_BRIDGE: Initializing OU process state (tau=15.0ms, sigma=20.0pA)...
[2026-06-26 05:00:50][INFO] SIM_BRIDGE: Generating 3D neuron positions for 126 neurons...
[2026-06-26 05:00:50][INFO] SIM_BRIDGE: Generating connections (3D)...
[2026-06-26 05:00:50][INFO] SIM_BRIDGE: Simulation data initialized for 126 neurons (3D). Synapses: 0. GPU memory: 1.6GB/25.8GB (6.2%)
[2026-06-26 05:00:50][INFO] SIM_BRIDGE: inject_explicit_wiring: installed 720 synapses across 1 populations.
[2026-06-26 05:01:27][INFO] SIM_BRIDGE: CuPy using GPU: NVIDIA GeForce RTX 3090 (24.0 GB), mempool limit: 80%
[2026-06-26 05:01:27][INFO] SIM_BRIDGE: Initializing simulation data for model: IZHIKEVICH (3D)... (playback_init: False)
[2026-06-26 05:01:27][INFO] SIM_BRIDGE: RNG initialized with seed: 42
[2026-06-26 05:01:27][INFO] SIM_BRIDGE: Initializing Izhikevich model specifics for 224 neurons...
[2026-06-26 05:01:27][INFO] SIM_BRIDGE: Applying parameter heterogeneity to neuron parameters...
[2026-06-26 05:01:27][INFO] SIM_BRIDGE: Applied heterogeneity to 4 parameters.
[2026-06-26 05:01:27][INFO] SIM_BRIDGE: Initializing OU process state (tau=15.0ms, sigma=20.0pA)...
[2026-06-26 05:01:27][INFO] SIM_BRIDGE: Generating 3D neuron positions for 224 neurons...
[2026-06-26 05:01:27][INFO] SIM_BRIDGE: Generating connections (3D)...
[2026-06-26 05:01:27][INFO] SIM_BRIDGE: Simulation data initialized for 224 neurons (3D). Synapses: 0. GPU memory: 1.6GB/25.8GB (6.2%)
[2026-06-26 05:01:27][INFO] SIM_BRIDGE: inject_explicit_wiring: installed 4800 synapses across 1 populations.
[2026-06-26 05:02:22][INFO] SIM_BRIDGE: CuPy using GPU: NVIDIA GeForce RTX 3090 (24.0 GB), mempool limit: 80%
[2026-06-26 05:02:22][INFO] SIM_BRIDGE: Initializing simulation data for model: IZHIKEVICH (3D)... (playback_init: False)
[2026-06-26 05:02:22][INFO] SIM_BRIDGE: Brain-region framework: 2 regions, 2560 total neurons, 2 pathways.
[2026-06-26 05:02:22][INFO] SIM_BRIDGE: RNG initialized with seed: 42
[2026-06-26 05:02:22][INFO] SIM_BRIDGE: NMDA per-region mask: 2 regions enabled (2560 neurons)
[2026-06-26 05:02:22][INFO] SIM_BRIDGE: Initializing Izhikevich model specifics for 2560 neurons...
[2026-06-26 05:02:22][INFO] SIM_BRIDGE: Region 'cortex_ctx' (1280 neurons): using Izh type IZH2007_HIPPO_PYRAMIDAL
[2026-06-26 05:02:22][INFO] SIM_BRIDGE: Region 'dlpfc_wm' (1280 neurons): using Izh type IZH2007_HIPPO_PYRAMIDAL
[2026-06-26 05:02:22][INFO] SIM_BRIDGE: Applying parameter heterogeneity to neuron parameters...
[2026-06-26 05:02:22][INFO] SIM_BRIDGE: Applied heterogeneity to 4 parameters.
[2026-06-26 05:02:22][INFO] SIM_BRIDGE: Generating 3D neuron positions for 2560 neurons...
[2026-06-26 05:02:22][INFO] SIM_BRIDGE: Generating connections (brain-region framework)...
[2026-06-26 05:02:23][INFO] SIM_BRIDGE: inject_explicit_wiring: installed 491754 synapses across 4 populations.
[2026-06-26 05:02:23][INFO] SIM_BRIDGE: Initializing eligibility traces for 491754 synapses (capacity: 737631, dtype: float32)...
[2026-06-26 05:02:23][INFO] SIM_BRIDGE: Initializing STDP state for 2560 neurons...
[2026-06-26 05:02:23][INFO] SIM_BRIDGE: Simulation data initialized for 2560 neurons (3D). Synapses: 491754. GPU memory: 1.6GB/25.8GB (6.2%)
[2026-06-26 05:02:24][INFO] SIM_BRIDGE: CuPy using GPU: NVIDIA GeForce RTX 3090 (24.0 GB), mempool limit: 80%
[2026-06-26 05:02:24][INFO] SIM_BRIDGE: Initializing simulation data for model: IZHIKEVICH (3D)... (playback_init: False)
[2026-06-26 05:02:24][INFO] SIM_BRIDGE: RNG initialized with seed: 42
[2026-06-26 05:02:24][INFO] SIM_BRIDGE: Initializing Izhikevich model specifics for 256 neurons...
[2026-06-26 05:02:24][INFO] SIM_BRIDGE: Applying parameter heterogeneity to neuron parameters...
[2026-06-26 05:02:24][INFO] SIM_BRIDGE: Applied heterogeneity to 4 parameters.
[2026-06-26 05:02:24][INFO] SIM_BRIDGE: Initializing OU process state (tau=15.0ms, sigma=0.0pA)...
[2026-06-26 05:02:24][INFO] SIM_BRIDGE: Generating 3D neuron positions for 256 neurons...
[2026-06-26 05:02:24][INFO] SIM_BRIDGE: Generating connections (3D)...
[2026-06-26 05:02:24][INFO] SIM_BRIDGE: Simulation data initialized for 256 neurons (3D). Synapses: 0. GPU memory: 1.6GB/25.8GB (6.2%)
[2026-06-26 05:02:25][INFO] SIM_BRIDGE: CuPy using GPU: NVIDIA GeForce RTX 3090 (24.0 GB), mempool limit: 80%
[2026-06-26 05:02:25][INFO] SIM_BRIDGE: Initializing simulation data for model: IZHIKEVICH (3D)... (playback_init: False)
[2026-06-26 05:02:25][INFO] SIM_BRIDGE: RNG initialized with seed: 42
[2026-06-26 05:02:25][INFO] SIM_BRIDGE: Initializing Izhikevich model specifics for 640 neurons...
[2026-06-26 05:02:25][INFO] SIM_BRIDGE: Applying parameter heterogeneity to neuron parameters...
[2026-06-26 05:02:25][INFO] SIM_BRIDGE: Applied heterogeneity to 4 parameters.
[2026-06-26 05:02:25][INFO] SIM_BRIDGE: Initializing OU process state (tau=15.0ms, sigma=0.0pA)...
[2026-06-26 05:02:25][INFO] SIM_BRIDGE: Generating 3D neuron positions for 640 neurons...
[2026-06-26 05:02:25][INFO] SIM_BRIDGE: Generating connections (3D)...
[2026-06-26 05:02:25][INFO] SIM_BRIDGE: Simulation data initialized for 640 neurons (3D). Synapses: 0. GPU memory: 1.6GB/25.8GB (6.2%)
[2026-06-26 05:02:52][INFO] SIM_BRIDGE: CuPy using GPU: NVIDIA GeForce RTX 3090 (24.0 GB), mempool limit: 80%
[2026-06-26 05:02:52][INFO] SIM_BRIDGE: Initializing simulation data for model: IZHIKEVICH (3D)... (playback_init: False)
[2026-06-26 05:02:52][INFO] SIM_BRIDGE: RNG initialized with seed: 42
[2026-06-26 05:02:52][INFO] SIM_BRIDGE: Initializing Izhikevich model specifics for 4864 neurons...
[2026-06-26 05:02:52][INFO] SIM_BRIDGE: Applying parameter heterogeneity to neuron parameters...
[2026-06-26 05:02:52][INFO] SIM_BRIDGE: Applied heterogeneity to 4 parameters.
[2026-06-26 05:02:52][INFO] SIM_BRIDGE: Initializing OU process state (tau=15.0ms, sigma=0.0pA)...
[2026-06-26 05:02:52][INFO] SIM_BRIDGE: Generating 3D neuron positions for 4864 neurons...
[2026-06-26 05:02:52][INFO] SIM_BRIDGE: Generating connections (3D)...
[2026-06-26 05:02:52][INFO] SIM_BRIDGE: Simulation data initialized for 4864 neurons (3D). Synapses: 0. GPU memory: 1.6GB/25.8GB (6.2%)
    [bundle] saved day-22 developed brain -> bridges/developed/month1\day_22 (19 facts, 25 codes)
  [day 22] vocab=24 heard=24 facts=11 recall=1.00 heldout=1.00 retain=1.00 chain=1.00 moat_fa=0 corr(M,C)=+0.83 tier=64 replay=5 win=2500 (138.5s wake=13.3s)
[2026-06-26 05:03:08][INFO] SIM_BRIDGE: CuPy using GPU: NVIDIA GeForce RTX 3090 (24.0 GB), mempool limit: 80%
[2026-06-26 05:03:08][INFO] SIM_BRIDGE: Initializing simulation data for model: IZHIKEVICH (3D)... (playback_init: False)
[2026-06-26 05:03:08][INFO] SIM_BRIDGE: RNG initialized with seed: 42
[2026-06-26 05:03:08][INFO] SIM_BRIDGE: Initializing Izhikevich model specifics for 126 neurons...
[2026-06-26 05:03:08][INFO] SIM_BRIDGE: Applying parameter heterogeneity to neuron parameters...
[2026-06-26 05:03:08][INFO] SIM_BRIDGE: Applied heterogeneity to 4 parameters.
[2026-06-26 05:03:08][INFO] SIM_BRIDGE: Initializing OU process state (tau=15.0ms, sigma=20.0pA)...
[2026-06-26 05:03:08][INFO] SIM_BRIDGE: Generating 3D neuron positions for 126 neurons...
[2026-06-26 05:03:08][INFO] SIM_BRIDGE: Generating connections (3D)...
[2026-06-26 05:03:08][INFO] SIM_BRIDGE: Simulation data initialized for 126 neurons (3D). Synapses: 0. GPU memory: 1.6GB/25.8GB (6.2%)
[2026-06-26 05:03:08][INFO] SIM_BRIDGE: inject_explicit_wiring: installed 720 synapses across 1 populations.
[2026-06-26 05:03:45][INFO] SIM_BRIDGE: CuPy using GPU: NVIDIA GeForce RTX 3090 (24.0 GB), mempool limit: 80%
[2026-06-26 05:03:45][INFO] SIM_BRIDGE: Initializing simulation data for model: IZHIKEVICH (3D)... (playback_init: False)
[2026-06-26 05:03:45][INFO] SIM_BRIDGE: RNG initialized with seed: 42
[2026-06-26 05:03:45][INFO] SIM_BRIDGE: Initializing Izhikevich model specifics for 224 neurons...
[2026-06-26 05:03:45][INFO] SIM_BRIDGE: Applying parameter heterogeneity to neuron parameters...
[2026-06-26 05:03:45][INFO] SIM_BRIDGE: Applied heterogeneity to 4 parameters.
[2026-06-26 05:03:45][INFO] SIM_BRIDGE: Initializing OU process state (tau=15.0ms, sigma=20.0pA)...
[2026-06-26 05:03:45][INFO] SIM_BRIDGE: Generating 3D neuron positions for 224 neurons...
[2026-06-26 05:03:45][INFO] SIM_BRIDGE: Generating connections (3D)...
[2026-06-26 05:03:45][INFO] SIM_BRIDGE: Simulation data initialized for 224 neurons (3D). Synapses: 0. GPU memory: 1.6GB/25.8GB (6.2%)
[2026-06-26 05:03:45][INFO] SIM_BRIDGE: inject_explicit_wiring: installed 4800 synapses across 1 populations.
[2026-06-26 05:04:41][INFO] SIM_BRIDGE: CuPy using GPU: NVIDIA GeForce RTX 3090 (24.0 GB), mempool limit: 80%
[2026-06-26 05:04:41][INFO] SIM_BRIDGE: Initializing simulation data for model: IZHIKEVICH (3D)... (playback_init: False)
[2026-06-26 05:04:41][INFO] SIM_BRIDGE: Brain-region framework: 2 regions, 2560 total neurons, 2 pathways.
[2026-06-26 05:04:41][INFO] SIM_BRIDGE: RNG initialized with seed: 42
[2026-06-26 05:04:41][INFO] SIM_BRIDGE: NMDA per-region mask: 2 regions enabled (2560 neurons)
[2026-06-26 05:04:41][INFO] SIM_BRIDGE: Initializing Izhikevich model specifics for 2560 neurons...
[2026-06-26 05:04:41][INFO] SIM_BRIDGE: Region 'cortex_ctx' (1280 neurons): using Izh type IZH2007_HIPPO_PYRAMIDAL
[2026-06-26 05:04:41][INFO] SIM_BRIDGE: Region 'dlpfc_wm' (1280 neurons): using Izh type IZH2007_HIPPO_PYRAMIDAL
[2026-06-26 05:04:41][INFO] SIM_BRIDGE: Applying parameter heterogeneity to neuron parameters...
[2026-06-26 05:04:41][INFO] SIM_BRIDGE: Applied heterogeneity to 4 parameters.
[2026-06-26 05:04:41][INFO] SIM_BRIDGE: Generating 3D neuron positions for 2560 neurons...
[2026-06-26 05:04:41][INFO] SIM_BRIDGE: Generating connections (brain-region framework)...
[2026-06-26 05:04:41][INFO] SIM_BRIDGE: inject_explicit_wiring: installed 491754 synapses across 4 populations.
[2026-06-26 05:04:41][INFO] SIM_BRIDGE: Initializing eligibility traces for 491754 synapses (capacity: 737631, dtype: float32)...
[2026-06-26 05:04:41][INFO] SIM_BRIDGE: Initializing STDP state for 2560 neurons...
[2026-06-26 05:04:41][INFO] SIM_BRIDGE: Simulation data initialized for 2560 neurons (3D). Synapses: 491754. GPU memory: 1.6GB/25.8GB (6.2%)
[2026-06-26 05:04:42][INFO] SIM_BRIDGE: CuPy using GPU: NVIDIA GeForce RTX 3090 (24.0 GB), mempool limit: 80%
[2026-06-26 05:04:42][INFO] SIM_BRIDGE: Initializing simulation data for model: IZHIKEVICH (3D)... (playback_init: False)
[2026-06-26 05:04:42][INFO] SIM_BRIDGE: RNG initialized with seed: 42
[2026-06-26 05:04:42][INFO] SIM_BRIDGE: Initializing Izhikevich model specifics for 256 neurons...
[2026-06-26 05:04:42][INFO] SIM_BRIDGE: Applying parameter heterogeneity to neuron parameters...
[2026-06-26 05:04:42][INFO] SIM_BRIDGE: Applied heterogeneity to 4 parameters.
[2026-06-26 05:04:42][INFO] SIM_BRIDGE: Initializing OU process state (tau=15.0ms, sigma=0.0pA)...
[2026-06-26 05:04:42][INFO] SIM_BRIDGE: Generating 3D neuron positions for 256 neurons...
[2026-06-26 05:04:42][INFO] SIM_BRIDGE: Generating connections (3D)...
[2026-06-26 05:04:42][INFO] SIM_BRIDGE: Simulation data initialized for 256 neurons (3D). Synapses: 0. GPU memory: 1.6GB/25.8GB (6.2%)
[2026-06-26 05:04:43][INFO] SIM_BRIDGE: CuPy using GPU: NVIDIA GeForce RTX 3090 (24.0 GB), mempool limit: 80%
[2026-06-26 05:04:43][INFO] SIM_BRIDGE: Initializing simulation data for model: IZHIKEVICH (3D)... (playback_init: False)
[2026-06-26 05:04:43][INFO] SIM_BRIDGE: RNG initialized with seed: 42
[2026-06-26 05:04:43][INFO] SIM_BRIDGE: Initializing Izhikevich model specifics for 640 neurons...
[2026-06-26 05:04:43][INFO] SIM_BRIDGE: Applying parameter heterogeneity to neuron parameters...
[2026-06-26 05:04:43][INFO] SIM_BRIDGE: Applied heterogeneity to 4 parameters.
[2026-06-26 05:04:43][INFO] SIM_BRIDGE: Initializing OU process state (tau=15.0ms, sigma=0.0pA)...
[2026-06-26 05:04:43][INFO] SIM_BRIDGE: Generating 3D neuron positions for 640 neurons...
[2026-06-26 05:04:43][INFO] SIM_BRIDGE: Generating connections (3D)...
[2026-06-26 05:04:43][INFO] SIM_BRIDGE: Simulation data initialized for 640 neurons (3D). Synapses: 0. GPU memory: 1.6GB/25.8GB (6.2%)
[2026-06-26 05:05:06][INFO] SIM_BRIDGE: CuPy using GPU: NVIDIA GeForce RTX 3090 (24.0 GB), mempool limit: 80%
[2026-06-26 05:05:06][INFO] SIM_BRIDGE: Initializing simulation data for model: IZHIKEVICH (3D)... (playback_init: False)
[2026-06-26 05:05:06][INFO] SIM_BRIDGE: RNG initialized with seed: 42
[2026-06-26 05:05:06][INFO] SIM_BRIDGE: Initializing Izhikevich model specifics for 4864 neurons...
[2026-06-26 05:05:06][INFO] SIM_BRIDGE: Applying parameter heterogeneity to neuron parameters...
[2026-06-26 05:05:06][INFO] SIM_BRIDGE: Applied heterogeneity to 4 parameters.
[2026-06-26 05:05:06][INFO] SIM_BRIDGE: Initializing OU process state (tau=15.0ms, sigma=0.0pA)...
[2026-06-26 05:05:06][INFO] SIM_BRIDGE: Generating 3D neuron positions for 4864 neurons...
[2026-06-26 05:05:06][INFO] SIM_BRIDGE: Generating connections (3D)...
[2026-06-26 05:05:06][INFO] SIM_BRIDGE: Simulation data initialized for 4864 neurons (3D). Synapses: 0. GPU memory: 1.6GB/25.8GB (6.2%)
    [growth] mastered tier 64 -> promoted to 96
    [bundle] saved day-23 developed brain -> bridges/developed/month1\day_23 (19 facts, 25 codes)
  [day 23] vocab=24 heard=24 facts=11 recall=1.00 heldout=0.00 retain=1.00 chain=- moat_fa=0 corr(M,C)=+0.82 tier=96 replay=5 win=2500 (133.3s wake=13.5s)
[2026-06-26 05:05:22][INFO] SIM_BRIDGE: CuPy using GPU: NVIDIA GeForce RTX 3090 (24.0 GB), mempool limit: 80%
[2026-06-26 05:05:22][INFO] SIM_BRIDGE: Initializing simulation data for model: IZHIKEVICH (3D)... (playback_init: False)
[2026-06-26 05:05:22][INFO] SIM_BRIDGE: RNG initialized with seed: 42
[2026-06-26 05:05:22][INFO] SIM_BRIDGE: Initializing Izhikevich model specifics for 126 neurons...
[2026-06-26 05:05:22][INFO] SIM_BRIDGE: Applying parameter heterogeneity to neuron parameters...
[2026-06-26 05:05:22][INFO] SIM_BRIDGE: Applied heterogeneity to 4 parameters.
[2026-06-26 05:05:22][INFO] SIM_BRIDGE: Initializing OU process state (tau=15.0ms, sigma=20.0pA)...
[2026-06-26 05:05:22][INFO] SIM_BRIDGE: Generating 3D neuron positions for 126 neurons...
[2026-06-26 05:05:22][INFO] SIM_BRIDGE: Generating connections (3D)...
[2026-06-26 05:05:22][INFO] SIM_BRIDGE: Simulation data initialized for 126 neurons (3D). Synapses: 0. GPU memory: 1.6GB/25.8GB (6.2%)
[2026-06-26 05:05:22][INFO] SIM_BRIDGE: inject_explicit_wiring: installed 720 synapses across 1 populations.
[2026-06-26 05:05:59][INFO] SIM_BRIDGE: CuPy using GPU: NVIDIA GeForce RTX 3090 (24.0 GB), mempool limit: 80%
[2026-06-26 05:05:59][INFO] SIM_BRIDGE: Initializing simulation data for model: IZHIKEVICH (3D)... (playback_init: False)
[2026-06-26 05:05:59][INFO] SIM_BRIDGE: RNG initialized with seed: 42
[2026-06-26 05:05:59][INFO] SIM_BRIDGE: Initializing Izhikevich model specifics for 224 neurons...
[2026-06-26 05:05:59][INFO] SIM_BRIDGE: Applying parameter heterogeneity to neuron parameters...
[2026-06-26 05:05:59][INFO] SIM_BRIDGE: Applied heterogeneity to 4 parameters.
[2026-06-26 05:05:59][INFO] SIM_BRIDGE: Initializing OU process state (tau=15.0ms, sigma=20.0pA)...
[2026-06-26 05:05:59][INFO] SIM_BRIDGE: Generating 3D neuron positions for 224 neurons...
[2026-06-26 05:05:59][INFO] SIM_BRIDGE: Generating connections (3D)...
[2026-06-26 05:05:59][INFO] SIM_BRIDGE: Simulation data initialized for 224 neurons (3D). Synapses: 0. GPU memory: 1.6GB/25.8GB (6.2%)
[2026-06-26 05:05:59][INFO] SIM_BRIDGE: inject_explicit_wiring: installed 4800 synapses across 1 populations.
[2026-06-26 05:06:54][INFO] SIM_BRIDGE: CuPy using GPU: NVIDIA GeForce RTX 3090 (24.0 GB), mempool limit: 80%
[2026-06-26 05:06:54][INFO] SIM_BRIDGE: Initializing simulation data for model: IZHIKEVICH (3D)... (playback_init: False)
[2026-06-26 05:06:54][INFO] SIM_BRIDGE: Brain-region framework: 2 regions, 2560 total neurons, 2 pathways.
[2026-06-26 05:06:54][INFO] SIM_BRIDGE: RNG initialized with seed: 42
[2026-06-26 05:06:54][INFO] SIM_BRIDGE: NMDA per-region mask: 2 regions enabled (2560 neurons)
[2026-06-26 05:06:54][INFO] SIM_BRIDGE: Initializing Izhikevich model specifics for 2560 neurons...
[2026-06-26 05:06:54][INFO] SIM_BRIDGE: Region 'cortex_ctx' (1280 neurons): using Izh type IZH2007_HIPPO_PYRAMIDAL
[2026-06-26 05:06:54][INFO] SIM_BRIDGE: Region 'dlpfc_wm' (1280 neurons): using Izh type IZH2007_HIPPO_PYRAMIDAL
[2026-06-26 05:06:54][INFO] SIM_BRIDGE: Applying parameter heterogeneity to neuron parameters...
[2026-06-26 05:06:54][INFO] SIM_BRIDGE: Applied heterogeneity to 4 parameters.
[2026-06-26 05:06:54][INFO] SIM_BRIDGE: Generating 3D neuron positions for 2560 neurons...
[2026-06-26 05:06:54][INFO] SIM_BRIDGE: Generating connections (brain-region framework)...
[2026-06-26 05:06:55][INFO] SIM_BRIDGE: inject_explicit_wiring: installed 491754 synapses across 4 populations.
[2026-06-26 05:06:55][INFO] SIM_BRIDGE: Initializing eligibility traces for 491754 synapses (capacity: 737631, dtype: float32)...
[2026-06-26 05:06:55][INFO] SIM_BRIDGE: Initializing STDP state for 2560 neurons...
[2026-06-26 05:06:55][INFO] SIM_BRIDGE: Simulation data initialized for 2560 neurons (3D). Synapses: 491754. GPU memory: 1.6GB/25.8GB (6.2%)
[2026-06-26 05:06:55][INFO] SIM_BRIDGE: CuPy using GPU: NVIDIA GeForce RTX 3090 (24.0 GB), mempool limit: 80%
[2026-06-26 05:06:55][INFO] SIM_BRIDGE: Initializing simulation data for model: IZHIKEVICH (3D)... (playback_init: False)
[2026-06-26 05:06:55][INFO] SIM_BRIDGE: RNG initialized with seed: 42
[2026-06-26 05:06:55][INFO] SIM_BRIDGE: Initializing Izhikevich model specifics for 256 neurons...
[2026-06-26 05:06:55][INFO] SIM_BRIDGE: Applying parameter heterogeneity to neuron parameters...
[2026-06-26 05:06:55][INFO] SIM_BRIDGE: Applied heterogeneity to 4 parameters.
[2026-06-26 05:06:55][INFO] SIM_BRIDGE: Initializing OU process state (tau=15.0ms, sigma=0.0pA)...
[2026-06-26 05:06:55][INFO] SIM_BRIDGE: Generating 3D neuron positions for 256 neurons...
[2026-06-26 05:06:55][INFO] SIM_BRIDGE: Generating connections (3D)...
[2026-06-26 05:06:55][INFO] SIM_BRIDGE: Simulation data initialized for 256 neurons (3D). Synapses: 0. GPU memory: 1.6GB/25.8GB (6.2%)
[2026-06-26 05:06:56][INFO] SIM_BRIDGE: CuPy using GPU: NVIDIA GeForce RTX 3090 (24.0 GB), mempool limit: 80%
[2026-06-26 05:06:56][INFO] SIM_BRIDGE: Initializing simulation data for model: IZHIKEVICH (3D)... (playback_init: False)
[2026-06-26 05:06:56][INFO] SIM_BRIDGE: RNG initialized with seed: 42
[2026-06-26 05:06:56][INFO] SIM_BRIDGE: Initializing Izhikevich model specifics for 640 neurons...
[2026-06-26 05:06:56][INFO] SIM_BRIDGE: Applying parameter heterogeneity to neuron parameters...
[2026-06-26 05:06:56][INFO] SIM_BRIDGE: Applied heterogeneity to 4 parameters.
[2026-06-26 05:06:56][INFO] SIM_BRIDGE: Initializing OU process state (tau=15.0ms, sigma=0.0pA)...
[2026-06-26 05:06:56][INFO] SIM_BRIDGE: Generating 3D neuron positions for 640 neurons...
[2026-06-26 05:06:56][INFO] SIM_BRIDGE: Generating connections (3D)...
[2026-06-26 05:06:56][INFO] SIM_BRIDGE: Simulation data initialized for 640 neurons (3D). Synapses: 0. GPU memory: 1.6GB/25.8GB (6.2%)
[2026-06-26 05:07:18][INFO] SIM_BRIDGE: CuPy using GPU: NVIDIA GeForce RTX 3090 (24.0 GB), mempool limit: 80%
[2026-06-26 05:07:18][INFO] SIM_BRIDGE: Initializing simulation data for model: IZHIKEVICH (3D)... (playback_init: False)
[2026-06-26 05:07:18][INFO] SIM_BRIDGE: RNG initialized with seed: 42
[2026-06-26 05:07:18][INFO] SIM_BRIDGE: Initializing Izhikevich model specifics for 4608 neurons...
[2026-06-26 05:07:18][INFO] SIM_BRIDGE: Applying parameter heterogeneity to neuron parameters...
[2026-06-26 05:07:18][INFO] SIM_BRIDGE: Applied heterogeneity to 4 parameters.
[2026-06-26 05:07:18][INFO] SIM_BRIDGE: Initializing OU process state (tau=15.0ms, sigma=0.0pA)...
[2026-06-26 05:07:18][INFO] SIM_BRIDGE: Generating 3D neuron positions for 4608 neurons...
[2026-06-26 05:07:18][INFO] SIM_BRIDGE: Generating connections (3D)...
[2026-06-26 05:07:18][INFO] SIM_BRIDGE: Simulation data initialized for 4608 neurons (3D). Synapses: 0. GPU memory: 1.6GB/25.8GB (6.2%)
    [bundle] saved day-24 developed brain -> bridges/developed/month1\day_24 (18 facts, 25 codes)
  [day 24] vocab=24 heard=24 facts=11 recall=1.00 heldout=- retain=- chain=- moat_fa=0 corr(M,C)=+0.82 tier=96 replay=5 win=2500 (130.9s wake=13.3s)
[2026-06-26 05:07:33][INFO] SIM_BRIDGE: CuPy using GPU: NVIDIA GeForce RTX 3090 (24.0 GB), mempool limit: 80%
[2026-06-26 05:07:33][INFO] SIM_BRIDGE: Initializing simulation data for model: IZHIKEVICH (3D)... (playback_init: False)
[2026-06-26 05:07:33][INFO] SIM_BRIDGE: RNG initialized with seed: 42
[2026-06-26 05:07:33][INFO] SIM_BRIDGE: Initializing Izhikevich model specifics for 126 neurons...
[2026-06-26 05:07:33][INFO] SIM_BRIDGE: Applying parameter heterogeneity to neuron parameters...
[2026-06-26 05:07:33][INFO] SIM_BRIDGE: Applied heterogeneity to 4 parameters.
[2026-06-26 05:07:33][INFO] SIM_BRIDGE: Initializing OU process state (tau=15.0ms, sigma=20.0pA)...
[2026-06-26 05:07:33][INFO] SIM_BRIDGE: Generating 3D neuron positions for 126 neurons...
[2026-06-26 05:07:33][INFO] SIM_BRIDGE: Generating connections (3D)...
[2026-06-26 05:07:33][INFO] SIM_BRIDGE: Simulation data initialized for 126 neurons (3D). Synapses: 0. GPU memory: 1.6GB/25.8GB (6.2%)
[2026-06-26 05:07:33][INFO] SIM_BRIDGE: inject_explicit_wiring: installed 720 synapses across 1 populations.
[2026-06-26 05:08:13][INFO] SIM_BRIDGE: CuPy using GPU: NVIDIA GeForce RTX 3090 (24.0 GB), mempool limit: 80%
[2026-06-26 05:08:13][INFO] SIM_BRIDGE: Initializing simulation data for model: IZHIKEVICH (3D)... (playback_init: False)
[2026-06-26 05:08:13][INFO] SIM_BRIDGE: RNG initialized with seed: 42
[2026-06-26 05:08:13][INFO] SIM_BRIDGE: Initializing Izhikevich model specifics for 224 neurons...
[2026-06-26 05:08:13][INFO] SIM_BRIDGE: Applying parameter heterogeneity to neuron parameters...
[2026-06-26 05:08:13][INFO] SIM_BRIDGE: Applied heterogeneity to 4 parameters.
[2026-06-26 05:08:13][INFO] SIM_BRIDGE: Initializing OU process state (tau=15.0ms, sigma=20.0pA)...
[2026-06-26 05:08:13][INFO] SIM_BRIDGE: Generating 3D neuron positions for 224 neurons...
[2026-06-26 05:08:13][INFO] SIM_BRIDGE: Generating connections (3D)...
[2026-06-26 05:08:13][INFO] SIM_BRIDGE: Simulation data initialized for 224 neurons (3D). Synapses: 0. GPU memory: 1.6GB/25.8GB (6.2%)
[2026-06-26 05:08:13][INFO] SIM_BRIDGE: inject_explicit_wiring: installed 4800 synapses across 1 populations.
[2026-06-26 05:09:08][INFO] SIM_BRIDGE: CuPy using GPU: NVIDIA GeForce RTX 3090 (24.0 GB), mempool limit: 80%
[2026-06-26 05:09:08][INFO] SIM_BRIDGE: Initializing simulation data for model: IZHIKEVICH (3D)... (playback_init: False)
[2026-06-26 05:09:08][INFO] SIM_BRIDGE: Brain-region framework: 2 regions, 2560 total neurons, 2 pathways.
[2026-06-26 05:09:08][INFO] SIM_BRIDGE: RNG initialized with seed: 42
[2026-06-26 05:09:08][INFO] SIM_BRIDGE: NMDA per-region mask: 2 regions enabled (2560 neurons)
[2026-06-26 05:09:08][INFO] SIM_BRIDGE: Initializing Izhikevich model specifics for 2560 neurons...
[2026-06-26 05:09:08][INFO] SIM_BRIDGE: Region 'cortex_ctx' (1280 neurons): using Izh type IZH2007_HIPPO_PYRAMIDAL
[2026-06-26 05:09:08][INFO] SIM_BRIDGE: Region 'dlpfc_wm' (1280 neurons): using Izh type IZH2007_HIPPO_PYRAMIDAL
[2026-06-26 05:09:08][INFO] SIM_BRIDGE: Applying parameter heterogeneity to neuron parameters...
[2026-06-26 05:09:08][INFO] SIM_BRIDGE: Applied heterogeneity to 4 parameters.
[2026-06-26 05:09:08][INFO] SIM_BRIDGE: Generating 3D neuron positions for 2560 neurons...
[2026-06-26 05:09:08][INFO] SIM_BRIDGE: Generating connections (brain-region framework)...
[2026-06-26 05:09:09][INFO] SIM_BRIDGE: inject_explicit_wiring: installed 491754 synapses across 4 populations.
[2026-06-26 05:09:09][INFO] SIM_BRIDGE: Initializing eligibility traces for 491754 synapses (capacity: 737631, dtype: float32)...
[2026-06-26 05:09:09][INFO] SIM_BRIDGE: Initializing STDP state for 2560 neurons...
[2026-06-26 05:09:09][INFO] SIM_BRIDGE: Simulation data initialized for 2560 neurons (3D). Synapses: 491754. GPU memory: 1.6GB/25.8GB (6.2%)
[2026-06-26 05:09:09][INFO] SIM_BRIDGE: CuPy using GPU: NVIDIA GeForce RTX 3090 (24.0 GB), mempool limit: 80%
[2026-06-26 05:09:09][INFO] SIM_BRIDGE: Initializing simulation data for model: IZHIKEVICH (3D)... (playback_init: False)
[2026-06-26 05:09:09][INFO] SIM_BRIDGE: RNG initialized with seed: 42
[2026-06-26 05:09:09][INFO] SIM_BRIDGE: Initializing Izhikevich model specifics for 256 neurons...
[2026-06-26 05:09:09][INFO] SIM_BRIDGE: Applying parameter heterogeneity to neuron parameters...
[2026-06-26 05:09:09][INFO] SIM_BRIDGE: Applied heterogeneity to 4 parameters.
[2026-06-26 05:09:09][INFO] SIM_BRIDGE: Initializing OU process state (tau=15.0ms, sigma=0.0pA)...
[2026-06-26 05:09:09][INFO] SIM_BRIDGE: Generating 3D neuron positions for 256 neurons...
[2026-06-26 05:09:09][INFO] SIM_BRIDGE: Generating connections (3D)...
[2026-06-26 05:09:09][INFO] SIM_BRIDGE: Simulation data initialized for 256 neurons (3D). Synapses: 0. GPU memory: 1.6GB/25.8GB (6.2%)
[2026-06-26 05:09:10][INFO] SIM_BRIDGE: CuPy using GPU: NVIDIA GeForce RTX 3090 (24.0 GB), mempool limit: 80%
[2026-06-26 05:09:10][INFO] SIM_BRIDGE: Initializing simulation data for model: IZHIKEVICH (3D)... (playback_init: False)
[2026-06-26 05:09:10][INFO] SIM_BRIDGE: RNG initialized with seed: 42
[2026-06-26 05:09:10][INFO] SIM_BRIDGE: Initializing Izhikevich model specifics for 640 neurons...
[2026-06-26 05:09:10][INFO] SIM_BRIDGE: Applying parameter heterogeneity to neuron parameters...
[2026-06-26 05:09:10][INFO] SIM_BRIDGE: Applied heterogeneity to 4 parameters.
[2026-06-26 05:09:10][INFO] SIM_BRIDGE: Initializing OU process state (tau=15.0ms, sigma=0.0pA)...
[2026-06-26 05:09:10][INFO] SIM_BRIDGE: Generating 3D neuron positions for 640 neurons...
[2026-06-26 05:09:10][INFO] SIM_BRIDGE: Generating connections (3D)...
[2026-06-26 05:09:10][INFO] SIM_BRIDGE: Simulation data initialized for 640 neurons (3D). Synapses: 0. GPU memory: 1.6GB/25.8GB (6.2%)
[2026-06-26 05:09:33][INFO] SIM_BRIDGE: CuPy using GPU: NVIDIA GeForce RTX 3090 (24.0 GB), mempool limit: 80%
[2026-06-26 05:09:33][INFO] SIM_BRIDGE: Initializing simulation data for model: IZHIKEVICH (3D)... (playback_init: False)
[2026-06-26 05:09:33][INFO] SIM_BRIDGE: RNG initialized with seed: 42
[2026-06-26 05:09:33][INFO] SIM_BRIDGE: Initializing Izhikevich model specifics for 4864 neurons...
[2026-06-26 05:09:33][INFO] SIM_BRIDGE: Applying parameter heterogeneity to neuron parameters...
[2026-06-26 05:09:33][INFO] SIM_BRIDGE: Applied heterogeneity to 4 parameters.
[2026-06-26 05:09:33][INFO] SIM_BRIDGE: Initializing OU process state (tau=15.0ms, sigma=0.0pA)...
[2026-06-26 05:09:33][INFO] SIM_BRIDGE: Generating 3D neuron positions for 4864 neurons...
[2026-06-26 05:09:33][INFO] SIM_BRIDGE: Generating connections (3D)...
[2026-06-26 05:09:33][INFO] SIM_BRIDGE: Simulation data initialized for 4864 neurons (3D). Synapses: 0. GPU memory: 1.6GB/25.8GB (6.2%)
    [bundle] saved day-25 developed brain -> bridges/developed/month1\day_25 (19 facts, 25 codes)
  [day 25] vocab=24 heard=24 facts=11 recall=1.00 heldout=1.00 retain=1.00 chain=- moat_fa=0 corr(M,C)=+0.82 tier=96 replay=5 win=2500 (136.6s wake=13.9s)
[2026-06-26 05:09:49][INFO] SIM_BRIDGE: CuPy using GPU: NVIDIA GeForce RTX 3090 (24.0 GB), mempool limit: 80%
[2026-06-26 05:09:49][INFO] SIM_BRIDGE: Initializing simulation data for model: IZHIKEVICH (3D)... (playback_init: False)
[2026-06-26 05:09:49][INFO] SIM_BRIDGE: RNG initialized with seed: 42
[2026-06-26 05:09:49][INFO] SIM_BRIDGE: Initializing Izhikevich model specifics for 126 neurons...
[2026-06-26 05:09:49][INFO] SIM_BRIDGE: Applying parameter heterogeneity to neuron parameters...
[2026-06-26 05:09:49][INFO] SIM_BRIDGE: Applied heterogeneity to 4 parameters.
[2026-06-26 05:09:49][INFO] SIM_BRIDGE: Initializing OU process state (tau=15.0ms, sigma=20.0pA)...
[2026-06-26 05:09:49][INFO] SIM_BRIDGE: Generating 3D neuron positions for 126 neurons...
[2026-06-26 05:09:49][INFO] SIM_BRIDGE: Generating connections (3D)...
[2026-06-26 05:09:49][INFO] SIM_BRIDGE: Simulation data initialized for 126 neurons (3D). Synapses: 0. GPU memory: 1.6GB/25.8GB (6.2%)
[2026-06-26 05:09:49][INFO] SIM_BRIDGE: inject_explicit_wiring: installed 720 synapses across 1 populations.
[2026-06-26 05:10:27][INFO] SIM_BRIDGE: CuPy using GPU: NVIDIA GeForce RTX 3090 (24.0 GB), mempool limit: 80%
[2026-06-26 05:10:27][INFO] SIM_BRIDGE: Initializing simulation data for model: IZHIKEVICH (3D)... (playback_init: False)
[2026-06-26 05:10:27][INFO] SIM_BRIDGE: RNG initialized with seed: 42
[2026-06-26 05:10:27][INFO] SIM_BRIDGE: Initializing Izhikevich model specifics for 224 neurons...
[2026-06-26 05:10:27][INFO] SIM_BRIDGE: Applying parameter heterogeneity to neuron parameters...
[2026-06-26 05:10:27][INFO] SIM_BRIDGE: Applied heterogeneity to 4 parameters.
[2026-06-26 05:10:27][INFO] SIM_BRIDGE: Initializing OU process state (tau=15.0ms, sigma=20.0pA)...
[2026-06-26 05:10:27][INFO] SIM_BRIDGE: Generating 3D neuron positions for 224 neurons...
[2026-06-26 05:10:27][INFO] SIM_BRIDGE: Generating connections (3D)...
[2026-06-26 05:10:27][INFO] SIM_BRIDGE: Simulation data initialized for 224 neurons (3D). Synapses: 0. GPU memory: 1.6GB/25.8GB (6.2%)
[2026-06-26 05:10:27][INFO] SIM_BRIDGE: inject_explicit_wiring: installed 4800 synapses across 1 populations.
[2026-06-26 05:11:21][INFO] SIM_BRIDGE: CuPy using GPU: NVIDIA GeForce RTX 3090 (24.0 GB), mempool limit: 80%
[2026-06-26 05:11:21][INFO] SIM_BRIDGE: Initializing simulation data for model: IZHIKEVICH (3D)... (playback_init: False)
[2026-06-26 05:11:21][INFO] SIM_BRIDGE: Brain-region framework: 2 regions, 2560 total neurons, 2 pathways.
[2026-06-26 05:11:21][INFO] SIM_BRIDGE: RNG initialized with seed: 42
[2026-06-26 05:11:21][INFO] SIM_BRIDGE: NMDA per-region mask: 2 regions enabled (2560 neurons)
[2026-06-26 05:11:21][INFO] SIM_BRIDGE: Initializing Izhikevich model specifics for 2560 neurons...
[2026-06-26 05:11:21][INFO] SIM_BRIDGE: Region 'cortex_ctx' (1280 neurons): using Izh type IZH2007_HIPPO_PYRAMIDAL
[2026-06-26 05:11:21][INFO] SIM_BRIDGE: Region 'dlpfc_wm' (1280 neurons): using Izh type IZH2007_HIPPO_PYRAMIDAL
[2026-06-26 05:11:21][INFO] SIM_BRIDGE: Applying parameter heterogeneity to neuron parameters...
[2026-06-26 05:11:21][INFO] SIM_BRIDGE: Applied heterogeneity to 4 parameters.
[2026-06-26 05:11:21][INFO] SIM_BRIDGE: Generating 3D neuron positions for 2560 neurons...
[2026-06-26 05:11:21][INFO] SIM_BRIDGE: Generating connections (brain-region framework)...
[2026-06-26 05:11:22][INFO] SIM_BRIDGE: inject_explicit_wiring: installed 491754 synapses across 4 populations.
[2026-06-26 05:11:22][INFO] SIM_BRIDGE: Initializing eligibility traces for 491754 synapses (capacity: 737631, dtype: float32)...
[2026-06-26 05:11:22][INFO] SIM_BRIDGE: Initializing STDP state for 2560 neurons...
[2026-06-26 05:11:22][INFO] SIM_BRIDGE: Simulation data initialized for 2560 neurons (3D). Synapses: 491754. GPU memory: 1.6GB/25.8GB (6.2%)
[2026-06-26 05:11:23][INFO] SIM_BRIDGE: CuPy using GPU: NVIDIA GeForce RTX 3090 (24.0 GB), mempool limit: 80%
[2026-06-26 05:11:23][INFO] SIM_BRIDGE: Initializing simulation data for model: IZHIKEVICH (3D)... (playback_init: False)
[2026-06-26 05:11:23][INFO] SIM_BRIDGE: RNG initialized with seed: 42
[2026-06-26 05:11:23][INFO] SIM_BRIDGE: Initializing Izhikevich model specifics for 256 neurons...
[2026-06-26 05:11:23][INFO] SIM_BRIDGE: Applying parameter heterogeneity to neuron parameters...
[2026-06-26 05:11:23][INFO] SIM_BRIDGE: Applied heterogeneity to 4 parameters.
[2026-06-26 05:11:23][INFO] SIM_BRIDGE: Initializing OU process state (tau=15.0ms, sigma=0.0pA)...
[2026-06-26 05:11:23][INFO] SIM_BRIDGE: Generating 3D neuron positions for 256 neurons...
[2026-06-26 05:11:23][INFO] SIM_BRIDGE: Generating connections (3D)...
[2026-06-26 05:11:23][INFO] SIM_BRIDGE: Simulation data initialized for 256 neurons (3D). Synapses: 0. GPU memory: 1.6GB/25.8GB (6.2%)
[2026-06-26 05:11:24][INFO] SIM_BRIDGE: CuPy using GPU: NVIDIA GeForce RTX 3090 (24.0 GB), mempool limit: 80%
[2026-06-26 05:11:24][INFO] SIM_BRIDGE: Initializing simulation data for model: IZHIKEVICH (3D)... (playback_init: False)
[2026-06-26 05:11:24][INFO] SIM_BRIDGE: RNG initialized with seed: 42
[2026-06-26 05:11:24][INFO] SIM_BRIDGE: Initializing Izhikevich model specifics for 640 neurons...
[2026-06-26 05:11:24][INFO] SIM_BRIDGE: Applying parameter heterogeneity to neuron parameters...
[2026-06-26 05:11:24][INFO] SIM_BRIDGE: Applied heterogeneity to 4 parameters.
[2026-06-26 05:11:24][INFO] SIM_BRIDGE: Initializing OU process state (tau=15.0ms, sigma=0.0pA)...
[2026-06-26 05:11:24][INFO] SIM_BRIDGE: Generating 3D neuron positions for 640 neurons...
[2026-06-26 05:11:24][INFO] SIM_BRIDGE: Generating connections (3D)...
[2026-06-26 05:11:24][INFO] SIM_BRIDGE: Simulation data initialized for 640 neurons (3D). Synapses: 0. GPU memory: 1.6GB/25.8GB (6.2%)
[2026-06-26 05:11:48][INFO] SIM_BRIDGE: CuPy using GPU: NVIDIA GeForce RTX 3090 (24.0 GB), mempool limit: 80%
[2026-06-26 05:11:48][INFO] SIM_BRIDGE: Initializing simulation data for model: IZHIKEVICH (3D)... (playback_init: False)
[2026-06-26 05:11:48][INFO] SIM_BRIDGE: RNG initialized with seed: 42
[2026-06-26 05:11:48][INFO] SIM_BRIDGE: Initializing Izhikevich model specifics for 4864 neurons...
[2026-06-26 05:11:48][INFO] SIM_BRIDGE: Applying parameter heterogeneity to neuron parameters...
[2026-06-26 05:11:48][INFO] SIM_BRIDGE: Applied heterogeneity to 4 parameters.
[2026-06-26 05:11:48][INFO] SIM_BRIDGE: Initializing OU process state (tau=15.0ms, sigma=0.0pA)...
[2026-06-26 05:11:48][INFO] SIM_BRIDGE: Generating 3D neuron positions for 4864 neurons...
[2026-06-26 05:11:48][INFO] SIM_BRIDGE: Generating connections (3D)...
[2026-06-26 05:11:48][INFO] SIM_BRIDGE: Simulation data initialized for 4864 neurons (3D). Synapses: 0. GPU memory: 1.6GB/25.8GB (6.2%)
    [growth] mastered tier 96 -> promoted to 128
    [bundle] saved day-26 developed brain -> bridges/developed/month1\day_26 (19 facts, 25 codes)
  [day 26] vocab=24 heard=24 facts=11 recall=1.00 heldout=1.00 retain=1.00 chain=1.00 moat_fa=0 corr(M,C)=+0.81 tier=128 replay=5 win=2500 (135.8s wake=13.5s)
[2026-06-26 05:12:05][INFO] SIM_BRIDGE: CuPy using GPU: NVIDIA GeForce RTX 3090 (24.0 GB), mempool limit: 80%
[2026-06-26 05:12:05][INFO] SIM_BRIDGE: Initializing simulation data for model: IZHIKEVICH (3D)... (playback_init: False)
[2026-06-26 05:12:05][INFO] SIM_BRIDGE: RNG initialized with seed: 42
[2026-06-26 05:12:05][INFO] SIM_BRIDGE: Initializing Izhikevich model specifics for 126 neurons...
[2026-06-26 05:12:05][INFO] SIM_BRIDGE: Applying parameter heterogeneity to neuron parameters...
[2026-06-26 05:12:05][INFO] SIM_BRIDGE: Applied heterogeneity to 4 parameters.
[2026-06-26 05:12:05][INFO] SIM_BRIDGE: Initializing OU process state (tau=15.0ms, sigma=20.0pA)...
[2026-06-26 05:12:05][INFO] SIM_BRIDGE: Generating 3D neuron positions for 126 neurons...
[2026-06-26 05:12:05][INFO] SIM_BRIDGE: Generating connections (3D)...
[2026-06-26 05:12:05][INFO] SIM_BRIDGE: Simulation data initialized for 126 neurons (3D). Synapses: 0. GPU memory: 1.6GB/25.8GB (6.2%)
[2026-06-26 05:12:05][INFO] SIM_BRIDGE: inject_explicit_wiring: installed 720 synapses across 1 populations.
[2026-06-26 05:12:43][INFO] SIM_BRIDGE: CuPy using GPU: NVIDIA GeForce RTX 3090 (24.0 GB), mempool limit: 80%
[2026-06-26 05:12:43][INFO] SIM_BRIDGE: Initializing simulation data for model: IZHIKEVICH (3D)... (playback_init: False)
[2026-06-26 05:12:43][INFO] SIM_BRIDGE: RNG initialized with seed: 42
[2026-06-26 05:12:43][INFO] SIM_BRIDGE: Initializing Izhikevich model specifics for 224 neurons...
[2026-06-26 05:12:43][INFO] SIM_BRIDGE: Applying parameter heterogeneity to neuron parameters...
[2026-06-26 05:12:43][INFO] SIM_BRIDGE: Applied heterogeneity to 4 parameters.
[2026-06-26 05:12:43][INFO] SIM_BRIDGE: Initializing OU process state (tau=15.0ms, sigma=20.0pA)...
[2026-06-26 05:12:43][INFO] SIM_BRIDGE: Generating 3D neuron positions for 224 neurons...
[2026-06-26 05:12:43][INFO] SIM_BRIDGE: Generating connections (3D)...
[2026-06-26 05:12:43][INFO] SIM_BRIDGE: Simulation data initialized for 224 neurons (3D). Synapses: 0. GPU memory: 1.6GB/25.8GB (6.2%)
[2026-06-26 05:12:43][INFO] SIM_BRIDGE: inject_explicit_wiring: installed 4800 synapses across 1 populations.
[2026-06-26 05:13:47][INFO] SIM_BRIDGE: CuPy using GPU: NVIDIA GeForce RTX 3090 (24.0 GB), mempool limit: 80%
[2026-06-26 05:13:47][INFO] SIM_BRIDGE: Initializing simulation data for model: IZHIKEVICH (3D)... (playback_init: False)
[2026-06-26 05:13:47][INFO] SIM_BRIDGE: Brain-region framework: 2 regions, 2560 total neurons, 2 pathways.
[2026-06-26 05:13:47][INFO] SIM_BRIDGE: RNG initialized with seed: 42
[2026-06-26 05:13:47][INFO] SIM_BRIDGE: NMDA per-region mask: 2 regions enabled (2560 neurons)
[2026-06-26 05:13:47][INFO] SIM_BRIDGE: Initializing Izhikevich model specifics for 2560 neurons...
[2026-06-26 05:13:47][INFO] SIM_BRIDGE: Region 'cortex_ctx' (1280 neurons): using Izh type IZH2007_HIPPO_PYRAMIDAL
[2026-06-26 05:13:47][INFO] SIM_BRIDGE: Region 'dlpfc_wm' (1280 neurons): using Izh type IZH2007_HIPPO_PYRAMIDAL
[2026-06-26 05:13:47][INFO] SIM_BRIDGE: Applying parameter heterogeneity to neuron parameters...
[2026-06-26 05:13:47][INFO] SIM_BRIDGE: Applied heterogeneity to 4 parameters.
[2026-06-26 05:13:47][INFO] SIM_BRIDGE: Generating 3D neuron positions for 2560 neurons...
[2026-06-26 05:13:47][INFO] SIM_BRIDGE: Generating connections (brain-region framework)...
[2026-06-26 05:13:48][INFO] SIM_BRIDGE: inject_explicit_wiring: installed 491754 synapses across 4 populations.
[2026-06-26 05:13:48][INFO] SIM_BRIDGE: Initializing eligibility traces for 491754 synapses (capacity: 737631, dtype: float32)...
[2026-06-26 05:13:48][INFO] SIM_BRIDGE: Initializing STDP state for 2560 neurons...
[2026-06-26 05:13:48][INFO] SIM_BRIDGE: Simulation data initialized for 2560 neurons (3D). Synapses: 491754. GPU memory: 1.6GB/25.8GB (6.2%)
[2026-06-26 05:13:49][INFO] SIM_BRIDGE: CuPy using GPU: NVIDIA GeForce RTX 3090 (24.0 GB), mempool limit: 80%
[2026-06-26 05:13:49][INFO] SIM_BRIDGE: Initializing simulation data for model: IZHIKEVICH (3D)... (playback_init: False)
[2026-06-26 05:13:49][INFO] SIM_BRIDGE: RNG initialized with seed: 42
[2026-06-26 05:13:49][INFO] SIM_BRIDGE: Initializing Izhikevich model specifics for 256 neurons...
[2026-06-26 05:13:49][INFO] SIM_BRIDGE: Applying parameter heterogeneity to neuron parameters...
[2026-06-26 05:13:49][INFO] SIM_BRIDGE: Applied heterogeneity to 4 parameters.
[2026-06-26 05:13:49][INFO] SIM_BRIDGE: Initializing OU process state (tau=15.0ms, sigma=0.0pA)...
[2026-06-26 05:13:49][INFO] SIM_BRIDGE: Generating 3D neuron positions for 256 neurons...
[2026-06-26 05:13:49][INFO] SIM_BRIDGE: Generating connections (3D)...
[2026-06-26 05:13:49][INFO] SIM_BRIDGE: Simulation data initialized for 256 neurons (3D). Synapses: 0. GPU memory: 1.6GB/25.8GB (6.2%)
[2026-06-26 05:13:49][INFO] SIM_BRIDGE: CuPy using GPU: NVIDIA GeForce RTX 3090 (24.0 GB), mempool limit: 80%
[2026-06-26 05:13:49][INFO] SIM_BRIDGE: Initializing simulation data for model: IZHIKEVICH (3D)... (playback_init: False)
[2026-06-26 05:13:49][INFO] SIM_BRIDGE: RNG initialized with seed: 42
[2026-06-26 05:13:49][INFO] SIM_BRIDGE: Initializing Izhikevich model specifics for 640 neurons...
[2026-06-26 05:13:49][INFO] SIM_BRIDGE: Applying parameter heterogeneity to neuron parameters...
[2026-06-26 05:13:49][INFO] SIM_BRIDGE: Applied heterogeneity to 4 parameters.
[2026-06-26 05:13:49][INFO] SIM_BRIDGE: Initializing OU process state (tau=15.0ms, sigma=0.0pA)...
[2026-06-26 05:13:49][INFO] SIM_BRIDGE: Generating 3D neuron positions for 640 neurons...
[2026-06-26 05:13:49][INFO] SIM_BRIDGE: Generating connections (3D)...
[2026-06-26 05:13:49][INFO] SIM_BRIDGE: Simulation data initialized for 640 neurons (3D). Synapses: 0. GPU memory: 1.6GB/25.8GB (6.2%)
[2026-06-26 05:14:14][INFO] SIM_BRIDGE: CuPy using GPU: NVIDIA GeForce RTX 3090 (24.0 GB), mempool limit: 80%
[2026-06-26 05:14:14][INFO] SIM_BRIDGE: Initializing simulation data for model: IZHIKEVICH (3D)... (playback_init: False)
[2026-06-26 05:14:14][INFO] SIM_BRIDGE: RNG initialized with seed: 42
[2026-06-26 05:14:14][INFO] SIM_BRIDGE: Initializing Izhikevich model specifics for 4864 neurons...
[2026-06-26 05:14:14][INFO] SIM_BRIDGE: Applying parameter heterogeneity to neuron parameters...
[2026-06-26 05:14:14][INFO] SIM_BRIDGE: Applied heterogeneity to 4 parameters.
[2026-06-26 05:14:14][INFO] SIM_BRIDGE: Initializing OU process state (tau=15.0ms, sigma=0.0pA)...
[2026-06-26 05:14:14][INFO] SIM_BRIDGE: Generating 3D neuron positions for 4864 neurons...
[2026-06-26 05:14:14][INFO] SIM_BRIDGE: Generating connections (3D)...
[2026-06-26 05:14:14][INFO] SIM_BRIDGE: Simulation data initialized for 4864 neurons (3D). Synapses: 0. GPU memory: 1.6GB/25.8GB (6.2%)
    [bundle] saved day-27 developed brain -> bridges/developed/month1\day_27 (19 facts, 25 codes)
  [day 27] vocab=24 heard=24 facts=11 recall=1.00 heldout=0.00 retain=1.00 chain=- moat_fa=0 corr(M,C)=+0.81 tier=128 replay=5 win=2500 (144.3s wake=13.6s)
[2026-06-26 05:14:16][INFO] SIM_BRIDGE: CuPy using GPU: NVIDIA GeForce RTX 3090 (24.0 GB), mempool limit: 80%
[2026-06-26 05:14:16][INFO] SIM_BRIDGE: Initializing simulation data for model: IZHIKEVICH (3D)... (playback_init: False)
[2026-06-26 05:14:16][INFO] SIM_BRIDGE: RNG initialized with seed: 42
[2026-06-26 05:14:16][INFO] SIM_BRIDGE: Initializing Izhikevich model specifics for 126 neurons...
[2026-06-26 05:14:16][INFO] SIM_BRIDGE: Applying parameter heterogeneity to neuron parameters...
[2026-06-26 05:14:16][INFO] SIM_BRIDGE: Applied heterogeneity to 4 parameters.
[2026-06-26 05:14:16][INFO] SIM_BRIDGE: Initializing OU process state (tau=15.0ms, sigma=20.0pA)...
[2026-06-26 05:14:16][INFO] SIM_BRIDGE: Generating 3D neuron positions for 126 neurons...
[2026-06-26 05:14:16][INFO] SIM_BRIDGE: Generating connections (3D)...
[2026-06-26 05:14:16][INFO] SIM_BRIDGE: Simulation data initialized for 126 neurons (3D). Synapses: 0. GPU memory: 1.6GB/25.8GB (6.2%)
[2026-06-26 05:14:16][INFO] SIM_BRIDGE: inject_explicit_wiring: installed 720 synapses across 1 populations.
[2026-06-26 05:14:54][INFO] SIM_BRIDGE: CuPy using GPU: NVIDIA GeForce RTX 3090 (24.0 GB), mempool limit: 80%
[2026-06-26 05:14:54][INFO] SIM_BRIDGE: Initializing simulation data for model: IZHIKEVICH (3D)... (playback_init: False)
[2026-06-26 05:14:54][INFO] SIM_BRIDGE: RNG initialized with seed: 42
[2026-06-26 05:14:54][INFO] SIM_BRIDGE: Initializing Izhikevich model specifics for 224 neurons...
[2026-06-26 05:14:54][INFO] SIM_BRIDGE: Applying parameter heterogeneity to neuron parameters...
[2026-06-26 05:14:54][INFO] SIM_BRIDGE: Applied heterogeneity to 4 parameters.
[2026-06-26 05:14:54][INFO] SIM_BRIDGE: Initializing OU process state (tau=15.0ms, sigma=20.0pA)...
[2026-06-26 05:14:54][INFO] SIM_BRIDGE: Generating 3D neuron positions for 224 neurons...
[2026-06-26 05:14:54][INFO] SIM_BRIDGE: Generating connections (3D)...
[2026-06-26 05:14:54][INFO] SIM_BRIDGE: Simulation data initialized for 224 neurons (3D). Synapses: 0. GPU memory: 1.6GB/25.8GB (6.2%)
[2026-06-26 05:14:54][INFO] SIM_BRIDGE: inject_explicit_wiring: installed 4800 synapses across 1 populations.
[2026-06-26 05:15:50][INFO] SIM_BRIDGE: CuPy using GPU: NVIDIA GeForce RTX 3090 (24.0 GB), mempool limit: 80%
[2026-06-26 05:15:50][INFO] SIM_BRIDGE: Initializing simulation data for model: IZHIKEVICH (3D)... (playback_init: False)
[2026-06-26 05:15:50][INFO] SIM_BRIDGE: RNG initialized with seed: 42
[2026-06-26 05:15:50][INFO] SIM_BRIDGE: Initializing Izhikevich model specifics for 256 neurons...
[2026-06-26 05:15:50][INFO] SIM_BRIDGE: Applying parameter heterogeneity to neuron parameters...
[2026-06-26 05:15:50][INFO] SIM_BRIDGE: Applied heterogeneity to 4 parameters.
[2026-06-26 05:15:50][INFO] SIM_BRIDGE: Initializing OU process state (tau=15.0ms, sigma=0.0pA)...
[2026-06-26 05:15:50][INFO] SIM_BRIDGE: Generating 3D neuron positions for 256 neurons...
[2026-06-26 05:15:50][INFO] SIM_BRIDGE: Generating connections (3D)...
[2026-06-26 05:15:50][INFO] SIM_BRIDGE: Simulation data initialized for 256 neurons (3D). Synapses: 0. GPU memory: 1.6GB/25.8GB (6.2%)
[2026-06-26 05:15:51][INFO] SIM_BRIDGE: CuPy using GPU: NVIDIA GeForce RTX 3090 (24.0 GB), mempool limit: 80%
[2026-06-26 05:15:51][INFO] SIM_BRIDGE: Initializing simulation data for model: IZHIKEVICH (3D)... (playback_init: False)
[2026-06-26 05:15:51][INFO] SIM_BRIDGE: RNG initialized with seed: 42
[2026-06-26 05:15:51][INFO] SIM_BRIDGE: Initializing Izhikevich model specifics for 640 neurons...
[2026-06-26 05:15:51][INFO] SIM_BRIDGE: Applying parameter heterogeneity to neuron parameters...
[2026-06-26 05:15:51][INFO] SIM_BRIDGE: Applied heterogeneity to 4 parameters.
[2026-06-26 05:15:51][INFO] SIM_BRIDGE: Initializing OU process state (tau=15.0ms, sigma=0.0pA)...
[2026-06-26 05:15:51][INFO] SIM_BRIDGE: Generating 3D neuron positions for 640 neurons...
[2026-06-26 05:15:51][INFO] SIM_BRIDGE: Generating connections (3D)...
[2026-06-26 05:15:51][INFO] SIM_BRIDGE: Simulation data initialized for 640 neurons (3D). Synapses: 0. GPU memory: 1.6GB/25.8GB (6.2%)

[bundle] saved FINAL developed brain -> bridges/developed/month1\brain (11 facts, 25 codes, vocab 25)
[2026-06-26 05:16:03][INFO] SIM_BRIDGE: CuPy using GPU: NVIDIA GeForce RTX 3090 (24.0 GB), mempool limit: 80%
[2026-06-26 05:16:03][INFO] SIM_BRIDGE: Initializing simulation data for model: IZHIKEVICH (3D)... (playback_init: False)
[2026-06-26 05:16:03][INFO] SIM_BRIDGE: Brain-region framework: 2 regions, 2700 total neurons, 1 pathways.
[2026-06-26 05:16:03][INFO] SIM_BRIDGE: RNG initialized with seed: 42
[2026-06-26 05:16:03][INFO] SIM_BRIDGE: Initializing Izhikevich model specifics for 2700 neurons...
[2026-06-26 05:16:03][INFO] SIM_BRIDGE: Applying parameter heterogeneity to neuron parameters...
[2026-06-26 05:16:03][INFO] SIM_BRIDGE: Applied heterogeneity to 4 parameters.
[2026-06-26 05:16:03][INFO] SIM_BRIDGE: Generating 3D neuron positions for 2700 neurons...
[2026-06-26 05:16:03][INFO] SIM_BRIDGE: Generating connections (brain-region framework)...
[2026-06-26 05:16:03][WARNING] SIM_BRIDGE: No trait info available; all synapses default to E->E STP type.
[2026-06-26 05:16:03][INFO] SIM_BRIDGE: inject_explicit_wiring: installed 720000 synapses across 1 populations.
[2026-06-26 05:16:03][INFO] SIM_BRIDGE: Initializing STP state for 720000 synapses (capacity: 1080000)...
[2026-06-26 05:16:03][INFO] SIM_BRIDGE: Initializing eligibility traces for 720000 synapses (capacity: 1080000, dtype: float32)...
[2026-06-26 05:16:03][WARNING] SIM_BRIDGE: No trait info available; all synapses default to E->E STP type.
[2026-06-26 05:16:03][INFO] SIM_BRIDGE: Initializing structural plasticity state...
[2026-06-26 05:16:03][INFO] SIM_BRIDGE: Simulation data initialized for 2700 neurons (3D). Synapses: 720000. GPU memory: 1.6GB/25.8GB (6.2%)
[2026-06-26 05:16:30][INFO] SIM_BRIDGE: CuPy using GPU: NVIDIA GeForce RTX 3090 (24.0 GB), mempool limit: 80%
[2026-06-26 05:16:30][INFO] SIM_BRIDGE: Initializing simulation data for model: IZHIKEVICH (3D)... (playback_init: False)
[2026-06-26 05:16:30][INFO] SIM_BRIDGE: RNG initialized with seed: 42
[2026-06-26 05:16:30][INFO] SIM_BRIDGE: Initializing Izhikevich model specifics for 126 neurons...
[2026-06-26 05:16:30][INFO] SIM_BRIDGE: Applying parameter heterogeneity to neuron parameters...
[2026-06-26 05:16:30][INFO] SIM_BRIDGE: Applied heterogeneity to 4 parameters.
[2026-06-26 05:16:30][INFO] SIM_BRIDGE: Initializing OU process state (tau=15.0ms, sigma=20.0pA)...
[2026-06-26 05:16:30][INFO] SIM_BRIDGE: Generating 3D neuron positions for 126 neurons...
[2026-06-26 05:16:30][INFO] SIM_BRIDGE: Generating connections (3D)...
[2026-06-26 05:16:30][INFO] SIM_BRIDGE: Simulation data initialized for 126 neurons (3D). Synapses: 0. GPU memory: 1.6GB/25.8GB (6.2%)
[2026-06-26 05:16:30][INFO] SIM_BRIDGE: inject_explicit_wiring: installed 720 synapses across 1 populations.
[2026-06-26 05:17:07][INFO] SIM_BRIDGE: CuPy using GPU: NVIDIA GeForce RTX 3090 (24.0 GB), mempool limit: 80%
[2026-06-26 05:17:07][INFO] SIM_BRIDGE: Initializing simulation data for model: IZHIKEVICH (3D)... (playback_init: False)
[2026-06-26 05:17:07][INFO] SIM_BRIDGE: RNG initialized with seed: 42
[2026-06-26 05:17:07][INFO] SIM_BRIDGE: Initializing Izhikevich model specifics for 224 neurons...
[2026-06-26 05:17:07][INFO] SIM_BRIDGE: Applying parameter heterogeneity to neuron parameters...
[2026-06-26 05:17:07][INFO] SIM_BRIDGE: Applied heterogeneity to 4 parameters.
[2026-06-26 05:17:07][INFO] SIM_BRIDGE: Initializing OU process state (tau=15.0ms, sigma=20.0pA)...
[2026-06-26 05:17:07][INFO] SIM_BRIDGE: Generating 3D neuron positions for 224 neurons...
[2026-06-26 05:17:07][INFO] SIM_BRIDGE: Generating connections (3D)...
[2026-06-26 05:17:07][INFO] SIM_BRIDGE: Simulation data initialized for 224 neurons (3D). Synapses: 0. GPU memory: 1.6GB/25.8GB (6.2%)
[2026-06-26 05:17:07][INFO] SIM_BRIDGE: inject_explicit_wiring: installed 4800 synapses across 1 populations.
[2026-06-26 05:18:02][INFO] SIM_BRIDGE: CuPy using GPU: NVIDIA GeForce RTX 3090 (24.0 GB), mempool limit: 80%
[2026-06-26 05:18:02][INFO] SIM_BRIDGE: Initializing simulation data for model: IZHIKEVICH (3D)... (playback_init: False)
[2026-06-26 05:18:02][INFO] SIM_BRIDGE: Brain-region framework: 2 regions, 2560 total neurons, 2 pathways.
[2026-06-26 05:18:02][INFO] SIM_BRIDGE: RNG initialized with seed: 42
[2026-06-26 05:18:02][INFO] SIM_BRIDGE: NMDA per-region mask: 2 regions enabled (2560 neurons)
[2026-06-26 05:18:02][INFO] SIM_BRIDGE: Initializing Izhikevich model specifics for 2560 neurons...
[2026-06-26 05:18:02][INFO] SIM_BRIDGE: Region 'cortex_ctx' (1280 neurons): using Izh type IZH2007_HIPPO_PYRAMIDAL
[2026-06-26 05:18:02][INFO] SIM_BRIDGE: Region 'dlpfc_wm' (1280 neurons): using Izh type IZH2007_HIPPO_PYRAMIDAL
[2026-06-26 05:18:02][INFO] SIM_BRIDGE: Applying parameter heterogeneity to neuron parameters...
[2026-06-26 05:18:02][INFO] SIM_BRIDGE: Applied heterogeneity to 4 parameters.
[2026-06-26 05:18:02][INFO] SIM_BRIDGE: Generating 3D neuron positions for 2560 neurons...
[2026-06-26 05:18:02][INFO] SIM_BRIDGE: Generating connections (brain-region framework)...
[2026-06-26 05:18:02][INFO] SIM_BRIDGE: inject_explicit_wiring: installed 491754 synapses across 4 populations.
[2026-06-26 05:18:02][INFO] SIM_BRIDGE: Initializing eligibility traces for 491754 synapses (capacity: 737631, dtype: float32)...
[2026-06-26 05:18:02][INFO] SIM_BRIDGE: Initializing STDP state for 2560 neurons...
[2026-06-26 05:18:02][INFO] SIM_BRIDGE: Simulation data initialized for 2560 neurons (3D). Synapses: 491754. GPU memory: 1.6GB/25.8GB (6.2%)
[2026-06-26 05:18:03][INFO] SIM_BRIDGE: CuPy using GPU: NVIDIA GeForce RTX 3090 (24.0 GB), mempool limit: 80%
[2026-06-26 05:18:03][INFO] SIM_BRIDGE: Initializing simulation data for model: IZHIKEVICH (3D)... (playback_init: False)
[2026-06-26 05:18:03][INFO] SIM_BRIDGE: RNG initialized with seed: 42
[2026-06-26 05:18:03][INFO] SIM_BRIDGE: Initializing Izhikevich model specifics for 256 neurons...
[2026-06-26 05:18:03][INFO] SIM_BRIDGE: Applying parameter heterogeneity to neuron parameters...
[2026-06-26 05:18:03][INFO] SIM_BRIDGE: Applied heterogeneity to 4 parameters.
[2026-06-26 05:18:03][INFO] SIM_BRIDGE: Initializing OU process state (tau=15.0ms, sigma=0.0pA)...
[2026-06-26 05:18:03][INFO] SIM_BRIDGE: Generating 3D neuron positions for 256 neurons...
[2026-06-26 05:18:03][INFO] SIM_BRIDGE: Generating connections (3D)...
[2026-06-26 05:18:03][INFO] SIM_BRIDGE: Simulation data initialized for 256 neurons (3D). Synapses: 0. GPU memory: 1.6GB/25.8GB (6.2%)
[2026-06-26 05:18:04][INFO] SIM_BRIDGE: CuPy using GPU: NVIDIA GeForce RTX 3090 (24.0 GB), mempool limit: 80%
[2026-06-26 05:18:04][INFO] SIM_BRIDGE: Initializing simulation data for model: IZHIKEVICH (3D)... (playback_init: False)
[2026-06-26 05:18:04][INFO] SIM_BRIDGE: RNG initialized with seed: 42
[2026-06-26 05:18:04][INFO] SIM_BRIDGE: Initializing Izhikevich model specifics for 640 neurons...
[2026-06-26 05:18:04][INFO] SIM_BRIDGE: Applying parameter heterogeneity to neuron parameters...
[2026-06-26 05:18:04][INFO] SIM_BRIDGE: Applied heterogeneity to 4 parameters.
[2026-06-26 05:18:04][INFO] SIM_BRIDGE: Initializing OU process state (tau=15.0ms, sigma=0.0pA)...
[2026-06-26 05:18:04][INFO] SIM_BRIDGE: Generating 3D neuron positions for 640 neurons...
[2026-06-26 05:18:04][INFO] SIM_BRIDGE: Generating connections (3D)...
[2026-06-26 05:18:04][INFO] SIM_BRIDGE: Simulation data initialized for 640 neurons (3D). Synapses: 0. GPU memory: 1.6GB/25.8GB (6.2%)
[2026-06-26 05:18:26][INFO] SIM_BRIDGE: CuPy using GPU: NVIDIA GeForce RTX 3090 (24.0 GB), mempool limit: 80%
[2026-06-26 05:18:26][INFO] SIM_BRIDGE: Initializing simulation data for model: IZHIKEVICH (3D)... (playback_init: False)
[2026-06-26 05:18:26][INFO] SIM_BRIDGE: RNG initialized with seed: 42
[2026-06-26 05:18:26][INFO] SIM_BRIDGE: Initializing Izhikevich model specifics for 4608 neurons...
[2026-06-26 05:18:26][INFO] SIM_BRIDGE: Applying parameter heterogeneity to neuron parameters...
[2026-06-26 05:18:26][INFO] SIM_BRIDGE: Applied heterogeneity to 4 parameters.
[2026-06-26 05:18:26][INFO] SIM_BRIDGE: Initializing OU process state (tau=15.0ms, sigma=0.0pA)...
[2026-06-26 05:18:26][INFO] SIM_BRIDGE: Generating 3D neuron positions for 4608 neurons...
[2026-06-26 05:18:26][INFO] SIM_BRIDGE: Generating connections (3D)...
[2026-06-26 05:18:26][INFO] SIM_BRIDGE: Simulation data initialized for 4608 neurons (3D). Synapses: 0. GPU memory: 1.6GB/25.8GB (6.2%)
[2026-06-26 05:18:27][INFO] SIM_BRIDGE: CuPy using GPU: NVIDIA GeForce RTX 3090 (24.0 GB), mempool limit: 80%
[2026-06-26 05:18:27][INFO] SIM_BRIDGE: Initializing simulation data for model: IZHIKEVICH (3D)... (playback_init: False)
[2026-06-26 05:18:27][INFO] SIM_BRIDGE: Brain-region framework: 2 regions, 2700 total neurons, 1 pathways.
[2026-06-26 05:18:27][INFO] SIM_BRIDGE: RNG initialized with seed: 42
[2026-06-26 05:18:27][INFO] SIM_BRIDGE: Initializing Izhikevich model specifics for 2700 neurons...
[2026-06-26 05:18:27][INFO] SIM_BRIDGE: Applying parameter heterogeneity to neuron parameters...
[2026-06-26 05:18:27][INFO] SIM_BRIDGE: Applied heterogeneity to 4 parameters.
[2026-06-26 05:18:27][INFO] SIM_BRIDGE: Generating 3D neuron positions for 2700 neurons...
[2026-06-26 05:18:27][INFO] SIM_BRIDGE: Generating connections (brain-region framework)...
[2026-06-26 05:18:27][WARNING] SIM_BRIDGE: No trait info available; all synapses default to E->E STP type.
[2026-06-26 05:18:27][INFO] SIM_BRIDGE: inject_explicit_wiring: installed 720000 synapses across 1 populations.
[2026-06-26 05:18:27][INFO] SIM_BRIDGE: Initializing STP state for 720000 synapses (capacity: 1080000)...
[2026-06-26 05:18:27][INFO] SIM_BRIDGE: Initializing eligibility traces for 720000 synapses (capacity: 1080000, dtype: float32)...
[2026-06-26 05:18:27][WARNING] SIM_BRIDGE: No trait info available; all synapses default to E->E STP type.
[2026-06-26 05:18:27][INFO] SIM_BRIDGE: Initializing structural plasticity state...
[2026-06-26 05:18:27][INFO] SIM_BRIDGE: Simulation data initialized for 2700 neurons (3D). Synapses: 720000. GPU memory: 1.6GB/25.8GB (6.2%)
[2026-06-26 05:18:40][INFO] SIM_BRIDGE: CuPy using GPU: NVIDIA GeForce RTX 3090 (24.0 GB), mempool limit: 80%
[2026-06-26 05:18:40][INFO] SIM_BRIDGE: Initializing simulation data for model: IZHIKEVICH (3D)... (playback_init: False)
[2026-06-26 05:18:40][INFO] SIM_BRIDGE: RNG initialized with seed: 42
[2026-06-26 05:18:40][INFO] SIM_BRIDGE: Initializing Izhikevich model specifics for 126 neurons...
[2026-06-26 05:18:40][INFO] SIM_BRIDGE: Applying parameter heterogeneity to neuron parameters...
[2026-06-26 05:18:40][INFO] SIM_BRIDGE: Applied heterogeneity to 4 parameters.
[2026-06-26 05:18:40][INFO] SIM_BRIDGE: Initializing OU process state (tau=15.0ms, sigma=20.0pA)...
[2026-06-26 05:18:40][INFO] SIM_BRIDGE: Generating 3D neuron positions for 126 neurons...
[2026-06-26 05:18:40][INFO] SIM_BRIDGE: Generating connections (3D)...
[2026-06-26 05:18:40][INFO] SIM_BRIDGE: Simulation data initialized for 126 neurons (3D). Synapses: 0. GPU memory: 1.6GB/25.8GB (6.2%)
[2026-06-26 05:18:40][INFO] SIM_BRIDGE: inject_explicit_wiring: installed 720 synapses across 1 populations.
[2026-06-26 05:19:17][INFO] SIM_BRIDGE: CuPy using GPU: NVIDIA GeForce RTX 3090 (24.0 GB), mempool limit: 80%
[2026-06-26 05:19:17][INFO] SIM_BRIDGE: Initializing simulation data for model: IZHIKEVICH (3D)... (playback_init: False)
[2026-06-26 05:19:17][INFO] SIM_BRIDGE: RNG initialized with seed: 42
[2026-06-26 05:19:17][INFO] SIM_BRIDGE: Initializing Izhikevich model specifics for 224 neurons...
[2026-06-26 05:19:17][INFO] SIM_BRIDGE: Applying parameter heterogeneity to neuron parameters...
[2026-06-26 05:19:17][INFO] SIM_BRIDGE: Applied heterogeneity to 4 parameters.
[2026-06-26 05:19:17][INFO] SIM_BRIDGE: Initializing OU process state (tau=15.0ms, sigma=20.0pA)...
[2026-06-26 05:19:17][INFO] SIM_BRIDGE: Generating 3D neuron positions for 224 neurons...
[2026-06-26 05:19:17][INFO] SIM_BRIDGE: Generating connections (3D)...
[2026-06-26 05:19:17][INFO] SIM_BRIDGE: Simulation data initialized for 224 neurons (3D). Synapses: 0. GPU memory: 1.6GB/25.8GB (6.2%)
[2026-06-26 05:19:17][INFO] SIM_BRIDGE: inject_explicit_wiring: installed 4800 synapses across 1 populations.
[2026-06-26 05:20:11][INFO] SIM_BRIDGE: CuPy using GPU: NVIDIA GeForce RTX 3090 (24.0 GB), mempool limit: 80%
[2026-06-26 05:20:11][INFO] SIM_BRIDGE: Initializing simulation data for model: IZHIKEVICH (3D)... (playback_init: False)
[2026-06-26 05:20:11][INFO] SIM_BRIDGE: Brain-region framework: 2 regions, 2560 total neurons, 2 pathways.
[2026-06-26 05:20:11][INFO] SIM_BRIDGE: RNG initialized with seed: 42
[2026-06-26 05:20:11][INFO] SIM_BRIDGE: NMDA per-region mask: 2 regions enabled (2560 neurons)
[2026-06-26 05:20:11][INFO] SIM_BRIDGE: Initializing Izhikevich model specifics for 2560 neurons...
[2026-06-26 05:20:11][INFO] SIM_BRIDGE: Region 'cortex_ctx' (1280 neurons): using Izh type IZH2007_HIPPO_PYRAMIDAL
[2026-06-26 05:20:11][INFO] SIM_BRIDGE: Region 'dlpfc_wm' (1280 neurons): using Izh type IZH2007_HIPPO_PYRAMIDAL
[2026-06-26 05:20:11][INFO] SIM_BRIDGE: Applying parameter heterogeneity to neuron parameters...
[2026-06-26 05:20:11][INFO] SIM_BRIDGE: Applied heterogeneity to 4 parameters.
[2026-06-26 05:20:11][INFO] SIM_BRIDGE: Generating 3D neuron positions for 2560 neurons...
[2026-06-26 05:20:11][INFO] SIM_BRIDGE: Generating connections (brain-region framework)...
[2026-06-26 05:20:12][INFO] SIM_BRIDGE: inject_explicit_wiring: installed 491754 synapses across 4 populations.
[2026-06-26 05:20:12][INFO] SIM_BRIDGE: Initializing eligibility traces for 491754 synapses (capacity: 737631, dtype: float32)...
[2026-06-26 05:20:12][INFO] SIM_BRIDGE: Initializing STDP state for 2560 neurons...
[2026-06-26 05:20:12][INFO] SIM_BRIDGE: Simulation data initialized for 2560 neurons (3D). Synapses: 491754. GPU memory: 1.6GB/25.8GB (6.2%)
[2026-06-26 05:20:26][INFO] SIM_BRIDGE: CuPy using GPU: NVIDIA GeForce RTX 3090 (24.0 GB), mempool limit: 80%
[2026-06-26 05:20:26][INFO] SIM_BRIDGE: Initializing simulation data for model: IZHIKEVICH (3D)... (playback_init: False)
[2026-06-26 05:20:26][INFO] SIM_BRIDGE: RNG initialized with seed: 42
[2026-06-26 05:20:26][INFO] SIM_BRIDGE: Initializing Izhikevich model specifics for 126 neurons...
[2026-06-26 05:20:26][INFO] SIM_BRIDGE: Applying parameter heterogeneity to neuron parameters...
[2026-06-26 05:20:26][INFO] SIM_BRIDGE: Applied heterogeneity to 4 parameters.
[2026-06-26 05:20:26][INFO] SIM_BRIDGE: Initializing OU process state (tau=15.0ms, sigma=20.0pA)...
[2026-06-26 05:20:26][INFO] SIM_BRIDGE: Generating 3D neuron positions for 126 neurons...
[2026-06-26 05:20:26][INFO] SIM_BRIDGE: Generating connections (3D)...
[2026-06-26 05:20:26][INFO] SIM_BRIDGE: Simulation data initialized for 126 neurons (3D). Synapses: 0. GPU memory: 1.6GB/25.8GB (6.2%)
[2026-06-26 05:20:26][INFO] SIM_BRIDGE: inject_explicit_wiring: installed 720 synapses across 1 populations.
[2026-06-26 05:21:04][INFO] SIM_BRIDGE: CuPy using GPU: NVIDIA GeForce RTX 3090 (24.0 GB), mempool limit: 80%
[2026-06-26 05:21:04][INFO] SIM_BRIDGE: Initializing simulation data for model: IZHIKEVICH (3D)... (playback_init: False)
[2026-06-26 05:21:04][INFO] SIM_BRIDGE: RNG initialized with seed: 42
[2026-06-26 05:21:04][INFO] SIM_BRIDGE: Initializing Izhikevich model specifics for 224 neurons...
[2026-06-26 05:21:04][INFO] SIM_BRIDGE: Applying parameter heterogeneity to neuron parameters...
[2026-06-26 05:21:04][INFO] SIM_BRIDGE: Applied heterogeneity to 4 parameters.
[2026-06-26 05:21:04][INFO] SIM_BRIDGE: Initializing OU process state (tau=15.0ms, sigma=20.0pA)...
[2026-06-26 05:21:04][INFO] SIM_BRIDGE: Generating 3D neuron positions for 224 neurons...
[2026-06-26 05:21:04][INFO] SIM_BRIDGE: Generating connections (3D)...
[2026-06-26 05:21:04][INFO] SIM_BRIDGE: Simulation data initialized for 224 neurons (3D). Synapses: 0. GPU memory: 1.6GB/25.8GB (6.2%)
[2026-06-26 05:21:04][INFO] SIM_BRIDGE: inject_explicit_wiring: installed 4800 synapses across 1 populations.
[2026-06-26 05:21:58][INFO] SIM_BRIDGE: CuPy using GPU: NVIDIA GeForce RTX 3090 (24.0 GB), mempool limit: 80%
[2026-06-26 05:21:58][INFO] SIM_BRIDGE: Initializing simulation data for model: IZHIKEVICH (3D)... (playback_init: False)
[2026-06-26 05:21:58][INFO] SIM_BRIDGE: Brain-region framework: 2 regions, 2560 total neurons, 2 pathways.
[2026-06-26 05:21:58][INFO] SIM_BRIDGE: RNG initialized with seed: 42
[2026-06-26 05:21:58][INFO] SIM_BRIDGE: NMDA per-region mask: 2 regions enabled (2560 neurons)
[2026-06-26 05:21:58][INFO] SIM_BRIDGE: Initializing Izhikevich model specifics for 2560 neurons...
[2026-06-26 05:21:58][INFO] SIM_BRIDGE: Region 'cortex_ctx' (1280 neurons): using Izh type IZH2007_HIPPO_PYRAMIDAL
[2026-06-26 05:21:58][INFO] SIM_BRIDGE: Region 'dlpfc_wm' (1280 neurons): using Izh type IZH2007_HIPPO_PYRAMIDAL
[2026-06-26 05:21:58][INFO] SIM_BRIDGE: Applying parameter heterogeneity to neuron parameters...
[2026-06-26 05:21:58][INFO] SIM_BRIDGE: Applied heterogeneity to 4 parameters.
[2026-06-26 05:21:58][INFO] SIM_BRIDGE: Generating 3D neuron positions for 2560 neurons...
[2026-06-26 05:21:58][INFO] SIM_BRIDGE: Generating connections (brain-region framework)...
[2026-06-26 05:21:59][INFO] SIM_BRIDGE: inject_explicit_wiring: installed 491754 synapses across 4 populations.
[2026-06-26 05:21:59][INFO] SIM_BRIDGE: Initializing eligibility traces for 491754 synapses (capacity: 737631, dtype: float32)...
[2026-06-26 05:21:59][INFO] SIM_BRIDGE: Initializing STDP state for 2560 neurons...
[2026-06-26 05:21:59][INFO] SIM_BRIDGE: Simulation data initialized for 2560 neurons (3D). Synapses: 491754. GPU memory: 1.6GB/25.8GB (6.2%)
[2026-06-26 05:22:12][INFO] SIM_BRIDGE: CuPy using GPU: NVIDIA GeForce RTX 3090 (24.0 GB), mempool limit: 80%
[2026-06-26 05:22:12][INFO] SIM_BRIDGE: Initializing simulation data for model: IZHIKEVICH (3D)... (playback_init: False)
[2026-06-26 05:22:12][INFO] SIM_BRIDGE: RNG initialized with seed: 42
[2026-06-26 05:22:12][INFO] SIM_BRIDGE: Initializing Izhikevich model specifics for 126 neurons...
[2026-06-26 05:22:12][INFO] SIM_BRIDGE: Applying parameter heterogeneity to neuron parameters...
[2026-06-26 05:22:12][INFO] SIM_BRIDGE: Applied heterogeneity to 4 parameters.
[2026-06-26 05:22:12][INFO] SIM_BRIDGE: Initializing OU process state (tau=15.0ms, sigma=20.0pA)...
[2026-06-26 05:22:12][INFO] SIM_BRIDGE: Generating 3D neuron positions for 126 neurons...
[2026-06-26 05:22:12][INFO] SIM_BRIDGE: Generating connections (3D)...
[2026-06-26 05:22:12][INFO] SIM_BRIDGE: Simulation data initialized for 126 neurons (3D). Synapses: 0. GPU memory: 1.6GB/25.8GB (6.2%)
[2026-06-26 05:22:12][INFO] SIM_BRIDGE: inject_explicit_wiring: installed 720 synapses across 1 populations.
[2026-06-26 05:22:49][INFO] SIM_BRIDGE: CuPy using GPU: NVIDIA GeForce RTX 3090 (24.0 GB), mempool limit: 80%
[2026-06-26 05:22:49][INFO] SIM_BRIDGE: Initializing simulation data for model: IZHIKEVICH (3D)... (playback_init: False)
[2026-06-26 05:22:49][INFO] SIM_BRIDGE: RNG initialized with seed: 42
[2026-06-26 05:22:49][INFO] SIM_BRIDGE: Initializing Izhikevich model specifics for 224 neurons...
[2026-06-26 05:22:49][INFO] SIM_BRIDGE: Applying parameter heterogeneity to neuron parameters...
[2026-06-26 05:22:49][INFO] SIM_BRIDGE: Applied heterogeneity to 4 parameters.
[2026-06-26 05:22:49][INFO] SIM_BRIDGE: Initializing OU process state (tau=15.0ms, sigma=20.0pA)...
[2026-06-26 05:22:49][INFO] SIM_BRIDGE: Generating 3D neuron positions for 224 neurons...
[2026-06-26 05:22:49][INFO] SIM_BRIDGE: Generating connections (3D)...
[2026-06-26 05:22:49][INFO] SIM_BRIDGE: Simulation data initialized for 224 neurons (3D). Synapses: 0. GPU memory: 1.6GB/25.8GB (6.2%)
[2026-06-26 05:22:49][INFO] SIM_BRIDGE: inject_explicit_wiring: installed 4800 synapses across 1 populations.
[2026-06-26 05:23:44][INFO] SIM_BRIDGE: CuPy using GPU: NVIDIA GeForce RTX 3090 (24.0 GB), mempool limit: 80%
[2026-06-26 05:23:44][INFO] SIM_BRIDGE: Initializing simulation data for model: IZHIKEVICH (3D)... (playback_init: False)
[2026-06-26 05:23:44][INFO] SIM_BRIDGE: Brain-region framework: 2 regions, 2560 total neurons, 2 pathways.
[2026-06-26 05:23:44][INFO] SIM_BRIDGE: RNG initialized with seed: 42
[2026-06-26 05:23:44][INFO] SIM_BRIDGE: NMDA per-region mask: 2 regions enabled (2560 neurons)
[2026-06-26 05:23:44][INFO] SIM_BRIDGE: Initializing Izhikevich model specifics for 2560 neurons...
[2026-06-26 05:23:44][INFO] SIM_BRIDGE: Region 'cortex_ctx' (1280 neurons): using Izh type IZH2007_HIPPO_PYRAMIDAL
[2026-06-26 05:23:44][INFO] SIM_BRIDGE: Region 'dlpfc_wm' (1280 neurons): using Izh type IZH2007_HIPPO_PYRAMIDAL
[2026-06-26 05:23:44][INFO] SIM_BRIDGE: Applying parameter heterogeneity to neuron parameters...
[2026-06-26 05:23:44][INFO] SIM_BRIDGE: Applied heterogeneity to 4 parameters.
[2026-06-26 05:23:44][INFO] SIM_BRIDGE: Generating 3D neuron positions for 2560 neurons...
[2026-06-26 05:23:44][INFO] SIM_BRIDGE: Generating connections (brain-region framework)...
[2026-06-26 05:23:45][INFO] SIM_BRIDGE: inject_explicit_wiring: installed 491754 synapses across 4 populations.
[2026-06-26 05:23:45][INFO] SIM_BRIDGE: Initializing eligibility traces for 491754 synapses (capacity: 737631, dtype: float32)...
[2026-06-26 05:23:45][INFO] SIM_BRIDGE: Initializing STDP state for 2560 neurons...
[2026-06-26 05:23:45][INFO] SIM_BRIDGE: Simulation data initialized for 2560 neurons (3D). Synapses: 491754. GPU memory: 1.6GB/25.8GB (6.2%)
[2026-06-26 05:23:58][INFO] SIM_BRIDGE: CuPy using GPU: NVIDIA GeForce RTX 3090 (24.0 GB), mempool limit: 80%
[2026-06-26 05:23:58][INFO] SIM_BRIDGE: Initializing simulation data for model: IZHIKEVICH (3D)... (playback_init: False)
[2026-06-26 05:23:58][INFO] SIM_BRIDGE: RNG initialized with seed: 42
[2026-06-26 05:23:58][INFO] SIM_BRIDGE: Initializing Izhikevich model specifics for 126 neurons...
[2026-06-26 05:23:58][INFO] SIM_BRIDGE: Applying parameter heterogeneity to neuron parameters...
[2026-06-26 05:23:58][INFO] SIM_BRIDGE: Applied heterogeneity to 4 parameters.
[2026-06-26 05:23:58][INFO] SIM_BRIDGE: Initializing OU process state (tau=15.0ms, sigma=20.0pA)...
[2026-06-26 05:23:58][INFO] SIM_BRIDGE: Generating 3D neuron positions for 126 neurons...
[2026-06-26 05:23:58][INFO] SIM_BRIDGE: Generating connections (3D)...
[2026-06-26 05:23:58][INFO] SIM_BRIDGE: Simulation data initialized for 126 neurons (3D). Synapses: 0. GPU memory: 1.6GB/25.8GB (6.2%)
[2026-06-26 05:23:58][INFO] SIM_BRIDGE: inject_explicit_wiring: installed 720 synapses across 1 populations.
[2026-06-26 05:24:35][INFO] SIM_BRIDGE: CuPy using GPU: NVIDIA GeForce RTX 3090 (24.0 GB), mempool limit: 80%
[2026-06-26 05:24:35][INFO] SIM_BRIDGE: Initializing simulation data for model: IZHIKEVICH (3D)... (playback_init: False)
[2026-06-26 05:24:35][INFO] SIM_BRIDGE: RNG initialized with seed: 42
[2026-06-26 05:24:35][INFO] SIM_BRIDGE: Initializing Izhikevich model specifics for 224 neurons...
[2026-06-26 05:24:35][INFO] SIM_BRIDGE: Applying parameter heterogeneity to neuron parameters...
[2026-06-26 05:24:35][INFO] SIM_BRIDGE: Applied heterogeneity to 4 parameters.
[2026-06-26 05:24:35][INFO] SIM_BRIDGE: Initializing OU process state (tau=15.0ms, sigma=20.0pA)...
[2026-06-26 05:24:35][INFO] SIM_BRIDGE: Generating 3D neuron positions for 224 neurons...
[2026-06-26 05:24:35][INFO] SIM_BRIDGE: Generating connections (3D)...
[2026-06-26 05:24:35][INFO] SIM_BRIDGE: Simulation data initialized for 224 neurons (3D). Synapses: 0. GPU memory: 1.6GB/25.8GB (6.2%)
[2026-06-26 05:24:35][INFO] SIM_BRIDGE: inject_explicit_wiring: installed 4800 synapses across 1 populations.
[2026-06-26 05:25:30][INFO] SIM_BRIDGE: CuPy using GPU: NVIDIA GeForce RTX 3090 (24.0 GB), mempool limit: 80%
[2026-06-26 05:25:30][INFO] SIM_BRIDGE: Initializing simulation data for model: IZHIKEVICH (3D)... (playback_init: False)
[2026-06-26 05:25:30][INFO] SIM_BRIDGE: Brain-region framework: 2 regions, 2560 total neurons, 2 pathways.
[2026-06-26 05:25:30][INFO] SIM_BRIDGE: RNG initialized with seed: 42
[2026-06-26 05:25:30][INFO] SIM_BRIDGE: NMDA per-region mask: 2 regions enabled (2560 neurons)
[2026-06-26 05:25:30][INFO] SIM_BRIDGE: Initializing Izhikevich model specifics for 2560 neurons...
[2026-06-26 05:25:30][INFO] SIM_BRIDGE: Region 'cortex_ctx' (1280 neurons): using Izh type IZH2007_HIPPO_PYRAMIDAL
[2026-06-26 05:25:30][INFO] SIM_BRIDGE: Region 'dlpfc_wm' (1280 neurons): using Izh type IZH2007_HIPPO_PYRAMIDAL
[2026-06-26 05:25:30][INFO] SIM_BRIDGE: Applying parameter heterogeneity to neuron parameters...
[2026-06-26 05:25:30][INFO] SIM_BRIDGE: Applied heterogeneity to 4 parameters.
[2026-06-26 05:25:30][INFO] SIM_BRIDGE: Generating 3D neuron positions for 2560 neurons...
[2026-06-26 05:25:30][INFO] SIM_BRIDGE: Generating connections (brain-region framework)...
[2026-06-26 05:25:30][INFO] SIM_BRIDGE: inject_explicit_wiring: installed 491754 synapses across 4 populations.
[2026-06-26 05:25:30][INFO] SIM_BRIDGE: Initializing eligibility traces for 491754 synapses (capacity: 737631, dtype: float32)...
[2026-06-26 05:25:30][INFO] SIM_BRIDGE: Initializing STDP state for 2560 neurons...
[2026-06-26 05:25:30][INFO] SIM_BRIDGE: Simulation data initialized for 2560 neurons (3D). Synapses: 491754. GPU memory: 1.6GB/25.8GB (6.2%)
[2026-06-26 05:25:48][INFO] SIM_BRIDGE: CuPy using GPU: NVIDIA GeForce RTX 3090 (24.0 GB), mempool limit: 80%
[2026-06-26 05:25:48][INFO] SIM_BRIDGE: Initializing simulation data for model: IZHIKEVICH (3D)... (playback_init: False)
[2026-06-26 05:25:48][INFO] SIM_BRIDGE: RNG initialized with seed: 42
[2026-06-26 05:25:48][INFO] SIM_BRIDGE: Initializing Izhikevich model specifics for 126 neurons...
[2026-06-26 05:25:48][INFO] SIM_BRIDGE: Applying parameter heterogeneity to neuron parameters...
[2026-06-26 05:25:48][INFO] SIM_BRIDGE: Applied heterogeneity to 4 parameters.
[2026-06-26 05:25:48][INFO] SIM_BRIDGE: Initializing OU process state (tau=15.0ms, sigma=20.0pA)...
[2026-06-26 05:25:48][INFO] SIM_BRIDGE: Generating 3D neuron positions for 126 neurons...
[2026-06-26 05:25:48][INFO] SIM_BRIDGE: Generating connections (3D)...
[2026-06-26 05:25:48][INFO] SIM_BRIDGE: Simulation data initialized for 126 neurons (3D). Synapses: 0. GPU memory: 1.6GB/25.8GB (6.2%)
[2026-06-26 05:25:48][INFO] SIM_BRIDGE: inject_explicit_wiring: installed 720 synapses across 1 populations.
[2026-06-26 05:26:30][INFO] SIM_BRIDGE: CuPy using GPU: NVIDIA GeForce RTX 3090 (24.0 GB), mempool limit: 80%
[2026-06-26 05:26:30][INFO] SIM_BRIDGE: Initializing simulation data for model: IZHIKEVICH (3D)... (playback_init: False)
[2026-06-26 05:26:30][INFO] SIM_BRIDGE: RNG initialized with seed: 42
[2026-06-26 05:26:30][INFO] SIM_BRIDGE: Initializing Izhikevich model specifics for 224 neurons...
[2026-06-26 05:26:30][INFO] SIM_BRIDGE: Applying parameter heterogeneity to neuron parameters...
[2026-06-26 05:26:30][INFO] SIM_BRIDGE: Applied heterogeneity to 4 parameters.
[2026-06-26 05:26:30][INFO] SIM_BRIDGE: Initializing OU process state (tau=15.0ms, sigma=20.0pA)...
[2026-06-26 05:26:30][INFO] SIM_BRIDGE: Generating 3D neuron positions for 224 neurons...
[2026-06-26 05:26:30][INFO] SIM_BRIDGE: Generating connections (3D)...
[2026-06-26 05:26:30][INFO] SIM_BRIDGE: Simulation data initialized for 224 neurons (3D). Synapses: 0. GPU memory: 1.6GB/25.8GB (6.2%)
[2026-06-26 05:26:30][INFO] SIM_BRIDGE: inject_explicit_wiring: installed 4800 synapses across 1 populations.
[2026-06-26 05:27:24][INFO] SIM_BRIDGE: CuPy using GPU: NVIDIA GeForce RTX 3090 (24.0 GB), mempool limit: 80%
[2026-06-26 05:27:24][INFO] SIM_BRIDGE: Initializing simulation data for model: IZHIKEVICH (3D)... (playback_init: False)
[2026-06-26 05:27:24][INFO] SIM_BRIDGE: Brain-region framework: 2 regions, 2560 total neurons, 2 pathways.
[2026-06-26 05:27:24][INFO] SIM_BRIDGE: RNG initialized with seed: 42
[2026-06-26 05:27:24][INFO] SIM_BRIDGE: NMDA per-region mask: 2 regions enabled (2560 neurons)
[2026-06-26 05:27:24][INFO] SIM_BRIDGE: Initializing Izhikevich model specifics for 2560 neurons...
[2026-06-26 05:27:24][INFO] SIM_BRIDGE: Region 'cortex_ctx' (1280 neurons): using Izh type IZH2007_HIPPO_PYRAMIDAL
[2026-06-26 05:27:24][INFO] SIM_BRIDGE: Region 'dlpfc_wm' (1280 neurons): using Izh type IZH2007_HIPPO_PYRAMIDAL
[2026-06-26 05:27:24][INFO] SIM_BRIDGE: Applying parameter heterogeneity to neuron parameters...
[2026-06-26 05:27:24][INFO] SIM_BRIDGE: Applied heterogeneity to 4 parameters.
[2026-06-26 05:27:24][INFO] SIM_BRIDGE: Generating 3D neuron positions for 2560 neurons...
[2026-06-26 05:27:24][INFO] SIM_BRIDGE: Generating connections (brain-region framework)...
[2026-06-26 05:27:25][INFO] SIM_BRIDGE: inject_explicit_wiring: installed 491754 synapses across 4 populations.
[2026-06-26 05:27:25][INFO] SIM_BRIDGE: Initializing eligibility traces for 491754 synapses (capacity: 737631, dtype: float32)...
[2026-06-26 05:27:25][INFO] SIM_BRIDGE: Initializing STDP state for 2560 neurons...
[2026-06-26 05:27:25][INFO] SIM_BRIDGE: Simulation data initialized for 2560 neurons (3D). Synapses: 491754. GPU memory: 1.6GB/25.8GB (6.2%)
[2026-06-26 05:27:43][INFO] SIM_BRIDGE: CuPy using GPU: NVIDIA GeForce RTX 3090 (24.0 GB), mempool limit: 80%
[2026-06-26 05:27:43][INFO] SIM_BRIDGE: Initializing simulation data for model: IZHIKEVICH (3D)... (playback_init: False)
[2026-06-26 05:27:43][INFO] SIM_BRIDGE: RNG initialized with seed: 42
[2026-06-26 05:27:43][INFO] SIM_BRIDGE: Initializing Izhikevich model specifics for 126 neurons...
[2026-06-26 05:27:43][INFO] SIM_BRIDGE: Applying parameter heterogeneity to neuron parameters...
[2026-06-26 05:27:43][INFO] SIM_BRIDGE: Applied heterogeneity to 4 parameters.
[2026-06-26 05:27:43][INFO] SIM_BRIDGE: Initializing OU process state (tau=15.0ms, sigma=20.0pA)...
[2026-06-26 05:27:43][INFO] SIM_BRIDGE: Generating 3D neuron positions for 126 neurons...
[2026-06-26 05:27:43][INFO] SIM_BRIDGE: Generating connections (3D)...
[2026-06-26 05:27:43][INFO] SIM_BRIDGE: Simulation data initialized for 126 neurons (3D). Synapses: 0. GPU memory: 1.6GB/25.8GB (6.2%)
[2026-06-26 05:27:43][INFO] SIM_BRIDGE: inject_explicit_wiring: installed 720 synapses across 1 populations.
[2026-06-26 05:28:20][INFO] SIM_BRIDGE: CuPy using GPU: NVIDIA GeForce RTX 3090 (24.0 GB), mempool limit: 80%
[2026-06-26 05:28:20][INFO] SIM_BRIDGE: Initializing simulation data for model: IZHIKEVICH (3D)... (playback_init: False)
[2026-06-26 05:28:20][INFO] SIM_BRIDGE: RNG initialized with seed: 42
[2026-06-26 05:28:20][INFO] SIM_BRIDGE: Initializing Izhikevich model specifics for 224 neurons...
[2026-06-26 05:28:20][INFO] SIM_BRIDGE: Applying parameter heterogeneity to neuron parameters...
[2026-06-26 05:28:20][INFO] SIM_BRIDGE: Applied heterogeneity to 4 parameters.
[2026-06-26 05:28:20][INFO] SIM_BRIDGE: Initializing OU process state (tau=15.0ms, sigma=20.0pA)...
[2026-06-26 05:28:20][INFO] SIM_BRIDGE: Generating 3D neuron positions for 224 neurons...
[2026-06-26 05:28:20][INFO] SIM_BRIDGE: Generating connections (3D)...
[2026-06-26 05:28:20][INFO] SIM_BRIDGE: Simulation data initialized for 224 neurons (3D). Synapses: 0. GPU memory: 1.6GB/25.8GB (6.2%)
[2026-06-26 05:28:20][INFO] SIM_BRIDGE: inject_explicit_wiring: installed 4800 synapses across 1 populations.
[2026-06-26 05:29:15][INFO] SIM_BRIDGE: CuPy using GPU: NVIDIA GeForce RTX 3090 (24.0 GB), mempool limit: 80%
[2026-06-26 05:29:15][INFO] SIM_BRIDGE: Initializing simulation data for model: IZHIKEVICH (3D)... (playback_init: False)
[2026-06-26 05:29:15][INFO] SIM_BRIDGE: Brain-region framework: 2 regions, 2560 total neurons, 2 pathways.
[2026-06-26 05:29:15][INFO] SIM_BRIDGE: RNG initialized with seed: 42
[2026-06-26 05:29:15][INFO] SIM_BRIDGE: NMDA per-region mask: 2 regions enabled (2560 neurons)
[2026-06-26 05:29:15][INFO] SIM_BRIDGE: Initializing Izhikevich model specifics for 2560 neurons...
[2026-06-26 05:29:15][INFO] SIM_BRIDGE: Region 'cortex_ctx' (1280 neurons): using Izh type IZH2007_HIPPO_PYRAMIDAL
[2026-06-26 05:29:15][INFO] SIM_BRIDGE: Region 'dlpfc_wm' (1280 neurons): using Izh type IZH2007_HIPPO_PYRAMIDAL
[2026-06-26 05:29:15][INFO] SIM_BRIDGE: Applying parameter heterogeneity to neuron parameters...
[2026-06-26 05:29:15][INFO] SIM_BRIDGE: Applied heterogeneity to 4 parameters.
[2026-06-26 05:29:15][INFO] SIM_BRIDGE: Generating 3D neuron positions for 2560 neurons...
[2026-06-26 05:29:15][INFO] SIM_BRIDGE: Generating connections (brain-region framework)...
[2026-06-26 05:29:15][INFO] SIM_BRIDGE: inject_explicit_wiring: installed 491754 synapses across 4 populations.
[2026-06-26 05:29:15][INFO] SIM_BRIDGE: Initializing eligibility traces for 491754 synapses (capacity: 737631, dtype: float32)...
[2026-06-26 05:29:15][INFO] SIM_BRIDGE: Initializing STDP state for 2560 neurons...
[2026-06-26 05:29:15][INFO] SIM_BRIDGE: Simulation data initialized for 2560 neurons (3D). Synapses: 491754. GPU memory: 1.6GB/25.8GB (6.2%)
[2026-06-26 05:29:28][INFO] SIM_BRIDGE: CuPy using GPU: NVIDIA GeForce RTX 3090 (24.0 GB), mempool limit: 80%
[2026-06-26 05:29:28][INFO] SIM_BRIDGE: Initializing simulation data for model: IZHIKEVICH (3D)... (playback_init: False)
[2026-06-26 05:29:28][INFO] SIM_BRIDGE: RNG initialized with seed: 42
[2026-06-26 05:29:28][INFO] SIM_BRIDGE: Initializing Izhikevich model specifics for 126 neurons...
[2026-06-26 05:29:28][INFO] SIM_BRIDGE: Applying parameter heterogeneity to neuron parameters...
[2026-06-26 05:29:28][INFO] SIM_BRIDGE: Applied heterogeneity to 4 parameters.
[2026-06-26 05:29:28][INFO] SIM_BRIDGE: Initializing OU process state (tau=15.0ms, sigma=20.0pA)...
[2026-06-26 05:29:28][INFO] SIM_BRIDGE: Generating 3D neuron positions for 126 neurons...
[2026-06-26 05:29:28][INFO] SIM_BRIDGE: Generating connections (3D)...
[2026-06-26 05:29:28][INFO] SIM_BRIDGE: Simulation data initialized for 126 neurons (3D). Synapses: 0. GPU memory: 1.6GB/25.8GB (6.2%)
[2026-06-26 05:29:28][INFO] SIM_BRIDGE: inject_explicit_wiring: installed 720 synapses across 1 populations.
[2026-06-26 05:30:05][INFO] SIM_BRIDGE: CuPy using GPU: NVIDIA GeForce RTX 3090 (24.0 GB), mempool limit: 80%
[2026-06-26 05:30:05][INFO] SIM_BRIDGE: Initializing simulation data for model: IZHIKEVICH (3D)... (playback_init: False)
[2026-06-26 05:30:05][INFO] SIM_BRIDGE: RNG initialized with seed: 42
[2026-06-26 05:30:05][INFO] SIM_BRIDGE: Initializing Izhikevich model specifics for 224 neurons...
[2026-06-26 05:30:05][INFO] SIM_BRIDGE: Applying parameter heterogeneity to neuron parameters...
[2026-06-26 05:30:05][INFO] SIM_BRIDGE: Applied heterogeneity to 4 parameters.
[2026-06-26 05:30:05][INFO] SIM_BRIDGE: Initializing OU process state (tau=15.0ms, sigma=20.0pA)...
[2026-06-26 05:30:05][INFO] SIM_BRIDGE: Generating 3D neuron positions for 224 neurons...
[2026-06-26 05:30:05][INFO] SIM_BRIDGE: Generating connections (3D)...
[2026-06-26 05:30:05][INFO] SIM_BRIDGE: Simulation data initialized for 224 neurons (3D). Synapses: 0. GPU memory: 1.6GB/25.8GB (6.2%)
[2026-06-26 05:30:05][INFO] SIM_BRIDGE: inject_explicit_wiring: installed 4800 synapses across 1 populations.
[2026-06-26 05:30:59][INFO] SIM_BRIDGE: CuPy using GPU: NVIDIA GeForce RTX 3090 (24.0 GB), mempool limit: 80%
[2026-06-26 05:30:59][INFO] SIM_BRIDGE: Initializing simulation data for model: IZHIKEVICH (3D)... (playback_init: False)
[2026-06-26 05:30:59][INFO] SIM_BRIDGE: Brain-region framework: 2 regions, 2560 total neurons, 2 pathways.
[2026-06-26 05:30:59][INFO] SIM_BRIDGE: RNG initialized with seed: 42
[2026-06-26 05:30:59][INFO] SIM_BRIDGE: NMDA per-region mask: 2 regions enabled (2560 neurons)
[2026-06-26 05:30:59][INFO] SIM_BRIDGE: Initializing Izhikevich model specifics for 2560 neurons...
[2026-06-26 05:30:59][INFO] SIM_BRIDGE: Region 'cortex_ctx' (1280 neurons): using Izh type IZH2007_HIPPO_PYRAMIDAL
[2026-06-26 05:30:59][INFO] SIM_BRIDGE: Region 'dlpfc_wm' (1280 neurons): using Izh type IZH2007_HIPPO_PYRAMIDAL
[2026-06-26 05:30:59][INFO] SIM_BRIDGE: Applying parameter heterogeneity to neuron parameters...
[2026-06-26 05:30:59][INFO] SIM_BRIDGE: Applied heterogeneity to 4 parameters.
[2026-06-26 05:30:59][INFO] SIM_BRIDGE: Generating 3D neuron positions for 2560 neurons...
[2026-06-26 05:30:59][INFO] SIM_BRIDGE: Generating connections (brain-region framework)...
[2026-06-26 05:31:00][INFO] SIM_BRIDGE: inject_explicit_wiring: installed 491754 synapses across 4 populations.
[2026-06-26 05:31:00][INFO] SIM_BRIDGE: Initializing eligibility traces for 491754 synapses (capacity: 737631, dtype: float32)...
[2026-06-26 05:31:00][INFO] SIM_BRIDGE: Initializing STDP state for 2560 neurons...
[2026-06-26 05:31:00][INFO] SIM_BRIDGE: Simulation data initialized for 2560 neurons (3D). Synapses: 491754. GPU memory: 1.6GB/25.8GB (6.2%)
[2026-06-26 05:31:12][INFO] SIM_BRIDGE: CuPy using GPU: NVIDIA GeForce RTX 3090 (24.0 GB), mempool limit: 80%
[2026-06-26 05:31:12][INFO] SIM_BRIDGE: Initializing simulation data for model: IZHIKEVICH (3D)... (playback_init: False)
[2026-06-26 05:31:12][INFO] SIM_BRIDGE: RNG initialized with seed: 42
[2026-06-26 05:31:12][INFO] SIM_BRIDGE: Initializing Izhikevich model specifics for 126 neurons...
[2026-06-26 05:31:12][INFO] SIM_BRIDGE: Applying parameter heterogeneity to neuron parameters...
[2026-06-26 05:31:12][INFO] SIM_BRIDGE: Applied heterogeneity to 4 parameters.
[2026-06-26 05:31:12][INFO] SIM_BRIDGE: Initializing OU process state (tau=15.0ms, sigma=20.0pA)...
[2026-06-26 05:31:12][INFO] SIM_BRIDGE: Generating 3D neuron positions for 126 neurons...
[2026-06-26 05:31:12][INFO] SIM_BRIDGE: Generating connections (3D)...
[2026-06-26 05:31:12][INFO] SIM_BRIDGE: Simulation data initialized for 126 neurons (3D). Synapses: 0. GPU memory: 1.6GB/25.8GB (6.2%)
[2026-06-26 05:31:12][INFO] SIM_BRIDGE: inject_explicit_wiring: installed 720 synapses across 1 populations.
[2026-06-26 05:31:49][INFO] SIM_BRIDGE: CuPy using GPU: NVIDIA GeForce RTX 3090 (24.0 GB), mempool limit: 80%
[2026-06-26 05:31:49][INFO] SIM_BRIDGE: Initializing simulation data for model: IZHIKEVICH (3D)... (playback_init: False)
[2026-06-26 05:31:49][INFO] SIM_BRIDGE: RNG initialized with seed: 42
[2026-06-26 05:31:49][INFO] SIM_BRIDGE: Initializing Izhikevich model specifics for 224 neurons...
[2026-06-26 05:31:49][INFO] SIM_BRIDGE: Applying parameter heterogeneity to neuron parameters...
[2026-06-26 05:31:49][INFO] SIM_BRIDGE: Applied heterogeneity to 4 parameters.
[2026-06-26 05:31:49][INFO] SIM_BRIDGE: Initializing OU process state (tau=15.0ms, sigma=20.0pA)...
[2026-06-26 05:31:49][INFO] SIM_BRIDGE: Generating 3D neuron positions for 224 neurons...
[2026-06-26 05:31:49][INFO] SIM_BRIDGE: Generating connections (3D)...
[2026-06-26 05:31:49][INFO] SIM_BRIDGE: Simulation data initialized for 224 neurons (3D). Synapses: 0. GPU memory: 1.6GB/25.8GB (6.2%)
[2026-06-26 05:31:49][INFO] SIM_BRIDGE: inject_explicit_wiring: installed 4800 synapses across 1 populations.
[2026-06-26 05:32:43][INFO] SIM_BRIDGE: CuPy using GPU: NVIDIA GeForce RTX 3090 (24.0 GB), mempool limit: 80%
[2026-06-26 05:32:43][INFO] SIM_BRIDGE: Initializing simulation data for model: IZHIKEVICH (3D)... (playback_init: False)
[2026-06-26 05:32:43][INFO] SIM_BRIDGE: Brain-region framework: 2 regions, 2560 total neurons, 2 pathways.
[2026-06-26 05:32:43][INFO] SIM_BRIDGE: RNG initialized with seed: 42
[2026-06-26 05:32:43][INFO] SIM_BRIDGE: NMDA per-region mask: 2 regions enabled (2560 neurons)
[2026-06-26 05:32:43][INFO] SIM_BRIDGE: Initializing Izhikevich model specifics for 2560 neurons...
[2026-06-26 05:32:43][INFO] SIM_BRIDGE: Region 'cortex_ctx' (1280 neurons): using Izh type IZH2007_HIPPO_PYRAMIDAL
[2026-06-26 05:32:43][INFO] SIM_BRIDGE: Region 'dlpfc_wm' (1280 neurons): using Izh type IZH2007_HIPPO_PYRAMIDAL
[2026-06-26 05:32:43][INFO] SIM_BRIDGE: Applying parameter heterogeneity to neuron parameters...
[2026-06-26 05:32:43][INFO] SIM_BRIDGE: Applied heterogeneity to 4 parameters.
[2026-06-26 05:32:43][INFO] SIM_BRIDGE: Generating 3D neuron positions for 2560 neurons...
[2026-06-26 05:32:43][INFO] SIM_BRIDGE: Generating connections (brain-region framework)...
[2026-06-26 05:32:44][INFO] SIM_BRIDGE: inject_explicit_wiring: installed 491754 synapses across 4 populations.
[2026-06-26 05:32:44][INFO] SIM_BRIDGE: Initializing eligibility traces for 491754 synapses (capacity: 737631, dtype: float32)...
[2026-06-26 05:32:44][INFO] SIM_BRIDGE: Initializing STDP state for 2560 neurons...
[2026-06-26 05:32:44][INFO] SIM_BRIDGE: Simulation data initialized for 2560 neurons (3D). Synapses: 491754. GPU memory: 1.6GB/25.8GB (6.2%)
[2026-06-26 05:33:00][INFO] SIM_BRIDGE: CuPy using GPU: NVIDIA GeForce RTX 3090 (24.0 GB), mempool limit: 80%
[2026-06-26 05:33:00][INFO] SIM_BRIDGE: Initializing simulation data for model: IZHIKEVICH (3D)... (playback_init: False)
[2026-06-26 05:33:00][INFO] SIM_BRIDGE: RNG initialized with seed: 42
[2026-06-26 05:33:00][INFO] SIM_BRIDGE: Initializing Izhikevich model specifics for 126 neurons...
[2026-06-26 05:33:00][INFO] SIM_BRIDGE: Applying parameter heterogeneity to neuron parameters...
[2026-06-26 05:33:00][INFO] SIM_BRIDGE: Applied heterogeneity to 4 parameters.
[2026-06-26 05:33:00][INFO] SIM_BRIDGE: Initializing OU process state (tau=15.0ms, sigma=20.0pA)...
[2026-06-26 05:33:00][INFO] SIM_BRIDGE: Generating 3D neuron positions for 126 neurons...
[2026-06-26 05:33:00][INFO] SIM_BRIDGE: Generating connections (3D)...
[2026-06-26 05:33:00][INFO] SIM_BRIDGE: Simulation data initialized for 126 neurons (3D). Synapses: 0. GPU memory: 1.6GB/25.8GB (6.2%)
[2026-06-26 05:33:00][INFO] SIM_BRIDGE: inject_explicit_wiring: installed 720 synapses across 1 populations.
[2026-06-26 05:33:37][INFO] SIM_BRIDGE: CuPy using GPU: NVIDIA GeForce RTX 3090 (24.0 GB), mempool limit: 80%
[2026-06-26 05:33:37][INFO] SIM_BRIDGE: Initializing simulation data for model: IZHIKEVICH (3D)... (playback_init: False)
[2026-06-26 05:33:37][INFO] SIM_BRIDGE: RNG initialized with seed: 42
[2026-06-26 05:33:37][INFO] SIM_BRIDGE: Initializing Izhikevich model specifics for 224 neurons...
[2026-06-26 05:33:37][INFO] SIM_BRIDGE: Applying parameter heterogeneity to neuron parameters...
[2026-06-26 05:33:37][INFO] SIM_BRIDGE: Applied heterogeneity to 4 parameters.
[2026-06-26 05:33:37][INFO] SIM_BRIDGE: Initializing OU process state (tau=15.0ms, sigma=20.0pA)...
[2026-06-26 05:33:37][INFO] SIM_BRIDGE: Generating 3D neuron positions for 224 neurons...
[2026-06-26 05:33:37][INFO] SIM_BRIDGE: Generating connections (3D)...
[2026-06-26 05:33:37][INFO] SIM_BRIDGE: Simulation data initialized for 224 neurons (3D). Synapses: 0. GPU memory: 1.6GB/25.8GB (6.2%)
[2026-06-26 05:33:37][INFO] SIM_BRIDGE: inject_explicit_wiring: installed 4800 synapses across 1 populations.
[2026-06-26 05:34:31][INFO] SIM_BRIDGE: CuPy using GPU: NVIDIA GeForce RTX 3090 (24.0 GB), mempool limit: 80%
[2026-06-26 05:34:31][INFO] SIM_BRIDGE: Initializing simulation data for model: IZHIKEVICH (3D)... (playback_init: False)
[2026-06-26 05:34:31][INFO] SIM_BRIDGE: Brain-region framework: 2 regions, 2560 total neurons, 2 pathways.
[2026-06-26 05:34:31][INFO] SIM_BRIDGE: RNG initialized with seed: 42
[2026-06-26 05:34:31][INFO] SIM_BRIDGE: NMDA per-region mask: 2 regions enabled (2560 neurons)
[2026-06-26 05:34:31][INFO] SIM_BRIDGE: Initializing Izhikevich model specifics for 2560 neurons...
[2026-06-26 05:34:31][INFO] SIM_BRIDGE: Region 'cortex_ctx' (1280 neurons): using Izh type IZH2007_HIPPO_PYRAMIDAL
[2026-06-26 05:34:31][INFO] SIM_BRIDGE: Region 'dlpfc_wm' (1280 neurons): using Izh type IZH2007_HIPPO_PYRAMIDAL
[2026-06-26 05:34:31][INFO] SIM_BRIDGE: Applying parameter heterogeneity to neuron parameters...
[2026-06-26 05:34:31][INFO] SIM_BRIDGE: Applied heterogeneity to 4 parameters.
[2026-06-26 05:34:31][INFO] SIM_BRIDGE: Generating 3D neuron positions for 2560 neurons...
[2026-06-26 05:34:31][INFO] SIM_BRIDGE: Generating connections (brain-region framework)...
[2026-06-26 05:34:32][INFO] SIM_BRIDGE: inject_explicit_wiring: installed 491754 synapses across 4 populations.
[2026-06-26 05:34:32][INFO] SIM_BRIDGE: Initializing eligibility traces for 491754 synapses (capacity: 737631, dtype: float32)...
[2026-06-26 05:34:32][INFO] SIM_BRIDGE: Initializing STDP state for 2560 neurons...
[2026-06-26 05:34:32][INFO] SIM_BRIDGE: Simulation data initialized for 2560 neurons (3D). Synapses: 491754. GPU memory: 1.6GB/25.8GB (6.2%)
[2026-06-26 05:34:45][INFO] SIM_BRIDGE: CuPy using GPU: NVIDIA GeForce RTX 3090 (24.0 GB), mempool limit: 80%
[2026-06-26 05:34:45][INFO] SIM_BRIDGE: Initializing simulation data for model: IZHIKEVICH (3D)... (playback_init: False)
[2026-06-26 05:34:45][INFO] SIM_BRIDGE: RNG initialized with seed: 42
[2026-06-26 05:34:45][INFO] SIM_BRIDGE: Initializing Izhikevich model specifics for 126 neurons...
[2026-06-26 05:34:45][INFO] SIM_BRIDGE: Applying parameter heterogeneity to neuron parameters...
[2026-06-26 05:34:45][INFO] SIM_BRIDGE: Applied heterogeneity to 4 parameters.
[2026-06-26 05:34:45][INFO] SIM_BRIDGE: Initializing OU process state (tau=15.0ms, sigma=20.0pA)...
[2026-06-26 05:34:45][INFO] SIM_BRIDGE: Generating 3D neuron positions for 126 neurons...
[2026-06-26 05:34:45][INFO] SIM_BRIDGE: Generating connections (3D)...
[2026-06-26 05:34:45][INFO] SIM_BRIDGE: Simulation data initialized for 126 neurons (3D). Synapses: 0. GPU memory: 1.6GB/25.8GB (6.2%)
[2026-06-26 05:34:45][INFO] SIM_BRIDGE: inject_explicit_wiring: installed 720 synapses across 1 populations.
[2026-06-26 05:35:22][INFO] SIM_BRIDGE: CuPy using GPU: NVIDIA GeForce RTX 3090 (24.0 GB), mempool limit: 80%
[2026-06-26 05:35:22][INFO] SIM_BRIDGE: Initializing simulation data for model: IZHIKEVICH (3D)... (playback_init: False)
[2026-06-26 05:35:22][INFO] SIM_BRIDGE: RNG initialized with seed: 42
[2026-06-26 05:35:22][INFO] SIM_BRIDGE: Initializing Izhikevich model specifics for 224 neurons...
[2026-06-26 05:35:22][INFO] SIM_BRIDGE: Applying parameter heterogeneity to neuron parameters...
[2026-06-26 05:35:22][INFO] SIM_BRIDGE: Applied heterogeneity to 4 parameters.
[2026-06-26 05:35:22][INFO] SIM_BRIDGE: Initializing OU process state (tau=15.0ms, sigma=20.0pA)...
[2026-06-26 05:35:22][INFO] SIM_BRIDGE: Generating 3D neuron positions for 224 neurons...
[2026-06-26 05:35:22][INFO] SIM_BRIDGE: Generating connections (3D)...
[2026-06-26 05:35:22][INFO] SIM_BRIDGE: Simulation data initialized for 224 neurons (3D). Synapses: 0. GPU memory: 1.6GB/25.8GB (6.2%)
[2026-06-26 05:35:22][INFO] SIM_BRIDGE: inject_explicit_wiring: installed 4800 synapses across 1 populations.
[2026-06-26 05:36:17][INFO] SIM_BRIDGE: CuPy using GPU: NVIDIA GeForce RTX 3090 (24.0 GB), mempool limit: 80%
[2026-06-26 05:36:17][INFO] SIM_BRIDGE: Initializing simulation data for model: IZHIKEVICH (3D)... (playback_init: False)
[2026-06-26 05:36:17][INFO] SIM_BRIDGE: Brain-region framework: 2 regions, 2560 total neurons, 2 pathways.
[2026-06-26 05:36:17][INFO] SIM_BRIDGE: RNG initialized with seed: 42
[2026-06-26 05:36:17][INFO] SIM_BRIDGE: NMDA per-region mask: 2 regions enabled (2560 neurons)
[2026-06-26 05:36:17][INFO] SIM_BRIDGE: Initializing Izhikevich model specifics for 2560 neurons...
[2026-06-26 05:36:17][INFO] SIM_BRIDGE: Region 'cortex_ctx' (1280 neurons): using Izh type IZH2007_HIPPO_PYRAMIDAL
[2026-06-26 05:36:17][INFO] SIM_BRIDGE: Region 'dlpfc_wm' (1280 neurons): using Izh type IZH2007_HIPPO_PYRAMIDAL
[2026-06-26 05:36:17][INFO] SIM_BRIDGE: Applying parameter heterogeneity to neuron parameters...
[2026-06-26 05:36:17][INFO] SIM_BRIDGE: Applied heterogeneity to 4 parameters.
[2026-06-26 05:36:17][INFO] SIM_BRIDGE: Generating 3D neuron positions for 2560 neurons...
[2026-06-26 05:36:17][INFO] SIM_BRIDGE: Generating connections (brain-region framework)...
[2026-06-26 05:36:17][INFO] SIM_BRIDGE: inject_explicit_wiring: installed 491754 synapses across 4 populations.
[2026-06-26 05:36:17][INFO] SIM_BRIDGE: Initializing eligibility traces for 491754 synapses (capacity: 737631, dtype: float32)...
[2026-06-26 05:36:17][INFO] SIM_BRIDGE: Initializing STDP state for 2560 neurons...
[2026-06-26 05:36:17][INFO] SIM_BRIDGE: Simulation data initialized for 2560 neurons (3D). Synapses: 491754. GPU memory: 1.6GB/25.8GB (6.2%)
[2026-06-26 05:36:30][INFO] SIM_BRIDGE: CuPy using GPU: NVIDIA GeForce RTX 3090 (24.0 GB), mempool limit: 80%
[2026-06-26 05:36:30][INFO] SIM_BRIDGE: Initializing simulation data for model: IZHIKEVICH (3D)... (playback_init: False)
[2026-06-26 05:36:30][INFO] SIM_BRIDGE: RNG initialized with seed: 42
[2026-06-26 05:36:30][INFO] SIM_BRIDGE: Initializing Izhikevich model specifics for 126 neurons...
[2026-06-26 05:36:30][INFO] SIM_BRIDGE: Applying parameter heterogeneity to neuron parameters...
[2026-06-26 05:36:30][INFO] SIM_BRIDGE: Applied heterogeneity to 4 parameters.
[2026-06-26 05:36:30][INFO] SIM_BRIDGE: Initializing OU process state (tau=15.0ms, sigma=20.0pA)...
[2026-06-26 05:36:30][INFO] SIM_BRIDGE: Generating 3D neuron positions for 126 neurons...
[2026-06-26 05:36:30][INFO] SIM_BRIDGE: Generating connections (3D)...
[2026-06-26 05:36:30][INFO] SIM_BRIDGE: Simulation data initialized for 126 neurons (3D). Synapses: 0. GPU memory: 1.6GB/25.8GB (6.2%)
[2026-06-26 05:36:30][INFO] SIM_BRIDGE: inject_explicit_wiring: installed 720 synapses across 1 populations.
[2026-06-26 05:37:08][INFO] SIM_BRIDGE: CuPy using GPU: NVIDIA GeForce RTX 3090 (24.0 GB), mempool limit: 80%
[2026-06-26 05:37:08][INFO] SIM_BRIDGE: Initializing simulation data for model: IZHIKEVICH (3D)... (playback_init: False)
[2026-06-26 05:37:08][INFO] SIM_BRIDGE: RNG initialized with seed: 42
[2026-06-26 05:37:08][INFO] SIM_BRIDGE: Initializing Izhikevich model specifics for 224 neurons...
[2026-06-26 05:37:08][INFO] SIM_BRIDGE: Applying parameter heterogeneity to neuron parameters...
[2026-06-26 05:37:08][INFO] SIM_BRIDGE: Applied heterogeneity to 4 parameters.
[2026-06-26 05:37:08][INFO] SIM_BRIDGE: Initializing OU process state (tau=15.0ms, sigma=20.0pA)...
[2026-06-26 05:37:08][INFO] SIM_BRIDGE: Generating 3D neuron positions for 224 neurons...
[2026-06-26 05:37:08][INFO] SIM_BRIDGE: Generating connections (3D)...
[2026-06-26 05:37:08][INFO] SIM_BRIDGE: Simulation data initialized for 224 neurons (3D). Synapses: 0. GPU memory: 1.6GB/25.8GB (6.2%)
[2026-06-26 05:37:08][INFO] SIM_BRIDGE: inject_explicit_wiring: installed 4800 synapses across 1 populations.
[2026-06-26 05:38:02][INFO] SIM_BRIDGE: CuPy using GPU: NVIDIA GeForce RTX 3090 (24.0 GB), mempool limit: 80%
[2026-06-26 05:38:02][INFO] SIM_BRIDGE: Initializing simulation data for model: IZHIKEVICH (3D)... (playback_init: False)
[2026-06-26 05:38:02][INFO] SIM_BRIDGE: Brain-region framework: 2 regions, 2560 total neurons, 2 pathways.
[2026-06-26 05:38:02][INFO] SIM_BRIDGE: RNG initialized with seed: 42
[2026-06-26 05:38:02][INFO] SIM_BRIDGE: NMDA per-region mask: 2 regions enabled (2560 neurons)
[2026-06-26 05:38:02][INFO] SIM_BRIDGE: Initializing Izhikevich model specifics for 2560 neurons...
[2026-06-26 05:38:02][INFO] SIM_BRIDGE: Region 'cortex_ctx' (1280 neurons): using Izh type IZH2007_HIPPO_PYRAMIDAL
[2026-06-26 05:38:02][INFO] SIM_BRIDGE: Region 'dlpfc_wm' (1280 neurons): using Izh type IZH2007_HIPPO_PYRAMIDAL
[2026-06-26 05:38:02][INFO] SIM_BRIDGE: Applying parameter heterogeneity to neuron parameters...
[2026-06-26 05:38:02][INFO] SIM_BRIDGE: Applied heterogeneity to 4 parameters.
[2026-06-26 05:38:02][INFO] SIM_BRIDGE: Generating 3D neuron positions for 2560 neurons...
[2026-06-26 05:38:02][INFO] SIM_BRIDGE: Generating connections (brain-region framework)...
[2026-06-26 05:38:03][INFO] SIM_BRIDGE: inject_explicit_wiring: installed 491754 synapses across 4 populations.
[2026-06-26 05:38:03][INFO] SIM_BRIDGE: Initializing eligibility traces for 491754 synapses (capacity: 737631, dtype: float32)...
[2026-06-26 05:38:03][INFO] SIM_BRIDGE: Initializing STDP state for 2560 neurons...
[2026-06-26 05:38:03][INFO] SIM_BRIDGE: Simulation data initialized for 2560 neurons (3D). Synapses: 491754. GPU memory: 1.6GB/25.8GB (6.2%)
[2026-06-26 05:38:16][INFO] SIM_BRIDGE: CuPy using GPU: NVIDIA GeForce RTX 3090 (24.0 GB), mempool limit: 80%
[2026-06-26 05:38:16][INFO] SIM_BRIDGE: Initializing simulation data for model: IZHIKEVICH (3D)... (playback_init: False)
[2026-06-26 05:38:16][INFO] SIM_BRIDGE: RNG initialized with seed: 42
[2026-06-26 05:38:16][INFO] SIM_BRIDGE: Initializing Izhikevich model specifics for 126 neurons...
[2026-06-26 05:38:16][INFO] SIM_BRIDGE: Applying parameter heterogeneity to neuron parameters...
[2026-06-26 05:38:16][INFO] SIM_BRIDGE: Applied heterogeneity to 4 parameters.
[2026-06-26 05:38:16][INFO] SIM_BRIDGE: Initializing OU process state (tau=15.0ms, sigma=20.0pA)...
[2026-06-26 05:38:16][INFO] SIM_BRIDGE: Generating 3D neuron positions for 126 neurons...
[2026-06-26 05:38:16][INFO] SIM_BRIDGE: Generating connections (3D)...
[2026-06-26 05:38:16][INFO] SIM_BRIDGE: Simulation data initialized for 126 neurons (3D). Synapses: 0. GPU memory: 1.6GB/25.8GB (6.2%)
[2026-06-26 05:38:16][INFO] SIM_BRIDGE: inject_explicit_wiring: installed 720 synapses across 1 populations.
[2026-06-26 05:38:56][INFO] SIM_BRIDGE: CuPy using GPU: NVIDIA GeForce RTX 3090 (24.0 GB), mempool limit: 80%
[2026-06-26 05:38:56][INFO] SIM_BRIDGE: Initializing simulation data for model: IZHIKEVICH (3D)... (playback_init: False)
[2026-06-26 05:38:56][INFO] SIM_BRIDGE: RNG initialized with seed: 42
[2026-06-26 05:38:56][INFO] SIM_BRIDGE: Initializing Izhikevich model specifics for 224 neurons...
[2026-06-26 05:38:56][INFO] SIM_BRIDGE: Applying parameter heterogeneity to neuron parameters...
[2026-06-26 05:38:56][INFO] SIM_BRIDGE: Applied heterogeneity to 4 parameters.
[2026-06-26 05:38:56][INFO] SIM_BRIDGE: Initializing OU process state (tau=15.0ms, sigma=20.0pA)...
[2026-06-26 05:38:56][INFO] SIM_BRIDGE: Generating 3D neuron positions for 224 neurons...
[2026-06-26 05:38:56][INFO] SIM_BRIDGE: Generating connections (3D)...
[2026-06-26 05:38:56][INFO] SIM_BRIDGE: Simulation data initialized for 224 neurons (3D). Synapses: 0. GPU memory: 1.6GB/25.8GB (6.2%)
[2026-06-26 05:38:56][INFO] SIM_BRIDGE: inject_explicit_wiring: installed 4800 synapses across 1 populations.
[2026-06-26 05:39:50][INFO] SIM_BRIDGE: CuPy using GPU: NVIDIA GeForce RTX 3090 (24.0 GB), mempool limit: 80%
[2026-06-26 05:39:50][INFO] SIM_BRIDGE: Initializing simulation data for model: IZHIKEVICH (3D)... (playback_init: False)
[2026-06-26 05:39:50][INFO] SIM_BRIDGE: Brain-region framework: 2 regions, 2560 total neurons, 2 pathways.
[2026-06-26 05:39:50][INFO] SIM_BRIDGE: RNG initialized with seed: 42
[2026-06-26 05:39:50][INFO] SIM_BRIDGE: NMDA per-region mask: 2 regions enabled (2560 neurons)
[2026-06-26 05:39:50][INFO] SIM_BRIDGE: Initializing Izhikevich model specifics for 2560 neurons...
[2026-06-26 05:39:50][INFO] SIM_BRIDGE: Region 'cortex_ctx' (1280 neurons): using Izh type IZH2007_HIPPO_PYRAMIDAL
[2026-06-26 05:39:50][INFO] SIM_BRIDGE: Region 'dlpfc_wm' (1280 neurons): using Izh type IZH2007_HIPPO_PYRAMIDAL
[2026-06-26 05:39:50][INFO] SIM_BRIDGE: Applying parameter heterogeneity to neuron parameters...
[2026-06-26 05:39:50][INFO] SIM_BRIDGE: Applied heterogeneity to 4 parameters.
[2026-06-26 05:39:50][INFO] SIM_BRIDGE: Generating 3D neuron positions for 2560 neurons...
[2026-06-26 05:39:50][INFO] SIM_BRIDGE: Generating connections (brain-region framework)...
[2026-06-26 05:39:51][INFO] SIM_BRIDGE: inject_explicit_wiring: installed 491754 synapses across 4 populations.
[2026-06-26 05:39:51][INFO] SIM_BRIDGE: Initializing eligibility traces for 491754 synapses (capacity: 737631, dtype: float32)...
[2026-06-26 05:39:51][INFO] SIM_BRIDGE: Initializing STDP state for 2560 neurons...
[2026-06-26 05:39:51][INFO] SIM_BRIDGE: Simulation data initialized for 2560 neurons (3D). Synapses: 491754. GPU memory: 1.6GB/25.8GB (6.2%)
[2026-06-26 05:40:03][INFO] SIM_BRIDGE: CuPy using GPU: NVIDIA GeForce RTX 3090 (24.0 GB), mempool limit: 80%
[2026-06-26 05:40:03][INFO] SIM_BRIDGE: Initializing simulation data for model: IZHIKEVICH (3D)... (playback_init: False)
[2026-06-26 05:40:03][INFO] SIM_BRIDGE: RNG initialized with seed: 42
[2026-06-26 05:40:03][INFO] SIM_BRIDGE: Initializing Izhikevich model specifics for 126 neurons...
[2026-06-26 05:40:03][INFO] SIM_BRIDGE: Applying parameter heterogeneity to neuron parameters...
[2026-06-26 05:40:03][INFO] SIM_BRIDGE: Applied heterogeneity to 4 parameters.
[2026-06-26 05:40:03][INFO] SIM_BRIDGE: Initializing OU process state (tau=15.0ms, sigma=20.0pA)...
[2026-06-26 05:40:03][INFO] SIM_BRIDGE: Generating 3D neuron positions for 126 neurons...
[2026-06-26 05:40:03][INFO] SIM_BRIDGE: Generating connections (3D)...
[2026-06-26 05:40:03][INFO] SIM_BRIDGE: Simulation data initialized for 126 neurons (3D). Synapses: 0. GPU memory: 1.6GB/25.8GB (6.2%)
[2026-06-26 05:40:03][INFO] SIM_BRIDGE: inject_explicit_wiring: installed 720 synapses across 1 populations.
[2026-06-26 05:40:40][INFO] SIM_BRIDGE: CuPy using GPU: NVIDIA GeForce RTX 3090 (24.0 GB), mempool limit: 80%
[2026-06-26 05:40:40][INFO] SIM_BRIDGE: Initializing simulation data for model: IZHIKEVICH (3D)... (playback_init: False)
[2026-06-26 05:40:40][INFO] SIM_BRIDGE: RNG initialized with seed: 42
[2026-06-26 05:40:40][INFO] SIM_BRIDGE: Initializing Izhikevich model specifics for 224 neurons...
[2026-06-26 05:40:40][INFO] SIM_BRIDGE: Applying parameter heterogeneity to neuron parameters...
[2026-06-26 05:40:40][INFO] SIM_BRIDGE: Applied heterogeneity to 4 parameters.
[2026-06-26 05:40:40][INFO] SIM_BRIDGE: Initializing OU process state (tau=15.0ms, sigma=20.0pA)...
[2026-06-26 05:40:40][INFO] SIM_BRIDGE: Generating 3D neuron positions for 224 neurons...
[2026-06-26 05:40:40][INFO] SIM_BRIDGE: Generating connections (3D)...
[2026-06-26 05:40:40][INFO] SIM_BRIDGE: Simulation data initialized for 224 neurons (3D). Synapses: 0. GPU memory: 1.6GB/25.8GB (6.2%)
[2026-06-26 05:40:41][INFO] SIM_BRIDGE: inject_explicit_wiring: installed 4800 synapses across 1 populations.
[2026-06-26 05:41:35][INFO] SIM_BRIDGE: CuPy using GPU: NVIDIA GeForce RTX 3090 (24.0 GB), mempool limit: 80%
[2026-06-26 05:41:35][INFO] SIM_BRIDGE: Initializing simulation data for model: IZHIKEVICH (3D)... (playback_init: False)
[2026-06-26 05:41:35][INFO] SIM_BRIDGE: Brain-region framework: 2 regions, 2560 total neurons, 2 pathways.
[2026-06-26 05:41:35][INFO] SIM_BRIDGE: RNG initialized with seed: 42
[2026-06-26 05:41:35][INFO] SIM_BRIDGE: NMDA per-region mask: 2 regions enabled (2560 neurons)
[2026-06-26 05:41:35][INFO] SIM_BRIDGE: Initializing Izhikevich model specifics for 2560 neurons...
[2026-06-26 05:41:35][INFO] SIM_BRIDGE: Region 'cortex_ctx' (1280 neurons): using Izh type IZH2007_HIPPO_PYRAMIDAL
[2026-06-26 05:41:35][INFO] SIM_BRIDGE: Region 'dlpfc_wm' (1280 neurons): using Izh type IZH2007_HIPPO_PYRAMIDAL
[2026-06-26 05:41:35][INFO] SIM_BRIDGE: Applying parameter heterogeneity to neuron parameters...
[2026-06-26 05:41:35][INFO] SIM_BRIDGE: Applied heterogeneity to 4 parameters.
[2026-06-26 05:41:35][INFO] SIM_BRIDGE: Generating 3D neuron positions for 2560 neurons...
[2026-06-26 05:41:35][INFO] SIM_BRIDGE: Generating connections (brain-region framework)...
[2026-06-26 05:41:35][INFO] SIM_BRIDGE: inject_explicit_wiring: installed 491754 synapses across 4 populations.
[2026-06-26 05:41:35][INFO] SIM_BRIDGE: Initializing eligibility traces for 491754 synapses (capacity: 737631, dtype: float32)...
[2026-06-26 05:41:35][INFO] SIM_BRIDGE: Initializing STDP state for 2560 neurons...
[2026-06-26 05:41:35][INFO] SIM_BRIDGE: Simulation data initialized for 2560 neurons (3D). Synapses: 491754. GPU memory: 1.6GB/25.8GB (6.2%)
[2026-06-26 05:41:51][INFO] SIM_BRIDGE: CuPy using GPU: NVIDIA GeForce RTX 3090 (24.0 GB), mempool limit: 80%
[2026-06-26 05:41:51][INFO] SIM_BRIDGE: Initializing simulation data for model: IZHIKEVICH (3D)... (playback_init: False)
[2026-06-26 05:41:51][INFO] SIM_BRIDGE: RNG initialized with seed: 42
[2026-06-26 05:41:51][INFO] SIM_BRIDGE: Initializing Izhikevich model specifics for 126 neurons...
[2026-06-26 05:41:51][INFO] SIM_BRIDGE: Applying parameter heterogeneity to neuron parameters...
[2026-06-26 05:41:51][INFO] SIM_BRIDGE: Applied heterogeneity to 4 parameters.
[2026-06-26 05:41:51][INFO] SIM_BRIDGE: Initializing OU process state (tau=15.0ms, sigma=20.0pA)...
[2026-06-26 05:41:51][INFO] SIM_BRIDGE: Generating 3D neuron positions for 126 neurons...
[2026-06-26 05:41:51][INFO] SIM_BRIDGE: Generating connections (3D)...
[2026-06-26 05:41:51][INFO] SIM_BRIDGE: Simulation data initialized for 126 neurons (3D). Synapses: 0. GPU memory: 1.6GB/25.8GB (6.2%)
[2026-06-26 05:41:51][INFO] SIM_BRIDGE: inject_explicit_wiring: installed 720 synapses across 1 populations.
[2026-06-26 05:42:29][INFO] SIM_BRIDGE: CuPy using GPU: NVIDIA GeForce RTX 3090 (24.0 GB), mempool limit: 80%
[2026-06-26 05:42:29][INFO] SIM_BRIDGE: Initializing simulation data for model: IZHIKEVICH (3D)... (playback_init: False)
[2026-06-26 05:42:29][INFO] SIM_BRIDGE: RNG initialized with seed: 42
[2026-06-26 05:42:29][INFO] SIM_BRIDGE: Initializing Izhikevich model specifics for 224 neurons...
[2026-06-26 05:42:29][INFO] SIM_BRIDGE: Applying parameter heterogeneity to neuron parameters...
[2026-06-26 05:42:29][INFO] SIM_BRIDGE: Applied heterogeneity to 4 parameters.
[2026-06-26 05:42:29][INFO] SIM_BRIDGE: Initializing OU process state (tau=15.0ms, sigma=20.0pA)...
[2026-06-26 05:42:29][INFO] SIM_BRIDGE: Generating 3D neuron positions for 224 neurons...
[2026-06-26 05:42:29][INFO] SIM_BRIDGE: Generating connections (3D)...
[2026-06-26 05:42:29][INFO] SIM_BRIDGE: Simulation data initialized for 224 neurons (3D). Synapses: 0. GPU memory: 1.6GB/25.8GB (6.2%)
[2026-06-26 05:42:29][INFO] SIM_BRIDGE: inject_explicit_wiring: installed 4800 synapses across 1 populations.
[2026-06-26 05:43:23][INFO] SIM_BRIDGE: CuPy using GPU: NVIDIA GeForce RTX 3090 (24.0 GB), mempool limit: 80%
[2026-06-26 05:43:23][INFO] SIM_BRIDGE: Initializing simulation data for model: IZHIKEVICH (3D)... (playback_init: False)
[2026-06-26 05:43:23][INFO] SIM_BRIDGE: Brain-region framework: 2 regions, 2560 total neurons, 2 pathways.
[2026-06-26 05:43:23][INFO] SIM_BRIDGE: RNG initialized with seed: 42
[2026-06-26 05:43:23][INFO] SIM_BRIDGE: NMDA per-region mask: 2 regions enabled (2560 neurons)
[2026-06-26 05:43:23][INFO] SIM_BRIDGE: Initializing Izhikevich model specifics for 2560 neurons...
[2026-06-26 05:43:23][INFO] SIM_BRIDGE: Region 'cortex_ctx' (1280 neurons): using Izh type IZH2007_HIPPO_PYRAMIDAL
[2026-06-26 05:43:23][INFO] SIM_BRIDGE: Region 'dlpfc_wm' (1280 neurons): using Izh type IZH2007_HIPPO_PYRAMIDAL
[2026-06-26 05:43:23][INFO] SIM_BRIDGE: Applying parameter heterogeneity to neuron parameters...
[2026-06-26 05:43:23][INFO] SIM_BRIDGE: Applied heterogeneity to 4 parameters.
[2026-06-26 05:43:23][INFO] SIM_BRIDGE: Generating 3D neuron positions for 2560 neurons...
[2026-06-26 05:43:23][INFO] SIM_BRIDGE: Generating connections (brain-region framework)...
[2026-06-26 05:43:24][INFO] SIM_BRIDGE: inject_explicit_wiring: installed 491754 synapses across 4 populations.
[2026-06-26 05:43:24][INFO] SIM_BRIDGE: Initializing eligibility traces for 491754 synapses (capacity: 737631, dtype: float32)...
[2026-06-26 05:43:24][INFO] SIM_BRIDGE: Initializing STDP state for 2560 neurons...
[2026-06-26 05:43:24][INFO] SIM_BRIDGE: Simulation data initialized for 2560 neurons (3D). Synapses: 491754. GPU memory: 1.6GB/25.8GB (6.2%)
[2026-06-26 05:43:41][INFO] SIM_BRIDGE: CuPy using GPU: NVIDIA GeForce RTX 3090 (24.0 GB), mempool limit: 80%
[2026-06-26 05:43:41][INFO] SIM_BRIDGE: Initializing simulation data for model: IZHIKEVICH (3D)... (playback_init: False)
[2026-06-26 05:43:41][INFO] SIM_BRIDGE: RNG initialized with seed: 42
[2026-06-26 05:43:41][INFO] SIM_BRIDGE: Initializing Izhikevich model specifics for 126 neurons...
[2026-06-26 05:43:41][INFO] SIM_BRIDGE: Applying parameter heterogeneity to neuron parameters...
[2026-06-26 05:43:41][INFO] SIM_BRIDGE: Applied heterogeneity to 4 parameters.
[2026-06-26 05:43:41][INFO] SIM_BRIDGE: Initializing OU process state (tau=15.0ms, sigma=20.0pA)...
[2026-06-26 05:43:41][INFO] SIM_BRIDGE: Generating 3D neuron positions for 126 neurons...
[2026-06-26 05:43:41][INFO] SIM_BRIDGE: Generating connections (3D)...
[2026-06-26 05:43:41][INFO] SIM_BRIDGE: Simulation data initialized for 126 neurons (3D). Synapses: 0. GPU memory: 1.6GB/25.8GB (6.2%)
[2026-06-26 05:43:41][INFO] SIM_BRIDGE: inject_explicit_wiring: installed 720 synapses across 1 populations.
[2026-06-26 05:44:24][INFO] SIM_BRIDGE: CuPy using GPU: NVIDIA GeForce RTX 3090 (24.0 GB), mempool limit: 80%
[2026-06-26 05:44:24][INFO] SIM_BRIDGE: Initializing simulation data for model: IZHIKEVICH (3D)... (playback_init: False)
[2026-06-26 05:44:24][INFO] SIM_BRIDGE: RNG initialized with seed: 42
[2026-06-26 05:44:24][INFO] SIM_BRIDGE: Initializing Izhikevich model specifics for 224 neurons...
[2026-06-26 05:44:24][INFO] SIM_BRIDGE: Applying parameter heterogeneity to neuron parameters...
[2026-06-26 05:44:24][INFO] SIM_BRIDGE: Applied heterogeneity to 4 parameters.
[2026-06-26 05:44:24][INFO] SIM_BRIDGE: Initializing OU process state (tau=15.0ms, sigma=20.0pA)...
[2026-06-26 05:44:24][INFO] SIM_BRIDGE: Generating 3D neuron positions for 224 neurons...
[2026-06-26 05:44:24][INFO] SIM_BRIDGE: Generating connections (3D)...
[2026-06-26 05:44:24][INFO] SIM_BRIDGE: Simulation data initialized for 224 neurons (3D). Synapses: 0. GPU memory: 1.6GB/25.8GB (6.2%)
[2026-06-26 05:44:24][INFO] SIM_BRIDGE: inject_explicit_wiring: installed 4800 synapses across 1 populations.
[2026-06-26 05:45:19][INFO] SIM_BRIDGE: CuPy using GPU: NVIDIA GeForce RTX 3090 (24.0 GB), mempool limit: 80%
[2026-06-26 05:45:19][INFO] SIM_BRIDGE: Initializing simulation data for model: IZHIKEVICH (3D)... (playback_init: False)
[2026-06-26 05:45:19][INFO] SIM_BRIDGE: Brain-region framework: 2 regions, 2560 total neurons, 2 pathways.
[2026-06-26 05:45:19][INFO] SIM_BRIDGE: RNG initialized with seed: 42
[2026-06-26 05:45:19][INFO] SIM_BRIDGE: NMDA per-region mask: 2 regions enabled (2560 neurons)
[2026-06-26 05:45:19][INFO] SIM_BRIDGE: Initializing Izhikevich model specifics for 2560 neurons...
[2026-06-26 05:45:19][INFO] SIM_BRIDGE: Region 'cortex_ctx' (1280 neurons): using Izh type IZH2007_HIPPO_PYRAMIDAL
[2026-06-26 05:45:19][INFO] SIM_BRIDGE: Region 'dlpfc_wm' (1280 neurons): using Izh type IZH2007_HIPPO_PYRAMIDAL
[2026-06-26 05:45:19][INFO] SIM_BRIDGE: Applying parameter heterogeneity to neuron parameters...
[2026-06-26 05:45:19][INFO] SIM_BRIDGE: Applied heterogeneity to 4 parameters.
[2026-06-26 05:45:19][INFO] SIM_BRIDGE: Generating 3D neuron positions for 2560 neurons...
[2026-06-26 05:45:19][INFO] SIM_BRIDGE: Generating connections (brain-region framework)...
[2026-06-26 05:45:20][INFO] SIM_BRIDGE: inject_explicit_wiring: installed 491754 synapses across 4 populations.
[2026-06-26 05:45:20][INFO] SIM_BRIDGE: Initializing eligibility traces for 491754 synapses (capacity: 737631, dtype: float32)...
[2026-06-26 05:45:20][INFO] SIM_BRIDGE: Initializing STDP state for 2560 neurons...
[2026-06-26 05:45:20][INFO] SIM_BRIDGE: Simulation data initialized for 2560 neurons (3D). Synapses: 491754. GPU memory: 1.6GB/25.8GB (6.2%)
[2026-06-26 05:45:37][INFO] SIM_BRIDGE: CuPy using GPU: NVIDIA GeForce RTX 3090 (24.0 GB), mempool limit: 80%
[2026-06-26 05:45:37][INFO] SIM_BRIDGE: Initializing simulation data for model: IZHIKEVICH (3D)... (playback_init: False)
[2026-06-26 05:45:37][INFO] SIM_BRIDGE: RNG initialized with seed: 42
[2026-06-26 05:45:37][INFO] SIM_BRIDGE: Initializing Izhikevich model specifics for 126 neurons...
[2026-06-26 05:45:37][INFO] SIM_BRIDGE: Applying parameter heterogeneity to neuron parameters...
[2026-06-26 05:45:37][INFO] SIM_BRIDGE: Applied heterogeneity to 4 parameters.
[2026-06-26 05:45:37][INFO] SIM_BRIDGE: Initializing OU process state (tau=15.0ms, sigma=20.0pA)...
[2026-06-26 05:45:37][INFO] SIM_BRIDGE: Generating 3D neuron positions for 126 neurons...
[2026-06-26 05:45:37][INFO] SIM_BRIDGE: Generating connections (3D)...
[2026-06-26 05:45:37][INFO] SIM_BRIDGE: Simulation data initialized for 126 neurons (3D). Synapses: 0. GPU memory: 1.6GB/25.8GB (6.2%)
[2026-06-26 05:45:37][INFO] SIM_BRIDGE: inject_explicit_wiring: installed 720 synapses across 1 populations.
[2026-06-26 05:46:15][INFO] SIM_BRIDGE: CuPy using GPU: NVIDIA GeForce RTX 3090 (24.0 GB), mempool limit: 80%
[2026-06-26 05:46:15][INFO] SIM_BRIDGE: Initializing simulation data for model: IZHIKEVICH (3D)... (playback_init: False)
[2026-06-26 05:46:15][INFO] SIM_BRIDGE: RNG initialized with seed: 42
[2026-06-26 05:46:15][INFO] SIM_BRIDGE: Initializing Izhikevich model specifics for 224 neurons...
[2026-06-26 05:46:15][INFO] SIM_BRIDGE: Applying parameter heterogeneity to neuron parameters...
[2026-06-26 05:46:15][INFO] SIM_BRIDGE: Applied heterogeneity to 4 parameters.
[2026-06-26 05:46:15][INFO] SIM_BRIDGE: Initializing OU process state (tau=15.0ms, sigma=20.0pA)...
[2026-06-26 05:46:15][INFO] SIM_BRIDGE: Generating 3D neuron positions for 224 neurons...
[2026-06-26 05:46:15][INFO] SIM_BRIDGE: Generating connections (3D)...
[2026-06-26 05:46:15][INFO] SIM_BRIDGE: Simulation data initialized for 224 neurons (3D). Synapses: 0. GPU memory: 1.6GB/25.8GB (6.2%)
[2026-06-26 05:46:15][INFO] SIM_BRIDGE: inject_explicit_wiring: installed 4800 synapses across 1 populations.
[2026-06-26 05:47:09][INFO] SIM_BRIDGE: CuPy using GPU: NVIDIA GeForce RTX 3090 (24.0 GB), mempool limit: 80%
[2026-06-26 05:47:09][INFO] SIM_BRIDGE: Initializing simulation data for model: IZHIKEVICH (3D)... (playback_init: False)
[2026-06-26 05:47:09][INFO] SIM_BRIDGE: Brain-region framework: 2 regions, 2560 total neurons, 2 pathways.
[2026-06-26 05:47:09][INFO] SIM_BRIDGE: RNG initialized with seed: 42
[2026-06-26 05:47:09][INFO] SIM_BRIDGE: NMDA per-region mask: 2 regions enabled (2560 neurons)
[2026-06-26 05:47:09][INFO] SIM_BRIDGE: Initializing Izhikevich model specifics for 2560 neurons...
[2026-06-26 05:47:09][INFO] SIM_BRIDGE: Region 'cortex_ctx' (1280 neurons): using Izh type IZH2007_HIPPO_PYRAMIDAL
[2026-06-26 05:47:09][INFO] SIM_BRIDGE: Region 'dlpfc_wm' (1280 neurons): using Izh type IZH2007_HIPPO_PYRAMIDAL
[2026-06-26 05:47:09][INFO] SIM_BRIDGE: Applying parameter heterogeneity to neuron parameters...
[2026-06-26 05:47:09][INFO] SIM_BRIDGE: Applied heterogeneity to 4 parameters.
[2026-06-26 05:47:09][INFO] SIM_BRIDGE: Generating 3D neuron positions for 2560 neurons...
[2026-06-26 05:47:09][INFO] SIM_BRIDGE: Generating connections (brain-region framework)...
[2026-06-26 05:47:10][INFO] SIM_BRIDGE: inject_explicit_wiring: installed 491754 synapses across 4 populations.
[2026-06-26 05:47:10][INFO] SIM_BRIDGE: Initializing eligibility traces for 491754 synapses (capacity: 737631, dtype: float32)...
[2026-06-26 05:47:10][INFO] SIM_BRIDGE: Initializing STDP state for 2560 neurons...
[2026-06-26 05:47:10][INFO] SIM_BRIDGE: Simulation data initialized for 2560 neurons (3D). Synapses: 491754. GPU memory: 1.6GB/25.8GB (6.2%)
[2026-06-26 05:47:22][INFO] SIM_BRIDGE: CuPy using GPU: NVIDIA GeForce RTX 3090 (24.0 GB), mempool limit: 80%
[2026-06-26 05:47:22][INFO] SIM_BRIDGE: Initializing simulation data for model: IZHIKEVICH (3D)... (playback_init: False)
[2026-06-26 05:47:22][INFO] SIM_BRIDGE: RNG initialized with seed: 42
[2026-06-26 05:47:22][INFO] SIM_BRIDGE: Initializing Izhikevich model specifics for 126 neurons...
[2026-06-26 05:47:22][INFO] SIM_BRIDGE: Applying parameter heterogeneity to neuron parameters...
[2026-06-26 05:47:22][INFO] SIM_BRIDGE: Applied heterogeneity to 4 parameters.
[2026-06-26 05:47:22][INFO] SIM_BRIDGE: Initializing OU process state (tau=15.0ms, sigma=20.0pA)...
[2026-06-26 05:47:22][INFO] SIM_BRIDGE: Generating 3D neuron positions for 126 neurons...
[2026-06-26 05:47:22][INFO] SIM_BRIDGE: Generating connections (3D)...
[2026-06-26 05:47:22][INFO] SIM_BRIDGE: Simulation data initialized for 126 neurons (3D). Synapses: 0. GPU memory: 1.6GB/25.8GB (6.2%)
[2026-06-26 05:47:22][INFO] SIM_BRIDGE: inject_explicit_wiring: installed 720 synapses across 1 populations.
[2026-06-26 05:47:59][INFO] SIM_BRIDGE: CuPy using GPU: NVIDIA GeForce RTX 3090 (24.0 GB), mempool limit: 80%
[2026-06-26 05:47:59][INFO] SIM_BRIDGE: Initializing simulation data for model: IZHIKEVICH (3D)... (playback_init: False)
[2026-06-26 05:47:59][INFO] SIM_BRIDGE: RNG initialized with seed: 42
[2026-06-26 05:47:59][INFO] SIM_BRIDGE: Initializing Izhikevich model specifics for 224 neurons...
[2026-06-26 05:47:59][INFO] SIM_BRIDGE: Applying parameter heterogeneity to neuron parameters...
[2026-06-26 05:47:59][INFO] SIM_BRIDGE: Applied heterogeneity to 4 parameters.
[2026-06-26 05:47:59][INFO] SIM_BRIDGE: Initializing OU process state (tau=15.0ms, sigma=20.0pA)...
[2026-06-26 05:47:59][INFO] SIM_BRIDGE: Generating 3D neuron positions for 224 neurons...
[2026-06-26 05:47:59][INFO] SIM_BRIDGE: Generating connections (3D)...
[2026-06-26 05:47:59][INFO] SIM_BRIDGE: Simulation data initialized for 224 neurons (3D). Synapses: 0. GPU memory: 1.6GB/25.8GB (6.2%)
[2026-06-26 05:47:59][INFO] SIM_BRIDGE: inject_explicit_wiring: installed 4800 synapses across 1 populations.
[2026-06-26 05:48:53][INFO] SIM_BRIDGE: CuPy using GPU: NVIDIA GeForce RTX 3090 (24.0 GB), mempool limit: 80%
[2026-06-26 05:48:53][INFO] SIM_BRIDGE: Initializing simulation data for model: IZHIKEVICH (3D)... (playback_init: False)
[2026-06-26 05:48:53][INFO] SIM_BRIDGE: Brain-region framework: 2 regions, 2560 total neurons, 2 pathways.
[2026-06-26 05:48:53][INFO] SIM_BRIDGE: RNG initialized with seed: 42
[2026-06-26 05:48:53][INFO] SIM_BRIDGE: NMDA per-region mask: 2 regions enabled (2560 neurons)
[2026-06-26 05:48:53][INFO] SIM_BRIDGE: Initializing Izhikevich model specifics for 2560 neurons...
[2026-06-26 05:48:53][INFO] SIM_BRIDGE: Region 'cortex_ctx' (1280 neurons): using Izh type IZH2007_HIPPO_PYRAMIDAL
[2026-06-26 05:48:53][INFO] SIM_BRIDGE: Region 'dlpfc_wm' (1280 neurons): using Izh type IZH2007_HIPPO_PYRAMIDAL
[2026-06-26 05:48:53][INFO] SIM_BRIDGE: Applying parameter heterogeneity to neuron parameters...
[2026-06-26 05:48:53][INFO] SIM_BRIDGE: Applied heterogeneity to 4 parameters.
[2026-06-26 05:48:53][INFO] SIM_BRIDGE: Generating 3D neuron positions for 2560 neurons...
[2026-06-26 05:48:53][INFO] SIM_BRIDGE: Generating connections (brain-region framework)...
[2026-06-26 05:48:53][INFO] SIM_BRIDGE: inject_explicit_wiring: installed 491754 synapses across 4 populations.
[2026-06-26 05:48:53][INFO] SIM_BRIDGE: Initializing eligibility traces for 491754 synapses (capacity: 737631, dtype: float32)...
[2026-06-26 05:48:53][INFO] SIM_BRIDGE: Initializing STDP state for 2560 neurons...
[2026-06-26 05:48:53][INFO] SIM_BRIDGE: Simulation data initialized for 2560 neurons (3D). Synapses: 491754. GPU memory: 1.6GB/25.8GB (6.2%)
[2026-06-26 05:49:06][INFO] SIM_BRIDGE: CuPy using GPU: NVIDIA GeForce RTX 3090 (24.0 GB), mempool limit: 80%
[2026-06-26 05:49:06][INFO] SIM_BRIDGE: Initializing simulation data for model: IZHIKEVICH (3D)... (playback_init: False)
[2026-06-26 05:49:06][INFO] SIM_BRIDGE: RNG initialized with seed: 42
[2026-06-26 05:49:06][INFO] SIM_BRIDGE: Initializing Izhikevich model specifics for 126 neurons...
[2026-06-26 05:49:06][INFO] SIM_BRIDGE: Applying parameter heterogeneity to neuron parameters...
[2026-06-26 05:49:06][INFO] SIM_BRIDGE: Applied heterogeneity to 4 parameters.
[2026-06-26 05:49:06][INFO] SIM_BRIDGE: Initializing OU process state (tau=15.0ms, sigma=20.0pA)...
[2026-06-26 05:49:06][INFO] SIM_BRIDGE: Generating 3D neuron positions for 126 neurons...
[2026-06-26 05:49:06][INFO] SIM_BRIDGE: Generating connections (3D)...
[2026-06-26 05:49:06][INFO] SIM_BRIDGE: Simulation data initialized for 126 neurons (3D). Synapses: 0. GPU memory: 1.6GB/25.8GB (6.2%)
[2026-06-26 05:49:06][INFO] SIM_BRIDGE: inject_explicit_wiring: installed 720 synapses across 1 populations.
[2026-06-26 05:49:42][INFO] SIM_BRIDGE: CuPy using GPU: NVIDIA GeForce RTX 3090 (24.0 GB), mempool limit: 80%
[2026-06-26 05:49:42][INFO] SIM_BRIDGE: Initializing simulation data for model: IZHIKEVICH (3D)... (playback_init: False)
[2026-06-26 05:49:42][INFO] SIM_BRIDGE: RNG initialized with seed: 42
[2026-06-26 05:49:42][INFO] SIM_BRIDGE: Initializing Izhikevich model specifics for 224 neurons...
[2026-06-26 05:49:42][INFO] SIM_BRIDGE: Applying parameter heterogeneity to neuron parameters...
[2026-06-26 05:49:42][INFO] SIM_BRIDGE: Applied heterogeneity to 4 parameters.
[2026-06-26 05:49:42][INFO] SIM_BRIDGE: Initializing OU process state (tau=15.0ms, sigma=20.0pA)...
[2026-06-26 05:49:42][INFO] SIM_BRIDGE: Generating 3D neuron positions for 224 neurons...
[2026-06-26 05:49:42][INFO] SIM_BRIDGE: Generating connections (3D)...
[2026-06-26 05:49:42][INFO] SIM_BRIDGE: Simulation data initialized for 224 neurons (3D). Synapses: 0. GPU memory: 1.6GB/25.8GB (6.2%)
[2026-06-26 05:49:42][INFO] SIM_BRIDGE: inject_explicit_wiring: installed 4800 synapses across 1 populations.
[2026-06-26 05:50:37][INFO] SIM_BRIDGE: CuPy using GPU: NVIDIA GeForce RTX 3090 (24.0 GB), mempool limit: 80%
[2026-06-26 05:50:37][INFO] SIM_BRIDGE: Initializing simulation data for model: IZHIKEVICH (3D)... (playback_init: False)
[2026-06-26 05:50:37][INFO] SIM_BRIDGE: Brain-region framework: 2 regions, 2560 total neurons, 2 pathways.
[2026-06-26 05:50:37][INFO] SIM_BRIDGE: RNG initialized with seed: 42
[2026-06-26 05:50:37][INFO] SIM_BRIDGE: NMDA per-region mask: 2 regions enabled (2560 neurons)
[2026-06-26 05:50:37][INFO] SIM_BRIDGE: Initializing Izhikevich model specifics for 2560 neurons...
[2026-06-26 05:50:37][INFO] SIM_BRIDGE: Region 'cortex_ctx' (1280 neurons): using Izh type IZH2007_HIPPO_PYRAMIDAL
[2026-06-26 05:50:37][INFO] SIM_BRIDGE: Region 'dlpfc_wm' (1280 neurons): using Izh type IZH2007_HIPPO_PYRAMIDAL
[2026-06-26 05:50:37][INFO] SIM_BRIDGE: Applying parameter heterogeneity to neuron parameters...
[2026-06-26 05:50:37][INFO] SIM_BRIDGE: Applied heterogeneity to 4 parameters.
[2026-06-26 05:50:37][INFO] SIM_BRIDGE: Generating 3D neuron positions for 2560 neurons...
[2026-06-26 05:50:37][INFO] SIM_BRIDGE: Generating connections (brain-region framework)...
[2026-06-26 05:50:37][INFO] SIM_BRIDGE: inject_explicit_wiring: installed 491754 synapses across 4 populations.
[2026-06-26 05:50:37][INFO] SIM_BRIDGE: Initializing eligibility traces for 491754 synapses (capacity: 737631, dtype: float32)...
[2026-06-26 05:50:37][INFO] SIM_BRIDGE: Initializing STDP state for 2560 neurons...
[2026-06-26 05:50:37][INFO] SIM_BRIDGE: Simulation data initialized for 2560 neurons (3D). Synapses: 491754. GPU memory: 1.6GB/25.8GB (6.2%)
[2026-06-26 05:50:55][INFO] SIM_BRIDGE: CuPy using GPU: NVIDIA GeForce RTX 3090 (24.0 GB), mempool limit: 80%
[2026-06-26 05:50:55][INFO] SIM_BRIDGE: Initializing simulation data for model: IZHIKEVICH (3D)... (playback_init: False)
[2026-06-26 05:50:55][INFO] SIM_BRIDGE: RNG initialized with seed: 42
[2026-06-26 05:50:55][INFO] SIM_BRIDGE: Initializing Izhikevich model specifics for 126 neurons...
[2026-06-26 05:50:55][INFO] SIM_BRIDGE: Applying parameter heterogeneity to neuron parameters...
[2026-06-26 05:50:55][INFO] SIM_BRIDGE: Applied heterogeneity to 4 parameters.
[2026-06-26 05:50:55][INFO] SIM_BRIDGE: Initializing OU process state (tau=15.0ms, sigma=20.0pA)...
[2026-06-26 05:50:55][INFO] SIM_BRIDGE: Generating 3D neuron positions for 126 neurons...
[2026-06-26 05:50:55][INFO] SIM_BRIDGE: Generating connections (3D)...
[2026-06-26 05:50:55][INFO] SIM_BRIDGE: Simulation data initialized for 126 neurons (3D). Synapses: 0. GPU memory: 1.6GB/25.8GB (6.2%)
[2026-06-26 05:50:55][INFO] SIM_BRIDGE: inject_explicit_wiring: installed 720 synapses across 1 populations.
[2026-06-26 05:51:32][INFO] SIM_BRIDGE: CuPy using GPU: NVIDIA GeForce RTX 3090 (24.0 GB), mempool limit: 80%
[2026-06-26 05:51:32][INFO] SIM_BRIDGE: Initializing simulation data for model: IZHIKEVICH (3D)... (playback_init: False)
[2026-06-26 05:51:32][INFO] SIM_BRIDGE: RNG initialized with seed: 42
[2026-06-26 05:51:32][INFO] SIM_BRIDGE: Initializing Izhikevich model specifics for 224 neurons...
[2026-06-26 05:51:32][INFO] SIM_BRIDGE: Applying parameter heterogeneity to neuron parameters...
[2026-06-26 05:51:32][INFO] SIM_BRIDGE: Applied heterogeneity to 4 parameters.
[2026-06-26 05:51:32][INFO] SIM_BRIDGE: Initializing OU process state (tau=15.0ms, sigma=20.0pA)...
[2026-06-26 05:51:32][INFO] SIM_BRIDGE: Generating 3D neuron positions for 224 neurons...
[2026-06-26 05:51:32][INFO] SIM_BRIDGE: Generating connections (3D)...
[2026-06-26 05:51:32][INFO] SIM_BRIDGE: Simulation data initialized for 224 neurons (3D). Synapses: 0. GPU memory: 1.6GB/25.8GB (6.2%)
[2026-06-26 05:51:32][INFO] SIM_BRIDGE: inject_explicit_wiring: installed 4800 synapses across 1 populations.
[2026-06-26 05:52:26][INFO] SIM_BRIDGE: CuPy using GPU: NVIDIA GeForce RTX 3090 (24.0 GB), mempool limit: 80%
[2026-06-26 05:52:26][INFO] SIM_BRIDGE: Initializing simulation data for model: IZHIKEVICH (3D)... (playback_init: False)
[2026-06-26 05:52:26][INFO] SIM_BRIDGE: Brain-region framework: 2 regions, 2560 total neurons, 2 pathways.
[2026-06-26 05:52:26][INFO] SIM_BRIDGE: RNG initialized with seed: 42
[2026-06-26 05:52:26][INFO] SIM_BRIDGE: NMDA per-region mask: 2 regions enabled (2560 neurons)
[2026-06-26 05:52:26][INFO] SIM_BRIDGE: Initializing Izhikevich model specifics for 2560 neurons...
[2026-06-26 05:52:26][INFO] SIM_BRIDGE: Region 'cortex_ctx' (1280 neurons): using Izh type IZH2007_HIPPO_PYRAMIDAL
[2026-06-26 05:52:26][INFO] SIM_BRIDGE: Region 'dlpfc_wm' (1280 neurons): using Izh type IZH2007_HIPPO_PYRAMIDAL
[2026-06-26 05:52:26][INFO] SIM_BRIDGE: Applying parameter heterogeneity to neuron parameters...
[2026-06-26 05:52:26][INFO] SIM_BRIDGE: Applied heterogeneity to 4 parameters.
[2026-06-26 05:52:26][INFO] SIM_BRIDGE: Generating 3D neuron positions for 2560 neurons...
[2026-06-26 05:52:26][INFO] SIM_BRIDGE: Generating connections (brain-region framework)...
[2026-06-26 05:52:27][INFO] SIM_BRIDGE: inject_explicit_wiring: installed 491754 synapses across 4 populations.
[2026-06-26 05:52:27][INFO] SIM_BRIDGE: Initializing eligibility traces for 491754 synapses (capacity: 737631, dtype: float32)...
[2026-06-26 05:52:27][INFO] SIM_BRIDGE: Initializing STDP state for 2560 neurons...
[2026-06-26 05:52:27][INFO] SIM_BRIDGE: Simulation data initialized for 2560 neurons (3D). Synapses: 491754. GPU memory: 1.6GB/25.8GB (6.2%)
[2026-06-26 05:52:40][INFO] SIM_BRIDGE: CuPy using GPU: NVIDIA GeForce RTX 3090 (24.0 GB), mempool limit: 80%
[2026-06-26 05:52:40][INFO] SIM_BRIDGE: Initializing simulation data for model: IZHIKEVICH (3D)... (playback_init: False)
[2026-06-26 05:52:40][INFO] SIM_BRIDGE: RNG initialized with seed: 42
[2026-06-26 05:52:40][INFO] SIM_BRIDGE: Initializing Izhikevich model specifics for 126 neurons...
[2026-06-26 05:52:40][INFO] SIM_BRIDGE: Applying parameter heterogeneity to neuron parameters...
[2026-06-26 05:52:40][INFO] SIM_BRIDGE: Applied heterogeneity to 4 parameters.
[2026-06-26 05:52:40][INFO] SIM_BRIDGE: Initializing OU process state (tau=15.0ms, sigma=20.0pA)...
[2026-06-26 05:52:40][INFO] SIM_BRIDGE: Generating 3D neuron positions for 126 neurons...
[2026-06-26 05:52:40][INFO] SIM_BRIDGE: Generating connections (3D)...
[2026-06-26 05:52:40][INFO] SIM_BRIDGE: Simulation data initialized for 126 neurons (3D). Synapses: 0. GPU memory: 1.6GB/25.8GB (6.2%)
[2026-06-26 05:52:40][INFO] SIM_BRIDGE: inject_explicit_wiring: installed 720 synapses across 1 populations.
[2026-06-26 05:53:16][INFO] SIM_BRIDGE: CuPy using GPU: NVIDIA GeForce RTX 3090 (24.0 GB), mempool limit: 80%
[2026-06-26 05:53:16][INFO] SIM_BRIDGE: Initializing simulation data for model: IZHIKEVICH (3D)... (playback_init: False)
[2026-06-26 05:53:16][INFO] SIM_BRIDGE: RNG initialized with seed: 42
[2026-06-26 05:53:16][INFO] SIM_BRIDGE: Initializing Izhikevich model specifics for 224 neurons...
[2026-06-26 05:53:16][INFO] SIM_BRIDGE: Applying parameter heterogeneity to neuron parameters...
[2026-06-26 05:53:16][INFO] SIM_BRIDGE: Applied heterogeneity to 4 parameters.
[2026-06-26 05:53:16][INFO] SIM_BRIDGE: Initializing OU process state (tau=15.0ms, sigma=20.0pA)...
[2026-06-26 05:53:16][INFO] SIM_BRIDGE: Generating 3D neuron positions for 224 neurons...
[2026-06-26 05:53:16][INFO] SIM_BRIDGE: Generating connections (3D)...
[2026-06-26 05:53:16][INFO] SIM_BRIDGE: Simulation data initialized for 224 neurons (3D). Synapses: 0. GPU memory: 1.6GB/25.8GB (6.2%)
[2026-06-26 05:53:16][INFO] SIM_BRIDGE: inject_explicit_wiring: installed 4800 synapses across 1 populations.
[2026-06-26 05:54:10][INFO] SIM_BRIDGE: CuPy using GPU: NVIDIA GeForce RTX 3090 (24.0 GB), mempool limit: 80%
[2026-06-26 05:54:10][INFO] SIM_BRIDGE: Initializing simulation data for model: IZHIKEVICH (3D)... (playback_init: False)
[2026-06-26 05:54:10][INFO] SIM_BRIDGE: Brain-region framework: 2 regions, 2560 total neurons, 2 pathways.
[2026-06-26 05:54:10][INFO] SIM_BRIDGE: RNG initialized with seed: 42
[2026-06-26 05:54:10][INFO] SIM_BRIDGE: NMDA per-region mask: 2 regions enabled (2560 neurons)
[2026-06-26 05:54:10][INFO] SIM_BRIDGE: Initializing Izhikevich model specifics for 2560 neurons...
[2026-06-26 05:54:10][INFO] SIM_BRIDGE: Region 'cortex_ctx' (1280 neurons): using Izh type IZH2007_HIPPO_PYRAMIDAL
[2026-06-26 05:54:10][INFO] SIM_BRIDGE: Region 'dlpfc_wm' (1280 neurons): using Izh type IZH2007_HIPPO_PYRAMIDAL
[2026-06-26 05:54:10][INFO] SIM_BRIDGE: Applying parameter heterogeneity to neuron parameters...
[2026-06-26 05:54:10][INFO] SIM_BRIDGE: Applied heterogeneity to 4 parameters.
[2026-06-26 05:54:10][INFO] SIM_BRIDGE: Generating 3D neuron positions for 2560 neurons...
[2026-06-26 05:54:10][INFO] SIM_BRIDGE: Generating connections (brain-region framework)...
[2026-06-26 05:54:11][INFO] SIM_BRIDGE: inject_explicit_wiring: installed 491754 synapses across 4 populations.
[2026-06-26 05:54:11][INFO] SIM_BRIDGE: Initializing eligibility traces for 491754 synapses (capacity: 737631, dtype: float32)...
[2026-06-26 05:54:11][INFO] SIM_BRIDGE: Initializing STDP state for 2560 neurons...
[2026-06-26 05:54:11][INFO] SIM_BRIDGE: Simulation data initialized for 2560 neurons (3D). Synapses: 491754. GPU memory: 1.6GB/25.8GB (6.2%)
[2026-06-26 05:54:23][INFO] SIM_BRIDGE: CuPy using GPU: NVIDIA GeForce RTX 3090 (24.0 GB), mempool limit: 80%
[2026-06-26 05:54:23][INFO] SIM_BRIDGE: Initializing simulation data for model: IZHIKEVICH (3D)... (playback_init: False)
[2026-06-26 05:54:23][INFO] SIM_BRIDGE: RNG initialized with seed: 42
[2026-06-26 05:54:23][INFO] SIM_BRIDGE: Initializing Izhikevich model specifics for 126 neurons...
[2026-06-26 05:54:23][INFO] SIM_BRIDGE: Applying parameter heterogeneity to neuron parameters...
[2026-06-26 05:54:23][INFO] SIM_BRIDGE: Applied heterogeneity to 4 parameters.
[2026-06-26 05:54:23][INFO] SIM_BRIDGE: Initializing OU process state (tau=15.0ms, sigma=20.0pA)...
[2026-06-26 05:54:23][INFO] SIM_BRIDGE: Generating 3D neuron positions for 126 neurons...
[2026-06-26 05:54:23][INFO] SIM_BRIDGE: Generating connections (3D)...
[2026-06-26 05:54:23][INFO] SIM_BRIDGE: Simulation data initialized for 126 neurons (3D). Synapses: 0. GPU memory: 1.6GB/25.8GB (6.2%)
[2026-06-26 05:54:23][INFO] SIM_BRIDGE: inject_explicit_wiring: installed 720 synapses across 1 populations.
[2026-06-26 05:55:00][INFO] SIM_BRIDGE: CuPy using GPU: NVIDIA GeForce RTX 3090 (24.0 GB), mempool limit: 80%
[2026-06-26 05:55:00][INFO] SIM_BRIDGE: Initializing simulation data for model: IZHIKEVICH (3D)... (playback_init: False)
[2026-06-26 05:55:00][INFO] SIM_BRIDGE: RNG initialized with seed: 42
[2026-06-26 05:55:00][INFO] SIM_BRIDGE: Initializing Izhikevich model specifics for 224 neurons...
[2026-06-26 05:55:00][INFO] SIM_BRIDGE: Applying parameter heterogeneity to neuron parameters...
[2026-06-26 05:55:00][INFO] SIM_BRIDGE: Applied heterogeneity to 4 parameters.
[2026-06-26 05:55:00][INFO] SIM_BRIDGE: Initializing OU process state (tau=15.0ms, sigma=20.0pA)...
[2026-06-26 05:55:00][INFO] SIM_BRIDGE: Generating 3D neuron positions for 224 neurons...
[2026-06-26 05:55:00][INFO] SIM_BRIDGE: Generating connections (3D)...
[2026-06-26 05:55:00][INFO] SIM_BRIDGE: Simulation data initialized for 224 neurons (3D). Synapses: 0. GPU memory: 1.6GB/25.8GB (6.2%)
[2026-06-26 05:55:00][INFO] SIM_BRIDGE: inject_explicit_wiring: installed 4800 synapses across 1 populations.
[2026-06-26 05:55:55][INFO] SIM_BRIDGE: CuPy using GPU: NVIDIA GeForce RTX 3090 (24.0 GB), mempool limit: 80%
[2026-06-26 05:55:55][INFO] SIM_BRIDGE: Initializing simulation data for model: IZHIKEVICH (3D)... (playback_init: False)
[2026-06-26 05:55:55][INFO] SIM_BRIDGE: Brain-region framework: 2 regions, 2560 total neurons, 2 pathways.
[2026-06-26 05:55:55][INFO] SIM_BRIDGE: RNG initialized with seed: 42
[2026-06-26 05:55:55][INFO] SIM_BRIDGE: NMDA per-region mask: 2 regions enabled (2560 neurons)
[2026-06-26 05:55:55][INFO] SIM_BRIDGE: Initializing Izhikevich model specifics for 2560 neurons...
[2026-06-26 05:55:55][INFO] SIM_BRIDGE: Region 'cortex_ctx' (1280 neurons): using Izh type IZH2007_HIPPO_PYRAMIDAL
[2026-06-26 05:55:55][INFO] SIM_BRIDGE: Region 'dlpfc_wm' (1280 neurons): using Izh type IZH2007_HIPPO_PYRAMIDAL
[2026-06-26 05:55:55][INFO] SIM_BRIDGE: Applying parameter heterogeneity to neuron parameters...
[2026-06-26 05:55:55][INFO] SIM_BRIDGE: Applied heterogeneity to 4 parameters.
[2026-06-26 05:55:55][INFO] SIM_BRIDGE: Generating 3D neuron positions for 2560 neurons...
[2026-06-26 05:55:55][INFO] SIM_BRIDGE: Generating connections (brain-region framework)...
[2026-06-26 05:55:56][INFO] SIM_BRIDGE: inject_explicit_wiring: installed 491754 synapses across 4 populations.
[2026-06-26 05:55:56][INFO] SIM_BRIDGE: Initializing eligibility traces for 491754 synapses (capacity: 737631, dtype: float32)...
[2026-06-26 05:55:56][INFO] SIM_BRIDGE: Initializing STDP state for 2560 neurons...
[2026-06-26 05:55:56][INFO] SIM_BRIDGE: Simulation data initialized for 2560 neurons (3D). Synapses: 491754. GPU memory: 1.6GB/25.8GB (6.2%)
[2026-06-26 05:56:10][INFO] SIM_BRIDGE: CuPy using GPU: NVIDIA GeForce RTX 3090 (24.0 GB), mempool limit: 80%
[2026-06-26 05:56:10][INFO] SIM_BRIDGE: Initializing simulation data for model: IZHIKEVICH (3D)... (playback_init: False)
[2026-06-26 05:56:10][INFO] SIM_BRIDGE: RNG initialized with seed: 42
[2026-06-26 05:56:10][INFO] SIM_BRIDGE: Initializing Izhikevich model specifics for 126 neurons...
[2026-06-26 05:56:10][INFO] SIM_BRIDGE: Applying parameter heterogeneity to neuron parameters...
[2026-06-26 05:56:10][INFO] SIM_BRIDGE: Applied heterogeneity to 4 parameters.
[2026-06-26 05:56:10][INFO] SIM_BRIDGE: Initializing OU process state (tau=15.0ms, sigma=20.0pA)...
[2026-06-26 05:56:10][INFO] SIM_BRIDGE: Generating 3D neuron positions for 126 neurons...
[2026-06-26 05:56:10][INFO] SIM_BRIDGE: Generating connections (3D)...
[2026-06-26 05:56:10][INFO] SIM_BRIDGE: Simulation data initialized for 126 neurons (3D). Synapses: 0. GPU memory: 1.6GB/25.8GB (6.2%)
[2026-06-26 05:56:10][INFO] SIM_BRIDGE: inject_explicit_wiring: installed 720 synapses across 1 populations.
[2026-06-26 05:56:48][INFO] SIM_BRIDGE: CuPy using GPU: NVIDIA GeForce RTX 3090 (24.0 GB), mempool limit: 80%
[2026-06-26 05:56:48][INFO] SIM_BRIDGE: Initializing simulation data for model: IZHIKEVICH (3D)... (playback_init: False)
[2026-06-26 05:56:48][INFO] SIM_BRIDGE: RNG initialized with seed: 42
[2026-06-26 05:56:48][INFO] SIM_BRIDGE: Initializing Izhikevich model specifics for 224 neurons...
[2026-06-26 05:56:48][INFO] SIM_BRIDGE: Applying parameter heterogeneity to neuron parameters...
[2026-06-26 05:56:48][INFO] SIM_BRIDGE: Applied heterogeneity to 4 parameters.
[2026-06-26 05:56:48][INFO] SIM_BRIDGE: Initializing OU process state (tau=15.0ms, sigma=20.0pA)...
[2026-06-26 05:56:48][INFO] SIM_BRIDGE: Generating 3D neuron positions for 224 neurons...
[2026-06-26 05:56:48][INFO] SIM_BRIDGE: Generating connections (3D)...
[2026-06-26 05:56:48][INFO] SIM_BRIDGE: Simulation data initialized for 224 neurons (3D). Synapses: 0. GPU memory: 1.6GB/25.8GB (6.2%)
[2026-06-26 05:56:48][INFO] SIM_BRIDGE: inject_explicit_wiring: installed 4800 synapses across 1 populations.
[2026-06-26 05:57:43][INFO] SIM_BRIDGE: CuPy using GPU: NVIDIA GeForce RTX 3090 (24.0 GB), mempool limit: 80%
[2026-06-26 05:57:43][INFO] SIM_BRIDGE: Initializing simulation data for model: IZHIKEVICH (3D)... (playback_init: False)
[2026-06-26 05:57:43][INFO] SIM_BRIDGE: Brain-region framework: 2 regions, 2560 total neurons, 2 pathways.
[2026-06-26 05:57:43][INFO] SIM_BRIDGE: RNG initialized with seed: 42
[2026-06-26 05:57:43][INFO] SIM_BRIDGE: NMDA per-region mask: 2 regions enabled (2560 neurons)
[2026-06-26 05:57:43][INFO] SIM_BRIDGE: Initializing Izhikevich model specifics for 2560 neurons...
[2026-06-26 05:57:43][INFO] SIM_BRIDGE: Region 'cortex_ctx' (1280 neurons): using Izh type IZH2007_HIPPO_PYRAMIDAL
[2026-06-26 05:57:43][INFO] SIM_BRIDGE: Region 'dlpfc_wm' (1280 neurons): using Izh type IZH2007_HIPPO_PYRAMIDAL
[2026-06-26 05:57:43][INFO] SIM_BRIDGE: Applying parameter heterogeneity to neuron parameters...
[2026-06-26 05:57:43][INFO] SIM_BRIDGE: Applied heterogeneity to 4 parameters.
[2026-06-26 05:57:43][INFO] SIM_BRIDGE: Generating 3D neuron positions for 2560 neurons...
[2026-06-26 05:57:43][INFO] SIM_BRIDGE: Generating connections (brain-region framework)...
[2026-06-26 05:57:44][INFO] SIM_BRIDGE: inject_explicit_wiring: installed 491754 synapses across 4 populations.
[2026-06-26 05:57:44][INFO] SIM_BRIDGE: Initializing eligibility traces for 491754 synapses (capacity: 737631, dtype: float32)...
[2026-06-26 05:57:44][INFO] SIM_BRIDGE: Initializing STDP state for 2560 neurons...
[2026-06-26 05:57:44][INFO] SIM_BRIDGE: Simulation data initialized for 2560 neurons (3D). Synapses: 491754. GPU memory: 1.6GB/25.8GB (6.2%)
[2026-06-26 05:57:56][INFO] SIM_BRIDGE: CuPy using GPU: NVIDIA GeForce RTX 3090 (24.0 GB), mempool limit: 80%
[2026-06-26 05:57:56][INFO] SIM_BRIDGE: Initializing simulation data for model: IZHIKEVICH (3D)... (playback_init: False)
[2026-06-26 05:57:56][INFO] SIM_BRIDGE: RNG initialized with seed: 42
[2026-06-26 05:57:56][INFO] SIM_BRIDGE: Initializing Izhikevich model specifics for 126 neurons...
[2026-06-26 05:57:56][INFO] SIM_BRIDGE: Applying parameter heterogeneity to neuron parameters...
[2026-06-26 05:57:56][INFO] SIM_BRIDGE: Applied heterogeneity to 4 parameters.
[2026-06-26 05:57:56][INFO] SIM_BRIDGE: Initializing OU process state (tau=15.0ms, sigma=20.0pA)...
[2026-06-26 05:57:56][INFO] SIM_BRIDGE: Generating 3D neuron positions for 126 neurons...
[2026-06-26 05:57:56][INFO] SIM_BRIDGE: Generating connections (3D)...
[2026-06-26 05:57:56][INFO] SIM_BRIDGE: Simulation data initialized for 126 neurons (3D). Synapses: 0. GPU memory: 1.6GB/25.8GB (6.2%)
[2026-06-26 05:57:56][INFO] SIM_BRIDGE: inject_explicit_wiring: installed 720 synapses across 1 populations.
[2026-06-26 05:58:33][INFO] SIM_BRIDGE: CuPy using GPU: NVIDIA GeForce RTX 3090 (24.0 GB), mempool limit: 80%
[2026-06-26 05:58:33][INFO] SIM_BRIDGE: Initializing simulation data for model: IZHIKEVICH (3D)... (playback_init: False)
[2026-06-26 05:58:33][INFO] SIM_BRIDGE: RNG initialized with seed: 42
[2026-06-26 05:58:33][INFO] SIM_BRIDGE: Initializing Izhikevich model specifics for 224 neurons...
[2026-06-26 05:58:33][INFO] SIM_BRIDGE: Applying parameter heterogeneity to neuron parameters...
[2026-06-26 05:58:33][INFO] SIM_BRIDGE: Applied heterogeneity to 4 parameters.
[2026-06-26 05:58:33][INFO] SIM_BRIDGE: Initializing OU process state (tau=15.0ms, sigma=20.0pA)...
[2026-06-26 05:58:33][INFO] SIM_BRIDGE: Generating 3D neuron positions for 224 neurons...
[2026-06-26 05:58:33][INFO] SIM_BRIDGE: Generating connections (3D)...
[2026-06-26 05:58:33][INFO] SIM_BRIDGE: Simulation data initialized for 224 neurons (3D). Synapses: 0. GPU memory: 1.6GB/25.8GB (6.2%)
[2026-06-26 05:58:33][INFO] SIM_BRIDGE: inject_explicit_wiring: installed 4800 synapses across 1 populations.
[2026-06-26 05:59:28][INFO] SIM_BRIDGE: CuPy using GPU: NVIDIA GeForce RTX 3090 (24.0 GB), mempool limit: 80%
[2026-06-26 05:59:28][INFO] SIM_BRIDGE: Initializing simulation data for model: IZHIKEVICH (3D)... (playback_init: False)
[2026-06-26 05:59:28][INFO] SIM_BRIDGE: Brain-region framework: 2 regions, 2560 total neurons, 2 pathways.
[2026-06-26 05:59:28][INFO] SIM_BRIDGE: RNG initialized with seed: 42
[2026-06-26 05:59:28][INFO] SIM_BRIDGE: NMDA per-region mask: 2 regions enabled (2560 neurons)
[2026-06-26 05:59:28][INFO] SIM_BRIDGE: Initializing Izhikevich model specifics for 2560 neurons...
[2026-06-26 05:59:28][INFO] SIM_BRIDGE: Region 'cortex_ctx' (1280 neurons): using Izh type IZH2007_HIPPO_PYRAMIDAL
[2026-06-26 05:59:28][INFO] SIM_BRIDGE: Region 'dlpfc_wm' (1280 neurons): using Izh type IZH2007_HIPPO_PYRAMIDAL
[2026-06-26 05:59:28][INFO] SIM_BRIDGE: Applying parameter heterogeneity to neuron parameters...
[2026-06-26 05:59:28][INFO] SIM_BRIDGE: Applied heterogeneity to 4 parameters.
[2026-06-26 05:59:28][INFO] SIM_BRIDGE: Generating 3D neuron positions for 2560 neurons...
[2026-06-26 05:59:28][INFO] SIM_BRIDGE: Generating connections (brain-region framework)...
[2026-06-26 05:59:29][INFO] SIM_BRIDGE: inject_explicit_wiring: installed 491754 synapses across 4 populations.
[2026-06-26 05:59:29][INFO] SIM_BRIDGE: Initializing eligibility traces for 491754 synapses (capacity: 737631, dtype: float32)...
[2026-06-26 05:59:29][INFO] SIM_BRIDGE: Initializing STDP state for 2560 neurons...
[2026-06-26 05:59:29][INFO] SIM_BRIDGE: Simulation data initialized for 2560 neurons (3D). Synapses: 491754. GPU memory: 1.6GB/25.8GB (6.2%)
[2026-06-26 05:59:41][INFO] SIM_BRIDGE: CuPy using GPU: NVIDIA GeForce RTX 3090 (24.0 GB), mempool limit: 80%
[2026-06-26 05:59:41][INFO] SIM_BRIDGE: Initializing simulation data for model: IZHIKEVICH (3D)... (playback_init: False)
[2026-06-26 05:59:41][INFO] SIM_BRIDGE: RNG initialized with seed: 42
[2026-06-26 05:59:41][INFO] SIM_BRIDGE: Initializing Izhikevich model specifics for 126 neurons...
[2026-06-26 05:59:41][INFO] SIM_BRIDGE: Applying parameter heterogeneity to neuron parameters...
[2026-06-26 05:59:41][INFO] SIM_BRIDGE: Applied heterogeneity to 4 parameters.
[2026-06-26 05:59:41][INFO] SIM_BRIDGE: Initializing OU process state (tau=15.0ms, sigma=20.0pA)...
[2026-06-26 05:59:41][INFO] SIM_BRIDGE: Generating 3D neuron positions for 126 neurons...
[2026-06-26 05:59:41][INFO] SIM_BRIDGE: Generating connections (3D)...
[2026-06-26 05:59:41][INFO] SIM_BRIDGE: Simulation data initialized for 126 neurons (3D). Synapses: 0. GPU memory: 1.6GB/25.8GB (6.2%)
[2026-06-26 05:59:41][INFO] SIM_BRIDGE: inject_explicit_wiring: installed 720 synapses across 1 populations.
[2026-06-26 06:00:18][INFO] SIM_BRIDGE: CuPy using GPU: NVIDIA GeForce RTX 3090 (24.0 GB), mempool limit: 80%
[2026-06-26 06:00:18][INFO] SIM_BRIDGE: Initializing simulation data for model: IZHIKEVICH (3D)... (playback_init: False)
[2026-06-26 06:00:18][INFO] SIM_BRIDGE: RNG initialized with seed: 42
[2026-06-26 06:00:18][INFO] SIM_BRIDGE: Initializing Izhikevich model specifics for 224 neurons...
[2026-06-26 06:00:18][INFO] SIM_BRIDGE: Applying parameter heterogeneity to neuron parameters...
[2026-06-26 06:00:18][INFO] SIM_BRIDGE: Applied heterogeneity to 4 parameters.
[2026-06-26 06:00:18][INFO] SIM_BRIDGE: Initializing OU process state (tau=15.0ms, sigma=20.0pA)...
[2026-06-26 06:00:18][INFO] SIM_BRIDGE: Generating 3D neuron positions for 224 neurons...
[2026-06-26 06:00:18][INFO] SIM_BRIDGE: Generating connections (3D)...
[2026-06-26 06:00:18][INFO] SIM_BRIDGE: Simulation data initialized for 224 neurons (3D). Synapses: 0. GPU memory: 1.6GB/25.8GB (6.2%)
[2026-06-26 06:00:18][INFO] SIM_BRIDGE: inject_explicit_wiring: installed 4800 synapses across 1 populations.
[2026-06-26 06:01:13][INFO] SIM_BRIDGE: CuPy using GPU: NVIDIA GeForce RTX 3090 (24.0 GB), mempool limit: 80%
[2026-06-26 06:01:13][INFO] SIM_BRIDGE: Initializing simulation data for model: IZHIKEVICH (3D)... (playback_init: False)
[2026-06-26 06:01:13][INFO] SIM_BRIDGE: Brain-region framework: 2 regions, 2560 total neurons, 2 pathways.
[2026-06-26 06:01:13][INFO] SIM_BRIDGE: RNG initialized with seed: 42
[2026-06-26 06:01:13][INFO] SIM_BRIDGE: NMDA per-region mask: 2 regions enabled (2560 neurons)
[2026-06-26 06:01:13][INFO] SIM_BRIDGE: Initializing Izhikevich model specifics for 2560 neurons...
[2026-06-26 06:01:13][INFO] SIM_BRIDGE: Region 'cortex_ctx' (1280 neurons): using Izh type IZH2007_HIPPO_PYRAMIDAL
[2026-06-26 06:01:13][INFO] SIM_BRIDGE: Region 'dlpfc_wm' (1280 neurons): using Izh type IZH2007_HIPPO_PYRAMIDAL
[2026-06-26 06:01:13][INFO] SIM_BRIDGE: Applying parameter heterogeneity to neuron parameters...
[2026-06-26 06:01:13][INFO] SIM_BRIDGE: Applied heterogeneity to 4 parameters.
[2026-06-26 06:01:13][INFO] SIM_BRIDGE: Generating 3D neuron positions for 2560 neurons...
[2026-06-26 06:01:13][INFO] SIM_BRIDGE: Generating connections (brain-region framework)...
[2026-06-26 06:01:14][INFO] SIM_BRIDGE: inject_explicit_wiring: installed 491754 synapses across 4 populations.
[2026-06-26 06:01:14][INFO] SIM_BRIDGE: Initializing eligibility traces for 491754 synapses (capacity: 737631, dtype: float32)...
[2026-06-26 06:01:14][INFO] SIM_BRIDGE: Initializing STDP state for 2560 neurons...
[2026-06-26 06:01:14][INFO] SIM_BRIDGE: Simulation data initialized for 2560 neurons (3D). Synapses: 491754. GPU memory: 1.6GB/25.8GB (6.2%)
[2026-06-26 06:01:26][INFO] SIM_BRIDGE: CuPy using GPU: NVIDIA GeForce RTX 3090 (24.0 GB), mempool limit: 80%
[2026-06-26 06:01:26][INFO] SIM_BRIDGE: Initializing simulation data for model: IZHIKEVICH (3D)... (playback_init: False)
[2026-06-26 06:01:26][INFO] SIM_BRIDGE: RNG initialized with seed: 42
[2026-06-26 06:01:26][INFO] SIM_BRIDGE: Initializing Izhikevich model specifics for 126 neurons...
[2026-06-26 06:01:26][INFO] SIM_BRIDGE: Applying parameter heterogeneity to neuron parameters...
[2026-06-26 06:01:26][INFO] SIM_BRIDGE: Applied heterogeneity to 4 parameters.
[2026-06-26 06:01:26][INFO] SIM_BRIDGE: Initializing OU process state (tau=15.0ms, sigma=20.0pA)...
[2026-06-26 06:01:26][INFO] SIM_BRIDGE: Generating 3D neuron positions for 126 neurons...
[2026-06-26 06:01:26][INFO] SIM_BRIDGE: Generating connections (3D)...
[2026-06-26 06:01:26][INFO] SIM_BRIDGE: Simulation data initialized for 126 neurons (3D). Synapses: 0. GPU memory: 1.6GB/25.8GB (6.2%)
[2026-06-26 06:01:26][INFO] SIM_BRIDGE: inject_explicit_wiring: installed 720 synapses across 1 populations.
[2026-06-26 06:02:12][INFO] SIM_BRIDGE: CuPy using GPU: NVIDIA GeForce RTX 3090 (24.0 GB), mempool limit: 80%
[2026-06-26 06:02:12][INFO] SIM_BRIDGE: Initializing simulation data for model: IZHIKEVICH (3D)... (playback_init: False)
[2026-06-26 06:02:12][INFO] SIM_BRIDGE: RNG initialized with seed: 42
[2026-06-26 06:02:12][INFO] SIM_BRIDGE: Initializing Izhikevich model specifics for 224 neurons...
[2026-06-26 06:02:12][INFO] SIM_BRIDGE: Applying parameter heterogeneity to neuron parameters...
[2026-06-26 06:02:12][INFO] SIM_BRIDGE: Applied heterogeneity to 4 parameters.
[2026-06-26 06:02:12][INFO] SIM_BRIDGE: Initializing OU process state (tau=15.0ms, sigma=20.0pA)...
[2026-06-26 06:02:12][INFO] SIM_BRIDGE: Generating 3D neuron positions for 224 neurons...
[2026-06-26 06:02:12][INFO] SIM_BRIDGE: Generating connections (3D)...
[2026-06-26 06:02:12][INFO] SIM_BRIDGE: Simulation data initialized for 224 neurons (3D). Synapses: 0. GPU memory: 1.6GB/25.8GB (6.2%)
[2026-06-26 06:02:12][INFO] SIM_BRIDGE: inject_explicit_wiring: installed 4800 synapses across 1 populations.
[2026-06-26 06:03:06][INFO] SIM_BRIDGE: CuPy using GPU: NVIDIA GeForce RTX 3090 (24.0 GB), mempool limit: 80%
[2026-06-26 06:03:06][INFO] SIM_BRIDGE: Initializing simulation data for model: IZHIKEVICH (3D)... (playback_init: False)
[2026-06-26 06:03:06][INFO] SIM_BRIDGE: Brain-region framework: 2 regions, 2560 total neurons, 2 pathways.
[2026-06-26 06:03:06][INFO] SIM_BRIDGE: RNG initialized with seed: 42
[2026-06-26 06:03:06][INFO] SIM_BRIDGE: NMDA per-region mask: 2 regions enabled (2560 neurons)
[2026-06-26 06:03:06][INFO] SIM_BRIDGE: Initializing Izhikevich model specifics for 2560 neurons...
[2026-06-26 06:03:06][INFO] SIM_BRIDGE: Region 'cortex_ctx' (1280 neurons): using Izh type IZH2007_HIPPO_PYRAMIDAL
[2026-06-26 06:03:06][INFO] SIM_BRIDGE: Region 'dlpfc_wm' (1280 neurons): using Izh type IZH2007_HIPPO_PYRAMIDAL
[2026-06-26 06:03:06][INFO] SIM_BRIDGE: Applying parameter heterogeneity to neuron parameters...
[2026-06-26 06:03:06][INFO] SIM_BRIDGE: Applied heterogeneity to 4 parameters.
[2026-06-26 06:03:06][INFO] SIM_BRIDGE: Generating 3D neuron positions for 2560 neurons...
[2026-06-26 06:03:06][INFO] SIM_BRIDGE: Generating connections (brain-region framework)...
[2026-06-26 06:03:07][INFO] SIM_BRIDGE: inject_explicit_wiring: installed 491754 synapses across 4 populations.
[2026-06-26 06:03:07][INFO] SIM_BRIDGE: Initializing eligibility traces for 491754 synapses (capacity: 737631, dtype: float32)...
[2026-06-26 06:03:07][INFO] SIM_BRIDGE: Initializing STDP state for 2560 neurons...
[2026-06-26 06:03:07][INFO] SIM_BRIDGE: Simulation data initialized for 2560 neurons (3D). Synapses: 491754. GPU memory: 1.6GB/25.8GB (6.2%)
[2026-06-26 06:03:19][INFO] SIM_BRIDGE: CuPy using GPU: NVIDIA GeForce RTX 3090 (24.0 GB), mempool limit: 80%
[2026-06-26 06:03:19][INFO] SIM_BRIDGE: Initializing simulation data for model: IZHIKEVICH (3D)... (playback_init: False)
[2026-06-26 06:03:19][INFO] SIM_BRIDGE: RNG initialized with seed: 42
[2026-06-26 06:03:19][INFO] SIM_BRIDGE: Initializing Izhikevich model specifics for 126 neurons...
[2026-06-26 06:03:19][INFO] SIM_BRIDGE: Applying parameter heterogeneity to neuron parameters...
[2026-06-26 06:03:19][INFO] SIM_BRIDGE: Applied heterogeneity to 4 parameters.
[2026-06-26 06:03:19][INFO] SIM_BRIDGE: Initializing OU process state (tau=15.0ms, sigma=20.0pA)...
[2026-06-26 06:03:19][INFO] SIM_BRIDGE: Generating 3D neuron positions for 126 neurons...
[2026-06-26 06:03:19][INFO] SIM_BRIDGE: Generating connections (3D)...
[2026-06-26 06:03:19][INFO] SIM_BRIDGE: Simulation data initialized for 126 neurons (3D). Synapses: 0. GPU memory: 1.6GB/25.8GB (6.2%)
[2026-06-26 06:03:19][INFO] SIM_BRIDGE: inject_explicit_wiring: installed 720 synapses across 1 populations.
[2026-06-26 06:03:57][INFO] SIM_BRIDGE: CuPy using GPU: NVIDIA GeForce RTX 3090 (24.0 GB), mempool limit: 80%
[2026-06-26 06:03:57][INFO] SIM_BRIDGE: Initializing simulation data for model: IZHIKEVICH (3D)... (playback_init: False)
[2026-06-26 06:03:57][INFO] SIM_BRIDGE: RNG initialized with seed: 42
[2026-06-26 06:03:57][INFO] SIM_BRIDGE: Initializing Izhikevich model specifics for 224 neurons...
[2026-06-26 06:03:57][INFO] SIM_BRIDGE: Applying parameter heterogeneity to neuron parameters...
[2026-06-26 06:03:57][INFO] SIM_BRIDGE: Applied heterogeneity to 4 parameters.
[2026-06-26 06:03:57][INFO] SIM_BRIDGE: Initializing OU process state (tau=15.0ms, sigma=20.0pA)...
[2026-06-26 06:03:57][INFO] SIM_BRIDGE: Generating 3D neuron positions for 224 neurons...
[2026-06-26 06:03:57][INFO] SIM_BRIDGE: Generating connections (3D)...
[2026-06-26 06:03:57][INFO] SIM_BRIDGE: Simulation data initialized for 224 neurons (3D). Synapses: 0. GPU memory: 1.6GB/25.8GB (6.2%)
[2026-06-26 06:03:57][INFO] SIM_BRIDGE: inject_explicit_wiring: installed 4800 synapses across 1 populations.
[2026-06-26 06:04:51][INFO] SIM_BRIDGE: CuPy using GPU: NVIDIA GeForce RTX 3090 (24.0 GB), mempool limit: 80%
[2026-06-26 06:04:51][INFO] SIM_BRIDGE: Initializing simulation data for model: IZHIKEVICH (3D)... (playback_init: False)
[2026-06-26 06:04:51][INFO] SIM_BRIDGE: Brain-region framework: 2 regions, 2560 total neurons, 2 pathways.
[2026-06-26 06:04:51][INFO] SIM_BRIDGE: RNG initialized with seed: 42
[2026-06-26 06:04:51][INFO] SIM_BRIDGE: NMDA per-region mask: 2 regions enabled (2560 neurons)
[2026-06-26 06:04:51][INFO] SIM_BRIDGE: Initializing Izhikevich model specifics for 2560 neurons...
[2026-06-26 06:04:51][INFO] SIM_BRIDGE: Region 'cortex_ctx' (1280 neurons): using Izh type IZH2007_HIPPO_PYRAMIDAL
[2026-06-26 06:04:51][INFO] SIM_BRIDGE: Region 'dlpfc_wm' (1280 neurons): using Izh type IZH2007_HIPPO_PYRAMIDAL
[2026-06-26 06:04:51][INFO] SIM_BRIDGE: Applying parameter heterogeneity to neuron parameters...
[2026-06-26 06:04:51][INFO] SIM_BRIDGE: Applied heterogeneity to 4 parameters.
[2026-06-26 06:04:51][INFO] SIM_BRIDGE: Generating 3D neuron positions for 2560 neurons...
[2026-06-26 06:04:51][INFO] SIM_BRIDGE: Generating connections (brain-region framework)...
[2026-06-26 06:04:52][INFO] SIM_BRIDGE: inject_explicit_wiring: installed 491754 synapses across 4 populations.
[2026-06-26 06:04:52][INFO] SIM_BRIDGE: Initializing eligibility traces for 491754 synapses (capacity: 737631, dtype: float32)...
[2026-06-26 06:04:52][INFO] SIM_BRIDGE: Initializing STDP state for 2560 neurons...
[2026-06-26 06:04:52][INFO] SIM_BRIDGE: Simulation data initialized for 2560 neurons (3D). Synapses: 491754. GPU memory: 1.6GB/25.8GB (6.2%)
[2026-06-26 06:05:04][INFO] SIM_BRIDGE: CuPy using GPU: NVIDIA GeForce RTX 3090 (24.0 GB), mempool limit: 80%
[2026-06-26 06:05:04][INFO] SIM_BRIDGE: Initializing simulation data for model: IZHIKEVICH (3D)... (playback_init: False)
[2026-06-26 06:05:04][INFO] SIM_BRIDGE: RNG initialized with seed: 42
[2026-06-26 06:05:04][INFO] SIM_BRIDGE: Initializing Izhikevich model specifics for 126 neurons...
[2026-06-26 06:05:04][INFO] SIM_BRIDGE: Applying parameter heterogeneity to neuron parameters...
[2026-06-26 06:05:04][INFO] SIM_BRIDGE: Applied heterogeneity to 4 parameters.
[2026-06-26 06:05:04][INFO] SIM_BRIDGE: Initializing OU process state (tau=15.0ms, sigma=20.0pA)...
[2026-06-26 06:05:04][INFO] SIM_BRIDGE: Generating 3D neuron positions for 126 neurons...
[2026-06-26 06:05:04][INFO] SIM_BRIDGE: Generating connections (3D)...
[2026-06-26 06:05:04][INFO] SIM_BRIDGE: Simulation data initialized for 126 neurons (3D). Synapses: 0. GPU memory: 1.6GB/25.8GB (6.2%)
[2026-06-26 06:05:04][INFO] SIM_BRIDGE: inject_explicit_wiring: installed 720 synapses across 1 populations.
[2026-06-26 06:05:41][INFO] SIM_BRIDGE: CuPy using GPU: NVIDIA GeForce RTX 3090 (24.0 GB), mempool limit: 80%
[2026-06-26 06:05:41][INFO] SIM_BRIDGE: Initializing simulation data for model: IZHIKEVICH (3D)... (playback_init: False)
[2026-06-26 06:05:41][INFO] SIM_BRIDGE: RNG initialized with seed: 42
[2026-06-26 06:05:41][INFO] SIM_BRIDGE: Initializing Izhikevich model specifics for 224 neurons...
[2026-06-26 06:05:41][INFO] SIM_BRIDGE: Applying parameter heterogeneity to neuron parameters...
[2026-06-26 06:05:41][INFO] SIM_BRIDGE: Applied heterogeneity to 4 parameters.
[2026-06-26 06:05:41][INFO] SIM_BRIDGE: Initializing OU process state (tau=15.0ms, sigma=20.0pA)...
[2026-06-26 06:05:41][INFO] SIM_BRIDGE: Generating 3D neuron positions for 224 neurons...
[2026-06-26 06:05:41][INFO] SIM_BRIDGE: Generating connections (3D)...
[2026-06-26 06:05:41][INFO] SIM_BRIDGE: Simulation data initialized for 224 neurons (3D). Synapses: 0. GPU memory: 1.6GB/25.8GB (6.2%)
[2026-06-26 06:05:41][INFO] SIM_BRIDGE: inject_explicit_wiring: installed 4800 synapses across 1 populations.
[2026-06-26 06:06:36][INFO] SIM_BRIDGE: CuPy using GPU: NVIDIA GeForce RTX 3090 (24.0 GB), mempool limit: 80%
[2026-06-26 06:06:36][INFO] SIM_BRIDGE: Initializing simulation data for model: IZHIKEVICH (3D)... (playback_init: False)
[2026-06-26 06:06:36][INFO] SIM_BRIDGE: Brain-region framework: 2 regions, 2560 total neurons, 2 pathways.
[2026-06-26 06:06:36][INFO] SIM_BRIDGE: RNG initialized with seed: 42
[2026-06-26 06:06:36][INFO] SIM_BRIDGE: NMDA per-region mask: 2 regions enabled (2560 neurons)
[2026-06-26 06:06:36][INFO] SIM_BRIDGE: Initializing Izhikevich model specifics for 2560 neurons...
[2026-06-26 06:06:36][INFO] SIM_BRIDGE: Region 'cortex_ctx' (1280 neurons): using Izh type IZH2007_HIPPO_PYRAMIDAL
[2026-06-26 06:06:36][INFO] SIM_BRIDGE: Region 'dlpfc_wm' (1280 neurons): using Izh type IZH2007_HIPPO_PYRAMIDAL
[2026-06-26 06:06:36][INFO] SIM_BRIDGE: Applying parameter heterogeneity to neuron parameters...
[2026-06-26 06:06:36][INFO] SIM_BRIDGE: Applied heterogeneity to 4 parameters.
[2026-06-26 06:06:36][INFO] SIM_BRIDGE: Generating 3D neuron positions for 2560 neurons...
[2026-06-26 06:06:36][INFO] SIM_BRIDGE: Generating connections (brain-region framework)...
[2026-06-26 06:06:36][INFO] SIM_BRIDGE: inject_explicit_wiring: installed 491754 synapses across 4 populations.
[2026-06-26 06:06:36][INFO] SIM_BRIDGE: Initializing eligibility traces for 491754 synapses (capacity: 737631, dtype: float32)...
[2026-06-26 06:06:36][INFO] SIM_BRIDGE: Initializing STDP state for 2560 neurons...
[2026-06-26 06:06:36][INFO] SIM_BRIDGE: Simulation data initialized for 2560 neurons (3D). Synapses: 491754. GPU memory: 1.6GB/25.8GB (6.2%)
[2026-06-26 06:06:49][INFO] SIM_BRIDGE: CuPy using GPU: NVIDIA GeForce RTX 3090 (24.0 GB), mempool limit: 80%
[2026-06-26 06:06:49][INFO] SIM_BRIDGE: Initializing simulation data for model: IZHIKEVICH (3D)... (playback_init: False)
[2026-06-26 06:06:49][INFO] SIM_BRIDGE: RNG initialized with seed: 42
[2026-06-26 06:06:49][INFO] SIM_BRIDGE: Initializing Izhikevich model specifics for 126 neurons...
[2026-06-26 06:06:49][INFO] SIM_BRIDGE: Applying parameter heterogeneity to neuron parameters...
[2026-06-26 06:06:49][INFO] SIM_BRIDGE: Applied heterogeneity to 4 parameters.
[2026-06-26 06:06:49][INFO] SIM_BRIDGE: Initializing OU process state (tau=15.0ms, sigma=20.0pA)...
[2026-06-26 06:06:49][INFO] SIM_BRIDGE: Generating 3D neuron positions for 126 neurons...
[2026-06-26 06:06:49][INFO] SIM_BRIDGE: Generating connections (3D)...
[2026-06-26 06:06:49][INFO] SIM_BRIDGE: Simulation data initialized for 126 neurons (3D). Synapses: 0. GPU memory: 1.6GB/25.8GB (6.2%)
[2026-06-26 06:06:49][INFO] SIM_BRIDGE: inject_explicit_wiring: installed 720 synapses across 1 populations.
[2026-06-26 06:07:26][INFO] SIM_BRIDGE: CuPy using GPU: NVIDIA GeForce RTX 3090 (24.0 GB), mempool limit: 80%
[2026-06-26 06:07:26][INFO] SIM_BRIDGE: Initializing simulation data for model: IZHIKEVICH (3D)... (playback_init: False)
[2026-06-26 06:07:26][INFO] SIM_BRIDGE: RNG initialized with seed: 42
[2026-06-26 06:07:26][INFO] SIM_BRIDGE: Initializing Izhikevich model specifics for 224 neurons...
[2026-06-26 06:07:26][INFO] SIM_BRIDGE: Applying parameter heterogeneity to neuron parameters...
[2026-06-26 06:07:26][INFO] SIM_BRIDGE: Applied heterogeneity to 4 parameters.
[2026-06-26 06:07:26][INFO] SIM_BRIDGE: Initializing OU process state (tau=15.0ms, sigma=20.0pA)...
[2026-06-26 06:07:26][INFO] SIM_BRIDGE: Generating 3D neuron positions for 224 neurons...
[2026-06-26 06:07:26][INFO] SIM_BRIDGE: Generating connections (3D)...
[2026-06-26 06:07:26][INFO] SIM_BRIDGE: Simulation data initialized for 224 neurons (3D). Synapses: 0. GPU memory: 1.6GB/25.8GB (6.2%)
[2026-06-26 06:07:26][INFO] SIM_BRIDGE: inject_explicit_wiring: installed 4800 synapses across 1 populations.
[2026-06-26 06:08:20][INFO] SIM_BRIDGE: CuPy using GPU: NVIDIA GeForce RTX 3090 (24.0 GB), mempool limit: 80%
[2026-06-26 06:08:20][INFO] SIM_BRIDGE: Initializing simulation data for model: IZHIKEVICH (3D)... (playback_init: False)
[2026-06-26 06:08:20][INFO] SIM_BRIDGE: Brain-region framework: 2 regions, 2560 total neurons, 2 pathways.
[2026-06-26 06:08:20][INFO] SIM_BRIDGE: RNG initialized with seed: 42
[2026-06-26 06:08:20][INFO] SIM_BRIDGE: NMDA per-region mask: 2 regions enabled (2560 neurons)
[2026-06-26 06:08:20][INFO] SIM_BRIDGE: Initializing Izhikevich model specifics for 2560 neurons...
[2026-06-26 06:08:20][INFO] SIM_BRIDGE: Region 'cortex_ctx' (1280 neurons): using Izh type IZH2007_HIPPO_PYRAMIDAL
[2026-06-26 06:08:20][INFO] SIM_BRIDGE: Region 'dlpfc_wm' (1280 neurons): using Izh type IZH2007_HIPPO_PYRAMIDAL
[2026-06-26 06:08:20][INFO] SIM_BRIDGE: Applying parameter heterogeneity to neuron parameters...
[2026-06-26 06:08:20][INFO] SIM_BRIDGE: Applied heterogeneity to 4 parameters.
[2026-06-26 06:08:20][INFO] SIM_BRIDGE: Generating 3D neuron positions for 2560 neurons...
[2026-06-26 06:08:20][INFO] SIM_BRIDGE: Generating connections (brain-region framework)...
[2026-06-26 06:08:21][INFO] SIM_BRIDGE: inject_explicit_wiring: installed 491754 synapses across 4 populations.
[2026-06-26 06:08:21][INFO] SIM_BRIDGE: Initializing eligibility traces for 491754 synapses (capacity: 737631, dtype: float32)...
[2026-06-26 06:08:21][INFO] SIM_BRIDGE: Initializing STDP state for 2560 neurons...
[2026-06-26 06:08:21][INFO] SIM_BRIDGE: Simulation data initialized for 2560 neurons (3D). Synapses: 491754. GPU memory: 1.6GB/25.8GB (6.2%)

==============================================================================================================
  VERDICT: GO — the L0 longitudinal-development loop runs at GPU scale with REAL stream-cortex code-learning (corr(M,C) mean +0.85), day-over-day development (vocab 6->24, heard 6->24, facts 2->11), retention holds (1.00), moat 0-FA, a tier fired, persistence resumes, frozen-brain anti-cheat holds. Per-day 134.1s; compressed-week ETA ~15.6 min. READY for the 6-seed compressed-week.
  [saved] research/findings/raw/_develop_loop_month1.json  (wall 7002.5s)
==============================================================================================================
