EMERGE-75b de-risk: HISTORY-INDEPENDENT A->W read-out (EMERGE-61 wash-out on the A->W decode) closes the EMERGE-75 deep-accumulation regression; hi-OFF reproduces the boundary (load-bearing), hi-ON == 0 regress all seeds; 6-seed
[2026-07-03 14:46:13][INFO] SIM_BRIDGE: CuPy using GPU: NVIDIA GeForce RTX 3090 (24.0 GB), mempool limit: 80%
[2026-07-03 14:46:13][INFO] SIM_BRIDGE: Initializing simulation data for model: IZHIKEVICH (3D)... (playback_init: False)
[2026-07-03 14:46:13][INFO] SIM_BRIDGE: Brain-region framework: 34 regions, 7680 total neurons, 96 pathways.
[2026-07-03 14:46:13][INFO] SIM_BRIDGE: RNG initialized with seed: 42
[2026-07-03 14:46:13][INFO] SIM_BRIDGE: Initializing Izhikevich model specifics for 7680 neurons...
[2026-07-03 14:46:13][INFO] SIM_BRIDGE: Region 'language_input' (2048 neurons): using Izh type IZH2007_RS_CORTICAL_PYRAMIDAL
[2026-07-03 14:46:13][INFO] SIM_BRIDGE: Region 'motor_N' (200 neurons): using Izh type IZH2007_RS_CORTICAL_PYRAMIDAL
[2026-07-03 14:46:13][INFO] SIM_BRIDGE: Region 'motor_E' (200 neurons): using Izh type IZH2007_RS_CORTICAL_PYRAMIDAL
[2026-07-03 14:46:13][INFO] SIM_BRIDGE: Region 'motor_S' (200 neurons): using Izh type IZH2007_RS_CORTICAL_PYRAMIDAL
[2026-07-03 14:46:13][INFO] SIM_BRIDGE: Region 'motor_W' (200 neurons): using Izh type IZH2007_RS_CORTICAL_PYRAMIDAL
[2026-07-03 14:46:13][INFO] SIM_BRIDGE: Region 'language_output' (2048 neurons): using Izh type IZH2007_RS_CORTICAL_PYRAMIDAL
[2026-07-03 14:46:13][INFO] SIM_BRIDGE: Region 'motor_FS_N' (24 neurons): using Izh type IZH2007_FS_CORTICAL_INTERNEURON
[2026-07-03 14:46:13][INFO] SIM_BRIDGE: Region 'motor_FS_E' (24 neurons): using Izh type IZH2007_FS_CORTICAL_INTERNEURON
[2026-07-03 14:46:13][INFO] SIM_BRIDGE: Region 'motor_FS_S' (24 neurons): using Izh type IZH2007_FS_CORTICAL_INTERNEURON
[2026-07-03 14:46:13][INFO] SIM_BRIDGE: Region 'motor_FS_W' (24 neurons): using Izh type IZH2007_FS_CORTICAL_INTERNEURON
[2026-07-03 14:46:13][INFO] SIM_BRIDGE: Region 'noun_pool_APPLE' (200 neurons): using Izh type IZH2007_RS_CORTICAL_PYRAMIDAL
[2026-07-03 14:46:13][INFO] SIM_BRIDGE: Region 'noun_pool_RIVER' (200 neurons): using Izh type IZH2007_RS_CORTICAL_PYRAMIDAL
[2026-07-03 14:46:13][INFO] SIM_BRIDGE: Region 'noun_pool_DOG' (200 neurons): using Izh type IZH2007_RS_CORTICAL_PYRAMIDAL
[2026-07-03 14:46:13][INFO] SIM_BRIDGE: Region 'noun_pool_CAT' (200 neurons): using Izh type IZH2007_RS_CORTICAL_PYRAMIDAL
[2026-07-03 14:46:13][INFO] SIM_BRIDGE: Region 'noun_pool_APPLE_fs' (24 neurons): using Izh type IZH2007_FS_CORTICAL_INTERNEURON
[2026-07-03 14:46:13][INFO] SIM_BRIDGE: Region 'noun_pool_RIVER_fs' (24 neurons): using Izh type IZH2007_FS_CORTICAL_INTERNEURON
[2026-07-03 14:46:13][INFO] SIM_BRIDGE: Region 'noun_pool_DOG_fs' (24 neurons): using Izh type IZH2007_FS_CORTICAL_INTERNEURON
[2026-07-03 14:46:13][INFO] SIM_BRIDGE: Region 'noun_pool_CAT_fs' (24 neurons): using Izh type IZH2007_FS_CORTICAL_INTERNEURON
[2026-07-03 14:46:13][INFO] SIM_BRIDGE: Region 'verb_pool_GO' (200 neurons): using Izh type IZH2007_RS_CORTICAL_PYRAMIDAL
[2026-07-03 14:46:13][INFO] SIM_BRIDGE: Region 'verb_pool_COME' (200 neurons): using Izh type IZH2007_RS_CORTICAL_PYRAMIDAL
[2026-07-03 14:46:13][INFO] SIM_BRIDGE: Region 'verb_pool_STOP' (200 neurons): using Izh type IZH2007_RS_CORTICAL_PYRAMIDAL
[2026-07-03 14:46:13][INFO] SIM_BRIDGE: Region 'verb_pool_LOOK' (200 neurons): using Izh type IZH2007_RS_CORTICAL_PYRAMIDAL
[2026-07-03 14:46:13][INFO] SIM_BRIDGE: Region 'verb_pool_GO_fs' (24 neurons): using Izh type IZH2007_FS_CORTICAL_INTERNEURON
[2026-07-03 14:46:13][INFO] SIM_BRIDGE: Region 'verb_pool_COME_fs' (24 neurons): using Izh type IZH2007_FS_CORTICAL_INTERNEURON
[2026-07-03 14:46:13][INFO] SIM_BRIDGE: Region 'verb_pool_STOP_fs' (24 neurons): using Izh type IZH2007_FS_CORTICAL_INTERNEURON
[2026-07-03 14:46:13][INFO] SIM_BRIDGE: Region 'verb_pool_LOOK_fs' (24 neurons): using Izh type IZH2007_FS_CORTICAL_INTERNEURON
[2026-07-03 14:46:13][INFO] SIM_BRIDGE: Region 'adjective_pool_BIG' (200 neurons): using Izh type IZH2007_RS_CORTICAL_PYRAMIDAL
[2026-07-03 14:46:13][INFO] SIM_BRIDGE: Region 'adjective_pool_SMALL' (200 neurons): using Izh type IZH2007_RS_CORTICAL_PYRAMIDAL
[2026-07-03 14:46:13][INFO] SIM_BRIDGE: Region 'adjective_pool_HOT' (200 neurons): using Izh type IZH2007_RS_CORTICAL_PYRAMIDAL
[2026-07-03 14:46:13][INFO] SIM_BRIDGE: Region 'adjective_pool_COLD' (200 neurons): using Izh type IZH2007_RS_CORTICAL_PYRAMIDAL
[2026-07-03 14:46:13][INFO] SIM_BRIDGE: Region 'adjective_pool_BIG_fs' (24 neurons): using Izh type IZH2007_FS_CORTICAL_INTERNEURON
[2026-07-03 14:46:13][INFO] SIM_BRIDGE: Region 'adjective_pool_SMALL_fs' (24 neurons): using Izh type IZH2007_FS_CORTICAL_INTERNEURON
[2026-07-03 14:46:13][INFO] SIM_BRIDGE: Region 'adjective_pool_HOT_fs' (24 neurons): using Izh type IZH2007_FS_CORTICAL_INTERNEURON
[2026-07-03 14:46:13][INFO] SIM_BRIDGE: Region 'adjective_pool_COLD_fs' (24 neurons): using Izh type IZH2007_FS_CORTICAL_INTERNEURON
[2026-07-03 14:46:13][INFO] SIM_BRIDGE: Applying parameter heterogeneity to neuron parameters...
[2026-07-03 14:46:13][INFO] SIM_BRIDGE: Applied heterogeneity to 4 parameters.
[2026-07-03 14:46:13][INFO] SIM_BRIDGE: Initializing OU process state (tau=15.0ms, sigma=100.0pA)...
[2026-07-03 14:46:13][INFO] SIM_BRIDGE: Generating 3D neuron positions for 7680 neurons...
[2026-07-03 14:46:13][INFO] SIM_BRIDGE: Generating connections (brain-region framework)...
[2026-07-03 14:46:19][INFO] SIM_BRIDGE: inject_explicit_wiring: installed 4547005 synapses across 114 populations.
[2026-07-03 14:46:20][INFO] SIM_BRIDGE: Initializing eligibility traces for 4547005 synapses (capacity: 6820507, dtype: float32)...
[2026-07-03 14:46:20][INFO] SIM_BRIDGE: Initializing STDP state for 7680 neurons...
[2026-07-03 14:46:20][INFO] SIM_BRIDGE: Simulation data initialized for 7680 neurons (3D). Synapses: 4547005. GPU memory: 1.6GB/25.8GB (6.4%)
[2026-07-03 14:46:20][INFO] SIM_BRIDGE: Loading checkpoint from E:\Documents\Projects\sim\bridges\emerge67_aw\aw_content.simstate.h5...
[2026-07-03 14:46:20][INFO] SIM_BRIDGE: Clearing simulation state and GPU memory...
[2026-07-03 14:46:20][INFO] SIM_BRIDGE: Cleared simulation state and GPU memory.
[2026-07-03 14:46:20][DEBUG] SIM_BRIDGE: Checkpoint: Dataset for 'cp_adex_w' not found or was empty. Using default.
[2026-07-03 14:46:20][DEBUG] SIM_BRIDGE: Checkpoint: Dataset for 'cp_stp_u' not found or was empty. Using default.
[2026-07-03 14:46:20][DEBUG] SIM_BRIDGE: Checkpoint: Dataset for 'cp_stp_x' not found or was empty. Using default.
[2026-07-03 14:46:20][SUCCESS] SIM_BRIDGE: Checkpoint loaded. Sim time: 0.0ms, Step: 0, Model: IZHIKEVICH
[2026-07-03 14:46:20][INFO] SIM_BRIDGE: CuPy using GPU: NVIDIA GeForce RTX 3090 (24.0 GB), mempool limit: 80%
[2026-07-03 14:46:20][INFO] SIM_BRIDGE: Initializing simulation data for model: IZHIKEVICH (3D)... (playback_init: False)
[2026-07-03 14:46:20][INFO] SIM_BRIDGE: Brain-region framework: 34 regions, 7680 total neurons, 96 pathways.
[2026-07-03 14:46:20][INFO] SIM_BRIDGE: RNG initialized with seed: 42
[2026-07-03 14:46:20][INFO] SIM_BRIDGE: Initializing Izhikevich model specifics for 7680 neurons...
[2026-07-03 14:46:20][INFO] SIM_BRIDGE: Region 'language_input' (2048 neurons): using Izh type IZH2007_RS_CORTICAL_PYRAMIDAL
[2026-07-03 14:46:20][INFO] SIM_BRIDGE: Region 'motor_N' (200 neurons): using Izh type IZH2007_RS_CORTICAL_PYRAMIDAL
[2026-07-03 14:46:20][INFO] SIM_BRIDGE: Region 'motor_E' (200 neurons): using Izh type IZH2007_RS_CORTICAL_PYRAMIDAL
[2026-07-03 14:46:20][INFO] SIM_BRIDGE: Region 'motor_S' (200 neurons): using Izh type IZH2007_RS_CORTICAL_PYRAMIDAL
[2026-07-03 14:46:20][INFO] SIM_BRIDGE: Region 'motor_W' (200 neurons): using Izh type IZH2007_RS_CORTICAL_PYRAMIDAL
[2026-07-03 14:46:20][INFO] SIM_BRIDGE: Region 'language_output' (2048 neurons): using Izh type IZH2007_RS_CORTICAL_PYRAMIDAL
[2026-07-03 14:46:20][INFO] SIM_BRIDGE: Region 'motor_FS_N' (24 neurons): using Izh type IZH2007_FS_CORTICAL_INTERNEURON
[2026-07-03 14:46:20][INFO] SIM_BRIDGE: Region 'motor_FS_E' (24 neurons): using Izh type IZH2007_FS_CORTICAL_INTERNEURON
[2026-07-03 14:46:20][INFO] SIM_BRIDGE: Region 'motor_FS_S' (24 neurons): using Izh type IZH2007_FS_CORTICAL_INTERNEURON
[2026-07-03 14:46:20][INFO] SIM_BRIDGE: Region 'motor_FS_W' (24 neurons): using Izh type IZH2007_FS_CORTICAL_INTERNEURON
[2026-07-03 14:46:20][INFO] SIM_BRIDGE: Region 'noun_pool_APPLE' (200 neurons): using Izh type IZH2007_RS_CORTICAL_PYRAMIDAL
[2026-07-03 14:46:20][INFO] SIM_BRIDGE: Region 'noun_pool_RIVER' (200 neurons): using Izh type IZH2007_RS_CORTICAL_PYRAMIDAL
[2026-07-03 14:46:20][INFO] SIM_BRIDGE: Region 'noun_pool_DOG' (200 neurons): using Izh type IZH2007_RS_CORTICAL_PYRAMIDAL
[2026-07-03 14:46:20][INFO] SIM_BRIDGE: Region 'noun_pool_CAT' (200 neurons): using Izh type IZH2007_RS_CORTICAL_PYRAMIDAL
[2026-07-03 14:46:20][INFO] SIM_BRIDGE: Region 'noun_pool_APPLE_fs' (24 neurons): using Izh type IZH2007_FS_CORTICAL_INTERNEURON
[2026-07-03 14:46:20][INFO] SIM_BRIDGE: Region 'noun_pool_RIVER_fs' (24 neurons): using Izh type IZH2007_FS_CORTICAL_INTERNEURON
[2026-07-03 14:46:20][INFO] SIM_BRIDGE: Region 'noun_pool_DOG_fs' (24 neurons): using Izh type IZH2007_FS_CORTICAL_INTERNEURON
[2026-07-03 14:46:20][INFO] SIM_BRIDGE: Region 'noun_pool_CAT_fs' (24 neurons): using Izh type IZH2007_FS_CORTICAL_INTERNEURON
[2026-07-03 14:46:20][INFO] SIM_BRIDGE: Region 'verb_pool_GO' (200 neurons): using Izh type IZH2007_RS_CORTICAL_PYRAMIDAL
[2026-07-03 14:46:20][INFO] SIM_BRIDGE: Region 'verb_pool_COME' (200 neurons): using Izh type IZH2007_RS_CORTICAL_PYRAMIDAL
[2026-07-03 14:46:20][INFO] SIM_BRIDGE: Region 'verb_pool_STOP' (200 neurons): using Izh type IZH2007_RS_CORTICAL_PYRAMIDAL
[2026-07-03 14:46:20][INFO] SIM_BRIDGE: Region 'verb_pool_LOOK' (200 neurons): using Izh type IZH2007_RS_CORTICAL_PYRAMIDAL
[2026-07-03 14:46:20][INFO] SIM_BRIDGE: Region 'verb_pool_GO_fs' (24 neurons): using Izh type IZH2007_FS_CORTICAL_INTERNEURON
[2026-07-03 14:46:20][INFO] SIM_BRIDGE: Region 'verb_pool_COME_fs' (24 neurons): using Izh type IZH2007_FS_CORTICAL_INTERNEURON
[2026-07-03 14:46:20][INFO] SIM_BRIDGE: Region 'verb_pool_STOP_fs' (24 neurons): using Izh type IZH2007_FS_CORTICAL_INTERNEURON
[2026-07-03 14:46:20][INFO] SIM_BRIDGE: Region 'verb_pool_LOOK_fs' (24 neurons): using Izh type IZH2007_FS_CORTICAL_INTERNEURON
[2026-07-03 14:46:20][INFO] SIM_BRIDGE: Region 'adjective_pool_BIG' (200 neurons): using Izh type IZH2007_RS_CORTICAL_PYRAMIDAL
[2026-07-03 14:46:20][INFO] SIM_BRIDGE: Region 'adjective_pool_SMALL' (200 neurons): using Izh type IZH2007_RS_CORTICAL_PYRAMIDAL
[2026-07-03 14:46:20][INFO] SIM_BRIDGE: Region 'adjective_pool_HOT' (200 neurons): using Izh type IZH2007_RS_CORTICAL_PYRAMIDAL
[2026-07-03 14:46:20][INFO] SIM_BRIDGE: Region 'adjective_pool_COLD' (200 neurons): using Izh type IZH2007_RS_CORTICAL_PYRAMIDAL
[2026-07-03 14:46:20][INFO] SIM_BRIDGE: Region 'adjective_pool_BIG_fs' (24 neurons): using Izh type IZH2007_FS_CORTICAL_INTERNEURON
[2026-07-03 14:46:20][INFO] SIM_BRIDGE: Region 'adjective_pool_SMALL_fs' (24 neurons): using Izh type IZH2007_FS_CORTICAL_INTERNEURON
[2026-07-03 14:46:20][INFO] SIM_BRIDGE: Region 'adjective_pool_HOT_fs' (24 neurons): using Izh type IZH2007_FS_CORTICAL_INTERNEURON
[2026-07-03 14:46:20][INFO] SIM_BRIDGE: Region 'adjective_pool_COLD_fs' (24 neurons): using Izh type IZH2007_FS_CORTICAL_INTERNEURON
[2026-07-03 14:46:20][INFO] SIM_BRIDGE: Applying parameter heterogeneity to neuron parameters...
[2026-07-03 14:46:20][INFO] SIM_BRIDGE: Applied heterogeneity to 4 parameters.
[2026-07-03 14:46:20][INFO] SIM_BRIDGE: Initializing OU process state (tau=15.0ms, sigma=100.0pA)...
[2026-07-03 14:46:20][INFO] SIM_BRIDGE: Generating 3D neuron positions for 7680 neurons...
[2026-07-03 14:46:20][INFO] SIM_BRIDGE: Generating connections (brain-region framework)...
[2026-07-03 14:46:26][INFO] SIM_BRIDGE: inject_explicit_wiring: installed 4547005 synapses across 114 populations.
[2026-07-03 14:46:27][INFO] SIM_BRIDGE: Initializing eligibility traces for 4547005 synapses (capacity: 6820507, dtype: float32)...
[2026-07-03 14:46:27][INFO] SIM_BRIDGE: Initializing STDP state for 7680 neurons...
[2026-07-03 14:46:27][INFO] SIM_BRIDGE: Simulation data initialized for 7680 neurons (3D). Synapses: 4547005. GPU memory: 1.9GB/25.8GB (7.2%)
[2026-07-03 14:46:27][INFO] SIM_BRIDGE: Loading checkpoint from E:\Documents\Projects\sim\bridges\emerge68_aw\aw_func.simstate.h5...
[2026-07-03 14:46:27][INFO] SIM_BRIDGE: Clearing simulation state and GPU memory...
[2026-07-03 14:46:27][INFO] SIM_BRIDGE: Cleared simulation state and GPU memory.
[2026-07-03 14:46:27][DEBUG] SIM_BRIDGE: Checkpoint: Dataset for 'cp_adex_w' not found or was empty. Using default.
[2026-07-03 14:46:27][DEBUG] SIM_BRIDGE: Checkpoint: Dataset for 'cp_stp_u' not found or was empty. Using default.
[2026-07-03 14:46:27][DEBUG] SIM_BRIDGE: Checkpoint: Dataset for 'cp_stp_x' not found or was empty. Using default.
[2026-07-03 14:46:27][SUCCESS] SIM_BRIDGE: Checkpoint loaded. Sim time: 0.0ms, Step: 0, Model: IZHIKEVICH
[2026-07-03 14:46:27][INFO] SIM_BRIDGE: CuPy using GPU: NVIDIA GeForce RTX 3090 (24.0 GB), mempool limit: 80%
[2026-07-03 14:46:27][INFO] SIM_BRIDGE: Initializing simulation data for model: IZHIKEVICH (3D)... (playback_init: False)
[2026-07-03 14:46:27][INFO] SIM_BRIDGE: Brain-region framework: 34 regions, 7680 total neurons, 96 pathways.
[2026-07-03 14:46:27][INFO] SIM_BRIDGE: RNG initialized with seed: 42
[2026-07-03 14:46:27][INFO] SIM_BRIDGE: Initializing Izhikevich model specifics for 7680 neurons...
[2026-07-03 14:46:27][INFO] SIM_BRIDGE: Region 'language_input' (2048 neurons): using Izh type IZH2007_RS_CORTICAL_PYRAMIDAL
[2026-07-03 14:46:27][INFO] SIM_BRIDGE: Region 'motor_N' (200 neurons): using Izh type IZH2007_RS_CORTICAL_PYRAMIDAL
[2026-07-03 14:46:27][INFO] SIM_BRIDGE: Region 'motor_E' (200 neurons): using Izh type IZH2007_RS_CORTICAL_PYRAMIDAL
[2026-07-03 14:46:27][INFO] SIM_BRIDGE: Region 'motor_S' (200 neurons): using Izh type IZH2007_RS_CORTICAL_PYRAMIDAL
[2026-07-03 14:46:27][INFO] SIM_BRIDGE: Region 'motor_W' (200 neurons): using Izh type IZH2007_RS_CORTICAL_PYRAMIDAL
[2026-07-03 14:46:27][INFO] SIM_BRIDGE: Region 'language_output' (2048 neurons): using Izh type IZH2007_RS_CORTICAL_PYRAMIDAL
[2026-07-03 14:46:27][INFO] SIM_BRIDGE: Region 'motor_FS_N' (24 neurons): using Izh type IZH2007_FS_CORTICAL_INTERNEURON
[2026-07-03 14:46:27][INFO] SIM_BRIDGE: Region 'motor_FS_E' (24 neurons): using Izh type IZH2007_FS_CORTICAL_INTERNEURON
[2026-07-03 14:46:27][INFO] SIM_BRIDGE: Region 'motor_FS_S' (24 neurons): using Izh type IZH2007_FS_CORTICAL_INTERNEURON
[2026-07-03 14:46:27][INFO] SIM_BRIDGE: Region 'motor_FS_W' (24 neurons): using Izh type IZH2007_FS_CORTICAL_INTERNEURON
[2026-07-03 14:46:27][INFO] SIM_BRIDGE: Region 'noun_pool_APPLE' (200 neurons): using Izh type IZH2007_RS_CORTICAL_PYRAMIDAL
[2026-07-03 14:46:27][INFO] SIM_BRIDGE: Region 'noun_pool_RIVER' (200 neurons): using Izh type IZH2007_RS_CORTICAL_PYRAMIDAL
[2026-07-03 14:46:27][INFO] SIM_BRIDGE: Region 'noun_pool_DOG' (200 neurons): using Izh type IZH2007_RS_CORTICAL_PYRAMIDAL
[2026-07-03 14:46:27][INFO] SIM_BRIDGE: Region 'noun_pool_CAT' (200 neurons): using Izh type IZH2007_RS_CORTICAL_PYRAMIDAL
[2026-07-03 14:46:27][INFO] SIM_BRIDGE: Region 'noun_pool_APPLE_fs' (24 neurons): using Izh type IZH2007_FS_CORTICAL_INTERNEURON
[2026-07-03 14:46:27][INFO] SIM_BRIDGE: Region 'noun_pool_RIVER_fs' (24 neurons): using Izh type IZH2007_FS_CORTICAL_INTERNEURON
[2026-07-03 14:46:27][INFO] SIM_BRIDGE: Region 'noun_pool_DOG_fs' (24 neurons): using Izh type IZH2007_FS_CORTICAL_INTERNEURON
[2026-07-03 14:46:27][INFO] SIM_BRIDGE: Region 'noun_pool_CAT_fs' (24 neurons): using Izh type IZH2007_FS_CORTICAL_INTERNEURON
[2026-07-03 14:46:27][INFO] SIM_BRIDGE: Region 'verb_pool_GO' (200 neurons): using Izh type IZH2007_RS_CORTICAL_PYRAMIDAL
[2026-07-03 14:46:27][INFO] SIM_BRIDGE: Region 'verb_pool_COME' (200 neurons): using Izh type IZH2007_RS_CORTICAL_PYRAMIDAL
[2026-07-03 14:46:27][INFO] SIM_BRIDGE: Region 'verb_pool_STOP' (200 neurons): using Izh type IZH2007_RS_CORTICAL_PYRAMIDAL
[2026-07-03 14:46:27][INFO] SIM_BRIDGE: Region 'verb_pool_LOOK' (200 neurons): using Izh type IZH2007_RS_CORTICAL_PYRAMIDAL
[2026-07-03 14:46:27][INFO] SIM_BRIDGE: Region 'verb_pool_GO_fs' (24 neurons): using Izh type IZH2007_FS_CORTICAL_INTERNEURON
[2026-07-03 14:46:27][INFO] SIM_BRIDGE: Region 'verb_pool_COME_fs' (24 neurons): using Izh type IZH2007_FS_CORTICAL_INTERNEURON
[2026-07-03 14:46:27][INFO] SIM_BRIDGE: Region 'verb_pool_STOP_fs' (24 neurons): using Izh type IZH2007_FS_CORTICAL_INTERNEURON
[2026-07-03 14:46:27][INFO] SIM_BRIDGE: Region 'verb_pool_LOOK_fs' (24 neurons): using Izh type IZH2007_FS_CORTICAL_INTERNEURON
[2026-07-03 14:46:27][INFO] SIM_BRIDGE: Region 'adjective_pool_BIG' (200 neurons): using Izh type IZH2007_RS_CORTICAL_PYRAMIDAL
[2026-07-03 14:46:27][INFO] SIM_BRIDGE: Region 'adjective_pool_SMALL' (200 neurons): using Izh type IZH2007_RS_CORTICAL_PYRAMIDAL
[2026-07-03 14:46:27][INFO] SIM_BRIDGE: Region 'adjective_pool_HOT' (200 neurons): using Izh type IZH2007_RS_CORTICAL_PYRAMIDAL
[2026-07-03 14:46:27][INFO] SIM_BRIDGE: Region 'adjective_pool_COLD' (200 neurons): using Izh type IZH2007_RS_CORTICAL_PYRAMIDAL
[2026-07-03 14:46:27][INFO] SIM_BRIDGE: Region 'adjective_pool_BIG_fs' (24 neurons): using Izh type IZH2007_FS_CORTICAL_INTERNEURON
[2026-07-03 14:46:27][INFO] SIM_BRIDGE: Region 'adjective_pool_SMALL_fs' (24 neurons): using Izh type IZH2007_FS_CORTICAL_INTERNEURON
[2026-07-03 14:46:27][INFO] SIM_BRIDGE: Region 'adjective_pool_HOT_fs' (24 neurons): using Izh type IZH2007_FS_CORTICAL_INTERNEURON
[2026-07-03 14:46:27][INFO] SIM_BRIDGE: Region 'adjective_pool_COLD_fs' (24 neurons): using Izh type IZH2007_FS_CORTICAL_INTERNEURON
[2026-07-03 14:46:27][INFO] SIM_BRIDGE: Applying parameter heterogeneity to neuron parameters...
[2026-07-03 14:46:27][INFO] SIM_BRIDGE: Applied heterogeneity to 4 parameters.
[2026-07-03 14:46:27][INFO] SIM_BRIDGE: Initializing OU process state (tau=15.0ms, sigma=100.0pA)...
[2026-07-03 14:46:27][INFO] SIM_BRIDGE: Generating 3D neuron positions for 7680 neurons...
[2026-07-03 14:46:27][INFO] SIM_BRIDGE: Generating connections (brain-region framework)...
[2026-07-03 14:46:34][INFO] SIM_BRIDGE: inject_explicit_wiring: installed 4547005 synapses across 114 populations.
[2026-07-03 14:46:34][INFO] SIM_BRIDGE: Initializing eligibility traces for 4547005 synapses (capacity: 6820507, dtype: float32)...
[2026-07-03 14:46:34][INFO] SIM_BRIDGE: Initializing STDP state for 7680 neurons...
[2026-07-03 14:46:34][INFO] SIM_BRIDGE: Simulation data initialized for 7680 neurons (3D). Synapses: 4547005. GPU memory: 2.0GB/25.8GB (7.9%)
[2026-07-03 14:46:34][INFO] SIM_BRIDGE: Loading checkpoint from E:\Documents\Projects\sim\bridges\emerge75_aw\aw_overflow.simstate.h5...
[2026-07-03 14:46:34][INFO] SIM_BRIDGE: Clearing simulation state and GPU memory...
[2026-07-03 14:46:34][INFO] SIM_BRIDGE: Cleared simulation state and GPU memory.
[2026-07-03 14:46:34][DEBUG] SIM_BRIDGE: Checkpoint: Dataset for 'cp_adex_w' not found or was empty. Using default.
[2026-07-03 14:46:34][DEBUG] SIM_BRIDGE: Checkpoint: Dataset for 'cp_stp_u' not found or was empty. Using default.
[2026-07-03 14:46:34][DEBUG] SIM_BRIDGE: Checkpoint: Dataset for 'cp_stp_x' not found or was empty. Using default.
[2026-07-03 14:46:34][SUCCESS] SIM_BRIDGE: Checkpoint loaded. Sim time: 0.0ms, Step: 0, Model: IZHIKEVICH
[2026-07-03 14:46:34][INFO] SIM_BRIDGE: CuPy using GPU: NVIDIA GeForce RTX 3090 (24.0 GB), mempool limit: 80%
[2026-07-03 14:46:34][INFO] SIM_BRIDGE: Initializing simulation data for model: IZHIKEVICH (3D)... (playback_init: False)
[2026-07-03 14:46:34][INFO] SIM_BRIDGE: Brain-region framework: 34 regions, 7680 total neurons, 96 pathways.
[2026-07-03 14:46:34][INFO] SIM_BRIDGE: RNG initialized with seed: 42
[2026-07-03 14:46:34][INFO] SIM_BRIDGE: Initializing Izhikevich model specifics for 7680 neurons...
[2026-07-03 14:46:34][INFO] SIM_BRIDGE: Region 'language_input' (2048 neurons): using Izh type IZH2007_RS_CORTICAL_PYRAMIDAL
[2026-07-03 14:46:34][INFO] SIM_BRIDGE: Region 'motor_N' (200 neurons): using Izh type IZH2007_RS_CORTICAL_PYRAMIDAL
[2026-07-03 14:46:34][INFO] SIM_BRIDGE: Region 'motor_E' (200 neurons): using Izh type IZH2007_RS_CORTICAL_PYRAMIDAL
[2026-07-03 14:46:34][INFO] SIM_BRIDGE: Region 'motor_S' (200 neurons): using Izh type IZH2007_RS_CORTICAL_PYRAMIDAL
[2026-07-03 14:46:34][INFO] SIM_BRIDGE: Region 'motor_W' (200 neurons): using Izh type IZH2007_RS_CORTICAL_PYRAMIDAL
[2026-07-03 14:46:34][INFO] SIM_BRIDGE: Region 'language_output' (2048 neurons): using Izh type IZH2007_RS_CORTICAL_PYRAMIDAL
[2026-07-03 14:46:34][INFO] SIM_BRIDGE: Region 'motor_FS_N' (24 neurons): using Izh type IZH2007_FS_CORTICAL_INTERNEURON
[2026-07-03 14:46:34][INFO] SIM_BRIDGE: Region 'motor_FS_E' (24 neurons): using Izh type IZH2007_FS_CORTICAL_INTERNEURON
[2026-07-03 14:46:34][INFO] SIM_BRIDGE: Region 'motor_FS_S' (24 neurons): using Izh type IZH2007_FS_CORTICAL_INTERNEURON
[2026-07-03 14:46:34][INFO] SIM_BRIDGE: Region 'motor_FS_W' (24 neurons): using Izh type IZH2007_FS_CORTICAL_INTERNEURON
[2026-07-03 14:46:34][INFO] SIM_BRIDGE: Region 'noun_pool_APPLE' (200 neurons): using Izh type IZH2007_RS_CORTICAL_PYRAMIDAL
[2026-07-03 14:46:34][INFO] SIM_BRIDGE: Region 'noun_pool_RIVER' (200 neurons): using Izh type IZH2007_RS_CORTICAL_PYRAMIDAL
[2026-07-03 14:46:34][INFO] SIM_BRIDGE: Region 'noun_pool_DOG' (200 neurons): using Izh type IZH2007_RS_CORTICAL_PYRAMIDAL
[2026-07-03 14:46:34][INFO] SIM_BRIDGE: Region 'noun_pool_CAT' (200 neurons): using Izh type IZH2007_RS_CORTICAL_PYRAMIDAL
[2026-07-03 14:46:34][INFO] SIM_BRIDGE: Region 'noun_pool_APPLE_fs' (24 neurons): using Izh type IZH2007_FS_CORTICAL_INTERNEURON
[2026-07-03 14:46:34][INFO] SIM_BRIDGE: Region 'noun_pool_RIVER_fs' (24 neurons): using Izh type IZH2007_FS_CORTICAL_INTERNEURON
[2026-07-03 14:46:34][INFO] SIM_BRIDGE: Region 'noun_pool_DOG_fs' (24 neurons): using Izh type IZH2007_FS_CORTICAL_INTERNEURON
[2026-07-03 14:46:34][INFO] SIM_BRIDGE: Region 'noun_pool_CAT_fs' (24 neurons): using Izh type IZH2007_FS_CORTICAL_INTERNEURON
[2026-07-03 14:46:34][INFO] SIM_BRIDGE: Region 'verb_pool_GO' (200 neurons): using Izh type IZH2007_RS_CORTICAL_PYRAMIDAL
[2026-07-03 14:46:34][INFO] SIM_BRIDGE: Region 'verb_pool_COME' (200 neurons): using Izh type IZH2007_RS_CORTICAL_PYRAMIDAL
[2026-07-03 14:46:34][INFO] SIM_BRIDGE: Region 'verb_pool_STOP' (200 neurons): using Izh type IZH2007_RS_CORTICAL_PYRAMIDAL
[2026-07-03 14:46:34][INFO] SIM_BRIDGE: Region 'verb_pool_LOOK' (200 neurons): using Izh type IZH2007_RS_CORTICAL_PYRAMIDAL
[2026-07-03 14:46:34][INFO] SIM_BRIDGE: Region 'verb_pool_GO_fs' (24 neurons): using Izh type IZH2007_FS_CORTICAL_INTERNEURON
[2026-07-03 14:46:34][INFO] SIM_BRIDGE: Region 'verb_pool_COME_fs' (24 neurons): using Izh type IZH2007_FS_CORTICAL_INTERNEURON
[2026-07-03 14:46:34][INFO] SIM_BRIDGE: Region 'verb_pool_STOP_fs' (24 neurons): using Izh type IZH2007_FS_CORTICAL_INTERNEURON
[2026-07-03 14:46:34][INFO] SIM_BRIDGE: Region 'verb_pool_LOOK_fs' (24 neurons): using Izh type IZH2007_FS_CORTICAL_INTERNEURON
[2026-07-03 14:46:34][INFO] SIM_BRIDGE: Region 'adjective_pool_BIG' (200 neurons): using Izh type IZH2007_RS_CORTICAL_PYRAMIDAL
[2026-07-03 14:46:34][INFO] SIM_BRIDGE: Region 'adjective_pool_SMALL' (200 neurons): using Izh type IZH2007_RS_CORTICAL_PYRAMIDAL
[2026-07-03 14:46:34][INFO] SIM_BRIDGE: Region 'adjective_pool_HOT' (200 neurons): using Izh type IZH2007_RS_CORTICAL_PYRAMIDAL
[2026-07-03 14:46:34][INFO] SIM_BRIDGE: Region 'adjective_pool_COLD' (200 neurons): using Izh type IZH2007_RS_CORTICAL_PYRAMIDAL
[2026-07-03 14:46:34][INFO] SIM_BRIDGE: Region 'adjective_pool_BIG_fs' (24 neurons): using Izh type IZH2007_FS_CORTICAL_INTERNEURON
[2026-07-03 14:46:34][INFO] SIM_BRIDGE: Region 'adjective_pool_SMALL_fs' (24 neurons): using Izh type IZH2007_FS_CORTICAL_INTERNEURON
[2026-07-03 14:46:34][INFO] SIM_BRIDGE: Region 'adjective_pool_HOT_fs' (24 neurons): using Izh type IZH2007_FS_CORTICAL_INTERNEURON
[2026-07-03 14:46:34][INFO] SIM_BRIDGE: Region 'adjective_pool_COLD_fs' (24 neurons): using Izh type IZH2007_FS_CORTICAL_INTERNEURON
[2026-07-03 14:46:34][INFO] SIM_BRIDGE: Applying parameter heterogeneity to neuron parameters...
[2026-07-03 14:46:34][INFO] SIM_BRIDGE: Applied heterogeneity to 4 parameters.
[2026-07-03 14:46:34][INFO] SIM_BRIDGE: Initializing OU process state (tau=15.0ms, sigma=100.0pA)...
[2026-07-03 14:46:34][INFO] SIM_BRIDGE: Generating 3D neuron positions for 7680 neurons...
[2026-07-03 14:46:34][INFO] SIM_BRIDGE: Generating connections (brain-region framework)...
[2026-07-03 14:46:41][INFO] SIM_BRIDGE: inject_explicit_wiring: installed 4547005 synapses across 114 populations.
[2026-07-03 14:46:41][INFO] SIM_BRIDGE: Initializing eligibility traces for 4547005 synapses (capacity: 6820507, dtype: float32)...
[2026-07-03 14:46:41][INFO] SIM_BRIDGE: Initializing STDP state for 7680 neurons...
[2026-07-03 14:46:41][INFO] SIM_BRIDGE: Simulation data initialized for 7680 neurons (3D). Synapses: 4547005. GPU memory: 2.2GB/25.8GB (8.5%)
[2026-07-03 14:46:41][INFO] SIM_BRIDGE: Loading checkpoint from E:\Documents\Projects\sim\bridges\emerge67_aw\aw_content.simstate.h5...
[2026-07-03 14:46:41][INFO] SIM_BRIDGE: Clearing simulation state and GPU memory...
[2026-07-03 14:46:41][INFO] SIM_BRIDGE: Cleared simulation state and GPU memory.
[2026-07-03 14:46:41][DEBUG] SIM_BRIDGE: Checkpoint: Dataset for 'cp_adex_w' not found or was empty. Using default.
[2026-07-03 14:46:41][DEBUG] SIM_BRIDGE: Checkpoint: Dataset for 'cp_stp_u' not found or was empty. Using default.
[2026-07-03 14:46:41][DEBUG] SIM_BRIDGE: Checkpoint: Dataset for 'cp_stp_x' not found or was empty. Using default.
[2026-07-03 14:46:41][SUCCESS] SIM_BRIDGE: Checkpoint loaded. Sim time: 0.0ms, Step: 0, Model: IZHIKEVICH
[2026-07-03 14:46:41][INFO] SIM_BRIDGE: CuPy using GPU: NVIDIA GeForce RTX 3090 (24.0 GB), mempool limit: 80%
[2026-07-03 14:46:41][INFO] SIM_BRIDGE: Initializing simulation data for model: IZHIKEVICH (3D)... (playback_init: False)
[2026-07-03 14:46:41][INFO] SIM_BRIDGE: Brain-region framework: 34 regions, 7680 total neurons, 96 pathways.
[2026-07-03 14:46:41][INFO] SIM_BRIDGE: RNG initialized with seed: 42
[2026-07-03 14:46:41][INFO] SIM_BRIDGE: Initializing Izhikevich model specifics for 7680 neurons...
[2026-07-03 14:46:41][INFO] SIM_BRIDGE: Region 'language_input' (2048 neurons): using Izh type IZH2007_RS_CORTICAL_PYRAMIDAL
[2026-07-03 14:46:41][INFO] SIM_BRIDGE: Region 'motor_N' (200 neurons): using Izh type IZH2007_RS_CORTICAL_PYRAMIDAL
[2026-07-03 14:46:41][INFO] SIM_BRIDGE: Region 'motor_E' (200 neurons): using Izh type IZH2007_RS_CORTICAL_PYRAMIDAL
[2026-07-03 14:46:41][INFO] SIM_BRIDGE: Region 'motor_S' (200 neurons): using Izh type IZH2007_RS_CORTICAL_PYRAMIDAL
[2026-07-03 14:46:41][INFO] SIM_BRIDGE: Region 'motor_W' (200 neurons): using Izh type IZH2007_RS_CORTICAL_PYRAMIDAL
[2026-07-03 14:46:41][INFO] SIM_BRIDGE: Region 'language_output' (2048 neurons): using Izh type IZH2007_RS_CORTICAL_PYRAMIDAL
[2026-07-03 14:46:41][INFO] SIM_BRIDGE: Region 'motor_FS_N' (24 neurons): using Izh type IZH2007_FS_CORTICAL_INTERNEURON
[2026-07-03 14:46:41][INFO] SIM_BRIDGE: Region 'motor_FS_E' (24 neurons): using Izh type IZH2007_FS_CORTICAL_INTERNEURON
[2026-07-03 14:46:41][INFO] SIM_BRIDGE: Region 'motor_FS_S' (24 neurons): using Izh type IZH2007_FS_CORTICAL_INTERNEURON
[2026-07-03 14:46:41][INFO] SIM_BRIDGE: Region 'motor_FS_W' (24 neurons): using Izh type IZH2007_FS_CORTICAL_INTERNEURON
[2026-07-03 14:46:41][INFO] SIM_BRIDGE: Region 'noun_pool_APPLE' (200 neurons): using Izh type IZH2007_RS_CORTICAL_PYRAMIDAL
[2026-07-03 14:46:41][INFO] SIM_BRIDGE: Region 'noun_pool_RIVER' (200 neurons): using Izh type IZH2007_RS_CORTICAL_PYRAMIDAL
[2026-07-03 14:46:41][INFO] SIM_BRIDGE: Region 'noun_pool_DOG' (200 neurons): using Izh type IZH2007_RS_CORTICAL_PYRAMIDAL
[2026-07-03 14:46:41][INFO] SIM_BRIDGE: Region 'noun_pool_CAT' (200 neurons): using Izh type IZH2007_RS_CORTICAL_PYRAMIDAL
[2026-07-03 14:46:41][INFO] SIM_BRIDGE: Region 'noun_pool_APPLE_fs' (24 neurons): using Izh type IZH2007_FS_CORTICAL_INTERNEURON
[2026-07-03 14:46:41][INFO] SIM_BRIDGE: Region 'noun_pool_RIVER_fs' (24 neurons): using Izh type IZH2007_FS_CORTICAL_INTERNEURON
[2026-07-03 14:46:41][INFO] SIM_BRIDGE: Region 'noun_pool_DOG_fs' (24 neurons): using Izh type IZH2007_FS_CORTICAL_INTERNEURON
[2026-07-03 14:46:41][INFO] SIM_BRIDGE: Region 'noun_pool_CAT_fs' (24 neurons): using Izh type IZH2007_FS_CORTICAL_INTERNEURON
[2026-07-03 14:46:41][INFO] SIM_BRIDGE: Region 'verb_pool_GO' (200 neurons): using Izh type IZH2007_RS_CORTICAL_PYRAMIDAL
[2026-07-03 14:46:41][INFO] SIM_BRIDGE: Region 'verb_pool_COME' (200 neurons): using Izh type IZH2007_RS_CORTICAL_PYRAMIDAL
[2026-07-03 14:46:41][INFO] SIM_BRIDGE: Region 'verb_pool_STOP' (200 neurons): using Izh type IZH2007_RS_CORTICAL_PYRAMIDAL
[2026-07-03 14:46:41][INFO] SIM_BRIDGE: Region 'verb_pool_LOOK' (200 neurons): using Izh type IZH2007_RS_CORTICAL_PYRAMIDAL
[2026-07-03 14:46:41][INFO] SIM_BRIDGE: Region 'verb_pool_GO_fs' (24 neurons): using Izh type IZH2007_FS_CORTICAL_INTERNEURON
[2026-07-03 14:46:41][INFO] SIM_BRIDGE: Region 'verb_pool_COME_fs' (24 neurons): using Izh type IZH2007_FS_CORTICAL_INTERNEURON
[2026-07-03 14:46:41][INFO] SIM_BRIDGE: Region 'verb_pool_STOP_fs' (24 neurons): using Izh type IZH2007_FS_CORTICAL_INTERNEURON
[2026-07-03 14:46:41][INFO] SIM_BRIDGE: Region 'verb_pool_LOOK_fs' (24 neurons): using Izh type IZH2007_FS_CORTICAL_INTERNEURON
[2026-07-03 14:46:41][INFO] SIM_BRIDGE: Region 'adjective_pool_BIG' (200 neurons): using Izh type IZH2007_RS_CORTICAL_PYRAMIDAL
[2026-07-03 14:46:41][INFO] SIM_BRIDGE: Region 'adjective_pool_SMALL' (200 neurons): using Izh type IZH2007_RS_CORTICAL_PYRAMIDAL
[2026-07-03 14:46:41][INFO] SIM_BRIDGE: Region 'adjective_pool_HOT' (200 neurons): using Izh type IZH2007_RS_CORTICAL_PYRAMIDAL
[2026-07-03 14:46:41][INFO] SIM_BRIDGE: Region 'adjective_pool_COLD' (200 neurons): using Izh type IZH2007_RS_CORTICAL_PYRAMIDAL
[2026-07-03 14:46:41][INFO] SIM_BRIDGE: Region 'adjective_pool_BIG_fs' (24 neurons): using Izh type IZH2007_FS_CORTICAL_INTERNEURON
[2026-07-03 14:46:41][INFO] SIM_BRIDGE: Region 'adjective_pool_SMALL_fs' (24 neurons): using Izh type IZH2007_FS_CORTICAL_INTERNEURON
[2026-07-03 14:46:41][INFO] SIM_BRIDGE: Region 'adjective_pool_HOT_fs' (24 neurons): using Izh type IZH2007_FS_CORTICAL_INTERNEURON
[2026-07-03 14:46:41][INFO] SIM_BRIDGE: Region 'adjective_pool_COLD_fs' (24 neurons): using Izh type IZH2007_FS_CORTICAL_INTERNEURON
[2026-07-03 14:46:41][INFO] SIM_BRIDGE: Applying parameter heterogeneity to neuron parameters...
[2026-07-03 14:46:41][INFO] SIM_BRIDGE: Applied heterogeneity to 4 parameters.
[2026-07-03 14:46:41][INFO] SIM_BRIDGE: Initializing OU process state (tau=15.0ms, sigma=100.0pA)...
[2026-07-03 14:46:41][INFO] SIM_BRIDGE: Generating 3D neuron positions for 7680 neurons...
[2026-07-03 14:46:41][INFO] SIM_BRIDGE: Generating connections (brain-region framework)...
[2026-07-03 14:46:48][INFO] SIM_BRIDGE: inject_explicit_wiring: installed 4547005 synapses across 114 populations.
[2026-07-03 14:46:48][INFO] SIM_BRIDGE: Initializing eligibility traces for 4547005 synapses (capacity: 6820507, dtype: float32)...
[2026-07-03 14:46:48][INFO] SIM_BRIDGE: Initializing STDP state for 7680 neurons...
[2026-07-03 14:46:48][INFO] SIM_BRIDGE: Simulation data initialized for 7680 neurons (3D). Synapses: 4547005. GPU memory: 2.4GB/25.8GB (9.2%)
[2026-07-03 14:46:48][INFO] SIM_BRIDGE: Loading checkpoint from E:\Documents\Projects\sim\bridges\emerge68_aw\aw_func.simstate.h5...
[2026-07-03 14:46:48][INFO] SIM_BRIDGE: Clearing simulation state and GPU memory...
[2026-07-03 14:46:48][INFO] SIM_BRIDGE: Cleared simulation state and GPU memory.
[2026-07-03 14:46:48][DEBUG] SIM_BRIDGE: Checkpoint: Dataset for 'cp_adex_w' not found or was empty. Using default.
[2026-07-03 14:46:48][DEBUG] SIM_BRIDGE: Checkpoint: Dataset for 'cp_stp_u' not found or was empty. Using default.
[2026-07-03 14:46:48][DEBUG] SIM_BRIDGE: Checkpoint: Dataset for 'cp_stp_x' not found or was empty. Using default.
[2026-07-03 14:46:48][SUCCESS] SIM_BRIDGE: Checkpoint loaded. Sim time: 0.0ms, Step: 0, Model: IZHIKEVICH
[2026-07-03 14:46:48][INFO] SIM_BRIDGE: CuPy using GPU: NVIDIA GeForce RTX 3090 (24.0 GB), mempool limit: 80%
[2026-07-03 14:46:48][INFO] SIM_BRIDGE: Initializing simulation data for model: IZHIKEVICH (3D)... (playback_init: False)
[2026-07-03 14:46:48][INFO] SIM_BRIDGE: Brain-region framework: 34 regions, 7680 total neurons, 96 pathways.
[2026-07-03 14:46:48][INFO] SIM_BRIDGE: RNG initialized with seed: 42
[2026-07-03 14:46:48][INFO] SIM_BRIDGE: Initializing Izhikevich model specifics for 7680 neurons...
[2026-07-03 14:46:48][INFO] SIM_BRIDGE: Region 'language_input' (2048 neurons): using Izh type IZH2007_RS_CORTICAL_PYRAMIDAL
[2026-07-03 14:46:48][INFO] SIM_BRIDGE: Region 'motor_N' (200 neurons): using Izh type IZH2007_RS_CORTICAL_PYRAMIDAL
[2026-07-03 14:46:48][INFO] SIM_BRIDGE: Region 'motor_E' (200 neurons): using Izh type IZH2007_RS_CORTICAL_PYRAMIDAL
[2026-07-03 14:46:48][INFO] SIM_BRIDGE: Region 'motor_S' (200 neurons): using Izh type IZH2007_RS_CORTICAL_PYRAMIDAL
[2026-07-03 14:46:48][INFO] SIM_BRIDGE: Region 'motor_W' (200 neurons): using Izh type IZH2007_RS_CORTICAL_PYRAMIDAL
[2026-07-03 14:46:48][INFO] SIM_BRIDGE: Region 'language_output' (2048 neurons): using Izh type IZH2007_RS_CORTICAL_PYRAMIDAL
[2026-07-03 14:46:48][INFO] SIM_BRIDGE: Region 'motor_FS_N' (24 neurons): using Izh type IZH2007_FS_CORTICAL_INTERNEURON
[2026-07-03 14:46:48][INFO] SIM_BRIDGE: Region 'motor_FS_E' (24 neurons): using Izh type IZH2007_FS_CORTICAL_INTERNEURON
[2026-07-03 14:46:48][INFO] SIM_BRIDGE: Region 'motor_FS_S' (24 neurons): using Izh type IZH2007_FS_CORTICAL_INTERNEURON
[2026-07-03 14:46:48][INFO] SIM_BRIDGE: Region 'motor_FS_W' (24 neurons): using Izh type IZH2007_FS_CORTICAL_INTERNEURON
[2026-07-03 14:46:48][INFO] SIM_BRIDGE: Region 'noun_pool_APPLE' (200 neurons): using Izh type IZH2007_RS_CORTICAL_PYRAMIDAL
[2026-07-03 14:46:48][INFO] SIM_BRIDGE: Region 'noun_pool_RIVER' (200 neurons): using Izh type IZH2007_RS_CORTICAL_PYRAMIDAL
[2026-07-03 14:46:48][INFO] SIM_BRIDGE: Region 'noun_pool_DOG' (200 neurons): using Izh type IZH2007_RS_CORTICAL_PYRAMIDAL
[2026-07-03 14:46:48][INFO] SIM_BRIDGE: Region 'noun_pool_CAT' (200 neurons): using Izh type IZH2007_RS_CORTICAL_PYRAMIDAL
[2026-07-03 14:46:48][INFO] SIM_BRIDGE: Region 'noun_pool_APPLE_fs' (24 neurons): using Izh type IZH2007_FS_CORTICAL_INTERNEURON
[2026-07-03 14:46:48][INFO] SIM_BRIDGE: Region 'noun_pool_RIVER_fs' (24 neurons): using Izh type IZH2007_FS_CORTICAL_INTERNEURON
[2026-07-03 14:46:48][INFO] SIM_BRIDGE: Region 'noun_pool_DOG_fs' (24 neurons): using Izh type IZH2007_FS_CORTICAL_INTERNEURON
[2026-07-03 14:46:48][INFO] SIM_BRIDGE: Region 'noun_pool_CAT_fs' (24 neurons): using Izh type IZH2007_FS_CORTICAL_INTERNEURON
[2026-07-03 14:46:48][INFO] SIM_BRIDGE: Region 'verb_pool_GO' (200 neurons): using Izh type IZH2007_RS_CORTICAL_PYRAMIDAL
[2026-07-03 14:46:48][INFO] SIM_BRIDGE: Region 'verb_pool_COME' (200 neurons): using Izh type IZH2007_RS_CORTICAL_PYRAMIDAL
[2026-07-03 14:46:48][INFO] SIM_BRIDGE: Region 'verb_pool_STOP' (200 neurons): using Izh type IZH2007_RS_CORTICAL_PYRAMIDAL
[2026-07-03 14:46:48][INFO] SIM_BRIDGE: Region 'verb_pool_LOOK' (200 neurons): using Izh type IZH2007_RS_CORTICAL_PYRAMIDAL
[2026-07-03 14:46:48][INFO] SIM_BRIDGE: Region 'verb_pool_GO_fs' (24 neurons): using Izh type IZH2007_FS_CORTICAL_INTERNEURON
[2026-07-03 14:46:48][INFO] SIM_BRIDGE: Region 'verb_pool_COME_fs' (24 neurons): using Izh type IZH2007_FS_CORTICAL_INTERNEURON
[2026-07-03 14:46:48][INFO] SIM_BRIDGE: Region 'verb_pool_STOP_fs' (24 neurons): using Izh type IZH2007_FS_CORTICAL_INTERNEURON
[2026-07-03 14:46:48][INFO] SIM_BRIDGE: Region 'verb_pool_LOOK_fs' (24 neurons): using Izh type IZH2007_FS_CORTICAL_INTERNEURON
[2026-07-03 14:46:48][INFO] SIM_BRIDGE: Region 'adjective_pool_BIG' (200 neurons): using Izh type IZH2007_RS_CORTICAL_PYRAMIDAL
[2026-07-03 14:46:48][INFO] SIM_BRIDGE: Region 'adjective_pool_SMALL' (200 neurons): using Izh type IZH2007_RS_CORTICAL_PYRAMIDAL
[2026-07-03 14:46:48][INFO] SIM_BRIDGE: Region 'adjective_pool_HOT' (200 neurons): using Izh type IZH2007_RS_CORTICAL_PYRAMIDAL
[2026-07-03 14:46:48][INFO] SIM_BRIDGE: Region 'adjective_pool_COLD' (200 neurons): using Izh type IZH2007_RS_CORTICAL_PYRAMIDAL
[2026-07-03 14:46:48][INFO] SIM_BRIDGE: Region 'adjective_pool_BIG_fs' (24 neurons): using Izh type IZH2007_FS_CORTICAL_INTERNEURON
[2026-07-03 14:46:48][INFO] SIM_BRIDGE: Region 'adjective_pool_SMALL_fs' (24 neurons): using Izh type IZH2007_FS_CORTICAL_INTERNEURON
[2026-07-03 14:46:48][INFO] SIM_BRIDGE: Region 'adjective_pool_HOT_fs' (24 neurons): using Izh type IZH2007_FS_CORTICAL_INTERNEURON
[2026-07-03 14:46:48][INFO] SIM_BRIDGE: Region 'adjective_pool_COLD_fs' (24 neurons): using Izh type IZH2007_FS_CORTICAL_INTERNEURON
[2026-07-03 14:46:48][INFO] SIM_BRIDGE: Applying parameter heterogeneity to neuron parameters...
[2026-07-03 14:46:48][INFO] SIM_BRIDGE: Applied heterogeneity to 4 parameters.
[2026-07-03 14:46:48][INFO] SIM_BRIDGE: Initializing OU process state (tau=15.0ms, sigma=100.0pA)...
[2026-07-03 14:46:48][INFO] SIM_BRIDGE: Generating 3D neuron positions for 7680 neurons...
[2026-07-03 14:46:48][INFO] SIM_BRIDGE: Generating connections (brain-region framework)...
[2026-07-03 14:46:55][INFO] SIM_BRIDGE: inject_explicit_wiring: installed 4547005 synapses across 114 populations.
[2026-07-03 14:46:55][INFO] SIM_BRIDGE: Initializing eligibility traces for 4547005 synapses (capacity: 6820507, dtype: float32)...
[2026-07-03 14:46:55][INFO] SIM_BRIDGE: Initializing STDP state for 7680 neurons...
[2026-07-03 14:46:55][INFO] SIM_BRIDGE: Simulation data initialized for 7680 neurons (3D). Synapses: 4547005. GPU memory: 2.5GB/25.8GB (9.9%)
[2026-07-03 14:46:55][INFO] SIM_BRIDGE: Loading checkpoint from E:\Documents\Projects\sim\bridges\emerge75_aw\aw_overflow.simstate.h5...
[2026-07-03 14:46:55][INFO] SIM_BRIDGE: Clearing simulation state and GPU memory...
[2026-07-03 14:46:55][INFO] SIM_BRIDGE: Cleared simulation state and GPU memory.
[2026-07-03 14:46:55][DEBUG] SIM_BRIDGE: Checkpoint: Dataset for 'cp_adex_w' not found or was empty. Using default.
[2026-07-03 14:46:55][DEBUG] SIM_BRIDGE: Checkpoint: Dataset for 'cp_stp_u' not found or was empty. Using default.
[2026-07-03 14:46:55][DEBUG] SIM_BRIDGE: Checkpoint: Dataset for 'cp_stp_x' not found or was empty. Using default.
[2026-07-03 14:46:55][SUCCESS] SIM_BRIDGE: Checkpoint loaded. Sim time: 0.0ms, Step: 0, Model: IZHIKEVICH
[2026-07-03 14:46:56][INFO] SIM_BRIDGE: CuPy using GPU: NVIDIA GeForce RTX 3090 (24.0 GB), mempool limit: 80%
[2026-07-03 14:46:56][INFO] SIM_BRIDGE: Initializing simulation data for model: IZHIKEVICH (3D)... (playback_init: False)
[2026-07-03 14:46:56][INFO] SIM_BRIDGE: Brain-region framework: 2 regions, 184 total neurons, 0 pathways.
[2026-07-03 14:46:56][INFO] SIM_BRIDGE: RNG initialized with seed: 42
[2026-07-03 14:46:56][INFO] SIM_BRIDGE: Initializing Izhikevich model specifics for 184 neurons...
[2026-07-03 14:46:56][INFO] SIM_BRIDGE: Applying parameter heterogeneity to neuron parameters...
[2026-07-03 14:46:56][INFO] SIM_BRIDGE: Applied heterogeneity to 4 parameters.
[2026-07-03 14:46:56][INFO] SIM_BRIDGE: Generating 3D neuron positions for 184 neurons...
[2026-07-03 14:46:56][INFO] SIM_BRIDGE: Generating connections (brain-region framework)...
[2026-07-03 14:46:56][WARNING] SIM_BRIDGE: No trait info available; all synapses default to E->E STP type.
[2026-07-03 14:46:56][INFO] SIM_BRIDGE: inject_explicit_wiring: installed 12 synapses across 1 populations.
[2026-07-03 14:46:56][INFO] SIM_BRIDGE: Initializing STP state for 12 synapses (capacity: 18)...
[2026-07-03 14:46:56][INFO] SIM_BRIDGE: Initializing eligibility traces for 12 synapses (capacity: 18, dtype: float32)...
[2026-07-03 14:46:56][WARNING] SIM_BRIDGE: No trait info available; all synapses default to E->E STP type.
[2026-07-03 14:46:56][INFO] SIM_BRIDGE: Initializing structural plasticity state...
[2026-07-03 14:46:56][INFO] SIM_BRIDGE: Simulation data initialized for 184 neurons (3D). Synapses: 12. GPU memory: 2.4GB/25.8GB (9.3%)
[2026-07-03 14:48:09][INFO] SIM_BRIDGE: CuPy using GPU: NVIDIA GeForce RTX 3090 (24.0 GB), mempool limit: 80%
[2026-07-03 14:48:09][INFO] SIM_BRIDGE: Initializing simulation data for model: IZHIKEVICH (3D)... (playback_init: False)
[2026-07-03 14:48:09][INFO] SIM_BRIDGE: Brain-region framework: 2 regions, 184 total neurons, 0 pathways.
[2026-07-03 14:48:09][INFO] SIM_BRIDGE: RNG initialized with seed: 42
[2026-07-03 14:48:09][INFO] SIM_BRIDGE: Initializing Izhikevich model specifics for 184 neurons...
[2026-07-03 14:48:09][INFO] SIM_BRIDGE: Applying parameter heterogeneity to neuron parameters...
[2026-07-03 14:48:09][INFO] SIM_BRIDGE: Applied heterogeneity to 4 parameters.
[2026-07-03 14:48:09][INFO] SIM_BRIDGE: Generating 3D neuron positions for 184 neurons...
[2026-07-03 14:48:09][INFO] SIM_BRIDGE: Generating connections (brain-region framework)...
[2026-07-03 14:48:09][WARNING] SIM_BRIDGE: No trait info available; all synapses default to E->E STP type.
[2026-07-03 14:48:09][INFO] SIM_BRIDGE: inject_explicit_wiring: installed 12 synapses across 1 populations.
[2026-07-03 14:48:09][INFO] SIM_BRIDGE: Initializing STP state for 12 synapses (capacity: 18)...
[2026-07-03 14:48:09][INFO] SIM_BRIDGE: Initializing eligibility traces for 12 synapses (capacity: 18, dtype: float32)...
[2026-07-03 14:48:09][WARNING] SIM_BRIDGE: No trait info available; all synapses default to E->E STP type.
[2026-07-03 14:48:09][INFO] SIM_BRIDGE: Initializing structural plasticity state...
[2026-07-03 14:48:09][INFO] SIM_BRIDGE: Simulation data initialized for 184 neurons (3D). Synapses: 12. GPU memory: 2.5GB/25.8GB (9.8%)
[2026-07-03 14:49:27][INFO] SIM_BRIDGE: CuPy using GPU: NVIDIA GeForce RTX 3090 (24.0 GB), mempool limit: 80%
[2026-07-03 14:49:27][INFO] SIM_BRIDGE: Initializing simulation data for model: IZHIKEVICH (3D)... (playback_init: False)
[2026-07-03 14:49:27][INFO] SIM_BRIDGE: Brain-region framework: 2 regions, 184 total neurons, 0 pathways.
[2026-07-03 14:49:27][INFO] SIM_BRIDGE: RNG initialized with seed: 42
[2026-07-03 14:49:27][INFO] SIM_BRIDGE: Initializing Izhikevich model specifics for 184 neurons...
[2026-07-03 14:49:27][INFO] SIM_BRIDGE: Applying parameter heterogeneity to neuron parameters...
[2026-07-03 14:49:27][INFO] SIM_BRIDGE: Applied heterogeneity to 4 parameters.
[2026-07-03 14:49:27][INFO] SIM_BRIDGE: Generating 3D neuron positions for 184 neurons...
[2026-07-03 14:49:27][INFO] SIM_BRIDGE: Generating connections (brain-region framework)...
[2026-07-03 14:49:27][WARNING] SIM_BRIDGE: No trait info available; all synapses default to E->E STP type.
[2026-07-03 14:49:27][INFO] SIM_BRIDGE: inject_explicit_wiring: installed 12 synapses across 1 populations.
[2026-07-03 14:49:27][INFO] SIM_BRIDGE: Initializing STP state for 12 synapses (capacity: 18)...
[2026-07-03 14:49:27][INFO] SIM_BRIDGE: Initializing eligibility traces for 12 synapses (capacity: 18, dtype: float32)...
[2026-07-03 14:49:27][WARNING] SIM_BRIDGE: No trait info available; all synapses default to E->E STP type.
[2026-07-03 14:49:27][INFO] SIM_BRIDGE: Initializing structural plasticity state...
[2026-07-03 14:49:27][INFO] SIM_BRIDGE: Simulation data initialized for 184 neurons (3D). Synapses: 12. GPU memory: 2.5GB/25.8GB (9.8%)
[2026-07-03 14:50:40][INFO] SIM_BRIDGE: CuPy using GPU: NVIDIA GeForce RTX 3090 (24.0 GB), mempool limit: 80%
[2026-07-03 14:50:40][INFO] SIM_BRIDGE: Initializing simulation data for model: IZHIKEVICH (3D)... (playback_init: False)
[2026-07-03 14:50:40][INFO] SIM_BRIDGE: Brain-region framework: 2 regions, 184 total neurons, 0 pathways.
[2026-07-03 14:50:40][INFO] SIM_BRIDGE: RNG initialized with seed: 43
[2026-07-03 14:50:40][INFO] SIM_BRIDGE: Initializing Izhikevich model specifics for 184 neurons...
[2026-07-03 14:50:40][INFO] SIM_BRIDGE: Applying parameter heterogeneity to neuron parameters...
[2026-07-03 14:50:40][INFO] SIM_BRIDGE: Applied heterogeneity to 4 parameters.
[2026-07-03 14:50:40][INFO] SIM_BRIDGE: Generating 3D neuron positions for 184 neurons...
[2026-07-03 14:50:40][INFO] SIM_BRIDGE: Generating connections (brain-region framework)...
[2026-07-03 14:50:40][WARNING] SIM_BRIDGE: No trait info available; all synapses default to E->E STP type.
[2026-07-03 14:50:40][INFO] SIM_BRIDGE: inject_explicit_wiring: installed 12 synapses across 1 populations.
[2026-07-03 14:50:40][INFO] SIM_BRIDGE: Initializing STP state for 12 synapses (capacity: 18)...
[2026-07-03 14:50:40][INFO] SIM_BRIDGE: Initializing eligibility traces for 12 synapses (capacity: 18, dtype: float32)...
[2026-07-03 14:50:40][WARNING] SIM_BRIDGE: No trait info available; all synapses default to E->E STP type.
[2026-07-03 14:50:40][INFO] SIM_BRIDGE: Initializing structural plasticity state...
[2026-07-03 14:50:40][INFO] SIM_BRIDGE: Simulation data initialized for 184 neurons (3D). Synapses: 12. GPU memory: 2.6GB/25.8GB (10.2%)
[2026-07-03 14:51:52][INFO] SIM_BRIDGE: CuPy using GPU: NVIDIA GeForce RTX 3090 (24.0 GB), mempool limit: 80%
[2026-07-03 14:51:52][INFO] SIM_BRIDGE: Initializing simulation data for model: IZHIKEVICH (3D)... (playback_init: False)
[2026-07-03 14:51:52][INFO] SIM_BRIDGE: Brain-region framework: 2 regions, 184 total neurons, 0 pathways.
[2026-07-03 14:51:52][INFO] SIM_BRIDGE: RNG initialized with seed: 43
[2026-07-03 14:51:52][INFO] SIM_BRIDGE: Initializing Izhikevich model specifics for 184 neurons...
[2026-07-03 14:51:52][INFO] SIM_BRIDGE: Applying parameter heterogeneity to neuron parameters...
[2026-07-03 14:51:52][INFO] SIM_BRIDGE: Applied heterogeneity to 4 parameters.
[2026-07-03 14:51:52][INFO] SIM_BRIDGE: Generating 3D neuron positions for 184 neurons...
[2026-07-03 14:51:52][INFO] SIM_BRIDGE: Generating connections (brain-region framework)...
[2026-07-03 14:51:52][WARNING] SIM_BRIDGE: No trait info available; all synapses default to E->E STP type.
[2026-07-03 14:51:52][INFO] SIM_BRIDGE: inject_explicit_wiring: installed 12 synapses across 1 populations.
[2026-07-03 14:51:52][INFO] SIM_BRIDGE: Initializing STP state for 12 synapses (capacity: 18)...
[2026-07-03 14:51:52][INFO] SIM_BRIDGE: Initializing eligibility traces for 12 synapses (capacity: 18, dtype: float32)...
[2026-07-03 14:51:52][WARNING] SIM_BRIDGE: No trait info available; all synapses default to E->E STP type.
[2026-07-03 14:51:52][INFO] SIM_BRIDGE: Initializing structural plasticity state...
[2026-07-03 14:51:52][INFO] SIM_BRIDGE: Simulation data initialized for 184 neurons (3D). Synapses: 12. GPU memory: 2.6GB/25.8GB (10.2%)
[2026-07-03 14:53:07][INFO] SIM_BRIDGE: CuPy using GPU: NVIDIA GeForce RTX 3090 (24.0 GB), mempool limit: 80%
[2026-07-03 14:53:07][INFO] SIM_BRIDGE: Initializing simulation data for model: IZHIKEVICH (3D)... (playback_init: False)
[2026-07-03 14:53:07][INFO] SIM_BRIDGE: Brain-region framework: 2 regions, 184 total neurons, 0 pathways.
[2026-07-03 14:53:07][INFO] SIM_BRIDGE: RNG initialized with seed: 43
[2026-07-03 14:53:07][INFO] SIM_BRIDGE: Initializing Izhikevich model specifics for 184 neurons...
[2026-07-03 14:53:07][INFO] SIM_BRIDGE: Applying parameter heterogeneity to neuron parameters...
[2026-07-03 14:53:07][INFO] SIM_BRIDGE: Applied heterogeneity to 4 parameters.
[2026-07-03 14:53:07][INFO] SIM_BRIDGE: Generating 3D neuron positions for 184 neurons...
[2026-07-03 14:53:07][INFO] SIM_BRIDGE: Generating connections (brain-region framework)...
[2026-07-03 14:53:07][WARNING] SIM_BRIDGE: No trait info available; all synapses default to E->E STP type.
[2026-07-03 14:53:07][INFO] SIM_BRIDGE: inject_explicit_wiring: installed 12 synapses across 1 populations.
[2026-07-03 14:53:07][INFO] SIM_BRIDGE: Initializing STP state for 12 synapses (capacity: 18)...
[2026-07-03 14:53:07][INFO] SIM_BRIDGE: Initializing eligibility traces for 12 synapses (capacity: 18, dtype: float32)...
[2026-07-03 14:53:07][WARNING] SIM_BRIDGE: No trait info available; all synapses default to E->E STP type.
[2026-07-03 14:53:07][INFO] SIM_BRIDGE: Initializing structural plasticity state...
[2026-07-03 14:53:07][INFO] SIM_BRIDGE: Simulation data initialized for 184 neurons (3D). Synapses: 12. GPU memory: 2.6GB/25.8GB (10.2%)
[2026-07-03 14:54:19][INFO] SIM_BRIDGE: CuPy using GPU: NVIDIA GeForce RTX 3090 (24.0 GB), mempool limit: 80%
[2026-07-03 14:54:19][INFO] SIM_BRIDGE: Initializing simulation data for model: IZHIKEVICH (3D)... (playback_init: False)
[2026-07-03 14:54:19][INFO] SIM_BRIDGE: Brain-region framework: 2 regions, 184 total neurons, 0 pathways.
[2026-07-03 14:54:19][INFO] SIM_BRIDGE: RNG initialized with seed: 44
[2026-07-03 14:54:19][INFO] SIM_BRIDGE: Initializing Izhikevich model specifics for 184 neurons...
[2026-07-03 14:54:19][INFO] SIM_BRIDGE: Applying parameter heterogeneity to neuron parameters...
[2026-07-03 14:54:19][INFO] SIM_BRIDGE: Applied heterogeneity to 4 parameters.
[2026-07-03 14:54:19][INFO] SIM_BRIDGE: Generating 3D neuron positions for 184 neurons...
[2026-07-03 14:54:19][INFO] SIM_BRIDGE: Generating connections (brain-region framework)...
[2026-07-03 14:54:19][WARNING] SIM_BRIDGE: No trait info available; all synapses default to E->E STP type.
[2026-07-03 14:54:19][INFO] SIM_BRIDGE: inject_explicit_wiring: installed 12 synapses across 1 populations.
[2026-07-03 14:54:19][INFO] SIM_BRIDGE: Initializing STP state for 12 synapses (capacity: 18)...
[2026-07-03 14:54:19][INFO] SIM_BRIDGE: Initializing eligibility traces for 12 synapses (capacity: 18, dtype: float32)...
[2026-07-03 14:54:19][WARNING] SIM_BRIDGE: No trait info available; all synapses default to E->E STP type.
[2026-07-03 14:54:19][INFO] SIM_BRIDGE: Initializing structural plasticity state...
[2026-07-03 14:54:19][INFO] SIM_BRIDGE: Simulation data initialized for 184 neurons (3D). Synapses: 12. GPU memory: 2.6GB/25.8GB (10.2%)
[2026-07-03 14:55:32][INFO] SIM_BRIDGE: CuPy using GPU: NVIDIA GeForce RTX 3090 (24.0 GB), mempool limit: 80%
[2026-07-03 14:55:32][INFO] SIM_BRIDGE: Initializing simulation data for model: IZHIKEVICH (3D)... (playback_init: False)
[2026-07-03 14:55:32][INFO] SIM_BRIDGE: Brain-region framework: 2 regions, 184 total neurons, 0 pathways.
[2026-07-03 14:55:32][INFO] SIM_BRIDGE: RNG initialized with seed: 44
[2026-07-03 14:55:32][INFO] SIM_BRIDGE: Initializing Izhikevich model specifics for 184 neurons...
[2026-07-03 14:55:32][INFO] SIM_BRIDGE: Applying parameter heterogeneity to neuron parameters...
[2026-07-03 14:55:32][INFO] SIM_BRIDGE: Applied heterogeneity to 4 parameters.
[2026-07-03 14:55:32][INFO] SIM_BRIDGE: Generating 3D neuron positions for 184 neurons...
[2026-07-03 14:55:32][INFO] SIM_BRIDGE: Generating connections (brain-region framework)...
[2026-07-03 14:55:32][WARNING] SIM_BRIDGE: No trait info available; all synapses default to E->E STP type.
[2026-07-03 14:55:32][INFO] SIM_BRIDGE: inject_explicit_wiring: installed 12 synapses across 1 populations.
[2026-07-03 14:55:32][INFO] SIM_BRIDGE: Initializing STP state for 12 synapses (capacity: 18)...
[2026-07-03 14:55:32][INFO] SIM_BRIDGE: Initializing eligibility traces for 12 synapses (capacity: 18, dtype: float32)...
[2026-07-03 14:55:32][WARNING] SIM_BRIDGE: No trait info available; all synapses default to E->E STP type.
[2026-07-03 14:55:32][INFO] SIM_BRIDGE: Initializing structural plasticity state...
[2026-07-03 14:55:32][INFO] SIM_BRIDGE: Simulation data initialized for 184 neurons (3D). Synapses: 12. GPU memory: 2.6GB/25.8GB (10.2%)
[2026-07-03 14:56:49][INFO] SIM_BRIDGE: CuPy using GPU: NVIDIA GeForce RTX 3090 (24.0 GB), mempool limit: 80%
[2026-07-03 14:56:49][INFO] SIM_BRIDGE: Initializing simulation data for model: IZHIKEVICH (3D)... (playback_init: False)
[2026-07-03 14:56:49][INFO] SIM_BRIDGE: Brain-region framework: 2 regions, 184 total neurons, 0 pathways.
[2026-07-03 14:56:49][INFO] SIM_BRIDGE: RNG initialized with seed: 44
[2026-07-03 14:56:49][INFO] SIM_BRIDGE: Initializing Izhikevich model specifics for 184 neurons...
[2026-07-03 14:56:49][INFO] SIM_BRIDGE: Applying parameter heterogeneity to neuron parameters...
[2026-07-03 14:56:49][INFO] SIM_BRIDGE: Applied heterogeneity to 4 parameters.
[2026-07-03 14:56:49][INFO] SIM_BRIDGE: Generating 3D neuron positions for 184 neurons...
[2026-07-03 14:56:49][INFO] SIM_BRIDGE: Generating connections (brain-region framework)...
[2026-07-03 14:56:49][WARNING] SIM_BRIDGE: No trait info available; all synapses default to E->E STP type.
[2026-07-03 14:56:49][INFO] SIM_BRIDGE: inject_explicit_wiring: installed 12 synapses across 1 populations.
[2026-07-03 14:56:49][INFO] SIM_BRIDGE: Initializing STP state for 12 synapses (capacity: 18)...
[2026-07-03 14:56:49][INFO] SIM_BRIDGE: Initializing eligibility traces for 12 synapses (capacity: 18, dtype: float32)...
[2026-07-03 14:56:49][WARNING] SIM_BRIDGE: No trait info available; all synapses default to E->E STP type.
[2026-07-03 14:56:49][INFO] SIM_BRIDGE: Initializing structural plasticity state...
[2026-07-03 14:56:49][INFO] SIM_BRIDGE: Simulation data initialized for 184 neurons (3D). Synapses: 12. GPU memory: 2.6GB/25.8GB (10.2%)
[2026-07-03 14:58:00][INFO] SIM_BRIDGE: CuPy using GPU: NVIDIA GeForce RTX 3090 (24.0 GB), mempool limit: 80%
[2026-07-03 14:58:00][INFO] SIM_BRIDGE: Initializing simulation data for model: IZHIKEVICH (3D)... (playback_init: False)
[2026-07-03 14:58:00][INFO] SIM_BRIDGE: Brain-region framework: 2 regions, 184 total neurons, 0 pathways.
[2026-07-03 14:58:00][INFO] SIM_BRIDGE: RNG initialized with seed: 100
[2026-07-03 14:58:00][INFO] SIM_BRIDGE: Initializing Izhikevich model specifics for 184 neurons...
[2026-07-03 14:58:00][INFO] SIM_BRIDGE: Applying parameter heterogeneity to neuron parameters...
[2026-07-03 14:58:00][INFO] SIM_BRIDGE: Applied heterogeneity to 4 parameters.
[2026-07-03 14:58:00][INFO] SIM_BRIDGE: Generating 3D neuron positions for 184 neurons...
[2026-07-03 14:58:00][INFO] SIM_BRIDGE: Generating connections (brain-region framework)...
[2026-07-03 14:58:00][WARNING] SIM_BRIDGE: No trait info available; all synapses default to E->E STP type.
[2026-07-03 14:58:00][INFO] SIM_BRIDGE: inject_explicit_wiring: installed 12 synapses across 1 populations.
[2026-07-03 14:58:00][INFO] SIM_BRIDGE: Initializing STP state for 12 synapses (capacity: 18)...
[2026-07-03 14:58:00][INFO] SIM_BRIDGE: Initializing eligibility traces for 12 synapses (capacity: 18, dtype: float32)...
[2026-07-03 14:58:00][WARNING] SIM_BRIDGE: No trait info available; all synapses default to E->E STP type.
[2026-07-03 14:58:00][INFO] SIM_BRIDGE: Initializing structural plasticity state...
[2026-07-03 14:58:00][INFO] SIM_BRIDGE: Simulation data initialized for 184 neurons (3D). Synapses: 12. GPU memory: 2.6GB/25.8GB (10.2%)
[2026-07-03 14:59:13][INFO] SIM_BRIDGE: CuPy using GPU: NVIDIA GeForce RTX 3090 (24.0 GB), mempool limit: 80%
[2026-07-03 14:59:13][INFO] SIM_BRIDGE: Initializing simulation data for model: IZHIKEVICH (3D)... (playback_init: False)
[2026-07-03 14:59:13][INFO] SIM_BRIDGE: Brain-region framework: 2 regions, 184 total neurons, 0 pathways.
[2026-07-03 14:59:13][INFO] SIM_BRIDGE: RNG initialized with seed: 100
[2026-07-03 14:59:13][INFO] SIM_BRIDGE: Initializing Izhikevich model specifics for 184 neurons...
[2026-07-03 14:59:13][INFO] SIM_BRIDGE: Applying parameter heterogeneity to neuron parameters...
[2026-07-03 14:59:13][INFO] SIM_BRIDGE: Applied heterogeneity to 4 parameters.
[2026-07-03 14:59:13][INFO] SIM_BRIDGE: Generating 3D neuron positions for 184 neurons...
[2026-07-03 14:59:13][INFO] SIM_BRIDGE: Generating connections (brain-region framework)...
[2026-07-03 14:59:13][WARNING] SIM_BRIDGE: No trait info available; all synapses default to E->E STP type.
[2026-07-03 14:59:13][INFO] SIM_BRIDGE: inject_explicit_wiring: installed 12 synapses across 1 populations.
[2026-07-03 14:59:13][INFO] SIM_BRIDGE: Initializing STP state for 12 synapses (capacity: 18)...
[2026-07-03 14:59:13][INFO] SIM_BRIDGE: Initializing eligibility traces for 12 synapses (capacity: 18, dtype: float32)...
[2026-07-03 14:59:13][WARNING] SIM_BRIDGE: No trait info available; all synapses default to E->E STP type.
[2026-07-03 14:59:13][INFO] SIM_BRIDGE: Initializing structural plasticity state...
[2026-07-03 14:59:13][INFO] SIM_BRIDGE: Simulation data initialized for 184 neurons (3D). Synapses: 12. GPU memory: 2.6GB/25.8GB (10.2%)
[2026-07-03 15:00:30][INFO] SIM_BRIDGE: CuPy using GPU: NVIDIA GeForce RTX 3090 (24.0 GB), mempool limit: 80%
[2026-07-03 15:00:30][INFO] SIM_BRIDGE: Initializing simulation data for model: IZHIKEVICH (3D)... (playback_init: False)
[2026-07-03 15:00:30][INFO] SIM_BRIDGE: Brain-region framework: 2 regions, 184 total neurons, 0 pathways.
[2026-07-03 15:00:30][INFO] SIM_BRIDGE: RNG initialized with seed: 100
[2026-07-03 15:00:30][INFO] SIM_BRIDGE: Initializing Izhikevich model specifics for 184 neurons...
[2026-07-03 15:00:30][INFO] SIM_BRIDGE: Applying parameter heterogeneity to neuron parameters...
[2026-07-03 15:00:30][INFO] SIM_BRIDGE: Applied heterogeneity to 4 parameters.
[2026-07-03 15:00:30][INFO] SIM_BRIDGE: Generating 3D neuron positions for 184 neurons...
[2026-07-03 15:00:30][INFO] SIM_BRIDGE: Generating connections (brain-region framework)...
[2026-07-03 15:00:30][WARNING] SIM_BRIDGE: No trait info available; all synapses default to E->E STP type.
[2026-07-03 15:00:30][INFO] SIM_BRIDGE: inject_explicit_wiring: installed 12 synapses across 1 populations.
[2026-07-03 15:00:30][INFO] SIM_BRIDGE: Initializing STP state for 12 synapses (capacity: 18)...
[2026-07-03 15:00:30][INFO] SIM_BRIDGE: Initializing eligibility traces for 12 synapses (capacity: 18, dtype: float32)...
[2026-07-03 15:00:30][WARNING] SIM_BRIDGE: No trait info available; all synapses default to E->E STP type.
[2026-07-03 15:00:30][INFO] SIM_BRIDGE: Initializing structural plasticity state...
[2026-07-03 15:00:30][INFO] SIM_BRIDGE: Simulation data initialized for 184 neurons (3D). Synapses: 12. GPU memory: 2.6GB/25.8GB (10.2%)
[2026-07-03 15:01:44][INFO] SIM_BRIDGE: CuPy using GPU: NVIDIA GeForce RTX 3090 (24.0 GB), mempool limit: 80%
[2026-07-03 15:01:44][INFO] SIM_BRIDGE: Initializing simulation data for model: IZHIKEVICH (3D)... (playback_init: False)
[2026-07-03 15:01:44][INFO] SIM_BRIDGE: Brain-region framework: 2 regions, 184 total neurons, 0 pathways.
[2026-07-03 15:01:44][INFO] SIM_BRIDGE: RNG initialized with seed: 101
[2026-07-03 15:01:44][INFO] SIM_BRIDGE: Initializing Izhikevich model specifics for 184 neurons...
[2026-07-03 15:01:44][INFO] SIM_BRIDGE: Applying parameter heterogeneity to neuron parameters...
[2026-07-03 15:01:44][INFO] SIM_BRIDGE: Applied heterogeneity to 4 parameters.
[2026-07-03 15:01:44][INFO] SIM_BRIDGE: Generating 3D neuron positions for 184 neurons...
[2026-07-03 15:01:44][INFO] SIM_BRIDGE: Generating connections (brain-region framework)...
[2026-07-03 15:01:44][WARNING] SIM_BRIDGE: No trait info available; all synapses default to E->E STP type.
[2026-07-03 15:01:44][INFO] SIM_BRIDGE: inject_explicit_wiring: installed 12 synapses across 1 populations.
[2026-07-03 15:01:44][INFO] SIM_BRIDGE: Initializing STP state for 12 synapses (capacity: 18)...
[2026-07-03 15:01:44][INFO] SIM_BRIDGE: Initializing eligibility traces for 12 synapses (capacity: 18, dtype: float32)...
[2026-07-03 15:01:44][WARNING] SIM_BRIDGE: No trait info available; all synapses default to E->E STP type.
[2026-07-03 15:01:44][INFO] SIM_BRIDGE: Initializing structural plasticity state...
[2026-07-03 15:01:44][INFO] SIM_BRIDGE: Simulation data initialized for 184 neurons (3D). Synapses: 12. GPU memory: 2.6GB/25.8GB (10.2%)
[2026-07-03 15:02:56][INFO] SIM_BRIDGE: CuPy using GPU: NVIDIA GeForce RTX 3090 (24.0 GB), mempool limit: 80%
[2026-07-03 15:02:56][INFO] SIM_BRIDGE: Initializing simulation data for model: IZHIKEVICH (3D)... (playback_init: False)
[2026-07-03 15:02:56][INFO] SIM_BRIDGE: Brain-region framework: 2 regions, 184 total neurons, 0 pathways.
[2026-07-03 15:02:56][INFO] SIM_BRIDGE: RNG initialized with seed: 101
[2026-07-03 15:02:56][INFO] SIM_BRIDGE: Initializing Izhikevich model specifics for 184 neurons...
[2026-07-03 15:02:56][INFO] SIM_BRIDGE: Applying parameter heterogeneity to neuron parameters...
[2026-07-03 15:02:56][INFO] SIM_BRIDGE: Applied heterogeneity to 4 parameters.
[2026-07-03 15:02:56][INFO] SIM_BRIDGE: Generating 3D neuron positions for 184 neurons...
[2026-07-03 15:02:56][INFO] SIM_BRIDGE: Generating connections (brain-region framework)...
[2026-07-03 15:02:56][WARNING] SIM_BRIDGE: No trait info available; all synapses default to E->E STP type.
[2026-07-03 15:02:56][INFO] SIM_BRIDGE: inject_explicit_wiring: installed 12 synapses across 1 populations.
[2026-07-03 15:02:56][INFO] SIM_BRIDGE: Initializing STP state for 12 synapses (capacity: 18)...
[2026-07-03 15:02:56][INFO] SIM_BRIDGE: Initializing eligibility traces for 12 synapses (capacity: 18, dtype: float32)...
[2026-07-03 15:02:56][WARNING] SIM_BRIDGE: No trait info available; all synapses default to E->E STP type.
[2026-07-03 15:02:56][INFO] SIM_BRIDGE: Initializing structural plasticity state...
[2026-07-03 15:02:56][INFO] SIM_BRIDGE: Simulation data initialized for 184 neurons (3D). Synapses: 12. GPU memory: 2.6GB/25.8GB (10.2%)
[2026-07-03 15:04:12][INFO] SIM_BRIDGE: CuPy using GPU: NVIDIA GeForce RTX 3090 (24.0 GB), mempool limit: 80%
[2026-07-03 15:04:12][INFO] SIM_BRIDGE: Initializing simulation data for model: IZHIKEVICH (3D)... (playback_init: False)
[2026-07-03 15:04:12][INFO] SIM_BRIDGE: Brain-region framework: 2 regions, 184 total neurons, 0 pathways.
[2026-07-03 15:04:12][INFO] SIM_BRIDGE: RNG initialized with seed: 101
[2026-07-03 15:04:12][INFO] SIM_BRIDGE: Initializing Izhikevich model specifics for 184 neurons...
[2026-07-03 15:04:12][INFO] SIM_BRIDGE: Applying parameter heterogeneity to neuron parameters...
[2026-07-03 15:04:12][INFO] SIM_BRIDGE: Applied heterogeneity to 4 parameters.
[2026-07-03 15:04:12][INFO] SIM_BRIDGE: Generating 3D neuron positions for 184 neurons...
[2026-07-03 15:04:12][INFO] SIM_BRIDGE: Generating connections (brain-region framework)...
[2026-07-03 15:04:12][WARNING] SIM_BRIDGE: No trait info available; all synapses default to E->E STP type.
[2026-07-03 15:04:12][INFO] SIM_BRIDGE: inject_explicit_wiring: installed 12 synapses across 1 populations.
[2026-07-03 15:04:12][INFO] SIM_BRIDGE: Initializing STP state for 12 synapses (capacity: 18)...
[2026-07-03 15:04:12][INFO] SIM_BRIDGE: Initializing eligibility traces for 12 synapses (capacity: 18, dtype: float32)...
[2026-07-03 15:04:12][WARNING] SIM_BRIDGE: No trait info available; all synapses default to E->E STP type.
[2026-07-03 15:04:12][INFO] SIM_BRIDGE: Initializing structural plasticity state...
[2026-07-03 15:04:12][INFO] SIM_BRIDGE: Simulation data initialized for 184 neurons (3D). Synapses: 12. GPU memory: 2.6GB/25.8GB (10.2%)
[2026-07-03 15:05:24][INFO] SIM_BRIDGE: CuPy using GPU: NVIDIA GeForce RTX 3090 (24.0 GB), mempool limit: 80%
[2026-07-03 15:05:24][INFO] SIM_BRIDGE: Initializing simulation data for model: IZHIKEVICH (3D)... (playback_init: False)
[2026-07-03 15:05:24][INFO] SIM_BRIDGE: Brain-region framework: 2 regions, 184 total neurons, 0 pathways.
[2026-07-03 15:05:24][INFO] SIM_BRIDGE: RNG initialized with seed: 102
[2026-07-03 15:05:24][INFO] SIM_BRIDGE: Initializing Izhikevich model specifics for 184 neurons...
[2026-07-03 15:05:24][INFO] SIM_BRIDGE: Applying parameter heterogeneity to neuron parameters...
[2026-07-03 15:05:24][INFO] SIM_BRIDGE: Applied heterogeneity to 4 parameters.
[2026-07-03 15:05:24][INFO] SIM_BRIDGE: Generating 3D neuron positions for 184 neurons...
[2026-07-03 15:05:24][INFO] SIM_BRIDGE: Generating connections (brain-region framework)...
[2026-07-03 15:05:24][WARNING] SIM_BRIDGE: No trait info available; all synapses default to E->E STP type.
[2026-07-03 15:05:24][INFO] SIM_BRIDGE: inject_explicit_wiring: installed 12 synapses across 1 populations.
[2026-07-03 15:05:24][INFO] SIM_BRIDGE: Initializing STP state for 12 synapses (capacity: 18)...
[2026-07-03 15:05:24][INFO] SIM_BRIDGE: Initializing eligibility traces for 12 synapses (capacity: 18, dtype: float32)...
[2026-07-03 15:05:24][WARNING] SIM_BRIDGE: No trait info available; all synapses default to E->E STP type.
[2026-07-03 15:05:24][INFO] SIM_BRIDGE: Initializing structural plasticity state...
[2026-07-03 15:05:24][INFO] SIM_BRIDGE: Simulation data initialized for 184 neurons (3D). Synapses: 12. GPU memory: 2.6GB/25.8GB (10.2%)
[2026-07-03 15:06:37][INFO] SIM_BRIDGE: CuPy using GPU: NVIDIA GeForce RTX 3090 (24.0 GB), mempool limit: 80%
[2026-07-03 15:06:37][INFO] SIM_BRIDGE: Initializing simulation data for model: IZHIKEVICH (3D)... (playback_init: False)
[2026-07-03 15:06:37][INFO] SIM_BRIDGE: Brain-region framework: 2 regions, 184 total neurons, 0 pathways.
[2026-07-03 15:06:37][INFO] SIM_BRIDGE: RNG initialized with seed: 102
[2026-07-03 15:06:37][INFO] SIM_BRIDGE: Initializing Izhikevich model specifics for 184 neurons...
[2026-07-03 15:06:37][INFO] SIM_BRIDGE: Applying parameter heterogeneity to neuron parameters...
[2026-07-03 15:06:37][INFO] SIM_BRIDGE: Applied heterogeneity to 4 parameters.
[2026-07-03 15:06:37][INFO] SIM_BRIDGE: Generating 3D neuron positions for 184 neurons...
[2026-07-03 15:06:37][INFO] SIM_BRIDGE: Generating connections (brain-region framework)...
[2026-07-03 15:06:37][WARNING] SIM_BRIDGE: No trait info available; all synapses default to E->E STP type.
[2026-07-03 15:06:37][INFO] SIM_BRIDGE: inject_explicit_wiring: installed 12 synapses across 1 populations.
[2026-07-03 15:06:37][INFO] SIM_BRIDGE: Initializing STP state for 12 synapses (capacity: 18)...
[2026-07-03 15:06:37][INFO] SIM_BRIDGE: Initializing eligibility traces for 12 synapses (capacity: 18, dtype: float32)...
[2026-07-03 15:06:37][WARNING] SIM_BRIDGE: No trait info available; all synapses default to E->E STP type.
[2026-07-03 15:06:37][INFO] SIM_BRIDGE: Initializing structural plasticity state...
[2026-07-03 15:06:37][INFO] SIM_BRIDGE: Simulation data initialized for 184 neurons (3D). Synapses: 12. GPU memory: 2.6GB/25.8GB (10.2%)
[2026-07-03 15:07:53][INFO] SIM_BRIDGE: CuPy using GPU: NVIDIA GeForce RTX 3090 (24.0 GB), mempool limit: 80%
[2026-07-03 15:07:53][INFO] SIM_BRIDGE: Initializing simulation data for model: IZHIKEVICH (3D)... (playback_init: False)
[2026-07-03 15:07:53][INFO] SIM_BRIDGE: Brain-region framework: 2 regions, 184 total neurons, 0 pathways.
[2026-07-03 15:07:53][INFO] SIM_BRIDGE: RNG initialized with seed: 102
[2026-07-03 15:07:53][INFO] SIM_BRIDGE: Initializing Izhikevich model specifics for 184 neurons...
[2026-07-03 15:07:53][INFO] SIM_BRIDGE: Applying parameter heterogeneity to neuron parameters...
[2026-07-03 15:07:53][INFO] SIM_BRIDGE: Applied heterogeneity to 4 parameters.
[2026-07-03 15:07:53][INFO] SIM_BRIDGE: Generating 3D neuron positions for 184 neurons...
[2026-07-03 15:07:53][INFO] SIM_BRIDGE: Generating connections (brain-region framework)...
[2026-07-03 15:07:53][WARNING] SIM_BRIDGE: No trait info available; all synapses default to E->E STP type.
[2026-07-03 15:07:53][INFO] SIM_BRIDGE: inject_explicit_wiring: installed 12 synapses across 1 populations.
[2026-07-03 15:07:53][INFO] SIM_BRIDGE: Initializing STP state for 12 synapses (capacity: 18)...
[2026-07-03 15:07:53][INFO] SIM_BRIDGE: Initializing eligibility traces for 12 synapses (capacity: 18, dtype: float32)...
[2026-07-03 15:07:53][WARNING] SIM_BRIDGE: No trait info available; all synapses default to E->E STP type.
[2026-07-03 15:07:53][INFO] SIM_BRIDGE: Initializing structural plasticity state...
[2026-07-03 15:07:53][INFO] SIM_BRIDGE: Simulation data initialized for 184 neurons (3D). Synapses: 12. GPU memory: 2.6GB/25.8GB (10.2%)
  [hi-OFF baseline == EMERGE-75] total regress over 6 seeds: 2 (per-seed: [0, 0, 0, 0, 0, 2])
[2026-07-03 15:09:06][INFO] SIM_BRIDGE: CuPy using GPU: NVIDIA GeForce RTX 3090 (24.0 GB), mempool limit: 80%
[2026-07-03 15:09:06][INFO] SIM_BRIDGE: Initializing simulation data for model: IZHIKEVICH (3D)... (playback_init: False)
[2026-07-03 15:09:06][INFO] SIM_BRIDGE: Brain-region framework: 2 regions, 184 total neurons, 0 pathways.
[2026-07-03 15:09:06][INFO] SIM_BRIDGE: RNG initialized with seed: 42
[2026-07-03 15:09:06][INFO] SIM_BRIDGE: Initializing Izhikevich model specifics for 184 neurons...
[2026-07-03 15:09:06][INFO] SIM_BRIDGE: Applying parameter heterogeneity to neuron parameters...
[2026-07-03 15:09:06][INFO] SIM_BRIDGE: Applied heterogeneity to 4 parameters.
[2026-07-03 15:09:06][INFO] SIM_BRIDGE: Generating 3D neuron positions for 184 neurons...
[2026-07-03 15:09:06][INFO] SIM_BRIDGE: Generating connections (brain-region framework)...
[2026-07-03 15:09:06][WARNING] SIM_BRIDGE: No trait info available; all synapses default to E->E STP type.
[2026-07-03 15:09:06][INFO] SIM_BRIDGE: inject_explicit_wiring: installed 12 synapses across 1 populations.
[2026-07-03 15:09:06][INFO] SIM_BRIDGE: Initializing STP state for 12 synapses (capacity: 18)...
[2026-07-03 15:09:06][INFO] SIM_BRIDGE: Initializing eligibility traces for 12 synapses (capacity: 18, dtype: float32)...
[2026-07-03 15:09:06][WARNING] SIM_BRIDGE: No trait info available; all synapses default to E->E STP type.
[2026-07-03 15:09:06][INFO] SIM_BRIDGE: Initializing structural plasticity state...
[2026-07-03 15:09:06][INFO] SIM_BRIDGE: Simulation data initialized for 184 neurons (3D). Synapses: 12. GPU memory: 2.6GB/25.8GB (10.2%)
[2026-07-03 15:10:18][INFO] SIM_BRIDGE: CuPy using GPU: NVIDIA GeForce RTX 3090 (24.0 GB), mempool limit: 80%
[2026-07-03 15:10:18][INFO] SIM_BRIDGE: Initializing simulation data for model: IZHIKEVICH (3D)... (playback_init: False)
[2026-07-03 15:10:18][INFO] SIM_BRIDGE: Brain-region framework: 2 regions, 184 total neurons, 0 pathways.
[2026-07-03 15:10:18][INFO] SIM_BRIDGE: RNG initialized with seed: 42
[2026-07-03 15:10:18][INFO] SIM_BRIDGE: Initializing Izhikevich model specifics for 184 neurons...
[2026-07-03 15:10:18][INFO] SIM_BRIDGE: Applying parameter heterogeneity to neuron parameters...
[2026-07-03 15:10:18][INFO] SIM_BRIDGE: Applied heterogeneity to 4 parameters.
[2026-07-03 15:10:18][INFO] SIM_BRIDGE: Generating 3D neuron positions for 184 neurons...
[2026-07-03 15:10:18][INFO] SIM_BRIDGE: Generating connections (brain-region framework)...
[2026-07-03 15:10:18][WARNING] SIM_BRIDGE: No trait info available; all synapses default to E->E STP type.
[2026-07-03 15:10:18][INFO] SIM_BRIDGE: inject_explicit_wiring: installed 12 synapses across 1 populations.
[2026-07-03 15:10:18][INFO] SIM_BRIDGE: Initializing STP state for 12 synapses (capacity: 18)...
[2026-07-03 15:10:18][INFO] SIM_BRIDGE: Initializing eligibility traces for 12 synapses (capacity: 18, dtype: float32)...
[2026-07-03 15:10:18][WARNING] SIM_BRIDGE: No trait info available; all synapses default to E->E STP type.
[2026-07-03 15:10:18][INFO] SIM_BRIDGE: Initializing structural plasticity state...
[2026-07-03 15:10:18][INFO] SIM_BRIDGE: Simulation data initialized for 184 neurons (3D). Synapses: 12. GPU memory: 2.6GB/25.8GB (10.2%)
[2026-07-03 15:11:35][INFO] SIM_BRIDGE: CuPy using GPU: NVIDIA GeForce RTX 3090 (24.0 GB), mempool limit: 80%
[2026-07-03 15:11:35][INFO] SIM_BRIDGE: Initializing simulation data for model: IZHIKEVICH (3D)... (playback_init: False)
[2026-07-03 15:11:35][INFO] SIM_BRIDGE: Brain-region framework: 2 regions, 184 total neurons, 0 pathways.
[2026-07-03 15:11:35][INFO] SIM_BRIDGE: RNG initialized with seed: 42
[2026-07-03 15:11:35][INFO] SIM_BRIDGE: Initializing Izhikevich model specifics for 184 neurons...
[2026-07-03 15:11:35][INFO] SIM_BRIDGE: Applying parameter heterogeneity to neuron parameters...
[2026-07-03 15:11:35][INFO] SIM_BRIDGE: Applied heterogeneity to 4 parameters.
[2026-07-03 15:11:35][INFO] SIM_BRIDGE: Generating 3D neuron positions for 184 neurons...
[2026-07-03 15:11:35][INFO] SIM_BRIDGE: Generating connections (brain-region framework)...
[2026-07-03 15:11:35][WARNING] SIM_BRIDGE: No trait info available; all synapses default to E->E STP type.
[2026-07-03 15:11:35][INFO] SIM_BRIDGE: inject_explicit_wiring: installed 12 synapses across 1 populations.
[2026-07-03 15:11:35][INFO] SIM_BRIDGE: Initializing STP state for 12 synapses (capacity: 18)...
[2026-07-03 15:11:35][INFO] SIM_BRIDGE: Initializing eligibility traces for 12 synapses (capacity: 18, dtype: float32)...
[2026-07-03 15:11:35][WARNING] SIM_BRIDGE: No trait info available; all synapses default to E->E STP type.
[2026-07-03 15:11:35][INFO] SIM_BRIDGE: Initializing structural plasticity state...
[2026-07-03 15:11:35][INFO] SIM_BRIDGE: Simulation data initialized for 184 neurons (3D). Synapses: 12. GPU memory: 2.6GB/25.8GB (10.2%)
[2026-07-03 15:12:48][INFO] SIM_BRIDGE: CuPy using GPU: NVIDIA GeForce RTX 3090 (24.0 GB), mempool limit: 80%
[2026-07-03 15:12:48][INFO] SIM_BRIDGE: Initializing simulation data for model: IZHIKEVICH (3D)... (playback_init: False)
[2026-07-03 15:12:48][INFO] SIM_BRIDGE: Brain-region framework: 2 regions, 184 total neurons, 0 pathways.
[2026-07-03 15:12:48][INFO] SIM_BRIDGE: RNG initialized with seed: 43
[2026-07-03 15:12:48][INFO] SIM_BRIDGE: Initializing Izhikevich model specifics for 184 neurons...
[2026-07-03 15:12:48][INFO] SIM_BRIDGE: Applying parameter heterogeneity to neuron parameters...
[2026-07-03 15:12:48][INFO] SIM_BRIDGE: Applied heterogeneity to 4 parameters.
[2026-07-03 15:12:48][INFO] SIM_BRIDGE: Generating 3D neuron positions for 184 neurons...
[2026-07-03 15:12:48][INFO] SIM_BRIDGE: Generating connections (brain-region framework)...
[2026-07-03 15:12:48][WARNING] SIM_BRIDGE: No trait info available; all synapses default to E->E STP type.
[2026-07-03 15:12:48][INFO] SIM_BRIDGE: inject_explicit_wiring: installed 12 synapses across 1 populations.
[2026-07-03 15:12:48][INFO] SIM_BRIDGE: Initializing STP state for 12 synapses (capacity: 18)...
[2026-07-03 15:12:48][INFO] SIM_BRIDGE: Initializing eligibility traces for 12 synapses (capacity: 18, dtype: float32)...
[2026-07-03 15:12:48][WARNING] SIM_BRIDGE: No trait info available; all synapses default to E->E STP type.
[2026-07-03 15:12:48][INFO] SIM_BRIDGE: Initializing structural plasticity state...
[2026-07-03 15:12:48][INFO] SIM_BRIDGE: Simulation data initialized for 184 neurons (3D). Synapses: 12. GPU memory: 2.6GB/25.8GB (10.2%)
[2026-07-03 15:14:00][INFO] SIM_BRIDGE: CuPy using GPU: NVIDIA GeForce RTX 3090 (24.0 GB), mempool limit: 80%
[2026-07-03 15:14:00][INFO] SIM_BRIDGE: Initializing simulation data for model: IZHIKEVICH (3D)... (playback_init: False)
[2026-07-03 15:14:00][INFO] SIM_BRIDGE: Brain-region framework: 2 regions, 184 total neurons, 0 pathways.
[2026-07-03 15:14:00][INFO] SIM_BRIDGE: RNG initialized with seed: 43
[2026-07-03 15:14:00][INFO] SIM_BRIDGE: Initializing Izhikevich model specifics for 184 neurons...
[2026-07-03 15:14:00][INFO] SIM_BRIDGE: Applying parameter heterogeneity to neuron parameters...
[2026-07-03 15:14:00][INFO] SIM_BRIDGE: Applied heterogeneity to 4 parameters.
[2026-07-03 15:14:00][INFO] SIM_BRIDGE: Generating 3D neuron positions for 184 neurons...
[2026-07-03 15:14:00][INFO] SIM_BRIDGE: Generating connections (brain-region framework)...
[2026-07-03 15:14:00][WARNING] SIM_BRIDGE: No trait info available; all synapses default to E->E STP type.
[2026-07-03 15:14:00][INFO] SIM_BRIDGE: inject_explicit_wiring: installed 12 synapses across 1 populations.
[2026-07-03 15:14:00][INFO] SIM_BRIDGE: Initializing STP state for 12 synapses (capacity: 18)...
[2026-07-03 15:14:00][INFO] SIM_BRIDGE: Initializing eligibility traces for 12 synapses (capacity: 18, dtype: float32)...
[2026-07-03 15:14:00][WARNING] SIM_BRIDGE: No trait info available; all synapses default to E->E STP type.
[2026-07-03 15:14:00][INFO] SIM_BRIDGE: Initializing structural plasticity state...
[2026-07-03 15:14:00][INFO] SIM_BRIDGE: Simulation data initialized for 184 neurons (3D). Synapses: 12. GPU memory: 2.6GB/25.8GB (10.2%)
[2026-07-03 15:15:17][INFO] SIM_BRIDGE: CuPy using GPU: NVIDIA GeForce RTX 3090 (24.0 GB), mempool limit: 80%
[2026-07-03 15:15:17][INFO] SIM_BRIDGE: Initializing simulation data for model: IZHIKEVICH (3D)... (playback_init: False)
[2026-07-03 15:15:17][INFO] SIM_BRIDGE: Brain-region framework: 2 regions, 184 total neurons, 0 pathways.
[2026-07-03 15:15:17][INFO] SIM_BRIDGE: RNG initialized with seed: 43
[2026-07-03 15:15:17][INFO] SIM_BRIDGE: Initializing Izhikevich model specifics for 184 neurons...
[2026-07-03 15:15:17][INFO] SIM_BRIDGE: Applying parameter heterogeneity to neuron parameters...
[2026-07-03 15:15:17][INFO] SIM_BRIDGE: Applied heterogeneity to 4 parameters.
[2026-07-03 15:15:17][INFO] SIM_BRIDGE: Generating 3D neuron positions for 184 neurons...
[2026-07-03 15:15:17][INFO] SIM_BRIDGE: Generating connections (brain-region framework)...
[2026-07-03 15:15:17][WARNING] SIM_BRIDGE: No trait info available; all synapses default to E->E STP type.
[2026-07-03 15:15:17][INFO] SIM_BRIDGE: inject_explicit_wiring: installed 12 synapses across 1 populations.
[2026-07-03 15:15:17][INFO] SIM_BRIDGE: Initializing STP state for 12 synapses (capacity: 18)...
[2026-07-03 15:15:17][INFO] SIM_BRIDGE: Initializing eligibility traces for 12 synapses (capacity: 18, dtype: float32)...
[2026-07-03 15:15:17][WARNING] SIM_BRIDGE: No trait info available; all synapses default to E->E STP type.
[2026-07-03 15:15:17][INFO] SIM_BRIDGE: Initializing structural plasticity state...
[2026-07-03 15:15:17][INFO] SIM_BRIDGE: Simulation data initialized for 184 neurons (3D). Synapses: 12. GPU memory: 2.6GB/25.8GB (10.2%)
[2026-07-03 15:16:30][INFO] SIM_BRIDGE: CuPy using GPU: NVIDIA GeForce RTX 3090 (24.0 GB), mempool limit: 80%
[2026-07-03 15:16:30][INFO] SIM_BRIDGE: Initializing simulation data for model: IZHIKEVICH (3D)... (playback_init: False)
[2026-07-03 15:16:30][INFO] SIM_BRIDGE: Brain-region framework: 2 regions, 184 total neurons, 0 pathways.
[2026-07-03 15:16:30][INFO] SIM_BRIDGE: RNG initialized with seed: 44
[2026-07-03 15:16:30][INFO] SIM_BRIDGE: Initializing Izhikevich model specifics for 184 neurons...
[2026-07-03 15:16:30][INFO] SIM_BRIDGE: Applying parameter heterogeneity to neuron parameters...
[2026-07-03 15:16:30][INFO] SIM_BRIDGE: Applied heterogeneity to 4 parameters.
[2026-07-03 15:16:30][INFO] SIM_BRIDGE: Generating 3D neuron positions for 184 neurons...
[2026-07-03 15:16:30][INFO] SIM_BRIDGE: Generating connections (brain-region framework)...
[2026-07-03 15:16:30][WARNING] SIM_BRIDGE: No trait info available; all synapses default to E->E STP type.
[2026-07-03 15:16:30][INFO] SIM_BRIDGE: inject_explicit_wiring: installed 12 synapses across 1 populations.
[2026-07-03 15:16:30][INFO] SIM_BRIDGE: Initializing STP state for 12 synapses (capacity: 18)...
[2026-07-03 15:16:30][INFO] SIM_BRIDGE: Initializing eligibility traces for 12 synapses (capacity: 18, dtype: float32)...
[2026-07-03 15:16:30][WARNING] SIM_BRIDGE: No trait info available; all synapses default to E->E STP type.
[2026-07-03 15:16:30][INFO] SIM_BRIDGE: Initializing structural plasticity state...
[2026-07-03 15:16:30][INFO] SIM_BRIDGE: Simulation data initialized for 184 neurons (3D). Synapses: 12. GPU memory: 2.6GB/25.8GB (10.2%)
[2026-07-03 15:17:43][INFO] SIM_BRIDGE: CuPy using GPU: NVIDIA GeForce RTX 3090 (24.0 GB), mempool limit: 80%
[2026-07-03 15:17:43][INFO] SIM_BRIDGE: Initializing simulation data for model: IZHIKEVICH (3D)... (playback_init: False)
[2026-07-03 15:17:43][INFO] SIM_BRIDGE: Brain-region framework: 2 regions, 184 total neurons, 0 pathways.
[2026-07-03 15:17:43][INFO] SIM_BRIDGE: RNG initialized with seed: 44
[2026-07-03 15:17:43][INFO] SIM_BRIDGE: Initializing Izhikevich model specifics for 184 neurons...
[2026-07-03 15:17:43][INFO] SIM_BRIDGE: Applying parameter heterogeneity to neuron parameters...
[2026-07-03 15:17:43][INFO] SIM_BRIDGE: Applied heterogeneity to 4 parameters.
[2026-07-03 15:17:43][INFO] SIM_BRIDGE: Generating 3D neuron positions for 184 neurons...
[2026-07-03 15:17:43][INFO] SIM_BRIDGE: Generating connections (brain-region framework)...
[2026-07-03 15:17:43][WARNING] SIM_BRIDGE: No trait info available; all synapses default to E->E STP type.
[2026-07-03 15:17:43][INFO] SIM_BRIDGE: inject_explicit_wiring: installed 12 synapses across 1 populations.
[2026-07-03 15:17:43][INFO] SIM_BRIDGE: Initializing STP state for 12 synapses (capacity: 18)...
[2026-07-03 15:17:43][INFO] SIM_BRIDGE: Initializing eligibility traces for 12 synapses (capacity: 18, dtype: float32)...
[2026-07-03 15:17:43][WARNING] SIM_BRIDGE: No trait info available; all synapses default to E->E STP type.
[2026-07-03 15:17:43][INFO] SIM_BRIDGE: Initializing structural plasticity state...
[2026-07-03 15:17:43][INFO] SIM_BRIDGE: Simulation data initialized for 184 neurons (3D). Synapses: 12. GPU memory: 2.6GB/25.8GB (10.2%)
[2026-07-03 15:18:59][INFO] SIM_BRIDGE: CuPy using GPU: NVIDIA GeForce RTX 3090 (24.0 GB), mempool limit: 80%
[2026-07-03 15:18:59][INFO] SIM_BRIDGE: Initializing simulation data for model: IZHIKEVICH (3D)... (playback_init: False)
[2026-07-03 15:18:59][INFO] SIM_BRIDGE: Brain-region framework: 2 regions, 184 total neurons, 0 pathways.
[2026-07-03 15:18:59][INFO] SIM_BRIDGE: RNG initialized with seed: 44
[2026-07-03 15:18:59][INFO] SIM_BRIDGE: Initializing Izhikevich model specifics for 184 neurons...
[2026-07-03 15:18:59][INFO] SIM_BRIDGE: Applying parameter heterogeneity to neuron parameters...
[2026-07-03 15:18:59][INFO] SIM_BRIDGE: Applied heterogeneity to 4 parameters.
[2026-07-03 15:18:59][INFO] SIM_BRIDGE: Generating 3D neuron positions for 184 neurons...
[2026-07-03 15:18:59][INFO] SIM_BRIDGE: Generating connections (brain-region framework)...
[2026-07-03 15:18:59][WARNING] SIM_BRIDGE: No trait info available; all synapses default to E->E STP type.
[2026-07-03 15:18:59][INFO] SIM_BRIDGE: inject_explicit_wiring: installed 12 synapses across 1 populations.
[2026-07-03 15:18:59][INFO] SIM_BRIDGE: Initializing STP state for 12 synapses (capacity: 18)...
[2026-07-03 15:18:59][INFO] SIM_BRIDGE: Initializing eligibility traces for 12 synapses (capacity: 18, dtype: float32)...
[2026-07-03 15:18:59][WARNING] SIM_BRIDGE: No trait info available; all synapses default to E->E STP type.
[2026-07-03 15:18:59][INFO] SIM_BRIDGE: Initializing structural plasticity state...
[2026-07-03 15:18:59][INFO] SIM_BRIDGE: Simulation data initialized for 184 neurons (3D). Synapses: 12. GPU memory: 2.6GB/25.8GB (10.2%)
[2026-07-03 15:20:10][INFO] SIM_BRIDGE: CuPy using GPU: NVIDIA GeForce RTX 3090 (24.0 GB), mempool limit: 80%
[2026-07-03 15:20:10][INFO] SIM_BRIDGE: Initializing simulation data for model: IZHIKEVICH (3D)... (playback_init: False)
[2026-07-03 15:20:10][INFO] SIM_BRIDGE: Brain-region framework: 2 regions, 184 total neurons, 0 pathways.
[2026-07-03 15:20:10][INFO] SIM_BRIDGE: RNG initialized with seed: 100
[2026-07-03 15:20:10][INFO] SIM_BRIDGE: Initializing Izhikevich model specifics for 184 neurons...
[2026-07-03 15:20:10][INFO] SIM_BRIDGE: Applying parameter heterogeneity to neuron parameters...
[2026-07-03 15:20:10][INFO] SIM_BRIDGE: Applied heterogeneity to 4 parameters.
[2026-07-03 15:20:10][INFO] SIM_BRIDGE: Generating 3D neuron positions for 184 neurons...
[2026-07-03 15:20:10][INFO] SIM_BRIDGE: Generating connections (brain-region framework)...
[2026-07-03 15:20:10][WARNING] SIM_BRIDGE: No trait info available; all synapses default to E->E STP type.
[2026-07-03 15:20:10][INFO] SIM_BRIDGE: inject_explicit_wiring: installed 12 synapses across 1 populations.
[2026-07-03 15:20:10][INFO] SIM_BRIDGE: Initializing STP state for 12 synapses (capacity: 18)...
[2026-07-03 15:20:10][INFO] SIM_BRIDGE: Initializing eligibility traces for 12 synapses (capacity: 18, dtype: float32)...
[2026-07-03 15:20:10][WARNING] SIM_BRIDGE: No trait info available; all synapses default to E->E STP type.
[2026-07-03 15:20:10][INFO] SIM_BRIDGE: Initializing structural plasticity state...
[2026-07-03 15:20:10][INFO] SIM_BRIDGE: Simulation data initialized for 184 neurons (3D). Synapses: 12. GPU memory: 2.6GB/25.8GB (10.2%)
[2026-07-03 15:21:21][INFO] SIM_BRIDGE: CuPy using GPU: NVIDIA GeForce RTX 3090 (24.0 GB), mempool limit: 80%
[2026-07-03 15:21:21][INFO] SIM_BRIDGE: Initializing simulation data for model: IZHIKEVICH (3D)... (playback_init: False)
[2026-07-03 15:21:21][INFO] SIM_BRIDGE: Brain-region framework: 2 regions, 184 total neurons, 0 pathways.
[2026-07-03 15:21:21][INFO] SIM_BRIDGE: RNG initialized with seed: 100
[2026-07-03 15:21:21][INFO] SIM_BRIDGE: Initializing Izhikevich model specifics for 184 neurons...
[2026-07-03 15:21:21][INFO] SIM_BRIDGE: Applying parameter heterogeneity to neuron parameters...
[2026-07-03 15:21:21][INFO] SIM_BRIDGE: Applied heterogeneity to 4 parameters.
[2026-07-03 15:21:21][INFO] SIM_BRIDGE: Generating 3D neuron positions for 184 neurons...
[2026-07-03 15:21:21][INFO] SIM_BRIDGE: Generating connections (brain-region framework)...
[2026-07-03 15:21:21][WARNING] SIM_BRIDGE: No trait info available; all synapses default to E->E STP type.
[2026-07-03 15:21:21][INFO] SIM_BRIDGE: inject_explicit_wiring: installed 12 synapses across 1 populations.
[2026-07-03 15:21:21][INFO] SIM_BRIDGE: Initializing STP state for 12 synapses (capacity: 18)...
[2026-07-03 15:21:21][INFO] SIM_BRIDGE: Initializing eligibility traces for 12 synapses (capacity: 18, dtype: float32)...
[2026-07-03 15:21:21][WARNING] SIM_BRIDGE: No trait info available; all synapses default to E->E STP type.
[2026-07-03 15:21:21][INFO] SIM_BRIDGE: Initializing structural plasticity state...
[2026-07-03 15:21:21][INFO] SIM_BRIDGE: Simulation data initialized for 184 neurons (3D). Synapses: 12. GPU memory: 2.6GB/25.8GB (10.2%)
[2026-07-03 15:22:39][INFO] SIM_BRIDGE: CuPy using GPU: NVIDIA GeForce RTX 3090 (24.0 GB), mempool limit: 80%
[2026-07-03 15:22:39][INFO] SIM_BRIDGE: Initializing simulation data for model: IZHIKEVICH (3D)... (playback_init: False)
[2026-07-03 15:22:39][INFO] SIM_BRIDGE: Brain-region framework: 2 regions, 184 total neurons, 0 pathways.
[2026-07-03 15:22:39][INFO] SIM_BRIDGE: RNG initialized with seed: 100
[2026-07-03 15:22:39][INFO] SIM_BRIDGE: Initializing Izhikevich model specifics for 184 neurons...
[2026-07-03 15:22:39][INFO] SIM_BRIDGE: Applying parameter heterogeneity to neuron parameters...
[2026-07-03 15:22:39][INFO] SIM_BRIDGE: Applied heterogeneity to 4 parameters.
[2026-07-03 15:22:39][INFO] SIM_BRIDGE: Generating 3D neuron positions for 184 neurons...
[2026-07-03 15:22:39][INFO] SIM_BRIDGE: Generating connections (brain-region framework)...
[2026-07-03 15:22:39][WARNING] SIM_BRIDGE: No trait info available; all synapses default to E->E STP type.
[2026-07-03 15:22:39][INFO] SIM_BRIDGE: inject_explicit_wiring: installed 12 synapses across 1 populations.
[2026-07-03 15:22:39][INFO] SIM_BRIDGE: Initializing STP state for 12 synapses (capacity: 18)...
[2026-07-03 15:22:39][INFO] SIM_BRIDGE: Initializing eligibility traces for 12 synapses (capacity: 18, dtype: float32)...
[2026-07-03 15:22:39][WARNING] SIM_BRIDGE: No trait info available; all synapses default to E->E STP type.
[2026-07-03 15:22:39][INFO] SIM_BRIDGE: Initializing structural plasticity state...
[2026-07-03 15:22:39][INFO] SIM_BRIDGE: Simulation data initialized for 184 neurons (3D). Synapses: 12. GPU memory: 2.6GB/25.8GB (10.2%)
[2026-07-03 15:23:51][INFO] SIM_BRIDGE: CuPy using GPU: NVIDIA GeForce RTX 3090 (24.0 GB), mempool limit: 80%
[2026-07-03 15:23:51][INFO] SIM_BRIDGE: Initializing simulation data for model: IZHIKEVICH (3D)... (playback_init: False)
[2026-07-03 15:23:51][INFO] SIM_BRIDGE: Brain-region framework: 2 regions, 184 total neurons, 0 pathways.
[2026-07-03 15:23:51][INFO] SIM_BRIDGE: RNG initialized with seed: 101
[2026-07-03 15:23:51][INFO] SIM_BRIDGE: Initializing Izhikevich model specifics for 184 neurons...
[2026-07-03 15:23:51][INFO] SIM_BRIDGE: Applying parameter heterogeneity to neuron parameters...
[2026-07-03 15:23:51][INFO] SIM_BRIDGE: Applied heterogeneity to 4 parameters.
[2026-07-03 15:23:51][INFO] SIM_BRIDGE: Generating 3D neuron positions for 184 neurons...
[2026-07-03 15:23:51][INFO] SIM_BRIDGE: Generating connections (brain-region framework)...
[2026-07-03 15:23:51][WARNING] SIM_BRIDGE: No trait info available; all synapses default to E->E STP type.
[2026-07-03 15:23:51][INFO] SIM_BRIDGE: inject_explicit_wiring: installed 12 synapses across 1 populations.
[2026-07-03 15:23:51][INFO] SIM_BRIDGE: Initializing STP state for 12 synapses (capacity: 18)...
[2026-07-03 15:23:51][INFO] SIM_BRIDGE: Initializing eligibility traces for 12 synapses (capacity: 18, dtype: float32)...
[2026-07-03 15:23:51][WARNING] SIM_BRIDGE: No trait info available; all synapses default to E->E STP type.
[2026-07-03 15:23:51][INFO] SIM_BRIDGE: Initializing structural plasticity state...
[2026-07-03 15:23:51][INFO] SIM_BRIDGE: Simulation data initialized for 184 neurons (3D). Synapses: 12. GPU memory: 2.6GB/25.8GB (10.2%)
[2026-07-03 15:25:05][INFO] SIM_BRIDGE: CuPy using GPU: NVIDIA GeForce RTX 3090 (24.0 GB), mempool limit: 80%
[2026-07-03 15:25:05][INFO] SIM_BRIDGE: Initializing simulation data for model: IZHIKEVICH (3D)... (playback_init: False)
[2026-07-03 15:25:05][INFO] SIM_BRIDGE: Brain-region framework: 2 regions, 184 total neurons, 0 pathways.
[2026-07-03 15:25:05][INFO] SIM_BRIDGE: RNG initialized with seed: 101
[2026-07-03 15:25:05][INFO] SIM_BRIDGE: Initializing Izhikevich model specifics for 184 neurons...
[2026-07-03 15:25:05][INFO] SIM_BRIDGE: Applying parameter heterogeneity to neuron parameters...
[2026-07-03 15:25:05][INFO] SIM_BRIDGE: Applied heterogeneity to 4 parameters.
[2026-07-03 15:25:05][INFO] SIM_BRIDGE: Generating 3D neuron positions for 184 neurons...
[2026-07-03 15:25:05][INFO] SIM_BRIDGE: Generating connections (brain-region framework)...
[2026-07-03 15:25:05][WARNING] SIM_BRIDGE: No trait info available; all synapses default to E->E STP type.
[2026-07-03 15:25:05][INFO] SIM_BRIDGE: inject_explicit_wiring: installed 12 synapses across 1 populations.
[2026-07-03 15:25:05][INFO] SIM_BRIDGE: Initializing STP state for 12 synapses (capacity: 18)...
[2026-07-03 15:25:05][INFO] SIM_BRIDGE: Initializing eligibility traces for 12 synapses (capacity: 18, dtype: float32)...
[2026-07-03 15:25:05][WARNING] SIM_BRIDGE: No trait info available; all synapses default to E->E STP type.
[2026-07-03 15:25:05][INFO] SIM_BRIDGE: Initializing structural plasticity state...
[2026-07-03 15:25:05][INFO] SIM_BRIDGE: Simulation data initialized for 184 neurons (3D). Synapses: 12. GPU memory: 2.6GB/25.8GB (10.2%)
[2026-07-03 15:26:23][INFO] SIM_BRIDGE: CuPy using GPU: NVIDIA GeForce RTX 3090 (24.0 GB), mempool limit: 80%
[2026-07-03 15:26:23][INFO] SIM_BRIDGE: Initializing simulation data for model: IZHIKEVICH (3D)... (playback_init: False)
[2026-07-03 15:26:23][INFO] SIM_BRIDGE: Brain-region framework: 2 regions, 184 total neurons, 0 pathways.
[2026-07-03 15:26:23][INFO] SIM_BRIDGE: RNG initialized with seed: 101
[2026-07-03 15:26:23][INFO] SIM_BRIDGE: Initializing Izhikevich model specifics for 184 neurons...
[2026-07-03 15:26:23][INFO] SIM_BRIDGE: Applying parameter heterogeneity to neuron parameters...
[2026-07-03 15:26:23][INFO] SIM_BRIDGE: Applied heterogeneity to 4 parameters.
[2026-07-03 15:26:23][INFO] SIM_BRIDGE: Generating 3D neuron positions for 184 neurons...
[2026-07-03 15:26:23][INFO] SIM_BRIDGE: Generating connections (brain-region framework)...
[2026-07-03 15:26:23][WARNING] SIM_BRIDGE: No trait info available; all synapses default to E->E STP type.
[2026-07-03 15:26:23][INFO] SIM_BRIDGE: inject_explicit_wiring: installed 12 synapses across 1 populations.
[2026-07-03 15:26:23][INFO] SIM_BRIDGE: Initializing STP state for 12 synapses (capacity: 18)...
[2026-07-03 15:26:23][INFO] SIM_BRIDGE: Initializing eligibility traces for 12 synapses (capacity: 18, dtype: float32)...
[2026-07-03 15:26:23][WARNING] SIM_BRIDGE: No trait info available; all synapses default to E->E STP type.
[2026-07-03 15:26:23][INFO] SIM_BRIDGE: Initializing structural plasticity state...
[2026-07-03 15:26:23][INFO] SIM_BRIDGE: Simulation data initialized for 184 neurons (3D). Synapses: 12. GPU memory: 2.6GB/25.8GB (10.2%)
[2026-07-03 15:27:35][INFO] SIM_BRIDGE: CuPy using GPU: NVIDIA GeForce RTX 3090 (24.0 GB), mempool limit: 80%
[2026-07-03 15:27:35][INFO] SIM_BRIDGE: Initializing simulation data for model: IZHIKEVICH (3D)... (playback_init: False)
[2026-07-03 15:27:35][INFO] SIM_BRIDGE: Brain-region framework: 2 regions, 184 total neurons, 0 pathways.
[2026-07-03 15:27:35][INFO] SIM_BRIDGE: RNG initialized with seed: 102
[2026-07-03 15:27:35][INFO] SIM_BRIDGE: Initializing Izhikevich model specifics for 184 neurons...
[2026-07-03 15:27:35][INFO] SIM_BRIDGE: Applying parameter heterogeneity to neuron parameters...
[2026-07-03 15:27:35][INFO] SIM_BRIDGE: Applied heterogeneity to 4 parameters.
[2026-07-03 15:27:35][INFO] SIM_BRIDGE: Generating 3D neuron positions for 184 neurons...
[2026-07-03 15:27:35][INFO] SIM_BRIDGE: Generating connections (brain-region framework)...
[2026-07-03 15:27:35][WARNING] SIM_BRIDGE: No trait info available; all synapses default to E->E STP type.
[2026-07-03 15:27:35][INFO] SIM_BRIDGE: inject_explicit_wiring: installed 12 synapses across 1 populations.
[2026-07-03 15:27:35][INFO] SIM_BRIDGE: Initializing STP state for 12 synapses (capacity: 18)...
[2026-07-03 15:27:35][INFO] SIM_BRIDGE: Initializing eligibility traces for 12 synapses (capacity: 18, dtype: float32)...
[2026-07-03 15:27:35][WARNING] SIM_BRIDGE: No trait info available; all synapses default to E->E STP type.
[2026-07-03 15:27:35][INFO] SIM_BRIDGE: Initializing structural plasticity state...
[2026-07-03 15:27:35][INFO] SIM_BRIDGE: Simulation data initialized for 184 neurons (3D). Synapses: 12. GPU memory: 2.6GB/25.8GB (10.2%)
[2026-07-03 15:28:46][INFO] SIM_BRIDGE: CuPy using GPU: NVIDIA GeForce RTX 3090 (24.0 GB), mempool limit: 80%
[2026-07-03 15:28:46][INFO] SIM_BRIDGE: Initializing simulation data for model: IZHIKEVICH (3D)... (playback_init: False)
[2026-07-03 15:28:46][INFO] SIM_BRIDGE: Brain-region framework: 2 regions, 184 total neurons, 0 pathways.
[2026-07-03 15:28:46][INFO] SIM_BRIDGE: RNG initialized with seed: 102
[2026-07-03 15:28:46][INFO] SIM_BRIDGE: Initializing Izhikevich model specifics for 184 neurons...
[2026-07-03 15:28:46][INFO] SIM_BRIDGE: Applying parameter heterogeneity to neuron parameters...
[2026-07-03 15:28:46][INFO] SIM_BRIDGE: Applied heterogeneity to 4 parameters.
[2026-07-03 15:28:46][INFO] SIM_BRIDGE: Generating 3D neuron positions for 184 neurons...
[2026-07-03 15:28:46][INFO] SIM_BRIDGE: Generating connections (brain-region framework)...
[2026-07-03 15:28:46][WARNING] SIM_BRIDGE: No trait info available; all synapses default to E->E STP type.
[2026-07-03 15:28:46][INFO] SIM_BRIDGE: inject_explicit_wiring: installed 12 synapses across 1 populations.
[2026-07-03 15:28:46][INFO] SIM_BRIDGE: Initializing STP state for 12 synapses (capacity: 18)...
[2026-07-03 15:28:46][INFO] SIM_BRIDGE: Initializing eligibility traces for 12 synapses (capacity: 18, dtype: float32)...
[2026-07-03 15:28:46][WARNING] SIM_BRIDGE: No trait info available; all synapses default to E->E STP type.
[2026-07-03 15:28:46][INFO] SIM_BRIDGE: Initializing structural plasticity state...
[2026-07-03 15:28:46][INFO] SIM_BRIDGE: Simulation data initialized for 184 neurons (3D). Synapses: 12. GPU memory: 2.6GB/25.8GB (10.2%)
[2026-07-03 15:30:02][INFO] SIM_BRIDGE: CuPy using GPU: NVIDIA GeForce RTX 3090 (24.0 GB), mempool limit: 80%
[2026-07-03 15:30:02][INFO] SIM_BRIDGE: Initializing simulation data for model: IZHIKEVICH (3D)... (playback_init: False)
[2026-07-03 15:30:02][INFO] SIM_BRIDGE: Brain-region framework: 2 regions, 184 total neurons, 0 pathways.
[2026-07-03 15:30:02][INFO] SIM_BRIDGE: RNG initialized with seed: 102
[2026-07-03 15:30:02][INFO] SIM_BRIDGE: Initializing Izhikevich model specifics for 184 neurons...
[2026-07-03 15:30:02][INFO] SIM_BRIDGE: Applying parameter heterogeneity to neuron parameters...
[2026-07-03 15:30:02][INFO] SIM_BRIDGE: Applied heterogeneity to 4 parameters.
[2026-07-03 15:30:02][INFO] SIM_BRIDGE: Generating 3D neuron positions for 184 neurons...
[2026-07-03 15:30:02][INFO] SIM_BRIDGE: Generating connections (brain-region framework)...
[2026-07-03 15:30:02][WARNING] SIM_BRIDGE: No trait info available; all synapses default to E->E STP type.
[2026-07-03 15:30:02][INFO] SIM_BRIDGE: inject_explicit_wiring: installed 12 synapses across 1 populations.
[2026-07-03 15:30:02][INFO] SIM_BRIDGE: Initializing STP state for 12 synapses (capacity: 18)...
[2026-07-03 15:30:02][INFO] SIM_BRIDGE: Initializing eligibility traces for 12 synapses (capacity: 18, dtype: float32)...
[2026-07-03 15:30:02][WARNING] SIM_BRIDGE: No trait info available; all synapses default to E->E STP type.
[2026-07-03 15:30:02][INFO] SIM_BRIDGE: Initializing structural plasticity state...
[2026-07-03 15:30:02][INFO] SIM_BRIDGE: Simulation data initialized for 184 neurons (3D). Synapses: 12. GPU memory: 2.6GB/25.8GB (10.2%)
  [hi-ON  fix]                 total regress over 6 seeds: 25 (per-seed: [0, 7, 4, 4, 4, 6])
[2026-07-03 15:31:27][INFO] SIM_BRIDGE: CuPy using GPU: NVIDIA GeForce RTX 3090 (24.0 GB), mempool limit: 80%
[2026-07-03 15:31:27][INFO] SIM_BRIDGE: Initializing simulation data for model: IZHIKEVICH (3D)... (playback_init: False)
[2026-07-03 15:31:27][INFO] SIM_BRIDGE: Brain-region framework: 2 regions, 184 total neurons, 0 pathways.
[2026-07-03 15:31:27][INFO] SIM_BRIDGE: RNG initialized with seed: 42
[2026-07-03 15:31:27][INFO] SIM_BRIDGE: Initializing Izhikevich model specifics for 184 neurons...
[2026-07-03 15:31:27][INFO] SIM_BRIDGE: Applying parameter heterogeneity to neuron parameters...
[2026-07-03 15:31:27][INFO] SIM_BRIDGE: Applied heterogeneity to 4 parameters.
[2026-07-03 15:31:27][INFO] SIM_BRIDGE: Generating 3D neuron positions for 184 neurons...
[2026-07-03 15:31:27][INFO] SIM_BRIDGE: Generating connections (brain-region framework)...
[2026-07-03 15:31:27][WARNING] SIM_BRIDGE: No trait info available; all synapses default to E->E STP type.
[2026-07-03 15:31:27][INFO] SIM_BRIDGE: inject_explicit_wiring: installed 12 synapses across 1 populations.
[2026-07-03 15:31:27][INFO] SIM_BRIDGE: Initializing STP state for 12 synapses (capacity: 18)...
[2026-07-03 15:31:27][INFO] SIM_BRIDGE: Initializing eligibility traces for 12 synapses (capacity: 18, dtype: float32)...
[2026-07-03 15:31:27][WARNING] SIM_BRIDGE: No trait info available; all synapses default to E->E STP type.
[2026-07-03 15:31:27][INFO] SIM_BRIDGE: Initializing structural plasticity state...
[2026-07-03 15:31:27][INFO] SIM_BRIDGE: Simulation data initialized for 184 neurons (3D). Synapses: 12. GPU memory: 2.6GB/25.8GB (10.2%)

======================================================================================================================
[emerge75b] VERDICT: BOUNDARY -- hi-ON still regresses (25 mismatches -- the wash-out did not fully close it; per-seed [0, 7, 4, 4, 4, 6]). The history-independent wash-out (EMERGE-61 mechanism on the A->W decode) is the evidence-driven root-cause fix (the EMERGE-75 boundary was deep-accumulation, not vocab separation); if hi-ON still regresses, the accumulation is deeper than the snapshot restores (next: also snapshot/restore any per-synapse dynamic state, or reload the bridge between seeds). Do NOT weaken the moat.
[emerge75b] wrote E:\Documents\Projects\sim\research\findings\raw\_emerge75b_history_independent_aw.json
======================================================================================================================
