[multibridge-graded de-risk] mode=full seeds=[42, 43, 44] backend=cupy
  8 bridges x 64 concepts; learner=HomeostaticAssocGraph(homeo=oja target=40.0 n_pool=2400 cycles=10)
  read-out FIXED = brain-based divnorm 'ch'/interleave (sigma=0.001 exp=2.0 steps=2)
  cross-bridge = V-tag (engram-tag over the graded `pool` region; HELPER-SIGNATURE ADAPTED -- see docstring)

============================================================================================
  MULTI-BRIDGE GRADED DE-RISK -- SEED 42 -- mode=full
============================================================================================
  [shard   animals] 64 concepts (8 sub x 8), 424 facts
  [shard     foods] 64 concepts (8 sub x 8), 424 facts
  [shard  vehicles] 64 concepts (8 sub x 8), 424 facts
  [shard     tools] 64 concepts (8 sub x 8), 424 facts
  [shard   clothes] 64 concepts (8 sub x 8), 424 facts
  [shard furniture] 64 concepts (8 sub x 8), 424 facts
  [shard    plants] 64 concepts (8 sub x 8), 424 facts
  [shard   weather] 64 concepts (8 sub x 8), 424 facts

  ----------------------------------------------------------------------------------------
  M1/M2/G5 -- per-bridge graded gates (read-out FIXED = brain-based divnorm 'ch'/interleave)
  ----------------------------------------------------------------------------------------
[2026-06-12 06:05:03][INFO] SIM_BRIDGE: CuPy using GPU: NVIDIA GeForce RTX 3090 (24.0 GB), mempool limit: 80%
[2026-06-12 06:05:03][INFO] SIM_BRIDGE: Initializing simulation data for model: IZHIKEVICH (3D)... (playback_init: False)
[2026-06-12 06:05:03][INFO] SIM_BRIDGE: Brain-region framework: 2 regions, 2700 total neurons, 3 pathways.
[2026-06-12 06:05:03][INFO] SIM_BRIDGE: RNG initialized with seed: 42
[2026-06-12 06:05:03][INFO] SIM_BRIDGE: Initializing Izhikevich model specifics for 2700 neurons...
[2026-06-12 06:05:03][INFO] SIM_BRIDGE: Applying parameter heterogeneity to neuron parameters...
[2026-06-12 06:05:03][INFO] SIM_BRIDGE: Applied heterogeneity to 4 parameters.
[2026-06-12 06:05:03][INFO] SIM_BRIDGE: Initializing OU process state (tau=15.0ms, sigma=0.0pA)...
[2026-06-12 06:05:03][INFO] SIM_BRIDGE: Generating 3D neuron positions for 2700 neurons...
[2026-06-12 06:05:03][INFO] SIM_BRIDGE: Generating connections (brain-region framework)...
[2026-06-12 06:05:07][INFO] SIM_BRIDGE: inject_explicit_wiring: installed 3888625 synapses across 3 populations.
[2026-06-12 06:05:07][INFO] SIM_BRIDGE: Simulation data initialized for 2700 neurons (3D). Synapses: 3888625. GPU memory: 1.6GB/25.8GB (6.2%)
[2026-06-12 06:07:09][INFO] SIM_BRIDGE: CuPy using GPU: NVIDIA GeForce RTX 3090 (24.0 GB), mempool limit: 80%
[2026-06-12 06:07:09][INFO] SIM_BRIDGE: Initializing simulation data for model: IZHIKEVICH (3D)... (playback_init: False)
[2026-06-12 06:07:09][INFO] SIM_BRIDGE: Brain-region framework: 2 regions, 2700 total neurons, 3 pathways.
[2026-06-12 06:07:09][INFO] SIM_BRIDGE: RNG initialized with seed: 42
[2026-06-12 06:07:09][INFO] SIM_BRIDGE: Initializing Izhikevich model specifics for 2700 neurons...
[2026-06-12 06:07:09][INFO] SIM_BRIDGE: Applying parameter heterogeneity to neuron parameters...
[2026-06-12 06:07:09][INFO] SIM_BRIDGE: Applied heterogeneity to 4 parameters.
[2026-06-12 06:07:09][INFO] SIM_BRIDGE: Initializing OU process state (tau=15.0ms, sigma=0.0pA)...
[2026-06-12 06:07:09][INFO] SIM_BRIDGE: Generating 3D neuron positions for 2700 neurons...
[2026-06-12 06:07:09][INFO] SIM_BRIDGE: Generating connections (brain-region framework)...
[2026-06-12 06:07:13][INFO] SIM_BRIDGE: inject_explicit_wiring: installed 3888625 synapses across 3 populations.
[2026-06-12 06:07:13][INFO] SIM_BRIDGE: Simulation data initialized for 2700 neurons (3D). Synapses: 3888625. GPU memory: 1.7GB/25.8GB (6.5%)
  [  animals] M1 gen=0.988(4.0x) A2=True A3=True [GO] | M2 P(sim)=+0.813 2nd=+0.507 graded=1 [GO] | G5 collapses=True (perm 2nd=+0.015) | 127s, 3456100 syn
[2026-06-12 06:09:10][INFO] SIM_BRIDGE: CuPy using GPU: NVIDIA GeForce RTX 3090 (24.0 GB), mempool limit: 80%
[2026-06-12 06:09:10][INFO] SIM_BRIDGE: Initializing simulation data for model: IZHIKEVICH (3D)... (playback_init: False)
[2026-06-12 06:09:10][INFO] SIM_BRIDGE: Brain-region framework: 2 regions, 2700 total neurons, 3 pathways.
[2026-06-12 06:09:10][INFO] SIM_BRIDGE: RNG initialized with seed: 42
[2026-06-12 06:09:10][INFO] SIM_BRIDGE: Initializing Izhikevich model specifics for 2700 neurons...
[2026-06-12 06:09:10][INFO] SIM_BRIDGE: Applying parameter heterogeneity to neuron parameters...
[2026-06-12 06:09:10][INFO] SIM_BRIDGE: Applied heterogeneity to 4 parameters.
[2026-06-12 06:09:10][INFO] SIM_BRIDGE: Initializing OU process state (tau=15.0ms, sigma=0.0pA)...
[2026-06-12 06:09:10][INFO] SIM_BRIDGE: Generating 3D neuron positions for 2700 neurons...
[2026-06-12 06:09:10][INFO] SIM_BRIDGE: Generating connections (brain-region framework)...
[2026-06-12 06:09:14][INFO] SIM_BRIDGE: inject_explicit_wiring: installed 3888625 synapses across 3 populations.
[2026-06-12 06:09:14][INFO] SIM_BRIDGE: Simulation data initialized for 2700 neurons (3D). Synapses: 3888625. GPU memory: 1.7GB/25.8GB (6.5%)
[2026-06-12 06:11:09][INFO] SIM_BRIDGE: CuPy using GPU: NVIDIA GeForce RTX 3090 (24.0 GB), mempool limit: 80%
[2026-06-12 06:11:09][INFO] SIM_BRIDGE: Initializing simulation data for model: IZHIKEVICH (3D)... (playback_init: False)
[2026-06-12 06:11:09][INFO] SIM_BRIDGE: Brain-region framework: 2 regions, 2700 total neurons, 3 pathways.
[2026-06-12 06:11:09][INFO] SIM_BRIDGE: RNG initialized with seed: 42
[2026-06-12 06:11:09][INFO] SIM_BRIDGE: Initializing Izhikevich model specifics for 2700 neurons...
[2026-06-12 06:11:09][INFO] SIM_BRIDGE: Applying parameter heterogeneity to neuron parameters...
[2026-06-12 06:11:09][INFO] SIM_BRIDGE: Applied heterogeneity to 4 parameters.
[2026-06-12 06:11:09][INFO] SIM_BRIDGE: Initializing OU process state (tau=15.0ms, sigma=0.0pA)...
[2026-06-12 06:11:09][INFO] SIM_BRIDGE: Generating 3D neuron positions for 2700 neurons...
[2026-06-12 06:11:09][INFO] SIM_BRIDGE: Generating connections (brain-region framework)...
[2026-06-12 06:11:13][INFO] SIM_BRIDGE: inject_explicit_wiring: installed 3888625 synapses across 3 populations.
[2026-06-12 06:11:13][INFO] SIM_BRIDGE: Simulation data initialized for 2700 neurons (3D). Synapses: 3888625. GPU memory: 1.7GB/25.8GB (6.5%)
  [    foods] M1 gen=1.000(4.0x) A2=True A3=True [GO] | M2 P(sim)=+0.807 2nd=+0.496 graded=1 [GO] | G5 collapses=True (perm 2nd=+0.009) | 119s, 3456100 syn
[2026-06-12 06:13:09][INFO] SIM_BRIDGE: CuPy using GPU: NVIDIA GeForce RTX 3090 (24.0 GB), mempool limit: 80%
[2026-06-12 06:13:09][INFO] SIM_BRIDGE: Initializing simulation data for model: IZHIKEVICH (3D)... (playback_init: False)
[2026-06-12 06:13:09][INFO] SIM_BRIDGE: Brain-region framework: 2 regions, 2700 total neurons, 3 pathways.
[2026-06-12 06:13:09][INFO] SIM_BRIDGE: RNG initialized with seed: 42
[2026-06-12 06:13:09][INFO] SIM_BRIDGE: Initializing Izhikevich model specifics for 2700 neurons...
[2026-06-12 06:13:09][INFO] SIM_BRIDGE: Applying parameter heterogeneity to neuron parameters...
[2026-06-12 06:13:09][INFO] SIM_BRIDGE: Applied heterogeneity to 4 parameters.
[2026-06-12 06:13:09][INFO] SIM_BRIDGE: Initializing OU process state (tau=15.0ms, sigma=0.0pA)...
[2026-06-12 06:13:09][INFO] SIM_BRIDGE: Generating 3D neuron positions for 2700 neurons...
[2026-06-12 06:13:09][INFO] SIM_BRIDGE: Generating connections (brain-region framework)...
[2026-06-12 06:13:12][INFO] SIM_BRIDGE: inject_explicit_wiring: installed 3888625 synapses across 3 populations.
[2026-06-12 06:13:12][INFO] SIM_BRIDGE: Simulation data initialized for 2700 neurons (3D). Synapses: 3888625. GPU memory: 1.7GB/25.8GB (6.5%)
[2026-06-12 06:15:08][INFO] SIM_BRIDGE: CuPy using GPU: NVIDIA GeForce RTX 3090 (24.0 GB), mempool limit: 80%
[2026-06-12 06:15:08][INFO] SIM_BRIDGE: Initializing simulation data for model: IZHIKEVICH (3D)... (playback_init: False)
[2026-06-12 06:15:08][INFO] SIM_BRIDGE: Brain-region framework: 2 regions, 2700 total neurons, 3 pathways.
[2026-06-12 06:15:08][INFO] SIM_BRIDGE: RNG initialized with seed: 42
[2026-06-12 06:15:08][INFO] SIM_BRIDGE: Initializing Izhikevich model specifics for 2700 neurons...
[2026-06-12 06:15:08][INFO] SIM_BRIDGE: Applying parameter heterogeneity to neuron parameters...
[2026-06-12 06:15:08][INFO] SIM_BRIDGE: Applied heterogeneity to 4 parameters.
[2026-06-12 06:15:08][INFO] SIM_BRIDGE: Initializing OU process state (tau=15.0ms, sigma=0.0pA)...
[2026-06-12 06:15:08][INFO] SIM_BRIDGE: Generating 3D neuron positions for 2700 neurons...
[2026-06-12 06:15:08][INFO] SIM_BRIDGE: Generating connections (brain-region framework)...
[2026-06-12 06:15:12][INFO] SIM_BRIDGE: inject_explicit_wiring: installed 3888625 synapses across 3 populations.
[2026-06-12 06:15:12][INFO] SIM_BRIDGE: Simulation data initialized for 2700 neurons (3D). Synapses: 3888625. GPU memory: 1.7GB/25.8GB (6.5%)
  [ vehicles] M1 gen=0.994(4.0x) A2=True A3=True [GO] | M2 P(sim)=+0.790 2nd=+0.505 graded=1 [GO] | G5 collapses=True (perm 2nd=+0.010) | 119s, 3456100 syn
[2026-06-12 06:17:07][INFO] SIM_BRIDGE: CuPy using GPU: NVIDIA GeForce RTX 3090 (24.0 GB), mempool limit: 80%
[2026-06-12 06:17:07][INFO] SIM_BRIDGE: Initializing simulation data for model: IZHIKEVICH (3D)... (playback_init: False)
[2026-06-12 06:17:07][INFO] SIM_BRIDGE: Brain-region framework: 2 regions, 2700 total neurons, 3 pathways.
[2026-06-12 06:17:07][INFO] SIM_BRIDGE: RNG initialized with seed: 42
[2026-06-12 06:17:07][INFO] SIM_BRIDGE: Initializing Izhikevich model specifics for 2700 neurons...
[2026-06-12 06:17:07][INFO] SIM_BRIDGE: Applying parameter heterogeneity to neuron parameters...
[2026-06-12 06:17:07][INFO] SIM_BRIDGE: Applied heterogeneity to 4 parameters.
[2026-06-12 06:17:07][INFO] SIM_BRIDGE: Initializing OU process state (tau=15.0ms, sigma=0.0pA)...
[2026-06-12 06:17:07][INFO] SIM_BRIDGE: Generating 3D neuron positions for 2700 neurons...
[2026-06-12 06:17:07][INFO] SIM_BRIDGE: Generating connections (brain-region framework)...
[2026-06-12 06:17:10][INFO] SIM_BRIDGE: inject_explicit_wiring: installed 3888625 synapses across 3 populations.
[2026-06-12 06:17:10][INFO] SIM_BRIDGE: Simulation data initialized for 2700 neurons (3D). Synapses: 3888625. GPU memory: 1.7GB/25.8GB (6.5%)
[2026-06-12 06:19:05][INFO] SIM_BRIDGE: CuPy using GPU: NVIDIA GeForce RTX 3090 (24.0 GB), mempool limit: 80%
[2026-06-12 06:19:05][INFO] SIM_BRIDGE: Initializing simulation data for model: IZHIKEVICH (3D)... (playback_init: False)
[2026-06-12 06:19:05][INFO] SIM_BRIDGE: Brain-region framework: 2 regions, 2700 total neurons, 3 pathways.
[2026-06-12 06:19:05][INFO] SIM_BRIDGE: RNG initialized with seed: 42
[2026-06-12 06:19:05][INFO] SIM_BRIDGE: Initializing Izhikevich model specifics for 2700 neurons...
[2026-06-12 06:19:05][INFO] SIM_BRIDGE: Applying parameter heterogeneity to neuron parameters...
[2026-06-12 06:19:05][INFO] SIM_BRIDGE: Applied heterogeneity to 4 parameters.
[2026-06-12 06:19:05][INFO] SIM_BRIDGE: Initializing OU process state (tau=15.0ms, sigma=0.0pA)...
[2026-06-12 06:19:05][INFO] SIM_BRIDGE: Generating 3D neuron positions for 2700 neurons...
[2026-06-12 06:19:05][INFO] SIM_BRIDGE: Generating connections (brain-region framework)...
[2026-06-12 06:19:09][INFO] SIM_BRIDGE: inject_explicit_wiring: installed 3888625 synapses across 3 populations.
[2026-06-12 06:19:09][INFO] SIM_BRIDGE: Simulation data initialized for 2700 neurons (3D). Synapses: 3888625. GPU memory: 1.7GB/25.8GB (6.5%)
  [    tools] M1 gen=0.988(4.0x) A2=True A3=True [GO] | M2 P(sim)=+0.739 2nd=+0.479 graded=1 [GO] | G5 collapses=True (perm 2nd=+0.012) | 119s, 3456100 syn
[2026-06-12 06:21:06][INFO] SIM_BRIDGE: CuPy using GPU: NVIDIA GeForce RTX 3090 (24.0 GB), mempool limit: 80%
[2026-06-12 06:21:06][INFO] SIM_BRIDGE: Initializing simulation data for model: IZHIKEVICH (3D)... (playback_init: False)
[2026-06-12 06:21:06][INFO] SIM_BRIDGE: Brain-region framework: 2 regions, 2700 total neurons, 3 pathways.
[2026-06-12 06:21:06][INFO] SIM_BRIDGE: RNG initialized with seed: 42
[2026-06-12 06:21:06][INFO] SIM_BRIDGE: Initializing Izhikevich model specifics for 2700 neurons...
[2026-06-12 06:21:06][INFO] SIM_BRIDGE: Applying parameter heterogeneity to neuron parameters...
[2026-06-12 06:21:06][INFO] SIM_BRIDGE: Applied heterogeneity to 4 parameters.
[2026-06-12 06:21:06][INFO] SIM_BRIDGE: Initializing OU process state (tau=15.0ms, sigma=0.0pA)...
[2026-06-12 06:21:06][INFO] SIM_BRIDGE: Generating 3D neuron positions for 2700 neurons...
[2026-06-12 06:21:06][INFO] SIM_BRIDGE: Generating connections (brain-region framework)...
[2026-06-12 06:21:09][INFO] SIM_BRIDGE: inject_explicit_wiring: installed 3888625 synapses across 3 populations.
[2026-06-12 06:21:10][INFO] SIM_BRIDGE: Simulation data initialized for 2700 neurons (3D). Synapses: 3888625. GPU memory: 1.7GB/25.8GB (6.5%)
[2026-06-12 06:23:09][INFO] SIM_BRIDGE: CuPy using GPU: NVIDIA GeForce RTX 3090 (24.0 GB), mempool limit: 80%
[2026-06-12 06:23:09][INFO] SIM_BRIDGE: Initializing simulation data for model: IZHIKEVICH (3D)... (playback_init: False)
[2026-06-12 06:23:09][INFO] SIM_BRIDGE: Brain-region framework: 2 regions, 2700 total neurons, 3 pathways.
[2026-06-12 06:23:09][INFO] SIM_BRIDGE: RNG initialized with seed: 42
[2026-06-12 06:23:09][INFO] SIM_BRIDGE: Initializing Izhikevich model specifics for 2700 neurons...
[2026-06-12 06:23:09][INFO] SIM_BRIDGE: Applying parameter heterogeneity to neuron parameters...
[2026-06-12 06:23:09][INFO] SIM_BRIDGE: Applied heterogeneity to 4 parameters.
[2026-06-12 06:23:09][INFO] SIM_BRIDGE: Initializing OU process state (tau=15.0ms, sigma=0.0pA)...
[2026-06-12 06:23:09][INFO] SIM_BRIDGE: Generating 3D neuron positions for 2700 neurons...
[2026-06-12 06:23:09][INFO] SIM_BRIDGE: Generating connections (brain-region framework)...
[2026-06-12 06:23:12][INFO] SIM_BRIDGE: inject_explicit_wiring: installed 3888625 synapses across 3 populations.
[2026-06-12 06:23:12][INFO] SIM_BRIDGE: Simulation data initialized for 2700 neurons (3D). Synapses: 3888625. GPU memory: 1.7GB/25.8GB (6.5%)
  [  clothes] M1 gen=1.000(4.0x) A2=True A3=True [GO] | M2 P(sim)=+0.783 2nd=+0.492 graded=1 [GO] | G5 collapses=True (perm 2nd=+0.012) | 123s, 3456100 syn
[2026-06-12 06:25:09][INFO] SIM_BRIDGE: CuPy using GPU: NVIDIA GeForce RTX 3090 (24.0 GB), mempool limit: 80%
[2026-06-12 06:25:09][INFO] SIM_BRIDGE: Initializing simulation data for model: IZHIKEVICH (3D)... (playback_init: False)
[2026-06-12 06:25:09][INFO] SIM_BRIDGE: Brain-region framework: 2 regions, 2700 total neurons, 3 pathways.
[2026-06-12 06:25:09][INFO] SIM_BRIDGE: RNG initialized with seed: 42
[2026-06-12 06:25:09][INFO] SIM_BRIDGE: Initializing Izhikevich model specifics for 2700 neurons...
[2026-06-12 06:25:09][INFO] SIM_BRIDGE: Applying parameter heterogeneity to neuron parameters...
[2026-06-12 06:25:09][INFO] SIM_BRIDGE: Applied heterogeneity to 4 parameters.
[2026-06-12 06:25:09][INFO] SIM_BRIDGE: Initializing OU process state (tau=15.0ms, sigma=0.0pA)...
[2026-06-12 06:25:09][INFO] SIM_BRIDGE: Generating 3D neuron positions for 2700 neurons...
[2026-06-12 06:25:09][INFO] SIM_BRIDGE: Generating connections (brain-region framework)...
[2026-06-12 06:25:13][INFO] SIM_BRIDGE: inject_explicit_wiring: installed 3888625 synapses across 3 populations.
[2026-06-12 06:25:13][INFO] SIM_BRIDGE: Simulation data initialized for 2700 neurons (3D). Synapses: 3888625. GPU memory: 1.7GB/25.8GB (6.5%)
[2026-06-12 06:27:16][INFO] SIM_BRIDGE: CuPy using GPU: NVIDIA GeForce RTX 3090 (24.0 GB), mempool limit: 80%
[2026-06-12 06:27:16][INFO] SIM_BRIDGE: Initializing simulation data for model: IZHIKEVICH (3D)... (playback_init: False)
[2026-06-12 06:27:16][INFO] SIM_BRIDGE: Brain-region framework: 2 regions, 2700 total neurons, 3 pathways.
[2026-06-12 06:27:16][INFO] SIM_BRIDGE: RNG initialized with seed: 42
[2026-06-12 06:27:16][INFO] SIM_BRIDGE: Initializing Izhikevich model specifics for 2700 neurons...
[2026-06-12 06:27:16][INFO] SIM_BRIDGE: Applying parameter heterogeneity to neuron parameters...
[2026-06-12 06:27:16][INFO] SIM_BRIDGE: Applied heterogeneity to 4 parameters.
[2026-06-12 06:27:16][INFO] SIM_BRIDGE: Initializing OU process state (tau=15.0ms, sigma=0.0pA)...
[2026-06-12 06:27:16][INFO] SIM_BRIDGE: Generating 3D neuron positions for 2700 neurons...
[2026-06-12 06:27:16][INFO] SIM_BRIDGE: Generating connections (brain-region framework)...
[2026-06-12 06:27:20][INFO] SIM_BRIDGE: inject_explicit_wiring: installed 3888625 synapses across 3 populations.
[2026-06-12 06:27:20][INFO] SIM_BRIDGE: Simulation data initialized for 2700 neurons (3D). Synapses: 3888625. GPU memory: 1.7GB/25.8GB (6.5%)
  [furniture] M1 gen=1.000(4.0x) A2=True A3=True [GO] | M2 P(sim)=+0.779 2nd=+0.499 graded=1 [GO] | G5 collapses=True (perm 2nd=+0.007) | 127s, 3456100 syn
[2026-06-12 06:29:15][INFO] SIM_BRIDGE: CuPy using GPU: NVIDIA GeForce RTX 3090 (24.0 GB), mempool limit: 80%
[2026-06-12 06:29:15][INFO] SIM_BRIDGE: Initializing simulation data for model: IZHIKEVICH (3D)... (playback_init: False)
[2026-06-12 06:29:15][INFO] SIM_BRIDGE: Brain-region framework: 2 regions, 2700 total neurons, 3 pathways.
[2026-06-12 06:29:15][INFO] SIM_BRIDGE: RNG initialized with seed: 42
[2026-06-12 06:29:15][INFO] SIM_BRIDGE: Initializing Izhikevich model specifics for 2700 neurons...
[2026-06-12 06:29:15][INFO] SIM_BRIDGE: Applying parameter heterogeneity to neuron parameters...
[2026-06-12 06:29:15][INFO] SIM_BRIDGE: Applied heterogeneity to 4 parameters.
[2026-06-12 06:29:15][INFO] SIM_BRIDGE: Initializing OU process state (tau=15.0ms, sigma=0.0pA)...
[2026-06-12 06:29:15][INFO] SIM_BRIDGE: Generating 3D neuron positions for 2700 neurons...
[2026-06-12 06:29:15][INFO] SIM_BRIDGE: Generating connections (brain-region framework)...
[2026-06-12 06:29:18][INFO] SIM_BRIDGE: inject_explicit_wiring: installed 3888625 synapses across 3 populations.
[2026-06-12 06:29:18][INFO] SIM_BRIDGE: Simulation data initialized for 2700 neurons (3D). Synapses: 3888625. GPU memory: 1.7GB/25.8GB (6.5%)
[2026-06-12 06:31:18][INFO] SIM_BRIDGE: CuPy using GPU: NVIDIA GeForce RTX 3090 (24.0 GB), mempool limit: 80%
[2026-06-12 06:31:18][INFO] SIM_BRIDGE: Initializing simulation data for model: IZHIKEVICH (3D)... (playback_init: False)
[2026-06-12 06:31:18][INFO] SIM_BRIDGE: Brain-region framework: 2 regions, 2700 total neurons, 3 pathways.
[2026-06-12 06:31:18][INFO] SIM_BRIDGE: RNG initialized with seed: 42
[2026-06-12 06:31:18][INFO] SIM_BRIDGE: Initializing Izhikevich model specifics for 2700 neurons...
[2026-06-12 06:31:18][INFO] SIM_BRIDGE: Applying parameter heterogeneity to neuron parameters...
[2026-06-12 06:31:18][INFO] SIM_BRIDGE: Applied heterogeneity to 4 parameters.
[2026-06-12 06:31:18][INFO] SIM_BRIDGE: Initializing OU process state (tau=15.0ms, sigma=0.0pA)...
[2026-06-12 06:31:18][INFO] SIM_BRIDGE: Generating 3D neuron positions for 2700 neurons...
[2026-06-12 06:31:18][INFO] SIM_BRIDGE: Generating connections (brain-region framework)...
[2026-06-12 06:31:22][INFO] SIM_BRIDGE: inject_explicit_wiring: installed 3888625 synapses across 3 populations.
[2026-06-12 06:31:22][INFO] SIM_BRIDGE: Simulation data initialized for 2700 neurons (3D). Synapses: 3888625. GPU memory: 1.7GB/25.8GB (6.5%)
  [   plants] M1 gen=1.000(4.0x) A2=True A3=True [GO] | M2 P(sim)=+0.787 2nd=+0.506 graded=1 [GO] | G5 collapses=True (perm 2nd=+0.006) | 124s, 3456100 syn
[2026-06-12 06:33:31][INFO] SIM_BRIDGE: CuPy using GPU: NVIDIA GeForce RTX 3090 (24.0 GB), mempool limit: 80%
[2026-06-12 06:33:31][INFO] SIM_BRIDGE: Initializing simulation data for model: IZHIKEVICH (3D)... (playback_init: False)
[2026-06-12 06:33:31][INFO] SIM_BRIDGE: Brain-region framework: 2 regions, 2700 total neurons, 3 pathways.
[2026-06-12 06:33:31][INFO] SIM_BRIDGE: RNG initialized with seed: 42
[2026-06-12 06:33:31][INFO] SIM_BRIDGE: Initializing Izhikevich model specifics for 2700 neurons...
[2026-06-12 06:33:31][INFO] SIM_BRIDGE: Applying parameter heterogeneity to neuron parameters...
[2026-06-12 06:33:31][INFO] SIM_BRIDGE: Applied heterogeneity to 4 parameters.
[2026-06-12 06:33:31][INFO] SIM_BRIDGE: Initializing OU process state (tau=15.0ms, sigma=0.0pA)...
[2026-06-12 06:33:31][INFO] SIM_BRIDGE: Generating 3D neuron positions for 2700 neurons...
[2026-06-12 06:33:31][INFO] SIM_BRIDGE: Generating connections (brain-region framework)...
[2026-06-12 06:33:35][INFO] SIM_BRIDGE: inject_explicit_wiring: installed 3888625 synapses across 3 populations.
[2026-06-12 06:33:35][INFO] SIM_BRIDGE: Simulation data initialized for 2700 neurons (3D). Synapses: 3888625. GPU memory: 1.7GB/25.8GB (6.5%)
[2026-06-12 06:35:42][INFO] SIM_BRIDGE: CuPy using GPU: NVIDIA GeForce RTX 3090 (24.0 GB), mempool limit: 80%
[2026-06-12 06:35:42][INFO] SIM_BRIDGE: Initializing simulation data for model: IZHIKEVICH (3D)... (playback_init: False)
[2026-06-12 06:35:42][INFO] SIM_BRIDGE: Brain-region framework: 2 regions, 2700 total neurons, 3 pathways.
[2026-06-12 06:35:42][INFO] SIM_BRIDGE: RNG initialized with seed: 42
[2026-06-12 06:35:42][INFO] SIM_BRIDGE: Initializing Izhikevich model specifics for 2700 neurons...
[2026-06-12 06:35:42][INFO] SIM_BRIDGE: Applying parameter heterogeneity to neuron parameters...
[2026-06-12 06:35:42][INFO] SIM_BRIDGE: Applied heterogeneity to 4 parameters.
[2026-06-12 06:35:42][INFO] SIM_BRIDGE: Initializing OU process state (tau=15.0ms, sigma=0.0pA)...
[2026-06-12 06:35:42][INFO] SIM_BRIDGE: Generating 3D neuron positions for 2700 neurons...
[2026-06-12 06:35:42][INFO] SIM_BRIDGE: Generating connections (brain-region framework)...
[2026-06-12 06:35:46][INFO] SIM_BRIDGE: inject_explicit_wiring: installed 3888625 synapses across 3 populations.
[2026-06-12 06:35:46][INFO] SIM_BRIDGE: Simulation data initialized for 2700 neurons (3D). Synapses: 3888625. GPU memory: 1.7GB/25.8GB (6.5%)
  [  weather] M1 gen=1.000(4.0x) A2=True A3=True [GO] | M2 P(sim)=+0.774 2nd=+0.492 graded=1 [GO] | G5 collapses=True (perm 2nd=+0.009) | 131s, 3456100 syn

  M6 -- random-shard anti-cheat (within-bridge generalization MUST collapse)
[2026-06-12 06:37:54][INFO] SIM_BRIDGE: CuPy using GPU: NVIDIA GeForce RTX 3090 (24.0 GB), mempool limit: 80%
[2026-06-12 06:37:54][INFO] SIM_BRIDGE: Initializing simulation data for model: IZHIKEVICH (3D)... (playback_init: False)
[2026-06-12 06:37:54][INFO] SIM_BRIDGE: Brain-region framework: 2 regions, 2700 total neurons, 3 pathways.
[2026-06-12 06:37:54][INFO] SIM_BRIDGE: RNG initialized with seed: 42
[2026-06-12 06:37:54][INFO] SIM_BRIDGE: Initializing Izhikevich model specifics for 2700 neurons...
[2026-06-12 06:37:54][INFO] SIM_BRIDGE: Applying parameter heterogeneity to neuron parameters...
[2026-06-12 06:37:54][INFO] SIM_BRIDGE: Applied heterogeneity to 4 parameters.
[2026-06-12 06:37:54][INFO] SIM_BRIDGE: Initializing OU process state (tau=15.0ms, sigma=0.0pA)...
[2026-06-12 06:37:54][INFO] SIM_BRIDGE: Generating 3D neuron positions for 2700 neurons...
[2026-06-12 06:37:54][INFO] SIM_BRIDGE: Generating connections (brain-region framework)...
[2026-06-12 06:37:58][INFO] SIM_BRIDGE: inject_explicit_wiring: installed 3888625 synapses across 3 populations.
[2026-06-12 06:37:58][INFO] SIM_BRIDGE: Simulation data initialized for 2700 neurons (3D). Synapses: 3888625. GPU memory: 1.7GB/25.8GB (6.5%)
    random-shard gen=0.212 (chance 0.250) collapses=True

  [authored 24 cross-bridge facts] e.g. [('tools.c3_m0', 'clothes.c1_m0'), ('weather.c0_m4', 'plants.c6_m4'), ('foods.c2_m4', 'vehicles.c1_m6')]

  ----------------------------------------------------------------------------------------
  M3/M7 -- cross-bridge composition (V-tag layer over the graded `pool` regions)
  ----------------------------------------------------------------------------------------
[2026-06-12 06:38:00][INFO] SIM_BRIDGE: CuPy using GPU: NVIDIA GeForce RTX 3090 (24.0 GB), mempool limit: 80%
[2026-06-12 06:38:00][INFO] SIM_BRIDGE: Initializing simulation data for model: IZHIKEVICH (3D)... (playback_init: False)
[2026-06-12 06:38:00][INFO] SIM_BRIDGE: Brain-region framework: 2 regions, 2700 total neurons, 3 pathways.
[2026-06-12 06:38:00][INFO] SIM_BRIDGE: RNG initialized with seed: 42
[2026-06-12 06:38:00][INFO] SIM_BRIDGE: Initializing Izhikevich model specifics for 2700 neurons...
[2026-06-12 06:38:00][INFO] SIM_BRIDGE: Applying parameter heterogeneity to neuron parameters...
[2026-06-12 06:38:00][INFO] SIM_BRIDGE: Applied heterogeneity to 4 parameters.
[2026-06-12 06:38:00][INFO] SIM_BRIDGE: Initializing OU process state (tau=15.0ms, sigma=0.0pA)...
[2026-06-12 06:38:00][INFO] SIM_BRIDGE: Generating 3D neuron positions for 2700 neurons...
[2026-06-12 06:38:00][INFO] SIM_BRIDGE: Generating connections (brain-region framework)...
[2026-06-12 06:38:04][INFO] SIM_BRIDGE: inject_explicit_wiring: installed 3888625 synapses across 3 populations.
[2026-06-12 06:38:04][INFO] SIM_BRIDGE: Simulation data initialized for 2700 neurons (3D). Synapses: 3888625. GPU memory: 1.7GB/25.8GB (6.5%)
    [built+trained   animals graded bridge: 2700 neurons]
[2026-06-12 06:40:11][INFO] SIM_BRIDGE: CuPy using GPU: NVIDIA GeForce RTX 3090 (24.0 GB), mempool limit: 80%
[2026-06-12 06:40:11][INFO] SIM_BRIDGE: Initializing simulation data for model: IZHIKEVICH (3D)... (playback_init: False)
[2026-06-12 06:40:11][INFO] SIM_BRIDGE: Brain-region framework: 2 regions, 2700 total neurons, 3 pathways.
[2026-06-12 06:40:11][INFO] SIM_BRIDGE: RNG initialized with seed: 42
[2026-06-12 06:40:11][INFO] SIM_BRIDGE: Initializing Izhikevich model specifics for 2700 neurons...
[2026-06-12 06:40:11][INFO] SIM_BRIDGE: Applying parameter heterogeneity to neuron parameters...
[2026-06-12 06:40:11][INFO] SIM_BRIDGE: Applied heterogeneity to 4 parameters.
[2026-06-12 06:40:11][INFO] SIM_BRIDGE: Initializing OU process state (tau=15.0ms, sigma=0.0pA)...
[2026-06-12 06:40:11][INFO] SIM_BRIDGE: Generating 3D neuron positions for 2700 neurons...
[2026-06-12 06:40:11][INFO] SIM_BRIDGE: Generating connections (brain-region framework)...
[2026-06-12 06:40:15][INFO] SIM_BRIDGE: inject_explicit_wiring: installed 3888625 synapses across 3 populations.
[2026-06-12 06:40:15][INFO] SIM_BRIDGE: Simulation data initialized for 2700 neurons (3D). Synapses: 3888625. GPU memory: 1.8GB/25.8GB (7.2%)
    [built+trained     foods graded bridge: 2700 neurons]
[2026-06-12 06:42:23][INFO] SIM_BRIDGE: CuPy using GPU: NVIDIA GeForce RTX 3090 (24.0 GB), mempool limit: 80%
[2026-06-12 06:42:23][INFO] SIM_BRIDGE: Initializing simulation data for model: IZHIKEVICH (3D)... (playback_init: False)
[2026-06-12 06:42:23][INFO] SIM_BRIDGE: Brain-region framework: 2 regions, 2700 total neurons, 3 pathways.
[2026-06-12 06:42:23][INFO] SIM_BRIDGE: RNG initialized with seed: 42
[2026-06-12 06:42:23][INFO] SIM_BRIDGE: Initializing Izhikevich model specifics for 2700 neurons...
[2026-06-12 06:42:23][INFO] SIM_BRIDGE: Applying parameter heterogeneity to neuron parameters...
[2026-06-12 06:42:23][INFO] SIM_BRIDGE: Applied heterogeneity to 4 parameters.
[2026-06-12 06:42:23][INFO] SIM_BRIDGE: Initializing OU process state (tau=15.0ms, sigma=0.0pA)...
[2026-06-12 06:42:23][INFO] SIM_BRIDGE: Generating 3D neuron positions for 2700 neurons...
[2026-06-12 06:42:23][INFO] SIM_BRIDGE: Generating connections (brain-region framework)...
[2026-06-12 06:42:26][INFO] SIM_BRIDGE: inject_explicit_wiring: installed 3888625 synapses across 3 populations.
[2026-06-12 06:42:27][INFO] SIM_BRIDGE: Simulation data initialized for 2700 neurons (3D). Synapses: 3888625. GPU memory: 2.1GB/25.8GB (8.1%)
    [built+trained  vehicles graded bridge: 2700 neurons]
[2026-06-12 06:44:34][INFO] SIM_BRIDGE: CuPy using GPU: NVIDIA GeForce RTX 3090 (24.0 GB), mempool limit: 80%
[2026-06-12 06:44:34][INFO] SIM_BRIDGE: Initializing simulation data for model: IZHIKEVICH (3D)... (playback_init: False)
[2026-06-12 06:44:34][INFO] SIM_BRIDGE: Brain-region framework: 2 regions, 2700 total neurons, 3 pathways.
[2026-06-12 06:44:34][INFO] SIM_BRIDGE: RNG initialized with seed: 42
[2026-06-12 06:44:34][INFO] SIM_BRIDGE: Initializing Izhikevich model specifics for 2700 neurons...
[2026-06-12 06:44:34][INFO] SIM_BRIDGE: Applying parameter heterogeneity to neuron parameters...
[2026-06-12 06:44:34][INFO] SIM_BRIDGE: Applied heterogeneity to 4 parameters.
[2026-06-12 06:44:34][INFO] SIM_BRIDGE: Initializing OU process state (tau=15.0ms, sigma=0.0pA)...
[2026-06-12 06:44:34][INFO] SIM_BRIDGE: Generating 3D neuron positions for 2700 neurons...
[2026-06-12 06:44:34][INFO] SIM_BRIDGE: Generating connections (brain-region framework)...
[2026-06-12 06:44:38][INFO] SIM_BRIDGE: inject_explicit_wiring: installed 3888625 synapses across 3 populations.
[2026-06-12 06:44:38][INFO] SIM_BRIDGE: Simulation data initialized for 2700 neurons (3D). Synapses: 3888625. GPU memory: 2.3GB/25.8GB (8.9%)
    [built+trained     tools graded bridge: 2700 neurons]
[2026-06-12 06:46:47][INFO] SIM_BRIDGE: CuPy using GPU: NVIDIA GeForce RTX 3090 (24.0 GB), mempool limit: 80%
[2026-06-12 06:46:47][INFO] SIM_BRIDGE: Initializing simulation data for model: IZHIKEVICH (3D)... (playback_init: False)
[2026-06-12 06:46:47][INFO] SIM_BRIDGE: Brain-region framework: 2 regions, 2700 total neurons, 3 pathways.
[2026-06-12 06:46:47][INFO] SIM_BRIDGE: RNG initialized with seed: 42
[2026-06-12 06:46:47][INFO] SIM_BRIDGE: Initializing Izhikevich model specifics for 2700 neurons...
[2026-06-12 06:46:47][INFO] SIM_BRIDGE: Applying parameter heterogeneity to neuron parameters...
[2026-06-12 06:46:47][INFO] SIM_BRIDGE: Applied heterogeneity to 4 parameters.
[2026-06-12 06:46:47][INFO] SIM_BRIDGE: Initializing OU process state (tau=15.0ms, sigma=0.0pA)...
[2026-06-12 06:46:47][INFO] SIM_BRIDGE: Generating 3D neuron positions for 2700 neurons...
[2026-06-12 06:46:47][INFO] SIM_BRIDGE: Generating connections (brain-region framework)...
[2026-06-12 06:46:51][INFO] SIM_BRIDGE: inject_explicit_wiring: installed 3888625 synapses across 3 populations.
[2026-06-12 06:46:51][INFO] SIM_BRIDGE: Simulation data initialized for 2700 neurons (3D). Synapses: 3888625. GPU memory: 2.5GB/25.8GB (9.8%)
    [built+trained   clothes graded bridge: 2700 neurons]
[2026-06-12 06:49:00][INFO] SIM_BRIDGE: CuPy using GPU: NVIDIA GeForce RTX 3090 (24.0 GB), mempool limit: 80%
[2026-06-12 06:49:00][INFO] SIM_BRIDGE: Initializing simulation data for model: IZHIKEVICH (3D)... (playback_init: False)
[2026-06-12 06:49:00][INFO] SIM_BRIDGE: Brain-region framework: 2 regions, 2700 total neurons, 3 pathways.
[2026-06-12 06:49:00][INFO] SIM_BRIDGE: RNG initialized with seed: 42
[2026-06-12 06:49:00][INFO] SIM_BRIDGE: Initializing Izhikevich model specifics for 2700 neurons...
[2026-06-12 06:49:00][INFO] SIM_BRIDGE: Applying parameter heterogeneity to neuron parameters...
[2026-06-12 06:49:00][INFO] SIM_BRIDGE: Applied heterogeneity to 4 parameters.
[2026-06-12 06:49:00][INFO] SIM_BRIDGE: Initializing OU process state (tau=15.0ms, sigma=0.0pA)...
[2026-06-12 06:49:00][INFO] SIM_BRIDGE: Generating 3D neuron positions for 2700 neurons...
[2026-06-12 06:49:00][INFO] SIM_BRIDGE: Generating connections (brain-region framework)...
[2026-06-12 06:49:04][INFO] SIM_BRIDGE: inject_explicit_wiring: installed 3888625 synapses across 3 populations.
[2026-06-12 06:49:04][INFO] SIM_BRIDGE: Simulation data initialized for 2700 neurons (3D). Synapses: 3888625. GPU memory: 2.7GB/25.8GB (10.6%)
    [built+trained furniture graded bridge: 2700 neurons]
[2026-06-12 06:51:07][INFO] SIM_BRIDGE: CuPy using GPU: NVIDIA GeForce RTX 3090 (24.0 GB), mempool limit: 80%
[2026-06-12 06:51:07][INFO] SIM_BRIDGE: Initializing simulation data for model: IZHIKEVICH (3D)... (playback_init: False)
[2026-06-12 06:51:07][INFO] SIM_BRIDGE: Brain-region framework: 2 regions, 2700 total neurons, 3 pathways.
[2026-06-12 06:51:07][INFO] SIM_BRIDGE: RNG initialized with seed: 42
[2026-06-12 06:51:07][INFO] SIM_BRIDGE: Initializing Izhikevich model specifics for 2700 neurons...
[2026-06-12 06:51:07][INFO] SIM_BRIDGE: Applying parameter heterogeneity to neuron parameters...
[2026-06-12 06:51:07][INFO] SIM_BRIDGE: Applied heterogeneity to 4 parameters.
[2026-06-12 06:51:07][INFO] SIM_BRIDGE: Initializing OU process state (tau=15.0ms, sigma=0.0pA)...
[2026-06-12 06:51:07][INFO] SIM_BRIDGE: Generating 3D neuron positions for 2700 neurons...
[2026-06-12 06:51:07][INFO] SIM_BRIDGE: Generating connections (brain-region framework)...
[2026-06-12 06:51:11][INFO] SIM_BRIDGE: inject_explicit_wiring: installed 3888625 synapses across 3 populations.
[2026-06-12 06:51:11][INFO] SIM_BRIDGE: Simulation data initialized for 2700 neurons (3D). Synapses: 3888625. GPU memory: 3.0GB/25.8GB (11.5%)
    [built+trained    plants graded bridge: 2700 neurons]
[2026-06-12 06:53:07][INFO] SIM_BRIDGE: CuPy using GPU: NVIDIA GeForce RTX 3090 (24.0 GB), mempool limit: 80%
[2026-06-12 06:53:07][INFO] SIM_BRIDGE: Initializing simulation data for model: IZHIKEVICH (3D)... (playback_init: False)
[2026-06-12 06:53:07][INFO] SIM_BRIDGE: Brain-region framework: 2 regions, 2700 total neurons, 3 pathways.
[2026-06-12 06:53:07][INFO] SIM_BRIDGE: RNG initialized with seed: 42
[2026-06-12 06:53:07][INFO] SIM_BRIDGE: Initializing Izhikevich model specifics for 2700 neurons...
[2026-06-12 06:53:07][INFO] SIM_BRIDGE: Applying parameter heterogeneity to neuron parameters...
[2026-06-12 06:53:07][INFO] SIM_BRIDGE: Applied heterogeneity to 4 parameters.
[2026-06-12 06:53:07][INFO] SIM_BRIDGE: Initializing OU process state (tau=15.0ms, sigma=0.0pA)...
[2026-06-12 06:53:07][INFO] SIM_BRIDGE: Generating 3D neuron positions for 2700 neurons...
[2026-06-12 06:53:07][INFO] SIM_BRIDGE: Generating connections (brain-region framework)...
[2026-06-12 06:53:10][INFO] SIM_BRIDGE: inject_explicit_wiring: installed 3888625 synapses across 3 populations.
[2026-06-12 06:53:10][INFO] SIM_BRIDGE: Simulation data initialized for 2700 neurons (3D). Synapses: 3888625. GPU memory: 3.2GB/25.8GB (12.3%)
    [built+trained   weather graded bridge: 2700 neurons]
    (built 8 graded bridges in 1026s)
    M3 TRUE: top2=1.00 top1=1.00 signal/floor=20.28x margin=1549.2 (n=24)
    M7 PERMUTED: top2=0.00 top1=0.00 signal/floor=1.18x (must collapse vs TRUE)

  ----------------------------------------------------------------------------------------
  M4 -- no-confab moat (learned familiarity gate ALONGSIDE host abstention; CPU/numpy)
  ----------------------------------------------------------------------------------------
[2026-06-12 06:56:06][INFO] SIM_BRIDGE: CuPy using GPU: NVIDIA GeForce RTX 3090 (24.0 GB), mempool limit: 80%
[2026-06-12 06:56:06][INFO] SIM_BRIDGE: Initializing simulation data for model: IZHIKEVICH (3D)... (playback_init: False)
[2026-06-12 06:56:06][INFO] SIM_BRIDGE: RNG initialized with seed: 42
[2026-06-12 06:56:06][INFO] SIM_BRIDGE: Initializing Izhikevich model specifics for 256 neurons...
[2026-06-12 06:56:06][INFO] SIM_BRIDGE: Applying parameter heterogeneity to neuron parameters...
[2026-06-12 06:56:06][INFO] SIM_BRIDGE: Applied heterogeneity to 4 parameters.
[2026-06-12 06:56:06][INFO] SIM_BRIDGE: Initializing OU process state (tau=15.0ms, sigma=0.0pA)...
[2026-06-12 06:56:06][INFO] SIM_BRIDGE: Generating 3D neuron positions for 256 neurons...
[2026-06-12 06:56:06][INFO] SIM_BRIDGE: Generating connections (3D)...
[2026-06-12 06:56:06][INFO] SIM_BRIDGE: Simulation data initialized for 256 neurons (3D). Synapses: 0. GPU memory: 3.2GB/25.8GB (12.5%)
[2026-06-12 06:56:07][INFO] SIM_BRIDGE: CuPy using GPU: NVIDIA GeForce RTX 3090 (24.0 GB), mempool limit: 80%
[2026-06-12 06:56:07][INFO] SIM_BRIDGE: Initializing simulation data for model: IZHIKEVICH (3D)... (playback_init: False)
[2026-06-12 06:56:07][INFO] SIM_BRIDGE: RNG initialized with seed: 42
[2026-06-12 06:56:07][INFO] SIM_BRIDGE: Initializing Izhikevich model specifics for 512 neurons...
[2026-06-12 06:56:07][INFO] SIM_BRIDGE: Applying parameter heterogeneity to neuron parameters...
[2026-06-12 06:56:07][INFO] SIM_BRIDGE: Applied heterogeneity to 4 parameters.
[2026-06-12 06:56:07][INFO] SIM_BRIDGE: Initializing OU process state (tau=15.0ms, sigma=0.0pA)...
[2026-06-12 06:56:07][INFO] SIM_BRIDGE: Generating 3D neuron positions for 512 neurons...
[2026-06-12 06:56:07][INFO] SIM_BRIDGE: Generating connections (3D)...
[2026-06-12 06:56:07][INFO] SIM_BRIDGE: Simulation data initialized for 512 neurons (3D). Synapses: 0. GPU memory: 3.2GB/25.8GB (12.5%)
[2026-06-12 06:56:22][INFO] SIM_BRIDGE: CuPy using GPU: NVIDIA GeForce RTX 3090 (24.0 GB), mempool limit: 80%
[2026-06-12 06:56:22][INFO] SIM_BRIDGE: Initializing simulation data for model: IZHIKEVICH (3D)... (playback_init: False)
[2026-06-12 06:56:22][INFO] SIM_BRIDGE: RNG initialized with seed: 42
[2026-06-12 06:56:22][INFO] SIM_BRIDGE: Initializing Izhikevich model specifics for 384 neurons...
[2026-06-12 06:56:23][INFO] SIM_BRIDGE: Applying parameter heterogeneity to neuron parameters...
[2026-06-12 06:56:23][INFO] SIM_BRIDGE: Applied heterogeneity to 4 parameters.
[2026-06-12 06:56:23][INFO] SIM_BRIDGE: Initializing OU process state (tau=15.0ms, sigma=0.0pA)...
[2026-06-12 06:56:23][INFO] SIM_BRIDGE: Generating 3D neuron positions for 384 neurons...
[2026-06-12 06:56:23][INFO] SIM_BRIDGE: Generating connections (3D)...
[2026-06-12 06:56:23][INFO] SIM_BRIDGE: Simulation data initialized for 384 neurons (3D). Synapses: 0. GPU memory: 3.2GB/25.8GB (12.5%)
    M4: agreement=1.000 margin=+0.4486 host-abstain/gate-accept=0 (MUST be 0) floor-false-accepts=0 (MUST be 0) lesion-collapses=True -> moat-intact=True

============================================================================================
  MULTI-BRIDGE GRADED DE-RISK -- SEED 43 -- mode=full
============================================================================================
  [shard   animals] 64 concepts (8 sub x 8), 424 facts
  [shard     foods] 64 concepts (8 sub x 8), 424 facts
  [shard  vehicles] 64 concepts (8 sub x 8), 424 facts
  [shard     tools] 64 concepts (8 sub x 8), 424 facts
  [shard   clothes] 64 concepts (8 sub x 8), 424 facts
  [shard furniture] 64 concepts (8 sub x 8), 424 facts
  [shard    plants] 64 concepts (8 sub x 8), 424 facts
  [shard   weather] 64 concepts (8 sub x 8), 424 facts

  ----------------------------------------------------------------------------------------
  M1/M2/G5 -- per-bridge graded gates (read-out FIXED = brain-based divnorm 'ch'/interleave)
  ----------------------------------------------------------------------------------------
[2026-06-12 07:02:26][INFO] SIM_BRIDGE: CuPy using GPU: NVIDIA GeForce RTX 3090 (24.0 GB), mempool limit: 80%
[2026-06-12 07:02:26][INFO] SIM_BRIDGE: Initializing simulation data for model: IZHIKEVICH (3D)... (playback_init: False)
[2026-06-12 07:02:26][INFO] SIM_BRIDGE: Brain-region framework: 2 regions, 2700 total neurons, 3 pathways.
[2026-06-12 07:02:26][INFO] SIM_BRIDGE: RNG initialized with seed: 43
[2026-06-12 07:02:26][INFO] SIM_BRIDGE: Initializing Izhikevich model specifics for 2700 neurons...
[2026-06-12 07:02:26][INFO] SIM_BRIDGE: Applying parameter heterogeneity to neuron parameters...
[2026-06-12 07:02:26][INFO] SIM_BRIDGE: Applied heterogeneity to 4 parameters.
[2026-06-12 07:02:26][INFO] SIM_BRIDGE: Initializing OU process state (tau=15.0ms, sigma=0.0pA)...
[2026-06-12 07:02:26][INFO] SIM_BRIDGE: Generating 3D neuron positions for 2700 neurons...
[2026-06-12 07:02:26][INFO] SIM_BRIDGE: Generating connections (brain-region framework)...
[2026-06-12 07:02:30][INFO] SIM_BRIDGE: inject_explicit_wiring: installed 3887870 synapses across 3 populations.
[2026-06-12 07:02:30][INFO] SIM_BRIDGE: Simulation data initialized for 2700 neurons (3D). Synapses: 3887870. GPU memory: 3.2GB/25.8GB (12.5%)
[2026-06-12 07:04:24][INFO] SIM_BRIDGE: CuPy using GPU: NVIDIA GeForce RTX 3090 (24.0 GB), mempool limit: 80%
[2026-06-12 07:04:24][INFO] SIM_BRIDGE: Initializing simulation data for model: IZHIKEVICH (3D)... (playback_init: False)
[2026-06-12 07:04:24][INFO] SIM_BRIDGE: Brain-region framework: 2 regions, 2700 total neurons, 3 pathways.
[2026-06-12 07:04:24][INFO] SIM_BRIDGE: RNG initialized with seed: 43
[2026-06-12 07:04:24][INFO] SIM_BRIDGE: Initializing Izhikevich model specifics for 2700 neurons...
[2026-06-12 07:04:24][INFO] SIM_BRIDGE: Applying parameter heterogeneity to neuron parameters...
[2026-06-12 07:04:24][INFO] SIM_BRIDGE: Applied heterogeneity to 4 parameters.
[2026-06-12 07:04:24][INFO] SIM_BRIDGE: Initializing OU process state (tau=15.0ms, sigma=0.0pA)...
[2026-06-12 07:04:24][INFO] SIM_BRIDGE: Generating 3D neuron positions for 2700 neurons...
[2026-06-12 07:04:24][INFO] SIM_BRIDGE: Generating connections (brain-region framework)...
[2026-06-12 07:04:27][INFO] SIM_BRIDGE: inject_explicit_wiring: installed 3887870 synapses across 3 populations.
[2026-06-12 07:04:28][INFO] SIM_BRIDGE: Simulation data initialized for 2700 neurons (3D). Synapses: 3887870. GPU memory: 3.2GB/25.8GB (12.5%)
  [  animals] M1 gen=1.000(4.0x) A2=True A3=True [GO] | M2 P(sim)=+0.764 2nd=+0.526 graded=1 [GO] | G5 collapses=True (perm 2nd=+0.004) | 118s, 3456094 syn
[2026-06-12 07:06:22][INFO] SIM_BRIDGE: CuPy using GPU: NVIDIA GeForce RTX 3090 (24.0 GB), mempool limit: 80%
[2026-06-12 07:06:22][INFO] SIM_BRIDGE: Initializing simulation data for model: IZHIKEVICH (3D)... (playback_init: False)
[2026-06-12 07:06:22][INFO] SIM_BRIDGE: Brain-region framework: 2 regions, 2700 total neurons, 3 pathways.
[2026-06-12 07:06:22][INFO] SIM_BRIDGE: RNG initialized with seed: 43
[2026-06-12 07:06:22][INFO] SIM_BRIDGE: Initializing Izhikevich model specifics for 2700 neurons...
[2026-06-12 07:06:22][INFO] SIM_BRIDGE: Applying parameter heterogeneity to neuron parameters...
[2026-06-12 07:06:22][INFO] SIM_BRIDGE: Applied heterogeneity to 4 parameters.
[2026-06-12 07:06:22][INFO] SIM_BRIDGE: Initializing OU process state (tau=15.0ms, sigma=0.0pA)...
[2026-06-12 07:06:22][INFO] SIM_BRIDGE: Generating 3D neuron positions for 2700 neurons...
[2026-06-12 07:06:22][INFO] SIM_BRIDGE: Generating connections (brain-region framework)...
[2026-06-12 07:06:25][INFO] SIM_BRIDGE: inject_explicit_wiring: installed 3887870 synapses across 3 populations.
[2026-06-12 07:06:26][INFO] SIM_BRIDGE: Simulation data initialized for 2700 neurons (3D). Synapses: 3887870. GPU memory: 3.2GB/25.8GB (12.5%)
[2026-06-12 07:08:20][INFO] SIM_BRIDGE: CuPy using GPU: NVIDIA GeForce RTX 3090 (24.0 GB), mempool limit: 80%
[2026-06-12 07:08:20][INFO] SIM_BRIDGE: Initializing simulation data for model: IZHIKEVICH (3D)... (playback_init: False)
[2026-06-12 07:08:20][INFO] SIM_BRIDGE: Brain-region framework: 2 regions, 2700 total neurons, 3 pathways.
[2026-06-12 07:08:20][INFO] SIM_BRIDGE: RNG initialized with seed: 43
[2026-06-12 07:08:20][INFO] SIM_BRIDGE: Initializing Izhikevich model specifics for 2700 neurons...
[2026-06-12 07:08:20][INFO] SIM_BRIDGE: Applying parameter heterogeneity to neuron parameters...
[2026-06-12 07:08:20][INFO] SIM_BRIDGE: Applied heterogeneity to 4 parameters.
[2026-06-12 07:08:20][INFO] SIM_BRIDGE: Initializing OU process state (tau=15.0ms, sigma=0.0pA)...
[2026-06-12 07:08:20][INFO] SIM_BRIDGE: Generating 3D neuron positions for 2700 neurons...
[2026-06-12 07:08:20][INFO] SIM_BRIDGE: Generating connections (brain-region framework)...
[2026-06-12 07:08:24][INFO] SIM_BRIDGE: inject_explicit_wiring: installed 3887870 synapses across 3 populations.
[2026-06-12 07:08:24][INFO] SIM_BRIDGE: Simulation data initialized for 2700 neurons (3D). Synapses: 3887870. GPU memory: 3.2GB/25.8GB (12.5%)
  [    foods] M1 gen=1.000(4.0x) A2=True A3=True [GO] | M2 P(sim)=+0.763 2nd=+0.521 graded=1 [GO] | G5 collapses=True (perm 2nd=+0.008) | 118s, 3456094 syn
[2026-06-12 07:10:14][INFO] SIM_BRIDGE: CuPy using GPU: NVIDIA GeForce RTX 3090 (24.0 GB), mempool limit: 80%
[2026-06-12 07:10:14][INFO] SIM_BRIDGE: Initializing simulation data for model: IZHIKEVICH (3D)... (playback_init: False)
[2026-06-12 07:10:14][INFO] SIM_BRIDGE: Brain-region framework: 2 regions, 2700 total neurons, 3 pathways.
[2026-06-12 07:10:14][INFO] SIM_BRIDGE: RNG initialized with seed: 43
[2026-06-12 07:10:14][INFO] SIM_BRIDGE: Initializing Izhikevich model specifics for 2700 neurons...
[2026-06-12 07:10:14][INFO] SIM_BRIDGE: Applying parameter heterogeneity to neuron parameters...
[2026-06-12 07:10:14][INFO] SIM_BRIDGE: Applied heterogeneity to 4 parameters.
[2026-06-12 07:10:14][INFO] SIM_BRIDGE: Initializing OU process state (tau=15.0ms, sigma=0.0pA)...
[2026-06-12 07:10:14][INFO] SIM_BRIDGE: Generating 3D neuron positions for 2700 neurons...
[2026-06-12 07:10:14][INFO] SIM_BRIDGE: Generating connections (brain-region framework)...
[2026-06-12 07:10:18][INFO] SIM_BRIDGE: inject_explicit_wiring: installed 3887870 synapses across 3 populations.
[2026-06-12 07:10:18][INFO] SIM_BRIDGE: Simulation data initialized for 2700 neurons (3D). Synapses: 3887870. GPU memory: 3.2GB/25.8GB (12.5%)
[2026-06-12 07:12:12][INFO] SIM_BRIDGE: CuPy using GPU: NVIDIA GeForce RTX 3090 (24.0 GB), mempool limit: 80%
[2026-06-12 07:12:12][INFO] SIM_BRIDGE: Initializing simulation data for model: IZHIKEVICH (3D)... (playback_init: False)
[2026-06-12 07:12:12][INFO] SIM_BRIDGE: Brain-region framework: 2 regions, 2700 total neurons, 3 pathways.
[2026-06-12 07:12:12][INFO] SIM_BRIDGE: RNG initialized with seed: 43
[2026-06-12 07:12:12][INFO] SIM_BRIDGE: Initializing Izhikevich model specifics for 2700 neurons...
[2026-06-12 07:12:12][INFO] SIM_BRIDGE: Applying parameter heterogeneity to neuron parameters...
[2026-06-12 07:12:12][INFO] SIM_BRIDGE: Applied heterogeneity to 4 parameters.
[2026-06-12 07:12:12][INFO] SIM_BRIDGE: Initializing OU process state (tau=15.0ms, sigma=0.0pA)...
[2026-06-12 07:12:12][INFO] SIM_BRIDGE: Generating 3D neuron positions for 2700 neurons...
[2026-06-12 07:12:12][INFO] SIM_BRIDGE: Generating connections (brain-region framework)...
[2026-06-12 07:12:16][INFO] SIM_BRIDGE: inject_explicit_wiring: installed 3887870 synapses across 3 populations.
[2026-06-12 07:12:16][INFO] SIM_BRIDGE: Simulation data initialized for 2700 neurons (3D). Synapses: 3887870. GPU memory: 3.2GB/25.8GB (12.5%)
  [ vehicles] M1 gen=1.000(4.0x) A2=True A3=True [GO] | M2 P(sim)=+0.775 2nd=+0.522 graded=1 [GO] | G5 collapses=True (perm 2nd=+0.007) | 118s, 3456094 syn
[2026-06-12 07:14:13][INFO] SIM_BRIDGE: CuPy using GPU: NVIDIA GeForce RTX 3090 (24.0 GB), mempool limit: 80%
[2026-06-12 07:14:13][INFO] SIM_BRIDGE: Initializing simulation data for model: IZHIKEVICH (3D)... (playback_init: False)
[2026-06-12 07:14:13][INFO] SIM_BRIDGE: Brain-region framework: 2 regions, 2700 total neurons, 3 pathways.
[2026-06-12 07:14:13][INFO] SIM_BRIDGE: RNG initialized with seed: 43
[2026-06-12 07:14:13][INFO] SIM_BRIDGE: Initializing Izhikevich model specifics for 2700 neurons...
[2026-06-12 07:14:13][INFO] SIM_BRIDGE: Applying parameter heterogeneity to neuron parameters...
[2026-06-12 07:14:13][INFO] SIM_BRIDGE: Applied heterogeneity to 4 parameters.
[2026-06-12 07:14:13][INFO] SIM_BRIDGE: Initializing OU process state (tau=15.0ms, sigma=0.0pA)...
[2026-06-12 07:14:13][INFO] SIM_BRIDGE: Generating 3D neuron positions for 2700 neurons...
[2026-06-12 07:14:13][INFO] SIM_BRIDGE: Generating connections (brain-region framework)...
[2026-06-12 07:14:16][INFO] SIM_BRIDGE: inject_explicit_wiring: installed 3887870 synapses across 3 populations.
[2026-06-12 07:14:16][INFO] SIM_BRIDGE: Simulation data initialized for 2700 neurons (3D). Synapses: 3887870. GPU memory: 3.2GB/25.8GB (12.5%)
[2026-06-12 07:16:15][INFO] SIM_BRIDGE: CuPy using GPU: NVIDIA GeForce RTX 3090 (24.0 GB), mempool limit: 80%
[2026-06-12 07:16:15][INFO] SIM_BRIDGE: Initializing simulation data for model: IZHIKEVICH (3D)... (playback_init: False)
[2026-06-12 07:16:15][INFO] SIM_BRIDGE: Brain-region framework: 2 regions, 2700 total neurons, 3 pathways.
[2026-06-12 07:16:15][INFO] SIM_BRIDGE: RNG initialized with seed: 43
[2026-06-12 07:16:15][INFO] SIM_BRIDGE: Initializing Izhikevich model specifics for 2700 neurons...
[2026-06-12 07:16:15][INFO] SIM_BRIDGE: Applying parameter heterogeneity to neuron parameters...
[2026-06-12 07:16:15][INFO] SIM_BRIDGE: Applied heterogeneity to 4 parameters.
[2026-06-12 07:16:15][INFO] SIM_BRIDGE: Initializing OU process state (tau=15.0ms, sigma=0.0pA)...
[2026-06-12 07:16:15][INFO] SIM_BRIDGE: Generating 3D neuron positions for 2700 neurons...
[2026-06-12 07:16:15][INFO] SIM_BRIDGE: Generating connections (brain-region framework)...
[2026-06-12 07:16:19][INFO] SIM_BRIDGE: inject_explicit_wiring: installed 3887870 synapses across 3 populations.
[2026-06-12 07:16:19][INFO] SIM_BRIDGE: Simulation data initialized for 2700 neurons (3D). Synapses: 3887870. GPU memory: 3.2GB/25.8GB (12.5%)
  [    tools] M1 gen=1.000(4.0x) A2=True A3=True [GO] | M2 P(sim)=+0.821 2nd=+0.538 graded=1 [GO] | G5 collapses=True (perm 2nd=+0.008) | 123s, 3456094 syn
[2026-06-12 07:18:12][INFO] SIM_BRIDGE: CuPy using GPU: NVIDIA GeForce RTX 3090 (24.0 GB), mempool limit: 80%
[2026-06-12 07:18:12][INFO] SIM_BRIDGE: Initializing simulation data for model: IZHIKEVICH (3D)... (playback_init: False)
[2026-06-12 07:18:12][INFO] SIM_BRIDGE: Brain-region framework: 2 regions, 2700 total neurons, 3 pathways.
[2026-06-12 07:18:12][INFO] SIM_BRIDGE: RNG initialized with seed: 43
[2026-06-12 07:18:12][INFO] SIM_BRIDGE: Initializing Izhikevich model specifics for 2700 neurons...
[2026-06-12 07:18:12][INFO] SIM_BRIDGE: Applying parameter heterogeneity to neuron parameters...
[2026-06-12 07:18:12][INFO] SIM_BRIDGE: Applied heterogeneity to 4 parameters.
[2026-06-12 07:18:12][INFO] SIM_BRIDGE: Initializing OU process state (tau=15.0ms, sigma=0.0pA)...
[2026-06-12 07:18:12][INFO] SIM_BRIDGE: Generating 3D neuron positions for 2700 neurons...
[2026-06-12 07:18:12][INFO] SIM_BRIDGE: Generating connections (brain-region framework)...
[2026-06-12 07:18:16][INFO] SIM_BRIDGE: inject_explicit_wiring: installed 3887870 synapses across 3 populations.
[2026-06-12 07:18:16][INFO] SIM_BRIDGE: Simulation data initialized for 2700 neurons (3D). Synapses: 3887870. GPU memory: 3.2GB/25.8GB (12.5%)
[2026-06-12 07:20:12][INFO] SIM_BRIDGE: CuPy using GPU: NVIDIA GeForce RTX 3090 (24.0 GB), mempool limit: 80%
[2026-06-12 07:20:12][INFO] SIM_BRIDGE: Initializing simulation data for model: IZHIKEVICH (3D)... (playback_init: False)
[2026-06-12 07:20:12][INFO] SIM_BRIDGE: Brain-region framework: 2 regions, 2700 total neurons, 3 pathways.
[2026-06-12 07:20:12][INFO] SIM_BRIDGE: RNG initialized with seed: 43
[2026-06-12 07:20:12][INFO] SIM_BRIDGE: Initializing Izhikevich model specifics for 2700 neurons...
[2026-06-12 07:20:12][INFO] SIM_BRIDGE: Applying parameter heterogeneity to neuron parameters...
[2026-06-12 07:20:12][INFO] SIM_BRIDGE: Applied heterogeneity to 4 parameters.
[2026-06-12 07:20:12][INFO] SIM_BRIDGE: Initializing OU process state (tau=15.0ms, sigma=0.0pA)...
[2026-06-12 07:20:12][INFO] SIM_BRIDGE: Generating 3D neuron positions for 2700 neurons...
[2026-06-12 07:20:12][INFO] SIM_BRIDGE: Generating connections (brain-region framework)...
[2026-06-12 07:20:16][INFO] SIM_BRIDGE: inject_explicit_wiring: installed 3887870 synapses across 3 populations.
[2026-06-12 07:20:16][INFO] SIM_BRIDGE: Simulation data initialized for 2700 neurons (3D). Synapses: 3887870. GPU memory: 3.2GB/25.8GB (12.5%)
  [  clothes] M1 gen=0.963(3.9x) A2=True A3=True [GO] | M2 P(sim)=+0.788 2nd=+0.531 graded=1 [GO] | G5 collapses=True (perm 2nd=+0.006) | 120s, 3456094 syn
[2026-06-12 07:22:06][INFO] SIM_BRIDGE: CuPy using GPU: NVIDIA GeForce RTX 3090 (24.0 GB), mempool limit: 80%
[2026-06-12 07:22:06][INFO] SIM_BRIDGE: Initializing simulation data for model: IZHIKEVICH (3D)... (playback_init: False)
[2026-06-12 07:22:06][INFO] SIM_BRIDGE: Brain-region framework: 2 regions, 2700 total neurons, 3 pathways.
[2026-06-12 07:22:06][INFO] SIM_BRIDGE: RNG initialized with seed: 43
[2026-06-12 07:22:06][INFO] SIM_BRIDGE: Initializing Izhikevich model specifics for 2700 neurons...
[2026-06-12 07:22:06][INFO] SIM_BRIDGE: Applying parameter heterogeneity to neuron parameters...
[2026-06-12 07:22:06][INFO] SIM_BRIDGE: Applied heterogeneity to 4 parameters.
[2026-06-12 07:22:06][INFO] SIM_BRIDGE: Initializing OU process state (tau=15.0ms, sigma=0.0pA)...
[2026-06-12 07:22:06][INFO] SIM_BRIDGE: Generating 3D neuron positions for 2700 neurons...
[2026-06-12 07:22:06][INFO] SIM_BRIDGE: Generating connections (brain-region framework)...
[2026-06-12 07:22:10][INFO] SIM_BRIDGE: inject_explicit_wiring: installed 3887870 synapses across 3 populations.
[2026-06-12 07:22:10][INFO] SIM_BRIDGE: Simulation data initialized for 2700 neurons (3D). Synapses: 3887870. GPU memory: 3.2GB/25.8GB (12.5%)
[2026-06-12 07:24:07][INFO] SIM_BRIDGE: CuPy using GPU: NVIDIA GeForce RTX 3090 (24.0 GB), mempool limit: 80%
[2026-06-12 07:24:07][INFO] SIM_BRIDGE: Initializing simulation data for model: IZHIKEVICH (3D)... (playback_init: False)
[2026-06-12 07:24:07][INFO] SIM_BRIDGE: Brain-region framework: 2 regions, 2700 total neurons, 3 pathways.
[2026-06-12 07:24:07][INFO] SIM_BRIDGE: RNG initialized with seed: 43
[2026-06-12 07:24:07][INFO] SIM_BRIDGE: Initializing Izhikevich model specifics for 2700 neurons...
[2026-06-12 07:24:07][INFO] SIM_BRIDGE: Applying parameter heterogeneity to neuron parameters...
[2026-06-12 07:24:07][INFO] SIM_BRIDGE: Applied heterogeneity to 4 parameters.
[2026-06-12 07:24:07][INFO] SIM_BRIDGE: Initializing OU process state (tau=15.0ms, sigma=0.0pA)...
[2026-06-12 07:24:07][INFO] SIM_BRIDGE: Generating 3D neuron positions for 2700 neurons...
[2026-06-12 07:24:07][INFO] SIM_BRIDGE: Generating connections (brain-region framework)...
[2026-06-12 07:24:10][INFO] SIM_BRIDGE: inject_explicit_wiring: installed 3887870 synapses across 3 populations.
[2026-06-12 07:24:10][INFO] SIM_BRIDGE: Simulation data initialized for 2700 neurons (3D). Synapses: 3887870. GPU memory: 3.2GB/25.8GB (12.5%)
  [furniture] M1 gen=1.000(4.0x) A2=True A3=True [GO] | M2 P(sim)=+0.766 2nd=+0.532 graded=1 [GO] | G5 collapses=True (perm 2nd=-0.010) | 120s, 3456094 syn
[2026-06-12 07:26:03][INFO] SIM_BRIDGE: CuPy using GPU: NVIDIA GeForce RTX 3090 (24.0 GB), mempool limit: 80%
[2026-06-12 07:26:03][INFO] SIM_BRIDGE: Initializing simulation data for model: IZHIKEVICH (3D)... (playback_init: False)
[2026-06-12 07:26:03][INFO] SIM_BRIDGE: Brain-region framework: 2 regions, 2700 total neurons, 3 pathways.
[2026-06-12 07:26:03][INFO] SIM_BRIDGE: RNG initialized with seed: 43
[2026-06-12 07:26:03][INFO] SIM_BRIDGE: Initializing Izhikevich model specifics for 2700 neurons...
[2026-06-12 07:26:03][INFO] SIM_BRIDGE: Applying parameter heterogeneity to neuron parameters...
[2026-06-12 07:26:03][INFO] SIM_BRIDGE: Applied heterogeneity to 4 parameters.
[2026-06-12 07:26:03][INFO] SIM_BRIDGE: Initializing OU process state (tau=15.0ms, sigma=0.0pA)...
[2026-06-12 07:26:03][INFO] SIM_BRIDGE: Generating 3D neuron positions for 2700 neurons...
[2026-06-12 07:26:03][INFO] SIM_BRIDGE: Generating connections (brain-region framework)...
[2026-06-12 07:26:06][INFO] SIM_BRIDGE: inject_explicit_wiring: installed 3887870 synapses across 3 populations.
[2026-06-12 07:26:06][INFO] SIM_BRIDGE: Simulation data initialized for 2700 neurons (3D). Synapses: 3887870. GPU memory: 3.2GB/25.8GB (12.5%)
[2026-06-12 07:27:58][INFO] SIM_BRIDGE: CuPy using GPU: NVIDIA GeForce RTX 3090 (24.0 GB), mempool limit: 80%
[2026-06-12 07:27:58][INFO] SIM_BRIDGE: Initializing simulation data for model: IZHIKEVICH (3D)... (playback_init: False)
[2026-06-12 07:27:58][INFO] SIM_BRIDGE: Brain-region framework: 2 regions, 2700 total neurons, 3 pathways.
[2026-06-12 07:27:58][INFO] SIM_BRIDGE: RNG initialized with seed: 43
[2026-06-12 07:27:58][INFO] SIM_BRIDGE: Initializing Izhikevich model specifics for 2700 neurons...
[2026-06-12 07:27:58][INFO] SIM_BRIDGE: Applying parameter heterogeneity to neuron parameters...
[2026-06-12 07:27:58][INFO] SIM_BRIDGE: Applied heterogeneity to 4 parameters.
[2026-06-12 07:27:58][INFO] SIM_BRIDGE: Initializing OU process state (tau=15.0ms, sigma=0.0pA)...
[2026-06-12 07:27:58][INFO] SIM_BRIDGE: Generating 3D neuron positions for 2700 neurons...
[2026-06-12 07:27:58][INFO] SIM_BRIDGE: Generating connections (brain-region framework)...
[2026-06-12 07:28:02][INFO] SIM_BRIDGE: inject_explicit_wiring: installed 3887870 synapses across 3 populations.
[2026-06-12 07:28:02][INFO] SIM_BRIDGE: Simulation data initialized for 2700 neurons (3D). Synapses: 3887870. GPU memory: 3.2GB/25.8GB (12.5%)
  [   plants] M1 gen=1.000(4.0x) A2=True A3=True [GO] | M2 P(sim)=+0.784 2nd=+0.528 graded=1 [GO] | G5 collapses=True (perm 2nd=+0.003) | 116s, 3456094 syn
[2026-06-12 07:29:53][INFO] SIM_BRIDGE: CuPy using GPU: NVIDIA GeForce RTX 3090 (24.0 GB), mempool limit: 80%
[2026-06-12 07:29:53][INFO] SIM_BRIDGE: Initializing simulation data for model: IZHIKEVICH (3D)... (playback_init: False)
[2026-06-12 07:29:53][INFO] SIM_BRIDGE: Brain-region framework: 2 regions, 2700 total neurons, 3 pathways.
[2026-06-12 07:29:53][INFO] SIM_BRIDGE: RNG initialized with seed: 43
[2026-06-12 07:29:53][INFO] SIM_BRIDGE: Initializing Izhikevich model specifics for 2700 neurons...
[2026-06-12 07:29:53][INFO] SIM_BRIDGE: Applying parameter heterogeneity to neuron parameters...
[2026-06-12 07:29:53][INFO] SIM_BRIDGE: Applied heterogeneity to 4 parameters.
[2026-06-12 07:29:53][INFO] SIM_BRIDGE: Initializing OU process state (tau=15.0ms, sigma=0.0pA)...
[2026-06-12 07:29:53][INFO] SIM_BRIDGE: Generating 3D neuron positions for 2700 neurons...
[2026-06-12 07:29:53][INFO] SIM_BRIDGE: Generating connections (brain-region framework)...
[2026-06-12 07:29:57][INFO] SIM_BRIDGE: inject_explicit_wiring: installed 3887870 synapses across 3 populations.
[2026-06-12 07:29:57][INFO] SIM_BRIDGE: Simulation data initialized for 2700 neurons (3D). Synapses: 3887870. GPU memory: 3.2GB/25.8GB (12.5%)
[2026-06-12 07:31:50][INFO] SIM_BRIDGE: CuPy using GPU: NVIDIA GeForce RTX 3090 (24.0 GB), mempool limit: 80%
[2026-06-12 07:31:50][INFO] SIM_BRIDGE: Initializing simulation data for model: IZHIKEVICH (3D)... (playback_init: False)
[2026-06-12 07:31:50][INFO] SIM_BRIDGE: Brain-region framework: 2 regions, 2700 total neurons, 3 pathways.
[2026-06-12 07:31:50][INFO] SIM_BRIDGE: RNG initialized with seed: 43
[2026-06-12 07:31:50][INFO] SIM_BRIDGE: Initializing Izhikevich model specifics for 2700 neurons...
[2026-06-12 07:31:50][INFO] SIM_BRIDGE: Applying parameter heterogeneity to neuron parameters...
[2026-06-12 07:31:50][INFO] SIM_BRIDGE: Applied heterogeneity to 4 parameters.
[2026-06-12 07:31:50][INFO] SIM_BRIDGE: Initializing OU process state (tau=15.0ms, sigma=0.0pA)...
[2026-06-12 07:31:50][INFO] SIM_BRIDGE: Generating 3D neuron positions for 2700 neurons...
[2026-06-12 07:31:50][INFO] SIM_BRIDGE: Generating connections (brain-region framework)...
[2026-06-12 07:31:53][INFO] SIM_BRIDGE: inject_explicit_wiring: installed 3887870 synapses across 3 populations.
[2026-06-12 07:31:54][INFO] SIM_BRIDGE: Simulation data initialized for 2700 neurons (3D). Synapses: 3887870. GPU memory: 3.2GB/25.8GB (12.5%)
  [  weather] M1 gen=1.000(4.0x) A2=True A3=True [GO] | M2 P(sim)=+0.786 2nd=+0.531 graded=1 [GO] | G5 collapses=True (perm 2nd=-0.001) | 117s, 3456094 syn

  M6 -- random-shard anti-cheat (within-bridge generalization MUST collapse)
[2026-06-12 07:33:50][INFO] SIM_BRIDGE: CuPy using GPU: NVIDIA GeForce RTX 3090 (24.0 GB), mempool limit: 80%
[2026-06-12 07:33:50][INFO] SIM_BRIDGE: Initializing simulation data for model: IZHIKEVICH (3D)... (playback_init: False)
[2026-06-12 07:33:50][INFO] SIM_BRIDGE: Brain-region framework: 2 regions, 2700 total neurons, 3 pathways.
[2026-06-12 07:33:50][INFO] SIM_BRIDGE: RNG initialized with seed: 43
[2026-06-12 07:33:50][INFO] SIM_BRIDGE: Initializing Izhikevich model specifics for 2700 neurons...
[2026-06-12 07:33:50][INFO] SIM_BRIDGE: Applying parameter heterogeneity to neuron parameters...
[2026-06-12 07:33:50][INFO] SIM_BRIDGE: Applied heterogeneity to 4 parameters.
[2026-06-12 07:33:50][INFO] SIM_BRIDGE: Initializing OU process state (tau=15.0ms, sigma=0.0pA)...
[2026-06-12 07:33:50][INFO] SIM_BRIDGE: Generating 3D neuron positions for 2700 neurons...
[2026-06-12 07:33:50][INFO] SIM_BRIDGE: Generating connections (brain-region framework)...
[2026-06-12 07:33:54][INFO] SIM_BRIDGE: inject_explicit_wiring: installed 3887870 synapses across 3 populations.
[2026-06-12 07:33:54][INFO] SIM_BRIDGE: Simulation data initialized for 2700 neurons (3D). Synapses: 3887870. GPU memory: 3.2GB/25.8GB (12.5%)
    random-shard gen=0.350 (chance 0.250) collapses=True

  [authored 24 cross-bridge facts] e.g. [('furniture.c7_m2', 'vehicles.c2_m5'), ('plants.c2_m2', 'tools.c0_m2'), ('animals.c6_m4', 'furniture.c3_m1')]

  ----------------------------------------------------------------------------------------
  M3/M7 -- cross-bridge composition (V-tag layer over the graded `pool` regions)
  ----------------------------------------------------------------------------------------
[2026-06-12 07:33:56][INFO] SIM_BRIDGE: CuPy using GPU: NVIDIA GeForce RTX 3090 (24.0 GB), mempool limit: 80%
[2026-06-12 07:33:56][INFO] SIM_BRIDGE: Initializing simulation data for model: IZHIKEVICH (3D)... (playback_init: False)
[2026-06-12 07:33:56][INFO] SIM_BRIDGE: Brain-region framework: 2 regions, 2700 total neurons, 3 pathways.
[2026-06-12 07:33:56][INFO] SIM_BRIDGE: RNG initialized with seed: 43
[2026-06-12 07:33:56][INFO] SIM_BRIDGE: Initializing Izhikevich model specifics for 2700 neurons...
[2026-06-12 07:33:56][INFO] SIM_BRIDGE: Applying parameter heterogeneity to neuron parameters...
[2026-06-12 07:33:56][INFO] SIM_BRIDGE: Applied heterogeneity to 4 parameters.
[2026-06-12 07:33:56][INFO] SIM_BRIDGE: Initializing OU process state (tau=15.0ms, sigma=0.0pA)...
[2026-06-12 07:33:56][INFO] SIM_BRIDGE: Generating 3D neuron positions for 2700 neurons...
[2026-06-12 07:33:56][INFO] SIM_BRIDGE: Generating connections (brain-region framework)...
[2026-06-12 07:34:00][INFO] SIM_BRIDGE: inject_explicit_wiring: installed 3887870 synapses across 3 populations.
[2026-06-12 07:34:00][INFO] SIM_BRIDGE: Simulation data initialized for 2700 neurons (3D). Synapses: 3887870. GPU memory: 3.2GB/25.8GB (12.5%)
    [built+trained   animals graded bridge: 2700 neurons]
[2026-06-12 07:35:57][INFO] SIM_BRIDGE: CuPy using GPU: NVIDIA GeForce RTX 3090 (24.0 GB), mempool limit: 80%
[2026-06-12 07:35:57][INFO] SIM_BRIDGE: Initializing simulation data for model: IZHIKEVICH (3D)... (playback_init: False)
[2026-06-12 07:35:57][INFO] SIM_BRIDGE: Brain-region framework: 2 regions, 2700 total neurons, 3 pathways.
[2026-06-12 07:35:57][INFO] SIM_BRIDGE: RNG initialized with seed: 43
[2026-06-12 07:35:57][INFO] SIM_BRIDGE: Initializing Izhikevich model specifics for 2700 neurons...
[2026-06-12 07:35:57][INFO] SIM_BRIDGE: Applying parameter heterogeneity to neuron parameters...
[2026-06-12 07:35:57][INFO] SIM_BRIDGE: Applied heterogeneity to 4 parameters.
[2026-06-12 07:35:57][INFO] SIM_BRIDGE: Initializing OU process state (tau=15.0ms, sigma=0.0pA)...
[2026-06-12 07:35:57][INFO] SIM_BRIDGE: Generating 3D neuron positions for 2700 neurons...
[2026-06-12 07:35:57][INFO] SIM_BRIDGE: Generating connections (brain-region framework)...
[2026-06-12 07:36:00][INFO] SIM_BRIDGE: inject_explicit_wiring: installed 3887870 synapses across 3 populations.
[2026-06-12 07:36:00][INFO] SIM_BRIDGE: Simulation data initialized for 2700 neurons (3D). Synapses: 3887870. GPU memory: 3.2GB/25.8GB (12.5%)
    [built+trained     foods graded bridge: 2700 neurons]
[2026-06-12 07:37:59][INFO] SIM_BRIDGE: CuPy using GPU: NVIDIA GeForce RTX 3090 (24.0 GB), mempool limit: 80%
[2026-06-12 07:37:59][INFO] SIM_BRIDGE: Initializing simulation data for model: IZHIKEVICH (3D)... (playback_init: False)
[2026-06-12 07:37:59][INFO] SIM_BRIDGE: Brain-region framework: 2 regions, 2700 total neurons, 3 pathways.
[2026-06-12 07:37:59][INFO] SIM_BRIDGE: RNG initialized with seed: 43
[2026-06-12 07:37:59][INFO] SIM_BRIDGE: Initializing Izhikevich model specifics for 2700 neurons...
[2026-06-12 07:37:59][INFO] SIM_BRIDGE: Applying parameter heterogeneity to neuron parameters...
[2026-06-12 07:37:59][INFO] SIM_BRIDGE: Applied heterogeneity to 4 parameters.
[2026-06-12 07:37:59][INFO] SIM_BRIDGE: Initializing OU process state (tau=15.0ms, sigma=0.0pA)...
[2026-06-12 07:37:59][INFO] SIM_BRIDGE: Generating 3D neuron positions for 2700 neurons...
[2026-06-12 07:37:59][INFO] SIM_BRIDGE: Generating connections (brain-region framework)...
[2026-06-12 07:38:02][INFO] SIM_BRIDGE: inject_explicit_wiring: installed 3887870 synapses across 3 populations.
[2026-06-12 07:38:03][INFO] SIM_BRIDGE: Simulation data initialized for 2700 neurons (3D). Synapses: 3887870. GPU memory: 3.2GB/25.8GB (12.5%)
    [built+trained  vehicles graded bridge: 2700 neurons]
[2026-06-12 07:39:58][INFO] SIM_BRIDGE: CuPy using GPU: NVIDIA GeForce RTX 3090 (24.0 GB), mempool limit: 80%
[2026-06-12 07:39:58][INFO] SIM_BRIDGE: Initializing simulation data for model: IZHIKEVICH (3D)... (playback_init: False)
[2026-06-12 07:39:58][INFO] SIM_BRIDGE: Brain-region framework: 2 regions, 2700 total neurons, 3 pathways.
[2026-06-12 07:39:58][INFO] SIM_BRIDGE: RNG initialized with seed: 43
[2026-06-12 07:39:58][INFO] SIM_BRIDGE: Initializing Izhikevich model specifics for 2700 neurons...
[2026-06-12 07:39:58][INFO] SIM_BRIDGE: Applying parameter heterogeneity to neuron parameters...
[2026-06-12 07:39:58][INFO] SIM_BRIDGE: Applied heterogeneity to 4 parameters.
[2026-06-12 07:39:58][INFO] SIM_BRIDGE: Initializing OU process state (tau=15.0ms, sigma=0.0pA)...
[2026-06-12 07:39:58][INFO] SIM_BRIDGE: Generating 3D neuron positions for 2700 neurons...
[2026-06-12 07:39:58][INFO] SIM_BRIDGE: Generating connections (brain-region framework)...
[2026-06-12 07:40:02][INFO] SIM_BRIDGE: inject_explicit_wiring: installed 3887870 synapses across 3 populations.
[2026-06-12 07:40:02][INFO] SIM_BRIDGE: Simulation data initialized for 2700 neurons (3D). Synapses: 3887870. GPU memory: 3.2GB/25.8GB (12.5%)
    [built+trained     tools graded bridge: 2700 neurons]
[2026-06-12 07:41:58][INFO] SIM_BRIDGE: CuPy using GPU: NVIDIA GeForce RTX 3090 (24.0 GB), mempool limit: 80%
[2026-06-12 07:41:58][INFO] SIM_BRIDGE: Initializing simulation data for model: IZHIKEVICH (3D)... (playback_init: False)
[2026-06-12 07:41:58][INFO] SIM_BRIDGE: Brain-region framework: 2 regions, 2700 total neurons, 3 pathways.
[2026-06-12 07:41:58][INFO] SIM_BRIDGE: RNG initialized with seed: 43
[2026-06-12 07:41:58][INFO] SIM_BRIDGE: Initializing Izhikevich model specifics for 2700 neurons...
[2026-06-12 07:41:58][INFO] SIM_BRIDGE: Applying parameter heterogeneity to neuron parameters...
[2026-06-12 07:41:58][INFO] SIM_BRIDGE: Applied heterogeneity to 4 parameters.
[2026-06-12 07:41:58][INFO] SIM_BRIDGE: Initializing OU process state (tau=15.0ms, sigma=0.0pA)...
[2026-06-12 07:41:58][INFO] SIM_BRIDGE: Generating 3D neuron positions for 2700 neurons...
[2026-06-12 07:41:58][INFO] SIM_BRIDGE: Generating connections (brain-region framework)...
[2026-06-12 07:42:02][INFO] SIM_BRIDGE: inject_explicit_wiring: installed 3887870 synapses across 3 populations.
[2026-06-12 07:42:02][INFO] SIM_BRIDGE: Simulation data initialized for 2700 neurons (3D). Synapses: 3887870. GPU memory: 3.2GB/25.8GB (12.5%)
    [built+trained   clothes graded bridge: 2700 neurons]
[2026-06-12 07:43:58][INFO] SIM_BRIDGE: CuPy using GPU: NVIDIA GeForce RTX 3090 (24.0 GB), mempool limit: 80%
[2026-06-12 07:43:58][INFO] SIM_BRIDGE: Initializing simulation data for model: IZHIKEVICH (3D)... (playback_init: False)
[2026-06-12 07:43:58][INFO] SIM_BRIDGE: Brain-region framework: 2 regions, 2700 total neurons, 3 pathways.
[2026-06-12 07:43:58][INFO] SIM_BRIDGE: RNG initialized with seed: 43
[2026-06-12 07:43:58][INFO] SIM_BRIDGE: Initializing Izhikevich model specifics for 2700 neurons...
[2026-06-12 07:43:58][INFO] SIM_BRIDGE: Applying parameter heterogeneity to neuron parameters...
[2026-06-12 07:43:58][INFO] SIM_BRIDGE: Applied heterogeneity to 4 parameters.
[2026-06-12 07:43:58][INFO] SIM_BRIDGE: Initializing OU process state (tau=15.0ms, sigma=0.0pA)...
[2026-06-12 07:43:58][INFO] SIM_BRIDGE: Generating 3D neuron positions for 2700 neurons...
[2026-06-12 07:43:58][INFO] SIM_BRIDGE: Generating connections (brain-region framework)...
[2026-06-12 07:44:02][INFO] SIM_BRIDGE: inject_explicit_wiring: installed 3887870 synapses across 3 populations.
[2026-06-12 07:44:02][INFO] SIM_BRIDGE: Simulation data initialized for 2700 neurons (3D). Synapses: 3887870. GPU memory: 3.2GB/25.8GB (12.5%)
    [built+trained furniture graded bridge: 2700 neurons]
[2026-06-12 07:46:00][INFO] SIM_BRIDGE: CuPy using GPU: NVIDIA GeForce RTX 3090 (24.0 GB), mempool limit: 80%
[2026-06-12 07:46:00][INFO] SIM_BRIDGE: Initializing simulation data for model: IZHIKEVICH (3D)... (playback_init: False)
[2026-06-12 07:46:00][INFO] SIM_BRIDGE: Brain-region framework: 2 regions, 2700 total neurons, 3 pathways.
[2026-06-12 07:46:00][INFO] SIM_BRIDGE: RNG initialized with seed: 43
[2026-06-12 07:46:00][INFO] SIM_BRIDGE: Initializing Izhikevich model specifics for 2700 neurons...
[2026-06-12 07:46:00][INFO] SIM_BRIDGE: Applying parameter heterogeneity to neuron parameters...
[2026-06-12 07:46:00][INFO] SIM_BRIDGE: Applied heterogeneity to 4 parameters.
[2026-06-12 07:46:00][INFO] SIM_BRIDGE: Initializing OU process state (tau=15.0ms, sigma=0.0pA)...
[2026-06-12 07:46:00][INFO] SIM_BRIDGE: Generating 3D neuron positions for 2700 neurons...
[2026-06-12 07:46:00][INFO] SIM_BRIDGE: Generating connections (brain-region framework)...
[2026-06-12 07:46:03][INFO] SIM_BRIDGE: inject_explicit_wiring: installed 3887870 synapses across 3 populations.
[2026-06-12 07:46:03][INFO] SIM_BRIDGE: Simulation data initialized for 2700 neurons (3D). Synapses: 3887870. GPU memory: 3.2GB/25.8GB (12.5%)
    [built+trained    plants graded bridge: 2700 neurons]
[2026-06-12 07:47:57][INFO] SIM_BRIDGE: CuPy using GPU: NVIDIA GeForce RTX 3090 (24.0 GB), mempool limit: 80%
[2026-06-12 07:47:57][INFO] SIM_BRIDGE: Initializing simulation data for model: IZHIKEVICH (3D)... (playback_init: False)
[2026-06-12 07:47:57][INFO] SIM_BRIDGE: Brain-region framework: 2 regions, 2700 total neurons, 3 pathways.
[2026-06-12 07:47:57][INFO] SIM_BRIDGE: RNG initialized with seed: 43
[2026-06-12 07:47:57][INFO] SIM_BRIDGE: Initializing Izhikevich model specifics for 2700 neurons...
[2026-06-12 07:47:57][INFO] SIM_BRIDGE: Applying parameter heterogeneity to neuron parameters...
[2026-06-12 07:47:57][INFO] SIM_BRIDGE: Applied heterogeneity to 4 parameters.
[2026-06-12 07:47:57][INFO] SIM_BRIDGE: Initializing OU process state (tau=15.0ms, sigma=0.0pA)...
[2026-06-12 07:47:57][INFO] SIM_BRIDGE: Generating 3D neuron positions for 2700 neurons...
[2026-06-12 07:47:57][INFO] SIM_BRIDGE: Generating connections (brain-region framework)...
[2026-06-12 07:48:00][INFO] SIM_BRIDGE: inject_explicit_wiring: installed 3887870 synapses across 3 populations.
[2026-06-12 07:48:00][INFO] SIM_BRIDGE: Simulation data initialized for 2700 neurons (3D). Synapses: 3887870. GPU memory: 3.2GB/25.8GB (12.5%)
    [built+trained   weather graded bridge: 2700 neurons]
    (built 8 graded bridges in 959s)
    M3 TRUE: top2=1.00 top1=1.00 signal/floor=19.70x margin=1556.8 (n=24)
    M7 PERMUTED: top2=0.04 top1=0.00 signal/floor=1.11x (must collapse vs TRUE)

  ----------------------------------------------------------------------------------------
  M4 -- no-confab moat (learned familiarity gate ALONGSIDE host abstention; CPU/numpy)
  ----------------------------------------------------------------------------------------
[2026-06-12 07:50:51][INFO] SIM_BRIDGE: CuPy using GPU: NVIDIA GeForce RTX 3090 (24.0 GB), mempool limit: 80%
[2026-06-12 07:50:51][INFO] SIM_BRIDGE: Initializing simulation data for model: IZHIKEVICH (3D)... (playback_init: False)
[2026-06-12 07:50:51][INFO] SIM_BRIDGE: RNG initialized with seed: 43
[2026-06-12 07:50:51][INFO] SIM_BRIDGE: Initializing Izhikevich model specifics for 256 neurons...
[2026-06-12 07:50:51][INFO] SIM_BRIDGE: Applying parameter heterogeneity to neuron parameters...
[2026-06-12 07:50:51][INFO] SIM_BRIDGE: Applied heterogeneity to 4 parameters.
[2026-06-12 07:50:51][INFO] SIM_BRIDGE: Initializing OU process state (tau=15.0ms, sigma=0.0pA)...
[2026-06-12 07:50:51][INFO] SIM_BRIDGE: Generating 3D neuron positions for 256 neurons...
[2026-06-12 07:50:51][INFO] SIM_BRIDGE: Generating connections (3D)...
[2026-06-12 07:50:51][INFO] SIM_BRIDGE: Simulation data initialized for 256 neurons (3D). Synapses: 0. GPU memory: 3.2GB/25.8GB (12.5%)
[2026-06-12 07:50:52][INFO] SIM_BRIDGE: CuPy using GPU: NVIDIA GeForce RTX 3090 (24.0 GB), mempool limit: 80%
[2026-06-12 07:50:52][INFO] SIM_BRIDGE: Initializing simulation data for model: IZHIKEVICH (3D)... (playback_init: False)
[2026-06-12 07:50:52][INFO] SIM_BRIDGE: RNG initialized with seed: 43
[2026-06-12 07:50:52][INFO] SIM_BRIDGE: Initializing Izhikevich model specifics for 512 neurons...
[2026-06-12 07:50:52][INFO] SIM_BRIDGE: Applying parameter heterogeneity to neuron parameters...
[2026-06-12 07:50:52][INFO] SIM_BRIDGE: Applied heterogeneity to 4 parameters.
[2026-06-12 07:50:52][INFO] SIM_BRIDGE: Initializing OU process state (tau=15.0ms, sigma=0.0pA)...
[2026-06-12 07:50:52][INFO] SIM_BRIDGE: Generating 3D neuron positions for 512 neurons...
[2026-06-12 07:50:52][INFO] SIM_BRIDGE: Generating connections (3D)...
[2026-06-12 07:50:52][INFO] SIM_BRIDGE: Simulation data initialized for 512 neurons (3D). Synapses: 0. GPU memory: 3.2GB/25.8GB (12.5%)
[2026-06-12 07:51:06][INFO] SIM_BRIDGE: CuPy using GPU: NVIDIA GeForce RTX 3090 (24.0 GB), mempool limit: 80%
[2026-06-12 07:51:06][INFO] SIM_BRIDGE: Initializing simulation data for model: IZHIKEVICH (3D)... (playback_init: False)
[2026-06-12 07:51:06][INFO] SIM_BRIDGE: RNG initialized with seed: 43
[2026-06-12 07:51:06][INFO] SIM_BRIDGE: Initializing Izhikevich model specifics for 384 neurons...
[2026-06-12 07:51:06][INFO] SIM_BRIDGE: Applying parameter heterogeneity to neuron parameters...
[2026-06-12 07:51:06][INFO] SIM_BRIDGE: Applied heterogeneity to 4 parameters.
[2026-06-12 07:51:06][INFO] SIM_BRIDGE: Initializing OU process state (tau=15.0ms, sigma=0.0pA)...
[2026-06-12 07:51:06][INFO] SIM_BRIDGE: Generating 3D neuron positions for 384 neurons...
[2026-06-12 07:51:06][INFO] SIM_BRIDGE: Generating connections (3D)...
[2026-06-12 07:51:06][INFO] SIM_BRIDGE: Simulation data initialized for 384 neurons (3D). Synapses: 0. GPU memory: 3.2GB/25.8GB (12.5%)
    M4: agreement=1.000 margin=+0.4690 host-abstain/gate-accept=0 (MUST be 0) floor-false-accepts=0 (MUST be 0) lesion-collapses=True -> moat-intact=True

============================================================================================
  MULTI-BRIDGE GRADED DE-RISK -- SEED 44 -- mode=full
============================================================================================
  [shard   animals] 64 concepts (8 sub x 8), 424 facts
  [shard     foods] 64 concepts (8 sub x 8), 424 facts
  [shard  vehicles] 64 concepts (8 sub x 8), 424 facts
  [shard     tools] 64 concepts (8 sub x 8), 424 facts
  [shard   clothes] 64 concepts (8 sub x 8), 424 facts
  [shard furniture] 64 concepts (8 sub x 8), 424 facts
  [shard    plants] 64 concepts (8 sub x 8), 424 facts
  [shard   weather] 64 concepts (8 sub x 8), 424 facts

  ----------------------------------------------------------------------------------------
  M1/M2/G5 -- per-bridge graded gates (read-out FIXED = brain-based divnorm 'ch'/interleave)
  ----------------------------------------------------------------------------------------
[2026-06-12 07:56:40][INFO] SIM_BRIDGE: CuPy using GPU: NVIDIA GeForce RTX 3090 (24.0 GB), mempool limit: 80%
[2026-06-12 07:56:40][INFO] SIM_BRIDGE: Initializing simulation data for model: IZHIKEVICH (3D)... (playback_init: False)
[2026-06-12 07:56:40][INFO] SIM_BRIDGE: Brain-region framework: 2 regions, 2700 total neurons, 3 pathways.
[2026-06-12 07:56:40][INFO] SIM_BRIDGE: RNG initialized with seed: 44
[2026-06-12 07:56:40][INFO] SIM_BRIDGE: Initializing Izhikevich model specifics for 2700 neurons...
[2026-06-12 07:56:40][INFO] SIM_BRIDGE: Applying parameter heterogeneity to neuron parameters...
[2026-06-12 07:56:40][INFO] SIM_BRIDGE: Applied heterogeneity to 4 parameters.
[2026-06-12 07:56:40][INFO] SIM_BRIDGE: Initializing OU process state (tau=15.0ms, sigma=0.0pA)...
[2026-06-12 07:56:40][INFO] SIM_BRIDGE: Generating 3D neuron positions for 2700 neurons...
[2026-06-12 07:56:40][INFO] SIM_BRIDGE: Generating connections (brain-region framework)...
[2026-06-12 07:56:44][INFO] SIM_BRIDGE: inject_explicit_wiring: installed 3889253 synapses across 3 populations.
[2026-06-12 07:56:44][INFO] SIM_BRIDGE: Simulation data initialized for 2700 neurons (3D). Synapses: 3889253. GPU memory: 3.3GB/25.8GB (12.7%)
[2026-06-12 07:58:37][INFO] SIM_BRIDGE: CuPy using GPU: NVIDIA GeForce RTX 3090 (24.0 GB), mempool limit: 80%
[2026-06-12 07:58:37][INFO] SIM_BRIDGE: Initializing simulation data for model: IZHIKEVICH (3D)... (playback_init: False)
[2026-06-12 07:58:37][INFO] SIM_BRIDGE: Brain-region framework: 2 regions, 2700 total neurons, 3 pathways.
[2026-06-12 07:58:37][INFO] SIM_BRIDGE: RNG initialized with seed: 44
[2026-06-12 07:58:37][INFO] SIM_BRIDGE: Initializing Izhikevich model specifics for 2700 neurons...
[2026-06-12 07:58:37][INFO] SIM_BRIDGE: Applying parameter heterogeneity to neuron parameters...
[2026-06-12 07:58:37][INFO] SIM_BRIDGE: Applied heterogeneity to 4 parameters.
[2026-06-12 07:58:37][INFO] SIM_BRIDGE: Initializing OU process state (tau=15.0ms, sigma=0.0pA)...
[2026-06-12 07:58:37][INFO] SIM_BRIDGE: Generating 3D neuron positions for 2700 neurons...
[2026-06-12 07:58:37][INFO] SIM_BRIDGE: Generating connections (brain-region framework)...
[2026-06-12 07:58:41][INFO] SIM_BRIDGE: inject_explicit_wiring: installed 3889253 synapses across 3 populations.
[2026-06-12 07:58:41][INFO] SIM_BRIDGE: Simulation data initialized for 2700 neurons (3D). Synapses: 3889253. GPU memory: 3.3GB/25.8GB (12.7%)
  [  animals] M1 gen=1.000(4.0x) A2=True A3=True [GO] | M2 P(sim)=+0.768 2nd=+0.522 graded=1 [GO] | G5 collapses=True (perm 2nd=-0.004) | 117s, 3456623 syn
[2026-06-12 08:00:39][INFO] SIM_BRIDGE: CuPy using GPU: NVIDIA GeForce RTX 3090 (24.0 GB), mempool limit: 80%
[2026-06-12 08:00:39][INFO] SIM_BRIDGE: Initializing simulation data for model: IZHIKEVICH (3D)... (playback_init: False)
[2026-06-12 08:00:39][INFO] SIM_BRIDGE: Brain-region framework: 2 regions, 2700 total neurons, 3 pathways.
[2026-06-12 08:00:39][INFO] SIM_BRIDGE: RNG initialized with seed: 44
[2026-06-12 08:00:39][INFO] SIM_BRIDGE: Initializing Izhikevich model specifics for 2700 neurons...
[2026-06-12 08:00:39][INFO] SIM_BRIDGE: Applying parameter heterogeneity to neuron parameters...
[2026-06-12 08:00:39][INFO] SIM_BRIDGE: Applied heterogeneity to 4 parameters.
[2026-06-12 08:00:39][INFO] SIM_BRIDGE: Initializing OU process state (tau=15.0ms, sigma=0.0pA)...
[2026-06-12 08:00:39][INFO] SIM_BRIDGE: Generating 3D neuron positions for 2700 neurons...
[2026-06-12 08:00:39][INFO] SIM_BRIDGE: Generating connections (brain-region framework)...
[2026-06-12 08:00:43][INFO] SIM_BRIDGE: inject_explicit_wiring: installed 3889253 synapses across 3 populations.
[2026-06-12 08:00:43][INFO] SIM_BRIDGE: Simulation data initialized for 2700 neurons (3D). Synapses: 3889253. GPU memory: 3.3GB/25.8GB (12.7%)
[2026-06-12 08:02:42][INFO] SIM_BRIDGE: CuPy using GPU: NVIDIA GeForce RTX 3090 (24.0 GB), mempool limit: 80%
[2026-06-12 08:02:42][INFO] SIM_BRIDGE: Initializing simulation data for model: IZHIKEVICH (3D)... (playback_init: False)
[2026-06-12 08:02:42][INFO] SIM_BRIDGE: Brain-region framework: 2 regions, 2700 total neurons, 3 pathways.
[2026-06-12 08:02:42][INFO] SIM_BRIDGE: RNG initialized with seed: 44
[2026-06-12 08:02:42][INFO] SIM_BRIDGE: Initializing Izhikevich model specifics for 2700 neurons...
[2026-06-12 08:02:42][INFO] SIM_BRIDGE: Applying parameter heterogeneity to neuron parameters...
[2026-06-12 08:02:42][INFO] SIM_BRIDGE: Applied heterogeneity to 4 parameters.
[2026-06-12 08:02:42][INFO] SIM_BRIDGE: Initializing OU process state (tau=15.0ms, sigma=0.0pA)...
[2026-06-12 08:02:42][INFO] SIM_BRIDGE: Generating 3D neuron positions for 2700 neurons...
[2026-06-12 08:02:42][INFO] SIM_BRIDGE: Generating connections (brain-region framework)...
[2026-06-12 08:02:45][INFO] SIM_BRIDGE: inject_explicit_wiring: installed 3889253 synapses across 3 populations.
[2026-06-12 08:02:46][INFO] SIM_BRIDGE: Simulation data initialized for 2700 neurons (3D). Synapses: 3889253. GPU memory: 3.3GB/25.8GB (12.7%)
  [    foods] M1 gen=0.975(3.9x) A2=True A3=True [GO] | M2 P(sim)=+0.768 2nd=+0.531 graded=1 [GO] | G5 collapses=True (perm 2nd=+0.001) | 123s, 3456623 syn
[2026-06-12 08:04:38][INFO] SIM_BRIDGE: CuPy using GPU: NVIDIA GeForce RTX 3090 (24.0 GB), mempool limit: 80%
[2026-06-12 08:04:38][INFO] SIM_BRIDGE: Initializing simulation data for model: IZHIKEVICH (3D)... (playback_init: False)
[2026-06-12 08:04:38][INFO] SIM_BRIDGE: Brain-region framework: 2 regions, 2700 total neurons, 3 pathways.
[2026-06-12 08:04:38][INFO] SIM_BRIDGE: RNG initialized with seed: 44
[2026-06-12 08:04:38][INFO] SIM_BRIDGE: Initializing Izhikevich model specifics for 2700 neurons...
[2026-06-12 08:04:38][INFO] SIM_BRIDGE: Applying parameter heterogeneity to neuron parameters...
[2026-06-12 08:04:38][INFO] SIM_BRIDGE: Applied heterogeneity to 4 parameters.
[2026-06-12 08:04:38][INFO] SIM_BRIDGE: Initializing OU process state (tau=15.0ms, sigma=0.0pA)...
[2026-06-12 08:04:38][INFO] SIM_BRIDGE: Generating 3D neuron positions for 2700 neurons...
[2026-06-12 08:04:38][INFO] SIM_BRIDGE: Generating connections (brain-region framework)...
[2026-06-12 08:04:41][INFO] SIM_BRIDGE: inject_explicit_wiring: installed 3889253 synapses across 3 populations.
[2026-06-12 08:04:41][INFO] SIM_BRIDGE: Simulation data initialized for 2700 neurons (3D). Synapses: 3889253. GPU memory: 3.3GB/25.8GB (12.7%)
[2026-06-12 08:06:38][INFO] SIM_BRIDGE: CuPy using GPU: NVIDIA GeForce RTX 3090 (24.0 GB), mempool limit: 80%
[2026-06-12 08:06:38][INFO] SIM_BRIDGE: Initializing simulation data for model: IZHIKEVICH (3D)... (playback_init: False)
[2026-06-12 08:06:38][INFO] SIM_BRIDGE: Brain-region framework: 2 regions, 2700 total neurons, 3 pathways.
[2026-06-12 08:06:38][INFO] SIM_BRIDGE: RNG initialized with seed: 44
[2026-06-12 08:06:38][INFO] SIM_BRIDGE: Initializing Izhikevich model specifics for 2700 neurons...
[2026-06-12 08:06:38][INFO] SIM_BRIDGE: Applying parameter heterogeneity to neuron parameters...
[2026-06-12 08:06:38][INFO] SIM_BRIDGE: Applied heterogeneity to 4 parameters.
[2026-06-12 08:06:38][INFO] SIM_BRIDGE: Initializing OU process state (tau=15.0ms, sigma=0.0pA)...
[2026-06-12 08:06:38][INFO] SIM_BRIDGE: Generating 3D neuron positions for 2700 neurons...
[2026-06-12 08:06:38][INFO] SIM_BRIDGE: Generating connections (brain-region framework)...
[2026-06-12 08:06:42][INFO] SIM_BRIDGE: inject_explicit_wiring: installed 3889253 synapses across 3 populations.
[2026-06-12 08:06:42][INFO] SIM_BRIDGE: Simulation data initialized for 2700 neurons (3D). Synapses: 3889253. GPU memory: 3.3GB/25.8GB (12.7%)
  [ vehicles] M1 gen=0.994(4.0x) A2=True A3=True [GO] | M2 P(sim)=+0.765 2nd=+0.537 graded=1 [GO] | G5 collapses=True (perm 2nd=-0.007) | 121s, 3456623 syn
[2026-06-12 08:08:38][INFO] SIM_BRIDGE: CuPy using GPU: NVIDIA GeForce RTX 3090 (24.0 GB), mempool limit: 80%
[2026-06-12 08:08:38][INFO] SIM_BRIDGE: Initializing simulation data for model: IZHIKEVICH (3D)... (playback_init: False)
[2026-06-12 08:08:38][INFO] SIM_BRIDGE: Brain-region framework: 2 regions, 2700 total neurons, 3 pathways.
[2026-06-12 08:08:38][INFO] SIM_BRIDGE: RNG initialized with seed: 44
[2026-06-12 08:08:38][INFO] SIM_BRIDGE: Initializing Izhikevich model specifics for 2700 neurons...
[2026-06-12 08:08:38][INFO] SIM_BRIDGE: Applying parameter heterogeneity to neuron parameters...
[2026-06-12 08:08:38][INFO] SIM_BRIDGE: Applied heterogeneity to 4 parameters.
[2026-06-12 08:08:38][INFO] SIM_BRIDGE: Initializing OU process state (tau=15.0ms, sigma=0.0pA)...
[2026-06-12 08:08:38][INFO] SIM_BRIDGE: Generating 3D neuron positions for 2700 neurons...
[2026-06-12 08:08:38][INFO] SIM_BRIDGE: Generating connections (brain-region framework)...
[2026-06-12 08:08:41][INFO] SIM_BRIDGE: inject_explicit_wiring: installed 3889253 synapses across 3 populations.
[2026-06-12 08:08:41][INFO] SIM_BRIDGE: Simulation data initialized for 2700 neurons (3D). Synapses: 3889253. GPU memory: 3.3GB/25.8GB (12.7%)
[2026-06-12 08:10:32][INFO] SIM_BRIDGE: CuPy using GPU: NVIDIA GeForce RTX 3090 (24.0 GB), mempool limit: 80%
[2026-06-12 08:10:32][INFO] SIM_BRIDGE: Initializing simulation data for model: IZHIKEVICH (3D)... (playback_init: False)
[2026-06-12 08:10:32][INFO] SIM_BRIDGE: Brain-region framework: 2 regions, 2700 total neurons, 3 pathways.
[2026-06-12 08:10:32][INFO] SIM_BRIDGE: RNG initialized with seed: 44
[2026-06-12 08:10:32][INFO] SIM_BRIDGE: Initializing Izhikevich model specifics for 2700 neurons...
[2026-06-12 08:10:32][INFO] SIM_BRIDGE: Applying parameter heterogeneity to neuron parameters...
[2026-06-12 08:10:32][INFO] SIM_BRIDGE: Applied heterogeneity to 4 parameters.
[2026-06-12 08:10:32][INFO] SIM_BRIDGE: Initializing OU process state (tau=15.0ms, sigma=0.0pA)...
[2026-06-12 08:10:32][INFO] SIM_BRIDGE: Generating 3D neuron positions for 2700 neurons...
[2026-06-12 08:10:32][INFO] SIM_BRIDGE: Generating connections (brain-region framework)...
[2026-06-12 08:10:36][INFO] SIM_BRIDGE: inject_explicit_wiring: installed 3889253 synapses across 3 populations.
[2026-06-12 08:10:36][INFO] SIM_BRIDGE: Simulation data initialized for 2700 neurons (3D). Synapses: 3889253. GPU memory: 3.3GB/25.8GB (12.7%)
  [    tools] M1 gen=1.000(4.0x) A2=True A3=True [GO] | M2 P(sim)=+0.762 2nd=+0.544 graded=1 [GO] | G5 collapses=True (perm 2nd=-0.013) | 115s, 3456623 syn
[2026-06-12 08:12:31][INFO] SIM_BRIDGE: CuPy using GPU: NVIDIA GeForce RTX 3090 (24.0 GB), mempool limit: 80%
[2026-06-12 08:12:31][INFO] SIM_BRIDGE: Initializing simulation data for model: IZHIKEVICH (3D)... (playback_init: False)
[2026-06-12 08:12:31][INFO] SIM_BRIDGE: Brain-region framework: 2 regions, 2700 total neurons, 3 pathways.
[2026-06-12 08:12:31][INFO] SIM_BRIDGE: RNG initialized with seed: 44
[2026-06-12 08:12:31][INFO] SIM_BRIDGE: Initializing Izhikevich model specifics for 2700 neurons...
[2026-06-12 08:12:31][INFO] SIM_BRIDGE: Applying parameter heterogeneity to neuron parameters...
[2026-06-12 08:12:31][INFO] SIM_BRIDGE: Applied heterogeneity to 4 parameters.
[2026-06-12 08:12:31][INFO] SIM_BRIDGE: Initializing OU process state (tau=15.0ms, sigma=0.0pA)...
[2026-06-12 08:12:31][INFO] SIM_BRIDGE: Generating 3D neuron positions for 2700 neurons...
[2026-06-12 08:12:31][INFO] SIM_BRIDGE: Generating connections (brain-region framework)...
[2026-06-12 08:12:35][INFO] SIM_BRIDGE: inject_explicit_wiring: installed 3889253 synapses across 3 populations.
[2026-06-12 08:12:35][INFO] SIM_BRIDGE: Simulation data initialized for 2700 neurons (3D). Synapses: 3889253. GPU memory: 3.3GB/25.8GB (12.7%)
[2026-06-12 08:14:34][INFO] SIM_BRIDGE: CuPy using GPU: NVIDIA GeForce RTX 3090 (24.0 GB), mempool limit: 80%
[2026-06-12 08:14:34][INFO] SIM_BRIDGE: Initializing simulation data for model: IZHIKEVICH (3D)... (playback_init: False)
[2026-06-12 08:14:34][INFO] SIM_BRIDGE: Brain-region framework: 2 regions, 2700 total neurons, 3 pathways.
[2026-06-12 08:14:34][INFO] SIM_BRIDGE: RNG initialized with seed: 44
[2026-06-12 08:14:34][INFO] SIM_BRIDGE: Initializing Izhikevich model specifics for 2700 neurons...
[2026-06-12 08:14:34][INFO] SIM_BRIDGE: Applying parameter heterogeneity to neuron parameters...
[2026-06-12 08:14:34][INFO] SIM_BRIDGE: Applied heterogeneity to 4 parameters.
[2026-06-12 08:14:34][INFO] SIM_BRIDGE: Initializing OU process state (tau=15.0ms, sigma=0.0pA)...
[2026-06-12 08:14:34][INFO] SIM_BRIDGE: Generating 3D neuron positions for 2700 neurons...
[2026-06-12 08:14:34][INFO] SIM_BRIDGE: Generating connections (brain-region framework)...
[2026-06-12 08:14:38][INFO] SIM_BRIDGE: inject_explicit_wiring: installed 3889253 synapses across 3 populations.
[2026-06-12 08:14:38][INFO] SIM_BRIDGE: Simulation data initialized for 2700 neurons (3D). Synapses: 3889253. GPU memory: 3.3GB/25.8GB (12.7%)
  [  clothes] M1 gen=0.981(3.9x) A2=True A3=True [GO] | M2 P(sim)=+0.763 2nd=+0.540 graded=1 [GO] | G5 collapses=True (perm 2nd=-0.013) | 123s, 3456623 syn
[2026-06-12 08:16:31][INFO] SIM_BRIDGE: CuPy using GPU: NVIDIA GeForce RTX 3090 (24.0 GB), mempool limit: 80%
[2026-06-12 08:16:31][INFO] SIM_BRIDGE: Initializing simulation data for model: IZHIKEVICH (3D)... (playback_init: False)
[2026-06-12 08:16:31][INFO] SIM_BRIDGE: Brain-region framework: 2 regions, 2700 total neurons, 3 pathways.
[2026-06-12 08:16:31][INFO] SIM_BRIDGE: RNG initialized with seed: 44
[2026-06-12 08:16:31][INFO] SIM_BRIDGE: Initializing Izhikevich model specifics for 2700 neurons...
[2026-06-12 08:16:31][INFO] SIM_BRIDGE: Applying parameter heterogeneity to neuron parameters...
[2026-06-12 08:16:31][INFO] SIM_BRIDGE: Applied heterogeneity to 4 parameters.
[2026-06-12 08:16:31][INFO] SIM_BRIDGE: Initializing OU process state (tau=15.0ms, sigma=0.0pA)...
[2026-06-12 08:16:31][INFO] SIM_BRIDGE: Generating 3D neuron positions for 2700 neurons...
[2026-06-12 08:16:31][INFO] SIM_BRIDGE: Generating connections (brain-region framework)...
[2026-06-12 08:16:35][INFO] SIM_BRIDGE: inject_explicit_wiring: installed 3889253 synapses across 3 populations.
[2026-06-12 08:16:35][INFO] SIM_BRIDGE: Simulation data initialized for 2700 neurons (3D). Synapses: 3889253. GPU memory: 3.3GB/25.8GB (12.7%)
[2026-06-12 08:18:29][INFO] SIM_BRIDGE: CuPy using GPU: NVIDIA GeForce RTX 3090 (24.0 GB), mempool limit: 80%
[2026-06-12 08:18:29][INFO] SIM_BRIDGE: Initializing simulation data for model: IZHIKEVICH (3D)... (playback_init: False)
[2026-06-12 08:18:29][INFO] SIM_BRIDGE: Brain-region framework: 2 regions, 2700 total neurons, 3 pathways.
[2026-06-12 08:18:29][INFO] SIM_BRIDGE: RNG initialized with seed: 44
[2026-06-12 08:18:29][INFO] SIM_BRIDGE: Initializing Izhikevich model specifics for 2700 neurons...
[2026-06-12 08:18:29][INFO] SIM_BRIDGE: Applying parameter heterogeneity to neuron parameters...
[2026-06-12 08:18:29][INFO] SIM_BRIDGE: Applied heterogeneity to 4 parameters.
[2026-06-12 08:18:29][INFO] SIM_BRIDGE: Initializing OU process state (tau=15.0ms, sigma=0.0pA)...
[2026-06-12 08:18:29][INFO] SIM_BRIDGE: Generating 3D neuron positions for 2700 neurons...
[2026-06-12 08:18:29][INFO] SIM_BRIDGE: Generating connections (brain-region framework)...
[2026-06-12 08:18:32][INFO] SIM_BRIDGE: inject_explicit_wiring: installed 3889253 synapses across 3 populations.
[2026-06-12 08:18:33][INFO] SIM_BRIDGE: Simulation data initialized for 2700 neurons (3D). Synapses: 3889253. GPU memory: 3.3GB/25.8GB (12.7%)
  [furniture] M1 gen=1.000(4.0x) A2=True A3=True [GO] | M2 P(sim)=+0.751 2nd=+0.535 graded=1 [GO] | G5 collapses=True (perm 2nd=-0.008) | 118s, 3456623 syn
[2026-06-12 08:20:28][INFO] SIM_BRIDGE: CuPy using GPU: NVIDIA GeForce RTX 3090 (24.0 GB), mempool limit: 80%
[2026-06-12 08:20:28][INFO] SIM_BRIDGE: Initializing simulation data for model: IZHIKEVICH (3D)... (playback_init: False)
[2026-06-12 08:20:28][INFO] SIM_BRIDGE: Brain-region framework: 2 regions, 2700 total neurons, 3 pathways.
[2026-06-12 08:20:28][INFO] SIM_BRIDGE: RNG initialized with seed: 44
[2026-06-12 08:20:28][INFO] SIM_BRIDGE: Initializing Izhikevich model specifics for 2700 neurons...
[2026-06-12 08:20:28][INFO] SIM_BRIDGE: Applying parameter heterogeneity to neuron parameters...
[2026-06-12 08:20:28][INFO] SIM_BRIDGE: Applied heterogeneity to 4 parameters.
[2026-06-12 08:20:28][INFO] SIM_BRIDGE: Initializing OU process state (tau=15.0ms, sigma=0.0pA)...
[2026-06-12 08:20:28][INFO] SIM_BRIDGE: Generating 3D neuron positions for 2700 neurons...
[2026-06-12 08:20:28][INFO] SIM_BRIDGE: Generating connections (brain-region framework)...
[2026-06-12 08:20:31][INFO] SIM_BRIDGE: inject_explicit_wiring: installed 3889253 synapses across 3 populations.
[2026-06-12 08:20:31][INFO] SIM_BRIDGE: Simulation data initialized for 2700 neurons (3D). Synapses: 3889253. GPU memory: 3.3GB/25.8GB (12.7%)
[2026-06-12 08:22:22][INFO] SIM_BRIDGE: CuPy using GPU: NVIDIA GeForce RTX 3090 (24.0 GB), mempool limit: 80%
[2026-06-12 08:22:22][INFO] SIM_BRIDGE: Initializing simulation data for model: IZHIKEVICH (3D)... (playback_init: False)
[2026-06-12 08:22:22][INFO] SIM_BRIDGE: Brain-region framework: 2 regions, 2700 total neurons, 3 pathways.
[2026-06-12 08:22:22][INFO] SIM_BRIDGE: RNG initialized with seed: 44
[2026-06-12 08:22:22][INFO] SIM_BRIDGE: Initializing Izhikevich model specifics for 2700 neurons...
[2026-06-12 08:22:22][INFO] SIM_BRIDGE: Applying parameter heterogeneity to neuron parameters...
[2026-06-12 08:22:22][INFO] SIM_BRIDGE: Applied heterogeneity to 4 parameters.
[2026-06-12 08:22:22][INFO] SIM_BRIDGE: Initializing OU process state (tau=15.0ms, sigma=0.0pA)...
[2026-06-12 08:22:22][INFO] SIM_BRIDGE: Generating 3D neuron positions for 2700 neurons...
[2026-06-12 08:22:22][INFO] SIM_BRIDGE: Generating connections (brain-region framework)...
[2026-06-12 08:22:26][INFO] SIM_BRIDGE: inject_explicit_wiring: installed 3889253 synapses across 3 populations.
[2026-06-12 08:22:26][INFO] SIM_BRIDGE: Simulation data initialized for 2700 neurons (3D). Synapses: 3889253. GPU memory: 3.3GB/25.8GB (12.7%)
  [   plants] M1 gen=1.000(4.0x) A2=True A3=True [GO] | M2 P(sim)=+0.774 2nd=+0.539 graded=1 [GO] | G5 collapses=True (perm 2nd=-0.008) | 115s, 3456623 syn
[2026-06-12 08:24:21][INFO] SIM_BRIDGE: CuPy using GPU: NVIDIA GeForce RTX 3090 (24.0 GB), mempool limit: 80%
[2026-06-12 08:24:21][INFO] SIM_BRIDGE: Initializing simulation data for model: IZHIKEVICH (3D)... (playback_init: False)
[2026-06-12 08:24:21][INFO] SIM_BRIDGE: Brain-region framework: 2 regions, 2700 total neurons, 3 pathways.
[2026-06-12 08:24:21][INFO] SIM_BRIDGE: RNG initialized with seed: 44
[2026-06-12 08:24:21][INFO] SIM_BRIDGE: Initializing Izhikevich model specifics for 2700 neurons...
[2026-06-12 08:24:21][INFO] SIM_BRIDGE: Applying parameter heterogeneity to neuron parameters...
[2026-06-12 08:24:21][INFO] SIM_BRIDGE: Applied heterogeneity to 4 parameters.
[2026-06-12 08:24:21][INFO] SIM_BRIDGE: Initializing OU process state (tau=15.0ms, sigma=0.0pA)...
[2026-06-12 08:24:21][INFO] SIM_BRIDGE: Generating 3D neuron positions for 2700 neurons...
[2026-06-12 08:24:21][INFO] SIM_BRIDGE: Generating connections (brain-region framework)...
[2026-06-12 08:24:25][INFO] SIM_BRIDGE: inject_explicit_wiring: installed 3889253 synapses across 3 populations.
[2026-06-12 08:24:25][INFO] SIM_BRIDGE: Simulation data initialized for 2700 neurons (3D). Synapses: 3889253. GPU memory: 3.3GB/25.8GB (12.7%)
[2026-06-12 08:26:21][INFO] SIM_BRIDGE: CuPy using GPU: NVIDIA GeForce RTX 3090 (24.0 GB), mempool limit: 80%
[2026-06-12 08:26:21][INFO] SIM_BRIDGE: Initializing simulation data for model: IZHIKEVICH (3D)... (playback_init: False)
[2026-06-12 08:26:21][INFO] SIM_BRIDGE: Brain-region framework: 2 regions, 2700 total neurons, 3 pathways.
[2026-06-12 08:26:21][INFO] SIM_BRIDGE: RNG initialized with seed: 44
[2026-06-12 08:26:21][INFO] SIM_BRIDGE: Initializing Izhikevich model specifics for 2700 neurons...
[2026-06-12 08:26:21][INFO] SIM_BRIDGE: Applying parameter heterogeneity to neuron parameters...
[2026-06-12 08:26:21][INFO] SIM_BRIDGE: Applied heterogeneity to 4 parameters.
[2026-06-12 08:26:21][INFO] SIM_BRIDGE: Initializing OU process state (tau=15.0ms, sigma=0.0pA)...
[2026-06-12 08:26:21][INFO] SIM_BRIDGE: Generating 3D neuron positions for 2700 neurons...
[2026-06-12 08:26:21][INFO] SIM_BRIDGE: Generating connections (brain-region framework)...
[2026-06-12 08:26:25][INFO] SIM_BRIDGE: inject_explicit_wiring: installed 3889253 synapses across 3 populations.
[2026-06-12 08:26:25][INFO] SIM_BRIDGE: Simulation data initialized for 2700 neurons (3D). Synapses: 3889253. GPU memory: 3.3GB/25.8GB (12.7%)
  [  weather] M1 gen=0.963(3.9x) A2=True A3=True [GO] | M2 P(sim)=+0.762 2nd=+0.537 graded=1 [GO] | G5 collapses=True (perm 2nd=-0.010) | 120s, 3456623 syn

  M6 -- random-shard anti-cheat (within-bridge generalization MUST collapse)
[2026-06-12 08:28:16][INFO] SIM_BRIDGE: CuPy using GPU: NVIDIA GeForce RTX 3090 (24.0 GB), mempool limit: 80%
[2026-06-12 08:28:16][INFO] SIM_BRIDGE: Initializing simulation data for model: IZHIKEVICH (3D)... (playback_init: False)
[2026-06-12 08:28:16][INFO] SIM_BRIDGE: Brain-region framework: 2 regions, 2700 total neurons, 3 pathways.
[2026-06-12 08:28:16][INFO] SIM_BRIDGE: RNG initialized with seed: 44
[2026-06-12 08:28:16][INFO] SIM_BRIDGE: Initializing Izhikevich model specifics for 2700 neurons...
[2026-06-12 08:28:16][INFO] SIM_BRIDGE: Applying parameter heterogeneity to neuron parameters...
[2026-06-12 08:28:16][INFO] SIM_BRIDGE: Applied heterogeneity to 4 parameters.
[2026-06-12 08:28:16][INFO] SIM_BRIDGE: Initializing OU process state (tau=15.0ms, sigma=0.0pA)...
[2026-06-12 08:28:16][INFO] SIM_BRIDGE: Generating 3D neuron positions for 2700 neurons...
[2026-06-12 08:28:16][INFO] SIM_BRIDGE: Generating connections (brain-region framework)...
[2026-06-12 08:28:20][INFO] SIM_BRIDGE: inject_explicit_wiring: installed 3889253 synapses across 3 populations.
[2026-06-12 08:28:20][INFO] SIM_BRIDGE: Simulation data initialized for 2700 neurons (3D). Synapses: 3889253. GPU memory: 3.3GB/25.8GB (12.7%)
    random-shard gen=0.100 (chance 0.250) collapses=True

  [authored 24 cross-bridge facts] e.g. [('animals.c5_m0', 'furniture.c2_m3'), ('clothes.c0_m4', 'furniture.c7_m6'), ('tools.c7_m4', 'clothes.c3_m0')]

  ----------------------------------------------------------------------------------------
  M3/M7 -- cross-bridge composition (V-tag layer over the graded `pool` regions)
  ----------------------------------------------------------------------------------------
[2026-06-12 08:28:21][INFO] SIM_BRIDGE: CuPy using GPU: NVIDIA GeForce RTX 3090 (24.0 GB), mempool limit: 80%
[2026-06-12 08:28:21][INFO] SIM_BRIDGE: Initializing simulation data for model: IZHIKEVICH (3D)... (playback_init: False)
[2026-06-12 08:28:21][INFO] SIM_BRIDGE: Brain-region framework: 2 regions, 2700 total neurons, 3 pathways.
[2026-06-12 08:28:21][INFO] SIM_BRIDGE: RNG initialized with seed: 44
[2026-06-12 08:28:21][INFO] SIM_BRIDGE: Initializing Izhikevich model specifics for 2700 neurons...
[2026-06-12 08:28:21][INFO] SIM_BRIDGE: Applying parameter heterogeneity to neuron parameters...
[2026-06-12 08:28:21][INFO] SIM_BRIDGE: Applied heterogeneity to 4 parameters.
[2026-06-12 08:28:21][INFO] SIM_BRIDGE: Initializing OU process state (tau=15.0ms, sigma=0.0pA)...
[2026-06-12 08:28:21][INFO] SIM_BRIDGE: Generating 3D neuron positions for 2700 neurons...
[2026-06-12 08:28:21][INFO] SIM_BRIDGE: Generating connections (brain-region framework)...
[2026-06-12 08:28:24][INFO] SIM_BRIDGE: inject_explicit_wiring: installed 3889253 synapses across 3 populations.
[2026-06-12 08:28:24][INFO] SIM_BRIDGE: Simulation data initialized for 2700 neurons (3D). Synapses: 3889253. GPU memory: 3.3GB/25.8GB (12.7%)
    [built+trained   animals graded bridge: 2700 neurons]
[2026-06-12 08:30:16][INFO] SIM_BRIDGE: CuPy using GPU: NVIDIA GeForce RTX 3090 (24.0 GB), mempool limit: 80%
[2026-06-12 08:30:16][INFO] SIM_BRIDGE: Initializing simulation data for model: IZHIKEVICH (3D)... (playback_init: False)
[2026-06-12 08:30:16][INFO] SIM_BRIDGE: Brain-region framework: 2 regions, 2700 total neurons, 3 pathways.
[2026-06-12 08:30:16][INFO] SIM_BRIDGE: RNG initialized with seed: 44
[2026-06-12 08:30:16][INFO] SIM_BRIDGE: Initializing Izhikevich model specifics for 2700 neurons...
[2026-06-12 08:30:16][INFO] SIM_BRIDGE: Applying parameter heterogeneity to neuron parameters...
[2026-06-12 08:30:16][INFO] SIM_BRIDGE: Applied heterogeneity to 4 parameters.
[2026-06-12 08:30:16][INFO] SIM_BRIDGE: Initializing OU process state (tau=15.0ms, sigma=0.0pA)...
[2026-06-12 08:30:16][INFO] SIM_BRIDGE: Generating 3D neuron positions for 2700 neurons...
[2026-06-12 08:30:16][INFO] SIM_BRIDGE: Generating connections (brain-region framework)...
[2026-06-12 08:30:20][INFO] SIM_BRIDGE: inject_explicit_wiring: installed 3889253 synapses across 3 populations.
[2026-06-12 08:30:20][INFO] SIM_BRIDGE: Simulation data initialized for 2700 neurons (3D). Synapses: 3889253. GPU memory: 3.3GB/25.8GB (12.7%)
    [built+trained     foods graded bridge: 2700 neurons]
[2026-06-12 08:32:16][INFO] SIM_BRIDGE: CuPy using GPU: NVIDIA GeForce RTX 3090 (24.0 GB), mempool limit: 80%
[2026-06-12 08:32:16][INFO] SIM_BRIDGE: Initializing simulation data for model: IZHIKEVICH (3D)... (playback_init: False)
[2026-06-12 08:32:16][INFO] SIM_BRIDGE: Brain-region framework: 2 regions, 2700 total neurons, 3 pathways.
[2026-06-12 08:32:16][INFO] SIM_BRIDGE: RNG initialized with seed: 44
[2026-06-12 08:32:16][INFO] SIM_BRIDGE: Initializing Izhikevich model specifics for 2700 neurons...
[2026-06-12 08:32:16][INFO] SIM_BRIDGE: Applying parameter heterogeneity to neuron parameters...
[2026-06-12 08:32:16][INFO] SIM_BRIDGE: Applied heterogeneity to 4 parameters.
[2026-06-12 08:32:16][INFO] SIM_BRIDGE: Initializing OU process state (tau=15.0ms, sigma=0.0pA)...
[2026-06-12 08:32:16][INFO] SIM_BRIDGE: Generating 3D neuron positions for 2700 neurons...
[2026-06-12 08:32:16][INFO] SIM_BRIDGE: Generating connections (brain-region framework)...
[2026-06-12 08:32:19][INFO] SIM_BRIDGE: inject_explicit_wiring: installed 3889253 synapses across 3 populations.
[2026-06-12 08:32:19][INFO] SIM_BRIDGE: Simulation data initialized for 2700 neurons (3D). Synapses: 3889253. GPU memory: 3.3GB/25.8GB (12.7%)
    [built+trained  vehicles graded bridge: 2700 neurons]
[2026-06-12 08:34:10][INFO] SIM_BRIDGE: CuPy using GPU: NVIDIA GeForce RTX 3090 (24.0 GB), mempool limit: 80%
[2026-06-12 08:34:10][INFO] SIM_BRIDGE: Initializing simulation data for model: IZHIKEVICH (3D)... (playback_init: False)
[2026-06-12 08:34:10][INFO] SIM_BRIDGE: Brain-region framework: 2 regions, 2700 total neurons, 3 pathways.
[2026-06-12 08:34:10][INFO] SIM_BRIDGE: RNG initialized with seed: 44
[2026-06-12 08:34:10][INFO] SIM_BRIDGE: Initializing Izhikevich model specifics for 2700 neurons...
[2026-06-12 08:34:10][INFO] SIM_BRIDGE: Applying parameter heterogeneity to neuron parameters...
[2026-06-12 08:34:10][INFO] SIM_BRIDGE: Applied heterogeneity to 4 parameters.
[2026-06-12 08:34:10][INFO] SIM_BRIDGE: Initializing OU process state (tau=15.0ms, sigma=0.0pA)...
[2026-06-12 08:34:10][INFO] SIM_BRIDGE: Generating 3D neuron positions for 2700 neurons...
[2026-06-12 08:34:10][INFO] SIM_BRIDGE: Generating connections (brain-region framework)...
[2026-06-12 08:34:14][INFO] SIM_BRIDGE: inject_explicit_wiring: installed 3889253 synapses across 3 populations.
[2026-06-12 08:34:14][INFO] SIM_BRIDGE: Simulation data initialized for 2700 neurons (3D). Synapses: 3889253. GPU memory: 3.3GB/25.8GB (12.7%)
    [built+trained     tools graded bridge: 2700 neurons]
[2026-06-12 08:36:08][INFO] SIM_BRIDGE: CuPy using GPU: NVIDIA GeForce RTX 3090 (24.0 GB), mempool limit: 80%
[2026-06-12 08:36:08][INFO] SIM_BRIDGE: Initializing simulation data for model: IZHIKEVICH (3D)... (playback_init: False)
[2026-06-12 08:36:08][INFO] SIM_BRIDGE: Brain-region framework: 2 regions, 2700 total neurons, 3 pathways.
[2026-06-12 08:36:08][INFO] SIM_BRIDGE: RNG initialized with seed: 44
[2026-06-12 08:36:08][INFO] SIM_BRIDGE: Initializing Izhikevich model specifics for 2700 neurons...
[2026-06-12 08:36:08][INFO] SIM_BRIDGE: Applying parameter heterogeneity to neuron parameters...
[2026-06-12 08:36:08][INFO] SIM_BRIDGE: Applied heterogeneity to 4 parameters.
[2026-06-12 08:36:08][INFO] SIM_BRIDGE: Initializing OU process state (tau=15.0ms, sigma=0.0pA)...
[2026-06-12 08:36:08][INFO] SIM_BRIDGE: Generating 3D neuron positions for 2700 neurons...
[2026-06-12 08:36:08][INFO] SIM_BRIDGE: Generating connections (brain-region framework)...
[2026-06-12 08:36:12][INFO] SIM_BRIDGE: inject_explicit_wiring: installed 3889253 synapses across 3 populations.
[2026-06-12 08:36:12][INFO] SIM_BRIDGE: Simulation data initialized for 2700 neurons (3D). Synapses: 3889253. GPU memory: 3.3GB/25.8GB (12.7%)
    [built+trained   clothes graded bridge: 2700 neurons]
[2026-06-12 08:38:07][INFO] SIM_BRIDGE: CuPy using GPU: NVIDIA GeForce RTX 3090 (24.0 GB), mempool limit: 80%
[2026-06-12 08:38:07][INFO] SIM_BRIDGE: Initializing simulation data for model: IZHIKEVICH (3D)... (playback_init: False)
[2026-06-12 08:38:07][INFO] SIM_BRIDGE: Brain-region framework: 2 regions, 2700 total neurons, 3 pathways.
[2026-06-12 08:38:07][INFO] SIM_BRIDGE: RNG initialized with seed: 44
[2026-06-12 08:38:07][INFO] SIM_BRIDGE: Initializing Izhikevich model specifics for 2700 neurons...
[2026-06-12 08:38:07][INFO] SIM_BRIDGE: Applying parameter heterogeneity to neuron parameters...
[2026-06-12 08:38:07][INFO] SIM_BRIDGE: Applied heterogeneity to 4 parameters.
[2026-06-12 08:38:07][INFO] SIM_BRIDGE: Initializing OU process state (tau=15.0ms, sigma=0.0pA)...
[2026-06-12 08:38:07][INFO] SIM_BRIDGE: Generating 3D neuron positions for 2700 neurons...
[2026-06-12 08:38:07][INFO] SIM_BRIDGE: Generating connections (brain-region framework)...
[2026-06-12 08:38:10][INFO] SIM_BRIDGE: inject_explicit_wiring: installed 3889253 synapses across 3 populations.
[2026-06-12 08:38:10][INFO] SIM_BRIDGE: Simulation data initialized for 2700 neurons (3D). Synapses: 3889253. GPU memory: 3.3GB/25.8GB (12.7%)
    [built+trained furniture graded bridge: 2700 neurons]
[2026-06-12 08:40:05][INFO] SIM_BRIDGE: CuPy using GPU: NVIDIA GeForce RTX 3090 (24.0 GB), mempool limit: 80%
[2026-06-12 08:40:05][INFO] SIM_BRIDGE: Initializing simulation data for model: IZHIKEVICH (3D)... (playback_init: False)
[2026-06-12 08:40:05][INFO] SIM_BRIDGE: Brain-region framework: 2 regions, 2700 total neurons, 3 pathways.
[2026-06-12 08:40:05][INFO] SIM_BRIDGE: RNG initialized with seed: 44
[2026-06-12 08:40:05][INFO] SIM_BRIDGE: Initializing Izhikevich model specifics for 2700 neurons...
[2026-06-12 08:40:05][INFO] SIM_BRIDGE: Applying parameter heterogeneity to neuron parameters...
[2026-06-12 08:40:05][INFO] SIM_BRIDGE: Applied heterogeneity to 4 parameters.
[2026-06-12 08:40:05][INFO] SIM_BRIDGE: Initializing OU process state (tau=15.0ms, sigma=0.0pA)...
[2026-06-12 08:40:05][INFO] SIM_BRIDGE: Generating 3D neuron positions for 2700 neurons...
[2026-06-12 08:40:05][INFO] SIM_BRIDGE: Generating connections (brain-region framework)...
[2026-06-12 08:40:09][INFO] SIM_BRIDGE: inject_explicit_wiring: installed 3889253 synapses across 3 populations.
[2026-06-12 08:40:09][INFO] SIM_BRIDGE: Simulation data initialized for 2700 neurons (3D). Synapses: 3889253. GPU memory: 3.4GB/25.8GB (13.1%)
    [built+trained    plants graded bridge: 2700 neurons]
[2026-06-12 08:42:04][INFO] SIM_BRIDGE: CuPy using GPU: NVIDIA GeForce RTX 3090 (24.0 GB), mempool limit: 80%
[2026-06-12 08:42:04][INFO] SIM_BRIDGE: Initializing simulation data for model: IZHIKEVICH (3D)... (playback_init: False)
[2026-06-12 08:42:04][INFO] SIM_BRIDGE: Brain-region framework: 2 regions, 2700 total neurons, 3 pathways.
[2026-06-12 08:42:04][INFO] SIM_BRIDGE: RNG initialized with seed: 44
[2026-06-12 08:42:04][INFO] SIM_BRIDGE: Initializing Izhikevich model specifics for 2700 neurons...
[2026-06-12 08:42:04][INFO] SIM_BRIDGE: Applying parameter heterogeneity to neuron parameters...
[2026-06-12 08:42:04][INFO] SIM_BRIDGE: Applied heterogeneity to 4 parameters.
[2026-06-12 08:42:04][INFO] SIM_BRIDGE: Initializing OU process state (tau=15.0ms, sigma=0.0pA)...
[2026-06-12 08:42:04][INFO] SIM_BRIDGE: Generating 3D neuron positions for 2700 neurons...
[2026-06-12 08:42:04][INFO] SIM_BRIDGE: Generating connections (brain-region framework)...
[2026-06-12 08:42:08][INFO] SIM_BRIDGE: inject_explicit_wiring: installed 3889253 synapses across 3 populations.
[2026-06-12 08:42:08][INFO] SIM_BRIDGE: Simulation data initialized for 2700 neurons (3D). Synapses: 3889253. GPU memory: 3.6GB/25.8GB (13.9%)
    [built+trained   weather graded bridge: 2700 neurons]
    (built 8 graded bridges in 942s)
    M3 TRUE: top2=1.00 top1=1.00 signal/floor=24.19x margin=1644.1 (n=24)
    M7 PERMUTED: top2=0.00 top1=0.00 signal/floor=0.94x (must collapse vs TRUE)

  ----------------------------------------------------------------------------------------
  M4 -- no-confab moat (learned familiarity gate ALONGSIDE host abstention; CPU/numpy)
  ----------------------------------------------------------------------------------------
[2026-06-12 08:45:01][INFO] SIM_BRIDGE: CuPy using GPU: NVIDIA GeForce RTX 3090 (24.0 GB), mempool limit: 80%
[2026-06-12 08:45:01][INFO] SIM_BRIDGE: Initializing simulation data for model: IZHIKEVICH (3D)... (playback_init: False)
[2026-06-12 08:45:01][INFO] SIM_BRIDGE: RNG initialized with seed: 44
[2026-06-12 08:45:01][INFO] SIM_BRIDGE: Initializing Izhikevich model specifics for 256 neurons...
[2026-06-12 08:45:01][INFO] SIM_BRIDGE: Applying parameter heterogeneity to neuron parameters...
[2026-06-12 08:45:01][INFO] SIM_BRIDGE: Applied heterogeneity to 4 parameters.
[2026-06-12 08:45:01][INFO] SIM_BRIDGE: Initializing OU process state (tau=15.0ms, sigma=0.0pA)...
[2026-06-12 08:45:01][INFO] SIM_BRIDGE: Generating 3D neuron positions for 256 neurons...
[2026-06-12 08:45:01][INFO] SIM_BRIDGE: Generating connections (3D)...
[2026-06-12 08:45:01][INFO] SIM_BRIDGE: Simulation data initialized for 256 neurons (3D). Synapses: 0. GPU memory: 3.6GB/25.8GB (13.9%)
[2026-06-12 08:45:02][INFO] SIM_BRIDGE: CuPy using GPU: NVIDIA GeForce RTX 3090 (24.0 GB), mempool limit: 80%
[2026-06-12 08:45:02][INFO] SIM_BRIDGE: Initializing simulation data for model: IZHIKEVICH (3D)... (playback_init: False)
[2026-06-12 08:45:02][INFO] SIM_BRIDGE: RNG initialized with seed: 44
[2026-06-12 08:45:02][INFO] SIM_BRIDGE: Initializing Izhikevich model specifics for 512 neurons...
[2026-06-12 08:45:02][INFO] SIM_BRIDGE: Applying parameter heterogeneity to neuron parameters...
[2026-06-12 08:45:02][INFO] SIM_BRIDGE: Applied heterogeneity to 4 parameters.
[2026-06-12 08:45:02][INFO] SIM_BRIDGE: Initializing OU process state (tau=15.0ms, sigma=0.0pA)...
[2026-06-12 08:45:02][INFO] SIM_BRIDGE: Generating 3D neuron positions for 512 neurons...
[2026-06-12 08:45:02][INFO] SIM_BRIDGE: Generating connections (3D)...
[2026-06-12 08:45:02][INFO] SIM_BRIDGE: Simulation data initialized for 512 neurons (3D). Synapses: 0. GPU memory: 3.6GB/25.8GB (13.9%)
[2026-06-12 08:45:17][INFO] SIM_BRIDGE: CuPy using GPU: NVIDIA GeForce RTX 3090 (24.0 GB), mempool limit: 80%
[2026-06-12 08:45:17][INFO] SIM_BRIDGE: Initializing simulation data for model: IZHIKEVICH (3D)... (playback_init: False)
[2026-06-12 08:45:17][INFO] SIM_BRIDGE: RNG initialized with seed: 44
[2026-06-12 08:45:17][INFO] SIM_BRIDGE: Initializing Izhikevich model specifics for 384 neurons...
[2026-06-12 08:45:17][INFO] SIM_BRIDGE: Applying parameter heterogeneity to neuron parameters...
[2026-06-12 08:45:17][INFO] SIM_BRIDGE: Applied heterogeneity to 4 parameters.
[2026-06-12 08:45:17][INFO] SIM_BRIDGE: Initializing OU process state (tau=15.0ms, sigma=0.0pA)...
[2026-06-12 08:45:17][INFO] SIM_BRIDGE: Generating 3D neuron positions for 384 neurons...
[2026-06-12 08:45:17][INFO] SIM_BRIDGE: Generating connections (3D)...
[2026-06-12 08:45:17][INFO] SIM_BRIDGE: Simulation data initialized for 384 neurons (3D). Synapses: 0. GPU memory: 3.6GB/25.8GB (13.9%)
    M4: agreement=1.000 margin=+0.4692 host-abstain/gate-accept=0 (MUST be 0) floor-false-accepts=0 (MUST be 0) lesion-collapses=True -> moat-intact=True

============================================================================================
  MULTI-BRIDGE GRADED DE-RISK SUMMARY -- mode=full
============================================================================================
  [precondition] {'M1_all_GO': True, 'M1_no_NEGATIVE': True, 'A2_collapses': True, 'A3_collapses': True, 'M2_all_GO': True, 'M2_no_NEGATIVE': True, 'G5_robust_collapses': True, 'M6_random_shard_collapses': True}
  [cross] {'M3_all_GO': True, 'M3_no_NEGATIVE': True, 'M7_permuted_collapses': True}
  [moat] {'M4_moat_intact': True, 'M4_lesion_collapses': True}

  >>> COMBINED VERDICT: GO <<<
  Total elapsed: 9972.6s
============================================================================================

  [saved] research/findings/raw/_multibridge_fanout8_full.json
