[multibridge-graded de-risk] mode=full seeds=[43, 44] backend=cupy
  32 bridges x 64 concepts; learner=HomeostaticAssocGraph(homeo=oja target=40.0 n_pool=2400 cycles=10)
  read-out FIXED = brain-based divnorm 'ch'/interleave (sigma=0.001 exp=2.0 steps=2)
  cross-bridge = V-tag (engram-tag over the graded `pool` region; HELPER-SIGNATURE ADAPTED -- see docstring)

============================================================================================
  MULTI-BRIDGE GRADED DE-RISK -- SEED 43 -- mode=full
============================================================================================
  [shard   animals] 64 concepts (8 sub x 8), 424 facts
  [shard     foods] 64 concepts (8 sub x 8), 424 facts
  [shard  vehicles] 64 concepts (8 sub x 8), 424 facts
  [shard     tools] 64 concepts (8 sub x 8), 424 facts
  [shard   clothes] 64 concepts (8 sub x 8), 424 facts
  [shard furniture] 64 concepts (8 sub x 8), 424 facts
  [shard    plants] 64 concepts (8 sub x 8), 424 facts
  [shard   weather] 64 concepts (8 sub x 8), 424 facts
  [shard body_parts] 64 concepts (8 sub x 8), 424 facts
  [shard    colors] 64 concepts (8 sub x 8), 424 facts
  [shard  emotions] 64 concepts (8 sub x 8), 424 facts
  [shard      jobs] 64 concepts (8 sub x 8), 424 facts
  [shard    sports] 64 concepts (8 sub x 8), 424 facts
  [shard instruments] 64 concepts (8 sub x 8), 424 facts
  [shard buildings] 64 concepts (8 sub x 8), 424 facts
  [shard countries] 64 concepts (8 sub x 8), 424 facts
  [shard    drinks] 64 concepts (8 sub x 8), 424 facts
  [shard    fruits] 64 concepts (8 sub x 8), 424 facts
  [shard    metals] 64 concepts (8 sub x 8), 424 facts
  [shard   insects] 64 concepts (8 sub x 8), 424 facts
  [shard     birds] 64 concepts (8 sub x 8), 424 facts
  [shard      fish] 64 concepts (8 sub x 8), 424 facts
  [shard   flowers] 64 concepts (8 sub x 8), 424 facts
  [shard     trees] 64 concepts (8 sub x 8), 424 facts
  [shard    shapes] 64 concepts (8 sub x 8), 424 facts
  [shard materials] 64 concepts (8 sub x 8), 424 facts
  [shard      toys] 64 concepts (8 sub x 8), 424 facts
  [shard      gems] 64 concepts (8 sub x 8), 424 facts
  [shard   planets] 64 concepts (8 sub x 8), 424 facts
  [shard languages] 64 concepts (8 sub x 8), 424 facts
  [shard    dances] 64 concepts (8 sub x 8), 424 facts
  [shard vegetables] 64 concepts (8 sub x 8), 424 facts

  ----------------------------------------------------------------------------------------
  M1/M2/G5 -- per-bridge graded gates (read-out FIXED = brain-based divnorm 'ch'/interleave)
  ----------------------------------------------------------------------------------------
[2026-06-13 08:18:38][INFO] SIM_BRIDGE: CuPy using GPU: NVIDIA GeForce RTX 3090 (24.0 GB), mempool limit: 80%
[2026-06-13 08:18:38][INFO] SIM_BRIDGE: Initializing simulation data for model: IZHIKEVICH (3D)... (playback_init: False)
[2026-06-13 08:18:38][INFO] SIM_BRIDGE: Brain-region framework: 2 regions, 2700 total neurons, 3 pathways.
[2026-06-13 08:18:38][INFO] SIM_BRIDGE: RNG initialized with seed: 43
[2026-06-13 08:18:38][INFO] SIM_BRIDGE: Initializing Izhikevich model specifics for 2700 neurons...
[2026-06-13 08:18:38][INFO] SIM_BRIDGE: Applying parameter heterogeneity to neuron parameters...
[2026-06-13 08:18:38][INFO] SIM_BRIDGE: Applied heterogeneity to 4 parameters.
[2026-06-13 08:18:38][INFO] SIM_BRIDGE: Initializing OU process state (tau=15.0ms, sigma=0.0pA)...
[2026-06-13 08:18:38][INFO] SIM_BRIDGE: Generating 3D neuron positions for 2700 neurons...
[2026-06-13 08:18:38][INFO] SIM_BRIDGE: Generating connections (brain-region framework)...
[2026-06-13 08:18:43][INFO] SIM_BRIDGE: inject_explicit_wiring: installed 3887870 synapses across 3 populations.
[2026-06-13 08:18:43][INFO] SIM_BRIDGE: Simulation data initialized for 2700 neurons (3D). Synapses: 3887870. GPU memory: 1.6GB/25.8GB (6.2%)
[2026-06-13 08:20:45][INFO] SIM_BRIDGE: CuPy using GPU: NVIDIA GeForce RTX 3090 (24.0 GB), mempool limit: 80%
[2026-06-13 08:20:45][INFO] SIM_BRIDGE: Initializing simulation data for model: IZHIKEVICH (3D)... (playback_init: False)
[2026-06-13 08:20:45][INFO] SIM_BRIDGE: Brain-region framework: 2 regions, 2700 total neurons, 3 pathways.
[2026-06-13 08:20:45][INFO] SIM_BRIDGE: RNG initialized with seed: 43
[2026-06-13 08:20:45][INFO] SIM_BRIDGE: Initializing Izhikevich model specifics for 2700 neurons...
[2026-06-13 08:20:45][INFO] SIM_BRIDGE: Applying parameter heterogeneity to neuron parameters...
[2026-06-13 08:20:45][INFO] SIM_BRIDGE: Applied heterogeneity to 4 parameters.
[2026-06-13 08:20:45][INFO] SIM_BRIDGE: Initializing OU process state (tau=15.0ms, sigma=0.0pA)...
[2026-06-13 08:20:45][INFO] SIM_BRIDGE: Generating 3D neuron positions for 2700 neurons...
[2026-06-13 08:20:45][INFO] SIM_BRIDGE: Generating connections (brain-region framework)...
[2026-06-13 08:20:49][INFO] SIM_BRIDGE: inject_explicit_wiring: installed 3887870 synapses across 3 populations.
[2026-06-13 08:20:49][INFO] SIM_BRIDGE: Simulation data initialized for 2700 neurons (3D). Synapses: 3887870. GPU memory: 1.7GB/25.8GB (6.5%)
  [  animals] M1 gen=1.000(4.0x) A2=True A3=True [GO] | M2 P(sim)=+0.764 2nd=+0.526 graded=1 [GO] | G5 collapses=True (perm 2nd=+0.004) | 128s, 3456094 syn
[2026-06-13 08:22:46][INFO] SIM_BRIDGE: CuPy using GPU: NVIDIA GeForce RTX 3090 (24.0 GB), mempool limit: 80%
[2026-06-13 08:22:46][INFO] SIM_BRIDGE: Initializing simulation data for model: IZHIKEVICH (3D)... (playback_init: False)
[2026-06-13 08:22:46][INFO] SIM_BRIDGE: Brain-region framework: 2 regions, 2700 total neurons, 3 pathways.
[2026-06-13 08:22:46][INFO] SIM_BRIDGE: RNG initialized with seed: 43
[2026-06-13 08:22:46][INFO] SIM_BRIDGE: Initializing Izhikevich model specifics for 2700 neurons...
[2026-06-13 08:22:46][INFO] SIM_BRIDGE: Applying parameter heterogeneity to neuron parameters...
[2026-06-13 08:22:46][INFO] SIM_BRIDGE: Applied heterogeneity to 4 parameters.
[2026-06-13 08:22:46][INFO] SIM_BRIDGE: Initializing OU process state (tau=15.0ms, sigma=0.0pA)...
[2026-06-13 08:22:46][INFO] SIM_BRIDGE: Generating 3D neuron positions for 2700 neurons...
[2026-06-13 08:22:46][INFO] SIM_BRIDGE: Generating connections (brain-region framework)...
[2026-06-13 08:22:49][INFO] SIM_BRIDGE: inject_explicit_wiring: installed 3887870 synapses across 3 populations.
[2026-06-13 08:22:49][INFO] SIM_BRIDGE: Simulation data initialized for 2700 neurons (3D). Synapses: 3887870. GPU memory: 1.7GB/25.8GB (6.5%)
[2026-06-13 08:24:55][INFO] SIM_BRIDGE: CuPy using GPU: NVIDIA GeForce RTX 3090 (24.0 GB), mempool limit: 80%
[2026-06-13 08:24:55][INFO] SIM_BRIDGE: Initializing simulation data for model: IZHIKEVICH (3D)... (playback_init: False)
[2026-06-13 08:24:55][INFO] SIM_BRIDGE: Brain-region framework: 2 regions, 2700 total neurons, 3 pathways.
[2026-06-13 08:24:55][INFO] SIM_BRIDGE: RNG initialized with seed: 43
[2026-06-13 08:24:55][INFO] SIM_BRIDGE: Initializing Izhikevich model specifics for 2700 neurons...
[2026-06-13 08:24:55][INFO] SIM_BRIDGE: Applying parameter heterogeneity to neuron parameters...
[2026-06-13 08:24:55][INFO] SIM_BRIDGE: Applied heterogeneity to 4 parameters.
[2026-06-13 08:24:55][INFO] SIM_BRIDGE: Initializing OU process state (tau=15.0ms, sigma=0.0pA)...
[2026-06-13 08:24:55][INFO] SIM_BRIDGE: Generating 3D neuron positions for 2700 neurons...
[2026-06-13 08:24:55][INFO] SIM_BRIDGE: Generating connections (brain-region framework)...
[2026-06-13 08:24:59][INFO] SIM_BRIDGE: inject_explicit_wiring: installed 3887870 synapses across 3 populations.
[2026-06-13 08:24:59][INFO] SIM_BRIDGE: Simulation data initialized for 2700 neurons (3D). Synapses: 3887870. GPU memory: 1.7GB/25.8GB (6.5%)
  [    foods] M1 gen=1.000(4.0x) A2=True A3=True [GO] | M2 P(sim)=+0.763 2nd=+0.521 graded=1 [GO] | G5 collapses=True (perm 2nd=+0.008) | 129s, 3456094 syn
[2026-06-13 08:27:16][INFO] SIM_BRIDGE: CuPy using GPU: NVIDIA GeForce RTX 3090 (24.0 GB), mempool limit: 80%
[2026-06-13 08:27:16][INFO] SIM_BRIDGE: Initializing simulation data for model: IZHIKEVICH (3D)... (playback_init: False)
[2026-06-13 08:27:16][INFO] SIM_BRIDGE: Brain-region framework: 2 regions, 2700 total neurons, 3 pathways.
[2026-06-13 08:27:16][INFO] SIM_BRIDGE: RNG initialized with seed: 43
[2026-06-13 08:27:16][INFO] SIM_BRIDGE: Initializing Izhikevich model specifics for 2700 neurons...
[2026-06-13 08:27:16][INFO] SIM_BRIDGE: Applying parameter heterogeneity to neuron parameters...
[2026-06-13 08:27:16][INFO] SIM_BRIDGE: Applied heterogeneity to 4 parameters.
[2026-06-13 08:27:16][INFO] SIM_BRIDGE: Initializing OU process state (tau=15.0ms, sigma=0.0pA)...
[2026-06-13 08:27:16][INFO] SIM_BRIDGE: Generating 3D neuron positions for 2700 neurons...
[2026-06-13 08:27:16][INFO] SIM_BRIDGE: Generating connections (brain-region framework)...
[2026-06-13 08:27:20][INFO] SIM_BRIDGE: inject_explicit_wiring: installed 3887870 synapses across 3 populations.
[2026-06-13 08:27:20][INFO] SIM_BRIDGE: Simulation data initialized for 2700 neurons (3D). Synapses: 3887870. GPU memory: 1.7GB/25.8GB (6.5%)
[2026-06-13 08:29:41][INFO] SIM_BRIDGE: CuPy using GPU: NVIDIA GeForce RTX 3090 (24.0 GB), mempool limit: 80%
[2026-06-13 08:29:41][INFO] SIM_BRIDGE: Initializing simulation data for model: IZHIKEVICH (3D)... (playback_init: False)
[2026-06-13 08:29:41][INFO] SIM_BRIDGE: Brain-region framework: 2 regions, 2700 total neurons, 3 pathways.
[2026-06-13 08:29:41][INFO] SIM_BRIDGE: RNG initialized with seed: 43
[2026-06-13 08:29:41][INFO] SIM_BRIDGE: Initializing Izhikevich model specifics for 2700 neurons...
[2026-06-13 08:29:41][INFO] SIM_BRIDGE: Applying parameter heterogeneity to neuron parameters...
[2026-06-13 08:29:41][INFO] SIM_BRIDGE: Applied heterogeneity to 4 parameters.
[2026-06-13 08:29:41][INFO] SIM_BRIDGE: Initializing OU process state (tau=15.0ms, sigma=0.0pA)...
[2026-06-13 08:29:41][INFO] SIM_BRIDGE: Generating 3D neuron positions for 2700 neurons...
[2026-06-13 08:29:41][INFO] SIM_BRIDGE: Generating connections (brain-region framework)...
[2026-06-13 08:29:45][INFO] SIM_BRIDGE: inject_explicit_wiring: installed 3887870 synapses across 3 populations.
[2026-06-13 08:29:45][INFO] SIM_BRIDGE: Simulation data initialized for 2700 neurons (3D). Synapses: 3887870. GPU memory: 1.7GB/25.8GB (6.5%)
  [ vehicles] M1 gen=1.000(4.0x) A2=True A3=True [GO] | M2 P(sim)=+0.775 2nd=+0.522 graded=1 [GO] | G5 collapses=True (perm 2nd=+0.007) | 144s, 3456094 syn
[2026-06-13 08:32:02][INFO] SIM_BRIDGE: CuPy using GPU: NVIDIA GeForce RTX 3090 (24.0 GB), mempool limit: 80%
[2026-06-13 08:32:02][INFO] SIM_BRIDGE: Initializing simulation data for model: IZHIKEVICH (3D)... (playback_init: False)
[2026-06-13 08:32:02][INFO] SIM_BRIDGE: Brain-region framework: 2 regions, 2700 total neurons, 3 pathways.
[2026-06-13 08:32:02][INFO] SIM_BRIDGE: RNG initialized with seed: 43
[2026-06-13 08:32:02][INFO] SIM_BRIDGE: Initializing Izhikevich model specifics for 2700 neurons...
[2026-06-13 08:32:02][INFO] SIM_BRIDGE: Applying parameter heterogeneity to neuron parameters...
[2026-06-13 08:32:02][INFO] SIM_BRIDGE: Applied heterogeneity to 4 parameters.
[2026-06-13 08:32:02][INFO] SIM_BRIDGE: Initializing OU process state (tau=15.0ms, sigma=0.0pA)...
[2026-06-13 08:32:02][INFO] SIM_BRIDGE: Generating 3D neuron positions for 2700 neurons...
[2026-06-13 08:32:02][INFO] SIM_BRIDGE: Generating connections (brain-region framework)...
[2026-06-13 08:32:06][INFO] SIM_BRIDGE: inject_explicit_wiring: installed 3887870 synapses across 3 populations.
[2026-06-13 08:32:06][INFO] SIM_BRIDGE: Simulation data initialized for 2700 neurons (3D). Synapses: 3887870. GPU memory: 1.7GB/25.8GB (6.5%)
[2026-06-13 08:34:22][INFO] SIM_BRIDGE: CuPy using GPU: NVIDIA GeForce RTX 3090 (24.0 GB), mempool limit: 80%
[2026-06-13 08:34:22][INFO] SIM_BRIDGE: Initializing simulation data for model: IZHIKEVICH (3D)... (playback_init: False)
[2026-06-13 08:34:22][INFO] SIM_BRIDGE: Brain-region framework: 2 regions, 2700 total neurons, 3 pathways.
[2026-06-13 08:34:22][INFO] SIM_BRIDGE: RNG initialized with seed: 43
[2026-06-13 08:34:22][INFO] SIM_BRIDGE: Initializing Izhikevich model specifics for 2700 neurons...
[2026-06-13 08:34:22][INFO] SIM_BRIDGE: Applying parameter heterogeneity to neuron parameters...
[2026-06-13 08:34:22][INFO] SIM_BRIDGE: Applied heterogeneity to 4 parameters.
[2026-06-13 08:34:22][INFO] SIM_BRIDGE: Initializing OU process state (tau=15.0ms, sigma=0.0pA)...
[2026-06-13 08:34:22][INFO] SIM_BRIDGE: Generating 3D neuron positions for 2700 neurons...
[2026-06-13 08:34:22][INFO] SIM_BRIDGE: Generating connections (brain-region framework)...
[2026-06-13 08:34:26][INFO] SIM_BRIDGE: inject_explicit_wiring: installed 3887870 synapses across 3 populations.
[2026-06-13 08:34:26][INFO] SIM_BRIDGE: Simulation data initialized for 2700 neurons (3D). Synapses: 3887870. GPU memory: 1.7GB/25.8GB (6.5%)
  [    tools] M1 gen=1.000(4.0x) A2=True A3=True [GO] | M2 P(sim)=+0.821 2nd=+0.538 graded=1 [GO] | G5 collapses=True (perm 2nd=+0.008) | 140s, 3456094 syn
[2026-06-13 08:36:49][INFO] SIM_BRIDGE: CuPy using GPU: NVIDIA GeForce RTX 3090 (24.0 GB), mempool limit: 80%
[2026-06-13 08:36:49][INFO] SIM_BRIDGE: Initializing simulation data for model: IZHIKEVICH (3D)... (playback_init: False)
[2026-06-13 08:36:49][INFO] SIM_BRIDGE: Brain-region framework: 2 regions, 2700 total neurons, 3 pathways.
[2026-06-13 08:36:49][INFO] SIM_BRIDGE: RNG initialized with seed: 43
[2026-06-13 08:36:49][INFO] SIM_BRIDGE: Initializing Izhikevich model specifics for 2700 neurons...
[2026-06-13 08:36:49][INFO] SIM_BRIDGE: Applying parameter heterogeneity to neuron parameters...
[2026-06-13 08:36:49][INFO] SIM_BRIDGE: Applied heterogeneity to 4 parameters.
[2026-06-13 08:36:49][INFO] SIM_BRIDGE: Initializing OU process state (tau=15.0ms, sigma=0.0pA)...
[2026-06-13 08:36:49][INFO] SIM_BRIDGE: Generating 3D neuron positions for 2700 neurons...
[2026-06-13 08:36:49][INFO] SIM_BRIDGE: Generating connections (brain-region framework)...
[2026-06-13 08:36:53][INFO] SIM_BRIDGE: inject_explicit_wiring: installed 3887870 synapses across 3 populations.
[2026-06-13 08:36:54][INFO] SIM_BRIDGE: Simulation data initialized for 2700 neurons (3D). Synapses: 3887870. GPU memory: 1.7GB/25.8GB (6.5%)
[2026-06-13 08:39:20][INFO] SIM_BRIDGE: CuPy using GPU: NVIDIA GeForce RTX 3090 (24.0 GB), mempool limit: 80%
[2026-06-13 08:39:20][INFO] SIM_BRIDGE: Initializing simulation data for model: IZHIKEVICH (3D)... (playback_init: False)
[2026-06-13 08:39:20][INFO] SIM_BRIDGE: Brain-region framework: 2 regions, 2700 total neurons, 3 pathways.
[2026-06-13 08:39:20][INFO] SIM_BRIDGE: RNG initialized with seed: 43
[2026-06-13 08:39:20][INFO] SIM_BRIDGE: Initializing Izhikevich model specifics for 2700 neurons...
[2026-06-13 08:39:20][INFO] SIM_BRIDGE: Applying parameter heterogeneity to neuron parameters...
[2026-06-13 08:39:20][INFO] SIM_BRIDGE: Applied heterogeneity to 4 parameters.
[2026-06-13 08:39:20][INFO] SIM_BRIDGE: Initializing OU process state (tau=15.0ms, sigma=0.0pA)...
[2026-06-13 08:39:20][INFO] SIM_BRIDGE: Generating 3D neuron positions for 2700 neurons...
[2026-06-13 08:39:20][INFO] SIM_BRIDGE: Generating connections (brain-region framework)...
[2026-06-13 08:39:24][INFO] SIM_BRIDGE: inject_explicit_wiring: installed 3887870 synapses across 3 populations.
[2026-06-13 08:39:24][INFO] SIM_BRIDGE: Simulation data initialized for 2700 neurons (3D). Synapses: 3887870. GPU memory: 1.7GB/25.8GB (6.5%)
  [  clothes] M1 gen=0.963(3.9x) A2=True A3=True [GO] | M2 P(sim)=+0.788 2nd=+0.531 graded=1 [GO] | G5 collapses=True (perm 2nd=+0.006) | 151s, 3456094 syn
[2026-06-13 08:41:40][INFO] SIM_BRIDGE: CuPy using GPU: NVIDIA GeForce RTX 3090 (24.0 GB), mempool limit: 80%
[2026-06-13 08:41:40][INFO] SIM_BRIDGE: Initializing simulation data for model: IZHIKEVICH (3D)... (playback_init: False)
[2026-06-13 08:41:40][INFO] SIM_BRIDGE: Brain-region framework: 2 regions, 2700 total neurons, 3 pathways.
[2026-06-13 08:41:40][INFO] SIM_BRIDGE: RNG initialized with seed: 43
[2026-06-13 08:41:40][INFO] SIM_BRIDGE: Initializing Izhikevich model specifics for 2700 neurons...
[2026-06-13 08:41:40][INFO] SIM_BRIDGE: Applying parameter heterogeneity to neuron parameters...
[2026-06-13 08:41:40][INFO] SIM_BRIDGE: Applied heterogeneity to 4 parameters.
[2026-06-13 08:41:40][INFO] SIM_BRIDGE: Initializing OU process state (tau=15.0ms, sigma=0.0pA)...
[2026-06-13 08:41:40][INFO] SIM_BRIDGE: Generating 3D neuron positions for 2700 neurons...
[2026-06-13 08:41:40][INFO] SIM_BRIDGE: Generating connections (brain-region framework)...
[2026-06-13 08:41:44][INFO] SIM_BRIDGE: inject_explicit_wiring: installed 3887870 synapses across 3 populations.
[2026-06-13 08:41:44][INFO] SIM_BRIDGE: Simulation data initialized for 2700 neurons (3D). Synapses: 3887870. GPU memory: 1.7GB/25.8GB (6.5%)
[2026-06-13 08:44:08][INFO] SIM_BRIDGE: CuPy using GPU: NVIDIA GeForce RTX 3090 (24.0 GB), mempool limit: 80%
[2026-06-13 08:44:08][INFO] SIM_BRIDGE: Initializing simulation data for model: IZHIKEVICH (3D)... (playback_init: False)
[2026-06-13 08:44:08][INFO] SIM_BRIDGE: Brain-region framework: 2 regions, 2700 total neurons, 3 pathways.
[2026-06-13 08:44:08][INFO] SIM_BRIDGE: RNG initialized with seed: 43
[2026-06-13 08:44:08][INFO] SIM_BRIDGE: Initializing Izhikevich model specifics for 2700 neurons...
[2026-06-13 08:44:08][INFO] SIM_BRIDGE: Applying parameter heterogeneity to neuron parameters...
[2026-06-13 08:44:08][INFO] SIM_BRIDGE: Applied heterogeneity to 4 parameters.
[2026-06-13 08:44:08][INFO] SIM_BRIDGE: Initializing OU process state (tau=15.0ms, sigma=0.0pA)...
[2026-06-13 08:44:08][INFO] SIM_BRIDGE: Generating 3D neuron positions for 2700 neurons...
[2026-06-13 08:44:08][INFO] SIM_BRIDGE: Generating connections (brain-region framework)...
[2026-06-13 08:44:12][INFO] SIM_BRIDGE: inject_explicit_wiring: installed 3887870 synapses across 3 populations.
[2026-06-13 08:44:12][INFO] SIM_BRIDGE: Simulation data initialized for 2700 neurons (3D). Synapses: 3887870. GPU memory: 1.7GB/25.8GB (6.5%)
  [furniture] M1 gen=1.000(4.0x) A2=True A3=True [GO] | M2 P(sim)=+0.766 2nd=+0.532 graded=1 [GO] | G5 collapses=True (perm 2nd=-0.010) | 148s, 3456094 syn
[2026-06-13 08:46:35][INFO] SIM_BRIDGE: CuPy using GPU: NVIDIA GeForce RTX 3090 (24.0 GB), mempool limit: 80%
[2026-06-13 08:46:35][INFO] SIM_BRIDGE: Initializing simulation data for model: IZHIKEVICH (3D)... (playback_init: False)
[2026-06-13 08:46:35][INFO] SIM_BRIDGE: Brain-region framework: 2 regions, 2700 total neurons, 3 pathways.
[2026-06-13 08:46:35][INFO] SIM_BRIDGE: RNG initialized with seed: 43
[2026-06-13 08:46:35][INFO] SIM_BRIDGE: Initializing Izhikevich model specifics for 2700 neurons...
[2026-06-13 08:46:35][INFO] SIM_BRIDGE: Applying parameter heterogeneity to neuron parameters...
[2026-06-13 08:46:35][INFO] SIM_BRIDGE: Applied heterogeneity to 4 parameters.
[2026-06-13 08:46:35][INFO] SIM_BRIDGE: Initializing OU process state (tau=15.0ms, sigma=0.0pA)...
[2026-06-13 08:46:35][INFO] SIM_BRIDGE: Generating 3D neuron positions for 2700 neurons...
[2026-06-13 08:46:35][INFO] SIM_BRIDGE: Generating connections (brain-region framework)...
[2026-06-13 08:46:39][INFO] SIM_BRIDGE: inject_explicit_wiring: installed 3887870 synapses across 3 populations.
[2026-06-13 08:46:40][INFO] SIM_BRIDGE: Simulation data initialized for 2700 neurons (3D). Synapses: 3887870. GPU memory: 1.7GB/25.8GB (6.5%)
[2026-06-13 08:48:50][INFO] SIM_BRIDGE: CuPy using GPU: NVIDIA GeForce RTX 3090 (24.0 GB), mempool limit: 80%
[2026-06-13 08:48:50][INFO] SIM_BRIDGE: Initializing simulation data for model: IZHIKEVICH (3D)... (playback_init: False)
[2026-06-13 08:48:50][INFO] SIM_BRIDGE: Brain-region framework: 2 regions, 2700 total neurons, 3 pathways.
[2026-06-13 08:48:50][INFO] SIM_BRIDGE: RNG initialized with seed: 43
[2026-06-13 08:48:50][INFO] SIM_BRIDGE: Initializing Izhikevich model specifics for 2700 neurons...
[2026-06-13 08:48:50][INFO] SIM_BRIDGE: Applying parameter heterogeneity to neuron parameters...
[2026-06-13 08:48:50][INFO] SIM_BRIDGE: Applied heterogeneity to 4 parameters.
[2026-06-13 08:48:50][INFO] SIM_BRIDGE: Initializing OU process state (tau=15.0ms, sigma=0.0pA)...
[2026-06-13 08:48:50][INFO] SIM_BRIDGE: Generating 3D neuron positions for 2700 neurons...
[2026-06-13 08:48:50][INFO] SIM_BRIDGE: Generating connections (brain-region framework)...
[2026-06-13 08:48:54][INFO] SIM_BRIDGE: inject_explicit_wiring: installed 3887870 synapses across 3 populations.
[2026-06-13 08:48:54][INFO] SIM_BRIDGE: Simulation data initialized for 2700 neurons (3D). Synapses: 3887870. GPU memory: 1.7GB/25.8GB (6.5%)
  [   plants] M1 gen=1.000(4.0x) A2=True A3=True [GO] | M2 P(sim)=+0.784 2nd=+0.528 graded=1 [GO] | G5 collapses=True (perm 2nd=+0.003) | 135s, 3456094 syn
[2026-06-13 08:50:48][INFO] SIM_BRIDGE: CuPy using GPU: NVIDIA GeForce RTX 3090 (24.0 GB), mempool limit: 80%
[2026-06-13 08:50:48][INFO] SIM_BRIDGE: Initializing simulation data for model: IZHIKEVICH (3D)... (playback_init: False)
[2026-06-13 08:50:48][INFO] SIM_BRIDGE: Brain-region framework: 2 regions, 2700 total neurons, 3 pathways.
[2026-06-13 08:50:48][INFO] SIM_BRIDGE: RNG initialized with seed: 43
[2026-06-13 08:50:48][INFO] SIM_BRIDGE: Initializing Izhikevich model specifics for 2700 neurons...
[2026-06-13 08:50:48][INFO] SIM_BRIDGE: Applying parameter heterogeneity to neuron parameters...
[2026-06-13 08:50:48][INFO] SIM_BRIDGE: Applied heterogeneity to 4 parameters.
[2026-06-13 08:50:48][INFO] SIM_BRIDGE: Initializing OU process state (tau=15.0ms, sigma=0.0pA)...
[2026-06-13 08:50:48][INFO] SIM_BRIDGE: Generating 3D neuron positions for 2700 neurons...
[2026-06-13 08:50:48][INFO] SIM_BRIDGE: Generating connections (brain-region framework)...
[2026-06-13 08:50:52][INFO] SIM_BRIDGE: inject_explicit_wiring: installed 3887870 synapses across 3 populations.
[2026-06-13 08:50:52][INFO] SIM_BRIDGE: Simulation data initialized for 2700 neurons (3D). Synapses: 3887870. GPU memory: 1.7GB/25.8GB (6.5%)
[2026-06-13 08:52:49][INFO] SIM_BRIDGE: CuPy using GPU: NVIDIA GeForce RTX 3090 (24.0 GB), mempool limit: 80%
[2026-06-13 08:52:49][INFO] SIM_BRIDGE: Initializing simulation data for model: IZHIKEVICH (3D)... (playback_init: False)
[2026-06-13 08:52:49][INFO] SIM_BRIDGE: Brain-region framework: 2 regions, 2700 total neurons, 3 pathways.
[2026-06-13 08:52:49][INFO] SIM_BRIDGE: RNG initialized with seed: 43
[2026-06-13 08:52:49][INFO] SIM_BRIDGE: Initializing Izhikevich model specifics for 2700 neurons...
[2026-06-13 08:52:49][INFO] SIM_BRIDGE: Applying parameter heterogeneity to neuron parameters...
[2026-06-13 08:52:49][INFO] SIM_BRIDGE: Applied heterogeneity to 4 parameters.
[2026-06-13 08:52:49][INFO] SIM_BRIDGE: Initializing OU process state (tau=15.0ms, sigma=0.0pA)...
[2026-06-13 08:52:49][INFO] SIM_BRIDGE: Generating 3D neuron positions for 2700 neurons...
[2026-06-13 08:52:49][INFO] SIM_BRIDGE: Generating connections (brain-region framework)...
[2026-06-13 08:52:53][INFO] SIM_BRIDGE: inject_explicit_wiring: installed 3887870 synapses across 3 populations.
[2026-06-13 08:52:53][INFO] SIM_BRIDGE: Simulation data initialized for 2700 neurons (3D). Synapses: 3887870. GPU memory: 1.7GB/25.8GB (6.5%)
  [  weather] M1 gen=1.000(4.0x) A2=True A3=True [GO] | M2 P(sim)=+0.786 2nd=+0.531 graded=1 [GO] | G5 collapses=True (perm 2nd=-0.001) | 121s, 3456094 syn
[2026-06-13 08:54:52][INFO] SIM_BRIDGE: CuPy using GPU: NVIDIA GeForce RTX 3090 (24.0 GB), mempool limit: 80%
[2026-06-13 08:54:52][INFO] SIM_BRIDGE: Initializing simulation data for model: IZHIKEVICH (3D)... (playback_init: False)
[2026-06-13 08:54:52][INFO] SIM_BRIDGE: Brain-region framework: 2 regions, 2700 total neurons, 3 pathways.
[2026-06-13 08:54:52][INFO] SIM_BRIDGE: RNG initialized with seed: 43
[2026-06-13 08:54:52][INFO] SIM_BRIDGE: Initializing Izhikevich model specifics for 2700 neurons...
[2026-06-13 08:54:52][INFO] SIM_BRIDGE: Applying parameter heterogeneity to neuron parameters...
[2026-06-13 08:54:52][INFO] SIM_BRIDGE: Applied heterogeneity to 4 parameters.
[2026-06-13 08:54:52][INFO] SIM_BRIDGE: Initializing OU process state (tau=15.0ms, sigma=0.0pA)...
[2026-06-13 08:54:52][INFO] SIM_BRIDGE: Generating 3D neuron positions for 2700 neurons...
[2026-06-13 08:54:52][INFO] SIM_BRIDGE: Generating connections (brain-region framework)...
[2026-06-13 08:54:56][INFO] SIM_BRIDGE: inject_explicit_wiring: installed 3887870 synapses across 3 populations.
[2026-06-13 08:54:56][INFO] SIM_BRIDGE: Simulation data initialized for 2700 neurons (3D). Synapses: 3887870. GPU memory: 1.7GB/25.8GB (6.5%)
[2026-06-13 08:56:53][INFO] SIM_BRIDGE: CuPy using GPU: NVIDIA GeForce RTX 3090 (24.0 GB), mempool limit: 80%
[2026-06-13 08:56:53][INFO] SIM_BRIDGE: Initializing simulation data for model: IZHIKEVICH (3D)... (playback_init: False)
[2026-06-13 08:56:53][INFO] SIM_BRIDGE: Brain-region framework: 2 regions, 2700 total neurons, 3 pathways.
[2026-06-13 08:56:53][INFO] SIM_BRIDGE: RNG initialized with seed: 43
[2026-06-13 08:56:53][INFO] SIM_BRIDGE: Initializing Izhikevich model specifics for 2700 neurons...
[2026-06-13 08:56:53][INFO] SIM_BRIDGE: Applying parameter heterogeneity to neuron parameters...
[2026-06-13 08:56:53][INFO] SIM_BRIDGE: Applied heterogeneity to 4 parameters.
[2026-06-13 08:56:53][INFO] SIM_BRIDGE: Initializing OU process state (tau=15.0ms, sigma=0.0pA)...
[2026-06-13 08:56:53][INFO] SIM_BRIDGE: Generating 3D neuron positions for 2700 neurons...
[2026-06-13 08:56:53][INFO] SIM_BRIDGE: Generating connections (brain-region framework)...
[2026-06-13 08:56:57][INFO] SIM_BRIDGE: inject_explicit_wiring: installed 3887870 synapses across 3 populations.
[2026-06-13 08:56:57][INFO] SIM_BRIDGE: Simulation data initialized for 2700 neurons (3D). Synapses: 3887870. GPU memory: 1.7GB/25.8GB (6.5%)
  [body_parts] M1 gen=1.000(4.0x) A2=True A3=True [GO] | M2 P(sim)=+0.799 2nd=+0.545 graded=1 [GO] | G5 collapses=True (perm 2nd=-0.003) | 121s, 3456094 syn
[2026-06-13 08:58:54][INFO] SIM_BRIDGE: CuPy using GPU: NVIDIA GeForce RTX 3090 (24.0 GB), mempool limit: 80%
[2026-06-13 08:58:54][INFO] SIM_BRIDGE: Initializing simulation data for model: IZHIKEVICH (3D)... (playback_init: False)
[2026-06-13 08:58:54][INFO] SIM_BRIDGE: Brain-region framework: 2 regions, 2700 total neurons, 3 pathways.
[2026-06-13 08:58:54][INFO] SIM_BRIDGE: RNG initialized with seed: 43
[2026-06-13 08:58:54][INFO] SIM_BRIDGE: Initializing Izhikevich model specifics for 2700 neurons...
[2026-06-13 08:58:54][INFO] SIM_BRIDGE: Applying parameter heterogeneity to neuron parameters...
[2026-06-13 08:58:54][INFO] SIM_BRIDGE: Applied heterogeneity to 4 parameters.
[2026-06-13 08:58:54][INFO] SIM_BRIDGE: Initializing OU process state (tau=15.0ms, sigma=0.0pA)...
[2026-06-13 08:58:54][INFO] SIM_BRIDGE: Generating 3D neuron positions for 2700 neurons...
[2026-06-13 08:58:54][INFO] SIM_BRIDGE: Generating connections (brain-region framework)...
[2026-06-13 08:58:57][INFO] SIM_BRIDGE: inject_explicit_wiring: installed 3887870 synapses across 3 populations.
[2026-06-13 08:58:57][INFO] SIM_BRIDGE: Simulation data initialized for 2700 neurons (3D). Synapses: 3887870. GPU memory: 1.7GB/25.8GB (6.5%)
[2026-06-13 09:00:54][INFO] SIM_BRIDGE: CuPy using GPU: NVIDIA GeForce RTX 3090 (24.0 GB), mempool limit: 80%
[2026-06-13 09:00:54][INFO] SIM_BRIDGE: Initializing simulation data for model: IZHIKEVICH (3D)... (playback_init: False)
[2026-06-13 09:00:54][INFO] SIM_BRIDGE: Brain-region framework: 2 regions, 2700 total neurons, 3 pathways.
[2026-06-13 09:00:54][INFO] SIM_BRIDGE: RNG initialized with seed: 43
[2026-06-13 09:00:54][INFO] SIM_BRIDGE: Initializing Izhikevich model specifics for 2700 neurons...
[2026-06-13 09:00:54][INFO] SIM_BRIDGE: Applying parameter heterogeneity to neuron parameters...
[2026-06-13 09:00:54][INFO] SIM_BRIDGE: Applied heterogeneity to 4 parameters.
[2026-06-13 09:00:54][INFO] SIM_BRIDGE: Initializing OU process state (tau=15.0ms, sigma=0.0pA)...
[2026-06-13 09:00:54][INFO] SIM_BRIDGE: Generating 3D neuron positions for 2700 neurons...
[2026-06-13 09:00:54][INFO] SIM_BRIDGE: Generating connections (brain-region framework)...
[2026-06-13 09:00:57][INFO] SIM_BRIDGE: inject_explicit_wiring: installed 3887870 synapses across 3 populations.
[2026-06-13 09:00:57][INFO] SIM_BRIDGE: Simulation data initialized for 2700 neurons (3D). Synapses: 3887870. GPU memory: 1.7GB/25.8GB (6.5%)
  [   colors] M1 gen=0.994(4.0x) A2=True A3=True [GO] | M2 P(sim)=+0.761 2nd=+0.524 graded=1 [GO] | G5 collapses=True (perm 2nd=-0.001) | 120s, 3456094 syn
[2026-06-13 09:02:53][INFO] SIM_BRIDGE: CuPy using GPU: NVIDIA GeForce RTX 3090 (24.0 GB), mempool limit: 80%
[2026-06-13 09:02:53][INFO] SIM_BRIDGE: Initializing simulation data for model: IZHIKEVICH (3D)... (playback_init: False)
[2026-06-13 09:02:53][INFO] SIM_BRIDGE: Brain-region framework: 2 regions, 2700 total neurons, 3 pathways.
[2026-06-13 09:02:53][INFO] SIM_BRIDGE: RNG initialized with seed: 43
[2026-06-13 09:02:53][INFO] SIM_BRIDGE: Initializing Izhikevich model specifics for 2700 neurons...
[2026-06-13 09:02:53][INFO] SIM_BRIDGE: Applying parameter heterogeneity to neuron parameters...
[2026-06-13 09:02:53][INFO] SIM_BRIDGE: Applied heterogeneity to 4 parameters.
[2026-06-13 09:02:53][INFO] SIM_BRIDGE: Initializing OU process state (tau=15.0ms, sigma=0.0pA)...
[2026-06-13 09:02:53][INFO] SIM_BRIDGE: Generating 3D neuron positions for 2700 neurons...
[2026-06-13 09:02:53][INFO] SIM_BRIDGE: Generating connections (brain-region framework)...
[2026-06-13 09:02:57][INFO] SIM_BRIDGE: inject_explicit_wiring: installed 3887870 synapses across 3 populations.
[2026-06-13 09:02:57][INFO] SIM_BRIDGE: Simulation data initialized for 2700 neurons (3D). Synapses: 3887870. GPU memory: 1.7GB/25.8GB (6.5%)
[2026-06-13 09:04:53][INFO] SIM_BRIDGE: CuPy using GPU: NVIDIA GeForce RTX 3090 (24.0 GB), mempool limit: 80%
[2026-06-13 09:04:53][INFO] SIM_BRIDGE: Initializing simulation data for model: IZHIKEVICH (3D)... (playback_init: False)
[2026-06-13 09:04:53][INFO] SIM_BRIDGE: Brain-region framework: 2 regions, 2700 total neurons, 3 pathways.
[2026-06-13 09:04:53][INFO] SIM_BRIDGE: RNG initialized with seed: 43
[2026-06-13 09:04:53][INFO] SIM_BRIDGE: Initializing Izhikevich model specifics for 2700 neurons...
[2026-06-13 09:04:53][INFO] SIM_BRIDGE: Applying parameter heterogeneity to neuron parameters...
[2026-06-13 09:04:53][INFO] SIM_BRIDGE: Applied heterogeneity to 4 parameters.
[2026-06-13 09:04:53][INFO] SIM_BRIDGE: Initializing OU process state (tau=15.0ms, sigma=0.0pA)...
[2026-06-13 09:04:53][INFO] SIM_BRIDGE: Generating 3D neuron positions for 2700 neurons...
[2026-06-13 09:04:53][INFO] SIM_BRIDGE: Generating connections (brain-region framework)...
[2026-06-13 09:04:57][INFO] SIM_BRIDGE: inject_explicit_wiring: installed 3887870 synapses across 3 populations.
[2026-06-13 09:04:57][INFO] SIM_BRIDGE: Simulation data initialized for 2700 neurons (3D). Synapses: 3887870. GPU memory: 1.7GB/25.8GB (6.5%)
  [ emotions] M1 gen=0.988(4.0x) A2=True A3=True [GO] | M2 P(sim)=+0.742 2nd=+0.513 graded=1 [GO] | G5 collapses=True (perm 2nd=+0.002) | 120s, 3456094 syn
[2026-06-13 09:06:53][INFO] SIM_BRIDGE: CuPy using GPU: NVIDIA GeForce RTX 3090 (24.0 GB), mempool limit: 80%
[2026-06-13 09:06:53][INFO] SIM_BRIDGE: Initializing simulation data for model: IZHIKEVICH (3D)... (playback_init: False)
[2026-06-13 09:06:53][INFO] SIM_BRIDGE: Brain-region framework: 2 regions, 2700 total neurons, 3 pathways.
[2026-06-13 09:06:53][INFO] SIM_BRIDGE: RNG initialized with seed: 43
[2026-06-13 09:06:53][INFO] SIM_BRIDGE: Initializing Izhikevich model specifics for 2700 neurons...
[2026-06-13 09:06:53][INFO] SIM_BRIDGE: Applying parameter heterogeneity to neuron parameters...
[2026-06-13 09:06:53][INFO] SIM_BRIDGE: Applied heterogeneity to 4 parameters.
[2026-06-13 09:06:53][INFO] SIM_BRIDGE: Initializing OU process state (tau=15.0ms, sigma=0.0pA)...
[2026-06-13 09:06:53][INFO] SIM_BRIDGE: Generating 3D neuron positions for 2700 neurons...
[2026-06-13 09:06:53][INFO] SIM_BRIDGE: Generating connections (brain-region framework)...
[2026-06-13 09:06:57][INFO] SIM_BRIDGE: inject_explicit_wiring: installed 3887870 synapses across 3 populations.
[2026-06-13 09:06:57][INFO] SIM_BRIDGE: Simulation data initialized for 2700 neurons (3D). Synapses: 3887870. GPU memory: 1.7GB/25.8GB (6.5%)
[2026-06-13 09:08:55][INFO] SIM_BRIDGE: CuPy using GPU: NVIDIA GeForce RTX 3090 (24.0 GB), mempool limit: 80%
[2026-06-13 09:08:55][INFO] SIM_BRIDGE: Initializing simulation data for model: IZHIKEVICH (3D)... (playback_init: False)
[2026-06-13 09:08:55][INFO] SIM_BRIDGE: Brain-region framework: 2 regions, 2700 total neurons, 3 pathways.
[2026-06-13 09:08:55][INFO] SIM_BRIDGE: RNG initialized with seed: 43
[2026-06-13 09:08:55][INFO] SIM_BRIDGE: Initializing Izhikevich model specifics for 2700 neurons...
[2026-06-13 09:08:55][INFO] SIM_BRIDGE: Applying parameter heterogeneity to neuron parameters...
[2026-06-13 09:08:55][INFO] SIM_BRIDGE: Applied heterogeneity to 4 parameters.
[2026-06-13 09:08:55][INFO] SIM_BRIDGE: Initializing OU process state (tau=15.0ms, sigma=0.0pA)...
[2026-06-13 09:08:55][INFO] SIM_BRIDGE: Generating 3D neuron positions for 2700 neurons...
[2026-06-13 09:08:55][INFO] SIM_BRIDGE: Generating connections (brain-region framework)...
[2026-06-13 09:08:59][INFO] SIM_BRIDGE: inject_explicit_wiring: installed 3887870 synapses across 3 populations.
[2026-06-13 09:08:59][INFO] SIM_BRIDGE: Simulation data initialized for 2700 neurons (3D). Synapses: 3887870. GPU memory: 1.7GB/25.8GB (6.5%)
  [     jobs] M1 gen=0.988(4.0x) A2=True A3=True [GO] | M2 P(sim)=+0.780 2nd=+0.532 graded=1 [GO] | G5 collapses=True (perm 2nd=+0.004) | 122s, 3456094 syn
[2026-06-13 09:10:57][INFO] SIM_BRIDGE: CuPy using GPU: NVIDIA GeForce RTX 3090 (24.0 GB), mempool limit: 80%
[2026-06-13 09:10:57][INFO] SIM_BRIDGE: Initializing simulation data for model: IZHIKEVICH (3D)... (playback_init: False)
[2026-06-13 09:10:57][INFO] SIM_BRIDGE: Brain-region framework: 2 regions, 2700 total neurons, 3 pathways.
[2026-06-13 09:10:57][INFO] SIM_BRIDGE: RNG initialized with seed: 43
[2026-06-13 09:10:57][INFO] SIM_BRIDGE: Initializing Izhikevich model specifics for 2700 neurons...
[2026-06-13 09:10:57][INFO] SIM_BRIDGE: Applying parameter heterogeneity to neuron parameters...
[2026-06-13 09:10:57][INFO] SIM_BRIDGE: Applied heterogeneity to 4 parameters.
[2026-06-13 09:10:57][INFO] SIM_BRIDGE: Initializing OU process state (tau=15.0ms, sigma=0.0pA)...
[2026-06-13 09:10:57][INFO] SIM_BRIDGE: Generating 3D neuron positions for 2700 neurons...
[2026-06-13 09:10:57][INFO] SIM_BRIDGE: Generating connections (brain-region framework)...
[2026-06-13 09:11:00][INFO] SIM_BRIDGE: inject_explicit_wiring: installed 3887870 synapses across 3 populations.
[2026-06-13 09:11:00][INFO] SIM_BRIDGE: Simulation data initialized for 2700 neurons (3D). Synapses: 3887870. GPU memory: 1.7GB/25.8GB (6.5%)
[2026-06-13 09:12:58][INFO] SIM_BRIDGE: CuPy using GPU: NVIDIA GeForce RTX 3090 (24.0 GB), mempool limit: 80%
[2026-06-13 09:12:58][INFO] SIM_BRIDGE: Initializing simulation data for model: IZHIKEVICH (3D)... (playback_init: False)
[2026-06-13 09:12:58][INFO] SIM_BRIDGE: Brain-region framework: 2 regions, 2700 total neurons, 3 pathways.
[2026-06-13 09:12:58][INFO] SIM_BRIDGE: RNG initialized with seed: 43
[2026-06-13 09:12:58][INFO] SIM_BRIDGE: Initializing Izhikevich model specifics for 2700 neurons...
[2026-06-13 09:12:58][INFO] SIM_BRIDGE: Applying parameter heterogeneity to neuron parameters...
[2026-06-13 09:12:58][INFO] SIM_BRIDGE: Applied heterogeneity to 4 parameters.
[2026-06-13 09:12:58][INFO] SIM_BRIDGE: Initializing OU process state (tau=15.0ms, sigma=0.0pA)...
[2026-06-13 09:12:58][INFO] SIM_BRIDGE: Generating 3D neuron positions for 2700 neurons...
[2026-06-13 09:12:58][INFO] SIM_BRIDGE: Generating connections (brain-region framework)...
[2026-06-13 09:13:02][INFO] SIM_BRIDGE: inject_explicit_wiring: installed 3887870 synapses across 3 populations.
[2026-06-13 09:13:02][INFO] SIM_BRIDGE: Simulation data initialized for 2700 neurons (3D). Synapses: 3887870. GPU memory: 1.7GB/25.8GB (6.5%)
  [   sports] M1 gen=0.944(3.8x) A2=True A3=True [GO] | M2 P(sim)=+0.767 2nd=+0.522 graded=1 [GO] | G5 collapses=True (perm 2nd=-0.003) | 122s, 3456094 syn
[2026-06-13 09:15:00][INFO] SIM_BRIDGE: CuPy using GPU: NVIDIA GeForce RTX 3090 (24.0 GB), mempool limit: 80%
[2026-06-13 09:15:00][INFO] SIM_BRIDGE: Initializing simulation data for model: IZHIKEVICH (3D)... (playback_init: False)
[2026-06-13 09:15:00][INFO] SIM_BRIDGE: Brain-region framework: 2 regions, 2700 total neurons, 3 pathways.
[2026-06-13 09:15:00][INFO] SIM_BRIDGE: RNG initialized with seed: 43
[2026-06-13 09:15:00][INFO] SIM_BRIDGE: Initializing Izhikevich model specifics for 2700 neurons...
[2026-06-13 09:15:00][INFO] SIM_BRIDGE: Applying parameter heterogeneity to neuron parameters...
[2026-06-13 09:15:00][INFO] SIM_BRIDGE: Applied heterogeneity to 4 parameters.
[2026-06-13 09:15:00][INFO] SIM_BRIDGE: Initializing OU process state (tau=15.0ms, sigma=0.0pA)...
[2026-06-13 09:15:00][INFO] SIM_BRIDGE: Generating 3D neuron positions for 2700 neurons...
[2026-06-13 09:15:00][INFO] SIM_BRIDGE: Generating connections (brain-region framework)...
[2026-06-13 09:15:04][INFO] SIM_BRIDGE: inject_explicit_wiring: installed 3887870 synapses across 3 populations.
[2026-06-13 09:15:04][INFO] SIM_BRIDGE: Simulation data initialized for 2700 neurons (3D). Synapses: 3887870. GPU memory: 1.7GB/25.8GB (6.5%)
[2026-06-13 09:17:03][INFO] SIM_BRIDGE: CuPy using GPU: NVIDIA GeForce RTX 3090 (24.0 GB), mempool limit: 80%
[2026-06-13 09:17:03][INFO] SIM_BRIDGE: Initializing simulation data for model: IZHIKEVICH (3D)... (playback_init: False)
[2026-06-13 09:17:03][INFO] SIM_BRIDGE: Brain-region framework: 2 regions, 2700 total neurons, 3 pathways.
[2026-06-13 09:17:03][INFO] SIM_BRIDGE: RNG initialized with seed: 43
[2026-06-13 09:17:03][INFO] SIM_BRIDGE: Initializing Izhikevich model specifics for 2700 neurons...
[2026-06-13 09:17:03][INFO] SIM_BRIDGE: Applying parameter heterogeneity to neuron parameters...
[2026-06-13 09:17:03][INFO] SIM_BRIDGE: Applied heterogeneity to 4 parameters.
[2026-06-13 09:17:03][INFO] SIM_BRIDGE: Initializing OU process state (tau=15.0ms, sigma=0.0pA)...
[2026-06-13 09:17:03][INFO] SIM_BRIDGE: Generating 3D neuron positions for 2700 neurons...
[2026-06-13 09:17:03][INFO] SIM_BRIDGE: Generating connections (brain-region framework)...
[2026-06-13 09:17:06][INFO] SIM_BRIDGE: inject_explicit_wiring: installed 3887870 synapses across 3 populations.
[2026-06-13 09:17:07][INFO] SIM_BRIDGE: Simulation data initialized for 2700 neurons (3D). Synapses: 3887870. GPU memory: 1.7GB/25.8GB (6.5%)
  [instruments] M1 gen=0.963(3.9x) A2=True A3=True [GO] | M2 P(sim)=+0.769 2nd=+0.529 graded=1 [GO] | G5 collapses=True (perm 2nd=+0.006) | 123s, 3456094 syn
[2026-06-13 09:19:03][INFO] SIM_BRIDGE: CuPy using GPU: NVIDIA GeForce RTX 3090 (24.0 GB), mempool limit: 80%
[2026-06-13 09:19:03][INFO] SIM_BRIDGE: Initializing simulation data for model: IZHIKEVICH (3D)... (playback_init: False)
[2026-06-13 09:19:03][INFO] SIM_BRIDGE: Brain-region framework: 2 regions, 2700 total neurons, 3 pathways.
[2026-06-13 09:19:03][INFO] SIM_BRIDGE: RNG initialized with seed: 43
[2026-06-13 09:19:03][INFO] SIM_BRIDGE: Initializing Izhikevich model specifics for 2700 neurons...
[2026-06-13 09:19:03][INFO] SIM_BRIDGE: Applying parameter heterogeneity to neuron parameters...
[2026-06-13 09:19:03][INFO] SIM_BRIDGE: Applied heterogeneity to 4 parameters.
[2026-06-13 09:19:03][INFO] SIM_BRIDGE: Initializing OU process state (tau=15.0ms, sigma=0.0pA)...
[2026-06-13 09:19:03][INFO] SIM_BRIDGE: Generating 3D neuron positions for 2700 neurons...
[2026-06-13 09:19:03][INFO] SIM_BRIDGE: Generating connections (brain-region framework)...
[2026-06-13 09:19:07][INFO] SIM_BRIDGE: inject_explicit_wiring: installed 3887870 synapses across 3 populations.
[2026-06-13 09:19:07][INFO] SIM_BRIDGE: Simulation data initialized for 2700 neurons (3D). Synapses: 3887870. GPU memory: 1.7GB/25.8GB (6.5%)
[2026-06-13 09:21:03][INFO] SIM_BRIDGE: CuPy using GPU: NVIDIA GeForce RTX 3090 (24.0 GB), mempool limit: 80%
[2026-06-13 09:21:03][INFO] SIM_BRIDGE: Initializing simulation data for model: IZHIKEVICH (3D)... (playback_init: False)
[2026-06-13 09:21:03][INFO] SIM_BRIDGE: Brain-region framework: 2 regions, 2700 total neurons, 3 pathways.
[2026-06-13 09:21:03][INFO] SIM_BRIDGE: RNG initialized with seed: 43
[2026-06-13 09:21:03][INFO] SIM_BRIDGE: Initializing Izhikevich model specifics for 2700 neurons...
[2026-06-13 09:21:03][INFO] SIM_BRIDGE: Applying parameter heterogeneity to neuron parameters...
[2026-06-13 09:21:03][INFO] SIM_BRIDGE: Applied heterogeneity to 4 parameters.
[2026-06-13 09:21:03][INFO] SIM_BRIDGE: Initializing OU process state (tau=15.0ms, sigma=0.0pA)...
[2026-06-13 09:21:03][INFO] SIM_BRIDGE: Generating 3D neuron positions for 2700 neurons...
[2026-06-13 09:21:03][INFO] SIM_BRIDGE: Generating connections (brain-region framework)...
[2026-06-13 09:21:07][INFO] SIM_BRIDGE: inject_explicit_wiring: installed 3887870 synapses across 3 populations.
[2026-06-13 09:21:07][INFO] SIM_BRIDGE: Simulation data initialized for 2700 neurons (3D). Synapses: 3887870. GPU memory: 1.7GB/25.8GB (6.5%)
  [buildings] M1 gen=1.000(4.0x) A2=True A3=True [GO] | M2 P(sim)=+0.770 2nd=+0.519 graded=1 [GO] | G5 collapses=True (perm 2nd=+0.003) | 120s, 3456094 syn
[2026-06-13 09:23:02][INFO] SIM_BRIDGE: CuPy using GPU: NVIDIA GeForce RTX 3090 (24.0 GB), mempool limit: 80%
[2026-06-13 09:23:02][INFO] SIM_BRIDGE: Initializing simulation data for model: IZHIKEVICH (3D)... (playback_init: False)
[2026-06-13 09:23:02][INFO] SIM_BRIDGE: Brain-region framework: 2 regions, 2700 total neurons, 3 pathways.
[2026-06-13 09:23:02][INFO] SIM_BRIDGE: RNG initialized with seed: 43
[2026-06-13 09:23:02][INFO] SIM_BRIDGE: Initializing Izhikevich model specifics for 2700 neurons...
[2026-06-13 09:23:02][INFO] SIM_BRIDGE: Applying parameter heterogeneity to neuron parameters...
[2026-06-13 09:23:02][INFO] SIM_BRIDGE: Applied heterogeneity to 4 parameters.
[2026-06-13 09:23:02][INFO] SIM_BRIDGE: Initializing OU process state (tau=15.0ms, sigma=0.0pA)...
[2026-06-13 09:23:02][INFO] SIM_BRIDGE: Generating 3D neuron positions for 2700 neurons...
[2026-06-13 09:23:02][INFO] SIM_BRIDGE: Generating connections (brain-region framework)...
[2026-06-13 09:23:06][INFO] SIM_BRIDGE: inject_explicit_wiring: installed 3887870 synapses across 3 populations.
[2026-06-13 09:23:06][INFO] SIM_BRIDGE: Simulation data initialized for 2700 neurons (3D). Synapses: 3887870. GPU memory: 1.7GB/25.8GB (6.5%)
[2026-06-13 09:25:04][INFO] SIM_BRIDGE: CuPy using GPU: NVIDIA GeForce RTX 3090 (24.0 GB), mempool limit: 80%
[2026-06-13 09:25:04][INFO] SIM_BRIDGE: Initializing simulation data for model: IZHIKEVICH (3D)... (playback_init: False)
[2026-06-13 09:25:04][INFO] SIM_BRIDGE: Brain-region framework: 2 regions, 2700 total neurons, 3 pathways.
[2026-06-13 09:25:04][INFO] SIM_BRIDGE: RNG initialized with seed: 43
[2026-06-13 09:25:04][INFO] SIM_BRIDGE: Initializing Izhikevich model specifics for 2700 neurons...
[2026-06-13 09:25:04][INFO] SIM_BRIDGE: Applying parameter heterogeneity to neuron parameters...
[2026-06-13 09:25:04][INFO] SIM_BRIDGE: Applied heterogeneity to 4 parameters.
[2026-06-13 09:25:04][INFO] SIM_BRIDGE: Initializing OU process state (tau=15.0ms, sigma=0.0pA)...
[2026-06-13 09:25:04][INFO] SIM_BRIDGE: Generating 3D neuron positions for 2700 neurons...
[2026-06-13 09:25:04][INFO] SIM_BRIDGE: Generating connections (brain-region framework)...
[2026-06-13 09:25:08][INFO] SIM_BRIDGE: inject_explicit_wiring: installed 3887870 synapses across 3 populations.
[2026-06-13 09:25:08][INFO] SIM_BRIDGE: Simulation data initialized for 2700 neurons (3D). Synapses: 3887870. GPU memory: 1.7GB/25.8GB (6.5%)
  [countries] M1 gen=1.000(4.0x) A2=True A3=True [GO] | M2 P(sim)=+0.805 2nd=+0.536 graded=1 [GO] | G5 collapses=True (perm 2nd=+0.001) | 122s, 3456094 syn
[2026-06-13 09:27:03][INFO] SIM_BRIDGE: CuPy using GPU: NVIDIA GeForce RTX 3090 (24.0 GB), mempool limit: 80%
[2026-06-13 09:27:03][INFO] SIM_BRIDGE: Initializing simulation data for model: IZHIKEVICH (3D)... (playback_init: False)
[2026-06-13 09:27:03][INFO] SIM_BRIDGE: Brain-region framework: 2 regions, 2700 total neurons, 3 pathways.
[2026-06-13 09:27:03][INFO] SIM_BRIDGE: RNG initialized with seed: 43
[2026-06-13 09:27:03][INFO] SIM_BRIDGE: Initializing Izhikevich model specifics for 2700 neurons...
[2026-06-13 09:27:03][INFO] SIM_BRIDGE: Applying parameter heterogeneity to neuron parameters...
[2026-06-13 09:27:03][INFO] SIM_BRIDGE: Applied heterogeneity to 4 parameters.
[2026-06-13 09:27:03][INFO] SIM_BRIDGE: Initializing OU process state (tau=15.0ms, sigma=0.0pA)...
[2026-06-13 09:27:03][INFO] SIM_BRIDGE: Generating 3D neuron positions for 2700 neurons...
[2026-06-13 09:27:03][INFO] SIM_BRIDGE: Generating connections (brain-region framework)...
[2026-06-13 09:27:07][INFO] SIM_BRIDGE: inject_explicit_wiring: installed 3887870 synapses across 3 populations.
[2026-06-13 09:27:07][INFO] SIM_BRIDGE: Simulation data initialized for 2700 neurons (3D). Synapses: 3887870. GPU memory: 1.7GB/25.8GB (6.5%)
[2026-06-13 09:29:05][INFO] SIM_BRIDGE: CuPy using GPU: NVIDIA GeForce RTX 3090 (24.0 GB), mempool limit: 80%
[2026-06-13 09:29:05][INFO] SIM_BRIDGE: Initializing simulation data for model: IZHIKEVICH (3D)... (playback_init: False)
[2026-06-13 09:29:05][INFO] SIM_BRIDGE: Brain-region framework: 2 regions, 2700 total neurons, 3 pathways.
[2026-06-13 09:29:05][INFO] SIM_BRIDGE: RNG initialized with seed: 43
[2026-06-13 09:29:05][INFO] SIM_BRIDGE: Initializing Izhikevich model specifics for 2700 neurons...
[2026-06-13 09:29:05][INFO] SIM_BRIDGE: Applying parameter heterogeneity to neuron parameters...
[2026-06-13 09:29:05][INFO] SIM_BRIDGE: Applied heterogeneity to 4 parameters.
[2026-06-13 09:29:05][INFO] SIM_BRIDGE: Initializing OU process state (tau=15.0ms, sigma=0.0pA)...
[2026-06-13 09:29:05][INFO] SIM_BRIDGE: Generating 3D neuron positions for 2700 neurons...
[2026-06-13 09:29:05][INFO] SIM_BRIDGE: Generating connections (brain-region framework)...
[2026-06-13 09:29:08][INFO] SIM_BRIDGE: inject_explicit_wiring: installed 3887870 synapses across 3 populations.
[2026-06-13 09:29:09][INFO] SIM_BRIDGE: Simulation data initialized for 2700 neurons (3D). Synapses: 3887870. GPU memory: 1.7GB/25.8GB (6.5%)
  [   drinks] M1 gen=0.969(3.9x) A2=True A3=True [GO] | M2 P(sim)=+0.771 2nd=+0.524 graded=1 [GO] | G5 collapses=True (perm 2nd=+0.005) | 121s, 3456094 syn
[2026-06-13 09:31:04][INFO] SIM_BRIDGE: CuPy using GPU: NVIDIA GeForce RTX 3090 (24.0 GB), mempool limit: 80%
[2026-06-13 09:31:04][INFO] SIM_BRIDGE: Initializing simulation data for model: IZHIKEVICH (3D)... (playback_init: False)
[2026-06-13 09:31:04][INFO] SIM_BRIDGE: Brain-region framework: 2 regions, 2700 total neurons, 3 pathways.
[2026-06-13 09:31:04][INFO] SIM_BRIDGE: RNG initialized with seed: 43
[2026-06-13 09:31:04][INFO] SIM_BRIDGE: Initializing Izhikevich model specifics for 2700 neurons...
[2026-06-13 09:31:04][INFO] SIM_BRIDGE: Applying parameter heterogeneity to neuron parameters...
[2026-06-13 09:31:04][INFO] SIM_BRIDGE: Applied heterogeneity to 4 parameters.
[2026-06-13 09:31:04][INFO] SIM_BRIDGE: Initializing OU process state (tau=15.0ms, sigma=0.0pA)...
[2026-06-13 09:31:04][INFO] SIM_BRIDGE: Generating 3D neuron positions for 2700 neurons...
[2026-06-13 09:31:04][INFO] SIM_BRIDGE: Generating connections (brain-region framework)...
[2026-06-13 09:31:08][INFO] SIM_BRIDGE: inject_explicit_wiring: installed 3887870 synapses across 3 populations.
[2026-06-13 09:31:08][INFO] SIM_BRIDGE: Simulation data initialized for 2700 neurons (3D). Synapses: 3887870. GPU memory: 1.7GB/25.8GB (6.5%)
[2026-06-13 09:33:05][INFO] SIM_BRIDGE: CuPy using GPU: NVIDIA GeForce RTX 3090 (24.0 GB), mempool limit: 80%
[2026-06-13 09:33:05][INFO] SIM_BRIDGE: Initializing simulation data for model: IZHIKEVICH (3D)... (playback_init: False)
[2026-06-13 09:33:05][INFO] SIM_BRIDGE: Brain-region framework: 2 regions, 2700 total neurons, 3 pathways.
[2026-06-13 09:33:05][INFO] SIM_BRIDGE: RNG initialized with seed: 43
[2026-06-13 09:33:05][INFO] SIM_BRIDGE: Initializing Izhikevich model specifics for 2700 neurons...
[2026-06-13 09:33:05][INFO] SIM_BRIDGE: Applying parameter heterogeneity to neuron parameters...
[2026-06-13 09:33:05][INFO] SIM_BRIDGE: Applied heterogeneity to 4 parameters.
[2026-06-13 09:33:05][INFO] SIM_BRIDGE: Initializing OU process state (tau=15.0ms, sigma=0.0pA)...
[2026-06-13 09:33:05][INFO] SIM_BRIDGE: Generating 3D neuron positions for 2700 neurons...
[2026-06-13 09:33:05][INFO] SIM_BRIDGE: Generating connections (brain-region framework)...
[2026-06-13 09:33:08][INFO] SIM_BRIDGE: inject_explicit_wiring: installed 3887870 synapses across 3 populations.
[2026-06-13 09:33:09][INFO] SIM_BRIDGE: Simulation data initialized for 2700 neurons (3D). Synapses: 3887870. GPU memory: 1.7GB/25.8GB (6.5%)
  [   fruits] M1 gen=0.963(3.9x) A2=True A3=True [GO] | M2 P(sim)=+0.773 2nd=+0.526 graded=1 [GO] | G5 collapses=True (perm 2nd=+0.005) | 121s, 3456094 syn
[2026-06-13 09:35:04][INFO] SIM_BRIDGE: CuPy using GPU: NVIDIA GeForce RTX 3090 (24.0 GB), mempool limit: 80%
[2026-06-13 09:35:04][INFO] SIM_BRIDGE: Initializing simulation data for model: IZHIKEVICH (3D)... (playback_init: False)
[2026-06-13 09:35:04][INFO] SIM_BRIDGE: Brain-region framework: 2 regions, 2700 total neurons, 3 pathways.
[2026-06-13 09:35:04][INFO] SIM_BRIDGE: RNG initialized with seed: 43
[2026-06-13 09:35:04][INFO] SIM_BRIDGE: Initializing Izhikevich model specifics for 2700 neurons...
[2026-06-13 09:35:04][INFO] SIM_BRIDGE: Applying parameter heterogeneity to neuron parameters...
[2026-06-13 09:35:04][INFO] SIM_BRIDGE: Applied heterogeneity to 4 parameters.
[2026-06-13 09:35:04][INFO] SIM_BRIDGE: Initializing OU process state (tau=15.0ms, sigma=0.0pA)...
[2026-06-13 09:35:04][INFO] SIM_BRIDGE: Generating 3D neuron positions for 2700 neurons...
[2026-06-13 09:35:04][INFO] SIM_BRIDGE: Generating connections (brain-region framework)...
[2026-06-13 09:35:08][INFO] SIM_BRIDGE: inject_explicit_wiring: installed 3887870 synapses across 3 populations.
[2026-06-13 09:35:08][INFO] SIM_BRIDGE: Simulation data initialized for 2700 neurons (3D). Synapses: 3887870. GPU memory: 1.7GB/25.8GB (6.5%)
[2026-06-13 09:37:05][INFO] SIM_BRIDGE: CuPy using GPU: NVIDIA GeForce RTX 3090 (24.0 GB), mempool limit: 80%
[2026-06-13 09:37:05][INFO] SIM_BRIDGE: Initializing simulation data for model: IZHIKEVICH (3D)... (playback_init: False)
[2026-06-13 09:37:05][INFO] SIM_BRIDGE: Brain-region framework: 2 regions, 2700 total neurons, 3 pathways.
[2026-06-13 09:37:05][INFO] SIM_BRIDGE: RNG initialized with seed: 43
[2026-06-13 09:37:05][INFO] SIM_BRIDGE: Initializing Izhikevich model specifics for 2700 neurons...
[2026-06-13 09:37:05][INFO] SIM_BRIDGE: Applying parameter heterogeneity to neuron parameters...
[2026-06-13 09:37:05][INFO] SIM_BRIDGE: Applied heterogeneity to 4 parameters.
[2026-06-13 09:37:05][INFO] SIM_BRIDGE: Initializing OU process state (tau=15.0ms, sigma=0.0pA)...
[2026-06-13 09:37:05][INFO] SIM_BRIDGE: Generating 3D neuron positions for 2700 neurons...
[2026-06-13 09:37:05][INFO] SIM_BRIDGE: Generating connections (brain-region framework)...
[2026-06-13 09:37:09][INFO] SIM_BRIDGE: inject_explicit_wiring: installed 3887870 synapses across 3 populations.
[2026-06-13 09:37:09][INFO] SIM_BRIDGE: Simulation data initialized for 2700 neurons (3D). Synapses: 3887870. GPU memory: 1.7GB/25.8GB (6.5%)
  [   metals] M1 gen=0.975(3.9x) A2=True A3=True [GO] | M2 P(sim)=+0.733 2nd=+0.509 graded=1 [GO] | G5 collapses=True (perm 2nd=+0.002) | 121s, 3456094 syn
[2026-06-13 09:39:07][INFO] SIM_BRIDGE: CuPy using GPU: NVIDIA GeForce RTX 3090 (24.0 GB), mempool limit: 80%
[2026-06-13 09:39:07][INFO] SIM_BRIDGE: Initializing simulation data for model: IZHIKEVICH (3D)... (playback_init: False)
[2026-06-13 09:39:07][INFO] SIM_BRIDGE: Brain-region framework: 2 regions, 2700 total neurons, 3 pathways.
[2026-06-13 09:39:07][INFO] SIM_BRIDGE: RNG initialized with seed: 43
[2026-06-13 09:39:07][INFO] SIM_BRIDGE: Initializing Izhikevich model specifics for 2700 neurons...
[2026-06-13 09:39:07][INFO] SIM_BRIDGE: Applying parameter heterogeneity to neuron parameters...
[2026-06-13 09:39:07][INFO] SIM_BRIDGE: Applied heterogeneity to 4 parameters.
[2026-06-13 09:39:07][INFO] SIM_BRIDGE: Initializing OU process state (tau=15.0ms, sigma=0.0pA)...
[2026-06-13 09:39:07][INFO] SIM_BRIDGE: Generating 3D neuron positions for 2700 neurons...
[2026-06-13 09:39:07][INFO] SIM_BRIDGE: Generating connections (brain-region framework)...
[2026-06-13 09:39:10][INFO] SIM_BRIDGE: inject_explicit_wiring: installed 3887870 synapses across 3 populations.
[2026-06-13 09:39:10][INFO] SIM_BRIDGE: Simulation data initialized for 2700 neurons (3D). Synapses: 3887870. GPU memory: 1.7GB/25.8GB (6.5%)
[2026-06-13 09:41:06][INFO] SIM_BRIDGE: CuPy using GPU: NVIDIA GeForce RTX 3090 (24.0 GB), mempool limit: 80%
[2026-06-13 09:41:06][INFO] SIM_BRIDGE: Initializing simulation data for model: IZHIKEVICH (3D)... (playback_init: False)
[2026-06-13 09:41:06][INFO] SIM_BRIDGE: Brain-region framework: 2 regions, 2700 total neurons, 3 pathways.
[2026-06-13 09:41:06][INFO] SIM_BRIDGE: RNG initialized with seed: 43
[2026-06-13 09:41:06][INFO] SIM_BRIDGE: Initializing Izhikevich model specifics for 2700 neurons...
[2026-06-13 09:41:06][INFO] SIM_BRIDGE: Applying parameter heterogeneity to neuron parameters...
[2026-06-13 09:41:06][INFO] SIM_BRIDGE: Applied heterogeneity to 4 parameters.
[2026-06-13 09:41:06][INFO] SIM_BRIDGE: Initializing OU process state (tau=15.0ms, sigma=0.0pA)...
[2026-06-13 09:41:06][INFO] SIM_BRIDGE: Generating 3D neuron positions for 2700 neurons...
[2026-06-13 09:41:06][INFO] SIM_BRIDGE: Generating connections (brain-region framework)...
[2026-06-13 09:41:09][INFO] SIM_BRIDGE: inject_explicit_wiring: installed 3887870 synapses across 3 populations.
[2026-06-13 09:41:09][INFO] SIM_BRIDGE: Simulation data initialized for 2700 neurons (3D). Synapses: 3887870. GPU memory: 1.7GB/25.8GB (6.5%)
  [  insects] M1 gen=1.000(4.0x) A2=True A3=True [GO] | M2 P(sim)=+0.740 2nd=+0.514 graded=1 [GO] | G5 collapses=True (perm 2nd=-0.002) | 119s, 3456094 syn
[2026-06-13 09:43:06][INFO] SIM_BRIDGE: CuPy using GPU: NVIDIA GeForce RTX 3090 (24.0 GB), mempool limit: 80%
[2026-06-13 09:43:06][INFO] SIM_BRIDGE: Initializing simulation data for model: IZHIKEVICH (3D)... (playback_init: False)
[2026-06-13 09:43:06][INFO] SIM_BRIDGE: Brain-region framework: 2 regions, 2700 total neurons, 3 pathways.
[2026-06-13 09:43:06][INFO] SIM_BRIDGE: RNG initialized with seed: 43
[2026-06-13 09:43:06][INFO] SIM_BRIDGE: Initializing Izhikevich model specifics for 2700 neurons...
[2026-06-13 09:43:06][INFO] SIM_BRIDGE: Applying parameter heterogeneity to neuron parameters...
[2026-06-13 09:43:06][INFO] SIM_BRIDGE: Applied heterogeneity to 4 parameters.
[2026-06-13 09:43:06][INFO] SIM_BRIDGE: Initializing OU process state (tau=15.0ms, sigma=0.0pA)...
[2026-06-13 09:43:06][INFO] SIM_BRIDGE: Generating 3D neuron positions for 2700 neurons...
[2026-06-13 09:43:06][INFO] SIM_BRIDGE: Generating connections (brain-region framework)...
[2026-06-13 09:43:10][INFO] SIM_BRIDGE: inject_explicit_wiring: installed 3887870 synapses across 3 populations.
[2026-06-13 09:43:10][INFO] SIM_BRIDGE: Simulation data initialized for 2700 neurons (3D). Synapses: 3887870. GPU memory: 1.7GB/25.8GB (6.5%)
[2026-06-13 09:45:08][INFO] SIM_BRIDGE: CuPy using GPU: NVIDIA GeForce RTX 3090 (24.0 GB), mempool limit: 80%
[2026-06-13 09:45:08][INFO] SIM_BRIDGE: Initializing simulation data for model: IZHIKEVICH (3D)... (playback_init: False)
[2026-06-13 09:45:08][INFO] SIM_BRIDGE: Brain-region framework: 2 regions, 2700 total neurons, 3 pathways.
[2026-06-13 09:45:08][INFO] SIM_BRIDGE: RNG initialized with seed: 43
[2026-06-13 09:45:08][INFO] SIM_BRIDGE: Initializing Izhikevich model specifics for 2700 neurons...
[2026-06-13 09:45:08][INFO] SIM_BRIDGE: Applying parameter heterogeneity to neuron parameters...
[2026-06-13 09:45:08][INFO] SIM_BRIDGE: Applied heterogeneity to 4 parameters.
[2026-06-13 09:45:08][INFO] SIM_BRIDGE: Initializing OU process state (tau=15.0ms, sigma=0.0pA)...
[2026-06-13 09:45:08][INFO] SIM_BRIDGE: Generating 3D neuron positions for 2700 neurons...
[2026-06-13 09:45:08][INFO] SIM_BRIDGE: Generating connections (brain-region framework)...
[2026-06-13 09:45:11][INFO] SIM_BRIDGE: inject_explicit_wiring: installed 3887870 synapses across 3 populations.
[2026-06-13 09:45:11][INFO] SIM_BRIDGE: Simulation data initialized for 2700 neurons (3D). Synapses: 3887870. GPU memory: 1.7GB/25.8GB (6.5%)
  [    birds] M1 gen=1.000(4.0x) A2=True A3=True [GO] | M2 P(sim)=+0.765 2nd=+0.526 graded=1 [GO] | G5 collapses=True (perm 2nd=-0.000) | 122s, 3456094 syn
[2026-06-13 09:47:06][INFO] SIM_BRIDGE: CuPy using GPU: NVIDIA GeForce RTX 3090 (24.0 GB), mempool limit: 80%
[2026-06-13 09:47:06][INFO] SIM_BRIDGE: Initializing simulation data for model: IZHIKEVICH (3D)... (playback_init: False)
[2026-06-13 09:47:06][INFO] SIM_BRIDGE: Brain-region framework: 2 regions, 2700 total neurons, 3 pathways.
[2026-06-13 09:47:06][INFO] SIM_BRIDGE: RNG initialized with seed: 43
[2026-06-13 09:47:06][INFO] SIM_BRIDGE: Initializing Izhikevich model specifics for 2700 neurons...
[2026-06-13 09:47:06][INFO] SIM_BRIDGE: Applying parameter heterogeneity to neuron parameters...
[2026-06-13 09:47:06][INFO] SIM_BRIDGE: Applied heterogeneity to 4 parameters.
[2026-06-13 09:47:06][INFO] SIM_BRIDGE: Initializing OU process state (tau=15.0ms, sigma=0.0pA)...
[2026-06-13 09:47:06][INFO] SIM_BRIDGE: Generating 3D neuron positions for 2700 neurons...
[2026-06-13 09:47:06][INFO] SIM_BRIDGE: Generating connections (brain-region framework)...
[2026-06-13 09:47:10][INFO] SIM_BRIDGE: inject_explicit_wiring: installed 3887870 synapses across 3 populations.
[2026-06-13 09:47:10][INFO] SIM_BRIDGE: Simulation data initialized for 2700 neurons (3D). Synapses: 3887870. GPU memory: 1.7GB/25.8GB (6.5%)
[2026-06-13 09:49:07][INFO] SIM_BRIDGE: CuPy using GPU: NVIDIA GeForce RTX 3090 (24.0 GB), mempool limit: 80%
[2026-06-13 09:49:07][INFO] SIM_BRIDGE: Initializing simulation data for model: IZHIKEVICH (3D)... (playback_init: False)
[2026-06-13 09:49:07][INFO] SIM_BRIDGE: Brain-region framework: 2 regions, 2700 total neurons, 3 pathways.
[2026-06-13 09:49:07][INFO] SIM_BRIDGE: RNG initialized with seed: 43
[2026-06-13 09:49:07][INFO] SIM_BRIDGE: Initializing Izhikevich model specifics for 2700 neurons...
[2026-06-13 09:49:07][INFO] SIM_BRIDGE: Applying parameter heterogeneity to neuron parameters...
[2026-06-13 09:49:07][INFO] SIM_BRIDGE: Applied heterogeneity to 4 parameters.
[2026-06-13 09:49:07][INFO] SIM_BRIDGE: Initializing OU process state (tau=15.0ms, sigma=0.0pA)...
[2026-06-13 09:49:07][INFO] SIM_BRIDGE: Generating 3D neuron positions for 2700 neurons...
[2026-06-13 09:49:07][INFO] SIM_BRIDGE: Generating connections (brain-region framework)...
[2026-06-13 09:49:12][INFO] SIM_BRIDGE: inject_explicit_wiring: installed 3887870 synapses across 3 populations.
[2026-06-13 09:49:12][INFO] SIM_BRIDGE: Simulation data initialized for 2700 neurons (3D). Synapses: 3887870. GPU memory: 1.7GB/25.8GB (6.5%)
  [     fish] M1 gen=1.000(4.0x) A2=True A3=True [GO] | M2 P(sim)=+0.706 2nd=+0.497 graded=1 [GO] | G5 collapses=True (perm 2nd=+0.000) | 121s, 3456094 syn
[2026-06-13 09:51:07][INFO] SIM_BRIDGE: CuPy using GPU: NVIDIA GeForce RTX 3090 (24.0 GB), mempool limit: 80%
[2026-06-13 09:51:07][INFO] SIM_BRIDGE: Initializing simulation data for model: IZHIKEVICH (3D)... (playback_init: False)
[2026-06-13 09:51:07][INFO] SIM_BRIDGE: Brain-region framework: 2 regions, 2700 total neurons, 3 pathways.
[2026-06-13 09:51:07][INFO] SIM_BRIDGE: RNG initialized with seed: 43
[2026-06-13 09:51:07][INFO] SIM_BRIDGE: Initializing Izhikevich model specifics for 2700 neurons...
[2026-06-13 09:51:07][INFO] SIM_BRIDGE: Applying parameter heterogeneity to neuron parameters...
[2026-06-13 09:51:07][INFO] SIM_BRIDGE: Applied heterogeneity to 4 parameters.
[2026-06-13 09:51:07][INFO] SIM_BRIDGE: Initializing OU process state (tau=15.0ms, sigma=0.0pA)...
[2026-06-13 09:51:07][INFO] SIM_BRIDGE: Generating 3D neuron positions for 2700 neurons...
[2026-06-13 09:51:07][INFO] SIM_BRIDGE: Generating connections (brain-region framework)...
[2026-06-13 09:51:11][INFO] SIM_BRIDGE: inject_explicit_wiring: installed 3887870 synapses across 3 populations.
[2026-06-13 09:51:11][INFO] SIM_BRIDGE: Simulation data initialized for 2700 neurons (3D). Synapses: 3887870. GPU memory: 1.7GB/25.8GB (6.5%)
[2026-06-13 09:53:08][INFO] SIM_BRIDGE: CuPy using GPU: NVIDIA GeForce RTX 3090 (24.0 GB), mempool limit: 80%
[2026-06-13 09:53:08][INFO] SIM_BRIDGE: Initializing simulation data for model: IZHIKEVICH (3D)... (playback_init: False)
[2026-06-13 09:53:08][INFO] SIM_BRIDGE: Brain-region framework: 2 regions, 2700 total neurons, 3 pathways.
[2026-06-13 09:53:08][INFO] SIM_BRIDGE: RNG initialized with seed: 43
[2026-06-13 09:53:08][INFO] SIM_BRIDGE: Initializing Izhikevich model specifics for 2700 neurons...
[2026-06-13 09:53:08][INFO] SIM_BRIDGE: Applying parameter heterogeneity to neuron parameters...
[2026-06-13 09:53:08][INFO] SIM_BRIDGE: Applied heterogeneity to 4 parameters.
[2026-06-13 09:53:08][INFO] SIM_BRIDGE: Initializing OU process state (tau=15.0ms, sigma=0.0pA)...
[2026-06-13 09:53:08][INFO] SIM_BRIDGE: Generating 3D neuron positions for 2700 neurons...
[2026-06-13 09:53:08][INFO] SIM_BRIDGE: Generating connections (brain-region framework)...
[2026-06-13 09:53:12][INFO] SIM_BRIDGE: inject_explicit_wiring: installed 3887870 synapses across 3 populations.
[2026-06-13 09:53:12][INFO] SIM_BRIDGE: Simulation data initialized for 2700 neurons (3D). Synapses: 3887870. GPU memory: 1.7GB/25.8GB (6.5%)
  [  flowers] M1 gen=1.000(4.0x) A2=True A3=True [GO] | M2 P(sim)=+0.791 2nd=+0.530 graded=1 [GO] | G5 collapses=True (perm 2nd=-0.004) | 121s, 3456094 syn
[2026-06-13 09:55:08][INFO] SIM_BRIDGE: CuPy using GPU: NVIDIA GeForce RTX 3090 (24.0 GB), mempool limit: 80%
[2026-06-13 09:55:08][INFO] SIM_BRIDGE: Initializing simulation data for model: IZHIKEVICH (3D)... (playback_init: False)
[2026-06-13 09:55:08][INFO] SIM_BRIDGE: Brain-region framework: 2 regions, 2700 total neurons, 3 pathways.
[2026-06-13 09:55:08][INFO] SIM_BRIDGE: RNG initialized with seed: 43
[2026-06-13 09:55:08][INFO] SIM_BRIDGE: Initializing Izhikevich model specifics for 2700 neurons...
[2026-06-13 09:55:08][INFO] SIM_BRIDGE: Applying parameter heterogeneity to neuron parameters...
[2026-06-13 09:55:08][INFO] SIM_BRIDGE: Applied heterogeneity to 4 parameters.
[2026-06-13 09:55:08][INFO] SIM_BRIDGE: Initializing OU process state (tau=15.0ms, sigma=0.0pA)...
[2026-06-13 09:55:08][INFO] SIM_BRIDGE: Generating 3D neuron positions for 2700 neurons...
[2026-06-13 09:55:08][INFO] SIM_BRIDGE: Generating connections (brain-region framework)...
[2026-06-13 09:55:12][INFO] SIM_BRIDGE: inject_explicit_wiring: installed 3887870 synapses across 3 populations.
[2026-06-13 09:55:12][INFO] SIM_BRIDGE: Simulation data initialized for 2700 neurons (3D). Synapses: 3887870. GPU memory: 1.7GB/25.8GB (6.5%)
[2026-06-13 09:57:10][INFO] SIM_BRIDGE: CuPy using GPU: NVIDIA GeForce RTX 3090 (24.0 GB), mempool limit: 80%
[2026-06-13 09:57:10][INFO] SIM_BRIDGE: Initializing simulation data for model: IZHIKEVICH (3D)... (playback_init: False)
[2026-06-13 09:57:10][INFO] SIM_BRIDGE: Brain-region framework: 2 regions, 2700 total neurons, 3 pathways.
[2026-06-13 09:57:10][INFO] SIM_BRIDGE: RNG initialized with seed: 43
[2026-06-13 09:57:10][INFO] SIM_BRIDGE: Initializing Izhikevich model specifics for 2700 neurons...
[2026-06-13 09:57:10][INFO] SIM_BRIDGE: Applying parameter heterogeneity to neuron parameters...
[2026-06-13 09:57:10][INFO] SIM_BRIDGE: Applied heterogeneity to 4 parameters.
[2026-06-13 09:57:10][INFO] SIM_BRIDGE: Initializing OU process state (tau=15.0ms, sigma=0.0pA)...
[2026-06-13 09:57:10][INFO] SIM_BRIDGE: Generating 3D neuron positions for 2700 neurons...
[2026-06-13 09:57:10][INFO] SIM_BRIDGE: Generating connections (brain-region framework)...
[2026-06-13 09:57:13][INFO] SIM_BRIDGE: inject_explicit_wiring: installed 3887870 synapses across 3 populations.
[2026-06-13 09:57:14][INFO] SIM_BRIDGE: Simulation data initialized for 2700 neurons (3D). Synapses: 3887870. GPU memory: 1.7GB/25.8GB (6.5%)
  [    trees] M1 gen=0.994(4.0x) A2=True A3=True [GO] | M2 P(sim)=+0.745 2nd=+0.510 graded=1 [GO] | G5 collapses=True (perm 2nd=+0.004) | 122s, 3456094 syn
[2026-06-13 09:59:10][INFO] SIM_BRIDGE: CuPy using GPU: NVIDIA GeForce RTX 3090 (24.0 GB), mempool limit: 80%
[2026-06-13 09:59:10][INFO] SIM_BRIDGE: Initializing simulation data for model: IZHIKEVICH (3D)... (playback_init: False)
[2026-06-13 09:59:10][INFO] SIM_BRIDGE: Brain-region framework: 2 regions, 2700 total neurons, 3 pathways.
[2026-06-13 09:59:10][INFO] SIM_BRIDGE: RNG initialized with seed: 43
[2026-06-13 09:59:10][INFO] SIM_BRIDGE: Initializing Izhikevich model specifics for 2700 neurons...
[2026-06-13 09:59:10][INFO] SIM_BRIDGE: Applying parameter heterogeneity to neuron parameters...
[2026-06-13 09:59:10][INFO] SIM_BRIDGE: Applied heterogeneity to 4 parameters.
[2026-06-13 09:59:10][INFO] SIM_BRIDGE: Initializing OU process state (tau=15.0ms, sigma=0.0pA)...
[2026-06-13 09:59:10][INFO] SIM_BRIDGE: Generating 3D neuron positions for 2700 neurons...
[2026-06-13 09:59:10][INFO] SIM_BRIDGE: Generating connections (brain-region framework)...
[2026-06-13 09:59:14][INFO] SIM_BRIDGE: inject_explicit_wiring: installed 3887870 synapses across 3 populations.
[2026-06-13 09:59:14][INFO] SIM_BRIDGE: Simulation data initialized for 2700 neurons (3D). Synapses: 3887870. GPU memory: 1.7GB/25.8GB (6.5%)
[2026-06-13 10:01:13][INFO] SIM_BRIDGE: CuPy using GPU: NVIDIA GeForce RTX 3090 (24.0 GB), mempool limit: 80%
[2026-06-13 10:01:13][INFO] SIM_BRIDGE: Initializing simulation data for model: IZHIKEVICH (3D)... (playback_init: False)
[2026-06-13 10:01:13][INFO] SIM_BRIDGE: Brain-region framework: 2 regions, 2700 total neurons, 3 pathways.
[2026-06-13 10:01:13][INFO] SIM_BRIDGE: RNG initialized with seed: 43
[2026-06-13 10:01:13][INFO] SIM_BRIDGE: Initializing Izhikevich model specifics for 2700 neurons...
[2026-06-13 10:01:13][INFO] SIM_BRIDGE: Applying parameter heterogeneity to neuron parameters...
[2026-06-13 10:01:13][INFO] SIM_BRIDGE: Applied heterogeneity to 4 parameters.
[2026-06-13 10:01:13][INFO] SIM_BRIDGE: Initializing OU process state (tau=15.0ms, sigma=0.0pA)...
[2026-06-13 10:01:13][INFO] SIM_BRIDGE: Generating 3D neuron positions for 2700 neurons...
[2026-06-13 10:01:13][INFO] SIM_BRIDGE: Generating connections (brain-region framework)...
[2026-06-13 10:01:16][INFO] SIM_BRIDGE: inject_explicit_wiring: installed 3887870 synapses across 3 populations.
[2026-06-13 10:01:16][INFO] SIM_BRIDGE: Simulation data initialized for 2700 neurons (3D). Synapses: 3887870. GPU memory: 1.7GB/25.8GB (6.5%)
  [   shapes] M1 gen=1.000(4.0x) A2=True A3=True [GO] | M2 P(sim)=+0.806 2nd=+0.541 graded=1 [GO] | G5 collapses=True (perm 2nd=-0.006) | 123s, 3456094 syn
[2026-06-13 10:03:12][INFO] SIM_BRIDGE: CuPy using GPU: NVIDIA GeForce RTX 3090 (24.0 GB), mempool limit: 80%
[2026-06-13 10:03:12][INFO] SIM_BRIDGE: Initializing simulation data for model: IZHIKEVICH (3D)... (playback_init: False)
[2026-06-13 10:03:12][INFO] SIM_BRIDGE: Brain-region framework: 2 regions, 2700 total neurons, 3 pathways.
[2026-06-13 10:03:12][INFO] SIM_BRIDGE: RNG initialized with seed: 43
[2026-06-13 10:03:12][INFO] SIM_BRIDGE: Initializing Izhikevich model specifics for 2700 neurons...
[2026-06-13 10:03:12][INFO] SIM_BRIDGE: Applying parameter heterogeneity to neuron parameters...
[2026-06-13 10:03:12][INFO] SIM_BRIDGE: Applied heterogeneity to 4 parameters.
[2026-06-13 10:03:12][INFO] SIM_BRIDGE: Initializing OU process state (tau=15.0ms, sigma=0.0pA)...
[2026-06-13 10:03:12][INFO] SIM_BRIDGE: Generating 3D neuron positions for 2700 neurons...
[2026-06-13 10:03:12][INFO] SIM_BRIDGE: Generating connections (brain-region framework)...
[2026-06-13 10:03:15][INFO] SIM_BRIDGE: inject_explicit_wiring: installed 3887870 synapses across 3 populations.
[2026-06-13 10:03:16][INFO] SIM_BRIDGE: Simulation data initialized for 2700 neurons (3D). Synapses: 3887870. GPU memory: 1.7GB/25.8GB (6.5%)
[2026-06-13 10:05:14][INFO] SIM_BRIDGE: CuPy using GPU: NVIDIA GeForce RTX 3090 (24.0 GB), mempool limit: 80%
[2026-06-13 10:05:14][INFO] SIM_BRIDGE: Initializing simulation data for model: IZHIKEVICH (3D)... (playback_init: False)
[2026-06-13 10:05:14][INFO] SIM_BRIDGE: Brain-region framework: 2 regions, 2700 total neurons, 3 pathways.
[2026-06-13 10:05:14][INFO] SIM_BRIDGE: RNG initialized with seed: 43
[2026-06-13 10:05:14][INFO] SIM_BRIDGE: Initializing Izhikevich model specifics for 2700 neurons...
[2026-06-13 10:05:14][INFO] SIM_BRIDGE: Applying parameter heterogeneity to neuron parameters...
[2026-06-13 10:05:14][INFO] SIM_BRIDGE: Applied heterogeneity to 4 parameters.
[2026-06-13 10:05:14][INFO] SIM_BRIDGE: Initializing OU process state (tau=15.0ms, sigma=0.0pA)...
[2026-06-13 10:05:14][INFO] SIM_BRIDGE: Generating 3D neuron positions for 2700 neurons...
[2026-06-13 10:05:14][INFO] SIM_BRIDGE: Generating connections (brain-region framework)...
[2026-06-13 10:05:18][INFO] SIM_BRIDGE: inject_explicit_wiring: installed 3887870 synapses across 3 populations.
[2026-06-13 10:05:18][INFO] SIM_BRIDGE: Simulation data initialized for 2700 neurons (3D). Synapses: 3887870. GPU memory: 1.7GB/25.8GB (6.5%)
  [materials] M1 gen=1.000(4.0x) A2=True A3=True [GO] | M2 P(sim)=+0.771 2nd=+0.525 graded=1 [GO] | G5 collapses=True (perm 2nd=+0.007) | 122s, 3456094 syn
[2026-06-13 10:07:14][INFO] SIM_BRIDGE: CuPy using GPU: NVIDIA GeForce RTX 3090 (24.0 GB), mempool limit: 80%
[2026-06-13 10:07:14][INFO] SIM_BRIDGE: Initializing simulation data for model: IZHIKEVICH (3D)... (playback_init: False)
[2026-06-13 10:07:14][INFO] SIM_BRIDGE: Brain-region framework: 2 regions, 2700 total neurons, 3 pathways.
[2026-06-13 10:07:14][INFO] SIM_BRIDGE: RNG initialized with seed: 43
[2026-06-13 10:07:14][INFO] SIM_BRIDGE: Initializing Izhikevich model specifics for 2700 neurons...
[2026-06-13 10:07:14][INFO] SIM_BRIDGE: Applying parameter heterogeneity to neuron parameters...
[2026-06-13 10:07:14][INFO] SIM_BRIDGE: Applied heterogeneity to 4 parameters.
[2026-06-13 10:07:14][INFO] SIM_BRIDGE: Initializing OU process state (tau=15.0ms, sigma=0.0pA)...
[2026-06-13 10:07:14][INFO] SIM_BRIDGE: Generating 3D neuron positions for 2700 neurons...
[2026-06-13 10:07:14][INFO] SIM_BRIDGE: Generating connections (brain-region framework)...
[2026-06-13 10:07:18][INFO] SIM_BRIDGE: inject_explicit_wiring: installed 3887870 synapses across 3 populations.
[2026-06-13 10:07:18][INFO] SIM_BRIDGE: Simulation data initialized for 2700 neurons (3D). Synapses: 3887870. GPU memory: 1.7GB/25.8GB (6.5%)
[2026-06-13 10:09:15][INFO] SIM_BRIDGE: CuPy using GPU: NVIDIA GeForce RTX 3090 (24.0 GB), mempool limit: 80%
[2026-06-13 10:09:15][INFO] SIM_BRIDGE: Initializing simulation data for model: IZHIKEVICH (3D)... (playback_init: False)
[2026-06-13 10:09:15][INFO] SIM_BRIDGE: Brain-region framework: 2 regions, 2700 total neurons, 3 pathways.
[2026-06-13 10:09:15][INFO] SIM_BRIDGE: RNG initialized with seed: 43
[2026-06-13 10:09:15][INFO] SIM_BRIDGE: Initializing Izhikevich model specifics for 2700 neurons...
[2026-06-13 10:09:15][INFO] SIM_BRIDGE: Applying parameter heterogeneity to neuron parameters...
[2026-06-13 10:09:15][INFO] SIM_BRIDGE: Applied heterogeneity to 4 parameters.
[2026-06-13 10:09:15][INFO] SIM_BRIDGE: Initializing OU process state (tau=15.0ms, sigma=0.0pA)...
[2026-06-13 10:09:15][INFO] SIM_BRIDGE: Generating 3D neuron positions for 2700 neurons...
[2026-06-13 10:09:15][INFO] SIM_BRIDGE: Generating connections (brain-region framework)...
[2026-06-13 10:09:18][INFO] SIM_BRIDGE: inject_explicit_wiring: installed 3887870 synapses across 3 populations.
[2026-06-13 10:09:19][INFO] SIM_BRIDGE: Simulation data initialized for 2700 neurons (3D). Synapses: 3887870. GPU memory: 1.7GB/25.8GB (6.5%)
  [     toys] M1 gen=1.000(4.0x) A2=True A3=True [GO] | M2 P(sim)=+0.816 2nd=+0.540 graded=1 [GO] | G5 collapses=True (perm 2nd=+0.003) | 121s, 3456094 syn
[2026-06-13 10:11:14][INFO] SIM_BRIDGE: CuPy using GPU: NVIDIA GeForce RTX 3090 (24.0 GB), mempool limit: 80%
[2026-06-13 10:11:14][INFO] SIM_BRIDGE: Initializing simulation data for model: IZHIKEVICH (3D)... (playback_init: False)
[2026-06-13 10:11:14][INFO] SIM_BRIDGE: Brain-region framework: 2 regions, 2700 total neurons, 3 pathways.
[2026-06-13 10:11:14][INFO] SIM_BRIDGE: RNG initialized with seed: 43
[2026-06-13 10:11:14][INFO] SIM_BRIDGE: Initializing Izhikevich model specifics for 2700 neurons...
[2026-06-13 10:11:14][INFO] SIM_BRIDGE: Applying parameter heterogeneity to neuron parameters...
[2026-06-13 10:11:14][INFO] SIM_BRIDGE: Applied heterogeneity to 4 parameters.
[2026-06-13 10:11:14][INFO] SIM_BRIDGE: Initializing OU process state (tau=15.0ms, sigma=0.0pA)...
[2026-06-13 10:11:14][INFO] SIM_BRIDGE: Generating 3D neuron positions for 2700 neurons...
[2026-06-13 10:11:14][INFO] SIM_BRIDGE: Generating connections (brain-region framework)...
[2026-06-13 10:11:18][INFO] SIM_BRIDGE: inject_explicit_wiring: installed 3887870 synapses across 3 populations.
[2026-06-13 10:11:18][INFO] SIM_BRIDGE: Simulation data initialized for 2700 neurons (3D). Synapses: 3887870. GPU memory: 1.7GB/25.8GB (6.5%)
[2026-06-13 10:13:14][INFO] SIM_BRIDGE: CuPy using GPU: NVIDIA GeForce RTX 3090 (24.0 GB), mempool limit: 80%
[2026-06-13 10:13:14][INFO] SIM_BRIDGE: Initializing simulation data for model: IZHIKEVICH (3D)... (playback_init: False)
[2026-06-13 10:13:14][INFO] SIM_BRIDGE: Brain-region framework: 2 regions, 2700 total neurons, 3 pathways.
[2026-06-13 10:13:14][INFO] SIM_BRIDGE: RNG initialized with seed: 43
[2026-06-13 10:13:14][INFO] SIM_BRIDGE: Initializing Izhikevich model specifics for 2700 neurons...
[2026-06-13 10:13:14][INFO] SIM_BRIDGE: Applying parameter heterogeneity to neuron parameters...
[2026-06-13 10:13:14][INFO] SIM_BRIDGE: Applied heterogeneity to 4 parameters.
[2026-06-13 10:13:14][INFO] SIM_BRIDGE: Initializing OU process state (tau=15.0ms, sigma=0.0pA)...
[2026-06-13 10:13:14][INFO] SIM_BRIDGE: Generating 3D neuron positions for 2700 neurons...
[2026-06-13 10:13:14][INFO] SIM_BRIDGE: Generating connections (brain-region framework)...
[2026-06-13 10:13:18][INFO] SIM_BRIDGE: inject_explicit_wiring: installed 3887870 synapses across 3 populations.
[2026-06-13 10:13:18][INFO] SIM_BRIDGE: Simulation data initialized for 2700 neurons (3D). Synapses: 3887870. GPU memory: 1.7GB/25.8GB (6.5%)
  [     gems] M1 gen=1.000(4.0x) A2=True A3=True [GO] | M2 P(sim)=+0.771 2nd=+0.532 graded=1 [GO] | G5 collapses=True (perm 2nd=+0.005) | 120s, 3456094 syn
[2026-06-13 10:15:13][INFO] SIM_BRIDGE: CuPy using GPU: NVIDIA GeForce RTX 3090 (24.0 GB), mempool limit: 80%
[2026-06-13 10:15:13][INFO] SIM_BRIDGE: Initializing simulation data for model: IZHIKEVICH (3D)... (playback_init: False)
[2026-06-13 10:15:13][INFO] SIM_BRIDGE: Brain-region framework: 2 regions, 2700 total neurons, 3 pathways.
[2026-06-13 10:15:13][INFO] SIM_BRIDGE: RNG initialized with seed: 43
[2026-06-13 10:15:13][INFO] SIM_BRIDGE: Initializing Izhikevich model specifics for 2700 neurons...
[2026-06-13 10:15:13][INFO] SIM_BRIDGE: Applying parameter heterogeneity to neuron parameters...
[2026-06-13 10:15:13][INFO] SIM_BRIDGE: Applied heterogeneity to 4 parameters.
[2026-06-13 10:15:13][INFO] SIM_BRIDGE: Initializing OU process state (tau=15.0ms, sigma=0.0pA)...
[2026-06-13 10:15:13][INFO] SIM_BRIDGE: Generating 3D neuron positions for 2700 neurons...
[2026-06-13 10:15:13][INFO] SIM_BRIDGE: Generating connections (brain-region framework)...
[2026-06-13 10:15:17][INFO] SIM_BRIDGE: inject_explicit_wiring: installed 3887870 synapses across 3 populations.
[2026-06-13 10:15:17][INFO] SIM_BRIDGE: Simulation data initialized for 2700 neurons (3D). Synapses: 3887870. GPU memory: 1.7GB/25.8GB (6.5%)
[2026-06-13 10:17:13][INFO] SIM_BRIDGE: CuPy using GPU: NVIDIA GeForce RTX 3090 (24.0 GB), mempool limit: 80%
[2026-06-13 10:17:13][INFO] SIM_BRIDGE: Initializing simulation data for model: IZHIKEVICH (3D)... (playback_init: False)
[2026-06-13 10:17:13][INFO] SIM_BRIDGE: Brain-region framework: 2 regions, 2700 total neurons, 3 pathways.
[2026-06-13 10:17:13][INFO] SIM_BRIDGE: RNG initialized with seed: 43
[2026-06-13 10:17:13][INFO] SIM_BRIDGE: Initializing Izhikevich model specifics for 2700 neurons...
[2026-06-13 10:17:13][INFO] SIM_BRIDGE: Applying parameter heterogeneity to neuron parameters...
[2026-06-13 10:17:13][INFO] SIM_BRIDGE: Applied heterogeneity to 4 parameters.
[2026-06-13 10:17:13][INFO] SIM_BRIDGE: Initializing OU process state (tau=15.0ms, sigma=0.0pA)...
[2026-06-13 10:17:13][INFO] SIM_BRIDGE: Generating 3D neuron positions for 2700 neurons...
[2026-06-13 10:17:13][INFO] SIM_BRIDGE: Generating connections (brain-region framework)...
[2026-06-13 10:17:17][INFO] SIM_BRIDGE: inject_explicit_wiring: installed 3887870 synapses across 3 populations.
[2026-06-13 10:17:17][INFO] SIM_BRIDGE: Simulation data initialized for 2700 neurons (3D). Synapses: 3887870. GPU memory: 1.7GB/25.8GB (6.5%)
  [  planets] M1 gen=1.000(4.0x) A2=True A3=True [GO] | M2 P(sim)=+0.743 2nd=+0.515 graded=1 [GO] | G5 collapses=True (perm 2nd=-0.001) | 120s, 3456094 syn
[2026-06-13 10:19:14][INFO] SIM_BRIDGE: CuPy using GPU: NVIDIA GeForce RTX 3090 (24.0 GB), mempool limit: 80%
[2026-06-13 10:19:14][INFO] SIM_BRIDGE: Initializing simulation data for model: IZHIKEVICH (3D)... (playback_init: False)
[2026-06-13 10:19:14][INFO] SIM_BRIDGE: Brain-region framework: 2 regions, 2700 total neurons, 3 pathways.
[2026-06-13 10:19:14][INFO] SIM_BRIDGE: RNG initialized with seed: 43
[2026-06-13 10:19:14][INFO] SIM_BRIDGE: Initializing Izhikevich model specifics for 2700 neurons...
[2026-06-13 10:19:14][INFO] SIM_BRIDGE: Applying parameter heterogeneity to neuron parameters...
[2026-06-13 10:19:14][INFO] SIM_BRIDGE: Applied heterogeneity to 4 parameters.
[2026-06-13 10:19:14][INFO] SIM_BRIDGE: Initializing OU process state (tau=15.0ms, sigma=0.0pA)...
[2026-06-13 10:19:14][INFO] SIM_BRIDGE: Generating 3D neuron positions for 2700 neurons...
[2026-06-13 10:19:14][INFO] SIM_BRIDGE: Generating connections (brain-region framework)...
[2026-06-13 10:19:17][INFO] SIM_BRIDGE: inject_explicit_wiring: installed 3887870 synapses across 3 populations.
[2026-06-13 10:19:18][INFO] SIM_BRIDGE: Simulation data initialized for 2700 neurons (3D). Synapses: 3887870. GPU memory: 1.7GB/25.8GB (6.5%)
[2026-06-13 10:21:15][INFO] SIM_BRIDGE: CuPy using GPU: NVIDIA GeForce RTX 3090 (24.0 GB), mempool limit: 80%
[2026-06-13 10:21:15][INFO] SIM_BRIDGE: Initializing simulation data for model: IZHIKEVICH (3D)... (playback_init: False)
[2026-06-13 10:21:15][INFO] SIM_BRIDGE: Brain-region framework: 2 regions, 2700 total neurons, 3 pathways.
[2026-06-13 10:21:15][INFO] SIM_BRIDGE: RNG initialized with seed: 43
[2026-06-13 10:21:15][INFO] SIM_BRIDGE: Initializing Izhikevich model specifics for 2700 neurons...
[2026-06-13 10:21:15][INFO] SIM_BRIDGE: Applying parameter heterogeneity to neuron parameters...
[2026-06-13 10:21:15][INFO] SIM_BRIDGE: Applied heterogeneity to 4 parameters.
[2026-06-13 10:21:15][INFO] SIM_BRIDGE: Initializing OU process state (tau=15.0ms, sigma=0.0pA)...
[2026-06-13 10:21:15][INFO] SIM_BRIDGE: Generating 3D neuron positions for 2700 neurons...
[2026-06-13 10:21:15][INFO] SIM_BRIDGE: Generating connections (brain-region framework)...
[2026-06-13 10:21:19][INFO] SIM_BRIDGE: inject_explicit_wiring: installed 3887870 synapses across 3 populations.
[2026-06-13 10:21:19][INFO] SIM_BRIDGE: Simulation data initialized for 2700 neurons (3D). Synapses: 3887870. GPU memory: 1.7GB/25.8GB (6.5%)
  [languages] M1 gen=1.000(4.0x) A2=True A3=True [GO] | M2 P(sim)=+0.781 2nd=+0.535 graded=1 [GO] | G5 collapses=True (perm 2nd=+0.005) | 121s, 3456094 syn
[2026-06-13 10:23:15][INFO] SIM_BRIDGE: CuPy using GPU: NVIDIA GeForce RTX 3090 (24.0 GB), mempool limit: 80%
[2026-06-13 10:23:15][INFO] SIM_BRIDGE: Initializing simulation data for model: IZHIKEVICH (3D)... (playback_init: False)
[2026-06-13 10:23:15][INFO] SIM_BRIDGE: Brain-region framework: 2 regions, 2700 total neurons, 3 pathways.
[2026-06-13 10:23:15][INFO] SIM_BRIDGE: RNG initialized with seed: 43
[2026-06-13 10:23:15][INFO] SIM_BRIDGE: Initializing Izhikevich model specifics for 2700 neurons...
[2026-06-13 10:23:15][INFO] SIM_BRIDGE: Applying parameter heterogeneity to neuron parameters...
[2026-06-13 10:23:15][INFO] SIM_BRIDGE: Applied heterogeneity to 4 parameters.
[2026-06-13 10:23:15][INFO] SIM_BRIDGE: Initializing OU process state (tau=15.0ms, sigma=0.0pA)...
[2026-06-13 10:23:15][INFO] SIM_BRIDGE: Generating 3D neuron positions for 2700 neurons...
[2026-06-13 10:23:15][INFO] SIM_BRIDGE: Generating connections (brain-region framework)...
[2026-06-13 10:23:19][INFO] SIM_BRIDGE: inject_explicit_wiring: installed 3887870 synapses across 3 populations.
[2026-06-13 10:23:19][INFO] SIM_BRIDGE: Simulation data initialized for 2700 neurons (3D). Synapses: 3887870. GPU memory: 1.7GB/25.8GB (6.5%)
[2026-06-13 10:25:16][INFO] SIM_BRIDGE: CuPy using GPU: NVIDIA GeForce RTX 3090 (24.0 GB), mempool limit: 80%
[2026-06-13 10:25:16][INFO] SIM_BRIDGE: Initializing simulation data for model: IZHIKEVICH (3D)... (playback_init: False)
[2026-06-13 10:25:16][INFO] SIM_BRIDGE: Brain-region framework: 2 regions, 2700 total neurons, 3 pathways.
[2026-06-13 10:25:16][INFO] SIM_BRIDGE: RNG initialized with seed: 43
[2026-06-13 10:25:16][INFO] SIM_BRIDGE: Initializing Izhikevich model specifics for 2700 neurons...
[2026-06-13 10:25:16][INFO] SIM_BRIDGE: Applying parameter heterogeneity to neuron parameters...
[2026-06-13 10:25:16][INFO] SIM_BRIDGE: Applied heterogeneity to 4 parameters.
[2026-06-13 10:25:16][INFO] SIM_BRIDGE: Initializing OU process state (tau=15.0ms, sigma=0.0pA)...
[2026-06-13 10:25:16][INFO] SIM_BRIDGE: Generating 3D neuron positions for 2700 neurons...
[2026-06-13 10:25:16][INFO] SIM_BRIDGE: Generating connections (brain-region framework)...
[2026-06-13 10:25:20][INFO] SIM_BRIDGE: inject_explicit_wiring: installed 3887870 synapses across 3 populations.
[2026-06-13 10:25:20][INFO] SIM_BRIDGE: Simulation data initialized for 2700 neurons (3D). Synapses: 3887870. GPU memory: 1.7GB/25.8GB (6.5%)
  [   dances] M1 gen=1.000(4.0x) A2=True A3=True [GO] | M2 P(sim)=+0.781 2nd=+0.536 graded=1 [GO] | G5 collapses=True (perm 2nd=+0.005) | 121s, 3456094 syn
[2026-06-13 10:27:15][INFO] SIM_BRIDGE: CuPy using GPU: NVIDIA GeForce RTX 3090 (24.0 GB), mempool limit: 80%
[2026-06-13 10:27:15][INFO] SIM_BRIDGE: Initializing simulation data for model: IZHIKEVICH (3D)... (playback_init: False)
[2026-06-13 10:27:15][INFO] SIM_BRIDGE: Brain-region framework: 2 regions, 2700 total neurons, 3 pathways.
[2026-06-13 10:27:15][INFO] SIM_BRIDGE: RNG initialized with seed: 43
[2026-06-13 10:27:15][INFO] SIM_BRIDGE: Initializing Izhikevich model specifics for 2700 neurons...
[2026-06-13 10:27:15][INFO] SIM_BRIDGE: Applying parameter heterogeneity to neuron parameters...
[2026-06-13 10:27:15][INFO] SIM_BRIDGE: Applied heterogeneity to 4 parameters.
[2026-06-13 10:27:15][INFO] SIM_BRIDGE: Initializing OU process state (tau=15.0ms, sigma=0.0pA)...
[2026-06-13 10:27:15][INFO] SIM_BRIDGE: Generating 3D neuron positions for 2700 neurons...
[2026-06-13 10:27:15][INFO] SIM_BRIDGE: Generating connections (brain-region framework)...
[2026-06-13 10:27:19][INFO] SIM_BRIDGE: inject_explicit_wiring: installed 3887870 synapses across 3 populations.
[2026-06-13 10:27:19][INFO] SIM_BRIDGE: Simulation data initialized for 2700 neurons (3D). Synapses: 3887870. GPU memory: 1.7GB/25.8GB (6.5%)
[2026-06-13 10:29:16][INFO] SIM_BRIDGE: CuPy using GPU: NVIDIA GeForce RTX 3090 (24.0 GB), mempool limit: 80%
[2026-06-13 10:29:16][INFO] SIM_BRIDGE: Initializing simulation data for model: IZHIKEVICH (3D)... (playback_init: False)
[2026-06-13 10:29:16][INFO] SIM_BRIDGE: Brain-region framework: 2 regions, 2700 total neurons, 3 pathways.
[2026-06-13 10:29:16][INFO] SIM_BRIDGE: RNG initialized with seed: 43
[2026-06-13 10:29:16][INFO] SIM_BRIDGE: Initializing Izhikevich model specifics for 2700 neurons...
[2026-06-13 10:29:16][INFO] SIM_BRIDGE: Applying parameter heterogeneity to neuron parameters...
[2026-06-13 10:29:16][INFO] SIM_BRIDGE: Applied heterogeneity to 4 parameters.
[2026-06-13 10:29:16][INFO] SIM_BRIDGE: Initializing OU process state (tau=15.0ms, sigma=0.0pA)...
[2026-06-13 10:29:16][INFO] SIM_BRIDGE: Generating 3D neuron positions for 2700 neurons...
[2026-06-13 10:29:16][INFO] SIM_BRIDGE: Generating connections (brain-region framework)...
[2026-06-13 10:29:20][INFO] SIM_BRIDGE: inject_explicit_wiring: installed 3887870 synapses across 3 populations.
[2026-06-13 10:29:20][INFO] SIM_BRIDGE: Simulation data initialized for 2700 neurons (3D). Synapses: 3887870. GPU memory: 1.7GB/25.8GB (6.5%)
  [vegetables] M1 gen=1.000(4.0x) A2=True A3=True [GO] | M2 P(sim)=+0.773 2nd=+0.527 graded=1 [GO] | G5 collapses=True (perm 2nd=+0.001) | 121s, 3456094 syn

  M6 -- random-shard anti-cheat (within-bridge generalization MUST collapse)
[2026-06-13 10:31:15][INFO] SIM_BRIDGE: CuPy using GPU: NVIDIA GeForce RTX 3090 (24.0 GB), mempool limit: 80%
[2026-06-13 10:31:15][INFO] SIM_BRIDGE: Initializing simulation data for model: IZHIKEVICH (3D)... (playback_init: False)
[2026-06-13 10:31:15][INFO] SIM_BRIDGE: Brain-region framework: 2 regions, 2700 total neurons, 3 pathways.
[2026-06-13 10:31:15][INFO] SIM_BRIDGE: RNG initialized with seed: 43
[2026-06-13 10:31:15][INFO] SIM_BRIDGE: Initializing Izhikevich model specifics for 2700 neurons...
[2026-06-13 10:31:15][INFO] SIM_BRIDGE: Applying parameter heterogeneity to neuron parameters...
[2026-06-13 10:31:15][INFO] SIM_BRIDGE: Applied heterogeneity to 4 parameters.
[2026-06-13 10:31:15][INFO] SIM_BRIDGE: Initializing OU process state (tau=15.0ms, sigma=0.0pA)...
[2026-06-13 10:31:15][INFO] SIM_BRIDGE: Generating 3D neuron positions for 2700 neurons...
[2026-06-13 10:31:15][INFO] SIM_BRIDGE: Generating connections (brain-region framework)...
[2026-06-13 10:31:19][INFO] SIM_BRIDGE: inject_explicit_wiring: installed 3887870 synapses across 3 populations.
[2026-06-13 10:31:19][INFO] SIM_BRIDGE: Simulation data initialized for 2700 neurons (3D). Synapses: 3887870. GPU memory: 1.7GB/25.8GB (6.5%)
    random-shard gen=0.150 (chance 0.250) collapses=True

  [authored 96 cross-bridge facts] e.g. [('emotions.c4_m4', 'insects.c7_m1'), ('fish.c4_m0', 'dances.c4_m1'), ('trees.c4_m1', 'tools.c4_m3')]

  ----------------------------------------------------------------------------------------
  M3/M7 -- cross-bridge composition (V-tag layer over the graded `pool` regions)
  ----------------------------------------------------------------------------------------
[2026-06-13 10:31:20][INFO] SIM_BRIDGE: CuPy using GPU: NVIDIA GeForce RTX 3090 (24.0 GB), mempool limit: 80%
[2026-06-13 10:31:20][INFO] SIM_BRIDGE: Initializing simulation data for model: IZHIKEVICH (3D)... (playback_init: False)
[2026-06-13 10:31:20][INFO] SIM_BRIDGE: Brain-region framework: 2 regions, 2700 total neurons, 3 pathways.
[2026-06-13 10:31:20][INFO] SIM_BRIDGE: RNG initialized with seed: 43
[2026-06-13 10:31:20][INFO] SIM_BRIDGE: Initializing Izhikevich model specifics for 2700 neurons...
[2026-06-13 10:31:20][INFO] SIM_BRIDGE: Applying parameter heterogeneity to neuron parameters...
[2026-06-13 10:31:20][INFO] SIM_BRIDGE: Applied heterogeneity to 4 parameters.
[2026-06-13 10:31:20][INFO] SIM_BRIDGE: Initializing OU process state (tau=15.0ms, sigma=0.0pA)...
[2026-06-13 10:31:20][INFO] SIM_BRIDGE: Generating 3D neuron positions for 2700 neurons...
[2026-06-13 10:31:20][INFO] SIM_BRIDGE: Generating connections (brain-region framework)...
[2026-06-13 10:31:24][INFO] SIM_BRIDGE: inject_explicit_wiring: installed 3887870 synapses across 3 populations.
[2026-06-13 10:31:24][INFO] SIM_BRIDGE: Simulation data initialized for 2700 neurons (3D). Synapses: 3887870. GPU memory: 1.7GB/25.8GB (6.5%)
    [built+trained   animals graded bridge: 2700 neurons]
[2026-06-13 10:33:20][INFO] SIM_BRIDGE: CuPy using GPU: NVIDIA GeForce RTX 3090 (24.0 GB), mempool limit: 80%
[2026-06-13 10:33:20][INFO] SIM_BRIDGE: Initializing simulation data for model: IZHIKEVICH (3D)... (playback_init: False)
[2026-06-13 10:33:20][INFO] SIM_BRIDGE: Brain-region framework: 2 regions, 2700 total neurons, 3 pathways.
[2026-06-13 10:33:20][INFO] SIM_BRIDGE: RNG initialized with seed: 43
[2026-06-13 10:33:20][INFO] SIM_BRIDGE: Initializing Izhikevich model specifics for 2700 neurons...
[2026-06-13 10:33:20][INFO] SIM_BRIDGE: Applying parameter heterogeneity to neuron parameters...
[2026-06-13 10:33:20][INFO] SIM_BRIDGE: Applied heterogeneity to 4 parameters.
[2026-06-13 10:33:20][INFO] SIM_BRIDGE: Initializing OU process state (tau=15.0ms, sigma=0.0pA)...
[2026-06-13 10:33:20][INFO] SIM_BRIDGE: Generating 3D neuron positions for 2700 neurons...
[2026-06-13 10:33:20][INFO] SIM_BRIDGE: Generating connections (brain-region framework)...
[2026-06-13 10:33:23][INFO] SIM_BRIDGE: inject_explicit_wiring: installed 3887870 synapses across 3 populations.
[2026-06-13 10:33:23][INFO] SIM_BRIDGE: Simulation data initialized for 2700 neurons (3D). Synapses: 3887870. GPU memory: 1.8GB/25.8GB (7.2%)
    [built+trained     foods graded bridge: 2700 neurons]
[2026-06-13 10:35:21][INFO] SIM_BRIDGE: CuPy using GPU: NVIDIA GeForce RTX 3090 (24.0 GB), mempool limit: 80%
[2026-06-13 10:35:21][INFO] SIM_BRIDGE: Initializing simulation data for model: IZHIKEVICH (3D)... (playback_init: False)
[2026-06-13 10:35:21][INFO] SIM_BRIDGE: Brain-region framework: 2 regions, 2700 total neurons, 3 pathways.
[2026-06-13 10:35:21][INFO] SIM_BRIDGE: RNG initialized with seed: 43
[2026-06-13 10:35:21][INFO] SIM_BRIDGE: Initializing Izhikevich model specifics for 2700 neurons...
[2026-06-13 10:35:21][INFO] SIM_BRIDGE: Applying parameter heterogeneity to neuron parameters...
[2026-06-13 10:35:21][INFO] SIM_BRIDGE: Applied heterogeneity to 4 parameters.
[2026-06-13 10:35:21][INFO] SIM_BRIDGE: Initializing OU process state (tau=15.0ms, sigma=0.0pA)...
[2026-06-13 10:35:21][INFO] SIM_BRIDGE: Generating 3D neuron positions for 2700 neurons...
[2026-06-13 10:35:21][INFO] SIM_BRIDGE: Generating connections (brain-region framework)...
[2026-06-13 10:35:25][INFO] SIM_BRIDGE: inject_explicit_wiring: installed 3887870 synapses across 3 populations.
[2026-06-13 10:35:25][INFO] SIM_BRIDGE: Simulation data initialized for 2700 neurons (3D). Synapses: 3887870. GPU memory: 2.1GB/25.8GB (8.1%)
    [built+trained  vehicles graded bridge: 2700 neurons]
[2026-06-13 10:37:24][INFO] SIM_BRIDGE: CuPy using GPU: NVIDIA GeForce RTX 3090 (24.0 GB), mempool limit: 80%
[2026-06-13 10:37:24][INFO] SIM_BRIDGE: Initializing simulation data for model: IZHIKEVICH (3D)... (playback_init: False)
[2026-06-13 10:37:24][INFO] SIM_BRIDGE: Brain-region framework: 2 regions, 2700 total neurons, 3 pathways.
[2026-06-13 10:37:24][INFO] SIM_BRIDGE: RNG initialized with seed: 43
[2026-06-13 10:37:24][INFO] SIM_BRIDGE: Initializing Izhikevich model specifics for 2700 neurons...
[2026-06-13 10:37:24][INFO] SIM_BRIDGE: Applying parameter heterogeneity to neuron parameters...
[2026-06-13 10:37:24][INFO] SIM_BRIDGE: Applied heterogeneity to 4 parameters.
[2026-06-13 10:37:24][INFO] SIM_BRIDGE: Initializing OU process state (tau=15.0ms, sigma=0.0pA)...
[2026-06-13 10:37:24][INFO] SIM_BRIDGE: Generating 3D neuron positions for 2700 neurons...
[2026-06-13 10:37:24][INFO] SIM_BRIDGE: Generating connections (brain-region framework)...
[2026-06-13 10:37:28][INFO] SIM_BRIDGE: inject_explicit_wiring: installed 3887870 synapses across 3 populations.
[2026-06-13 10:37:28][INFO] SIM_BRIDGE: Simulation data initialized for 2700 neurons (3D). Synapses: 3887870. GPU memory: 2.3GB/25.8GB (8.9%)
    [built+trained     tools graded bridge: 2700 neurons]
[2026-06-13 10:39:26][INFO] SIM_BRIDGE: CuPy using GPU: NVIDIA GeForce RTX 3090 (24.0 GB), mempool limit: 80%
[2026-06-13 10:39:26][INFO] SIM_BRIDGE: Initializing simulation data for model: IZHIKEVICH (3D)... (playback_init: False)
[2026-06-13 10:39:26][INFO] SIM_BRIDGE: Brain-region framework: 2 regions, 2700 total neurons, 3 pathways.
[2026-06-13 10:39:26][INFO] SIM_BRIDGE: RNG initialized with seed: 43
[2026-06-13 10:39:26][INFO] SIM_BRIDGE: Initializing Izhikevich model specifics for 2700 neurons...
[2026-06-13 10:39:26][INFO] SIM_BRIDGE: Applying parameter heterogeneity to neuron parameters...
[2026-06-13 10:39:26][INFO] SIM_BRIDGE: Applied heterogeneity to 4 parameters.
[2026-06-13 10:39:26][INFO] SIM_BRIDGE: Initializing OU process state (tau=15.0ms, sigma=0.0pA)...
[2026-06-13 10:39:26][INFO] SIM_BRIDGE: Generating 3D neuron positions for 2700 neurons...
[2026-06-13 10:39:26][INFO] SIM_BRIDGE: Generating connections (brain-region framework)...
[2026-06-13 10:39:30][INFO] SIM_BRIDGE: inject_explicit_wiring: installed 3887870 synapses across 3 populations.
[2026-06-13 10:39:30][INFO] SIM_BRIDGE: Simulation data initialized for 2700 neurons (3D). Synapses: 3887870. GPU memory: 2.5GB/25.8GB (9.8%)
    [built+trained   clothes graded bridge: 2700 neurons]
[2026-06-13 10:41:29][INFO] SIM_BRIDGE: CuPy using GPU: NVIDIA GeForce RTX 3090 (24.0 GB), mempool limit: 80%
[2026-06-13 10:41:29][INFO] SIM_BRIDGE: Initializing simulation data for model: IZHIKEVICH (3D)... (playback_init: False)
[2026-06-13 10:41:29][INFO] SIM_BRIDGE: Brain-region framework: 2 regions, 2700 total neurons, 3 pathways.
[2026-06-13 10:41:29][INFO] SIM_BRIDGE: RNG initialized with seed: 43
[2026-06-13 10:41:29][INFO] SIM_BRIDGE: Initializing Izhikevich model specifics for 2700 neurons...
[2026-06-13 10:41:29][INFO] SIM_BRIDGE: Applying parameter heterogeneity to neuron parameters...
[2026-06-13 10:41:29][INFO] SIM_BRIDGE: Applied heterogeneity to 4 parameters.
[2026-06-13 10:41:29][INFO] SIM_BRIDGE: Initializing OU process state (tau=15.0ms, sigma=0.0pA)...
[2026-06-13 10:41:29][INFO] SIM_BRIDGE: Generating 3D neuron positions for 2700 neurons...
[2026-06-13 10:41:29][INFO] SIM_BRIDGE: Generating connections (brain-region framework)...
[2026-06-13 10:41:33][INFO] SIM_BRIDGE: inject_explicit_wiring: installed 3887870 synapses across 3 populations.
[2026-06-13 10:41:33][INFO] SIM_BRIDGE: Simulation data initialized for 2700 neurons (3D). Synapses: 3887870. GPU memory: 2.7GB/25.8GB (10.6%)
    [built+trained furniture graded bridge: 2700 neurons]
[2026-06-13 10:43:30][INFO] SIM_BRIDGE: CuPy using GPU: NVIDIA GeForce RTX 3090 (24.0 GB), mempool limit: 80%
[2026-06-13 10:43:30][INFO] SIM_BRIDGE: Initializing simulation data for model: IZHIKEVICH (3D)... (playback_init: False)
[2026-06-13 10:43:30][INFO] SIM_BRIDGE: Brain-region framework: 2 regions, 2700 total neurons, 3 pathways.
[2026-06-13 10:43:30][INFO] SIM_BRIDGE: RNG initialized with seed: 43
[2026-06-13 10:43:30][INFO] SIM_BRIDGE: Initializing Izhikevich model specifics for 2700 neurons...
[2026-06-13 10:43:30][INFO] SIM_BRIDGE: Applying parameter heterogeneity to neuron parameters...
[2026-06-13 10:43:30][INFO] SIM_BRIDGE: Applied heterogeneity to 4 parameters.
[2026-06-13 10:43:30][INFO] SIM_BRIDGE: Initializing OU process state (tau=15.0ms, sigma=0.0pA)...
[2026-06-13 10:43:30][INFO] SIM_BRIDGE: Generating 3D neuron positions for 2700 neurons...
[2026-06-13 10:43:30][INFO] SIM_BRIDGE: Generating connections (brain-region framework)...
[2026-06-13 10:43:34][INFO] SIM_BRIDGE: inject_explicit_wiring: installed 3887870 synapses across 3 populations.
[2026-06-13 10:43:34][INFO] SIM_BRIDGE: Simulation data initialized for 2700 neurons (3D). Synapses: 3887870. GPU memory: 3.0GB/25.8GB (11.5%)
    [built+trained    plants graded bridge: 2700 neurons]
[2026-06-13 10:45:31][INFO] SIM_BRIDGE: CuPy using GPU: NVIDIA GeForce RTX 3090 (24.0 GB), mempool limit: 80%
[2026-06-13 10:45:31][INFO] SIM_BRIDGE: Initializing simulation data for model: IZHIKEVICH (3D)... (playback_init: False)
[2026-06-13 10:45:31][INFO] SIM_BRIDGE: Brain-region framework: 2 regions, 2700 total neurons, 3 pathways.
[2026-06-13 10:45:31][INFO] SIM_BRIDGE: RNG initialized with seed: 43
[2026-06-13 10:45:31][INFO] SIM_BRIDGE: Initializing Izhikevich model specifics for 2700 neurons...
[2026-06-13 10:45:31][INFO] SIM_BRIDGE: Applying parameter heterogeneity to neuron parameters...
[2026-06-13 10:45:31][INFO] SIM_BRIDGE: Applied heterogeneity to 4 parameters.
[2026-06-13 10:45:31][INFO] SIM_BRIDGE: Initializing OU process state (tau=15.0ms, sigma=0.0pA)...
[2026-06-13 10:45:31][INFO] SIM_BRIDGE: Generating 3D neuron positions for 2700 neurons...
[2026-06-13 10:45:31][INFO] SIM_BRIDGE: Generating connections (brain-region framework)...
[2026-06-13 10:45:35][INFO] SIM_BRIDGE: inject_explicit_wiring: installed 3887870 synapses across 3 populations.
[2026-06-13 10:45:35][INFO] SIM_BRIDGE: Simulation data initialized for 2700 neurons (3D). Synapses: 3887870. GPU memory: 3.2GB/25.8GB (12.3%)
    [built+trained   weather graded bridge: 2700 neurons]
[2026-06-13 10:47:33][INFO] SIM_BRIDGE: CuPy using GPU: NVIDIA GeForce RTX 3090 (24.0 GB), mempool limit: 80%
[2026-06-13 10:47:33][INFO] SIM_BRIDGE: Initializing simulation data for model: IZHIKEVICH (3D)... (playback_init: False)
[2026-06-13 10:47:33][INFO] SIM_BRIDGE: Brain-region framework: 2 regions, 2700 total neurons, 3 pathways.
[2026-06-13 10:47:33][INFO] SIM_BRIDGE: RNG initialized with seed: 43
[2026-06-13 10:47:33][INFO] SIM_BRIDGE: Initializing Izhikevich model specifics for 2700 neurons...
[2026-06-13 10:47:33][INFO] SIM_BRIDGE: Applying parameter heterogeneity to neuron parameters...
[2026-06-13 10:47:33][INFO] SIM_BRIDGE: Applied heterogeneity to 4 parameters.
[2026-06-13 10:47:33][INFO] SIM_BRIDGE: Initializing OU process state (tau=15.0ms, sigma=0.0pA)...
[2026-06-13 10:47:33][INFO] SIM_BRIDGE: Generating 3D neuron positions for 2700 neurons...
[2026-06-13 10:47:33][INFO] SIM_BRIDGE: Generating connections (brain-region framework)...
[2026-06-13 10:47:37][INFO] SIM_BRIDGE: inject_explicit_wiring: installed 3887870 synapses across 3 populations.
[2026-06-13 10:47:37][INFO] SIM_BRIDGE: Simulation data initialized for 2700 neurons (3D). Synapses: 3887870. GPU memory: 3.4GB/25.8GB (13.2%)
    [built+trained body_parts graded bridge: 2700 neurons]
[2026-06-13 10:49:35][INFO] SIM_BRIDGE: CuPy using GPU: NVIDIA GeForce RTX 3090 (24.0 GB), mempool limit: 80%
[2026-06-13 10:49:35][INFO] SIM_BRIDGE: Initializing simulation data for model: IZHIKEVICH (3D)... (playback_init: False)
[2026-06-13 10:49:35][INFO] SIM_BRIDGE: Brain-region framework: 2 regions, 2700 total neurons, 3 pathways.
[2026-06-13 10:49:35][INFO] SIM_BRIDGE: RNG initialized with seed: 43
[2026-06-13 10:49:35][INFO] SIM_BRIDGE: Initializing Izhikevich model specifics for 2700 neurons...
[2026-06-13 10:49:35][INFO] SIM_BRIDGE: Applying parameter heterogeneity to neuron parameters...
[2026-06-13 10:49:35][INFO] SIM_BRIDGE: Applied heterogeneity to 4 parameters.
[2026-06-13 10:49:35][INFO] SIM_BRIDGE: Initializing OU process state (tau=15.0ms, sigma=0.0pA)...
[2026-06-13 10:49:35][INFO] SIM_BRIDGE: Generating 3D neuron positions for 2700 neurons...
[2026-06-13 10:49:35][INFO] SIM_BRIDGE: Generating connections (brain-region framework)...
[2026-06-13 10:49:39][INFO] SIM_BRIDGE: inject_explicit_wiring: installed 3887870 synapses across 3 populations.
[2026-06-13 10:49:39][INFO] SIM_BRIDGE: Simulation data initialized for 2700 neurons (3D). Synapses: 3887870. GPU memory: 3.6GB/25.8GB (14.1%)
    [built+trained    colors graded bridge: 2700 neurons]
[2026-06-13 10:51:35][INFO] SIM_BRIDGE: CuPy using GPU: NVIDIA GeForce RTX 3090 (24.0 GB), mempool limit: 80%
[2026-06-13 10:51:35][INFO] SIM_BRIDGE: Initializing simulation data for model: IZHIKEVICH (3D)... (playback_init: False)
[2026-06-13 10:51:35][INFO] SIM_BRIDGE: Brain-region framework: 2 regions, 2700 total neurons, 3 pathways.
[2026-06-13 10:51:35][INFO] SIM_BRIDGE: RNG initialized with seed: 43
[2026-06-13 10:51:35][INFO] SIM_BRIDGE: Initializing Izhikevich model specifics for 2700 neurons...
[2026-06-13 10:51:35][INFO] SIM_BRIDGE: Applying parameter heterogeneity to neuron parameters...
[2026-06-13 10:51:35][INFO] SIM_BRIDGE: Applied heterogeneity to 4 parameters.
[2026-06-13 10:51:35][INFO] SIM_BRIDGE: Initializing OU process state (tau=15.0ms, sigma=0.0pA)...
[2026-06-13 10:51:35][INFO] SIM_BRIDGE: Generating 3D neuron positions for 2700 neurons...
[2026-06-13 10:51:35][INFO] SIM_BRIDGE: Generating connections (brain-region framework)...
[2026-06-13 10:51:39][INFO] SIM_BRIDGE: inject_explicit_wiring: installed 3887870 synapses across 3 populations.
[2026-06-13 10:51:39][INFO] SIM_BRIDGE: Simulation data initialized for 2700 neurons (3D). Synapses: 3887870. GPU memory: 3.8GB/25.8GB (14.9%)
    [built+trained  emotions graded bridge: 2700 neurons]
[2026-06-13 10:53:35][INFO] SIM_BRIDGE: CuPy using GPU: NVIDIA GeForce RTX 3090 (24.0 GB), mempool limit: 80%
[2026-06-13 10:53:35][INFO] SIM_BRIDGE: Initializing simulation data for model: IZHIKEVICH (3D)... (playback_init: False)
[2026-06-13 10:53:35][INFO] SIM_BRIDGE: Brain-region framework: 2 regions, 2700 total neurons, 3 pathways.
[2026-06-13 10:53:35][INFO] SIM_BRIDGE: RNG initialized with seed: 43
[2026-06-13 10:53:35][INFO] SIM_BRIDGE: Initializing Izhikevich model specifics for 2700 neurons...
[2026-06-13 10:53:35][INFO] SIM_BRIDGE: Applying parameter heterogeneity to neuron parameters...
[2026-06-13 10:53:35][INFO] SIM_BRIDGE: Applied heterogeneity to 4 parameters.
[2026-06-13 10:53:35][INFO] SIM_BRIDGE: Initializing OU process state (tau=15.0ms, sigma=0.0pA)...
[2026-06-13 10:53:35][INFO] SIM_BRIDGE: Generating 3D neuron positions for 2700 neurons...
[2026-06-13 10:53:35][INFO] SIM_BRIDGE: Generating connections (brain-region framework)...
[2026-06-13 10:53:39][INFO] SIM_BRIDGE: inject_explicit_wiring: installed 3887870 synapses across 3 populations.
[2026-06-13 10:53:39][INFO] SIM_BRIDGE: Simulation data initialized for 2700 neurons (3D). Synapses: 3887870. GPU memory: 4.1GB/25.8GB (15.8%)
    [built+trained      jobs graded bridge: 2700 neurons]
[2026-06-13 10:55:37][INFO] SIM_BRIDGE: CuPy using GPU: NVIDIA GeForce RTX 3090 (24.0 GB), mempool limit: 80%
[2026-06-13 10:55:37][INFO] SIM_BRIDGE: Initializing simulation data for model: IZHIKEVICH (3D)... (playback_init: False)
[2026-06-13 10:55:37][INFO] SIM_BRIDGE: Brain-region framework: 2 regions, 2700 total neurons, 3 pathways.
[2026-06-13 10:55:37][INFO] SIM_BRIDGE: RNG initialized with seed: 43
[2026-06-13 10:55:37][INFO] SIM_BRIDGE: Initializing Izhikevich model specifics for 2700 neurons...
[2026-06-13 10:55:37][INFO] SIM_BRIDGE: Applying parameter heterogeneity to neuron parameters...
[2026-06-13 10:55:37][INFO] SIM_BRIDGE: Applied heterogeneity to 4 parameters.
[2026-06-13 10:55:37][INFO] SIM_BRIDGE: Initializing OU process state (tau=15.0ms, sigma=0.0pA)...
[2026-06-13 10:55:37][INFO] SIM_BRIDGE: Generating 3D neuron positions for 2700 neurons...
[2026-06-13 10:55:37][INFO] SIM_BRIDGE: Generating connections (brain-region framework)...
[2026-06-13 10:55:41][INFO] SIM_BRIDGE: inject_explicit_wiring: installed 3887870 synapses across 3 populations.
[2026-06-13 10:55:41][INFO] SIM_BRIDGE: Simulation data initialized for 2700 neurons (3D). Synapses: 3887870. GPU memory: 4.3GB/25.8GB (16.6%)
    [built+trained    sports graded bridge: 2700 neurons]
[2026-06-13 10:57:41][INFO] SIM_BRIDGE: CuPy using GPU: NVIDIA GeForce RTX 3090 (24.0 GB), mempool limit: 80%
[2026-06-13 10:57:41][INFO] SIM_BRIDGE: Initializing simulation data for model: IZHIKEVICH (3D)... (playback_init: False)
[2026-06-13 10:57:41][INFO] SIM_BRIDGE: Brain-region framework: 2 regions, 2700 total neurons, 3 pathways.
[2026-06-13 10:57:41][INFO] SIM_BRIDGE: RNG initialized with seed: 43
[2026-06-13 10:57:41][INFO] SIM_BRIDGE: Initializing Izhikevich model specifics for 2700 neurons...
[2026-06-13 10:57:41][INFO] SIM_BRIDGE: Applying parameter heterogeneity to neuron parameters...
[2026-06-13 10:57:41][INFO] SIM_BRIDGE: Applied heterogeneity to 4 parameters.
[2026-06-13 10:57:41][INFO] SIM_BRIDGE: Initializing OU process state (tau=15.0ms, sigma=0.0pA)...
[2026-06-13 10:57:41][INFO] SIM_BRIDGE: Generating 3D neuron positions for 2700 neurons...
[2026-06-13 10:57:41][INFO] SIM_BRIDGE: Generating connections (brain-region framework)...
[2026-06-13 10:57:45][INFO] SIM_BRIDGE: inject_explicit_wiring: installed 3887870 synapses across 3 populations.
[2026-06-13 10:57:45][INFO] SIM_BRIDGE: Simulation data initialized for 2700 neurons (3D). Synapses: 3887870. GPU memory: 4.5GB/25.8GB (17.5%)
    [built+trained instruments graded bridge: 2700 neurons]
[2026-06-13 10:59:35][INFO] SIM_BRIDGE: CuPy using GPU: NVIDIA GeForce RTX 3090 (24.0 GB), mempool limit: 80%
[2026-06-13 10:59:35][INFO] SIM_BRIDGE: Initializing simulation data for model: IZHIKEVICH (3D)... (playback_init: False)
[2026-06-13 10:59:35][INFO] SIM_BRIDGE: Brain-region framework: 2 regions, 2700 total neurons, 3 pathways.
[2026-06-13 10:59:35][INFO] SIM_BRIDGE: RNG initialized with seed: 43
[2026-06-13 10:59:35][INFO] SIM_BRIDGE: Initializing Izhikevich model specifics for 2700 neurons...
[2026-06-13 10:59:35][INFO] SIM_BRIDGE: Applying parameter heterogeneity to neuron parameters...
[2026-06-13 10:59:35][INFO] SIM_BRIDGE: Applied heterogeneity to 4 parameters.
[2026-06-13 10:59:35][INFO] SIM_BRIDGE: Initializing OU process state (tau=15.0ms, sigma=0.0pA)...
[2026-06-13 10:59:35][INFO] SIM_BRIDGE: Generating 3D neuron positions for 2700 neurons...
[2026-06-13 10:59:35][INFO] SIM_BRIDGE: Generating connections (brain-region framework)...
[2026-06-13 10:59:39][INFO] SIM_BRIDGE: inject_explicit_wiring: installed 3887870 synapses across 3 populations.
[2026-06-13 10:59:39][INFO] SIM_BRIDGE: Simulation data initialized for 2700 neurons (3D). Synapses: 3887870. GPU memory: 4.7GB/25.8GB (18.3%)
    [built+trained buildings graded bridge: 2700 neurons]
[2026-06-13 11:01:28][INFO] SIM_BRIDGE: CuPy using GPU: NVIDIA GeForce RTX 3090 (24.0 GB), mempool limit: 80%
[2026-06-13 11:01:28][INFO] SIM_BRIDGE: Initializing simulation data for model: IZHIKEVICH (3D)... (playback_init: False)
[2026-06-13 11:01:28][INFO] SIM_BRIDGE: Brain-region framework: 2 regions, 2700 total neurons, 3 pathways.
[2026-06-13 11:01:28][INFO] SIM_BRIDGE: RNG initialized with seed: 43
[2026-06-13 11:01:28][INFO] SIM_BRIDGE: Initializing Izhikevich model specifics for 2700 neurons...
[2026-06-13 11:01:28][INFO] SIM_BRIDGE: Applying parameter heterogeneity to neuron parameters...
[2026-06-13 11:01:28][INFO] SIM_BRIDGE: Applied heterogeneity to 4 parameters.
[2026-06-13 11:01:28][INFO] SIM_BRIDGE: Initializing OU process state (tau=15.0ms, sigma=0.0pA)...
[2026-06-13 11:01:28][INFO] SIM_BRIDGE: Generating 3D neuron positions for 2700 neurons...
[2026-06-13 11:01:28][INFO] SIM_BRIDGE: Generating connections (brain-region framework)...
[2026-06-13 11:01:32][INFO] SIM_BRIDGE: inject_explicit_wiring: installed 3887870 synapses across 3 populations.
[2026-06-13 11:01:32][INFO] SIM_BRIDGE: Simulation data initialized for 2700 neurons (3D). Synapses: 3887870. GPU memory: 4.9GB/25.8GB (19.2%)
    [built+trained countries graded bridge: 2700 neurons]
[2026-06-13 11:03:20][INFO] SIM_BRIDGE: CuPy using GPU: NVIDIA GeForce RTX 3090 (24.0 GB), mempool limit: 80%
[2026-06-13 11:03:20][INFO] SIM_BRIDGE: Initializing simulation data for model: IZHIKEVICH (3D)... (playback_init: False)
[2026-06-13 11:03:20][INFO] SIM_BRIDGE: Brain-region framework: 2 regions, 2700 total neurons, 3 pathways.
[2026-06-13 11:03:20][INFO] SIM_BRIDGE: RNG initialized with seed: 43
[2026-06-13 11:03:20][INFO] SIM_BRIDGE: Initializing Izhikevich model specifics for 2700 neurons...
[2026-06-13 11:03:20][INFO] SIM_BRIDGE: Applying parameter heterogeneity to neuron parameters...
[2026-06-13 11:03:20][INFO] SIM_BRIDGE: Applied heterogeneity to 4 parameters.
[2026-06-13 11:03:20][INFO] SIM_BRIDGE: Initializing OU process state (tau=15.0ms, sigma=0.0pA)...
[2026-06-13 11:03:20][INFO] SIM_BRIDGE: Generating 3D neuron positions for 2700 neurons...
[2026-06-13 11:03:20][INFO] SIM_BRIDGE: Generating connections (brain-region framework)...
[2026-06-13 11:03:23][INFO] SIM_BRIDGE: inject_explicit_wiring: installed 3887870 synapses across 3 populations.
[2026-06-13 11:03:24][INFO] SIM_BRIDGE: Simulation data initialized for 2700 neurons (3D). Synapses: 3887870. GPU memory: 5.2GB/25.8GB (20.0%)
    [built+trained    drinks graded bridge: 2700 neurons]
[2026-06-13 11:05:09][INFO] SIM_BRIDGE: CuPy using GPU: NVIDIA GeForce RTX 3090 (24.0 GB), mempool limit: 80%
[2026-06-13 11:05:09][INFO] SIM_BRIDGE: Initializing simulation data for model: IZHIKEVICH (3D)... (playback_init: False)
[2026-06-13 11:05:09][INFO] SIM_BRIDGE: Brain-region framework: 2 regions, 2700 total neurons, 3 pathways.
[2026-06-13 11:05:09][INFO] SIM_BRIDGE: RNG initialized with seed: 43
[2026-06-13 11:05:09][INFO] SIM_BRIDGE: Initializing Izhikevich model specifics for 2700 neurons...
[2026-06-13 11:05:09][INFO] SIM_BRIDGE: Applying parameter heterogeneity to neuron parameters...
[2026-06-13 11:05:09][INFO] SIM_BRIDGE: Applied heterogeneity to 4 parameters.
[2026-06-13 11:05:09][INFO] SIM_BRIDGE: Initializing OU process state (tau=15.0ms, sigma=0.0pA)...
[2026-06-13 11:05:09][INFO] SIM_BRIDGE: Generating 3D neuron positions for 2700 neurons...
[2026-06-13 11:05:09][INFO] SIM_BRIDGE: Generating connections (brain-region framework)...
[2026-06-13 11:05:12][INFO] SIM_BRIDGE: inject_explicit_wiring: installed 3887870 synapses across 3 populations.
[2026-06-13 11:05:13][INFO] SIM_BRIDGE: Simulation data initialized for 2700 neurons (3D). Synapses: 3887870. GPU memory: 5.4GB/25.8GB (20.9%)
    [built+trained    fruits graded bridge: 2700 neurons]
[2026-06-13 11:07:00][INFO] SIM_BRIDGE: CuPy using GPU: NVIDIA GeForce RTX 3090 (24.0 GB), mempool limit: 80%
[2026-06-13 11:07:00][INFO] SIM_BRIDGE: Initializing simulation data for model: IZHIKEVICH (3D)... (playback_init: False)
[2026-06-13 11:07:00][INFO] SIM_BRIDGE: Brain-region framework: 2 regions, 2700 total neurons, 3 pathways.
[2026-06-13 11:07:00][INFO] SIM_BRIDGE: RNG initialized with seed: 43
[2026-06-13 11:07:00][INFO] SIM_BRIDGE: Initializing Izhikevich model specifics for 2700 neurons...
[2026-06-13 11:07:00][INFO] SIM_BRIDGE: Applying parameter heterogeneity to neuron parameters...
[2026-06-13 11:07:00][INFO] SIM_BRIDGE: Applied heterogeneity to 4 parameters.
[2026-06-13 11:07:00][INFO] SIM_BRIDGE: Initializing OU process state (tau=15.0ms, sigma=0.0pA)...
[2026-06-13 11:07:00][INFO] SIM_BRIDGE: Generating 3D neuron positions for 2700 neurons...
[2026-06-13 11:07:00][INFO] SIM_BRIDGE: Generating connections (brain-region framework)...
[2026-06-13 11:07:04][INFO] SIM_BRIDGE: inject_explicit_wiring: installed 3887870 synapses across 3 populations.
[2026-06-13 11:07:04][INFO] SIM_BRIDGE: Simulation data initialized for 2700 neurons (3D). Synapses: 3887870. GPU memory: 5.6GB/25.8GB (21.7%)
    [built+trained    metals graded bridge: 2700 neurons]
[2026-06-13 11:08:59][INFO] SIM_BRIDGE: CuPy using GPU: NVIDIA GeForce RTX 3090 (24.0 GB), mempool limit: 80%
[2026-06-13 11:08:59][INFO] SIM_BRIDGE: Initializing simulation data for model: IZHIKEVICH (3D)... (playback_init: False)
[2026-06-13 11:08:59][INFO] SIM_BRIDGE: Brain-region framework: 2 regions, 2700 total neurons, 3 pathways.
[2026-06-13 11:08:59][INFO] SIM_BRIDGE: RNG initialized with seed: 43
[2026-06-13 11:08:59][INFO] SIM_BRIDGE: Initializing Izhikevich model specifics for 2700 neurons...
[2026-06-13 11:08:59][INFO] SIM_BRIDGE: Applying parameter heterogeneity to neuron parameters...
[2026-06-13 11:08:59][INFO] SIM_BRIDGE: Applied heterogeneity to 4 parameters.
[2026-06-13 11:08:59][INFO] SIM_BRIDGE: Initializing OU process state (tau=15.0ms, sigma=0.0pA)...
[2026-06-13 11:08:59][INFO] SIM_BRIDGE: Generating 3D neuron positions for 2700 neurons...
[2026-06-13 11:08:59][INFO] SIM_BRIDGE: Generating connections (brain-region framework)...
[2026-06-13 11:09:03][INFO] SIM_BRIDGE: inject_explicit_wiring: installed 3887870 synapses across 3 populations.
[2026-06-13 11:09:03][INFO] SIM_BRIDGE: Simulation data initialized for 2700 neurons (3D). Synapses: 3887870. GPU memory: 5.8GB/25.8GB (22.6%)
    [built+trained   insects graded bridge: 2700 neurons]
[2026-06-13 11:10:49][INFO] SIM_BRIDGE: CuPy using GPU: NVIDIA GeForce RTX 3090 (24.0 GB), mempool limit: 80%
[2026-06-13 11:10:49][INFO] SIM_BRIDGE: Initializing simulation data for model: IZHIKEVICH (3D)... (playback_init: False)
[2026-06-13 11:10:49][INFO] SIM_BRIDGE: Brain-region framework: 2 regions, 2700 total neurons, 3 pathways.
[2026-06-13 11:10:49][INFO] SIM_BRIDGE: RNG initialized with seed: 43
[2026-06-13 11:10:49][INFO] SIM_BRIDGE: Initializing Izhikevich model specifics for 2700 neurons...
[2026-06-13 11:10:49][INFO] SIM_BRIDGE: Applying parameter heterogeneity to neuron parameters...
[2026-06-13 11:10:49][INFO] SIM_BRIDGE: Applied heterogeneity to 4 parameters.
[2026-06-13 11:10:49][INFO] SIM_BRIDGE: Initializing OU process state (tau=15.0ms, sigma=0.0pA)...
[2026-06-13 11:10:49][INFO] SIM_BRIDGE: Generating 3D neuron positions for 2700 neurons...
[2026-06-13 11:10:49][INFO] SIM_BRIDGE: Generating connections (brain-region framework)...
[2026-06-13 11:10:53][INFO] SIM_BRIDGE: inject_explicit_wiring: installed 3887870 synapses across 3 populations.
[2026-06-13 11:10:53][INFO] SIM_BRIDGE: Simulation data initialized for 2700 neurons (3D). Synapses: 3887870. GPU memory: 6.0GB/25.8GB (23.5%)
    [built+trained     birds graded bridge: 2700 neurons]
[2026-06-13 11:12:40][INFO] SIM_BRIDGE: CuPy using GPU: NVIDIA GeForce RTX 3090 (24.0 GB), mempool limit: 80%
[2026-06-13 11:12:40][INFO] SIM_BRIDGE: Initializing simulation data for model: IZHIKEVICH (3D)... (playback_init: False)
[2026-06-13 11:12:40][INFO] SIM_BRIDGE: Brain-region framework: 2 regions, 2700 total neurons, 3 pathways.
[2026-06-13 11:12:40][INFO] SIM_BRIDGE: RNG initialized with seed: 43
[2026-06-13 11:12:40][INFO] SIM_BRIDGE: Initializing Izhikevich model specifics for 2700 neurons...
[2026-06-13 11:12:40][INFO] SIM_BRIDGE: Applying parameter heterogeneity to neuron parameters...
[2026-06-13 11:12:40][INFO] SIM_BRIDGE: Applied heterogeneity to 4 parameters.
[2026-06-13 11:12:40][INFO] SIM_BRIDGE: Initializing OU process state (tau=15.0ms, sigma=0.0pA)...
[2026-06-13 11:12:40][INFO] SIM_BRIDGE: Generating 3D neuron positions for 2700 neurons...
[2026-06-13 11:12:40][INFO] SIM_BRIDGE: Generating connections (brain-region framework)...
[2026-06-13 11:12:43][INFO] SIM_BRIDGE: inject_explicit_wiring: installed 3887870 synapses across 3 populations.
[2026-06-13 11:12:43][INFO] SIM_BRIDGE: Simulation data initialized for 2700 neurons (3D). Synapses: 3887870. GPU memory: 6.3GB/25.8GB (24.3%)
    [built+trained      fish graded bridge: 2700 neurons]
[2026-06-13 11:14:34][INFO] SIM_BRIDGE: CuPy using GPU: NVIDIA GeForce RTX 3090 (24.0 GB), mempool limit: 80%
[2026-06-13 11:14:34][INFO] SIM_BRIDGE: Initializing simulation data for model: IZHIKEVICH (3D)... (playback_init: False)
[2026-06-13 11:14:34][INFO] SIM_BRIDGE: Brain-region framework: 2 regions, 2700 total neurons, 3 pathways.
[2026-06-13 11:14:34][INFO] SIM_BRIDGE: RNG initialized with seed: 43
[2026-06-13 11:14:34][INFO] SIM_BRIDGE: Initializing Izhikevich model specifics for 2700 neurons...
[2026-06-13 11:14:34][INFO] SIM_BRIDGE: Applying parameter heterogeneity to neuron parameters...
[2026-06-13 11:14:34][INFO] SIM_BRIDGE: Applied heterogeneity to 4 parameters.
[2026-06-13 11:14:34][INFO] SIM_BRIDGE: Initializing OU process state (tau=15.0ms, sigma=0.0pA)...
[2026-06-13 11:14:34][INFO] SIM_BRIDGE: Generating 3D neuron positions for 2700 neurons...
[2026-06-13 11:14:34][INFO] SIM_BRIDGE: Generating connections (brain-region framework)...
[2026-06-13 11:14:38][INFO] SIM_BRIDGE: inject_explicit_wiring: installed 3887870 synapses across 3 populations.
[2026-06-13 11:14:38][INFO] SIM_BRIDGE: Simulation data initialized for 2700 neurons (3D). Synapses: 3887870. GPU memory: 6.5GB/25.8GB (25.2%)
    [built+trained   flowers graded bridge: 2700 neurons]
[2026-06-13 11:16:22][INFO] SIM_BRIDGE: CuPy using GPU: NVIDIA GeForce RTX 3090 (24.0 GB), mempool limit: 80%
[2026-06-13 11:16:22][INFO] SIM_BRIDGE: Initializing simulation data for model: IZHIKEVICH (3D)... (playback_init: False)
[2026-06-13 11:16:22][INFO] SIM_BRIDGE: Brain-region framework: 2 regions, 2700 total neurons, 3 pathways.
[2026-06-13 11:16:22][INFO] SIM_BRIDGE: RNG initialized with seed: 43
[2026-06-13 11:16:22][INFO] SIM_BRIDGE: Initializing Izhikevich model specifics for 2700 neurons...
[2026-06-13 11:16:22][INFO] SIM_BRIDGE: Applying parameter heterogeneity to neuron parameters...
[2026-06-13 11:16:22][INFO] SIM_BRIDGE: Applied heterogeneity to 4 parameters.
[2026-06-13 11:16:22][INFO] SIM_BRIDGE: Initializing OU process state (tau=15.0ms, sigma=0.0pA)...
[2026-06-13 11:16:22][INFO] SIM_BRIDGE: Generating 3D neuron positions for 2700 neurons...
[2026-06-13 11:16:22][INFO] SIM_BRIDGE: Generating connections (brain-region framework)...
[2026-06-13 11:16:25][INFO] SIM_BRIDGE: inject_explicit_wiring: installed 3887870 synapses across 3 populations.
[2026-06-13 11:16:25][INFO] SIM_BRIDGE: Simulation data initialized for 2700 neurons (3D). Synapses: 3887870. GPU memory: 6.7GB/25.8GB (26.0%)
    [built+trained     trees graded bridge: 2700 neurons]
[2026-06-13 11:18:10][INFO] SIM_BRIDGE: CuPy using GPU: NVIDIA GeForce RTX 3090 (24.0 GB), mempool limit: 80%
[2026-06-13 11:18:10][INFO] SIM_BRIDGE: Initializing simulation data for model: IZHIKEVICH (3D)... (playback_init: False)
[2026-06-13 11:18:10][INFO] SIM_BRIDGE: Brain-region framework: 2 regions, 2700 total neurons, 3 pathways.
[2026-06-13 11:18:10][INFO] SIM_BRIDGE: RNG initialized with seed: 43
[2026-06-13 11:18:10][INFO] SIM_BRIDGE: Initializing Izhikevich model specifics for 2700 neurons...
[2026-06-13 11:18:10][INFO] SIM_BRIDGE: Applying parameter heterogeneity to neuron parameters...
[2026-06-13 11:18:10][INFO] SIM_BRIDGE: Applied heterogeneity to 4 parameters.
[2026-06-13 11:18:10][INFO] SIM_BRIDGE: Initializing OU process state (tau=15.0ms, sigma=0.0pA)...
[2026-06-13 11:18:10][INFO] SIM_BRIDGE: Generating 3D neuron positions for 2700 neurons...
[2026-06-13 11:18:10][INFO] SIM_BRIDGE: Generating connections (brain-region framework)...
[2026-06-13 11:18:13][INFO] SIM_BRIDGE: inject_explicit_wiring: installed 3887870 synapses across 3 populations.
[2026-06-13 11:18:13][INFO] SIM_BRIDGE: Simulation data initialized for 2700 neurons (3D). Synapses: 3887870. GPU memory: 6.9GB/25.8GB (26.9%)
    [built+trained    shapes graded bridge: 2700 neurons]
[2026-06-13 11:20:08][INFO] SIM_BRIDGE: CuPy using GPU: NVIDIA GeForce RTX 3090 (24.0 GB), mempool limit: 80%
[2026-06-13 11:20:08][INFO] SIM_BRIDGE: Initializing simulation data for model: IZHIKEVICH (3D)... (playback_init: False)
[2026-06-13 11:20:08][INFO] SIM_BRIDGE: Brain-region framework: 2 regions, 2700 total neurons, 3 pathways.
[2026-06-13 11:20:08][INFO] SIM_BRIDGE: RNG initialized with seed: 43
[2026-06-13 11:20:08][INFO] SIM_BRIDGE: Initializing Izhikevich model specifics for 2700 neurons...
[2026-06-13 11:20:08][INFO] SIM_BRIDGE: Applying parameter heterogeneity to neuron parameters...
[2026-06-13 11:20:08][INFO] SIM_BRIDGE: Applied heterogeneity to 4 parameters.
[2026-06-13 11:20:08][INFO] SIM_BRIDGE: Initializing OU process state (tau=15.0ms, sigma=0.0pA)...
[2026-06-13 11:20:08][INFO] SIM_BRIDGE: Generating 3D neuron positions for 2700 neurons...
[2026-06-13 11:20:08][INFO] SIM_BRIDGE: Generating connections (brain-region framework)...
[2026-06-13 11:20:11][INFO] SIM_BRIDGE: inject_explicit_wiring: installed 3887870 synapses across 3 populations.
[2026-06-13 11:20:11][INFO] SIM_BRIDGE: Simulation data initialized for 2700 neurons (3D). Synapses: 3887870. GPU memory: 7.1GB/25.8GB (27.7%)
    [built+trained materials graded bridge: 2700 neurons]
[2026-06-13 11:21:56][INFO] SIM_BRIDGE: CuPy using GPU: NVIDIA GeForce RTX 3090 (24.0 GB), mempool limit: 80%
[2026-06-13 11:21:56][INFO] SIM_BRIDGE: Initializing simulation data for model: IZHIKEVICH (3D)... (playback_init: False)
[2026-06-13 11:21:56][INFO] SIM_BRIDGE: Brain-region framework: 2 regions, 2700 total neurons, 3 pathways.
[2026-06-13 11:21:56][INFO] SIM_BRIDGE: RNG initialized with seed: 43
[2026-06-13 11:21:56][INFO] SIM_BRIDGE: Initializing Izhikevich model specifics for 2700 neurons...
[2026-06-13 11:21:56][INFO] SIM_BRIDGE: Applying parameter heterogeneity to neuron parameters...
[2026-06-13 11:21:56][INFO] SIM_BRIDGE: Applied heterogeneity to 4 parameters.
[2026-06-13 11:21:56][INFO] SIM_BRIDGE: Initializing OU process state (tau=15.0ms, sigma=0.0pA)...
[2026-06-13 11:21:56][INFO] SIM_BRIDGE: Generating 3D neuron positions for 2700 neurons...
[2026-06-13 11:21:56][INFO] SIM_BRIDGE: Generating connections (brain-region framework)...
[2026-06-13 11:22:00][INFO] SIM_BRIDGE: inject_explicit_wiring: installed 3887870 synapses across 3 populations.
[2026-06-13 11:22:00][INFO] SIM_BRIDGE: Simulation data initialized for 2700 neurons (3D). Synapses: 3887870. GPU memory: 7.4GB/25.8GB (28.6%)
    [built+trained      toys graded bridge: 2700 neurons]
[2026-06-13 11:23:46][INFO] SIM_BRIDGE: CuPy using GPU: NVIDIA GeForce RTX 3090 (24.0 GB), mempool limit: 80%
[2026-06-13 11:23:46][INFO] SIM_BRIDGE: Initializing simulation data for model: IZHIKEVICH (3D)... (playback_init: False)
[2026-06-13 11:23:46][INFO] SIM_BRIDGE: Brain-region framework: 2 regions, 2700 total neurons, 3 pathways.
[2026-06-13 11:23:46][INFO] SIM_BRIDGE: RNG initialized with seed: 43
[2026-06-13 11:23:46][INFO] SIM_BRIDGE: Initializing Izhikevich model specifics for 2700 neurons...
[2026-06-13 11:23:46][INFO] SIM_BRIDGE: Applying parameter heterogeneity to neuron parameters...
[2026-06-13 11:23:46][INFO] SIM_BRIDGE: Applied heterogeneity to 4 parameters.
[2026-06-13 11:23:46][INFO] SIM_BRIDGE: Initializing OU process state (tau=15.0ms, sigma=0.0pA)...
[2026-06-13 11:23:46][INFO] SIM_BRIDGE: Generating 3D neuron positions for 2700 neurons...
[2026-06-13 11:23:46][INFO] SIM_BRIDGE: Generating connections (brain-region framework)...
[2026-06-13 11:23:49][INFO] SIM_BRIDGE: inject_explicit_wiring: installed 3887870 synapses across 3 populations.
[2026-06-13 11:23:49][INFO] SIM_BRIDGE: Simulation data initialized for 2700 neurons (3D). Synapses: 3887870. GPU memory: 7.6GB/25.8GB (29.4%)
    [built+trained      gems graded bridge: 2700 neurons]
[2026-06-13 11:25:40][INFO] SIM_BRIDGE: CuPy using GPU: NVIDIA GeForce RTX 3090 (24.0 GB), mempool limit: 80%
[2026-06-13 11:25:40][INFO] SIM_BRIDGE: Initializing simulation data for model: IZHIKEVICH (3D)... (playback_init: False)
[2026-06-13 11:25:40][INFO] SIM_BRIDGE: Brain-region framework: 2 regions, 2700 total neurons, 3 pathways.
[2026-06-13 11:25:40][INFO] SIM_BRIDGE: RNG initialized with seed: 43
[2026-06-13 11:25:40][INFO] SIM_BRIDGE: Initializing Izhikevich model specifics for 2700 neurons...
[2026-06-13 11:25:40][INFO] SIM_BRIDGE: Applying parameter heterogeneity to neuron parameters...
[2026-06-13 11:25:40][INFO] SIM_BRIDGE: Applied heterogeneity to 4 parameters.
[2026-06-13 11:25:40][INFO] SIM_BRIDGE: Initializing OU process state (tau=15.0ms, sigma=0.0pA)...
[2026-06-13 11:25:40][INFO] SIM_BRIDGE: Generating 3D neuron positions for 2700 neurons...
[2026-06-13 11:25:40][INFO] SIM_BRIDGE: Generating connections (brain-region framework)...
[2026-06-13 11:25:43][INFO] SIM_BRIDGE: inject_explicit_wiring: installed 3887870 synapses across 3 populations.
[2026-06-13 11:25:44][INFO] SIM_BRIDGE: Simulation data initialized for 2700 neurons (3D). Synapses: 3887870. GPU memory: 7.8GB/25.8GB (30.3%)
    [built+trained   planets graded bridge: 2700 neurons]
[2026-06-13 11:27:25][INFO] SIM_BRIDGE: CuPy using GPU: NVIDIA GeForce RTX 3090 (24.0 GB), mempool limit: 80%
[2026-06-13 11:27:25][INFO] SIM_BRIDGE: Initializing simulation data for model: IZHIKEVICH (3D)... (playback_init: False)
[2026-06-13 11:27:25][INFO] SIM_BRIDGE: Brain-region framework: 2 regions, 2700 total neurons, 3 pathways.
[2026-06-13 11:27:25][INFO] SIM_BRIDGE: RNG initialized with seed: 43
[2026-06-13 11:27:25][INFO] SIM_BRIDGE: Initializing Izhikevich model specifics for 2700 neurons...
[2026-06-13 11:27:25][INFO] SIM_BRIDGE: Applying parameter heterogeneity to neuron parameters...
[2026-06-13 11:27:25][INFO] SIM_BRIDGE: Applied heterogeneity to 4 parameters.
[2026-06-13 11:27:25][INFO] SIM_BRIDGE: Initializing OU process state (tau=15.0ms, sigma=0.0pA)...
[2026-06-13 11:27:25][INFO] SIM_BRIDGE: Generating 3D neuron positions for 2700 neurons...
[2026-06-13 11:27:25][INFO] SIM_BRIDGE: Generating connections (brain-region framework)...
[2026-06-13 11:27:28][INFO] SIM_BRIDGE: inject_explicit_wiring: installed 3887870 synapses across 3 populations.
[2026-06-13 11:27:28][INFO] SIM_BRIDGE: Simulation data initialized for 2700 neurons (3D). Synapses: 3887870. GPU memory: 8.0GB/25.8GB (31.1%)
    [built+trained languages graded bridge: 2700 neurons]
[2026-06-13 11:29:13][INFO] SIM_BRIDGE: CuPy using GPU: NVIDIA GeForce RTX 3090 (24.0 GB), mempool limit: 80%
[2026-06-13 11:29:13][INFO] SIM_BRIDGE: Initializing simulation data for model: IZHIKEVICH (3D)... (playback_init: False)
[2026-06-13 11:29:13][INFO] SIM_BRIDGE: Brain-region framework: 2 regions, 2700 total neurons, 3 pathways.
[2026-06-13 11:29:13][INFO] SIM_BRIDGE: RNG initialized with seed: 43
[2026-06-13 11:29:13][INFO] SIM_BRIDGE: Initializing Izhikevich model specifics for 2700 neurons...
[2026-06-13 11:29:13][INFO] SIM_BRIDGE: Applying parameter heterogeneity to neuron parameters...
[2026-06-13 11:29:13][INFO] SIM_BRIDGE: Applied heterogeneity to 4 parameters.
[2026-06-13 11:29:13][INFO] SIM_BRIDGE: Initializing OU process state (tau=15.0ms, sigma=0.0pA)...
[2026-06-13 11:29:13][INFO] SIM_BRIDGE: Generating 3D neuron positions for 2700 neurons...
[2026-06-13 11:29:13][INFO] SIM_BRIDGE: Generating connections (brain-region framework)...
[2026-06-13 11:29:17][INFO] SIM_BRIDGE: inject_explicit_wiring: installed 3887870 synapses across 3 populations.
[2026-06-13 11:29:17][INFO] SIM_BRIDGE: Simulation data initialized for 2700 neurons (3D). Synapses: 3887870. GPU memory: 8.2GB/25.8GB (32.0%)
    [built+trained    dances graded bridge: 2700 neurons]
[2026-06-13 11:31:09][INFO] SIM_BRIDGE: CuPy using GPU: NVIDIA GeForce RTX 3090 (24.0 GB), mempool limit: 80%
[2026-06-13 11:31:09][INFO] SIM_BRIDGE: Initializing simulation data for model: IZHIKEVICH (3D)... (playback_init: False)
[2026-06-13 11:31:09][INFO] SIM_BRIDGE: Brain-region framework: 2 regions, 2700 total neurons, 3 pathways.
[2026-06-13 11:31:09][INFO] SIM_BRIDGE: RNG initialized with seed: 43
[2026-06-13 11:31:09][INFO] SIM_BRIDGE: Initializing Izhikevich model specifics for 2700 neurons...
[2026-06-13 11:31:09][INFO] SIM_BRIDGE: Applying parameter heterogeneity to neuron parameters...
[2026-06-13 11:31:09][INFO] SIM_BRIDGE: Applied heterogeneity to 4 parameters.
[2026-06-13 11:31:09][INFO] SIM_BRIDGE: Initializing OU process state (tau=15.0ms, sigma=0.0pA)...
[2026-06-13 11:31:09][INFO] SIM_BRIDGE: Generating 3D neuron positions for 2700 neurons...
[2026-06-13 11:31:09][INFO] SIM_BRIDGE: Generating connections (brain-region framework)...
[2026-06-13 11:31:13][INFO] SIM_BRIDGE: inject_explicit_wiring: installed 3887870 synapses across 3 populations.
[2026-06-13 11:31:13][INFO] SIM_BRIDGE: Simulation data initialized for 2700 neurons (3D). Synapses: 3887870. GPU memory: 8.5GB/25.8GB (32.9%)
    [built+trained vegetables graded bridge: 2700 neurons]
    (built 32 graded bridges in 3711s)
    M3 TRUE: top2=1.00 top1=1.00 signal/floor=19.46x margin=1517.7 (n=96)
    M7 PERMUTED: top2=0.01 top1=0.00 signal/floor=1.08x (must collapse vs TRUE)

  ----------------------------------------------------------------------------------------
  M4 -- no-confab moat (learned familiarity gate ALONGSIDE host abstention; CPU/numpy)
  ----------------------------------------------------------------------------------------
[2026-06-13 11:36:46][INFO] SIM_BRIDGE: CuPy using GPU: NVIDIA GeForce RTX 3090 (24.0 GB), mempool limit: 80%
[2026-06-13 11:36:46][INFO] SIM_BRIDGE: Initializing simulation data for model: IZHIKEVICH (3D)... (playback_init: False)
[2026-06-13 11:36:46][INFO] SIM_BRIDGE: RNG initialized with seed: 43
[2026-06-13 11:36:46][INFO] SIM_BRIDGE: Initializing Izhikevich model specifics for 256 neurons...
[2026-06-13 11:36:46][INFO] SIM_BRIDGE: Applying parameter heterogeneity to neuron parameters...
[2026-06-13 11:36:46][INFO] SIM_BRIDGE: Applied heterogeneity to 4 parameters.
[2026-06-13 11:36:46][INFO] SIM_BRIDGE: Initializing OU process state (tau=15.0ms, sigma=0.0pA)...
[2026-06-13 11:36:46][INFO] SIM_BRIDGE: Generating 3D neuron positions for 256 neurons...
[2026-06-13 11:36:46][INFO] SIM_BRIDGE: Generating connections (3D)...
[2026-06-13 11:36:46][INFO] SIM_BRIDGE: Simulation data initialized for 256 neurons (3D). Synapses: 0. GPU memory: 8.5GB/25.8GB (33.0%)
[2026-06-13 11:36:47][INFO] SIM_BRIDGE: CuPy using GPU: NVIDIA GeForce RTX 3090 (24.0 GB), mempool limit: 80%
[2026-06-13 11:36:47][INFO] SIM_BRIDGE: Initializing simulation data for model: IZHIKEVICH (3D)... (playback_init: False)
[2026-06-13 11:36:47][INFO] SIM_BRIDGE: RNG initialized with seed: 43
[2026-06-13 11:36:47][INFO] SIM_BRIDGE: Initializing Izhikevich model specifics for 512 neurons...
[2026-06-13 11:36:47][INFO] SIM_BRIDGE: Applying parameter heterogeneity to neuron parameters...
[2026-06-13 11:36:47][INFO] SIM_BRIDGE: Applied heterogeneity to 4 parameters.
[2026-06-13 11:36:47][INFO] SIM_BRIDGE: Initializing OU process state (tau=15.0ms, sigma=0.0pA)...
[2026-06-13 11:36:47][INFO] SIM_BRIDGE: Generating 3D neuron positions for 512 neurons...
[2026-06-13 11:36:47][INFO] SIM_BRIDGE: Generating connections (3D)...
[2026-06-13 11:36:47][INFO] SIM_BRIDGE: Simulation data initialized for 512 neurons (3D). Synapses: 0. GPU memory: 8.5GB/25.8GB (33.0%)
[2026-06-13 11:37:38][INFO] SIM_BRIDGE: CuPy using GPU: NVIDIA GeForce RTX 3090 (24.0 GB), mempool limit: 80%
[2026-06-13 11:37:38][INFO] SIM_BRIDGE: Initializing simulation data for model: IZHIKEVICH (3D)... (playback_init: False)
[2026-06-13 11:37:38][INFO] SIM_BRIDGE: RNG initialized with seed: 43
[2026-06-13 11:37:38][INFO] SIM_BRIDGE: Initializing Izhikevich model specifics for 384 neurons...
[2026-06-13 11:37:38][INFO] SIM_BRIDGE: Applying parameter heterogeneity to neuron parameters...
[2026-06-13 11:37:38][INFO] SIM_BRIDGE: Applied heterogeneity to 4 parameters.
[2026-06-13 11:37:38][INFO] SIM_BRIDGE: Initializing OU process state (tau=15.0ms, sigma=0.0pA)...
[2026-06-13 11:37:38][INFO] SIM_BRIDGE: Generating 3D neuron positions for 384 neurons...
[2026-06-13 11:37:38][INFO] SIM_BRIDGE: Generating connections (3D)...
[2026-06-13 11:37:38][INFO] SIM_BRIDGE: Simulation data initialized for 384 neurons (3D). Synapses: 0. GPU memory: 8.5GB/25.8GB (33.0%)
    M4: agreement=1.000 margin=+0.2609 host-abstain/gate-accept=0 (MUST be 0) floor-false-accepts=0 (MUST be 0) lesion-collapses=True -> moat-intact=True

============================================================================================
  MULTI-BRIDGE GRADED DE-RISK -- SEED 44 -- mode=full
============================================================================================
  [shard   animals] 64 concepts (8 sub x 8), 424 facts
  [shard     foods] 64 concepts (8 sub x 8), 424 facts
  [shard  vehicles] 64 concepts (8 sub x 8), 424 facts
  [shard     tools] 64 concepts (8 sub x 8), 424 facts
  [shard   clothes] 64 concepts (8 sub x 8), 424 facts
  [shard furniture] 64 concepts (8 sub x 8), 424 facts
  [shard    plants] 64 concepts (8 sub x 8), 424 facts
  [shard   weather] 64 concepts (8 sub x 8), 424 facts
  [shard body_parts] 64 concepts (8 sub x 8), 424 facts
  [shard    colors] 64 concepts (8 sub x 8), 424 facts
  [shard  emotions] 64 concepts (8 sub x 8), 424 facts
  [shard      jobs] 64 concepts (8 sub x 8), 424 facts
  [shard    sports] 64 concepts (8 sub x 8), 424 facts
  [shard instruments] 64 concepts (8 sub x 8), 424 facts
  [shard buildings] 64 concepts (8 sub x 8), 424 facts
  [shard countries] 64 concepts (8 sub x 8), 424 facts
  [shard    drinks] 64 concepts (8 sub x 8), 424 facts
  [shard    fruits] 64 concepts (8 sub x 8), 424 facts
  [shard    metals] 64 concepts (8 sub x 8), 424 facts
  [shard   insects] 64 concepts (8 sub x 8), 424 facts
  [shard     birds] 64 concepts (8 sub x 8), 424 facts
  [shard      fish] 64 concepts (8 sub x 8), 424 facts
  [shard   flowers] 64 concepts (8 sub x 8), 424 facts
  [shard     trees] 64 concepts (8 sub x 8), 424 facts
  [shard    shapes] 64 concepts (8 sub x 8), 424 facts
  [shard materials] 64 concepts (8 sub x 8), 424 facts
  [shard      toys] 64 concepts (8 sub x 8), 424 facts
  [shard      gems] 64 concepts (8 sub x 8), 424 facts
  [shard   planets] 64 concepts (8 sub x 8), 424 facts
  [shard languages] 64 concepts (8 sub x 8), 424 facts
  [shard    dances] 64 concepts (8 sub x 8), 424 facts
  [shard vegetables] 64 concepts (8 sub x 8), 424 facts

  ----------------------------------------------------------------------------------------
  M1/M2/G5 -- per-bridge graded gates (read-out FIXED = brain-based divnorm 'ch'/interleave)
  ----------------------------------------------------------------------------------------
[2026-06-13 12:13:46][INFO] SIM_BRIDGE: CuPy using GPU: NVIDIA GeForce RTX 3090 (24.0 GB), mempool limit: 80%
[2026-06-13 12:13:46][INFO] SIM_BRIDGE: Initializing simulation data for model: IZHIKEVICH (3D)... (playback_init: False)
[2026-06-13 12:13:46][INFO] SIM_BRIDGE: Brain-region framework: 2 regions, 2700 total neurons, 3 pathways.
[2026-06-13 12:13:46][INFO] SIM_BRIDGE: RNG initialized with seed: 44
[2026-06-13 12:13:46][INFO] SIM_BRIDGE: Initializing Izhikevich model specifics for 2700 neurons...
[2026-06-13 12:13:46][INFO] SIM_BRIDGE: Applying parameter heterogeneity to neuron parameters...
[2026-06-13 12:13:46][INFO] SIM_BRIDGE: Applied heterogeneity to 4 parameters.
[2026-06-13 12:13:46][INFO] SIM_BRIDGE: Initializing OU process state (tau=15.0ms, sigma=0.0pA)...
[2026-06-13 12:13:46][INFO] SIM_BRIDGE: Generating 3D neuron positions for 2700 neurons...
[2026-06-13 12:13:46][INFO] SIM_BRIDGE: Generating connections (brain-region framework)...
[2026-06-13 12:13:49][INFO] SIM_BRIDGE: inject_explicit_wiring: installed 3889253 synapses across 3 populations.
[2026-06-13 12:13:49][INFO] SIM_BRIDGE: Simulation data initialized for 2700 neurons (3D). Synapses: 3889253. GPU memory: 8.6GB/25.8GB (33.2%)
[2026-06-13 12:15:34][INFO] SIM_BRIDGE: CuPy using GPU: NVIDIA GeForce RTX 3090 (24.0 GB), mempool limit: 80%
[2026-06-13 12:15:34][INFO] SIM_BRIDGE: Initializing simulation data for model: IZHIKEVICH (3D)... (playback_init: False)
[2026-06-13 12:15:34][INFO] SIM_BRIDGE: Brain-region framework: 2 regions, 2700 total neurons, 3 pathways.
[2026-06-13 12:15:34][INFO] SIM_BRIDGE: RNG initialized with seed: 44
[2026-06-13 12:15:34][INFO] SIM_BRIDGE: Initializing Izhikevich model specifics for 2700 neurons...
[2026-06-13 12:15:34][INFO] SIM_BRIDGE: Applying parameter heterogeneity to neuron parameters...
[2026-06-13 12:15:34][INFO] SIM_BRIDGE: Applied heterogeneity to 4 parameters.
[2026-06-13 12:15:34][INFO] SIM_BRIDGE: Initializing OU process state (tau=15.0ms, sigma=0.0pA)...
[2026-06-13 12:15:34][INFO] SIM_BRIDGE: Generating 3D neuron positions for 2700 neurons...
[2026-06-13 12:15:34][INFO] SIM_BRIDGE: Generating connections (brain-region framework)...
[2026-06-13 12:15:38][INFO] SIM_BRIDGE: inject_explicit_wiring: installed 3889253 synapses across 3 populations.
[2026-06-13 12:15:38][INFO] SIM_BRIDGE: Simulation data initialized for 2700 neurons (3D). Synapses: 3889253. GPU memory: 8.6GB/25.8GB (33.2%)
  [  animals] M1 gen=1.000(4.0x) A2=True A3=True [GO] | M2 P(sim)=+0.768 2nd=+0.522 graded=1 [GO] | G5 collapses=True (perm 2nd=-0.004) | 108s, 3456623 syn
[2026-06-13 12:17:24][INFO] SIM_BRIDGE: CuPy using GPU: NVIDIA GeForce RTX 3090 (24.0 GB), mempool limit: 80%
[2026-06-13 12:17:24][INFO] SIM_BRIDGE: Initializing simulation data for model: IZHIKEVICH (3D)... (playback_init: False)
[2026-06-13 12:17:24][INFO] SIM_BRIDGE: Brain-region framework: 2 regions, 2700 total neurons, 3 pathways.
[2026-06-13 12:17:24][INFO] SIM_BRIDGE: RNG initialized with seed: 44
[2026-06-13 12:17:24][INFO] SIM_BRIDGE: Initializing Izhikevich model specifics for 2700 neurons...
[2026-06-13 12:17:24][INFO] SIM_BRIDGE: Applying parameter heterogeneity to neuron parameters...
[2026-06-13 12:17:24][INFO] SIM_BRIDGE: Applied heterogeneity to 4 parameters.
[2026-06-13 12:17:24][INFO] SIM_BRIDGE: Initializing OU process state (tau=15.0ms, sigma=0.0pA)...
[2026-06-13 12:17:24][INFO] SIM_BRIDGE: Generating 3D neuron positions for 2700 neurons...
[2026-06-13 12:17:24][INFO] SIM_BRIDGE: Generating connections (brain-region framework)...
[2026-06-13 12:17:27][INFO] SIM_BRIDGE: inject_explicit_wiring: installed 3889253 synapses across 3 populations.
[2026-06-13 12:17:27][INFO] SIM_BRIDGE: Simulation data initialized for 2700 neurons (3D). Synapses: 3889253. GPU memory: 8.6GB/25.8GB (33.2%)
[2026-06-13 12:19:22][INFO] SIM_BRIDGE: CuPy using GPU: NVIDIA GeForce RTX 3090 (24.0 GB), mempool limit: 80%
[2026-06-13 12:19:22][INFO] SIM_BRIDGE: Initializing simulation data for model: IZHIKEVICH (3D)... (playback_init: False)
[2026-06-13 12:19:22][INFO] SIM_BRIDGE: Brain-region framework: 2 regions, 2700 total neurons, 3 pathways.
[2026-06-13 12:19:22][INFO] SIM_BRIDGE: RNG initialized with seed: 44
[2026-06-13 12:19:22][INFO] SIM_BRIDGE: Initializing Izhikevich model specifics for 2700 neurons...
[2026-06-13 12:19:22][INFO] SIM_BRIDGE: Applying parameter heterogeneity to neuron parameters...
[2026-06-13 12:19:22][INFO] SIM_BRIDGE: Applied heterogeneity to 4 parameters.
[2026-06-13 12:19:22][INFO] SIM_BRIDGE: Initializing OU process state (tau=15.0ms, sigma=0.0pA)...
[2026-06-13 12:19:22][INFO] SIM_BRIDGE: Generating 3D neuron positions for 2700 neurons...
[2026-06-13 12:19:22][INFO] SIM_BRIDGE: Generating connections (brain-region framework)...
[2026-06-13 12:19:25][INFO] SIM_BRIDGE: inject_explicit_wiring: installed 3889253 synapses across 3 populations.
[2026-06-13 12:19:25][INFO] SIM_BRIDGE: Simulation data initialized for 2700 neurons (3D). Synapses: 3889253. GPU memory: 8.6GB/25.8GB (33.2%)
  [    foods] M1 gen=0.975(3.9x) A2=True A3=True [GO] | M2 P(sim)=+0.768 2nd=+0.531 graded=1 [GO] | G5 collapses=True (perm 2nd=+0.001) | 118s, 3456623 syn
[2026-06-13 12:21:24][INFO] SIM_BRIDGE: CuPy using GPU: NVIDIA GeForce RTX 3090 (24.0 GB), mempool limit: 80%
[2026-06-13 12:21:24][INFO] SIM_BRIDGE: Initializing simulation data for model: IZHIKEVICH (3D)... (playback_init: False)
[2026-06-13 12:21:24][INFO] SIM_BRIDGE: Brain-region framework: 2 regions, 2700 total neurons, 3 pathways.
[2026-06-13 12:21:24][INFO] SIM_BRIDGE: RNG initialized with seed: 44
[2026-06-13 12:21:24][INFO] SIM_BRIDGE: Initializing Izhikevich model specifics for 2700 neurons...
[2026-06-13 12:21:24][INFO] SIM_BRIDGE: Applying parameter heterogeneity to neuron parameters...
[2026-06-13 12:21:24][INFO] SIM_BRIDGE: Applied heterogeneity to 4 parameters.
[2026-06-13 12:21:24][INFO] SIM_BRIDGE: Initializing OU process state (tau=15.0ms, sigma=0.0pA)...
[2026-06-13 12:21:24][INFO] SIM_BRIDGE: Generating 3D neuron positions for 2700 neurons...
[2026-06-13 12:21:24][INFO] SIM_BRIDGE: Generating connections (brain-region framework)...
[2026-06-13 12:21:28][INFO] SIM_BRIDGE: inject_explicit_wiring: installed 3889253 synapses across 3 populations.
[2026-06-13 12:21:28][INFO] SIM_BRIDGE: Simulation data initialized for 2700 neurons (3D). Synapses: 3889253. GPU memory: 8.6GB/25.8GB (33.2%)
[2026-06-13 12:23:15][INFO] SIM_BRIDGE: CuPy using GPU: NVIDIA GeForce RTX 3090 (24.0 GB), mempool limit: 80%
[2026-06-13 12:23:15][INFO] SIM_BRIDGE: Initializing simulation data for model: IZHIKEVICH (3D)... (playback_init: False)
[2026-06-13 12:23:15][INFO] SIM_BRIDGE: Brain-region framework: 2 regions, 2700 total neurons, 3 pathways.
[2026-06-13 12:23:15][INFO] SIM_BRIDGE: RNG initialized with seed: 44
[2026-06-13 12:23:15][INFO] SIM_BRIDGE: Initializing Izhikevich model specifics for 2700 neurons...
[2026-06-13 12:23:15][INFO] SIM_BRIDGE: Applying parameter heterogeneity to neuron parameters...
[2026-06-13 12:23:15][INFO] SIM_BRIDGE: Applied heterogeneity to 4 parameters.
[2026-06-13 12:23:15][INFO] SIM_BRIDGE: Initializing OU process state (tau=15.0ms, sigma=0.0pA)...
[2026-06-13 12:23:15][INFO] SIM_BRIDGE: Generating 3D neuron positions for 2700 neurons...
[2026-06-13 12:23:15][INFO] SIM_BRIDGE: Generating connections (brain-region framework)...
[2026-06-13 12:23:18][INFO] SIM_BRIDGE: inject_explicit_wiring: installed 3889253 synapses across 3 populations.
[2026-06-13 12:23:18][INFO] SIM_BRIDGE: Simulation data initialized for 2700 neurons (3D). Synapses: 3889253. GPU memory: 8.6GB/25.8GB (33.2%)
  [ vehicles] M1 gen=0.994(4.0x) A2=True A3=True [GO] | M2 P(sim)=+0.765 2nd=+0.537 graded=1 [GO] | G5 collapses=True (perm 2nd=-0.007) | 110s, 3456623 syn
[2026-06-13 12:25:06][INFO] SIM_BRIDGE: CuPy using GPU: NVIDIA GeForce RTX 3090 (24.0 GB), mempool limit: 80%
[2026-06-13 12:25:06][INFO] SIM_BRIDGE: Initializing simulation data for model: IZHIKEVICH (3D)... (playback_init: False)
[2026-06-13 12:25:06][INFO] SIM_BRIDGE: Brain-region framework: 2 regions, 2700 total neurons, 3 pathways.
[2026-06-13 12:25:06][INFO] SIM_BRIDGE: RNG initialized with seed: 44
[2026-06-13 12:25:06][INFO] SIM_BRIDGE: Initializing Izhikevich model specifics for 2700 neurons...
[2026-06-13 12:25:06][INFO] SIM_BRIDGE: Applying parameter heterogeneity to neuron parameters...
[2026-06-13 12:25:06][INFO] SIM_BRIDGE: Applied heterogeneity to 4 parameters.
[2026-06-13 12:25:06][INFO] SIM_BRIDGE: Initializing OU process state (tau=15.0ms, sigma=0.0pA)...
[2026-06-13 12:25:06][INFO] SIM_BRIDGE: Generating 3D neuron positions for 2700 neurons...
[2026-06-13 12:25:06][INFO] SIM_BRIDGE: Generating connections (brain-region framework)...
[2026-06-13 12:25:09][INFO] SIM_BRIDGE: inject_explicit_wiring: installed 3889253 synapses across 3 populations.
[2026-06-13 12:25:10][INFO] SIM_BRIDGE: Simulation data initialized for 2700 neurons (3D). Synapses: 3889253. GPU memory: 8.6GB/25.8GB (33.2%)
[2026-06-13 12:26:58][INFO] SIM_BRIDGE: CuPy using GPU: NVIDIA GeForce RTX 3090 (24.0 GB), mempool limit: 80%
[2026-06-13 12:26:58][INFO] SIM_BRIDGE: Initializing simulation data for model: IZHIKEVICH (3D)... (playback_init: False)
[2026-06-13 12:26:58][INFO] SIM_BRIDGE: Brain-region framework: 2 regions, 2700 total neurons, 3 pathways.
[2026-06-13 12:26:58][INFO] SIM_BRIDGE: RNG initialized with seed: 44
[2026-06-13 12:26:58][INFO] SIM_BRIDGE: Initializing Izhikevich model specifics for 2700 neurons...
[2026-06-13 12:26:58][INFO] SIM_BRIDGE: Applying parameter heterogeneity to neuron parameters...
[2026-06-13 12:26:58][INFO] SIM_BRIDGE: Applied heterogeneity to 4 parameters.
[2026-06-13 12:26:58][INFO] SIM_BRIDGE: Initializing OU process state (tau=15.0ms, sigma=0.0pA)...
[2026-06-13 12:26:58][INFO] SIM_BRIDGE: Generating 3D neuron positions for 2700 neurons...
[2026-06-13 12:26:58][INFO] SIM_BRIDGE: Generating connections (brain-region framework)...
[2026-06-13 12:27:02][INFO] SIM_BRIDGE: inject_explicit_wiring: installed 3889253 synapses across 3 populations.
[2026-06-13 12:27:02][INFO] SIM_BRIDGE: Simulation data initialized for 2700 neurons (3D). Synapses: 3889253. GPU memory: 8.6GB/25.8GB (33.2%)
  [    tools] M1 gen=1.000(4.0x) A2=True A3=True [GO] | M2 P(sim)=+0.762 2nd=+0.544 graded=1 [GO] | G5 collapses=True (perm 2nd=-0.013) | 112s, 3456623 syn
[2026-06-13 12:28:46][INFO] SIM_BRIDGE: CuPy using GPU: NVIDIA GeForce RTX 3090 (24.0 GB), mempool limit: 80%
[2026-06-13 12:28:46][INFO] SIM_BRIDGE: Initializing simulation data for model: IZHIKEVICH (3D)... (playback_init: False)
[2026-06-13 12:28:46][INFO] SIM_BRIDGE: Brain-region framework: 2 regions, 2700 total neurons, 3 pathways.
[2026-06-13 12:28:46][INFO] SIM_BRIDGE: RNG initialized with seed: 44
[2026-06-13 12:28:46][INFO] SIM_BRIDGE: Initializing Izhikevich model specifics for 2700 neurons...
[2026-06-13 12:28:46][INFO] SIM_BRIDGE: Applying parameter heterogeneity to neuron parameters...
[2026-06-13 12:28:46][INFO] SIM_BRIDGE: Applied heterogeneity to 4 parameters.
[2026-06-13 12:28:46][INFO] SIM_BRIDGE: Initializing OU process state (tau=15.0ms, sigma=0.0pA)...
[2026-06-13 12:28:46][INFO] SIM_BRIDGE: Generating 3D neuron positions for 2700 neurons...
[2026-06-13 12:28:46][INFO] SIM_BRIDGE: Generating connections (brain-region framework)...
[2026-06-13 12:28:50][INFO] SIM_BRIDGE: inject_explicit_wiring: installed 3889253 synapses across 3 populations.
[2026-06-13 12:28:50][INFO] SIM_BRIDGE: Simulation data initialized for 2700 neurons (3D). Synapses: 3889253. GPU memory: 8.6GB/25.8GB (33.2%)
[2026-06-13 12:30:39][INFO] SIM_BRIDGE: CuPy using GPU: NVIDIA GeForce RTX 3090 (24.0 GB), mempool limit: 80%
[2026-06-13 12:30:39][INFO] SIM_BRIDGE: Initializing simulation data for model: IZHIKEVICH (3D)... (playback_init: False)
[2026-06-13 12:30:39][INFO] SIM_BRIDGE: Brain-region framework: 2 regions, 2700 total neurons, 3 pathways.
[2026-06-13 12:30:39][INFO] SIM_BRIDGE: RNG initialized with seed: 44
[2026-06-13 12:30:39][INFO] SIM_BRIDGE: Initializing Izhikevich model specifics for 2700 neurons...
[2026-06-13 12:30:39][INFO] SIM_BRIDGE: Applying parameter heterogeneity to neuron parameters...
[2026-06-13 12:30:39][INFO] SIM_BRIDGE: Applied heterogeneity to 4 parameters.
[2026-06-13 12:30:39][INFO] SIM_BRIDGE: Initializing OU process state (tau=15.0ms, sigma=0.0pA)...
[2026-06-13 12:30:39][INFO] SIM_BRIDGE: Generating 3D neuron positions for 2700 neurons...
[2026-06-13 12:30:39][INFO] SIM_BRIDGE: Generating connections (brain-region framework)...
[2026-06-13 12:30:43][INFO] SIM_BRIDGE: inject_explicit_wiring: installed 3889253 synapses across 3 populations.
[2026-06-13 12:30:43][INFO] SIM_BRIDGE: Simulation data initialized for 2700 neurons (3D). Synapses: 3889253. GPU memory: 8.6GB/25.8GB (33.2%)
  [  clothes] M1 gen=0.981(3.9x) A2=True A3=True [GO] | M2 P(sim)=+0.763 2nd=+0.540 graded=1 [GO] | G5 collapses=True (perm 2nd=-0.013) | 113s, 3456623 syn
[2026-06-13 12:32:34][INFO] SIM_BRIDGE: CuPy using GPU: NVIDIA GeForce RTX 3090 (24.0 GB), mempool limit: 80%
[2026-06-13 12:32:34][INFO] SIM_BRIDGE: Initializing simulation data for model: IZHIKEVICH (3D)... (playback_init: False)
[2026-06-13 12:32:34][INFO] SIM_BRIDGE: Brain-region framework: 2 regions, 2700 total neurons, 3 pathways.
[2026-06-13 12:32:34][INFO] SIM_BRIDGE: RNG initialized with seed: 44
[2026-06-13 12:32:34][INFO] SIM_BRIDGE: Initializing Izhikevich model specifics for 2700 neurons...
[2026-06-13 12:32:34][INFO] SIM_BRIDGE: Applying parameter heterogeneity to neuron parameters...
[2026-06-13 12:32:34][INFO] SIM_BRIDGE: Applied heterogeneity to 4 parameters.
[2026-06-13 12:32:34][INFO] SIM_BRIDGE: Initializing OU process state (tau=15.0ms, sigma=0.0pA)...
[2026-06-13 12:32:34][INFO] SIM_BRIDGE: Generating 3D neuron positions for 2700 neurons...
[2026-06-13 12:32:34][INFO] SIM_BRIDGE: Generating connections (brain-region framework)...
[2026-06-13 12:32:38][INFO] SIM_BRIDGE: inject_explicit_wiring: installed 3889253 synapses across 3 populations.
[2026-06-13 12:32:38][INFO] SIM_BRIDGE: Simulation data initialized for 2700 neurons (3D). Synapses: 3889253. GPU memory: 8.6GB/25.8GB (33.2%)
[2026-06-13 12:34:22][INFO] SIM_BRIDGE: CuPy using GPU: NVIDIA GeForce RTX 3090 (24.0 GB), mempool limit: 80%
[2026-06-13 12:34:22][INFO] SIM_BRIDGE: Initializing simulation data for model: IZHIKEVICH (3D)... (playback_init: False)
[2026-06-13 12:34:22][INFO] SIM_BRIDGE: Brain-region framework: 2 regions, 2700 total neurons, 3 pathways.
[2026-06-13 12:34:22][INFO] SIM_BRIDGE: RNG initialized with seed: 44
[2026-06-13 12:34:22][INFO] SIM_BRIDGE: Initializing Izhikevich model specifics for 2700 neurons...
[2026-06-13 12:34:22][INFO] SIM_BRIDGE: Applying parameter heterogeneity to neuron parameters...
[2026-06-13 12:34:22][INFO] SIM_BRIDGE: Applied heterogeneity to 4 parameters.
[2026-06-13 12:34:22][INFO] SIM_BRIDGE: Initializing OU process state (tau=15.0ms, sigma=0.0pA)...
[2026-06-13 12:34:22][INFO] SIM_BRIDGE: Generating 3D neuron positions for 2700 neurons...
[2026-06-13 12:34:22][INFO] SIM_BRIDGE: Generating connections (brain-region framework)...
[2026-06-13 12:34:26][INFO] SIM_BRIDGE: inject_explicit_wiring: installed 3889253 synapses across 3 populations.
[2026-06-13 12:34:26][INFO] SIM_BRIDGE: Simulation data initialized for 2700 neurons (3D). Synapses: 3889253. GPU memory: 8.6GB/25.8GB (33.2%)
  [furniture] M1 gen=1.000(4.0x) A2=True A3=True [GO] | M2 P(sim)=+0.751 2nd=+0.535 graded=1 [GO] | G5 collapses=True (perm 2nd=-0.008) | 108s, 3456623 syn
[2026-06-13 12:36:11][INFO] SIM_BRIDGE: CuPy using GPU: NVIDIA GeForce RTX 3090 (24.0 GB), mempool limit: 80%
[2026-06-13 12:36:11][INFO] SIM_BRIDGE: Initializing simulation data for model: IZHIKEVICH (3D)... (playback_init: False)
[2026-06-13 12:36:11][INFO] SIM_BRIDGE: Brain-region framework: 2 regions, 2700 total neurons, 3 pathways.
[2026-06-13 12:36:11][INFO] SIM_BRIDGE: RNG initialized with seed: 44
[2026-06-13 12:36:11][INFO] SIM_BRIDGE: Initializing Izhikevich model specifics for 2700 neurons...
[2026-06-13 12:36:11][INFO] SIM_BRIDGE: Applying parameter heterogeneity to neuron parameters...
[2026-06-13 12:36:11][INFO] SIM_BRIDGE: Applied heterogeneity to 4 parameters.
[2026-06-13 12:36:11][INFO] SIM_BRIDGE: Initializing OU process state (tau=15.0ms, sigma=0.0pA)...
[2026-06-13 12:36:11][INFO] SIM_BRIDGE: Generating 3D neuron positions for 2700 neurons...
[2026-06-13 12:36:11][INFO] SIM_BRIDGE: Generating connections (brain-region framework)...
[2026-06-13 12:36:15][INFO] SIM_BRIDGE: inject_explicit_wiring: installed 3889253 synapses across 3 populations.
[2026-06-13 12:36:15][INFO] SIM_BRIDGE: Simulation data initialized for 2700 neurons (3D). Synapses: 3889253. GPU memory: 8.6GB/25.8GB (33.2%)
[2026-06-13 12:38:08][INFO] SIM_BRIDGE: CuPy using GPU: NVIDIA GeForce RTX 3090 (24.0 GB), mempool limit: 80%
[2026-06-13 12:38:08][INFO] SIM_BRIDGE: Initializing simulation data for model: IZHIKEVICH (3D)... (playback_init: False)
[2026-06-13 12:38:08][INFO] SIM_BRIDGE: Brain-region framework: 2 regions, 2700 total neurons, 3 pathways.
[2026-06-13 12:38:08][INFO] SIM_BRIDGE: RNG initialized with seed: 44
[2026-06-13 12:38:08][INFO] SIM_BRIDGE: Initializing Izhikevich model specifics for 2700 neurons...
[2026-06-13 12:38:08][INFO] SIM_BRIDGE: Applying parameter heterogeneity to neuron parameters...
[2026-06-13 12:38:08][INFO] SIM_BRIDGE: Applied heterogeneity to 4 parameters.
[2026-06-13 12:38:08][INFO] SIM_BRIDGE: Initializing OU process state (tau=15.0ms, sigma=0.0pA)...
[2026-06-13 12:38:08][INFO] SIM_BRIDGE: Generating 3D neuron positions for 2700 neurons...
[2026-06-13 12:38:08][INFO] SIM_BRIDGE: Generating connections (brain-region framework)...
[2026-06-13 12:38:12][INFO] SIM_BRIDGE: inject_explicit_wiring: installed 3889253 synapses across 3 populations.
[2026-06-13 12:38:12][INFO] SIM_BRIDGE: Simulation data initialized for 2700 neurons (3D). Synapses: 3889253. GPU memory: 8.6GB/25.8GB (33.2%)
  [   plants] M1 gen=1.000(4.0x) A2=True A3=True [GO] | M2 P(sim)=+0.774 2nd=+0.539 graded=1 [GO] | G5 collapses=True (perm 2nd=-0.008) | 117s, 3456623 syn
[2026-06-13 12:40:00][INFO] SIM_BRIDGE: CuPy using GPU: NVIDIA GeForce RTX 3090 (24.0 GB), mempool limit: 80%
[2026-06-13 12:40:00][INFO] SIM_BRIDGE: Initializing simulation data for model: IZHIKEVICH (3D)... (playback_init: False)
[2026-06-13 12:40:00][INFO] SIM_BRIDGE: Brain-region framework: 2 regions, 2700 total neurons, 3 pathways.
[2026-06-13 12:40:00][INFO] SIM_BRIDGE: RNG initialized with seed: 44
[2026-06-13 12:40:00][INFO] SIM_BRIDGE: Initializing Izhikevich model specifics for 2700 neurons...
[2026-06-13 12:40:00][INFO] SIM_BRIDGE: Applying parameter heterogeneity to neuron parameters...
[2026-06-13 12:40:00][INFO] SIM_BRIDGE: Applied heterogeneity to 4 parameters.
[2026-06-13 12:40:00][INFO] SIM_BRIDGE: Initializing OU process state (tau=15.0ms, sigma=0.0pA)...
[2026-06-13 12:40:00][INFO] SIM_BRIDGE: Generating 3D neuron positions for 2700 neurons...
[2026-06-13 12:40:00][INFO] SIM_BRIDGE: Generating connections (brain-region framework)...
[2026-06-13 12:40:03][INFO] SIM_BRIDGE: inject_explicit_wiring: installed 3889253 synapses across 3 populations.
[2026-06-13 12:40:03][INFO] SIM_BRIDGE: Simulation data initialized for 2700 neurons (3D). Synapses: 3889253. GPU memory: 8.6GB/25.8GB (33.2%)
[2026-06-13 12:41:50][INFO] SIM_BRIDGE: CuPy using GPU: NVIDIA GeForce RTX 3090 (24.0 GB), mempool limit: 80%
[2026-06-13 12:41:50][INFO] SIM_BRIDGE: Initializing simulation data for model: IZHIKEVICH (3D)... (playback_init: False)
[2026-06-13 12:41:50][INFO] SIM_BRIDGE: Brain-region framework: 2 regions, 2700 total neurons, 3 pathways.
[2026-06-13 12:41:50][INFO] SIM_BRIDGE: RNG initialized with seed: 44
[2026-06-13 12:41:50][INFO] SIM_BRIDGE: Initializing Izhikevich model specifics for 2700 neurons...
[2026-06-13 12:41:50][INFO] SIM_BRIDGE: Applying parameter heterogeneity to neuron parameters...
[2026-06-13 12:41:50][INFO] SIM_BRIDGE: Applied heterogeneity to 4 parameters.
[2026-06-13 12:41:50][INFO] SIM_BRIDGE: Initializing OU process state (tau=15.0ms, sigma=0.0pA)...
[2026-06-13 12:41:50][INFO] SIM_BRIDGE: Generating 3D neuron positions for 2700 neurons...
[2026-06-13 12:41:50][INFO] SIM_BRIDGE: Generating connections (brain-region framework)...
[2026-06-13 12:41:54][INFO] SIM_BRIDGE: inject_explicit_wiring: installed 3889253 synapses across 3 populations.
[2026-06-13 12:41:54][INFO] SIM_BRIDGE: Simulation data initialized for 2700 neurons (3D). Synapses: 3889253. GPU memory: 8.6GB/25.8GB (33.2%)
  [  weather] M1 gen=0.963(3.9x) A2=True A3=True [GO] | M2 P(sim)=+0.762 2nd=+0.537 graded=1 [GO] | G5 collapses=True (perm 2nd=-0.010) | 111s, 3456623 syn
[2026-06-13 12:43:52][INFO] SIM_BRIDGE: CuPy using GPU: NVIDIA GeForce RTX 3090 (24.0 GB), mempool limit: 80%
[2026-06-13 12:43:52][INFO] SIM_BRIDGE: Initializing simulation data for model: IZHIKEVICH (3D)... (playback_init: False)
[2026-06-13 12:43:52][INFO] SIM_BRIDGE: Brain-region framework: 2 regions, 2700 total neurons, 3 pathways.
[2026-06-13 12:43:52][INFO] SIM_BRIDGE: RNG initialized with seed: 44
[2026-06-13 12:43:52][INFO] SIM_BRIDGE: Initializing Izhikevich model specifics for 2700 neurons...
[2026-06-13 12:43:52][INFO] SIM_BRIDGE: Applying parameter heterogeneity to neuron parameters...
[2026-06-13 12:43:52][INFO] SIM_BRIDGE: Applied heterogeneity to 4 parameters.
[2026-06-13 12:43:52][INFO] SIM_BRIDGE: Initializing OU process state (tau=15.0ms, sigma=0.0pA)...
[2026-06-13 12:43:52][INFO] SIM_BRIDGE: Generating 3D neuron positions for 2700 neurons...
[2026-06-13 12:43:52][INFO] SIM_BRIDGE: Generating connections (brain-region framework)...
[2026-06-13 12:43:55][INFO] SIM_BRIDGE: inject_explicit_wiring: installed 3889253 synapses across 3 populations.
[2026-06-13 12:43:56][INFO] SIM_BRIDGE: Simulation data initialized for 2700 neurons (3D). Synapses: 3889253. GPU memory: 8.6GB/25.8GB (33.2%)
[2026-06-13 12:45:45][INFO] SIM_BRIDGE: CuPy using GPU: NVIDIA GeForce RTX 3090 (24.0 GB), mempool limit: 80%
[2026-06-13 12:45:45][INFO] SIM_BRIDGE: Initializing simulation data for model: IZHIKEVICH (3D)... (playback_init: False)
[2026-06-13 12:45:45][INFO] SIM_BRIDGE: Brain-region framework: 2 regions, 2700 total neurons, 3 pathways.
[2026-06-13 12:45:45][INFO] SIM_BRIDGE: RNG initialized with seed: 44
[2026-06-13 12:45:45][INFO] SIM_BRIDGE: Initializing Izhikevich model specifics for 2700 neurons...
[2026-06-13 12:45:45][INFO] SIM_BRIDGE: Applying parameter heterogeneity to neuron parameters...
[2026-06-13 12:45:45][INFO] SIM_BRIDGE: Applied heterogeneity to 4 parameters.
[2026-06-13 12:45:45][INFO] SIM_BRIDGE: Initializing OU process state (tau=15.0ms, sigma=0.0pA)...
[2026-06-13 12:45:45][INFO] SIM_BRIDGE: Generating 3D neuron positions for 2700 neurons...
[2026-06-13 12:45:45][INFO] SIM_BRIDGE: Generating connections (brain-region framework)...
[2026-06-13 12:45:49][INFO] SIM_BRIDGE: inject_explicit_wiring: installed 3889253 synapses across 3 populations.
[2026-06-13 12:45:49][INFO] SIM_BRIDGE: Simulation data initialized for 2700 neurons (3D). Synapses: 3889253. GPU memory: 8.6GB/25.8GB (33.2%)
  [body_parts] M1 gen=1.000(4.0x) A2=True A3=True [GO] | M2 P(sim)=+0.783 2nd=+0.541 graded=1 [GO] | G5 collapses=True (perm 2nd=-0.006) | 113s, 3456623 syn
[2026-06-13 12:47:33][INFO] SIM_BRIDGE: CuPy using GPU: NVIDIA GeForce RTX 3090 (24.0 GB), mempool limit: 80%
[2026-06-13 12:47:33][INFO] SIM_BRIDGE: Initializing simulation data for model: IZHIKEVICH (3D)... (playback_init: False)
[2026-06-13 12:47:33][INFO] SIM_BRIDGE: Brain-region framework: 2 regions, 2700 total neurons, 3 pathways.
[2026-06-13 12:47:33][INFO] SIM_BRIDGE: RNG initialized with seed: 44
[2026-06-13 12:47:33][INFO] SIM_BRIDGE: Initializing Izhikevich model specifics for 2700 neurons...
[2026-06-13 12:47:33][INFO] SIM_BRIDGE: Applying parameter heterogeneity to neuron parameters...
[2026-06-13 12:47:33][INFO] SIM_BRIDGE: Applied heterogeneity to 4 parameters.
[2026-06-13 12:47:33][INFO] SIM_BRIDGE: Initializing OU process state (tau=15.0ms, sigma=0.0pA)...
[2026-06-13 12:47:33][INFO] SIM_BRIDGE: Generating 3D neuron positions for 2700 neurons...
[2026-06-13 12:47:33][INFO] SIM_BRIDGE: Generating connections (brain-region framework)...
[2026-06-13 12:47:37][INFO] SIM_BRIDGE: inject_explicit_wiring: installed 3889253 synapses across 3 populations.
[2026-06-13 12:47:37][INFO] SIM_BRIDGE: Simulation data initialized for 2700 neurons (3D). Synapses: 3889253. GPU memory: 8.6GB/25.8GB (33.2%)
[2026-06-13 12:49:28][INFO] SIM_BRIDGE: CuPy using GPU: NVIDIA GeForce RTX 3090 (24.0 GB), mempool limit: 80%
[2026-06-13 12:49:28][INFO] SIM_BRIDGE: Initializing simulation data for model: IZHIKEVICH (3D)... (playback_init: False)
[2026-06-13 12:49:28][INFO] SIM_BRIDGE: Brain-region framework: 2 regions, 2700 total neurons, 3 pathways.
[2026-06-13 12:49:28][INFO] SIM_BRIDGE: RNG initialized with seed: 44
[2026-06-13 12:49:28][INFO] SIM_BRIDGE: Initializing Izhikevich model specifics for 2700 neurons...
[2026-06-13 12:49:28][INFO] SIM_BRIDGE: Applying parameter heterogeneity to neuron parameters...
[2026-06-13 12:49:28][INFO] SIM_BRIDGE: Applied heterogeneity to 4 parameters.
[2026-06-13 12:49:28][INFO] SIM_BRIDGE: Initializing OU process state (tau=15.0ms, sigma=0.0pA)...
[2026-06-13 12:49:28][INFO] SIM_BRIDGE: Generating 3D neuron positions for 2700 neurons...
[2026-06-13 12:49:28][INFO] SIM_BRIDGE: Generating connections (brain-region framework)...
[2026-06-13 12:49:32][INFO] SIM_BRIDGE: inject_explicit_wiring: installed 3889253 synapses across 3 populations.
[2026-06-13 12:49:32][INFO] SIM_BRIDGE: Simulation data initialized for 2700 neurons (3D). Synapses: 3889253. GPU memory: 8.6GB/25.8GB (33.2%)
  [   colors] M1 gen=1.000(4.0x) A2=True A3=True [GO] | M2 P(sim)=+0.768 2nd=+0.543 graded=1 [GO] | G5 collapses=True (perm 2nd=-0.011) | 114s, 3456623 syn
[2026-06-13 12:51:24][INFO] SIM_BRIDGE: CuPy using GPU: NVIDIA GeForce RTX 3090 (24.0 GB), mempool limit: 80%
[2026-06-13 12:51:24][INFO] SIM_BRIDGE: Initializing simulation data for model: IZHIKEVICH (3D)... (playback_init: False)
[2026-06-13 12:51:24][INFO] SIM_BRIDGE: Brain-region framework: 2 regions, 2700 total neurons, 3 pathways.
[2026-06-13 12:51:24][INFO] SIM_BRIDGE: RNG initialized with seed: 44
[2026-06-13 12:51:24][INFO] SIM_BRIDGE: Initializing Izhikevich model specifics for 2700 neurons...
[2026-06-13 12:51:24][INFO] SIM_BRIDGE: Applying parameter heterogeneity to neuron parameters...
[2026-06-13 12:51:24][INFO] SIM_BRIDGE: Applied heterogeneity to 4 parameters.
[2026-06-13 12:51:24][INFO] SIM_BRIDGE: Initializing OU process state (tau=15.0ms, sigma=0.0pA)...
[2026-06-13 12:51:24][INFO] SIM_BRIDGE: Generating 3D neuron positions for 2700 neurons...
[2026-06-13 12:51:24][INFO] SIM_BRIDGE: Generating connections (brain-region framework)...
[2026-06-13 12:51:27][INFO] SIM_BRIDGE: inject_explicit_wiring: installed 3889253 synapses across 3 populations.
[2026-06-13 12:51:27][INFO] SIM_BRIDGE: Simulation data initialized for 2700 neurons (3D). Synapses: 3889253. GPU memory: 8.6GB/25.8GB (33.2%)
[2026-06-13 12:53:13][INFO] SIM_BRIDGE: CuPy using GPU: NVIDIA GeForce RTX 3090 (24.0 GB), mempool limit: 80%
[2026-06-13 12:53:13][INFO] SIM_BRIDGE: Initializing simulation data for model: IZHIKEVICH (3D)... (playback_init: False)
[2026-06-13 12:53:13][INFO] SIM_BRIDGE: Brain-region framework: 2 regions, 2700 total neurons, 3 pathways.
[2026-06-13 12:53:13][INFO] SIM_BRIDGE: RNG initialized with seed: 44
[2026-06-13 12:53:13][INFO] SIM_BRIDGE: Initializing Izhikevich model specifics for 2700 neurons...
[2026-06-13 12:53:13][INFO] SIM_BRIDGE: Applying parameter heterogeneity to neuron parameters...
[2026-06-13 12:53:13][INFO] SIM_BRIDGE: Applied heterogeneity to 4 parameters.
[2026-06-13 12:53:13][INFO] SIM_BRIDGE: Initializing OU process state (tau=15.0ms, sigma=0.0pA)...
[2026-06-13 12:53:13][INFO] SIM_BRIDGE: Generating 3D neuron positions for 2700 neurons...
[2026-06-13 12:53:13][INFO] SIM_BRIDGE: Generating connections (brain-region framework)...
[2026-06-13 12:53:17][INFO] SIM_BRIDGE: inject_explicit_wiring: installed 3889253 synapses across 3 populations.
[2026-06-13 12:53:17][INFO] SIM_BRIDGE: Simulation data initialized for 2700 neurons (3D). Synapses: 3889253. GPU memory: 8.6GB/25.8GB (33.2%)
  [ emotions] M1 gen=0.969(3.9x) A2=True A3=True [GO] | M2 P(sim)=+0.764 2nd=+0.529 graded=1 [GO] | G5 collapses=True (perm 2nd=-0.004) | 109s, 3456623 syn
[2026-06-13 12:55:07][INFO] SIM_BRIDGE: CuPy using GPU: NVIDIA GeForce RTX 3090 (24.0 GB), mempool limit: 80%
[2026-06-13 12:55:07][INFO] SIM_BRIDGE: Initializing simulation data for model: IZHIKEVICH (3D)... (playback_init: False)
[2026-06-13 12:55:07][INFO] SIM_BRIDGE: Brain-region framework: 2 regions, 2700 total neurons, 3 pathways.
[2026-06-13 12:55:07][INFO] SIM_BRIDGE: RNG initialized with seed: 44
[2026-06-13 12:55:07][INFO] SIM_BRIDGE: Initializing Izhikevich model specifics for 2700 neurons...
[2026-06-13 12:55:07][INFO] SIM_BRIDGE: Applying parameter heterogeneity to neuron parameters...
[2026-06-13 12:55:07][INFO] SIM_BRIDGE: Applied heterogeneity to 4 parameters.
[2026-06-13 12:55:07][INFO] SIM_BRIDGE: Initializing OU process state (tau=15.0ms, sigma=0.0pA)...
[2026-06-13 12:55:07][INFO] SIM_BRIDGE: Generating 3D neuron positions for 2700 neurons...
[2026-06-13 12:55:07][INFO] SIM_BRIDGE: Generating connections (brain-region framework)...
[2026-06-13 12:55:11][INFO] SIM_BRIDGE: inject_explicit_wiring: installed 3889253 synapses across 3 populations.
[2026-06-13 12:55:11][INFO] SIM_BRIDGE: Simulation data initialized for 2700 neurons (3D). Synapses: 3889253. GPU memory: 8.6GB/25.8GB (33.2%)
[2026-06-13 12:57:08][INFO] SIM_BRIDGE: CuPy using GPU: NVIDIA GeForce RTX 3090 (24.0 GB), mempool limit: 80%
[2026-06-13 12:57:08][INFO] SIM_BRIDGE: Initializing simulation data for model: IZHIKEVICH (3D)... (playback_init: False)
[2026-06-13 12:57:08][INFO] SIM_BRIDGE: Brain-region framework: 2 regions, 2700 total neurons, 3 pathways.
[2026-06-13 12:57:08][INFO] SIM_BRIDGE: RNG initialized with seed: 44
[2026-06-13 12:57:08][INFO] SIM_BRIDGE: Initializing Izhikevich model specifics for 2700 neurons...
[2026-06-13 12:57:08][INFO] SIM_BRIDGE: Applying parameter heterogeneity to neuron parameters...
[2026-06-13 12:57:08][INFO] SIM_BRIDGE: Applied heterogeneity to 4 parameters.
[2026-06-13 12:57:08][INFO] SIM_BRIDGE: Initializing OU process state (tau=15.0ms, sigma=0.0pA)...
[2026-06-13 12:57:08][INFO] SIM_BRIDGE: Generating 3D neuron positions for 2700 neurons...
[2026-06-13 12:57:08][INFO] SIM_BRIDGE: Generating connections (brain-region framework)...
[2026-06-13 12:57:12][INFO] SIM_BRIDGE: inject_explicit_wiring: installed 3889253 synapses across 3 populations.
[2026-06-13 12:57:12][INFO] SIM_BRIDGE: Simulation data initialized for 2700 neurons (3D). Synapses: 3889253. GPU memory: 8.6GB/25.8GB (33.2%)
  [     jobs] M1 gen=1.000(4.0x) A2=True A3=True [GO] | M2 P(sim)=+0.773 2nd=+0.535 graded=1 [GO] | G5 collapses=True (perm 2nd=-0.006) | 121s, 3456623 syn
[2026-06-13 12:58:59][INFO] SIM_BRIDGE: CuPy using GPU: NVIDIA GeForce RTX 3090 (24.0 GB), mempool limit: 80%
[2026-06-13 12:58:59][INFO] SIM_BRIDGE: Initializing simulation data for model: IZHIKEVICH (3D)... (playback_init: False)
[2026-06-13 12:58:59][INFO] SIM_BRIDGE: Brain-region framework: 2 regions, 2700 total neurons, 3 pathways.
[2026-06-13 12:58:59][INFO] SIM_BRIDGE: RNG initialized with seed: 44
[2026-06-13 12:58:59][INFO] SIM_BRIDGE: Initializing Izhikevich model specifics for 2700 neurons...
[2026-06-13 12:58:59][INFO] SIM_BRIDGE: Applying parameter heterogeneity to neuron parameters...
[2026-06-13 12:58:59][INFO] SIM_BRIDGE: Applied heterogeneity to 4 parameters.
[2026-06-13 12:58:59][INFO] SIM_BRIDGE: Initializing OU process state (tau=15.0ms, sigma=0.0pA)...
[2026-06-13 12:58:59][INFO] SIM_BRIDGE: Generating 3D neuron positions for 2700 neurons...
[2026-06-13 12:58:59][INFO] SIM_BRIDGE: Generating connections (brain-region framework)...
[2026-06-13 12:59:02][INFO] SIM_BRIDGE: inject_explicit_wiring: installed 3889253 synapses across 3 populations.
[2026-06-13 12:59:02][INFO] SIM_BRIDGE: Simulation data initialized for 2700 neurons (3D). Synapses: 3889253. GPU memory: 8.6GB/25.8GB (33.2%)
[2026-06-13 13:00:54][INFO] SIM_BRIDGE: CuPy using GPU: NVIDIA GeForce RTX 3090 (24.0 GB), mempool limit: 80%
[2026-06-13 13:00:54][INFO] SIM_BRIDGE: Initializing simulation data for model: IZHIKEVICH (3D)... (playback_init: False)
[2026-06-13 13:00:54][INFO] SIM_BRIDGE: Brain-region framework: 2 regions, 2700 total neurons, 3 pathways.
[2026-06-13 13:00:54][INFO] SIM_BRIDGE: RNG initialized with seed: 44
[2026-06-13 13:00:54][INFO] SIM_BRIDGE: Initializing Izhikevich model specifics for 2700 neurons...
[2026-06-13 13:00:54][INFO] SIM_BRIDGE: Applying parameter heterogeneity to neuron parameters...
[2026-06-13 13:00:54][INFO] SIM_BRIDGE: Applied heterogeneity to 4 parameters.
[2026-06-13 13:00:54][INFO] SIM_BRIDGE: Initializing OU process state (tau=15.0ms, sigma=0.0pA)...
[2026-06-13 13:00:54][INFO] SIM_BRIDGE: Generating 3D neuron positions for 2700 neurons...
[2026-06-13 13:00:54][INFO] SIM_BRIDGE: Generating connections (brain-region framework)...
[2026-06-13 13:00:57][INFO] SIM_BRIDGE: inject_explicit_wiring: installed 3889253 synapses across 3 populations.
[2026-06-13 13:00:57][INFO] SIM_BRIDGE: Simulation data initialized for 2700 neurons (3D). Synapses: 3889253. GPU memory: 8.6GB/25.8GB (33.2%)
  [   sports] M1 gen=1.000(4.0x) A2=True A3=True [GO] | M2 P(sim)=+0.760 2nd=+0.535 graded=1 [GO] | G5 collapses=True (perm 2nd=-0.005) | 115s, 3456623 syn
[2026-06-13 13:02:47][INFO] SIM_BRIDGE: CuPy using GPU: NVIDIA GeForce RTX 3090 (24.0 GB), mempool limit: 80%
[2026-06-13 13:02:47][INFO] SIM_BRIDGE: Initializing simulation data for model: IZHIKEVICH (3D)... (playback_init: False)
[2026-06-13 13:02:47][INFO] SIM_BRIDGE: Brain-region framework: 2 regions, 2700 total neurons, 3 pathways.
[2026-06-13 13:02:47][INFO] SIM_BRIDGE: RNG initialized with seed: 44
[2026-06-13 13:02:47][INFO] SIM_BRIDGE: Initializing Izhikevich model specifics for 2700 neurons...
[2026-06-13 13:02:47][INFO] SIM_BRIDGE: Applying parameter heterogeneity to neuron parameters...
[2026-06-13 13:02:47][INFO] SIM_BRIDGE: Applied heterogeneity to 4 parameters.
[2026-06-13 13:02:47][INFO] SIM_BRIDGE: Initializing OU process state (tau=15.0ms, sigma=0.0pA)...
[2026-06-13 13:02:47][INFO] SIM_BRIDGE: Generating 3D neuron positions for 2700 neurons...
[2026-06-13 13:02:47][INFO] SIM_BRIDGE: Generating connections (brain-region framework)...
[2026-06-13 13:02:50][INFO] SIM_BRIDGE: inject_explicit_wiring: installed 3889253 synapses across 3 populations.
[2026-06-13 13:02:51][INFO] SIM_BRIDGE: Simulation data initialized for 2700 neurons (3D). Synapses: 3889253. GPU memory: 8.6GB/25.8GB (33.2%)
[2026-06-13 13:04:34][INFO] SIM_BRIDGE: CuPy using GPU: NVIDIA GeForce RTX 3090 (24.0 GB), mempool limit: 80%
[2026-06-13 13:04:34][INFO] SIM_BRIDGE: Initializing simulation data for model: IZHIKEVICH (3D)... (playback_init: False)
[2026-06-13 13:04:34][INFO] SIM_BRIDGE: Brain-region framework: 2 regions, 2700 total neurons, 3 pathways.
[2026-06-13 13:04:34][INFO] SIM_BRIDGE: RNG initialized with seed: 44
[2026-06-13 13:04:34][INFO] SIM_BRIDGE: Initializing Izhikevich model specifics for 2700 neurons...
[2026-06-13 13:04:34][INFO] SIM_BRIDGE: Applying parameter heterogeneity to neuron parameters...
[2026-06-13 13:04:34][INFO] SIM_BRIDGE: Applied heterogeneity to 4 parameters.
[2026-06-13 13:04:34][INFO] SIM_BRIDGE: Initializing OU process state (tau=15.0ms, sigma=0.0pA)...
[2026-06-13 13:04:34][INFO] SIM_BRIDGE: Generating 3D neuron positions for 2700 neurons...
[2026-06-13 13:04:34][INFO] SIM_BRIDGE: Generating connections (brain-region framework)...
[2026-06-13 13:04:38][INFO] SIM_BRIDGE: inject_explicit_wiring: installed 3889253 synapses across 3 populations.
[2026-06-13 13:04:38][INFO] SIM_BRIDGE: Simulation data initialized for 2700 neurons (3D). Synapses: 3889253. GPU memory: 8.6GB/25.8GB (33.2%)
  [instruments] M1 gen=1.000(4.0x) A2=True A3=True [GO] | M2 P(sim)=+0.748 2nd=+0.535 graded=1 [GO] | G5 collapses=True (perm 2nd=-0.012) | 107s, 3456623 syn
[2026-06-13 13:06:23][INFO] SIM_BRIDGE: CuPy using GPU: NVIDIA GeForce RTX 3090 (24.0 GB), mempool limit: 80%
[2026-06-13 13:06:23][INFO] SIM_BRIDGE: Initializing simulation data for model: IZHIKEVICH (3D)... (playback_init: False)
[2026-06-13 13:06:23][INFO] SIM_BRIDGE: Brain-region framework: 2 regions, 2700 total neurons, 3 pathways.
[2026-06-13 13:06:23][INFO] SIM_BRIDGE: RNG initialized with seed: 44
[2026-06-13 13:06:23][INFO] SIM_BRIDGE: Initializing Izhikevich model specifics for 2700 neurons...
[2026-06-13 13:06:23][INFO] SIM_BRIDGE: Applying parameter heterogeneity to neuron parameters...
[2026-06-13 13:06:23][INFO] SIM_BRIDGE: Applied heterogeneity to 4 parameters.
[2026-06-13 13:06:23][INFO] SIM_BRIDGE: Initializing OU process state (tau=15.0ms, sigma=0.0pA)...
[2026-06-13 13:06:23][INFO] SIM_BRIDGE: Generating 3D neuron positions for 2700 neurons...
[2026-06-13 13:06:23][INFO] SIM_BRIDGE: Generating connections (brain-region framework)...
[2026-06-13 13:06:27][INFO] SIM_BRIDGE: inject_explicit_wiring: installed 3889253 synapses across 3 populations.
[2026-06-13 13:06:27][INFO] SIM_BRIDGE: Simulation data initialized for 2700 neurons (3D). Synapses: 3889253. GPU memory: 8.6GB/25.8GB (33.2%)
[2026-06-13 13:08:22][INFO] SIM_BRIDGE: CuPy using GPU: NVIDIA GeForce RTX 3090 (24.0 GB), mempool limit: 80%
[2026-06-13 13:08:22][INFO] SIM_BRIDGE: Initializing simulation data for model: IZHIKEVICH (3D)... (playback_init: False)
[2026-06-13 13:08:22][INFO] SIM_BRIDGE: Brain-region framework: 2 regions, 2700 total neurons, 3 pathways.
[2026-06-13 13:08:22][INFO] SIM_BRIDGE: RNG initialized with seed: 44
[2026-06-13 13:08:22][INFO] SIM_BRIDGE: Initializing Izhikevich model specifics for 2700 neurons...
[2026-06-13 13:08:22][INFO] SIM_BRIDGE: Applying parameter heterogeneity to neuron parameters...
[2026-06-13 13:08:22][INFO] SIM_BRIDGE: Applied heterogeneity to 4 parameters.
[2026-06-13 13:08:22][INFO] SIM_BRIDGE: Initializing OU process state (tau=15.0ms, sigma=0.0pA)...
[2026-06-13 13:08:22][INFO] SIM_BRIDGE: Generating 3D neuron positions for 2700 neurons...
[2026-06-13 13:08:22][INFO] SIM_BRIDGE: Generating connections (brain-region framework)...
[2026-06-13 13:08:26][INFO] SIM_BRIDGE: inject_explicit_wiring: installed 3889253 synapses across 3 populations.
[2026-06-13 13:08:26][INFO] SIM_BRIDGE: Simulation data initialized for 2700 neurons (3D). Synapses: 3889253. GPU memory: 8.6GB/25.8GB (33.2%)
  [buildings] M1 gen=1.000(4.0x) A2=True A3=True [GO] | M2 P(sim)=+0.799 2nd=+0.548 graded=1 [GO] | G5 collapses=True (perm 2nd=-0.007) | 119s, 3456623 syn
[2026-06-13 13:10:12][INFO] SIM_BRIDGE: CuPy using GPU: NVIDIA GeForce RTX 3090 (24.0 GB), mempool limit: 80%
[2026-06-13 13:10:12][INFO] SIM_BRIDGE: Initializing simulation data for model: IZHIKEVICH (3D)... (playback_init: False)
[2026-06-13 13:10:12][INFO] SIM_BRIDGE: Brain-region framework: 2 regions, 2700 total neurons, 3 pathways.
[2026-06-13 13:10:12][INFO] SIM_BRIDGE: RNG initialized with seed: 44
[2026-06-13 13:10:12][INFO] SIM_BRIDGE: Initializing Izhikevich model specifics for 2700 neurons...
[2026-06-13 13:10:12][INFO] SIM_BRIDGE: Applying parameter heterogeneity to neuron parameters...
[2026-06-13 13:10:12][INFO] SIM_BRIDGE: Applied heterogeneity to 4 parameters.
[2026-06-13 13:10:12][INFO] SIM_BRIDGE: Initializing OU process state (tau=15.0ms, sigma=0.0pA)...
[2026-06-13 13:10:12][INFO] SIM_BRIDGE: Generating 3D neuron positions for 2700 neurons...
[2026-06-13 13:10:12][INFO] SIM_BRIDGE: Generating connections (brain-region framework)...
[2026-06-13 13:10:16][INFO] SIM_BRIDGE: inject_explicit_wiring: installed 3889253 synapses across 3 populations.
[2026-06-13 13:10:16][INFO] SIM_BRIDGE: Simulation data initialized for 2700 neurons (3D). Synapses: 3889253. GPU memory: 8.6GB/25.8GB (33.2%)
[2026-06-13 13:12:07][INFO] SIM_BRIDGE: CuPy using GPU: NVIDIA GeForce RTX 3090 (24.0 GB), mempool limit: 80%
[2026-06-13 13:12:07][INFO] SIM_BRIDGE: Initializing simulation data for model: IZHIKEVICH (3D)... (playback_init: False)
[2026-06-13 13:12:07][INFO] SIM_BRIDGE: Brain-region framework: 2 regions, 2700 total neurons, 3 pathways.
[2026-06-13 13:12:07][INFO] SIM_BRIDGE: RNG initialized with seed: 44
[2026-06-13 13:12:07][INFO] SIM_BRIDGE: Initializing Izhikevich model specifics for 2700 neurons...
[2026-06-13 13:12:07][INFO] SIM_BRIDGE: Applying parameter heterogeneity to neuron parameters...
[2026-06-13 13:12:07][INFO] SIM_BRIDGE: Applied heterogeneity to 4 parameters.
[2026-06-13 13:12:07][INFO] SIM_BRIDGE: Initializing OU process state (tau=15.0ms, sigma=0.0pA)...
[2026-06-13 13:12:07][INFO] SIM_BRIDGE: Generating 3D neuron positions for 2700 neurons...
[2026-06-13 13:12:07][INFO] SIM_BRIDGE: Generating connections (brain-region framework)...
[2026-06-13 13:12:10][INFO] SIM_BRIDGE: inject_explicit_wiring: installed 3889253 synapses across 3 populations.
[2026-06-13 13:12:10][INFO] SIM_BRIDGE: Simulation data initialized for 2700 neurons (3D). Synapses: 3889253. GPU memory: 8.6GB/25.8GB (33.2%)
  [countries] M1 gen=1.000(4.0x) A2=True A3=True [GO] | M2 P(sim)=+0.768 2nd=+0.542 graded=1 [GO] | G5 collapses=True (perm 2nd=-0.006) | 114s, 3456623 syn
[2026-06-13 13:14:07][INFO] SIM_BRIDGE: CuPy using GPU: NVIDIA GeForce RTX 3090 (24.0 GB), mempool limit: 80%
[2026-06-13 13:14:07][INFO] SIM_BRIDGE: Initializing simulation data for model: IZHIKEVICH (3D)... (playback_init: False)
[2026-06-13 13:14:07][INFO] SIM_BRIDGE: Brain-region framework: 2 regions, 2700 total neurons, 3 pathways.
[2026-06-13 13:14:07][INFO] SIM_BRIDGE: RNG initialized with seed: 44
[2026-06-13 13:14:07][INFO] SIM_BRIDGE: Initializing Izhikevich model specifics for 2700 neurons...
[2026-06-13 13:14:07][INFO] SIM_BRIDGE: Applying parameter heterogeneity to neuron parameters...
[2026-06-13 13:14:07][INFO] SIM_BRIDGE: Applied heterogeneity to 4 parameters.
[2026-06-13 13:14:07][INFO] SIM_BRIDGE: Initializing OU process state (tau=15.0ms, sigma=0.0pA)...
[2026-06-13 13:14:07][INFO] SIM_BRIDGE: Generating 3D neuron positions for 2700 neurons...
[2026-06-13 13:14:07][INFO] SIM_BRIDGE: Generating connections (brain-region framework)...
[2026-06-13 13:14:10][INFO] SIM_BRIDGE: inject_explicit_wiring: installed 3889253 synapses across 3 populations.
[2026-06-13 13:14:11][INFO] SIM_BRIDGE: Simulation data initialized for 2700 neurons (3D). Synapses: 3889253. GPU memory: 8.6GB/25.8GB (33.2%)
[2026-06-13 13:16:27][INFO] SIM_BRIDGE: CuPy using GPU: NVIDIA GeForce RTX 3090 (24.0 GB), mempool limit: 80%
[2026-06-13 13:16:27][INFO] SIM_BRIDGE: Initializing simulation data for model: IZHIKEVICH (3D)... (playback_init: False)
[2026-06-13 13:16:27][INFO] SIM_BRIDGE: Brain-region framework: 2 regions, 2700 total neurons, 3 pathways.
[2026-06-13 13:16:27][INFO] SIM_BRIDGE: RNG initialized with seed: 44
[2026-06-13 13:16:27][INFO] SIM_BRIDGE: Initializing Izhikevich model specifics for 2700 neurons...
[2026-06-13 13:16:27][INFO] SIM_BRIDGE: Applying parameter heterogeneity to neuron parameters...
[2026-06-13 13:16:27][INFO] SIM_BRIDGE: Applied heterogeneity to 4 parameters.
[2026-06-13 13:16:27][INFO] SIM_BRIDGE: Initializing OU process state (tau=15.0ms, sigma=0.0pA)...
[2026-06-13 13:16:27][INFO] SIM_BRIDGE: Generating 3D neuron positions for 2700 neurons...
[2026-06-13 13:16:27][INFO] SIM_BRIDGE: Generating connections (brain-region framework)...
[2026-06-13 13:16:32][INFO] SIM_BRIDGE: inject_explicit_wiring: installed 3889253 synapses across 3 populations.
[2026-06-13 13:16:32][INFO] SIM_BRIDGE: Simulation data initialized for 2700 neurons (3D). Synapses: 3889253. GPU memory: 8.6GB/25.8GB (33.2%)
  [   drinks] M1 gen=0.994(4.0x) A2=True A3=True [GO] | M2 P(sim)=+0.766 2nd=+0.532 graded=1 [GO] | G5 collapses=True (perm 2nd=-0.006) | 140s, 3456623 syn
[2026-06-13 13:19:18][INFO] SIM_BRIDGE: CuPy using GPU: NVIDIA GeForce RTX 3090 (24.0 GB), mempool limit: 80%
[2026-06-13 13:19:18][INFO] SIM_BRIDGE: Initializing simulation data for model: IZHIKEVICH (3D)... (playback_init: False)
[2026-06-13 13:19:18][INFO] SIM_BRIDGE: Brain-region framework: 2 regions, 2700 total neurons, 3 pathways.
[2026-06-13 13:19:18][INFO] SIM_BRIDGE: RNG initialized with seed: 44
[2026-06-13 13:19:18][INFO] SIM_BRIDGE: Initializing Izhikevich model specifics for 2700 neurons...
[2026-06-13 13:19:18][INFO] SIM_BRIDGE: Applying parameter heterogeneity to neuron parameters...
[2026-06-13 13:19:18][INFO] SIM_BRIDGE: Applied heterogeneity to 4 parameters.
[2026-06-13 13:19:18][INFO] SIM_BRIDGE: Initializing OU process state (tau=15.0ms, sigma=0.0pA)...
[2026-06-13 13:19:18][INFO] SIM_BRIDGE: Generating 3D neuron positions for 2700 neurons...
[2026-06-13 13:19:18][INFO] SIM_BRIDGE: Generating connections (brain-region framework)...
[2026-06-13 13:19:22][INFO] SIM_BRIDGE: inject_explicit_wiring: installed 3889253 synapses across 3 populations.
[2026-06-13 13:19:22][INFO] SIM_BRIDGE: Simulation data initialized for 2700 neurons (3D). Synapses: 3889253. GPU memory: 8.6GB/25.8GB (33.2%)
[2026-06-13 13:22:22][INFO] SIM_BRIDGE: CuPy using GPU: NVIDIA GeForce RTX 3090 (24.0 GB), mempool limit: 80%
[2026-06-13 13:22:22][INFO] SIM_BRIDGE: Initializing simulation data for model: IZHIKEVICH (3D)... (playback_init: False)
[2026-06-13 13:22:22][INFO] SIM_BRIDGE: Brain-region framework: 2 regions, 2700 total neurons, 3 pathways.
[2026-06-13 13:22:22][INFO] SIM_BRIDGE: RNG initialized with seed: 44
[2026-06-13 13:22:22][INFO] SIM_BRIDGE: Initializing Izhikevich model specifics for 2700 neurons...
[2026-06-13 13:22:22][INFO] SIM_BRIDGE: Applying parameter heterogeneity to neuron parameters...
[2026-06-13 13:22:22][INFO] SIM_BRIDGE: Applied heterogeneity to 4 parameters.
[2026-06-13 13:22:22][INFO] SIM_BRIDGE: Initializing OU process state (tau=15.0ms, sigma=0.0pA)...
[2026-06-13 13:22:22][INFO] SIM_BRIDGE: Generating 3D neuron positions for 2700 neurons...
[2026-06-13 13:22:22][INFO] SIM_BRIDGE: Generating connections (brain-region framework)...
[2026-06-13 13:22:27][INFO] SIM_BRIDGE: inject_explicit_wiring: installed 3889253 synapses across 3 populations.
[2026-06-13 13:22:27][INFO] SIM_BRIDGE: Simulation data initialized for 2700 neurons (3D). Synapses: 3889253. GPU memory: 8.6GB/25.8GB (33.2%)
  [   fruits] M1 gen=1.000(4.0x) A2=True A3=True [GO] | M2 P(sim)=+0.768 2nd=+0.534 graded=1 [GO] | G5 collapses=True (perm 2nd=-0.006) | 184s, 3456623 syn
[2026-06-13 13:25:45][INFO] SIM_BRIDGE: CuPy using GPU: NVIDIA GeForce RTX 3090 (24.0 GB), mempool limit: 80%
[2026-06-13 13:25:45][INFO] SIM_BRIDGE: Initializing simulation data for model: IZHIKEVICH (3D)... (playback_init: False)
[2026-06-13 13:25:45][INFO] SIM_BRIDGE: Brain-region framework: 2 regions, 2700 total neurons, 3 pathways.
[2026-06-13 13:25:45][INFO] SIM_BRIDGE: RNG initialized with seed: 44
[2026-06-13 13:25:45][INFO] SIM_BRIDGE: Initializing Izhikevich model specifics for 2700 neurons...
[2026-06-13 13:25:45][INFO] SIM_BRIDGE: Applying parameter heterogeneity to neuron parameters...
[2026-06-13 13:25:45][INFO] SIM_BRIDGE: Applied heterogeneity to 4 parameters.
[2026-06-13 13:25:45][INFO] SIM_BRIDGE: Initializing OU process state (tau=15.0ms, sigma=0.0pA)...
[2026-06-13 13:25:45][INFO] SIM_BRIDGE: Generating 3D neuron positions for 2700 neurons...
[2026-06-13 13:25:45][INFO] SIM_BRIDGE: Generating connections (brain-region framework)...
[2026-06-13 13:25:50][INFO] SIM_BRIDGE: inject_explicit_wiring: installed 3889253 synapses across 3 populations.
[2026-06-13 13:25:50][INFO] SIM_BRIDGE: Simulation data initialized for 2700 neurons (3D). Synapses: 3889253. GPU memory: 8.6GB/25.8GB (33.2%)
[2026-06-13 13:29:11][INFO] SIM_BRIDGE: CuPy using GPU: NVIDIA GeForce RTX 3090 (24.0 GB), mempool limit: 80%
[2026-06-13 13:29:11][INFO] SIM_BRIDGE: Initializing simulation data for model: IZHIKEVICH (3D)... (playback_init: False)
[2026-06-13 13:29:11][INFO] SIM_BRIDGE: Brain-region framework: 2 regions, 2700 total neurons, 3 pathways.
[2026-06-13 13:29:11][INFO] SIM_BRIDGE: RNG initialized with seed: 44
[2026-06-13 13:29:11][INFO] SIM_BRIDGE: Initializing Izhikevich model specifics for 2700 neurons...
[2026-06-13 13:29:11][INFO] SIM_BRIDGE: Applying parameter heterogeneity to neuron parameters...
[2026-06-13 13:29:11][INFO] SIM_BRIDGE: Applied heterogeneity to 4 parameters.
[2026-06-13 13:29:11][INFO] SIM_BRIDGE: Initializing OU process state (tau=15.0ms, sigma=0.0pA)...
[2026-06-13 13:29:11][INFO] SIM_BRIDGE: Generating 3D neuron positions for 2700 neurons...
[2026-06-13 13:29:11][INFO] SIM_BRIDGE: Generating connections (brain-region framework)...
[2026-06-13 13:29:16][INFO] SIM_BRIDGE: inject_explicit_wiring: installed 3889253 synapses across 3 populations.
[2026-06-13 13:29:16][INFO] SIM_BRIDGE: Simulation data initialized for 2700 neurons (3D). Synapses: 3889253. GPU memory: 8.6GB/25.8GB (33.2%)
  [   metals] M1 gen=1.000(4.0x) A2=True A3=True [GO] | M2 P(sim)=+0.783 2nd=+0.547 graded=1 [GO] | G5 collapses=True (perm 2nd=-0.013) | 206s, 3456623 syn
[2026-06-13 13:32:40][INFO] SIM_BRIDGE: CuPy using GPU: NVIDIA GeForce RTX 3090 (24.0 GB), mempool limit: 80%
[2026-06-13 13:32:40][INFO] SIM_BRIDGE: Initializing simulation data for model: IZHIKEVICH (3D)... (playback_init: False)
[2026-06-13 13:32:40][INFO] SIM_BRIDGE: Brain-region framework: 2 regions, 2700 total neurons, 3 pathways.
[2026-06-13 13:32:40][INFO] SIM_BRIDGE: RNG initialized with seed: 44
[2026-06-13 13:32:40][INFO] SIM_BRIDGE: Initializing Izhikevich model specifics for 2700 neurons...
[2026-06-13 13:32:40][INFO] SIM_BRIDGE: Applying parameter heterogeneity to neuron parameters...
[2026-06-13 13:32:40][INFO] SIM_BRIDGE: Applied heterogeneity to 4 parameters.
[2026-06-13 13:32:40][INFO] SIM_BRIDGE: Initializing OU process state (tau=15.0ms, sigma=0.0pA)...
[2026-06-13 13:32:40][INFO] SIM_BRIDGE: Generating 3D neuron positions for 2700 neurons...
[2026-06-13 13:32:40][INFO] SIM_BRIDGE: Generating connections (brain-region framework)...
[2026-06-13 13:32:45][INFO] SIM_BRIDGE: inject_explicit_wiring: installed 3889253 synapses across 3 populations.
[2026-06-13 13:32:45][INFO] SIM_BRIDGE: Simulation data initialized for 2700 neurons (3D). Synapses: 3889253. GPU memory: 8.6GB/25.8GB (33.2%)
[2026-06-13 13:36:01][INFO] SIM_BRIDGE: CuPy using GPU: NVIDIA GeForce RTX 3090 (24.0 GB), mempool limit: 80%
[2026-06-13 13:36:01][INFO] SIM_BRIDGE: Initializing simulation data for model: IZHIKEVICH (3D)... (playback_init: False)
[2026-06-13 13:36:01][INFO] SIM_BRIDGE: Brain-region framework: 2 regions, 2700 total neurons, 3 pathways.
[2026-06-13 13:36:01][INFO] SIM_BRIDGE: RNG initialized with seed: 44
[2026-06-13 13:36:01][INFO] SIM_BRIDGE: Initializing Izhikevich model specifics for 2700 neurons...
[2026-06-13 13:36:01][INFO] SIM_BRIDGE: Applying parameter heterogeneity to neuron parameters...
[2026-06-13 13:36:01][INFO] SIM_BRIDGE: Applied heterogeneity to 4 parameters.
[2026-06-13 13:36:01][INFO] SIM_BRIDGE: Initializing OU process state (tau=15.0ms, sigma=0.0pA)...
[2026-06-13 13:36:01][INFO] SIM_BRIDGE: Generating 3D neuron positions for 2700 neurons...
[2026-06-13 13:36:01][INFO] SIM_BRIDGE: Generating connections (brain-region framework)...
[2026-06-13 13:36:06][INFO] SIM_BRIDGE: inject_explicit_wiring: installed 3889253 synapses across 3 populations.
[2026-06-13 13:36:06][INFO] SIM_BRIDGE: Simulation data initialized for 2700 neurons (3D). Synapses: 3889253. GPU memory: 8.6GB/25.8GB (33.2%)
  [  insects] M1 gen=0.988(4.0x) A2=True A3=True [GO] | M2 P(sim)=+0.731 2nd=+0.523 graded=1 [GO] | G5 collapses=True (perm 2nd=-0.004) | 201s, 3456623 syn
[2026-06-13 13:39:18][INFO] SIM_BRIDGE: CuPy using GPU: NVIDIA GeForce RTX 3090 (24.0 GB), mempool limit: 80%
[2026-06-13 13:39:18][INFO] SIM_BRIDGE: Initializing simulation data for model: IZHIKEVICH (3D)... (playback_init: False)
[2026-06-13 13:39:18][INFO] SIM_BRIDGE: Brain-region framework: 2 regions, 2700 total neurons, 3 pathways.
[2026-06-13 13:39:18][INFO] SIM_BRIDGE: RNG initialized with seed: 44
[2026-06-13 13:39:18][INFO] SIM_BRIDGE: Initializing Izhikevich model specifics for 2700 neurons...
[2026-06-13 13:39:18][INFO] SIM_BRIDGE: Applying parameter heterogeneity to neuron parameters...
[2026-06-13 13:39:18][INFO] SIM_BRIDGE: Applied heterogeneity to 4 parameters.
[2026-06-13 13:39:18][INFO] SIM_BRIDGE: Initializing OU process state (tau=15.0ms, sigma=0.0pA)...
[2026-06-13 13:39:18][INFO] SIM_BRIDGE: Generating 3D neuron positions for 2700 neurons...
[2026-06-13 13:39:18][INFO] SIM_BRIDGE: Generating connections (brain-region framework)...
[2026-06-13 13:39:22][INFO] SIM_BRIDGE: inject_explicit_wiring: installed 3889253 synapses across 3 populations.
[2026-06-13 13:39:22][INFO] SIM_BRIDGE: Simulation data initialized for 2700 neurons (3D). Synapses: 3889253. GPU memory: 8.6GB/25.8GB (33.2%)
[2026-06-13 13:42:38][INFO] SIM_BRIDGE: CuPy using GPU: NVIDIA GeForce RTX 3090 (24.0 GB), mempool limit: 80%
[2026-06-13 13:42:38][INFO] SIM_BRIDGE: Initializing simulation data for model: IZHIKEVICH (3D)... (playback_init: False)
[2026-06-13 13:42:38][INFO] SIM_BRIDGE: Brain-region framework: 2 regions, 2700 total neurons, 3 pathways.
[2026-06-13 13:42:38][INFO] SIM_BRIDGE: RNG initialized with seed: 44
[2026-06-13 13:42:38][INFO] SIM_BRIDGE: Initializing Izhikevich model specifics for 2700 neurons...
[2026-06-13 13:42:38][INFO] SIM_BRIDGE: Applying parameter heterogeneity to neuron parameters...
[2026-06-13 13:42:38][INFO] SIM_BRIDGE: Applied heterogeneity to 4 parameters.
[2026-06-13 13:42:38][INFO] SIM_BRIDGE: Initializing OU process state (tau=15.0ms, sigma=0.0pA)...
[2026-06-13 13:42:38][INFO] SIM_BRIDGE: Generating 3D neuron positions for 2700 neurons...
[2026-06-13 13:42:38][INFO] SIM_BRIDGE: Generating connections (brain-region framework)...
[2026-06-13 13:42:43][INFO] SIM_BRIDGE: inject_explicit_wiring: installed 3889253 synapses across 3 populations.
[2026-06-13 13:42:43][INFO] SIM_BRIDGE: Simulation data initialized for 2700 neurons (3D). Synapses: 3889253. GPU memory: 8.6GB/25.8GB (33.2%)
  [    birds] M1 gen=1.000(4.0x) A2=True A3=True [GO] | M2 P(sim)=+0.804 2nd=+0.553 graded=1 [GO] | G5 collapses=True (perm 2nd=-0.009) | 200s, 3456623 syn
[2026-06-13 13:46:00][INFO] SIM_BRIDGE: CuPy using GPU: NVIDIA GeForce RTX 3090 (24.0 GB), mempool limit: 80%
[2026-06-13 13:46:00][INFO] SIM_BRIDGE: Initializing simulation data for model: IZHIKEVICH (3D)... (playback_init: False)
[2026-06-13 13:46:00][INFO] SIM_BRIDGE: Brain-region framework: 2 regions, 2700 total neurons, 3 pathways.
[2026-06-13 13:46:00][INFO] SIM_BRIDGE: RNG initialized with seed: 44
[2026-06-13 13:46:00][INFO] SIM_BRIDGE: Initializing Izhikevich model specifics for 2700 neurons...
[2026-06-13 13:46:00][INFO] SIM_BRIDGE: Applying parameter heterogeneity to neuron parameters...
[2026-06-13 13:46:00][INFO] SIM_BRIDGE: Applied heterogeneity to 4 parameters.
[2026-06-13 13:46:00][INFO] SIM_BRIDGE: Initializing OU process state (tau=15.0ms, sigma=0.0pA)...
[2026-06-13 13:46:00][INFO] SIM_BRIDGE: Generating 3D neuron positions for 2700 neurons...
[2026-06-13 13:46:00][INFO] SIM_BRIDGE: Generating connections (brain-region framework)...
[2026-06-13 13:46:05][INFO] SIM_BRIDGE: inject_explicit_wiring: installed 3889253 synapses across 3 populations.
[2026-06-13 13:46:05][INFO] SIM_BRIDGE: Simulation data initialized for 2700 neurons (3D). Synapses: 3889253. GPU memory: 8.6GB/25.8GB (33.2%)
[2026-06-13 13:48:43][INFO] SIM_BRIDGE: CuPy using GPU: NVIDIA GeForce RTX 3090 (24.0 GB), mempool limit: 80%
[2026-06-13 13:48:43][INFO] SIM_BRIDGE: Initializing simulation data for model: IZHIKEVICH (3D)... (playback_init: False)
[2026-06-13 13:48:43][INFO] SIM_BRIDGE: Brain-region framework: 2 regions, 2700 total neurons, 3 pathways.
[2026-06-13 13:48:43][INFO] SIM_BRIDGE: RNG initialized with seed: 44
[2026-06-13 13:48:43][INFO] SIM_BRIDGE: Initializing Izhikevich model specifics for 2700 neurons...
[2026-06-13 13:48:43][INFO] SIM_BRIDGE: Applying parameter heterogeneity to neuron parameters...
[2026-06-13 13:48:43][INFO] SIM_BRIDGE: Applied heterogeneity to 4 parameters.
[2026-06-13 13:48:43][INFO] SIM_BRIDGE: Initializing OU process state (tau=15.0ms, sigma=0.0pA)...
[2026-06-13 13:48:43][INFO] SIM_BRIDGE: Generating 3D neuron positions for 2700 neurons...
[2026-06-13 13:48:43][INFO] SIM_BRIDGE: Generating connections (brain-region framework)...
[2026-06-13 13:48:47][INFO] SIM_BRIDGE: inject_explicit_wiring: installed 3889253 synapses across 3 populations.
[2026-06-13 13:48:47][INFO] SIM_BRIDGE: Simulation data initialized for 2700 neurons (3D). Synapses: 3889253. GPU memory: 8.6GB/25.8GB (33.2%)
  [     fish] M1 gen=1.000(4.0x) A2=True A3=True [GO] | M2 P(sim)=+0.782 2nd=+0.547 graded=1 [GO] | G5 collapses=True (perm 2nd=-0.004) | 163s, 3456623 syn
[2026-06-13 13:51:12][INFO] SIM_BRIDGE: CuPy using GPU: NVIDIA GeForce RTX 3090 (24.0 GB), mempool limit: 80%
[2026-06-13 13:51:12][INFO] SIM_BRIDGE: Initializing simulation data for model: IZHIKEVICH (3D)... (playback_init: False)
[2026-06-13 13:51:12][INFO] SIM_BRIDGE: Brain-region framework: 2 regions, 2700 total neurons, 3 pathways.
[2026-06-13 13:51:12][INFO] SIM_BRIDGE: RNG initialized with seed: 44
[2026-06-13 13:51:12][INFO] SIM_BRIDGE: Initializing Izhikevich model specifics for 2700 neurons...
[2026-06-13 13:51:12][INFO] SIM_BRIDGE: Applying parameter heterogeneity to neuron parameters...
[2026-06-13 13:51:12][INFO] SIM_BRIDGE: Applied heterogeneity to 4 parameters.
[2026-06-13 13:51:12][INFO] SIM_BRIDGE: Initializing OU process state (tau=15.0ms, sigma=0.0pA)...
[2026-06-13 13:51:12][INFO] SIM_BRIDGE: Generating 3D neuron positions for 2700 neurons...
[2026-06-13 13:51:12][INFO] SIM_BRIDGE: Generating connections (brain-region framework)...
[2026-06-13 13:51:16][INFO] SIM_BRIDGE: inject_explicit_wiring: installed 3889253 synapses across 3 populations.
[2026-06-13 13:51:16][INFO] SIM_BRIDGE: Simulation data initialized for 2700 neurons (3D). Synapses: 3889253. GPU memory: 8.6GB/25.8GB (33.2%)
[2026-06-13 13:53:29][INFO] SIM_BRIDGE: CuPy using GPU: NVIDIA GeForce RTX 3090 (24.0 GB), mempool limit: 80%
[2026-06-13 13:53:29][INFO] SIM_BRIDGE: Initializing simulation data for model: IZHIKEVICH (3D)... (playback_init: False)
[2026-06-13 13:53:29][INFO] SIM_BRIDGE: Brain-region framework: 2 regions, 2700 total neurons, 3 pathways.
[2026-06-13 13:53:29][INFO] SIM_BRIDGE: RNG initialized with seed: 44
[2026-06-13 13:53:29][INFO] SIM_BRIDGE: Initializing Izhikevich model specifics for 2700 neurons...
[2026-06-13 13:53:29][INFO] SIM_BRIDGE: Applying parameter heterogeneity to neuron parameters...
[2026-06-13 13:53:29][INFO] SIM_BRIDGE: Applied heterogeneity to 4 parameters.
[2026-06-13 13:53:29][INFO] SIM_BRIDGE: Initializing OU process state (tau=15.0ms, sigma=0.0pA)...
[2026-06-13 13:53:29][INFO] SIM_BRIDGE: Generating 3D neuron positions for 2700 neurons...
[2026-06-13 13:53:29][INFO] SIM_BRIDGE: Generating connections (brain-region framework)...
[2026-06-13 13:53:33][INFO] SIM_BRIDGE: inject_explicit_wiring: installed 3889253 synapses across 3 populations.
[2026-06-13 13:53:33][INFO] SIM_BRIDGE: Simulation data initialized for 2700 neurons (3D). Synapses: 3889253. GPU memory: 8.6GB/25.8GB (33.2%)
  [  flowers] M1 gen=1.000(4.0x) A2=True A3=True [GO] | M2 P(sim)=+0.755 2nd=+0.519 graded=1 [GO] | G5 collapses=True (perm 2nd=-0.003) | 137s, 3456623 syn
[2026-06-13 13:55:51][INFO] SIM_BRIDGE: CuPy using GPU: NVIDIA GeForce RTX 3090 (24.0 GB), mempool limit: 80%
[2026-06-13 13:55:51][INFO] SIM_BRIDGE: Initializing simulation data for model: IZHIKEVICH (3D)... (playback_init: False)
[2026-06-13 13:55:51][INFO] SIM_BRIDGE: Brain-region framework: 2 regions, 2700 total neurons, 3 pathways.
[2026-06-13 13:55:51][INFO] SIM_BRIDGE: RNG initialized with seed: 44
[2026-06-13 13:55:51][INFO] SIM_BRIDGE: Initializing Izhikevich model specifics for 2700 neurons...
[2026-06-13 13:55:51][INFO] SIM_BRIDGE: Applying parameter heterogeneity to neuron parameters...
[2026-06-13 13:55:51][INFO] SIM_BRIDGE: Applied heterogeneity to 4 parameters.
[2026-06-13 13:55:51][INFO] SIM_BRIDGE: Initializing OU process state (tau=15.0ms, sigma=0.0pA)...
[2026-06-13 13:55:51][INFO] SIM_BRIDGE: Generating 3D neuron positions for 2700 neurons...
[2026-06-13 13:55:51][INFO] SIM_BRIDGE: Generating connections (brain-region framework)...
[2026-06-13 13:55:55][INFO] SIM_BRIDGE: inject_explicit_wiring: installed 3889253 synapses across 3 populations.
[2026-06-13 13:55:55][INFO] SIM_BRIDGE: Simulation data initialized for 2700 neurons (3D). Synapses: 3889253. GPU memory: 8.6GB/25.8GB (33.2%)
[2026-06-13 13:58:08][INFO] SIM_BRIDGE: CuPy using GPU: NVIDIA GeForce RTX 3090 (24.0 GB), mempool limit: 80%
[2026-06-13 13:58:08][INFO] SIM_BRIDGE: Initializing simulation data for model: IZHIKEVICH (3D)... (playback_init: False)
[2026-06-13 13:58:08][INFO] SIM_BRIDGE: Brain-region framework: 2 regions, 2700 total neurons, 3 pathways.
[2026-06-13 13:58:08][INFO] SIM_BRIDGE: RNG initialized with seed: 44
[2026-06-13 13:58:08][INFO] SIM_BRIDGE: Initializing Izhikevich model specifics for 2700 neurons...
[2026-06-13 13:58:08][INFO] SIM_BRIDGE: Applying parameter heterogeneity to neuron parameters...
[2026-06-13 13:58:08][INFO] SIM_BRIDGE: Applied heterogeneity to 4 parameters.
[2026-06-13 13:58:08][INFO] SIM_BRIDGE: Initializing OU process state (tau=15.0ms, sigma=0.0pA)...
[2026-06-13 13:58:08][INFO] SIM_BRIDGE: Generating 3D neuron positions for 2700 neurons...
[2026-06-13 13:58:08][INFO] SIM_BRIDGE: Generating connections (brain-region framework)...
[2026-06-13 13:58:12][INFO] SIM_BRIDGE: inject_explicit_wiring: installed 3889253 synapses across 3 populations.
[2026-06-13 13:58:12][INFO] SIM_BRIDGE: Simulation data initialized for 2700 neurons (3D). Synapses: 3889253. GPU memory: 8.6GB/25.8GB (33.2%)
  [    trees] M1 gen=1.000(4.0x) A2=True A3=True [GO] | M2 P(sim)=+0.754 2nd=+0.534 graded=1 [GO] | G5 collapses=True (perm 2nd=-0.001) | 137s, 3456623 syn
[2026-06-13 14:00:35][INFO] SIM_BRIDGE: CuPy using GPU: NVIDIA GeForce RTX 3090 (24.0 GB), mempool limit: 80%
[2026-06-13 14:00:35][INFO] SIM_BRIDGE: Initializing simulation data for model: IZHIKEVICH (3D)... (playback_init: False)
[2026-06-13 14:00:35][INFO] SIM_BRIDGE: Brain-region framework: 2 regions, 2700 total neurons, 3 pathways.
[2026-06-13 14:00:35][INFO] SIM_BRIDGE: RNG initialized with seed: 44
[2026-06-13 14:00:35][INFO] SIM_BRIDGE: Initializing Izhikevich model specifics for 2700 neurons...
[2026-06-13 14:00:35][INFO] SIM_BRIDGE: Applying parameter heterogeneity to neuron parameters...
[2026-06-13 14:00:35][INFO] SIM_BRIDGE: Applied heterogeneity to 4 parameters.
[2026-06-13 14:00:35][INFO] SIM_BRIDGE: Initializing OU process state (tau=15.0ms, sigma=0.0pA)...
[2026-06-13 14:00:35][INFO] SIM_BRIDGE: Generating 3D neuron positions for 2700 neurons...
[2026-06-13 14:00:35][INFO] SIM_BRIDGE: Generating connections (brain-region framework)...
[2026-06-13 14:00:40][INFO] SIM_BRIDGE: inject_explicit_wiring: installed 3889253 synapses across 3 populations.
[2026-06-13 14:00:40][INFO] SIM_BRIDGE: Simulation data initialized for 2700 neurons (3D). Synapses: 3889253. GPU memory: 8.6GB/25.8GB (33.2%)
[2026-06-13 14:03:34][INFO] SIM_BRIDGE: CuPy using GPU: NVIDIA GeForce RTX 3090 (24.0 GB), mempool limit: 80%
[2026-06-13 14:03:34][INFO] SIM_BRIDGE: Initializing simulation data for model: IZHIKEVICH (3D)... (playback_init: False)
[2026-06-13 14:03:34][INFO] SIM_BRIDGE: Brain-region framework: 2 regions, 2700 total neurons, 3 pathways.
[2026-06-13 14:03:34][INFO] SIM_BRIDGE: RNG initialized with seed: 44
[2026-06-13 14:03:34][INFO] SIM_BRIDGE: Initializing Izhikevich model specifics for 2700 neurons...
[2026-06-13 14:03:34][INFO] SIM_BRIDGE: Applying parameter heterogeneity to neuron parameters...
[2026-06-13 14:03:34][INFO] SIM_BRIDGE: Applied heterogeneity to 4 parameters.
[2026-06-13 14:03:34][INFO] SIM_BRIDGE: Initializing OU process state (tau=15.0ms, sigma=0.0pA)...
[2026-06-13 14:03:34][INFO] SIM_BRIDGE: Generating 3D neuron positions for 2700 neurons...
[2026-06-13 14:03:34][INFO] SIM_BRIDGE: Generating connections (brain-region framework)...
[2026-06-13 14:03:39][INFO] SIM_BRIDGE: inject_explicit_wiring: installed 3889253 synapses across 3 populations.
[2026-06-13 14:03:39][INFO] SIM_BRIDGE: Simulation data initialized for 2700 neurons (3D). Synapses: 3889253. GPU memory: 8.6GB/25.8GB (33.2%)
  [   shapes] M1 gen=1.000(4.0x) A2=True A3=True [GO] | M2 P(sim)=+0.766 2nd=+0.531 graded=1 [GO] | G5 collapses=True (perm 2nd=-0.007) | 179s, 3456623 syn
[2026-06-13 14:06:41][INFO] SIM_BRIDGE: CuPy using GPU: NVIDIA GeForce RTX 3090 (24.0 GB), mempool limit: 80%
[2026-06-13 14:06:41][INFO] SIM_BRIDGE: Initializing simulation data for model: IZHIKEVICH (3D)... (playback_init: False)
[2026-06-13 14:06:41][INFO] SIM_BRIDGE: Brain-region framework: 2 regions, 2700 total neurons, 3 pathways.
[2026-06-13 14:06:41][INFO] SIM_BRIDGE: RNG initialized with seed: 44
[2026-06-13 14:06:41][INFO] SIM_BRIDGE: Initializing Izhikevich model specifics for 2700 neurons...
[2026-06-13 14:06:41][INFO] SIM_BRIDGE: Applying parameter heterogeneity to neuron parameters...
[2026-06-13 14:06:41][INFO] SIM_BRIDGE: Applied heterogeneity to 4 parameters.
[2026-06-13 14:06:41][INFO] SIM_BRIDGE: Initializing OU process state (tau=15.0ms, sigma=0.0pA)...
[2026-06-13 14:06:41][INFO] SIM_BRIDGE: Generating 3D neuron positions for 2700 neurons...
[2026-06-13 14:06:41][INFO] SIM_BRIDGE: Generating connections (brain-region framework)...
[2026-06-13 14:06:45][INFO] SIM_BRIDGE: inject_explicit_wiring: installed 3889253 synapses across 3 populations.
[2026-06-13 14:06:45][INFO] SIM_BRIDGE: Simulation data initialized for 2700 neurons (3D). Synapses: 3889253. GPU memory: 8.6GB/25.8GB (33.2%)
[2026-06-13 14:09:49][INFO] SIM_BRIDGE: CuPy using GPU: NVIDIA GeForce RTX 3090 (24.0 GB), mempool limit: 80%
[2026-06-13 14:09:49][INFO] SIM_BRIDGE: Initializing simulation data for model: IZHIKEVICH (3D)... (playback_init: False)
[2026-06-13 14:09:49][INFO] SIM_BRIDGE: Brain-region framework: 2 regions, 2700 total neurons, 3 pathways.
[2026-06-13 14:09:49][INFO] SIM_BRIDGE: RNG initialized with seed: 44
[2026-06-13 14:09:49][INFO] SIM_BRIDGE: Initializing Izhikevich model specifics for 2700 neurons...
[2026-06-13 14:09:49][INFO] SIM_BRIDGE: Applying parameter heterogeneity to neuron parameters...
[2026-06-13 14:09:49][INFO] SIM_BRIDGE: Applied heterogeneity to 4 parameters.
[2026-06-13 14:09:49][INFO] SIM_BRIDGE: Initializing OU process state (tau=15.0ms, sigma=0.0pA)...
[2026-06-13 14:09:49][INFO] SIM_BRIDGE: Generating 3D neuron positions for 2700 neurons...
[2026-06-13 14:09:49][INFO] SIM_BRIDGE: Generating connections (brain-region framework)...
[2026-06-13 14:09:54][INFO] SIM_BRIDGE: inject_explicit_wiring: installed 3889253 synapses across 3 populations.
[2026-06-13 14:09:54][INFO] SIM_BRIDGE: Simulation data initialized for 2700 neurons (3D). Synapses: 3889253. GPU memory: 8.6GB/25.8GB (33.2%)
  [materials] M1 gen=1.000(4.0x) A2=True A3=True [GO] | M2 P(sim)=+0.787 2nd=+0.548 graded=1 [GO] | G5 collapses=True (perm 2nd=-0.006) | 188s, 3456623 syn
[2026-06-13 14:13:06][INFO] SIM_BRIDGE: CuPy using GPU: NVIDIA GeForce RTX 3090 (24.0 GB), mempool limit: 80%
[2026-06-13 14:13:06][INFO] SIM_BRIDGE: Initializing simulation data for model: IZHIKEVICH (3D)... (playback_init: False)
[2026-06-13 14:13:06][INFO] SIM_BRIDGE: Brain-region framework: 2 regions, 2700 total neurons, 3 pathways.
[2026-06-13 14:13:06][INFO] SIM_BRIDGE: RNG initialized with seed: 44
[2026-06-13 14:13:06][INFO] SIM_BRIDGE: Initializing Izhikevich model specifics for 2700 neurons...
[2026-06-13 14:13:06][INFO] SIM_BRIDGE: Applying parameter heterogeneity to neuron parameters...
[2026-06-13 14:13:06][INFO] SIM_BRIDGE: Applied heterogeneity to 4 parameters.
[2026-06-13 14:13:06][INFO] SIM_BRIDGE: Initializing OU process state (tau=15.0ms, sigma=0.0pA)...
[2026-06-13 14:13:06][INFO] SIM_BRIDGE: Generating 3D neuron positions for 2700 neurons...
[2026-06-13 14:13:06][INFO] SIM_BRIDGE: Generating connections (brain-region framework)...
[2026-06-13 14:13:11][INFO] SIM_BRIDGE: inject_explicit_wiring: installed 3889253 synapses across 3 populations.
[2026-06-13 14:13:11][INFO] SIM_BRIDGE: Simulation data initialized for 2700 neurons (3D). Synapses: 3889253. GPU memory: 8.6GB/25.8GB (33.2%)
[2026-06-13 14:16:15][INFO] SIM_BRIDGE: CuPy using GPU: NVIDIA GeForce RTX 3090 (24.0 GB), mempool limit: 80%
[2026-06-13 14:16:15][INFO] SIM_BRIDGE: Initializing simulation data for model: IZHIKEVICH (3D)... (playback_init: False)
[2026-06-13 14:16:15][INFO] SIM_BRIDGE: Brain-region framework: 2 regions, 2700 total neurons, 3 pathways.
[2026-06-13 14:16:15][INFO] SIM_BRIDGE: RNG initialized with seed: 44
[2026-06-13 14:16:15][INFO] SIM_BRIDGE: Initializing Izhikevich model specifics for 2700 neurons...
[2026-06-13 14:16:15][INFO] SIM_BRIDGE: Applying parameter heterogeneity to neuron parameters...
[2026-06-13 14:16:15][INFO] SIM_BRIDGE: Applied heterogeneity to 4 parameters.
[2026-06-13 14:16:15][INFO] SIM_BRIDGE: Initializing OU process state (tau=15.0ms, sigma=0.0pA)...
[2026-06-13 14:16:15][INFO] SIM_BRIDGE: Generating 3D neuron positions for 2700 neurons...
[2026-06-13 14:16:15][INFO] SIM_BRIDGE: Generating connections (brain-region framework)...
[2026-06-13 14:16:19][INFO] SIM_BRIDGE: inject_explicit_wiring: installed 3889253 synapses across 3 populations.
[2026-06-13 14:16:19][INFO] SIM_BRIDGE: Simulation data initialized for 2700 neurons (3D). Synapses: 3889253. GPU memory: 8.6GB/25.8GB (33.2%)
  [     toys] M1 gen=0.988(4.0x) A2=True A3=True [GO] | M2 P(sim)=+0.763 2nd=+0.527 graded=1 [GO] | G5 collapses=True (perm 2nd=-0.010) | 189s, 3456623 syn
[2026-06-13 14:19:14][INFO] SIM_BRIDGE: CuPy using GPU: NVIDIA GeForce RTX 3090 (24.0 GB), mempool limit: 80%
[2026-06-13 14:19:14][INFO] SIM_BRIDGE: Initializing simulation data for model: IZHIKEVICH (3D)... (playback_init: False)
[2026-06-13 14:19:14][INFO] SIM_BRIDGE: Brain-region framework: 2 regions, 2700 total neurons, 3 pathways.
[2026-06-13 14:19:14][INFO] SIM_BRIDGE: RNG initialized with seed: 44
[2026-06-13 14:19:14][INFO] SIM_BRIDGE: Initializing Izhikevich model specifics for 2700 neurons...
[2026-06-13 14:19:14][INFO] SIM_BRIDGE: Applying parameter heterogeneity to neuron parameters...
[2026-06-13 14:19:14][INFO] SIM_BRIDGE: Applied heterogeneity to 4 parameters.
[2026-06-13 14:19:14][INFO] SIM_BRIDGE: Initializing OU process state (tau=15.0ms, sigma=0.0pA)...
[2026-06-13 14:19:14][INFO] SIM_BRIDGE: Generating 3D neuron positions for 2700 neurons...
[2026-06-13 14:19:14][INFO] SIM_BRIDGE: Generating connections (brain-region framework)...
[2026-06-13 14:19:18][INFO] SIM_BRIDGE: inject_explicit_wiring: installed 3889253 synapses across 3 populations.
[2026-06-13 14:19:18][INFO] SIM_BRIDGE: Simulation data initialized for 2700 neurons (3D). Synapses: 3889253. GPU memory: 8.6GB/25.8GB (33.2%)
[2026-06-13 14:22:14][INFO] SIM_BRIDGE: CuPy using GPU: NVIDIA GeForce RTX 3090 (24.0 GB), mempool limit: 80%
[2026-06-13 14:22:14][INFO] SIM_BRIDGE: Initializing simulation data for model: IZHIKEVICH (3D)... (playback_init: False)
[2026-06-13 14:22:14][INFO] SIM_BRIDGE: Brain-region framework: 2 regions, 2700 total neurons, 3 pathways.
[2026-06-13 14:22:14][INFO] SIM_BRIDGE: RNG initialized with seed: 44
[2026-06-13 14:22:14][INFO] SIM_BRIDGE: Initializing Izhikevich model specifics for 2700 neurons...
[2026-06-13 14:22:14][INFO] SIM_BRIDGE: Applying parameter heterogeneity to neuron parameters...
[2026-06-13 14:22:14][INFO] SIM_BRIDGE: Applied heterogeneity to 4 parameters.
[2026-06-13 14:22:14][INFO] SIM_BRIDGE: Initializing OU process state (tau=15.0ms, sigma=0.0pA)...
[2026-06-13 14:22:14][INFO] SIM_BRIDGE: Generating 3D neuron positions for 2700 neurons...
[2026-06-13 14:22:14][INFO] SIM_BRIDGE: Generating connections (brain-region framework)...
[2026-06-13 14:22:19][INFO] SIM_BRIDGE: inject_explicit_wiring: installed 3889253 synapses across 3 populations.
[2026-06-13 14:22:19][INFO] SIM_BRIDGE: Simulation data initialized for 2700 neurons (3D). Synapses: 3889253. GPU memory: 8.6GB/25.8GB (33.2%)
  [     gems] M1 gen=1.000(4.0x) A2=True A3=True [GO] | M2 P(sim)=+0.759 2nd=+0.525 graded=1 [GO] | G5 collapses=True (perm 2nd=-0.008) | 180s, 3456623 syn
[2026-06-13 14:24:54][INFO] SIM_BRIDGE: CuPy using GPU: NVIDIA GeForce RTX 3090 (24.0 GB), mempool limit: 80%
[2026-06-13 14:24:54][INFO] SIM_BRIDGE: Initializing simulation data for model: IZHIKEVICH (3D)... (playback_init: False)
[2026-06-13 14:24:54][INFO] SIM_BRIDGE: Brain-region framework: 2 regions, 2700 total neurons, 3 pathways.
[2026-06-13 14:24:54][INFO] SIM_BRIDGE: RNG initialized with seed: 44
[2026-06-13 14:24:54][INFO] SIM_BRIDGE: Initializing Izhikevich model specifics for 2700 neurons...
[2026-06-13 14:24:54][INFO] SIM_BRIDGE: Applying parameter heterogeneity to neuron parameters...
[2026-06-13 14:24:54][INFO] SIM_BRIDGE: Applied heterogeneity to 4 parameters.
[2026-06-13 14:24:54][INFO] SIM_BRIDGE: Initializing OU process state (tau=15.0ms, sigma=0.0pA)...
[2026-06-13 14:24:54][INFO] SIM_BRIDGE: Generating 3D neuron positions for 2700 neurons...
[2026-06-13 14:24:54][INFO] SIM_BRIDGE: Generating connections (brain-region framework)...
[2026-06-13 14:24:57][INFO] SIM_BRIDGE: inject_explicit_wiring: installed 3889253 synapses across 3 populations.
[2026-06-13 14:24:57][INFO] SIM_BRIDGE: Simulation data initialized for 2700 neurons (3D). Synapses: 3889253. GPU memory: 8.6GB/25.8GB (33.2%)
[2026-06-13 14:27:21][INFO] SIM_BRIDGE: CuPy using GPU: NVIDIA GeForce RTX 3090 (24.0 GB), mempool limit: 80%
[2026-06-13 14:27:21][INFO] SIM_BRIDGE: Initializing simulation data for model: IZHIKEVICH (3D)... (playback_init: False)
[2026-06-13 14:27:21][INFO] SIM_BRIDGE: Brain-region framework: 2 regions, 2700 total neurons, 3 pathways.
[2026-06-13 14:27:21][INFO] SIM_BRIDGE: RNG initialized with seed: 44
[2026-06-13 14:27:21][INFO] SIM_BRIDGE: Initializing Izhikevich model specifics for 2700 neurons...
[2026-06-13 14:27:21][INFO] SIM_BRIDGE: Applying parameter heterogeneity to neuron parameters...
[2026-06-13 14:27:21][INFO] SIM_BRIDGE: Applied heterogeneity to 4 parameters.
[2026-06-13 14:27:21][INFO] SIM_BRIDGE: Initializing OU process state (tau=15.0ms, sigma=0.0pA)...
[2026-06-13 14:27:21][INFO] SIM_BRIDGE: Generating 3D neuron positions for 2700 neurons...
[2026-06-13 14:27:21][INFO] SIM_BRIDGE: Generating connections (brain-region framework)...
[2026-06-13 14:27:25][INFO] SIM_BRIDGE: inject_explicit_wiring: installed 3889253 synapses across 3 populations.
[2026-06-13 14:27:26][INFO] SIM_BRIDGE: Simulation data initialized for 2700 neurons (3D). Synapses: 3889253. GPU memory: 8.6GB/25.8GB (33.2%)
  [  planets] M1 gen=1.000(4.0x) A2=True A3=True [GO] | M2 P(sim)=+0.756 2nd=+0.527 graded=1 [GO] | G5 collapses=True (perm 2nd=-0.006) | 148s, 3456623 syn
[2026-06-13 14:30:03][INFO] SIM_BRIDGE: CuPy using GPU: NVIDIA GeForce RTX 3090 (24.0 GB), mempool limit: 80%
[2026-06-13 14:30:03][INFO] SIM_BRIDGE: Initializing simulation data for model: IZHIKEVICH (3D)... (playback_init: False)
[2026-06-13 14:30:03][INFO] SIM_BRIDGE: Brain-region framework: 2 regions, 2700 total neurons, 3 pathways.
[2026-06-13 14:30:03][INFO] SIM_BRIDGE: RNG initialized with seed: 44
[2026-06-13 14:30:03][INFO] SIM_BRIDGE: Initializing Izhikevich model specifics for 2700 neurons...
[2026-06-13 14:30:03][INFO] SIM_BRIDGE: Applying parameter heterogeneity to neuron parameters...
[2026-06-13 14:30:03][INFO] SIM_BRIDGE: Applied heterogeneity to 4 parameters.
[2026-06-13 14:30:03][INFO] SIM_BRIDGE: Initializing OU process state (tau=15.0ms, sigma=0.0pA)...
[2026-06-13 14:30:03][INFO] SIM_BRIDGE: Generating 3D neuron positions for 2700 neurons...
[2026-06-13 14:30:03][INFO] SIM_BRIDGE: Generating connections (brain-region framework)...
[2026-06-13 14:30:07][INFO] SIM_BRIDGE: inject_explicit_wiring: installed 3889253 synapses across 3 populations.
[2026-06-13 14:30:07][INFO] SIM_BRIDGE: Simulation data initialized for 2700 neurons (3D). Synapses: 3889253. GPU memory: 8.6GB/25.8GB (33.2%)
[2026-06-13 14:32:45][INFO] SIM_BRIDGE: CuPy using GPU: NVIDIA GeForce RTX 3090 (24.0 GB), mempool limit: 80%
[2026-06-13 14:32:45][INFO] SIM_BRIDGE: Initializing simulation data for model: IZHIKEVICH (3D)... (playback_init: False)
[2026-06-13 14:32:45][INFO] SIM_BRIDGE: Brain-region framework: 2 regions, 2700 total neurons, 3 pathways.
[2026-06-13 14:32:45][INFO] SIM_BRIDGE: RNG initialized with seed: 44
[2026-06-13 14:32:45][INFO] SIM_BRIDGE: Initializing Izhikevich model specifics for 2700 neurons...
[2026-06-13 14:32:45][INFO] SIM_BRIDGE: Applying parameter heterogeneity to neuron parameters...
[2026-06-13 14:32:45][INFO] SIM_BRIDGE: Applied heterogeneity to 4 parameters.
[2026-06-13 14:32:45][INFO] SIM_BRIDGE: Initializing OU process state (tau=15.0ms, sigma=0.0pA)...
[2026-06-13 14:32:45][INFO] SIM_BRIDGE: Generating 3D neuron positions for 2700 neurons...
[2026-06-13 14:32:45][INFO] SIM_BRIDGE: Generating connections (brain-region framework)...
[2026-06-13 14:32:49][INFO] SIM_BRIDGE: inject_explicit_wiring: installed 3889253 synapses across 3 populations.
[2026-06-13 14:32:49][INFO] SIM_BRIDGE: Simulation data initialized for 2700 neurons (3D). Synapses: 3889253. GPU memory: 8.6GB/25.8GB (33.2%)
  [languages] M1 gen=1.000(4.0x) A2=True A3=True [GO] | M2 P(sim)=+0.793 2nd=+0.542 graded=1 [GO] | G5 collapses=True (perm 2nd=-0.007) | 161s, 3456623 syn
[2026-06-13 14:35:28][INFO] SIM_BRIDGE: CuPy using GPU: NVIDIA GeForce RTX 3090 (24.0 GB), mempool limit: 80%
[2026-06-13 14:35:28][INFO] SIM_BRIDGE: Initializing simulation data for model: IZHIKEVICH (3D)... (playback_init: False)
[2026-06-13 14:35:28][INFO] SIM_BRIDGE: Brain-region framework: 2 regions, 2700 total neurons, 3 pathways.
[2026-06-13 14:35:28][INFO] SIM_BRIDGE: RNG initialized with seed: 44
[2026-06-13 14:35:28][INFO] SIM_BRIDGE: Initializing Izhikevich model specifics for 2700 neurons...
[2026-06-13 14:35:28][INFO] SIM_BRIDGE: Applying parameter heterogeneity to neuron parameters...
[2026-06-13 14:35:28][INFO] SIM_BRIDGE: Applied heterogeneity to 4 parameters.
[2026-06-13 14:35:28][INFO] SIM_BRIDGE: Initializing OU process state (tau=15.0ms, sigma=0.0pA)...
[2026-06-13 14:35:28][INFO] SIM_BRIDGE: Generating 3D neuron positions for 2700 neurons...
[2026-06-13 14:35:28][INFO] SIM_BRIDGE: Generating connections (brain-region framework)...
[2026-06-13 14:35:32][INFO] SIM_BRIDGE: inject_explicit_wiring: installed 3889253 synapses across 3 populations.
[2026-06-13 14:35:33][INFO] SIM_BRIDGE: Simulation data initialized for 2700 neurons (3D). Synapses: 3889253. GPU memory: 8.6GB/25.8GB (33.2%)
[2026-06-13 14:38:14][INFO] SIM_BRIDGE: CuPy using GPU: NVIDIA GeForce RTX 3090 (24.0 GB), mempool limit: 80%
[2026-06-13 14:38:14][INFO] SIM_BRIDGE: Initializing simulation data for model: IZHIKEVICH (3D)... (playback_init: False)
[2026-06-13 14:38:14][INFO] SIM_BRIDGE: Brain-region framework: 2 regions, 2700 total neurons, 3 pathways.
[2026-06-13 14:38:14][INFO] SIM_BRIDGE: RNG initialized with seed: 44
[2026-06-13 14:38:14][INFO] SIM_BRIDGE: Initializing Izhikevich model specifics for 2700 neurons...
[2026-06-13 14:38:14][INFO] SIM_BRIDGE: Applying parameter heterogeneity to neuron parameters...
[2026-06-13 14:38:14][INFO] SIM_BRIDGE: Applied heterogeneity to 4 parameters.
[2026-06-13 14:38:14][INFO] SIM_BRIDGE: Initializing OU process state (tau=15.0ms, sigma=0.0pA)...
[2026-06-13 14:38:14][INFO] SIM_BRIDGE: Generating 3D neuron positions for 2700 neurons...
[2026-06-13 14:38:14][INFO] SIM_BRIDGE: Generating connections (brain-region framework)...
[2026-06-13 14:38:18][INFO] SIM_BRIDGE: inject_explicit_wiring: installed 3889253 synapses across 3 populations.
[2026-06-13 14:38:18][INFO] SIM_BRIDGE: Simulation data initialized for 2700 neurons (3D). Synapses: 3889253. GPU memory: 8.6GB/25.8GB (33.2%)
  [   dances] M1 gen=1.000(4.0x) A2=True A3=True [GO] | M2 P(sim)=+0.800 2nd=+0.540 graded=1 [GO] | G5 collapses=True (perm 2nd=-0.010) | 165s, 3456623 syn
[2026-06-13 14:41:00][INFO] SIM_BRIDGE: CuPy using GPU: NVIDIA GeForce RTX 3090 (24.0 GB), mempool limit: 80%
[2026-06-13 14:41:00][INFO] SIM_BRIDGE: Initializing simulation data for model: IZHIKEVICH (3D)... (playback_init: False)
[2026-06-13 14:41:00][INFO] SIM_BRIDGE: Brain-region framework: 2 regions, 2700 total neurons, 3 pathways.
[2026-06-13 14:41:00][INFO] SIM_BRIDGE: RNG initialized with seed: 44
[2026-06-13 14:41:00][INFO] SIM_BRIDGE: Initializing Izhikevich model specifics for 2700 neurons...
[2026-06-13 14:41:00][INFO] SIM_BRIDGE: Applying parameter heterogeneity to neuron parameters...
[2026-06-13 14:41:00][INFO] SIM_BRIDGE: Applied heterogeneity to 4 parameters.
[2026-06-13 14:41:00][INFO] SIM_BRIDGE: Initializing OU process state (tau=15.0ms, sigma=0.0pA)...
[2026-06-13 14:41:00][INFO] SIM_BRIDGE: Generating 3D neuron positions for 2700 neurons...
[2026-06-13 14:41:00][INFO] SIM_BRIDGE: Generating connections (brain-region framework)...
[2026-06-13 14:41:04][INFO] SIM_BRIDGE: inject_explicit_wiring: installed 3889253 synapses across 3 populations.
[2026-06-13 14:41:04][INFO] SIM_BRIDGE: Simulation data initialized for 2700 neurons (3D). Synapses: 3889253. GPU memory: 8.6GB/25.8GB (33.2%)
[2026-06-13 14:43:48][INFO] SIM_BRIDGE: CuPy using GPU: NVIDIA GeForce RTX 3090 (24.0 GB), mempool limit: 80%
[2026-06-13 14:43:48][INFO] SIM_BRIDGE: Initializing simulation data for model: IZHIKEVICH (3D)... (playback_init: False)
[2026-06-13 14:43:48][INFO] SIM_BRIDGE: Brain-region framework: 2 regions, 2700 total neurons, 3 pathways.
[2026-06-13 14:43:48][INFO] SIM_BRIDGE: RNG initialized with seed: 44
[2026-06-13 14:43:48][INFO] SIM_BRIDGE: Initializing Izhikevich model specifics for 2700 neurons...
[2026-06-13 14:43:49][INFO] SIM_BRIDGE: Applying parameter heterogeneity to neuron parameters...
[2026-06-13 14:43:49][INFO] SIM_BRIDGE: Applied heterogeneity to 4 parameters.
[2026-06-13 14:43:49][INFO] SIM_BRIDGE: Initializing OU process state (tau=15.0ms, sigma=0.0pA)...
[2026-06-13 14:43:49][INFO] SIM_BRIDGE: Generating 3D neuron positions for 2700 neurons...
[2026-06-13 14:43:49][INFO] SIM_BRIDGE: Generating connections (brain-region framework)...
[2026-06-13 14:43:53][INFO] SIM_BRIDGE: inject_explicit_wiring: installed 3889253 synapses across 3 populations.
[2026-06-13 14:43:53][INFO] SIM_BRIDGE: Simulation data initialized for 2700 neurons (3D). Synapses: 3889253. GPU memory: 8.6GB/25.8GB (33.2%)
  [vegetables] M1 gen=0.981(3.9x) A2=True A3=True [GO] | M2 P(sim)=+0.759 2nd=+0.530 graded=1 [GO] | G5 collapses=True (perm 2nd=-0.003) | 169s, 3456623 syn

  M6 -- random-shard anti-cheat (within-bridge generalization MUST collapse)
[2026-06-13 14:46:33][INFO] SIM_BRIDGE: CuPy using GPU: NVIDIA GeForce RTX 3090 (24.0 GB), mempool limit: 80%
[2026-06-13 14:46:33][INFO] SIM_BRIDGE: Initializing simulation data for model: IZHIKEVICH (3D)... (playback_init: False)
[2026-06-13 14:46:33][INFO] SIM_BRIDGE: Brain-region framework: 2 regions, 2700 total neurons, 3 pathways.
[2026-06-13 14:46:33][INFO] SIM_BRIDGE: RNG initialized with seed: 44
[2026-06-13 14:46:33][INFO] SIM_BRIDGE: Initializing Izhikevich model specifics for 2700 neurons...
[2026-06-13 14:46:33][INFO] SIM_BRIDGE: Applying parameter heterogeneity to neuron parameters...
[2026-06-13 14:46:33][INFO] SIM_BRIDGE: Applied heterogeneity to 4 parameters.
[2026-06-13 14:46:33][INFO] SIM_BRIDGE: Initializing OU process state (tau=15.0ms, sigma=0.0pA)...
[2026-06-13 14:46:33][INFO] SIM_BRIDGE: Generating 3D neuron positions for 2700 neurons...
[2026-06-13 14:46:33][INFO] SIM_BRIDGE: Generating connections (brain-region framework)...
[2026-06-13 14:46:37][INFO] SIM_BRIDGE: inject_explicit_wiring: installed 3889253 synapses across 3 populations.
[2026-06-13 14:46:37][INFO] SIM_BRIDGE: Simulation data initialized for 2700 neurons (3D). Synapses: 3889253. GPU memory: 8.6GB/25.8GB (33.2%)
    random-shard gen=0.163 (chance 0.250) collapses=True

  [authored 96 cross-bridge facts] e.g. [('vehicles.c3_m1', 'plants.c3_m7'), ('clothes.c3_m7', 'vehicles.c1_m5'), ('planets.c2_m1', 'furniture.c1_m1')]

  ----------------------------------------------------------------------------------------
  M3/M7 -- cross-bridge composition (V-tag layer over the graded `pool` regions)
  ----------------------------------------------------------------------------------------
[2026-06-13 14:46:37][INFO] SIM_BRIDGE: CuPy using GPU: NVIDIA GeForce RTX 3090 (24.0 GB), mempool limit: 80%
[2026-06-13 14:46:37][INFO] SIM_BRIDGE: Initializing simulation data for model: IZHIKEVICH (3D)... (playback_init: False)
[2026-06-13 14:46:37][INFO] SIM_BRIDGE: Brain-region framework: 2 regions, 2700 total neurons, 3 pathways.
[2026-06-13 14:46:37][INFO] SIM_BRIDGE: RNG initialized with seed: 44
[2026-06-13 14:46:37][INFO] SIM_BRIDGE: Initializing Izhikevich model specifics for 2700 neurons...
[2026-06-13 14:46:37][INFO] SIM_BRIDGE: Applying parameter heterogeneity to neuron parameters...
[2026-06-13 14:46:37][INFO] SIM_BRIDGE: Applied heterogeneity to 4 parameters.
[2026-06-13 14:46:37][INFO] SIM_BRIDGE: Initializing OU process state (tau=15.0ms, sigma=0.0pA)...
[2026-06-13 14:46:37][INFO] SIM_BRIDGE: Generating 3D neuron positions for 2700 neurons...
[2026-06-13 14:46:37][INFO] SIM_BRIDGE: Generating connections (brain-region framework)...
[2026-06-13 14:46:41][INFO] SIM_BRIDGE: inject_explicit_wiring: installed 3889253 synapses across 3 populations.
[2026-06-13 14:46:41][INFO] SIM_BRIDGE: Simulation data initialized for 2700 neurons (3D). Synapses: 3889253. GPU memory: 8.6GB/25.8GB (33.2%)
    [built+trained   animals graded bridge: 2700 neurons]
[2026-06-13 14:49:18][INFO] SIM_BRIDGE: CuPy using GPU: NVIDIA GeForce RTX 3090 (24.0 GB), mempool limit: 80%
[2026-06-13 14:49:18][INFO] SIM_BRIDGE: Initializing simulation data for model: IZHIKEVICH (3D)... (playback_init: False)
[2026-06-13 14:49:18][INFO] SIM_BRIDGE: Brain-region framework: 2 regions, 2700 total neurons, 3 pathways.
[2026-06-13 14:49:18][INFO] SIM_BRIDGE: RNG initialized with seed: 44
[2026-06-13 14:49:18][INFO] SIM_BRIDGE: Initializing Izhikevich model specifics for 2700 neurons...
[2026-06-13 14:49:18][INFO] SIM_BRIDGE: Applying parameter heterogeneity to neuron parameters...
[2026-06-13 14:49:18][INFO] SIM_BRIDGE: Applied heterogeneity to 4 parameters.
[2026-06-13 14:49:18][INFO] SIM_BRIDGE: Initializing OU process state (tau=15.0ms, sigma=0.0pA)...
[2026-06-13 14:49:18][INFO] SIM_BRIDGE: Generating 3D neuron positions for 2700 neurons...
[2026-06-13 14:49:18][INFO] SIM_BRIDGE: Generating connections (brain-region framework)...
[2026-06-13 14:49:23][INFO] SIM_BRIDGE: inject_explicit_wiring: installed 3889253 synapses across 3 populations.
[2026-06-13 14:49:23][INFO] SIM_BRIDGE: Simulation data initialized for 2700 neurons (3D). Synapses: 3889253. GPU memory: 8.6GB/25.8GB (33.2%)
    [built+trained     foods graded bridge: 2700 neurons]
[2026-06-13 14:52:00][INFO] SIM_BRIDGE: CuPy using GPU: NVIDIA GeForce RTX 3090 (24.0 GB), mempool limit: 80%
[2026-06-13 14:52:00][INFO] SIM_BRIDGE: Initializing simulation data for model: IZHIKEVICH (3D)... (playback_init: False)
[2026-06-13 14:52:00][INFO] SIM_BRIDGE: Brain-region framework: 2 regions, 2700 total neurons, 3 pathways.
[2026-06-13 14:52:00][INFO] SIM_BRIDGE: RNG initialized with seed: 44
[2026-06-13 14:52:00][INFO] SIM_BRIDGE: Initializing Izhikevich model specifics for 2700 neurons...
[2026-06-13 14:52:00][INFO] SIM_BRIDGE: Applying parameter heterogeneity to neuron parameters...
[2026-06-13 14:52:00][INFO] SIM_BRIDGE: Applied heterogeneity to 4 parameters.
[2026-06-13 14:52:00][INFO] SIM_BRIDGE: Initializing OU process state (tau=15.0ms, sigma=0.0pA)...
[2026-06-13 14:52:00][INFO] SIM_BRIDGE: Generating 3D neuron positions for 2700 neurons...
[2026-06-13 14:52:00][INFO] SIM_BRIDGE: Generating connections (brain-region framework)...
[2026-06-13 14:52:05][INFO] SIM_BRIDGE: inject_explicit_wiring: installed 3889253 synapses across 3 populations.
[2026-06-13 14:52:05][INFO] SIM_BRIDGE: Simulation data initialized for 2700 neurons (3D). Synapses: 3889253. GPU memory: 8.6GB/25.8GB (33.2%)
    [built+trained  vehicles graded bridge: 2700 neurons]
[2026-06-13 14:54:45][INFO] SIM_BRIDGE: CuPy using GPU: NVIDIA GeForce RTX 3090 (24.0 GB), mempool limit: 80%
[2026-06-13 14:54:45][INFO] SIM_BRIDGE: Initializing simulation data for model: IZHIKEVICH (3D)... (playback_init: False)
[2026-06-13 14:54:45][INFO] SIM_BRIDGE: Brain-region framework: 2 regions, 2700 total neurons, 3 pathways.
[2026-06-13 14:54:45][INFO] SIM_BRIDGE: RNG initialized with seed: 44
[2026-06-13 14:54:45][INFO] SIM_BRIDGE: Initializing Izhikevich model specifics for 2700 neurons...
[2026-06-13 14:54:45][INFO] SIM_BRIDGE: Applying parameter heterogeneity to neuron parameters...
[2026-06-13 14:54:45][INFO] SIM_BRIDGE: Applied heterogeneity to 4 parameters.
[2026-06-13 14:54:45][INFO] SIM_BRIDGE: Initializing OU process state (tau=15.0ms, sigma=0.0pA)...
[2026-06-13 14:54:45][INFO] SIM_BRIDGE: Generating 3D neuron positions for 2700 neurons...
[2026-06-13 14:54:45][INFO] SIM_BRIDGE: Generating connections (brain-region framework)...
[2026-06-13 14:54:49][INFO] SIM_BRIDGE: inject_explicit_wiring: installed 3889253 synapses across 3 populations.
[2026-06-13 14:54:49][INFO] SIM_BRIDGE: Simulation data initialized for 2700 neurons (3D). Synapses: 3889253. GPU memory: 8.6GB/25.8GB (33.2%)
    [built+trained     tools graded bridge: 2700 neurons]
[2026-06-13 14:57:28][INFO] SIM_BRIDGE: CuPy using GPU: NVIDIA GeForce RTX 3090 (24.0 GB), mempool limit: 80%
[2026-06-13 14:57:28][INFO] SIM_BRIDGE: Initializing simulation data for model: IZHIKEVICH (3D)... (playback_init: False)
[2026-06-13 14:57:28][INFO] SIM_BRIDGE: Brain-region framework: 2 regions, 2700 total neurons, 3 pathways.
[2026-06-13 14:57:28][INFO] SIM_BRIDGE: RNG initialized with seed: 44
[2026-06-13 14:57:28][INFO] SIM_BRIDGE: Initializing Izhikevich model specifics for 2700 neurons...
[2026-06-13 14:57:28][INFO] SIM_BRIDGE: Applying parameter heterogeneity to neuron parameters...
[2026-06-13 14:57:28][INFO] SIM_BRIDGE: Applied heterogeneity to 4 parameters.
[2026-06-13 14:57:28][INFO] SIM_BRIDGE: Initializing OU process state (tau=15.0ms, sigma=0.0pA)...
[2026-06-13 14:57:28][INFO] SIM_BRIDGE: Generating 3D neuron positions for 2700 neurons...
[2026-06-13 14:57:28][INFO] SIM_BRIDGE: Generating connections (brain-region framework)...
[2026-06-13 14:57:32][INFO] SIM_BRIDGE: inject_explicit_wiring: installed 3889253 synapses across 3 populations.
[2026-06-13 14:57:32][INFO] SIM_BRIDGE: Simulation data initialized for 2700 neurons (3D). Synapses: 3889253. GPU memory: 8.6GB/25.8GB (33.2%)
    [built+trained   clothes graded bridge: 2700 neurons]
[2026-06-13 15:00:15][INFO] SIM_BRIDGE: CuPy using GPU: NVIDIA GeForce RTX 3090 (24.0 GB), mempool limit: 80%
[2026-06-13 15:00:15][INFO] SIM_BRIDGE: Initializing simulation data for model: IZHIKEVICH (3D)... (playback_init: False)
[2026-06-13 15:00:15][INFO] SIM_BRIDGE: Brain-region framework: 2 regions, 2700 total neurons, 3 pathways.
[2026-06-13 15:00:15][INFO] SIM_BRIDGE: RNG initialized with seed: 44
[2026-06-13 15:00:15][INFO] SIM_BRIDGE: Initializing Izhikevich model specifics for 2700 neurons...
[2026-06-13 15:00:15][INFO] SIM_BRIDGE: Applying parameter heterogeneity to neuron parameters...
[2026-06-13 15:00:15][INFO] SIM_BRIDGE: Applied heterogeneity to 4 parameters.
[2026-06-13 15:00:15][INFO] SIM_BRIDGE: Initializing OU process state (tau=15.0ms, sigma=0.0pA)...
[2026-06-13 15:00:15][INFO] SIM_BRIDGE: Generating 3D neuron positions for 2700 neurons...
[2026-06-13 15:00:15][INFO] SIM_BRIDGE: Generating connections (brain-region framework)...
[2026-06-13 15:00:20][INFO] SIM_BRIDGE: inject_explicit_wiring: installed 3889253 synapses across 3 populations.
[2026-06-13 15:00:20][INFO] SIM_BRIDGE: Simulation data initialized for 2700 neurons (3D). Synapses: 3889253. GPU memory: 8.6GB/25.8GB (33.2%)
    [built+trained furniture graded bridge: 2700 neurons]
[2026-06-13 15:03:02][INFO] SIM_BRIDGE: CuPy using GPU: NVIDIA GeForce RTX 3090 (24.0 GB), mempool limit: 80%
[2026-06-13 15:03:02][INFO] SIM_BRIDGE: Initializing simulation data for model: IZHIKEVICH (3D)... (playback_init: False)
[2026-06-13 15:03:02][INFO] SIM_BRIDGE: Brain-region framework: 2 regions, 2700 total neurons, 3 pathways.
[2026-06-13 15:03:02][INFO] SIM_BRIDGE: RNG initialized with seed: 44
[2026-06-13 15:03:02][INFO] SIM_BRIDGE: Initializing Izhikevich model specifics for 2700 neurons...
[2026-06-13 15:03:02][INFO] SIM_BRIDGE: Applying parameter heterogeneity to neuron parameters...
[2026-06-13 15:03:02][INFO] SIM_BRIDGE: Applied heterogeneity to 4 parameters.
[2026-06-13 15:03:02][INFO] SIM_BRIDGE: Initializing OU process state (tau=15.0ms, sigma=0.0pA)...
[2026-06-13 15:03:02][INFO] SIM_BRIDGE: Generating 3D neuron positions for 2700 neurons...
[2026-06-13 15:03:02][INFO] SIM_BRIDGE: Generating connections (brain-region framework)...
[2026-06-13 15:03:07][INFO] SIM_BRIDGE: inject_explicit_wiring: installed 3889253 synapses across 3 populations.
[2026-06-13 15:03:07][INFO] SIM_BRIDGE: Simulation data initialized for 2700 neurons (3D). Synapses: 3889253. GPU memory: 8.6GB/25.8GB (33.2%)
    [built+trained    plants graded bridge: 2700 neurons]
[2026-06-13 15:05:50][INFO] SIM_BRIDGE: CuPy using GPU: NVIDIA GeForce RTX 3090 (24.0 GB), mempool limit: 80%
[2026-06-13 15:05:50][INFO] SIM_BRIDGE: Initializing simulation data for model: IZHIKEVICH (3D)... (playback_init: False)
[2026-06-13 15:05:50][INFO] SIM_BRIDGE: Brain-region framework: 2 regions, 2700 total neurons, 3 pathways.
[2026-06-13 15:05:50][INFO] SIM_BRIDGE: RNG initialized with seed: 44
[2026-06-13 15:05:50][INFO] SIM_BRIDGE: Initializing Izhikevich model specifics for 2700 neurons...
[2026-06-13 15:05:50][INFO] SIM_BRIDGE: Applying parameter heterogeneity to neuron parameters...
[2026-06-13 15:05:50][INFO] SIM_BRIDGE: Applied heterogeneity to 4 parameters.
[2026-06-13 15:05:50][INFO] SIM_BRIDGE: Initializing OU process state (tau=15.0ms, sigma=0.0pA)...
[2026-06-13 15:05:50][INFO] SIM_BRIDGE: Generating 3D neuron positions for 2700 neurons...
[2026-06-13 15:05:50][INFO] SIM_BRIDGE: Generating connections (brain-region framework)...
[2026-06-13 15:05:54][INFO] SIM_BRIDGE: inject_explicit_wiring: installed 3889253 synapses across 3 populations.
[2026-06-13 15:05:54][INFO] SIM_BRIDGE: Simulation data initialized for 2700 neurons (3D). Synapses: 3889253. GPU memory: 8.6GB/25.8GB (33.2%)
    [built+trained   weather graded bridge: 2700 neurons]
[2026-06-13 15:08:35][INFO] SIM_BRIDGE: CuPy using GPU: NVIDIA GeForce RTX 3090 (24.0 GB), mempool limit: 80%
[2026-06-13 15:08:35][INFO] SIM_BRIDGE: Initializing simulation data for model: IZHIKEVICH (3D)... (playback_init: False)
[2026-06-13 15:08:35][INFO] SIM_BRIDGE: Brain-region framework: 2 regions, 2700 total neurons, 3 pathways.
[2026-06-13 15:08:35][INFO] SIM_BRIDGE: RNG initialized with seed: 44
[2026-06-13 15:08:35][INFO] SIM_BRIDGE: Initializing Izhikevich model specifics for 2700 neurons...
[2026-06-13 15:08:35][INFO] SIM_BRIDGE: Applying parameter heterogeneity to neuron parameters...
[2026-06-13 15:08:35][INFO] SIM_BRIDGE: Applied heterogeneity to 4 parameters.
[2026-06-13 15:08:35][INFO] SIM_BRIDGE: Initializing OU process state (tau=15.0ms, sigma=0.0pA)...
[2026-06-13 15:08:35][INFO] SIM_BRIDGE: Generating 3D neuron positions for 2700 neurons...
[2026-06-13 15:08:35][INFO] SIM_BRIDGE: Generating connections (brain-region framework)...
[2026-06-13 15:08:40][INFO] SIM_BRIDGE: inject_explicit_wiring: installed 3889253 synapses across 3 populations.
[2026-06-13 15:08:40][INFO] SIM_BRIDGE: Simulation data initialized for 2700 neurons (3D). Synapses: 3889253. GPU memory: 8.6GB/25.8GB (33.2%)
    [built+trained body_parts graded bridge: 2700 neurons]
[2026-06-13 15:10:46][INFO] SIM_BRIDGE: CuPy using GPU: NVIDIA GeForce RTX 3090 (24.0 GB), mempool limit: 80%
[2026-06-13 15:10:46][INFO] SIM_BRIDGE: Initializing simulation data for model: IZHIKEVICH (3D)... (playback_init: False)
[2026-06-13 15:10:46][INFO] SIM_BRIDGE: Brain-region framework: 2 regions, 2700 total neurons, 3 pathways.
[2026-06-13 15:10:46][INFO] SIM_BRIDGE: RNG initialized with seed: 44
[2026-06-13 15:10:46][INFO] SIM_BRIDGE: Initializing Izhikevich model specifics for 2700 neurons...
[2026-06-13 15:10:46][INFO] SIM_BRIDGE: Applying parameter heterogeneity to neuron parameters...
[2026-06-13 15:10:46][INFO] SIM_BRIDGE: Applied heterogeneity to 4 parameters.
[2026-06-13 15:10:46][INFO] SIM_BRIDGE: Initializing OU process state (tau=15.0ms, sigma=0.0pA)...
[2026-06-13 15:10:46][INFO] SIM_BRIDGE: Generating 3D neuron positions for 2700 neurons...
[2026-06-13 15:10:46][INFO] SIM_BRIDGE: Generating connections (brain-region framework)...
[2026-06-13 15:10:50][INFO] SIM_BRIDGE: inject_explicit_wiring: installed 3889253 synapses across 3 populations.
[2026-06-13 15:10:51][INFO] SIM_BRIDGE: Simulation data initialized for 2700 neurons (3D). Synapses: 3889253. GPU memory: 8.6GB/25.8GB (33.2%)
    [built+trained    colors graded bridge: 2700 neurons]
[2026-06-13 15:13:22][INFO] SIM_BRIDGE: CuPy using GPU: NVIDIA GeForce RTX 3090 (24.0 GB), mempool limit: 80%
[2026-06-13 15:13:22][INFO] SIM_BRIDGE: Initializing simulation data for model: IZHIKEVICH (3D)... (playback_init: False)
[2026-06-13 15:13:22][INFO] SIM_BRIDGE: Brain-region framework: 2 regions, 2700 total neurons, 3 pathways.
[2026-06-13 15:13:22][INFO] SIM_BRIDGE: RNG initialized with seed: 44
[2026-06-13 15:13:22][INFO] SIM_BRIDGE: Initializing Izhikevich model specifics for 2700 neurons...
[2026-06-13 15:13:22][INFO] SIM_BRIDGE: Applying parameter heterogeneity to neuron parameters...
[2026-06-13 15:13:22][INFO] SIM_BRIDGE: Applied heterogeneity to 4 parameters.
[2026-06-13 15:13:22][INFO] SIM_BRIDGE: Initializing OU process state (tau=15.0ms, sigma=0.0pA)...
[2026-06-13 15:13:22][INFO] SIM_BRIDGE: Generating 3D neuron positions for 2700 neurons...
[2026-06-13 15:13:22][INFO] SIM_BRIDGE: Generating connections (brain-region framework)...
[2026-06-13 15:13:26][INFO] SIM_BRIDGE: inject_explicit_wiring: installed 3889253 synapses across 3 populations.
[2026-06-13 15:13:26][INFO] SIM_BRIDGE: Simulation data initialized for 2700 neurons (3D). Synapses: 3889253. GPU memory: 8.6GB/25.8GB (33.2%)
    [built+trained  emotions graded bridge: 2700 neurons]
[2026-06-13 15:15:50][INFO] SIM_BRIDGE: CuPy using GPU: NVIDIA GeForce RTX 3090 (24.0 GB), mempool limit: 80%
[2026-06-13 15:15:50][INFO] SIM_BRIDGE: Initializing simulation data for model: IZHIKEVICH (3D)... (playback_init: False)
[2026-06-13 15:15:50][INFO] SIM_BRIDGE: Brain-region framework: 2 regions, 2700 total neurons, 3 pathways.
[2026-06-13 15:15:50][INFO] SIM_BRIDGE: RNG initialized with seed: 44
[2026-06-13 15:15:50][INFO] SIM_BRIDGE: Initializing Izhikevich model specifics for 2700 neurons...
[2026-06-13 15:15:50][INFO] SIM_BRIDGE: Applying parameter heterogeneity to neuron parameters...
[2026-06-13 15:15:50][INFO] SIM_BRIDGE: Applied heterogeneity to 4 parameters.
[2026-06-13 15:15:50][INFO] SIM_BRIDGE: Initializing OU process state (tau=15.0ms, sigma=0.0pA)...
[2026-06-13 15:15:50][INFO] SIM_BRIDGE: Generating 3D neuron positions for 2700 neurons...
[2026-06-13 15:15:50][INFO] SIM_BRIDGE: Generating connections (brain-region framework)...
[2026-06-13 15:15:54][INFO] SIM_BRIDGE: inject_explicit_wiring: installed 3889253 synapses across 3 populations.
[2026-06-13 15:15:54][INFO] SIM_BRIDGE: Simulation data initialized for 2700 neurons (3D). Synapses: 3889253. GPU memory: 8.6GB/25.8GB (33.2%)
    [built+trained      jobs graded bridge: 2700 neurons]
[2026-06-13 15:18:19][INFO] SIM_BRIDGE: CuPy using GPU: NVIDIA GeForce RTX 3090 (24.0 GB), mempool limit: 80%
[2026-06-13 15:18:19][INFO] SIM_BRIDGE: Initializing simulation data for model: IZHIKEVICH (3D)... (playback_init: False)
[2026-06-13 15:18:19][INFO] SIM_BRIDGE: Brain-region framework: 2 regions, 2700 total neurons, 3 pathways.
[2026-06-13 15:18:19][INFO] SIM_BRIDGE: RNG initialized with seed: 44
[2026-06-13 15:18:19][INFO] SIM_BRIDGE: Initializing Izhikevich model specifics for 2700 neurons...
[2026-06-13 15:18:19][INFO] SIM_BRIDGE: Applying parameter heterogeneity to neuron parameters...
[2026-06-13 15:18:19][INFO] SIM_BRIDGE: Applied heterogeneity to 4 parameters.
[2026-06-13 15:18:19][INFO] SIM_BRIDGE: Initializing OU process state (tau=15.0ms, sigma=0.0pA)...
[2026-06-13 15:18:19][INFO] SIM_BRIDGE: Generating 3D neuron positions for 2700 neurons...
[2026-06-13 15:18:19][INFO] SIM_BRIDGE: Generating connections (brain-region framework)...
[2026-06-13 15:18:24][INFO] SIM_BRIDGE: inject_explicit_wiring: installed 3889253 synapses across 3 populations.
[2026-06-13 15:18:24][INFO] SIM_BRIDGE: Simulation data initialized for 2700 neurons (3D). Synapses: 3889253. GPU memory: 8.6GB/25.8GB (33.2%)
    [built+trained    sports graded bridge: 2700 neurons]
[2026-06-13 15:20:33][INFO] SIM_BRIDGE: CuPy using GPU: NVIDIA GeForce RTX 3090 (24.0 GB), mempool limit: 80%
[2026-06-13 15:20:33][INFO] SIM_BRIDGE: Initializing simulation data for model: IZHIKEVICH (3D)... (playback_init: False)
[2026-06-13 15:20:33][INFO] SIM_BRIDGE: Brain-region framework: 2 regions, 2700 total neurons, 3 pathways.
[2026-06-13 15:20:33][INFO] SIM_BRIDGE: RNG initialized with seed: 44
[2026-06-13 15:20:33][INFO] SIM_BRIDGE: Initializing Izhikevich model specifics for 2700 neurons...
[2026-06-13 15:20:33][INFO] SIM_BRIDGE: Applying parameter heterogeneity to neuron parameters...
[2026-06-13 15:20:33][INFO] SIM_BRIDGE: Applied heterogeneity to 4 parameters.
[2026-06-13 15:20:33][INFO] SIM_BRIDGE: Initializing OU process state (tau=15.0ms, sigma=0.0pA)...
[2026-06-13 15:20:33][INFO] SIM_BRIDGE: Generating 3D neuron positions for 2700 neurons...
[2026-06-13 15:20:33][INFO] SIM_BRIDGE: Generating connections (brain-region framework)...
[2026-06-13 15:20:37][INFO] SIM_BRIDGE: inject_explicit_wiring: installed 3889253 synapses across 3 populations.
[2026-06-13 15:20:37][INFO] SIM_BRIDGE: Simulation data initialized for 2700 neurons (3D). Synapses: 3889253. GPU memory: 8.6GB/25.8GB (33.2%)
    [built+trained instruments graded bridge: 2700 neurons]
[2026-06-13 15:22:49][INFO] SIM_BRIDGE: CuPy using GPU: NVIDIA GeForce RTX 3090 (24.0 GB), mempool limit: 80%
[2026-06-13 15:22:49][INFO] SIM_BRIDGE: Initializing simulation data for model: IZHIKEVICH (3D)... (playback_init: False)
[2026-06-13 15:22:49][INFO] SIM_BRIDGE: Brain-region framework: 2 regions, 2700 total neurons, 3 pathways.
[2026-06-13 15:22:49][INFO] SIM_BRIDGE: RNG initialized with seed: 44
[2026-06-13 15:22:49][INFO] SIM_BRIDGE: Initializing Izhikevich model specifics for 2700 neurons...
[2026-06-13 15:22:49][INFO] SIM_BRIDGE: Applying parameter heterogeneity to neuron parameters...
[2026-06-13 15:22:49][INFO] SIM_BRIDGE: Applied heterogeneity to 4 parameters.
[2026-06-13 15:22:49][INFO] SIM_BRIDGE: Initializing OU process state (tau=15.0ms, sigma=0.0pA)...
[2026-06-13 15:22:49][INFO] SIM_BRIDGE: Generating 3D neuron positions for 2700 neurons...
[2026-06-13 15:22:49][INFO] SIM_BRIDGE: Generating connections (brain-region framework)...
[2026-06-13 15:22:53][INFO] SIM_BRIDGE: inject_explicit_wiring: installed 3889253 synapses across 3 populations.
[2026-06-13 15:22:54][INFO] SIM_BRIDGE: Simulation data initialized for 2700 neurons (3D). Synapses: 3889253. GPU memory: 8.6GB/25.8GB (33.2%)
    [built+trained buildings graded bridge: 2700 neurons]
[2026-06-13 15:25:10][INFO] SIM_BRIDGE: CuPy using GPU: NVIDIA GeForce RTX 3090 (24.0 GB), mempool limit: 80%
[2026-06-13 15:25:10][INFO] SIM_BRIDGE: Initializing simulation data for model: IZHIKEVICH (3D)... (playback_init: False)
[2026-06-13 15:25:10][INFO] SIM_BRIDGE: Brain-region framework: 2 regions, 2700 total neurons, 3 pathways.
[2026-06-13 15:25:10][INFO] SIM_BRIDGE: RNG initialized with seed: 44
[2026-06-13 15:25:10][INFO] SIM_BRIDGE: Initializing Izhikevich model specifics for 2700 neurons...
[2026-06-13 15:25:11][INFO] SIM_BRIDGE: Applying parameter heterogeneity to neuron parameters...
[2026-06-13 15:25:11][INFO] SIM_BRIDGE: Applied heterogeneity to 4 parameters.
[2026-06-13 15:25:11][INFO] SIM_BRIDGE: Initializing OU process state (tau=15.0ms, sigma=0.0pA)...
[2026-06-13 15:25:11][INFO] SIM_BRIDGE: Generating 3D neuron positions for 2700 neurons...
[2026-06-13 15:25:11][INFO] SIM_BRIDGE: Generating connections (brain-region framework)...
[2026-06-13 15:25:14][INFO] SIM_BRIDGE: inject_explicit_wiring: installed 3889253 synapses across 3 populations.
[2026-06-13 15:25:14][INFO] SIM_BRIDGE: Simulation data initialized for 2700 neurons (3D). Synapses: 3889253. GPU memory: 8.6GB/25.8GB (33.2%)
    [built+trained countries graded bridge: 2700 neurons]
[2026-06-13 15:27:53][INFO] SIM_BRIDGE: CuPy using GPU: NVIDIA GeForce RTX 3090 (24.0 GB), mempool limit: 80%
[2026-06-13 15:27:53][INFO] SIM_BRIDGE: Initializing simulation data for model: IZHIKEVICH (3D)... (playback_init: False)
[2026-06-13 15:27:53][INFO] SIM_BRIDGE: Brain-region framework: 2 regions, 2700 total neurons, 3 pathways.
[2026-06-13 15:27:53][INFO] SIM_BRIDGE: RNG initialized with seed: 44
[2026-06-13 15:27:53][INFO] SIM_BRIDGE: Initializing Izhikevich model specifics for 2700 neurons...
[2026-06-13 15:27:53][INFO] SIM_BRIDGE: Applying parameter heterogeneity to neuron parameters...
[2026-06-13 15:27:53][INFO] SIM_BRIDGE: Applied heterogeneity to 4 parameters.
[2026-06-13 15:27:53][INFO] SIM_BRIDGE: Initializing OU process state (tau=15.0ms, sigma=0.0pA)...
[2026-06-13 15:27:53][INFO] SIM_BRIDGE: Generating 3D neuron positions for 2700 neurons...
[2026-06-13 15:27:53][INFO] SIM_BRIDGE: Generating connections (brain-region framework)...
[2026-06-13 15:27:57][INFO] SIM_BRIDGE: inject_explicit_wiring: installed 3889253 synapses across 3 populations.
[2026-06-13 15:27:57][INFO] SIM_BRIDGE: Simulation data initialized for 2700 neurons (3D). Synapses: 3889253. GPU memory: 8.6GB/25.8GB (33.2%)
    [built+trained    drinks graded bridge: 2700 neurons]
[2026-06-13 15:30:38][INFO] SIM_BRIDGE: CuPy using GPU: NVIDIA GeForce RTX 3090 (24.0 GB), mempool limit: 80%
[2026-06-13 15:30:38][INFO] SIM_BRIDGE: Initializing simulation data for model: IZHIKEVICH (3D)... (playback_init: False)
[2026-06-13 15:30:38][INFO] SIM_BRIDGE: Brain-region framework: 2 regions, 2700 total neurons, 3 pathways.
[2026-06-13 15:30:38][INFO] SIM_BRIDGE: RNG initialized with seed: 44
[2026-06-13 15:30:38][INFO] SIM_BRIDGE: Initializing Izhikevich model specifics for 2700 neurons...
[2026-06-13 15:30:38][INFO] SIM_BRIDGE: Applying parameter heterogeneity to neuron parameters...
[2026-06-13 15:30:38][INFO] SIM_BRIDGE: Applied heterogeneity to 4 parameters.
[2026-06-13 15:30:38][INFO] SIM_BRIDGE: Initializing OU process state (tau=15.0ms, sigma=0.0pA)...
[2026-06-13 15:30:38][INFO] SIM_BRIDGE: Generating 3D neuron positions for 2700 neurons...
[2026-06-13 15:30:38][INFO] SIM_BRIDGE: Generating connections (brain-region framework)...
[2026-06-13 15:30:43][INFO] SIM_BRIDGE: inject_explicit_wiring: installed 3889253 synapses across 3 populations.
[2026-06-13 15:30:43][INFO] SIM_BRIDGE: Simulation data initialized for 2700 neurons (3D). Synapses: 3889253. GPU memory: 8.6GB/25.8GB (33.2%)
    [built+trained    fruits graded bridge: 2700 neurons]
[2026-06-13 15:33:33][INFO] SIM_BRIDGE: CuPy using GPU: NVIDIA GeForce RTX 3090 (24.0 GB), mempool limit: 80%
[2026-06-13 15:33:33][INFO] SIM_BRIDGE: Initializing simulation data for model: IZHIKEVICH (3D)... (playback_init: False)
[2026-06-13 15:33:33][INFO] SIM_BRIDGE: Brain-region framework: 2 regions, 2700 total neurons, 3 pathways.
[2026-06-13 15:33:33][INFO] SIM_BRIDGE: RNG initialized with seed: 44
[2026-06-13 15:33:33][INFO] SIM_BRIDGE: Initializing Izhikevich model specifics for 2700 neurons...
[2026-06-13 15:33:33][INFO] SIM_BRIDGE: Applying parameter heterogeneity to neuron parameters...
[2026-06-13 15:33:33][INFO] SIM_BRIDGE: Applied heterogeneity to 4 parameters.
[2026-06-13 15:33:33][INFO] SIM_BRIDGE: Initializing OU process state (tau=15.0ms, sigma=0.0pA)...
[2026-06-13 15:33:33][INFO] SIM_BRIDGE: Generating 3D neuron positions for 2700 neurons...
[2026-06-13 15:33:33][INFO] SIM_BRIDGE: Generating connections (brain-region framework)...
[2026-06-13 15:33:37][INFO] SIM_BRIDGE: inject_explicit_wiring: installed 3889253 synapses across 3 populations.
[2026-06-13 15:33:37][INFO] SIM_BRIDGE: Simulation data initialized for 2700 neurons (3D). Synapses: 3889253. GPU memory: 8.6GB/25.8GB (33.2%)
    [built+trained    metals graded bridge: 2700 neurons]
[2026-06-13 15:36:32][INFO] SIM_BRIDGE: CuPy using GPU: NVIDIA GeForce RTX 3090 (24.0 GB), mempool limit: 80%
[2026-06-13 15:36:32][INFO] SIM_BRIDGE: Initializing simulation data for model: IZHIKEVICH (3D)... (playback_init: False)
[2026-06-13 15:36:32][INFO] SIM_BRIDGE: Brain-region framework: 2 regions, 2700 total neurons, 3 pathways.
[2026-06-13 15:36:32][INFO] SIM_BRIDGE: RNG initialized with seed: 44
[2026-06-13 15:36:32][INFO] SIM_BRIDGE: Initializing Izhikevich model specifics for 2700 neurons...
[2026-06-13 15:36:32][INFO] SIM_BRIDGE: Applying parameter heterogeneity to neuron parameters...
[2026-06-13 15:36:32][INFO] SIM_BRIDGE: Applied heterogeneity to 4 parameters.
[2026-06-13 15:36:32][INFO] SIM_BRIDGE: Initializing OU process state (tau=15.0ms, sigma=0.0pA)...
[2026-06-13 15:36:32][INFO] SIM_BRIDGE: Generating 3D neuron positions for 2700 neurons...
[2026-06-13 15:36:32][INFO] SIM_BRIDGE: Generating connections (brain-region framework)...
[2026-06-13 15:36:37][INFO] SIM_BRIDGE: inject_explicit_wiring: installed 3889253 synapses across 3 populations.
[2026-06-13 15:36:37][INFO] SIM_BRIDGE: Simulation data initialized for 2700 neurons (3D). Synapses: 3889253. GPU memory: 8.6GB/25.8GB (33.2%)
    [built+trained   insects graded bridge: 2700 neurons]
[2026-06-13 15:39:26][INFO] SIM_BRIDGE: CuPy using GPU: NVIDIA GeForce RTX 3090 (24.0 GB), mempool limit: 80%
[2026-06-13 15:39:26][INFO] SIM_BRIDGE: Initializing simulation data for model: IZHIKEVICH (3D)... (playback_init: False)
[2026-06-13 15:39:26][INFO] SIM_BRIDGE: Brain-region framework: 2 regions, 2700 total neurons, 3 pathways.
[2026-06-13 15:39:26][INFO] SIM_BRIDGE: RNG initialized with seed: 44
[2026-06-13 15:39:26][INFO] SIM_BRIDGE: Initializing Izhikevich model specifics for 2700 neurons...
[2026-06-13 15:39:26][INFO] SIM_BRIDGE: Applying parameter heterogeneity to neuron parameters...
[2026-06-13 15:39:26][INFO] SIM_BRIDGE: Applied heterogeneity to 4 parameters.
[2026-06-13 15:39:26][INFO] SIM_BRIDGE: Initializing OU process state (tau=15.0ms, sigma=0.0pA)...
[2026-06-13 15:39:26][INFO] SIM_BRIDGE: Generating 3D neuron positions for 2700 neurons...
[2026-06-13 15:39:26][INFO] SIM_BRIDGE: Generating connections (brain-region framework)...
[2026-06-13 15:39:30][INFO] SIM_BRIDGE: inject_explicit_wiring: installed 3889253 synapses across 3 populations.
[2026-06-13 15:39:30][INFO] SIM_BRIDGE: Simulation data initialized for 2700 neurons (3D). Synapses: 3889253. GPU memory: 8.6GB/25.8GB (33.2%)
    [built+trained     birds graded bridge: 2700 neurons]
[2026-06-13 15:42:19][INFO] SIM_BRIDGE: CuPy using GPU: NVIDIA GeForce RTX 3090 (24.0 GB), mempool limit: 80%
[2026-06-13 15:42:19][INFO] SIM_BRIDGE: Initializing simulation data for model: IZHIKEVICH (3D)... (playback_init: False)
[2026-06-13 15:42:19][INFO] SIM_BRIDGE: Brain-region framework: 2 regions, 2700 total neurons, 3 pathways.
[2026-06-13 15:42:19][INFO] SIM_BRIDGE: RNG initialized with seed: 44
[2026-06-13 15:42:19][INFO] SIM_BRIDGE: Initializing Izhikevich model specifics for 2700 neurons...
[2026-06-13 15:42:19][INFO] SIM_BRIDGE: Applying parameter heterogeneity to neuron parameters...
[2026-06-13 15:42:19][INFO] SIM_BRIDGE: Applied heterogeneity to 4 parameters.
[2026-06-13 15:42:19][INFO] SIM_BRIDGE: Initializing OU process state (tau=15.0ms, sigma=0.0pA)...
[2026-06-13 15:42:19][INFO] SIM_BRIDGE: Generating 3D neuron positions for 2700 neurons...
[2026-06-13 15:42:19][INFO] SIM_BRIDGE: Generating connections (brain-region framework)...
[2026-06-13 15:42:24][INFO] SIM_BRIDGE: inject_explicit_wiring: installed 3889253 synapses across 3 populations.
[2026-06-13 15:42:24][INFO] SIM_BRIDGE: Simulation data initialized for 2700 neurons (3D). Synapses: 3889253. GPU memory: 8.6GB/25.8GB (33.2%)
    [built+trained      fish graded bridge: 2700 neurons]
[2026-06-13 15:45:21][INFO] SIM_BRIDGE: CuPy using GPU: NVIDIA GeForce RTX 3090 (24.0 GB), mempool limit: 80%
[2026-06-13 15:45:21][INFO] SIM_BRIDGE: Initializing simulation data for model: IZHIKEVICH (3D)... (playback_init: False)
[2026-06-13 15:45:21][INFO] SIM_BRIDGE: Brain-region framework: 2 regions, 2700 total neurons, 3 pathways.
[2026-06-13 15:45:21][INFO] SIM_BRIDGE: RNG initialized with seed: 44
[2026-06-13 15:45:21][INFO] SIM_BRIDGE: Initializing Izhikevich model specifics for 2700 neurons...
[2026-06-13 15:45:21][INFO] SIM_BRIDGE: Applying parameter heterogeneity to neuron parameters...
[2026-06-13 15:45:21][INFO] SIM_BRIDGE: Applied heterogeneity to 4 parameters.
[2026-06-13 15:45:21][INFO] SIM_BRIDGE: Initializing OU process state (tau=15.0ms, sigma=0.0pA)...
[2026-06-13 15:45:21][INFO] SIM_BRIDGE: Generating 3D neuron positions for 2700 neurons...
[2026-06-13 15:45:21][INFO] SIM_BRIDGE: Generating connections (brain-region framework)...
[2026-06-13 15:45:26][INFO] SIM_BRIDGE: inject_explicit_wiring: installed 3889253 synapses across 3 populations.
[2026-06-13 15:45:26][INFO] SIM_BRIDGE: Simulation data initialized for 2700 neurons (3D). Synapses: 3889253. GPU memory: 8.6GB/25.8GB (33.2%)
    [built+trained   flowers graded bridge: 2700 neurons]
[2026-06-13 15:48:23][INFO] SIM_BRIDGE: CuPy using GPU: NVIDIA GeForce RTX 3090 (24.0 GB), mempool limit: 80%
[2026-06-13 15:48:23][INFO] SIM_BRIDGE: Initializing simulation data for model: IZHIKEVICH (3D)... (playback_init: False)
[2026-06-13 15:48:23][INFO] SIM_BRIDGE: Brain-region framework: 2 regions, 2700 total neurons, 3 pathways.
[2026-06-13 15:48:23][INFO] SIM_BRIDGE: RNG initialized with seed: 44
[2026-06-13 15:48:23][INFO] SIM_BRIDGE: Initializing Izhikevich model specifics for 2700 neurons...
[2026-06-13 15:48:23][INFO] SIM_BRIDGE: Applying parameter heterogeneity to neuron parameters...
[2026-06-13 15:48:23][INFO] SIM_BRIDGE: Applied heterogeneity to 4 parameters.
[2026-06-13 15:48:23][INFO] SIM_BRIDGE: Initializing OU process state (tau=15.0ms, sigma=0.0pA)...
[2026-06-13 15:48:23][INFO] SIM_BRIDGE: Generating 3D neuron positions for 2700 neurons...
[2026-06-13 15:48:23][INFO] SIM_BRIDGE: Generating connections (brain-region framework)...
[2026-06-13 15:48:28][INFO] SIM_BRIDGE: inject_explicit_wiring: installed 3889253 synapses across 3 populations.
[2026-06-13 15:48:28][INFO] SIM_BRIDGE: Simulation data initialized for 2700 neurons (3D). Synapses: 3889253. GPU memory: 8.6GB/25.8GB (33.2%)
    [built+trained     trees graded bridge: 2700 neurons]
[2026-06-13 15:51:26][INFO] SIM_BRIDGE: CuPy using GPU: NVIDIA GeForce RTX 3090 (24.0 GB), mempool limit: 80%
[2026-06-13 15:51:26][INFO] SIM_BRIDGE: Initializing simulation data for model: IZHIKEVICH (3D)... (playback_init: False)
[2026-06-13 15:51:26][INFO] SIM_BRIDGE: Brain-region framework: 2 regions, 2700 total neurons, 3 pathways.
[2026-06-13 15:51:26][INFO] SIM_BRIDGE: RNG initialized with seed: 44
[2026-06-13 15:51:26][INFO] SIM_BRIDGE: Initializing Izhikevich model specifics for 2700 neurons...
[2026-06-13 15:51:26][INFO] SIM_BRIDGE: Applying parameter heterogeneity to neuron parameters...
[2026-06-13 15:51:26][INFO] SIM_BRIDGE: Applied heterogeneity to 4 parameters.
[2026-06-13 15:51:26][INFO] SIM_BRIDGE: Initializing OU process state (tau=15.0ms, sigma=0.0pA)...
[2026-06-13 15:51:26][INFO] SIM_BRIDGE: Generating 3D neuron positions for 2700 neurons...
[2026-06-13 15:51:26][INFO] SIM_BRIDGE: Generating connections (brain-region framework)...
[2026-06-13 15:51:31][INFO] SIM_BRIDGE: inject_explicit_wiring: installed 3889253 synapses across 3 populations.
[2026-06-13 15:51:31][INFO] SIM_BRIDGE: Simulation data initialized for 2700 neurons (3D). Synapses: 3889253. GPU memory: 8.6GB/25.8GB (33.2%)
    [built+trained    shapes graded bridge: 2700 neurons]
[2026-06-13 15:54:31][INFO] SIM_BRIDGE: CuPy using GPU: NVIDIA GeForce RTX 3090 (24.0 GB), mempool limit: 80%
[2026-06-13 15:54:31][INFO] SIM_BRIDGE: Initializing simulation data for model: IZHIKEVICH (3D)... (playback_init: False)
[2026-06-13 15:54:31][INFO] SIM_BRIDGE: Brain-region framework: 2 regions, 2700 total neurons, 3 pathways.
[2026-06-13 15:54:31][INFO] SIM_BRIDGE: RNG initialized with seed: 44
[2026-06-13 15:54:31][INFO] SIM_BRIDGE: Initializing Izhikevich model specifics for 2700 neurons...
[2026-06-13 15:54:31][INFO] SIM_BRIDGE: Applying parameter heterogeneity to neuron parameters...
[2026-06-13 15:54:31][INFO] SIM_BRIDGE: Applied heterogeneity to 4 parameters.
[2026-06-13 15:54:31][INFO] SIM_BRIDGE: Initializing OU process state (tau=15.0ms, sigma=0.0pA)...
[2026-06-13 15:54:31][INFO] SIM_BRIDGE: Generating 3D neuron positions for 2700 neurons...
[2026-06-13 15:54:31][INFO] SIM_BRIDGE: Generating connections (brain-region framework)...
[2026-06-13 15:54:37][INFO] SIM_BRIDGE: inject_explicit_wiring: installed 3889253 synapses across 3 populations.
[2026-06-13 15:54:37][INFO] SIM_BRIDGE: Simulation data initialized for 2700 neurons (3D). Synapses: 3889253. GPU memory: 8.6GB/25.8GB (33.2%)
    [built+trained materials graded bridge: 2700 neurons]
[2026-06-13 15:57:41][INFO] SIM_BRIDGE: CuPy using GPU: NVIDIA GeForce RTX 3090 (24.0 GB), mempool limit: 80%
[2026-06-13 15:57:41][INFO] SIM_BRIDGE: Initializing simulation data for model: IZHIKEVICH (3D)... (playback_init: False)
[2026-06-13 15:57:41][INFO] SIM_BRIDGE: Brain-region framework: 2 regions, 2700 total neurons, 3 pathways.
[2026-06-13 15:57:41][INFO] SIM_BRIDGE: RNG initialized with seed: 44
[2026-06-13 15:57:41][INFO] SIM_BRIDGE: Initializing Izhikevich model specifics for 2700 neurons...
[2026-06-13 15:57:41][INFO] SIM_BRIDGE: Applying parameter heterogeneity to neuron parameters...
[2026-06-13 15:57:41][INFO] SIM_BRIDGE: Applied heterogeneity to 4 parameters.
[2026-06-13 15:57:41][INFO] SIM_BRIDGE: Initializing OU process state (tau=15.0ms, sigma=0.0pA)...
[2026-06-13 15:57:41][INFO] SIM_BRIDGE: Generating 3D neuron positions for 2700 neurons...
[2026-06-13 15:57:41][INFO] SIM_BRIDGE: Generating connections (brain-region framework)...
[2026-06-13 15:57:46][INFO] SIM_BRIDGE: inject_explicit_wiring: installed 3889253 synapses across 3 populations.
[2026-06-13 15:57:46][INFO] SIM_BRIDGE: Simulation data initialized for 2700 neurons (3D). Synapses: 3889253. GPU memory: 8.7GB/25.8GB (33.6%)
    [built+trained      toys graded bridge: 2700 neurons]
[2026-06-13 16:00:44][INFO] SIM_BRIDGE: CuPy using GPU: NVIDIA GeForce RTX 3090 (24.0 GB), mempool limit: 80%
[2026-06-13 16:00:44][INFO] SIM_BRIDGE: Initializing simulation data for model: IZHIKEVICH (3D)... (playback_init: False)
[2026-06-13 16:00:44][INFO] SIM_BRIDGE: Brain-region framework: 2 regions, 2700 total neurons, 3 pathways.
[2026-06-13 16:00:44][INFO] SIM_BRIDGE: RNG initialized with seed: 44
[2026-06-13 16:00:44][INFO] SIM_BRIDGE: Initializing Izhikevich model specifics for 2700 neurons...
[2026-06-13 16:00:44][INFO] SIM_BRIDGE: Applying parameter heterogeneity to neuron parameters...
[2026-06-13 16:00:44][INFO] SIM_BRIDGE: Applied heterogeneity to 4 parameters.
[2026-06-13 16:00:44][INFO] SIM_BRIDGE: Initializing OU process state (tau=15.0ms, sigma=0.0pA)...
[2026-06-13 16:00:44][INFO] SIM_BRIDGE: Generating 3D neuron positions for 2700 neurons...
[2026-06-13 16:00:44][INFO] SIM_BRIDGE: Generating connections (brain-region framework)...
[2026-06-13 16:00:48][INFO] SIM_BRIDGE: inject_explicit_wiring: installed 3889253 synapses across 3 populations.
[2026-06-13 16:00:49][INFO] SIM_BRIDGE: Simulation data initialized for 2700 neurons (3D). Synapses: 3889253. GPU memory: 9.0GB/25.8GB (34.7%)
    [built+trained      gems graded bridge: 2700 neurons]
[2026-06-13 16:03:01][INFO] SIM_BRIDGE: CuPy using GPU: NVIDIA GeForce RTX 3090 (24.0 GB), mempool limit: 80%
[2026-06-13 16:03:01][INFO] SIM_BRIDGE: Initializing simulation data for model: IZHIKEVICH (3D)... (playback_init: False)
[2026-06-13 16:03:01][INFO] SIM_BRIDGE: Brain-region framework: 2 regions, 2700 total neurons, 3 pathways.
[2026-06-13 16:03:01][INFO] SIM_BRIDGE: RNG initialized with seed: 44
[2026-06-13 16:03:01][INFO] SIM_BRIDGE: Initializing Izhikevich model specifics for 2700 neurons...
[2026-06-13 16:03:01][INFO] SIM_BRIDGE: Applying parameter heterogeneity to neuron parameters...
[2026-06-13 16:03:01][INFO] SIM_BRIDGE: Applied heterogeneity to 4 parameters.
[2026-06-13 16:03:01][INFO] SIM_BRIDGE: Initializing OU process state (tau=15.0ms, sigma=0.0pA)...
[2026-06-13 16:03:01][INFO] SIM_BRIDGE: Generating 3D neuron positions for 2700 neurons...
[2026-06-13 16:03:01][INFO] SIM_BRIDGE: Generating connections (brain-region framework)...
[2026-06-13 16:03:05][INFO] SIM_BRIDGE: inject_explicit_wiring: installed 3889253 synapses across 3 populations.
[2026-06-13 16:03:05][INFO] SIM_BRIDGE: Simulation data initialized for 2700 neurons (3D). Synapses: 3889253. GPU memory: 9.1GB/25.8GB (35.4%)
    [built+trained   planets graded bridge: 2700 neurons]
[2026-06-13 16:05:03][INFO] SIM_BRIDGE: CuPy using GPU: NVIDIA GeForce RTX 3090 (24.0 GB), mempool limit: 80%
[2026-06-13 16:05:03][INFO] SIM_BRIDGE: Initializing simulation data for model: IZHIKEVICH (3D)... (playback_init: False)
[2026-06-13 16:05:03][INFO] SIM_BRIDGE: Brain-region framework: 2 regions, 2700 total neurons, 3 pathways.
[2026-06-13 16:05:03][INFO] SIM_BRIDGE: RNG initialized with seed: 44
[2026-06-13 16:05:03][INFO] SIM_BRIDGE: Initializing Izhikevich model specifics for 2700 neurons...
[2026-06-13 16:05:03][INFO] SIM_BRIDGE: Applying parameter heterogeneity to neuron parameters...
[2026-06-13 16:05:03][INFO] SIM_BRIDGE: Applied heterogeneity to 4 parameters.
[2026-06-13 16:05:03][INFO] SIM_BRIDGE: Initializing OU process state (tau=15.0ms, sigma=0.0pA)...
[2026-06-13 16:05:03][INFO] SIM_BRIDGE: Generating 3D neuron positions for 2700 neurons...
[2026-06-13 16:05:03][INFO] SIM_BRIDGE: Generating connections (brain-region framework)...
[2026-06-13 16:05:07][INFO] SIM_BRIDGE: inject_explicit_wiring: installed 3889253 synapses across 3 populations.
[2026-06-13 16:05:07][INFO] SIM_BRIDGE: Simulation data initialized for 2700 neurons (3D). Synapses: 3889253. GPU memory: 9.3GB/25.8GB (36.3%)
    [built+trained languages graded bridge: 2700 neurons]
[2026-06-13 16:07:05][INFO] SIM_BRIDGE: CuPy using GPU: NVIDIA GeForce RTX 3090 (24.0 GB), mempool limit: 80%
[2026-06-13 16:07:05][INFO] SIM_BRIDGE: Initializing simulation data for model: IZHIKEVICH (3D)... (playback_init: False)
[2026-06-13 16:07:05][INFO] SIM_BRIDGE: Brain-region framework: 2 regions, 2700 total neurons, 3 pathways.
[2026-06-13 16:07:05][INFO] SIM_BRIDGE: RNG initialized with seed: 44
[2026-06-13 16:07:05][INFO] SIM_BRIDGE: Initializing Izhikevich model specifics for 2700 neurons...
[2026-06-13 16:07:05][INFO] SIM_BRIDGE: Applying parameter heterogeneity to neuron parameters...
[2026-06-13 16:07:05][INFO] SIM_BRIDGE: Applied heterogeneity to 4 parameters.
[2026-06-13 16:07:05][INFO] SIM_BRIDGE: Initializing OU process state (tau=15.0ms, sigma=0.0pA)...
[2026-06-13 16:07:05][INFO] SIM_BRIDGE: Generating 3D neuron positions for 2700 neurons...
[2026-06-13 16:07:05][INFO] SIM_BRIDGE: Generating connections (brain-region framework)...
[2026-06-13 16:07:08][INFO] SIM_BRIDGE: inject_explicit_wiring: installed 3889253 synapses across 3 populations.
[2026-06-13 16:07:09][INFO] SIM_BRIDGE: Simulation data initialized for 2700 neurons (3D). Synapses: 3889253. GPU memory: 9.5GB/25.8GB (37.0%)
    [built+trained    dances graded bridge: 2700 neurons]
[2026-06-13 16:09:01][INFO] SIM_BRIDGE: CuPy using GPU: NVIDIA GeForce RTX 3090 (24.0 GB), mempool limit: 80%
[2026-06-13 16:09:01][INFO] SIM_BRIDGE: Initializing simulation data for model: IZHIKEVICH (3D)... (playback_init: False)
[2026-06-13 16:09:01][INFO] SIM_BRIDGE: Brain-region framework: 2 regions, 2700 total neurons, 3 pathways.
[2026-06-13 16:09:01][INFO] SIM_BRIDGE: RNG initialized with seed: 44
[2026-06-13 16:09:01][INFO] SIM_BRIDGE: Initializing Izhikevich model specifics for 2700 neurons...
[2026-06-13 16:09:01][INFO] SIM_BRIDGE: Applying parameter heterogeneity to neuron parameters...
[2026-06-13 16:09:01][INFO] SIM_BRIDGE: Applied heterogeneity to 4 parameters.
[2026-06-13 16:09:01][INFO] SIM_BRIDGE: Initializing OU process state (tau=15.0ms, sigma=0.0pA)...
[2026-06-13 16:09:01][INFO] SIM_BRIDGE: Generating 3D neuron positions for 2700 neurons...
[2026-06-13 16:09:01][INFO] SIM_BRIDGE: Generating connections (brain-region framework)...
[2026-06-13 16:09:05][INFO] SIM_BRIDGE: inject_explicit_wiring: installed 3889253 synapses across 3 populations.
[2026-06-13 16:09:05][INFO] SIM_BRIDGE: Simulation data initialized for 2700 neurons (3D). Synapses: 3889253. GPU memory: 9.7GB/25.8GB (37.8%)
    [built+trained vegetables graded bridge: 2700 neurons]
    (built 32 graded bridges in 5057s)
    M3 TRUE: top2=1.00 top1=0.99 signal/floor=23.24x margin=1601.2 (n=96)
    M7 PERMUTED: top2=0.01 top1=0.00 signal/floor=1.10x (must collapse vs TRUE)

  ----------------------------------------------------------------------------------------
  M4 -- no-confab moat (learned familiarity gate ALONGSIDE host abstention; CPU/numpy)
  ----------------------------------------------------------------------------------------
[2026-06-13 16:14:41][INFO] SIM_BRIDGE: CuPy using GPU: NVIDIA GeForce RTX 3090 (24.0 GB), mempool limit: 80%
[2026-06-13 16:14:41][INFO] SIM_BRIDGE: Initializing simulation data for model: IZHIKEVICH (3D)... (playback_init: False)
[2026-06-13 16:14:41][INFO] SIM_BRIDGE: RNG initialized with seed: 44
[2026-06-13 16:14:41][INFO] SIM_BRIDGE: Initializing Izhikevich model specifics for 256 neurons...
[2026-06-13 16:14:41][INFO] SIM_BRIDGE: Applying parameter heterogeneity to neuron parameters...
[2026-06-13 16:14:41][INFO] SIM_BRIDGE: Applied heterogeneity to 4 parameters.
[2026-06-13 16:14:41][INFO] SIM_BRIDGE: Initializing OU process state (tau=15.0ms, sigma=0.0pA)...
[2026-06-13 16:14:41][INFO] SIM_BRIDGE: Generating 3D neuron positions for 256 neurons...
[2026-06-13 16:14:41][INFO] SIM_BRIDGE: Generating connections (3D)...
[2026-06-13 16:14:41][INFO] SIM_BRIDGE: Simulation data initialized for 256 neurons (3D). Synapses: 0. GPU memory: 9.7GB/25.8GB (37.8%)
[2026-06-13 16:14:42][INFO] SIM_BRIDGE: CuPy using GPU: NVIDIA GeForce RTX 3090 (24.0 GB), mempool limit: 80%
[2026-06-13 16:14:42][INFO] SIM_BRIDGE: Initializing simulation data for model: IZHIKEVICH (3D)... (playback_init: False)
[2026-06-13 16:14:42][INFO] SIM_BRIDGE: RNG initialized with seed: 44
[2026-06-13 16:14:42][INFO] SIM_BRIDGE: Initializing Izhikevich model specifics for 512 neurons...
[2026-06-13 16:14:42][INFO] SIM_BRIDGE: Applying parameter heterogeneity to neuron parameters...
[2026-06-13 16:14:42][INFO] SIM_BRIDGE: Applied heterogeneity to 4 parameters.
[2026-06-13 16:14:42][INFO] SIM_BRIDGE: Initializing OU process state (tau=15.0ms, sigma=0.0pA)...
[2026-06-13 16:14:42][INFO] SIM_BRIDGE: Generating 3D neuron positions for 512 neurons...
[2026-06-13 16:14:42][INFO] SIM_BRIDGE: Generating connections (3D)...
[2026-06-13 16:14:42][INFO] SIM_BRIDGE: Simulation data initialized for 512 neurons (3D). Synapses: 0. GPU memory: 9.7GB/25.8GB (37.8%)
[2026-06-13 16:15:37][INFO] SIM_BRIDGE: CuPy using GPU: NVIDIA GeForce RTX 3090 (24.0 GB), mempool limit: 80%
[2026-06-13 16:15:37][INFO] SIM_BRIDGE: Initializing simulation data for model: IZHIKEVICH (3D)... (playback_init: False)
[2026-06-13 16:15:37][INFO] SIM_BRIDGE: RNG initialized with seed: 44
[2026-06-13 16:15:37][INFO] SIM_BRIDGE: Initializing Izhikevich model specifics for 384 neurons...
[2026-06-13 16:15:37][INFO] SIM_BRIDGE: Applying parameter heterogeneity to neuron parameters...
[2026-06-13 16:15:37][INFO] SIM_BRIDGE: Applied heterogeneity to 4 parameters.
[2026-06-13 16:15:37][INFO] SIM_BRIDGE: Initializing OU process state (tau=15.0ms, sigma=0.0pA)...
[2026-06-13 16:15:37][INFO] SIM_BRIDGE: Generating 3D neuron positions for 384 neurons...
[2026-06-13 16:15:37][INFO] SIM_BRIDGE: Generating connections (3D)...
[2026-06-13 16:15:37][INFO] SIM_BRIDGE: Simulation data initialized for 384 neurons (3D). Synapses: 0. GPU memory: 9.7GB/25.8GB (37.8%)
    M4: agreement=1.000 margin=+0.2609 host-abstain/gate-accept=0 (MUST be 0) floor-false-accepts=0 (MUST be 0) lesion-collapses=True -> moat-intact=True

============================================================================================
  MULTI-BRIDGE GRADED DE-RISK SUMMARY -- mode=full
============================================================================================
  [precondition] {'M1_all_GO': True, 'M1_no_NEGATIVE': True, 'A2_collapses': True, 'A3_collapses': True, 'M2_all_GO': True, 'M2_no_NEGATIVE': True, 'G5_robust_collapses': True, 'M6_random_shard_collapses': True}
  [cross] {'M3_all_GO': True, 'M3_no_NEGATIVE': True, 'M7_permuted_collapses': True}
  [moat] {'M4_moat_intact': True, 'M4_lesion_collapses': True}

  >>> COMBINED VERDICT: GO <<<
  Total elapsed: 30820.1s
============================================================================================

  [saved] research/findings/raw/_multibridge_fanout32_seed43_44.json
