[multibridge-graded de-risk] mode=full seeds=[42] backend=cupy
  32 bridges x 64 concepts; learner=HomeostaticAssocGraph(homeo=oja target=40.0 n_pool=2400 cycles=10)
  read-out FIXED = brain-based divnorm 'ch'/interleave (sigma=0.001 exp=2.0 steps=2)
  cross-bridge = V-tag (engram-tag over the graded `pool` region; HELPER-SIGNATURE ADAPTED -- see docstring)

============================================================================================
  MULTI-BRIDGE GRADED DE-RISK -- SEED 42 -- mode=full
============================================================================================
  [shard   animals] 64 concepts (8 sub x 8), 424 facts
  [shard     foods] 64 concepts (8 sub x 8), 424 facts
  [shard  vehicles] 64 concepts (8 sub x 8), 424 facts
  [shard     tools] 64 concepts (8 sub x 8), 424 facts
  [shard   clothes] 64 concepts (8 sub x 8), 424 facts
  [shard furniture] 64 concepts (8 sub x 8), 424 facts
  [shard    plants] 64 concepts (8 sub x 8), 424 facts
  [shard   weather] 64 concepts (8 sub x 8), 424 facts
  [shard body_parts] 64 concepts (8 sub x 8), 424 facts
  [shard    colors] 64 concepts (8 sub x 8), 424 facts
  [shard  emotions] 64 concepts (8 sub x 8), 424 facts
  [shard      jobs] 64 concepts (8 sub x 8), 424 facts
  [shard    sports] 64 concepts (8 sub x 8), 424 facts
  [shard instruments] 64 concepts (8 sub x 8), 424 facts
  [shard buildings] 64 concepts (8 sub x 8), 424 facts
  [shard countries] 64 concepts (8 sub x 8), 424 facts
  [shard    drinks] 64 concepts (8 sub x 8), 424 facts
  [shard    fruits] 64 concepts (8 sub x 8), 424 facts
  [shard    metals] 64 concepts (8 sub x 8), 424 facts
  [shard   insects] 64 concepts (8 sub x 8), 424 facts
  [shard     birds] 64 concepts (8 sub x 8), 424 facts
  [shard      fish] 64 concepts (8 sub x 8), 424 facts
  [shard   flowers] 64 concepts (8 sub x 8), 424 facts
  [shard     trees] 64 concepts (8 sub x 8), 424 facts
  [shard    shapes] 64 concepts (8 sub x 8), 424 facts
  [shard materials] 64 concepts (8 sub x 8), 424 facts
  [shard      toys] 64 concepts (8 sub x 8), 424 facts
  [shard      gems] 64 concepts (8 sub x 8), 424 facts
  [shard   planets] 64 concepts (8 sub x 8), 424 facts
  [shard languages] 64 concepts (8 sub x 8), 424 facts
  [shard    dances] 64 concepts (8 sub x 8), 424 facts
  [shard vegetables] 64 concepts (8 sub x 8), 424 facts

  ----------------------------------------------------------------------------------------
  M1/M2/G5 -- per-bridge graded gates (read-out FIXED = brain-based divnorm 'ch'/interleave)
  ----------------------------------------------------------------------------------------
[2026-06-13 03:28:07][INFO] SIM_BRIDGE: CuPy using GPU: NVIDIA GeForce RTX 3090 (24.0 GB), mempool limit: 80%
[2026-06-13 03:28:07][INFO] SIM_BRIDGE: Initializing simulation data for model: IZHIKEVICH (3D)... (playback_init: False)
[2026-06-13 03:28:07][INFO] SIM_BRIDGE: Brain-region framework: 2 regions, 2700 total neurons, 3 pathways.
[2026-06-13 03:28:07][INFO] SIM_BRIDGE: RNG initialized with seed: 42
[2026-06-13 03:28:07][INFO] SIM_BRIDGE: Initializing Izhikevich model specifics for 2700 neurons...
[2026-06-13 03:28:08][INFO] SIM_BRIDGE: Applying parameter heterogeneity to neuron parameters...
[2026-06-13 03:28:08][INFO] SIM_BRIDGE: Applied heterogeneity to 4 parameters.
[2026-06-13 03:28:08][INFO] SIM_BRIDGE: Initializing OU process state (tau=15.0ms, sigma=0.0pA)...
[2026-06-13 03:28:08][INFO] SIM_BRIDGE: Generating 3D neuron positions for 2700 neurons...
[2026-06-13 03:28:08][INFO] SIM_BRIDGE: Generating connections (brain-region framework)...
[2026-06-13 03:28:12][INFO] SIM_BRIDGE: inject_explicit_wiring: installed 3888625 synapses across 3 populations.
[2026-06-13 03:28:12][INFO] SIM_BRIDGE: Simulation data initialized for 2700 neurons (3D). Synapses: 3888625. GPU memory: 1.6GB/25.8GB (6.2%)
[2026-06-13 03:30:28][INFO] SIM_BRIDGE: CuPy using GPU: NVIDIA GeForce RTX 3090 (24.0 GB), mempool limit: 80%
[2026-06-13 03:30:28][INFO] SIM_BRIDGE: Initializing simulation data for model: IZHIKEVICH (3D)... (playback_init: False)
[2026-06-13 03:30:28][INFO] SIM_BRIDGE: Brain-region framework: 2 regions, 2700 total neurons, 3 pathways.
[2026-06-13 03:30:28][INFO] SIM_BRIDGE: RNG initialized with seed: 42
[2026-06-13 03:30:28][INFO] SIM_BRIDGE: Initializing Izhikevich model specifics for 2700 neurons...
[2026-06-13 03:30:28][INFO] SIM_BRIDGE: Applying parameter heterogeneity to neuron parameters...
[2026-06-13 03:30:28][INFO] SIM_BRIDGE: Applied heterogeneity to 4 parameters.
[2026-06-13 03:30:28][INFO] SIM_BRIDGE: Initializing OU process state (tau=15.0ms, sigma=0.0pA)...
[2026-06-13 03:30:28][INFO] SIM_BRIDGE: Generating 3D neuron positions for 2700 neurons...
[2026-06-13 03:30:28][INFO] SIM_BRIDGE: Generating connections (brain-region framework)...
[2026-06-13 03:30:32][INFO] SIM_BRIDGE: inject_explicit_wiring: installed 3888625 synapses across 3 populations.
[2026-06-13 03:30:32][INFO] SIM_BRIDGE: Simulation data initialized for 2700 neurons (3D). Synapses: 3888625. GPU memory: 1.7GB/25.8GB (6.5%)
  [  animals] M1 gen=0.988(4.0x) A2=True A3=True [GO] | M2 P(sim)=+0.813 2nd=+0.507 graded=1 [GO] | G5 collapses=True (perm 2nd=+0.015) | 142s, 3456100 syn
[2026-06-13 03:32:44][INFO] SIM_BRIDGE: CuPy using GPU: NVIDIA GeForce RTX 3090 (24.0 GB), mempool limit: 80%
[2026-06-13 03:32:44][INFO] SIM_BRIDGE: Initializing simulation data for model: IZHIKEVICH (3D)... (playback_init: False)
[2026-06-13 03:32:44][INFO] SIM_BRIDGE: Brain-region framework: 2 regions, 2700 total neurons, 3 pathways.
[2026-06-13 03:32:44][INFO] SIM_BRIDGE: RNG initialized with seed: 42
[2026-06-13 03:32:44][INFO] SIM_BRIDGE: Initializing Izhikevich model specifics for 2700 neurons...
[2026-06-13 03:32:44][INFO] SIM_BRIDGE: Applying parameter heterogeneity to neuron parameters...
[2026-06-13 03:32:44][INFO] SIM_BRIDGE: Applied heterogeneity to 4 parameters.
[2026-06-13 03:32:44][INFO] SIM_BRIDGE: Initializing OU process state (tau=15.0ms, sigma=0.0pA)...
[2026-06-13 03:32:44][INFO] SIM_BRIDGE: Generating 3D neuron positions for 2700 neurons...
[2026-06-13 03:32:44][INFO] SIM_BRIDGE: Generating connections (brain-region framework)...
[2026-06-13 03:32:48][INFO] SIM_BRIDGE: inject_explicit_wiring: installed 3888625 synapses across 3 populations.
[2026-06-13 03:32:48][INFO] SIM_BRIDGE: Simulation data initialized for 2700 neurons (3D). Synapses: 3888625. GPU memory: 1.7GB/25.8GB (6.5%)
[2026-06-13 03:35:01][INFO] SIM_BRIDGE: CuPy using GPU: NVIDIA GeForce RTX 3090 (24.0 GB), mempool limit: 80%
[2026-06-13 03:35:01][INFO] SIM_BRIDGE: Initializing simulation data for model: IZHIKEVICH (3D)... (playback_init: False)
[2026-06-13 03:35:01][INFO] SIM_BRIDGE: Brain-region framework: 2 regions, 2700 total neurons, 3 pathways.
[2026-06-13 03:35:01][INFO] SIM_BRIDGE: RNG initialized with seed: 42
[2026-06-13 03:35:01][INFO] SIM_BRIDGE: Initializing Izhikevich model specifics for 2700 neurons...
[2026-06-13 03:35:01][INFO] SIM_BRIDGE: Applying parameter heterogeneity to neuron parameters...
[2026-06-13 03:35:01][INFO] SIM_BRIDGE: Applied heterogeneity to 4 parameters.
[2026-06-13 03:35:01][INFO] SIM_BRIDGE: Initializing OU process state (tau=15.0ms, sigma=0.0pA)...
[2026-06-13 03:35:01][INFO] SIM_BRIDGE: Generating 3D neuron positions for 2700 neurons...
[2026-06-13 03:35:01][INFO] SIM_BRIDGE: Generating connections (brain-region framework)...
[2026-06-13 03:35:05][INFO] SIM_BRIDGE: inject_explicit_wiring: installed 3888625 synapses across 3 populations.
[2026-06-13 03:35:05][INFO] SIM_BRIDGE: Simulation data initialized for 2700 neurons (3D). Synapses: 3888625. GPU memory: 1.7GB/25.8GB (6.5%)
  [    foods] M1 gen=1.000(4.0x) A2=True A3=True [GO] | M2 P(sim)=+0.807 2nd=+0.496 graded=1 [GO] | G5 collapses=True (perm 2nd=+0.009) | 137s, 3456100 syn
[2026-06-13 03:37:18][INFO] SIM_BRIDGE: CuPy using GPU: NVIDIA GeForce RTX 3090 (24.0 GB), mempool limit: 80%
[2026-06-13 03:37:18][INFO] SIM_BRIDGE: Initializing simulation data for model: IZHIKEVICH (3D)... (playback_init: False)
[2026-06-13 03:37:18][INFO] SIM_BRIDGE: Brain-region framework: 2 regions, 2700 total neurons, 3 pathways.
[2026-06-13 03:37:18][INFO] SIM_BRIDGE: RNG initialized with seed: 42
[2026-06-13 03:37:18][INFO] SIM_BRIDGE: Initializing Izhikevich model specifics for 2700 neurons...
[2026-06-13 03:37:18][INFO] SIM_BRIDGE: Applying parameter heterogeneity to neuron parameters...
[2026-06-13 03:37:18][INFO] SIM_BRIDGE: Applied heterogeneity to 4 parameters.
[2026-06-13 03:37:18][INFO] SIM_BRIDGE: Initializing OU process state (tau=15.0ms, sigma=0.0pA)...
[2026-06-13 03:37:18][INFO] SIM_BRIDGE: Generating 3D neuron positions for 2700 neurons...
[2026-06-13 03:37:18][INFO] SIM_BRIDGE: Generating connections (brain-region framework)...
[2026-06-13 03:37:22][INFO] SIM_BRIDGE: inject_explicit_wiring: installed 3888625 synapses across 3 populations.
[2026-06-13 03:37:22][INFO] SIM_BRIDGE: Simulation data initialized for 2700 neurons (3D). Synapses: 3888625. GPU memory: 1.7GB/25.8GB (6.5%)
[2026-06-13 03:39:34][INFO] SIM_BRIDGE: CuPy using GPU: NVIDIA GeForce RTX 3090 (24.0 GB), mempool limit: 80%
[2026-06-13 03:39:34][INFO] SIM_BRIDGE: Initializing simulation data for model: IZHIKEVICH (3D)... (playback_init: False)
[2026-06-13 03:39:34][INFO] SIM_BRIDGE: Brain-region framework: 2 regions, 2700 total neurons, 3 pathways.
[2026-06-13 03:39:34][INFO] SIM_BRIDGE: RNG initialized with seed: 42
[2026-06-13 03:39:34][INFO] SIM_BRIDGE: Initializing Izhikevich model specifics for 2700 neurons...
[2026-06-13 03:39:34][INFO] SIM_BRIDGE: Applying parameter heterogeneity to neuron parameters...
[2026-06-13 03:39:34][INFO] SIM_BRIDGE: Applied heterogeneity to 4 parameters.
[2026-06-13 03:39:34][INFO] SIM_BRIDGE: Initializing OU process state (tau=15.0ms, sigma=0.0pA)...
[2026-06-13 03:39:34][INFO] SIM_BRIDGE: Generating 3D neuron positions for 2700 neurons...
[2026-06-13 03:39:34][INFO] SIM_BRIDGE: Generating connections (brain-region framework)...
[2026-06-13 03:39:38][INFO] SIM_BRIDGE: inject_explicit_wiring: installed 3888625 synapses across 3 populations.
[2026-06-13 03:39:38][INFO] SIM_BRIDGE: Simulation data initialized for 2700 neurons (3D). Synapses: 3888625. GPU memory: 1.7GB/25.8GB (6.5%)
  [ vehicles] M1 gen=0.994(4.0x) A2=True A3=True [GO] | M2 P(sim)=+0.790 2nd=+0.505 graded=1 [GO] | G5 collapses=True (perm 2nd=+0.010) | 136s, 3456100 syn
[2026-06-13 03:41:55][INFO] SIM_BRIDGE: CuPy using GPU: NVIDIA GeForce RTX 3090 (24.0 GB), mempool limit: 80%
[2026-06-13 03:41:55][INFO] SIM_BRIDGE: Initializing simulation data for model: IZHIKEVICH (3D)... (playback_init: False)
[2026-06-13 03:41:55][INFO] SIM_BRIDGE: Brain-region framework: 2 regions, 2700 total neurons, 3 pathways.
[2026-06-13 03:41:55][INFO] SIM_BRIDGE: RNG initialized with seed: 42
[2026-06-13 03:41:55][INFO] SIM_BRIDGE: Initializing Izhikevich model specifics for 2700 neurons...
[2026-06-13 03:41:55][INFO] SIM_BRIDGE: Applying parameter heterogeneity to neuron parameters...
[2026-06-13 03:41:55][INFO] SIM_BRIDGE: Applied heterogeneity to 4 parameters.
[2026-06-13 03:41:55][INFO] SIM_BRIDGE: Initializing OU process state (tau=15.0ms, sigma=0.0pA)...
[2026-06-13 03:41:55][INFO] SIM_BRIDGE: Generating 3D neuron positions for 2700 neurons...
[2026-06-13 03:41:55][INFO] SIM_BRIDGE: Generating connections (brain-region framework)...
[2026-06-13 03:41:59][INFO] SIM_BRIDGE: inject_explicit_wiring: installed 3888625 synapses across 3 populations.
[2026-06-13 03:41:59][INFO] SIM_BRIDGE: Simulation data initialized for 2700 neurons (3D). Synapses: 3888625. GPU memory: 1.7GB/25.8GB (6.5%)
[2026-06-13 03:44:11][INFO] SIM_BRIDGE: CuPy using GPU: NVIDIA GeForce RTX 3090 (24.0 GB), mempool limit: 80%
[2026-06-13 03:44:11][INFO] SIM_BRIDGE: Initializing simulation data for model: IZHIKEVICH (3D)... (playback_init: False)
[2026-06-13 03:44:11][INFO] SIM_BRIDGE: Brain-region framework: 2 regions, 2700 total neurons, 3 pathways.
[2026-06-13 03:44:11][INFO] SIM_BRIDGE: RNG initialized with seed: 42
[2026-06-13 03:44:11][INFO] SIM_BRIDGE: Initializing Izhikevich model specifics for 2700 neurons...
[2026-06-13 03:44:11][INFO] SIM_BRIDGE: Applying parameter heterogeneity to neuron parameters...
[2026-06-13 03:44:11][INFO] SIM_BRIDGE: Applied heterogeneity to 4 parameters.
[2026-06-13 03:44:11][INFO] SIM_BRIDGE: Initializing OU process state (tau=15.0ms, sigma=0.0pA)...
[2026-06-13 03:44:11][INFO] SIM_BRIDGE: Generating 3D neuron positions for 2700 neurons...
[2026-06-13 03:44:11][INFO] SIM_BRIDGE: Generating connections (brain-region framework)...
[2026-06-13 03:44:15][INFO] SIM_BRIDGE: inject_explicit_wiring: installed 3888625 synapses across 3 populations.
[2026-06-13 03:44:15][INFO] SIM_BRIDGE: Simulation data initialized for 2700 neurons (3D). Synapses: 3888625. GPU memory: 1.7GB/25.8GB (6.5%)
  [    tools] M1 gen=0.988(4.0x) A2=True A3=True [GO] | M2 P(sim)=+0.740 2nd=+0.480 graded=1 [GO] | G5 collapses=True (perm 2nd=+0.012) | 136s, 3456100 syn
[2026-06-13 03:46:17][INFO] SIM_BRIDGE: CuPy using GPU: NVIDIA GeForce RTX 3090 (24.0 GB), mempool limit: 80%
[2026-06-13 03:46:17][INFO] SIM_BRIDGE: Initializing simulation data for model: IZHIKEVICH (3D)... (playback_init: False)
[2026-06-13 03:46:17][INFO] SIM_BRIDGE: Brain-region framework: 2 regions, 2700 total neurons, 3 pathways.
[2026-06-13 03:46:17][INFO] SIM_BRIDGE: RNG initialized with seed: 42
[2026-06-13 03:46:17][INFO] SIM_BRIDGE: Initializing Izhikevich model specifics for 2700 neurons...
[2026-06-13 03:46:17][INFO] SIM_BRIDGE: Applying parameter heterogeneity to neuron parameters...
[2026-06-13 03:46:17][INFO] SIM_BRIDGE: Applied heterogeneity to 4 parameters.
[2026-06-13 03:46:17][INFO] SIM_BRIDGE: Initializing OU process state (tau=15.0ms, sigma=0.0pA)...
[2026-06-13 03:46:17][INFO] SIM_BRIDGE: Generating 3D neuron positions for 2700 neurons...
[2026-06-13 03:46:17][INFO] SIM_BRIDGE: Generating connections (brain-region framework)...
[2026-06-13 03:46:21][INFO] SIM_BRIDGE: inject_explicit_wiring: installed 3888625 synapses across 3 populations.
[2026-06-13 03:46:21][INFO] SIM_BRIDGE: Simulation data initialized for 2700 neurons (3D). Synapses: 3888625. GPU memory: 1.7GB/25.8GB (6.5%)
[2026-06-13 03:48:23][INFO] SIM_BRIDGE: CuPy using GPU: NVIDIA GeForce RTX 3090 (24.0 GB), mempool limit: 80%
[2026-06-13 03:48:23][INFO] SIM_BRIDGE: Initializing simulation data for model: IZHIKEVICH (3D)... (playback_init: False)
[2026-06-13 03:48:23][INFO] SIM_BRIDGE: Brain-region framework: 2 regions, 2700 total neurons, 3 pathways.
[2026-06-13 03:48:23][INFO] SIM_BRIDGE: RNG initialized with seed: 42
[2026-06-13 03:48:23][INFO] SIM_BRIDGE: Initializing Izhikevich model specifics for 2700 neurons...
[2026-06-13 03:48:23][INFO] SIM_BRIDGE: Applying parameter heterogeneity to neuron parameters...
[2026-06-13 03:48:23][INFO] SIM_BRIDGE: Applied heterogeneity to 4 parameters.
[2026-06-13 03:48:23][INFO] SIM_BRIDGE: Initializing OU process state (tau=15.0ms, sigma=0.0pA)...
[2026-06-13 03:48:23][INFO] SIM_BRIDGE: Generating 3D neuron positions for 2700 neurons...
[2026-06-13 03:48:23][INFO] SIM_BRIDGE: Generating connections (brain-region framework)...
[2026-06-13 03:48:27][INFO] SIM_BRIDGE: inject_explicit_wiring: installed 3888625 synapses across 3 populations.
[2026-06-13 03:48:27][INFO] SIM_BRIDGE: Simulation data initialized for 2700 neurons (3D). Synapses: 3888625. GPU memory: 1.7GB/25.8GB (6.5%)
  [  clothes] M1 gen=1.000(4.0x) A2=True A3=True [GO] | M2 P(sim)=+0.783 2nd=+0.492 graded=1 [GO] | G5 collapses=True (perm 2nd=+0.012) | 126s, 3456100 syn
[2026-06-13 03:50:41][INFO] SIM_BRIDGE: CuPy using GPU: NVIDIA GeForce RTX 3090 (24.0 GB), mempool limit: 80%
[2026-06-13 03:50:41][INFO] SIM_BRIDGE: Initializing simulation data for model: IZHIKEVICH (3D)... (playback_init: False)
[2026-06-13 03:50:41][INFO] SIM_BRIDGE: Brain-region framework: 2 regions, 2700 total neurons, 3 pathways.
[2026-06-13 03:50:41][INFO] SIM_BRIDGE: RNG initialized with seed: 42
[2026-06-13 03:50:41][INFO] SIM_BRIDGE: Initializing Izhikevich model specifics for 2700 neurons...
[2026-06-13 03:50:41][INFO] SIM_BRIDGE: Applying parameter heterogeneity to neuron parameters...
[2026-06-13 03:50:41][INFO] SIM_BRIDGE: Applied heterogeneity to 4 parameters.
[2026-06-13 03:50:41][INFO] SIM_BRIDGE: Initializing OU process state (tau=15.0ms, sigma=0.0pA)...
[2026-06-13 03:50:41][INFO] SIM_BRIDGE: Generating 3D neuron positions for 2700 neurons...
[2026-06-13 03:50:41][INFO] SIM_BRIDGE: Generating connections (brain-region framework)...
[2026-06-13 03:50:45][INFO] SIM_BRIDGE: inject_explicit_wiring: installed 3888625 synapses across 3 populations.
[2026-06-13 03:50:45][INFO] SIM_BRIDGE: Simulation data initialized for 2700 neurons (3D). Synapses: 3888625. GPU memory: 1.7GB/25.8GB (6.5%)
[2026-06-13 03:52:57][INFO] SIM_BRIDGE: CuPy using GPU: NVIDIA GeForce RTX 3090 (24.0 GB), mempool limit: 80%
[2026-06-13 03:52:57][INFO] SIM_BRIDGE: Initializing simulation data for model: IZHIKEVICH (3D)... (playback_init: False)
[2026-06-13 03:52:57][INFO] SIM_BRIDGE: Brain-region framework: 2 regions, 2700 total neurons, 3 pathways.
[2026-06-13 03:52:57][INFO] SIM_BRIDGE: RNG initialized with seed: 42
[2026-06-13 03:52:57][INFO] SIM_BRIDGE: Initializing Izhikevich model specifics for 2700 neurons...
[2026-06-13 03:52:57][INFO] SIM_BRIDGE: Applying parameter heterogeneity to neuron parameters...
[2026-06-13 03:52:57][INFO] SIM_BRIDGE: Applied heterogeneity to 4 parameters.
[2026-06-13 03:52:57][INFO] SIM_BRIDGE: Initializing OU process state (tau=15.0ms, sigma=0.0pA)...
[2026-06-13 03:52:57][INFO] SIM_BRIDGE: Generating 3D neuron positions for 2700 neurons...
[2026-06-13 03:52:57][INFO] SIM_BRIDGE: Generating connections (brain-region framework)...
[2026-06-13 03:53:01][INFO] SIM_BRIDGE: inject_explicit_wiring: installed 3888625 synapses across 3 populations.
[2026-06-13 03:53:01][INFO] SIM_BRIDGE: Simulation data initialized for 2700 neurons (3D). Synapses: 3888625. GPU memory: 1.7GB/25.8GB (6.5%)
  [furniture] M1 gen=1.000(4.0x) A2=True A3=True [GO] | M2 P(sim)=+0.781 2nd=+0.501 graded=1 [GO] | G5 collapses=True (perm 2nd=+0.007) | 136s, 3456100 syn
[2026-06-13 03:55:17][INFO] SIM_BRIDGE: CuPy using GPU: NVIDIA GeForce RTX 3090 (24.0 GB), mempool limit: 80%
[2026-06-13 03:55:17][INFO] SIM_BRIDGE: Initializing simulation data for model: IZHIKEVICH (3D)... (playback_init: False)
[2026-06-13 03:55:17][INFO] SIM_BRIDGE: Brain-region framework: 2 regions, 2700 total neurons, 3 pathways.
[2026-06-13 03:55:17][INFO] SIM_BRIDGE: RNG initialized with seed: 42
[2026-06-13 03:55:17][INFO] SIM_BRIDGE: Initializing Izhikevich model specifics for 2700 neurons...
[2026-06-13 03:55:17][INFO] SIM_BRIDGE: Applying parameter heterogeneity to neuron parameters...
[2026-06-13 03:55:17][INFO] SIM_BRIDGE: Applied heterogeneity to 4 parameters.
[2026-06-13 03:55:17][INFO] SIM_BRIDGE: Initializing OU process state (tau=15.0ms, sigma=0.0pA)...
[2026-06-13 03:55:17][INFO] SIM_BRIDGE: Generating 3D neuron positions for 2700 neurons...
[2026-06-13 03:55:17][INFO] SIM_BRIDGE: Generating connections (brain-region framework)...
[2026-06-13 03:55:20][INFO] SIM_BRIDGE: inject_explicit_wiring: installed 3888625 synapses across 3 populations.
[2026-06-13 03:55:21][INFO] SIM_BRIDGE: Simulation data initialized for 2700 neurons (3D). Synapses: 3888625. GPU memory: 1.7GB/25.8GB (6.5%)
[2026-06-13 03:57:23][INFO] SIM_BRIDGE: CuPy using GPU: NVIDIA GeForce RTX 3090 (24.0 GB), mempool limit: 80%
[2026-06-13 03:57:23][INFO] SIM_BRIDGE: Initializing simulation data for model: IZHIKEVICH (3D)... (playback_init: False)
[2026-06-13 03:57:23][INFO] SIM_BRIDGE: Brain-region framework: 2 regions, 2700 total neurons, 3 pathways.
[2026-06-13 03:57:23][INFO] SIM_BRIDGE: RNG initialized with seed: 42
[2026-06-13 03:57:23][INFO] SIM_BRIDGE: Initializing Izhikevich model specifics for 2700 neurons...
[2026-06-13 03:57:23][INFO] SIM_BRIDGE: Applying parameter heterogeneity to neuron parameters...
[2026-06-13 03:57:23][INFO] SIM_BRIDGE: Applied heterogeneity to 4 parameters.
[2026-06-13 03:57:23][INFO] SIM_BRIDGE: Initializing OU process state (tau=15.0ms, sigma=0.0pA)...
[2026-06-13 03:57:23][INFO] SIM_BRIDGE: Generating 3D neuron positions for 2700 neurons...
[2026-06-13 03:57:23][INFO] SIM_BRIDGE: Generating connections (brain-region framework)...
[2026-06-13 03:57:26][INFO] SIM_BRIDGE: inject_explicit_wiring: installed 3888625 synapses across 3 populations.
[2026-06-13 03:57:26][INFO] SIM_BRIDGE: Simulation data initialized for 2700 neurons (3D). Synapses: 3888625. GPU memory: 1.7GB/25.8GB (6.5%)
  [   plants] M1 gen=1.000(4.0x) A2=True A3=True [GO] | M2 P(sim)=+0.787 2nd=+0.506 graded=1 [GO] | G5 collapses=True (perm 2nd=+0.007) | 126s, 3456100 syn
[2026-06-13 03:59:19][INFO] SIM_BRIDGE: CuPy using GPU: NVIDIA GeForce RTX 3090 (24.0 GB), mempool limit: 80%
[2026-06-13 03:59:19][INFO] SIM_BRIDGE: Initializing simulation data for model: IZHIKEVICH (3D)... (playback_init: False)
[2026-06-13 03:59:19][INFO] SIM_BRIDGE: Brain-region framework: 2 regions, 2700 total neurons, 3 pathways.
[2026-06-13 03:59:19][INFO] SIM_BRIDGE: RNG initialized with seed: 42
[2026-06-13 03:59:19][INFO] SIM_BRIDGE: Initializing Izhikevich model specifics for 2700 neurons...
[2026-06-13 03:59:19][INFO] SIM_BRIDGE: Applying parameter heterogeneity to neuron parameters...
[2026-06-13 03:59:19][INFO] SIM_BRIDGE: Applied heterogeneity to 4 parameters.
[2026-06-13 03:59:19][INFO] SIM_BRIDGE: Initializing OU process state (tau=15.0ms, sigma=0.0pA)...
[2026-06-13 03:59:19][INFO] SIM_BRIDGE: Generating 3D neuron positions for 2700 neurons...
[2026-06-13 03:59:19][INFO] SIM_BRIDGE: Generating connections (brain-region framework)...
[2026-06-13 03:59:22][INFO] SIM_BRIDGE: inject_explicit_wiring: installed 3888625 synapses across 3 populations.
[2026-06-13 03:59:22][INFO] SIM_BRIDGE: Simulation data initialized for 2700 neurons (3D). Synapses: 3888625. GPU memory: 1.7GB/25.8GB (6.5%)
[2026-06-13 04:01:17][INFO] SIM_BRIDGE: CuPy using GPU: NVIDIA GeForce RTX 3090 (24.0 GB), mempool limit: 80%
[2026-06-13 04:01:17][INFO] SIM_BRIDGE: Initializing simulation data for model: IZHIKEVICH (3D)... (playback_init: False)
[2026-06-13 04:01:17][INFO] SIM_BRIDGE: Brain-region framework: 2 regions, 2700 total neurons, 3 pathways.
[2026-06-13 04:01:17][INFO] SIM_BRIDGE: RNG initialized with seed: 42
[2026-06-13 04:01:17][INFO] SIM_BRIDGE: Initializing Izhikevich model specifics for 2700 neurons...
[2026-06-13 04:01:17][INFO] SIM_BRIDGE: Applying parameter heterogeneity to neuron parameters...
[2026-06-13 04:01:17][INFO] SIM_BRIDGE: Applied heterogeneity to 4 parameters.
[2026-06-13 04:01:17][INFO] SIM_BRIDGE: Initializing OU process state (tau=15.0ms, sigma=0.0pA)...
[2026-06-13 04:01:17][INFO] SIM_BRIDGE: Generating 3D neuron positions for 2700 neurons...
[2026-06-13 04:01:17][INFO] SIM_BRIDGE: Generating connections (brain-region framework)...
[2026-06-13 04:01:21][INFO] SIM_BRIDGE: inject_explicit_wiring: installed 3888625 synapses across 3 populations.
[2026-06-13 04:01:21][INFO] SIM_BRIDGE: Simulation data initialized for 2700 neurons (3D). Synapses: 3888625. GPU memory: 1.7GB/25.8GB (6.5%)
  [  weather] M1 gen=1.000(4.0x) A2=True A3=True [GO] | M2 P(sim)=+0.774 2nd=+0.492 graded=1 [GO] | G5 collapses=True (perm 2nd=+0.009) | 118s, 3456100 syn
[2026-06-13 04:03:15][INFO] SIM_BRIDGE: CuPy using GPU: NVIDIA GeForce RTX 3090 (24.0 GB), mempool limit: 80%
[2026-06-13 04:03:15][INFO] SIM_BRIDGE: Initializing simulation data for model: IZHIKEVICH (3D)... (playback_init: False)
[2026-06-13 04:03:15][INFO] SIM_BRIDGE: Brain-region framework: 2 regions, 2700 total neurons, 3 pathways.
[2026-06-13 04:03:15][INFO] SIM_BRIDGE: RNG initialized with seed: 42
[2026-06-13 04:03:15][INFO] SIM_BRIDGE: Initializing Izhikevich model specifics for 2700 neurons...
[2026-06-13 04:03:15][INFO] SIM_BRIDGE: Applying parameter heterogeneity to neuron parameters...
[2026-06-13 04:03:15][INFO] SIM_BRIDGE: Applied heterogeneity to 4 parameters.
[2026-06-13 04:03:15][INFO] SIM_BRIDGE: Initializing OU process state (tau=15.0ms, sigma=0.0pA)...
[2026-06-13 04:03:15][INFO] SIM_BRIDGE: Generating 3D neuron positions for 2700 neurons...
[2026-06-13 04:03:15][INFO] SIM_BRIDGE: Generating connections (brain-region framework)...
[2026-06-13 04:03:18][INFO] SIM_BRIDGE: inject_explicit_wiring: installed 3888625 synapses across 3 populations.
[2026-06-13 04:03:18][INFO] SIM_BRIDGE: Simulation data initialized for 2700 neurons (3D). Synapses: 3888625. GPU memory: 1.7GB/25.8GB (6.5%)
[2026-06-13 04:05:11][INFO] SIM_BRIDGE: CuPy using GPU: NVIDIA GeForce RTX 3090 (24.0 GB), mempool limit: 80%
[2026-06-13 04:05:11][INFO] SIM_BRIDGE: Initializing simulation data for model: IZHIKEVICH (3D)... (playback_init: False)
[2026-06-13 04:05:11][INFO] SIM_BRIDGE: Brain-region framework: 2 regions, 2700 total neurons, 3 pathways.
[2026-06-13 04:05:11][INFO] SIM_BRIDGE: RNG initialized with seed: 42
[2026-06-13 04:05:11][INFO] SIM_BRIDGE: Initializing Izhikevich model specifics for 2700 neurons...
[2026-06-13 04:05:11][INFO] SIM_BRIDGE: Applying parameter heterogeneity to neuron parameters...
[2026-06-13 04:05:11][INFO] SIM_BRIDGE: Applied heterogeneity to 4 parameters.
[2026-06-13 04:05:11][INFO] SIM_BRIDGE: Initializing OU process state (tau=15.0ms, sigma=0.0pA)...
[2026-06-13 04:05:11][INFO] SIM_BRIDGE: Generating 3D neuron positions for 2700 neurons...
[2026-06-13 04:05:11][INFO] SIM_BRIDGE: Generating connections (brain-region framework)...
[2026-06-13 04:05:15][INFO] SIM_BRIDGE: inject_explicit_wiring: installed 3888625 synapses across 3 populations.
[2026-06-13 04:05:15][INFO] SIM_BRIDGE: Simulation data initialized for 2700 neurons (3D). Synapses: 3888625. GPU memory: 1.7GB/25.8GB (6.5%)
  [body_parts] M1 gen=1.000(4.0x) A2=True A3=True [GO] | M2 P(sim)=+0.731 2nd=+0.479 graded=1 [GO] | G5 collapses=True (perm 2nd=+0.003) | 117s, 3456100 syn
[2026-06-13 04:07:15][INFO] SIM_BRIDGE: CuPy using GPU: NVIDIA GeForce RTX 3090 (24.0 GB), mempool limit: 80%
[2026-06-13 04:07:15][INFO] SIM_BRIDGE: Initializing simulation data for model: IZHIKEVICH (3D)... (playback_init: False)
[2026-06-13 04:07:15][INFO] SIM_BRIDGE: Brain-region framework: 2 regions, 2700 total neurons, 3 pathways.
[2026-06-13 04:07:15][INFO] SIM_BRIDGE: RNG initialized with seed: 42
[2026-06-13 04:07:15][INFO] SIM_BRIDGE: Initializing Izhikevich model specifics for 2700 neurons...
[2026-06-13 04:07:15][INFO] SIM_BRIDGE: Applying parameter heterogeneity to neuron parameters...
[2026-06-13 04:07:15][INFO] SIM_BRIDGE: Applied heterogeneity to 4 parameters.
[2026-06-13 04:07:15][INFO] SIM_BRIDGE: Initializing OU process state (tau=15.0ms, sigma=0.0pA)...
[2026-06-13 04:07:15][INFO] SIM_BRIDGE: Generating 3D neuron positions for 2700 neurons...
[2026-06-13 04:07:15][INFO] SIM_BRIDGE: Generating connections (brain-region framework)...
[2026-06-13 04:07:19][INFO] SIM_BRIDGE: inject_explicit_wiring: installed 3888625 synapses across 3 populations.
[2026-06-13 04:07:19][INFO] SIM_BRIDGE: Simulation data initialized for 2700 neurons (3D). Synapses: 3888625. GPU memory: 1.7GB/25.8GB (6.5%)
[2026-06-13 04:09:17][INFO] SIM_BRIDGE: CuPy using GPU: NVIDIA GeForce RTX 3090 (24.0 GB), mempool limit: 80%
[2026-06-13 04:09:17][INFO] SIM_BRIDGE: Initializing simulation data for model: IZHIKEVICH (3D)... (playback_init: False)
[2026-06-13 04:09:17][INFO] SIM_BRIDGE: Brain-region framework: 2 regions, 2700 total neurons, 3 pathways.
[2026-06-13 04:09:17][INFO] SIM_BRIDGE: RNG initialized with seed: 42
[2026-06-13 04:09:17][INFO] SIM_BRIDGE: Initializing Izhikevich model specifics for 2700 neurons...
[2026-06-13 04:09:17][INFO] SIM_BRIDGE: Applying parameter heterogeneity to neuron parameters...
[2026-06-13 04:09:17][INFO] SIM_BRIDGE: Applied heterogeneity to 4 parameters.
[2026-06-13 04:09:17][INFO] SIM_BRIDGE: Initializing OU process state (tau=15.0ms, sigma=0.0pA)...
[2026-06-13 04:09:17][INFO] SIM_BRIDGE: Generating 3D neuron positions for 2700 neurons...
[2026-06-13 04:09:17][INFO] SIM_BRIDGE: Generating connections (brain-region framework)...
[2026-06-13 04:09:21][INFO] SIM_BRIDGE: inject_explicit_wiring: installed 3888625 synapses across 3 populations.
[2026-06-13 04:09:21][INFO] SIM_BRIDGE: Simulation data initialized for 2700 neurons (3D). Synapses: 3888625. GPU memory: 1.7GB/25.8GB (6.5%)
  [   colors] M1 gen=1.000(4.0x) A2=True A3=True [GO] | M2 P(sim)=+0.788 2nd=+0.492 graded=1 [GO] | G5 collapses=True (perm 2nd=+0.005) | 121s, 3456100 syn
[2026-06-13 04:11:16][INFO] SIM_BRIDGE: CuPy using GPU: NVIDIA GeForce RTX 3090 (24.0 GB), mempool limit: 80%
[2026-06-13 04:11:16][INFO] SIM_BRIDGE: Initializing simulation data for model: IZHIKEVICH (3D)... (playback_init: False)
[2026-06-13 04:11:16][INFO] SIM_BRIDGE: Brain-region framework: 2 regions, 2700 total neurons, 3 pathways.
[2026-06-13 04:11:16][INFO] SIM_BRIDGE: RNG initialized with seed: 42
[2026-06-13 04:11:16][INFO] SIM_BRIDGE: Initializing Izhikevich model specifics for 2700 neurons...
[2026-06-13 04:11:16][INFO] SIM_BRIDGE: Applying parameter heterogeneity to neuron parameters...
[2026-06-13 04:11:16][INFO] SIM_BRIDGE: Applied heterogeneity to 4 parameters.
[2026-06-13 04:11:16][INFO] SIM_BRIDGE: Initializing OU process state (tau=15.0ms, sigma=0.0pA)...
[2026-06-13 04:11:16][INFO] SIM_BRIDGE: Generating 3D neuron positions for 2700 neurons...
[2026-06-13 04:11:16][INFO] SIM_BRIDGE: Generating connections (brain-region framework)...
[2026-06-13 04:11:20][INFO] SIM_BRIDGE: inject_explicit_wiring: installed 3888625 synapses across 3 populations.
[2026-06-13 04:11:20][INFO] SIM_BRIDGE: Simulation data initialized for 2700 neurons (3D). Synapses: 3888625. GPU memory: 1.7GB/25.8GB (6.5%)
[2026-06-13 04:13:14][INFO] SIM_BRIDGE: CuPy using GPU: NVIDIA GeForce RTX 3090 (24.0 GB), mempool limit: 80%
[2026-06-13 04:13:14][INFO] SIM_BRIDGE: Initializing simulation data for model: IZHIKEVICH (3D)... (playback_init: False)
[2026-06-13 04:13:14][INFO] SIM_BRIDGE: Brain-region framework: 2 regions, 2700 total neurons, 3 pathways.
[2026-06-13 04:13:14][INFO] SIM_BRIDGE: RNG initialized with seed: 42
[2026-06-13 04:13:14][INFO] SIM_BRIDGE: Initializing Izhikevich model specifics for 2700 neurons...
[2026-06-13 04:13:14][INFO] SIM_BRIDGE: Applying parameter heterogeneity to neuron parameters...
[2026-06-13 04:13:14][INFO] SIM_BRIDGE: Applied heterogeneity to 4 parameters.
[2026-06-13 04:13:14][INFO] SIM_BRIDGE: Initializing OU process state (tau=15.0ms, sigma=0.0pA)...
[2026-06-13 04:13:14][INFO] SIM_BRIDGE: Generating 3D neuron positions for 2700 neurons...
[2026-06-13 04:13:14][INFO] SIM_BRIDGE: Generating connections (brain-region framework)...
[2026-06-13 04:13:18][INFO] SIM_BRIDGE: inject_explicit_wiring: installed 3888625 synapses across 3 populations.
[2026-06-13 04:13:18][INFO] SIM_BRIDGE: Simulation data initialized for 2700 neurons (3D). Synapses: 3888625. GPU memory: 1.7GB/25.8GB (6.5%)
  [ emotions] M1 gen=1.000(4.0x) A2=True A3=True [GO] | M2 P(sim)=+0.796 2nd=+0.498 graded=1 [GO] | G5 collapses=True (perm 2nd=+0.006) | 118s, 3456100 syn
[2026-06-13 04:15:13][INFO] SIM_BRIDGE: CuPy using GPU: NVIDIA GeForce RTX 3090 (24.0 GB), mempool limit: 80%
[2026-06-13 04:15:13][INFO] SIM_BRIDGE: Initializing simulation data for model: IZHIKEVICH (3D)... (playback_init: False)
[2026-06-13 04:15:13][INFO] SIM_BRIDGE: Brain-region framework: 2 regions, 2700 total neurons, 3 pathways.
[2026-06-13 04:15:13][INFO] SIM_BRIDGE: RNG initialized with seed: 42
[2026-06-13 04:15:13][INFO] SIM_BRIDGE: Initializing Izhikevich model specifics for 2700 neurons...
[2026-06-13 04:15:13][INFO] SIM_BRIDGE: Applying parameter heterogeneity to neuron parameters...
[2026-06-13 04:15:13][INFO] SIM_BRIDGE: Applied heterogeneity to 4 parameters.
[2026-06-13 04:15:13][INFO] SIM_BRIDGE: Initializing OU process state (tau=15.0ms, sigma=0.0pA)...
[2026-06-13 04:15:13][INFO] SIM_BRIDGE: Generating 3D neuron positions for 2700 neurons...
[2026-06-13 04:15:13][INFO] SIM_BRIDGE: Generating connections (brain-region framework)...
[2026-06-13 04:15:16][INFO] SIM_BRIDGE: inject_explicit_wiring: installed 3888625 synapses across 3 populations.
[2026-06-13 04:15:16][INFO] SIM_BRIDGE: Simulation data initialized for 2700 neurons (3D). Synapses: 3888625. GPU memory: 1.7GB/25.8GB (6.5%)
[2026-06-13 04:17:11][INFO] SIM_BRIDGE: CuPy using GPU: NVIDIA GeForce RTX 3090 (24.0 GB), mempool limit: 80%
[2026-06-13 04:17:11][INFO] SIM_BRIDGE: Initializing simulation data for model: IZHIKEVICH (3D)... (playback_init: False)
[2026-06-13 04:17:11][INFO] SIM_BRIDGE: Brain-region framework: 2 regions, 2700 total neurons, 3 pathways.
[2026-06-13 04:17:11][INFO] SIM_BRIDGE: RNG initialized with seed: 42
[2026-06-13 04:17:11][INFO] SIM_BRIDGE: Initializing Izhikevich model specifics for 2700 neurons...
[2026-06-13 04:17:11][INFO] SIM_BRIDGE: Applying parameter heterogeneity to neuron parameters...
[2026-06-13 04:17:11][INFO] SIM_BRIDGE: Applied heterogeneity to 4 parameters.
[2026-06-13 04:17:11][INFO] SIM_BRIDGE: Initializing OU process state (tau=15.0ms, sigma=0.0pA)...
[2026-06-13 04:17:11][INFO] SIM_BRIDGE: Generating 3D neuron positions for 2700 neurons...
[2026-06-13 04:17:11][INFO] SIM_BRIDGE: Generating connections (brain-region framework)...
[2026-06-13 04:17:14][INFO] SIM_BRIDGE: inject_explicit_wiring: installed 3888625 synapses across 3 populations.
[2026-06-13 04:17:15][INFO] SIM_BRIDGE: Simulation data initialized for 2700 neurons (3D). Synapses: 3888625. GPU memory: 1.7GB/25.8GB (6.5%)
  [     jobs] M1 gen=0.994(4.0x) A2=True A3=True [GO] | M2 P(sim)=+0.806 2nd=+0.501 graded=1 [GO] | G5 collapses=True (perm 2nd=+0.014) | 118s, 3456100 syn
[2026-06-13 04:19:11][INFO] SIM_BRIDGE: CuPy using GPU: NVIDIA GeForce RTX 3090 (24.0 GB), mempool limit: 80%
[2026-06-13 04:19:11][INFO] SIM_BRIDGE: Initializing simulation data for model: IZHIKEVICH (3D)... (playback_init: False)
[2026-06-13 04:19:11][INFO] SIM_BRIDGE: Brain-region framework: 2 regions, 2700 total neurons, 3 pathways.
[2026-06-13 04:19:11][INFO] SIM_BRIDGE: RNG initialized with seed: 42
[2026-06-13 04:19:11][INFO] SIM_BRIDGE: Initializing Izhikevich model specifics for 2700 neurons...
[2026-06-13 04:19:11][INFO] SIM_BRIDGE: Applying parameter heterogeneity to neuron parameters...
[2026-06-13 04:19:11][INFO] SIM_BRIDGE: Applied heterogeneity to 4 parameters.
[2026-06-13 04:19:11][INFO] SIM_BRIDGE: Initializing OU process state (tau=15.0ms, sigma=0.0pA)...
[2026-06-13 04:19:11][INFO] SIM_BRIDGE: Generating 3D neuron positions for 2700 neurons...
[2026-06-13 04:19:11][INFO] SIM_BRIDGE: Generating connections (brain-region framework)...
[2026-06-13 04:19:15][INFO] SIM_BRIDGE: inject_explicit_wiring: installed 3888625 synapses across 3 populations.
[2026-06-13 04:19:15][INFO] SIM_BRIDGE: Simulation data initialized for 2700 neurons (3D). Synapses: 3888625. GPU memory: 1.7GB/25.8GB (6.5%)
[2026-06-13 04:21:10][INFO] SIM_BRIDGE: CuPy using GPU: NVIDIA GeForce RTX 3090 (24.0 GB), mempool limit: 80%
[2026-06-13 04:21:10][INFO] SIM_BRIDGE: Initializing simulation data for model: IZHIKEVICH (3D)... (playback_init: False)
[2026-06-13 04:21:10][INFO] SIM_BRIDGE: Brain-region framework: 2 regions, 2700 total neurons, 3 pathways.
[2026-06-13 04:21:10][INFO] SIM_BRIDGE: RNG initialized with seed: 42
[2026-06-13 04:21:10][INFO] SIM_BRIDGE: Initializing Izhikevich model specifics for 2700 neurons...
[2026-06-13 04:21:10][INFO] SIM_BRIDGE: Applying parameter heterogeneity to neuron parameters...
[2026-06-13 04:21:10][INFO] SIM_BRIDGE: Applied heterogeneity to 4 parameters.
[2026-06-13 04:21:10][INFO] SIM_BRIDGE: Initializing OU process state (tau=15.0ms, sigma=0.0pA)...
[2026-06-13 04:21:10][INFO] SIM_BRIDGE: Generating 3D neuron positions for 2700 neurons...
[2026-06-13 04:21:10][INFO] SIM_BRIDGE: Generating connections (brain-region framework)...
[2026-06-13 04:21:14][INFO] SIM_BRIDGE: inject_explicit_wiring: installed 3888625 synapses across 3 populations.
[2026-06-13 04:21:14][INFO] SIM_BRIDGE: Simulation data initialized for 2700 neurons (3D). Synapses: 3888625. GPU memory: 1.7GB/25.8GB (6.5%)
  [   sports] M1 gen=1.000(4.0x) A2=True A3=True [GO] | M2 P(sim)=+0.725 2nd=+0.472 graded=1 [GO] | G5 collapses=True (perm 2nd=+0.007) | 119s, 3456100 syn
[2026-06-13 04:23:08][INFO] SIM_BRIDGE: CuPy using GPU: NVIDIA GeForce RTX 3090 (24.0 GB), mempool limit: 80%
[2026-06-13 04:23:08][INFO] SIM_BRIDGE: Initializing simulation data for model: IZHIKEVICH (3D)... (playback_init: False)
[2026-06-13 04:23:08][INFO] SIM_BRIDGE: Brain-region framework: 2 regions, 2700 total neurons, 3 pathways.
[2026-06-13 04:23:08][INFO] SIM_BRIDGE: RNG initialized with seed: 42
[2026-06-13 04:23:08][INFO] SIM_BRIDGE: Initializing Izhikevich model specifics for 2700 neurons...
[2026-06-13 04:23:08][INFO] SIM_BRIDGE: Applying parameter heterogeneity to neuron parameters...
[2026-06-13 04:23:08][INFO] SIM_BRIDGE: Applied heterogeneity to 4 parameters.
[2026-06-13 04:23:08][INFO] SIM_BRIDGE: Initializing OU process state (tau=15.0ms, sigma=0.0pA)...
[2026-06-13 04:23:08][INFO] SIM_BRIDGE: Generating 3D neuron positions for 2700 neurons...
[2026-06-13 04:23:08][INFO] SIM_BRIDGE: Generating connections (brain-region framework)...
[2026-06-13 04:23:12][INFO] SIM_BRIDGE: inject_explicit_wiring: installed 3888625 synapses across 3 populations.
[2026-06-13 04:23:12][INFO] SIM_BRIDGE: Simulation data initialized for 2700 neurons (3D). Synapses: 3888625. GPU memory: 1.7GB/25.8GB (6.5%)
[2026-06-13 04:25:05][INFO] SIM_BRIDGE: CuPy using GPU: NVIDIA GeForce RTX 3090 (24.0 GB), mempool limit: 80%
[2026-06-13 04:25:05][INFO] SIM_BRIDGE: Initializing simulation data for model: IZHIKEVICH (3D)... (playback_init: False)
[2026-06-13 04:25:05][INFO] SIM_BRIDGE: Brain-region framework: 2 regions, 2700 total neurons, 3 pathways.
[2026-06-13 04:25:05][INFO] SIM_BRIDGE: RNG initialized with seed: 42
[2026-06-13 04:25:05][INFO] SIM_BRIDGE: Initializing Izhikevich model specifics for 2700 neurons...
[2026-06-13 04:25:05][INFO] SIM_BRIDGE: Applying parameter heterogeneity to neuron parameters...
[2026-06-13 04:25:05][INFO] SIM_BRIDGE: Applied heterogeneity to 4 parameters.
[2026-06-13 04:25:05][INFO] SIM_BRIDGE: Initializing OU process state (tau=15.0ms, sigma=0.0pA)...
[2026-06-13 04:25:05][INFO] SIM_BRIDGE: Generating 3D neuron positions for 2700 neurons...
[2026-06-13 04:25:05][INFO] SIM_BRIDGE: Generating connections (brain-region framework)...
[2026-06-13 04:25:09][INFO] SIM_BRIDGE: inject_explicit_wiring: installed 3888625 synapses across 3 populations.
[2026-06-13 04:25:09][INFO] SIM_BRIDGE: Simulation data initialized for 2700 neurons (3D). Synapses: 3888625. GPU memory: 1.7GB/25.8GB (6.5%)
  [instruments] M1 gen=1.000(4.0x) A2=True A3=True [GO] | M2 P(sim)=+0.781 2nd=+0.489 graded=1 [GO] | G5 collapses=True (perm 2nd=+0.002) | 117s, 3456100 syn
[2026-06-13 04:27:04][INFO] SIM_BRIDGE: CuPy using GPU: NVIDIA GeForce RTX 3090 (24.0 GB), mempool limit: 80%
[2026-06-13 04:27:04][INFO] SIM_BRIDGE: Initializing simulation data for model: IZHIKEVICH (3D)... (playback_init: False)
[2026-06-13 04:27:04][INFO] SIM_BRIDGE: Brain-region framework: 2 regions, 2700 total neurons, 3 pathways.
[2026-06-13 04:27:04][INFO] SIM_BRIDGE: RNG initialized with seed: 42
[2026-06-13 04:27:04][INFO] SIM_BRIDGE: Initializing Izhikevich model specifics for 2700 neurons...
[2026-06-13 04:27:04][INFO] SIM_BRIDGE: Applying parameter heterogeneity to neuron parameters...
[2026-06-13 04:27:04][INFO] SIM_BRIDGE: Applied heterogeneity to 4 parameters.
[2026-06-13 04:27:04][INFO] SIM_BRIDGE: Initializing OU process state (tau=15.0ms, sigma=0.0pA)...
[2026-06-13 04:27:04][INFO] SIM_BRIDGE: Generating 3D neuron positions for 2700 neurons...
[2026-06-13 04:27:04][INFO] SIM_BRIDGE: Generating connections (brain-region framework)...
[2026-06-13 04:27:08][INFO] SIM_BRIDGE: inject_explicit_wiring: installed 3888625 synapses across 3 populations.
[2026-06-13 04:27:08][INFO] SIM_BRIDGE: Simulation data initialized for 2700 neurons (3D). Synapses: 3888625. GPU memory: 1.7GB/25.8GB (6.5%)
[2026-06-13 04:29:01][INFO] SIM_BRIDGE: CuPy using GPU: NVIDIA GeForce RTX 3090 (24.0 GB), mempool limit: 80%
[2026-06-13 04:29:01][INFO] SIM_BRIDGE: Initializing simulation data for model: IZHIKEVICH (3D)... (playback_init: False)
[2026-06-13 04:29:01][INFO] SIM_BRIDGE: Brain-region framework: 2 regions, 2700 total neurons, 3 pathways.
[2026-06-13 04:29:01][INFO] SIM_BRIDGE: RNG initialized with seed: 42
[2026-06-13 04:29:01][INFO] SIM_BRIDGE: Initializing Izhikevich model specifics for 2700 neurons...
[2026-06-13 04:29:01][INFO] SIM_BRIDGE: Applying parameter heterogeneity to neuron parameters...
[2026-06-13 04:29:01][INFO] SIM_BRIDGE: Applied heterogeneity to 4 parameters.
[2026-06-13 04:29:01][INFO] SIM_BRIDGE: Initializing OU process state (tau=15.0ms, sigma=0.0pA)...
[2026-06-13 04:29:01][INFO] SIM_BRIDGE: Generating 3D neuron positions for 2700 neurons...
[2026-06-13 04:29:01][INFO] SIM_BRIDGE: Generating connections (brain-region framework)...
[2026-06-13 04:29:05][INFO] SIM_BRIDGE: inject_explicit_wiring: installed 3888625 synapses across 3 populations.
[2026-06-13 04:29:05][INFO] SIM_BRIDGE: Simulation data initialized for 2700 neurons (3D). Synapses: 3888625. GPU memory: 1.7GB/25.8GB (6.5%)
  [buildings] M1 gen=1.000(4.0x) A2=True A3=True [GO] | M2 P(sim)=+0.765 2nd=+0.493 graded=1 [GO] | G5 collapses=True (perm 2nd=+0.018) | 117s, 3456100 syn
[2026-06-13 04:31:00][INFO] SIM_BRIDGE: CuPy using GPU: NVIDIA GeForce RTX 3090 (24.0 GB), mempool limit: 80%
[2026-06-13 04:31:00][INFO] SIM_BRIDGE: Initializing simulation data for model: IZHIKEVICH (3D)... (playback_init: False)
[2026-06-13 04:31:00][INFO] SIM_BRIDGE: Brain-region framework: 2 regions, 2700 total neurons, 3 pathways.
[2026-06-13 04:31:00][INFO] SIM_BRIDGE: RNG initialized with seed: 42
[2026-06-13 04:31:00][INFO] SIM_BRIDGE: Initializing Izhikevich model specifics for 2700 neurons...
[2026-06-13 04:31:00][INFO] SIM_BRIDGE: Applying parameter heterogeneity to neuron parameters...
[2026-06-13 04:31:00][INFO] SIM_BRIDGE: Applied heterogeneity to 4 parameters.
[2026-06-13 04:31:00][INFO] SIM_BRIDGE: Initializing OU process state (tau=15.0ms, sigma=0.0pA)...
[2026-06-13 04:31:00][INFO] SIM_BRIDGE: Generating 3D neuron positions for 2700 neurons...
[2026-06-13 04:31:00][INFO] SIM_BRIDGE: Generating connections (brain-region framework)...
[2026-06-13 04:31:04][INFO] SIM_BRIDGE: inject_explicit_wiring: installed 3888625 synapses across 3 populations.
[2026-06-13 04:31:04][INFO] SIM_BRIDGE: Simulation data initialized for 2700 neurons (3D). Synapses: 3888625. GPU memory: 1.7GB/25.8GB (6.5%)
[2026-06-13 04:32:58][INFO] SIM_BRIDGE: CuPy using GPU: NVIDIA GeForce RTX 3090 (24.0 GB), mempool limit: 80%
[2026-06-13 04:32:58][INFO] SIM_BRIDGE: Initializing simulation data for model: IZHIKEVICH (3D)... (playback_init: False)
[2026-06-13 04:32:58][INFO] SIM_BRIDGE: Brain-region framework: 2 regions, 2700 total neurons, 3 pathways.
[2026-06-13 04:32:58][INFO] SIM_BRIDGE: RNG initialized with seed: 42
[2026-06-13 04:32:58][INFO] SIM_BRIDGE: Initializing Izhikevich model specifics for 2700 neurons...
[2026-06-13 04:32:58][INFO] SIM_BRIDGE: Applying parameter heterogeneity to neuron parameters...
[2026-06-13 04:32:58][INFO] SIM_BRIDGE: Applied heterogeneity to 4 parameters.
[2026-06-13 04:32:58][INFO] SIM_BRIDGE: Initializing OU process state (tau=15.0ms, sigma=0.0pA)...
[2026-06-13 04:32:58][INFO] SIM_BRIDGE: Generating 3D neuron positions for 2700 neurons...
[2026-06-13 04:32:58][INFO] SIM_BRIDGE: Generating connections (brain-region framework)...
[2026-06-13 04:33:02][INFO] SIM_BRIDGE: inject_explicit_wiring: installed 3888625 synapses across 3 populations.
[2026-06-13 04:33:02][INFO] SIM_BRIDGE: Simulation data initialized for 2700 neurons (3D). Synapses: 3888625. GPU memory: 1.7GB/25.8GB (6.5%)
  [countries] M1 gen=1.000(4.0x) A2=True A3=True [GO] | M2 P(sim)=+0.768 2nd=+0.491 graded=1 [GO] | G5 collapses=True (perm 2nd=+0.012) | 118s, 3456100 syn
[2026-06-13 04:34:56][INFO] SIM_BRIDGE: CuPy using GPU: NVIDIA GeForce RTX 3090 (24.0 GB), mempool limit: 80%
[2026-06-13 04:34:56][INFO] SIM_BRIDGE: Initializing simulation data for model: IZHIKEVICH (3D)... (playback_init: False)
[2026-06-13 04:34:56][INFO] SIM_BRIDGE: Brain-region framework: 2 regions, 2700 total neurons, 3 pathways.
[2026-06-13 04:34:56][INFO] SIM_BRIDGE: RNG initialized with seed: 42
[2026-06-13 04:34:56][INFO] SIM_BRIDGE: Initializing Izhikevich model specifics for 2700 neurons...
[2026-06-13 04:34:56][INFO] SIM_BRIDGE: Applying parameter heterogeneity to neuron parameters...
[2026-06-13 04:34:56][INFO] SIM_BRIDGE: Applied heterogeneity to 4 parameters.
[2026-06-13 04:34:56][INFO] SIM_BRIDGE: Initializing OU process state (tau=15.0ms, sigma=0.0pA)...
[2026-06-13 04:34:56][INFO] SIM_BRIDGE: Generating 3D neuron positions for 2700 neurons...
[2026-06-13 04:34:56][INFO] SIM_BRIDGE: Generating connections (brain-region framework)...
[2026-06-13 04:34:59][INFO] SIM_BRIDGE: inject_explicit_wiring: installed 3888625 synapses across 3 populations.
[2026-06-13 04:34:59][INFO] SIM_BRIDGE: Simulation data initialized for 2700 neurons (3D). Synapses: 3888625. GPU memory: 1.7GB/25.8GB (6.5%)
[2026-06-13 04:36:53][INFO] SIM_BRIDGE: CuPy using GPU: NVIDIA GeForce RTX 3090 (24.0 GB), mempool limit: 80%
[2026-06-13 04:36:53][INFO] SIM_BRIDGE: Initializing simulation data for model: IZHIKEVICH (3D)... (playback_init: False)
[2026-06-13 04:36:53][INFO] SIM_BRIDGE: Brain-region framework: 2 regions, 2700 total neurons, 3 pathways.
[2026-06-13 04:36:53][INFO] SIM_BRIDGE: RNG initialized with seed: 42
[2026-06-13 04:36:53][INFO] SIM_BRIDGE: Initializing Izhikevich model specifics for 2700 neurons...
[2026-06-13 04:36:53][INFO] SIM_BRIDGE: Applying parameter heterogeneity to neuron parameters...
[2026-06-13 04:36:53][INFO] SIM_BRIDGE: Applied heterogeneity to 4 parameters.
[2026-06-13 04:36:53][INFO] SIM_BRIDGE: Initializing OU process state (tau=15.0ms, sigma=0.0pA)...
[2026-06-13 04:36:53][INFO] SIM_BRIDGE: Generating 3D neuron positions for 2700 neurons...
[2026-06-13 04:36:53][INFO] SIM_BRIDGE: Generating connections (brain-region framework)...
[2026-06-13 04:36:57][INFO] SIM_BRIDGE: inject_explicit_wiring: installed 3888625 synapses across 3 populations.
[2026-06-13 04:36:57][INFO] SIM_BRIDGE: Simulation data initialized for 2700 neurons (3D). Synapses: 3888625. GPU memory: 1.7GB/25.8GB (6.5%)
  [   drinks] M1 gen=1.000(4.0x) A2=True A3=True [GO] | M2 P(sim)=+0.781 2nd=+0.498 graded=1 [GO] | G5 collapses=True (perm 2nd=+0.014) | 118s, 3456100 syn
[2026-06-13 04:38:53][INFO] SIM_BRIDGE: CuPy using GPU: NVIDIA GeForce RTX 3090 (24.0 GB), mempool limit: 80%
[2026-06-13 04:38:53][INFO] SIM_BRIDGE: Initializing simulation data for model: IZHIKEVICH (3D)... (playback_init: False)
[2026-06-13 04:38:53][INFO] SIM_BRIDGE: Brain-region framework: 2 regions, 2700 total neurons, 3 pathways.
[2026-06-13 04:38:53][INFO] SIM_BRIDGE: RNG initialized with seed: 42
[2026-06-13 04:38:53][INFO] SIM_BRIDGE: Initializing Izhikevich model specifics for 2700 neurons...
[2026-06-13 04:38:53][INFO] SIM_BRIDGE: Applying parameter heterogeneity to neuron parameters...
[2026-06-13 04:38:53][INFO] SIM_BRIDGE: Applied heterogeneity to 4 parameters.
[2026-06-13 04:38:53][INFO] SIM_BRIDGE: Initializing OU process state (tau=15.0ms, sigma=0.0pA)...
[2026-06-13 04:38:53][INFO] SIM_BRIDGE: Generating 3D neuron positions for 2700 neurons...
[2026-06-13 04:38:53][INFO] SIM_BRIDGE: Generating connections (brain-region framework)...
[2026-06-13 04:38:56][INFO] SIM_BRIDGE: inject_explicit_wiring: installed 3888625 synapses across 3 populations.
[2026-06-13 04:38:56][INFO] SIM_BRIDGE: Simulation data initialized for 2700 neurons (3D). Synapses: 3888625. GPU memory: 1.7GB/25.8GB (6.5%)
[2026-06-13 04:40:51][INFO] SIM_BRIDGE: CuPy using GPU: NVIDIA GeForce RTX 3090 (24.0 GB), mempool limit: 80%
[2026-06-13 04:40:51][INFO] SIM_BRIDGE: Initializing simulation data for model: IZHIKEVICH (3D)... (playback_init: False)
[2026-06-13 04:40:51][INFO] SIM_BRIDGE: Brain-region framework: 2 regions, 2700 total neurons, 3 pathways.
[2026-06-13 04:40:51][INFO] SIM_BRIDGE: RNG initialized with seed: 42
[2026-06-13 04:40:51][INFO] SIM_BRIDGE: Initializing Izhikevich model specifics for 2700 neurons...
[2026-06-13 04:40:51][INFO] SIM_BRIDGE: Applying parameter heterogeneity to neuron parameters...
[2026-06-13 04:40:51][INFO] SIM_BRIDGE: Applied heterogeneity to 4 parameters.
[2026-06-13 04:40:51][INFO] SIM_BRIDGE: Initializing OU process state (tau=15.0ms, sigma=0.0pA)...
[2026-06-13 04:40:51][INFO] SIM_BRIDGE: Generating 3D neuron positions for 2700 neurons...
[2026-06-13 04:40:51][INFO] SIM_BRIDGE: Generating connections (brain-region framework)...
[2026-06-13 04:40:55][INFO] SIM_BRIDGE: inject_explicit_wiring: installed 3888625 synapses across 3 populations.
[2026-06-13 04:40:55][INFO] SIM_BRIDGE: Simulation data initialized for 2700 neurons (3D). Synapses: 3888625. GPU memory: 1.7GB/25.8GB (6.5%)
  [   fruits] M1 gen=1.000(4.0x) A2=True A3=True [GO] | M2 P(sim)=+0.778 2nd=+0.487 graded=1 [GO] | G5 collapses=True (perm 2nd=+0.004) | 119s, 3456100 syn
[2026-06-13 04:42:49][INFO] SIM_BRIDGE: CuPy using GPU: NVIDIA GeForce RTX 3090 (24.0 GB), mempool limit: 80%
[2026-06-13 04:42:49][INFO] SIM_BRIDGE: Initializing simulation data for model: IZHIKEVICH (3D)... (playback_init: False)
[2026-06-13 04:42:49][INFO] SIM_BRIDGE: Brain-region framework: 2 regions, 2700 total neurons, 3 pathways.
[2026-06-13 04:42:49][INFO] SIM_BRIDGE: RNG initialized with seed: 42
[2026-06-13 04:42:49][INFO] SIM_BRIDGE: Initializing Izhikevich model specifics for 2700 neurons...
[2026-06-13 04:42:49][INFO] SIM_BRIDGE: Applying parameter heterogeneity to neuron parameters...
[2026-06-13 04:42:49][INFO] SIM_BRIDGE: Applied heterogeneity to 4 parameters.
[2026-06-13 04:42:49][INFO] SIM_BRIDGE: Initializing OU process state (tau=15.0ms, sigma=0.0pA)...
[2026-06-13 04:42:49][INFO] SIM_BRIDGE: Generating 3D neuron positions for 2700 neurons...
[2026-06-13 04:42:49][INFO] SIM_BRIDGE: Generating connections (brain-region framework)...
[2026-06-13 04:42:52][INFO] SIM_BRIDGE: inject_explicit_wiring: installed 3888625 synapses across 3 populations.
[2026-06-13 04:42:52][INFO] SIM_BRIDGE: Simulation data initialized for 2700 neurons (3D). Synapses: 3888625. GPU memory: 1.7GB/25.8GB (6.5%)
[2026-06-13 04:44:47][INFO] SIM_BRIDGE: CuPy using GPU: NVIDIA GeForce RTX 3090 (24.0 GB), mempool limit: 80%
[2026-06-13 04:44:47][INFO] SIM_BRIDGE: Initializing simulation data for model: IZHIKEVICH (3D)... (playback_init: False)
[2026-06-13 04:44:47][INFO] SIM_BRIDGE: Brain-region framework: 2 regions, 2700 total neurons, 3 pathways.
[2026-06-13 04:44:47][INFO] SIM_BRIDGE: RNG initialized with seed: 42
[2026-06-13 04:44:47][INFO] SIM_BRIDGE: Initializing Izhikevich model specifics for 2700 neurons...
[2026-06-13 04:44:47][INFO] SIM_BRIDGE: Applying parameter heterogeneity to neuron parameters...
[2026-06-13 04:44:47][INFO] SIM_BRIDGE: Applied heterogeneity to 4 parameters.
[2026-06-13 04:44:47][INFO] SIM_BRIDGE: Initializing OU process state (tau=15.0ms, sigma=0.0pA)...
[2026-06-13 04:44:47][INFO] SIM_BRIDGE: Generating 3D neuron positions for 2700 neurons...
[2026-06-13 04:44:47][INFO] SIM_BRIDGE: Generating connections (brain-region framework)...
[2026-06-13 04:44:50][INFO] SIM_BRIDGE: inject_explicit_wiring: installed 3888625 synapses across 3 populations.
[2026-06-13 04:44:50][INFO] SIM_BRIDGE: Simulation data initialized for 2700 neurons (3D). Synapses: 3888625. GPU memory: 1.7GB/25.8GB (6.5%)
  [   metals] M1 gen=1.000(4.0x) A2=True A3=True [GO] | M2 P(sim)=+0.778 2nd=+0.488 graded=1 [GO] | G5 collapses=True (perm 2nd=-0.003) | 118s, 3456100 syn
[2026-06-13 04:46:48][INFO] SIM_BRIDGE: CuPy using GPU: NVIDIA GeForce RTX 3090 (24.0 GB), mempool limit: 80%
[2026-06-13 04:46:48][INFO] SIM_BRIDGE: Initializing simulation data for model: IZHIKEVICH (3D)... (playback_init: False)
[2026-06-13 04:46:48][INFO] SIM_BRIDGE: Brain-region framework: 2 regions, 2700 total neurons, 3 pathways.
[2026-06-13 04:46:48][INFO] SIM_BRIDGE: RNG initialized with seed: 42
[2026-06-13 04:46:48][INFO] SIM_BRIDGE: Initializing Izhikevich model specifics for 2700 neurons...
[2026-06-13 04:46:48][INFO] SIM_BRIDGE: Applying parameter heterogeneity to neuron parameters...
[2026-06-13 04:46:48][INFO] SIM_BRIDGE: Applied heterogeneity to 4 parameters.
[2026-06-13 04:46:48][INFO] SIM_BRIDGE: Initializing OU process state (tau=15.0ms, sigma=0.0pA)...
[2026-06-13 04:46:48][INFO] SIM_BRIDGE: Generating 3D neuron positions for 2700 neurons...
[2026-06-13 04:46:48][INFO] SIM_BRIDGE: Generating connections (brain-region framework)...
[2026-06-13 04:46:52][INFO] SIM_BRIDGE: inject_explicit_wiring: installed 3888625 synapses across 3 populations.
[2026-06-13 04:46:52][INFO] SIM_BRIDGE: Simulation data initialized for 2700 neurons (3D). Synapses: 3888625. GPU memory: 1.7GB/25.8GB (6.5%)
[2026-06-13 04:48:50][INFO] SIM_BRIDGE: CuPy using GPU: NVIDIA GeForce RTX 3090 (24.0 GB), mempool limit: 80%
[2026-06-13 04:48:50][INFO] SIM_BRIDGE: Initializing simulation data for model: IZHIKEVICH (3D)... (playback_init: False)
[2026-06-13 04:48:50][INFO] SIM_BRIDGE: Brain-region framework: 2 regions, 2700 total neurons, 3 pathways.
[2026-06-13 04:48:50][INFO] SIM_BRIDGE: RNG initialized with seed: 42
[2026-06-13 04:48:50][INFO] SIM_BRIDGE: Initializing Izhikevich model specifics for 2700 neurons...
[2026-06-13 04:48:50][INFO] SIM_BRIDGE: Applying parameter heterogeneity to neuron parameters...
[2026-06-13 04:48:50][INFO] SIM_BRIDGE: Applied heterogeneity to 4 parameters.
[2026-06-13 04:48:50][INFO] SIM_BRIDGE: Initializing OU process state (tau=15.0ms, sigma=0.0pA)...
[2026-06-13 04:48:50][INFO] SIM_BRIDGE: Generating 3D neuron positions for 2700 neurons...
[2026-06-13 04:48:50][INFO] SIM_BRIDGE: Generating connections (brain-region framework)...
[2026-06-13 04:48:54][INFO] SIM_BRIDGE: inject_explicit_wiring: installed 3888625 synapses across 3 populations.
[2026-06-13 04:48:54][INFO] SIM_BRIDGE: Simulation data initialized for 2700 neurons (3D). Synapses: 3888625. GPU memory: 1.7GB/25.8GB (6.5%)
  [  insects] M1 gen=1.000(4.0x) A2=True A3=True [GO] | M2 P(sim)=+0.788 2nd=+0.506 graded=1 [GO] | G5 collapses=True (perm 2nd=+0.012) | 122s, 3456100 syn
[2026-06-13 04:50:55][INFO] SIM_BRIDGE: CuPy using GPU: NVIDIA GeForce RTX 3090 (24.0 GB), mempool limit: 80%
[2026-06-13 04:50:55][INFO] SIM_BRIDGE: Initializing simulation data for model: IZHIKEVICH (3D)... (playback_init: False)
[2026-06-13 04:50:55][INFO] SIM_BRIDGE: Brain-region framework: 2 regions, 2700 total neurons, 3 pathways.
[2026-06-13 04:50:55][INFO] SIM_BRIDGE: RNG initialized with seed: 42
[2026-06-13 04:50:55][INFO] SIM_BRIDGE: Initializing Izhikevich model specifics for 2700 neurons...
[2026-06-13 04:50:55][INFO] SIM_BRIDGE: Applying parameter heterogeneity to neuron parameters...
[2026-06-13 04:50:55][INFO] SIM_BRIDGE: Applied heterogeneity to 4 parameters.
[2026-06-13 04:50:55][INFO] SIM_BRIDGE: Initializing OU process state (tau=15.0ms, sigma=0.0pA)...
[2026-06-13 04:50:55][INFO] SIM_BRIDGE: Generating 3D neuron positions for 2700 neurons...
[2026-06-13 04:50:55][INFO] SIM_BRIDGE: Generating connections (brain-region framework)...
[2026-06-13 04:50:58][INFO] SIM_BRIDGE: inject_explicit_wiring: installed 3888625 synapses across 3 populations.
[2026-06-13 04:50:58][INFO] SIM_BRIDGE: Simulation data initialized for 2700 neurons (3D). Synapses: 3888625. GPU memory: 1.7GB/25.8GB (6.5%)
[2026-06-13 04:52:58][INFO] SIM_BRIDGE: CuPy using GPU: NVIDIA GeForce RTX 3090 (24.0 GB), mempool limit: 80%
[2026-06-13 04:52:58][INFO] SIM_BRIDGE: Initializing simulation data for model: IZHIKEVICH (3D)... (playback_init: False)
[2026-06-13 04:52:58][INFO] SIM_BRIDGE: Brain-region framework: 2 regions, 2700 total neurons, 3 pathways.
[2026-06-13 04:52:58][INFO] SIM_BRIDGE: RNG initialized with seed: 42
[2026-06-13 04:52:58][INFO] SIM_BRIDGE: Initializing Izhikevich model specifics for 2700 neurons...
[2026-06-13 04:52:58][INFO] SIM_BRIDGE: Applying parameter heterogeneity to neuron parameters...
[2026-06-13 04:52:58][INFO] SIM_BRIDGE: Applied heterogeneity to 4 parameters.
[2026-06-13 04:52:58][INFO] SIM_BRIDGE: Initializing OU process state (tau=15.0ms, sigma=0.0pA)...
[2026-06-13 04:52:58][INFO] SIM_BRIDGE: Generating 3D neuron positions for 2700 neurons...
[2026-06-13 04:52:58][INFO] SIM_BRIDGE: Generating connections (brain-region framework)...
[2026-06-13 04:53:02][INFO] SIM_BRIDGE: inject_explicit_wiring: installed 3888625 synapses across 3 populations.
[2026-06-13 04:53:02][INFO] SIM_BRIDGE: Simulation data initialized for 2700 neurons (3D). Synapses: 3888625. GPU memory: 1.7GB/25.8GB (6.5%)
  [    birds] M1 gen=1.000(4.0x) A2=True A3=True [GO] | M2 P(sim)=+0.777 2nd=+0.488 graded=1 [GO] | G5 collapses=True (perm 2nd=+0.014) | 124s, 3456100 syn
[2026-06-13 04:55:02][INFO] SIM_BRIDGE: CuPy using GPU: NVIDIA GeForce RTX 3090 (24.0 GB), mempool limit: 80%
[2026-06-13 04:55:02][INFO] SIM_BRIDGE: Initializing simulation data for model: IZHIKEVICH (3D)... (playback_init: False)
[2026-06-13 04:55:02][INFO] SIM_BRIDGE: Brain-region framework: 2 regions, 2700 total neurons, 3 pathways.
[2026-06-13 04:55:02][INFO] SIM_BRIDGE: RNG initialized with seed: 42
[2026-06-13 04:55:02][INFO] SIM_BRIDGE: Initializing Izhikevich model specifics for 2700 neurons...
[2026-06-13 04:55:02][INFO] SIM_BRIDGE: Applying parameter heterogeneity to neuron parameters...
[2026-06-13 04:55:02][INFO] SIM_BRIDGE: Applied heterogeneity to 4 parameters.
[2026-06-13 04:55:02][INFO] SIM_BRIDGE: Initializing OU process state (tau=15.0ms, sigma=0.0pA)...
[2026-06-13 04:55:02][INFO] SIM_BRIDGE: Generating 3D neuron positions for 2700 neurons...
[2026-06-13 04:55:02][INFO] SIM_BRIDGE: Generating connections (brain-region framework)...
[2026-06-13 04:55:06][INFO] SIM_BRIDGE: inject_explicit_wiring: installed 3888625 synapses across 3 populations.
[2026-06-13 04:55:06][INFO] SIM_BRIDGE: Simulation data initialized for 2700 neurons (3D). Synapses: 3888625. GPU memory: 1.7GB/25.8GB (6.5%)
[2026-06-13 04:57:03][INFO] SIM_BRIDGE: CuPy using GPU: NVIDIA GeForce RTX 3090 (24.0 GB), mempool limit: 80%
[2026-06-13 04:57:03][INFO] SIM_BRIDGE: Initializing simulation data for model: IZHIKEVICH (3D)... (playback_init: False)
[2026-06-13 04:57:03][INFO] SIM_BRIDGE: Brain-region framework: 2 regions, 2700 total neurons, 3 pathways.
[2026-06-13 04:57:03][INFO] SIM_BRIDGE: RNG initialized with seed: 42
[2026-06-13 04:57:03][INFO] SIM_BRIDGE: Initializing Izhikevich model specifics for 2700 neurons...
[2026-06-13 04:57:03][INFO] SIM_BRIDGE: Applying parameter heterogeneity to neuron parameters...
[2026-06-13 04:57:03][INFO] SIM_BRIDGE: Applied heterogeneity to 4 parameters.
[2026-06-13 04:57:03][INFO] SIM_BRIDGE: Initializing OU process state (tau=15.0ms, sigma=0.0pA)...
[2026-06-13 04:57:03][INFO] SIM_BRIDGE: Generating 3D neuron positions for 2700 neurons...
[2026-06-13 04:57:03][INFO] SIM_BRIDGE: Generating connections (brain-region framework)...
[2026-06-13 04:57:07][INFO] SIM_BRIDGE: inject_explicit_wiring: installed 3888625 synapses across 3 populations.
[2026-06-13 04:57:07][INFO] SIM_BRIDGE: Simulation data initialized for 2700 neurons (3D). Synapses: 3888625. GPU memory: 1.7GB/25.8GB (6.5%)
  [     fish] M1 gen=1.000(4.0x) A2=True A3=True [GO] | M2 P(sim)=+0.795 2nd=+0.488 graded=1 [GO] | G5 collapses=True (perm 2nd=+0.011) | 121s, 3456100 syn
[2026-06-13 04:59:06][INFO] SIM_BRIDGE: CuPy using GPU: NVIDIA GeForce RTX 3090 (24.0 GB), mempool limit: 80%
[2026-06-13 04:59:06][INFO] SIM_BRIDGE: Initializing simulation data for model: IZHIKEVICH (3D)... (playback_init: False)
[2026-06-13 04:59:06][INFO] SIM_BRIDGE: Brain-region framework: 2 regions, 2700 total neurons, 3 pathways.
[2026-06-13 04:59:06][INFO] SIM_BRIDGE: RNG initialized with seed: 42
[2026-06-13 04:59:06][INFO] SIM_BRIDGE: Initializing Izhikevich model specifics for 2700 neurons...
[2026-06-13 04:59:06][INFO] SIM_BRIDGE: Applying parameter heterogeneity to neuron parameters...
[2026-06-13 04:59:06][INFO] SIM_BRIDGE: Applied heterogeneity to 4 parameters.
[2026-06-13 04:59:06][INFO] SIM_BRIDGE: Initializing OU process state (tau=15.0ms, sigma=0.0pA)...
[2026-06-13 04:59:06][INFO] SIM_BRIDGE: Generating 3D neuron positions for 2700 neurons...
[2026-06-13 04:59:06][INFO] SIM_BRIDGE: Generating connections (brain-region framework)...
[2026-06-13 04:59:09][INFO] SIM_BRIDGE: inject_explicit_wiring: installed 3888625 synapses across 3 populations.
[2026-06-13 04:59:09][INFO] SIM_BRIDGE: Simulation data initialized for 2700 neurons (3D). Synapses: 3888625. GPU memory: 1.7GB/25.8GB (6.5%)
[2026-06-13 05:01:08][INFO] SIM_BRIDGE: CuPy using GPU: NVIDIA GeForce RTX 3090 (24.0 GB), mempool limit: 80%
[2026-06-13 05:01:08][INFO] SIM_BRIDGE: Initializing simulation data for model: IZHIKEVICH (3D)... (playback_init: False)
[2026-06-13 05:01:08][INFO] SIM_BRIDGE: Brain-region framework: 2 regions, 2700 total neurons, 3 pathways.
[2026-06-13 05:01:08][INFO] SIM_BRIDGE: RNG initialized with seed: 42
[2026-06-13 05:01:08][INFO] SIM_BRIDGE: Initializing Izhikevich model specifics for 2700 neurons...
[2026-06-13 05:01:08][INFO] SIM_BRIDGE: Applying parameter heterogeneity to neuron parameters...
[2026-06-13 05:01:08][INFO] SIM_BRIDGE: Applied heterogeneity to 4 parameters.
[2026-06-13 05:01:08][INFO] SIM_BRIDGE: Initializing OU process state (tau=15.0ms, sigma=0.0pA)...
[2026-06-13 05:01:08][INFO] SIM_BRIDGE: Generating 3D neuron positions for 2700 neurons...
[2026-06-13 05:01:08][INFO] SIM_BRIDGE: Generating connections (brain-region framework)...
[2026-06-13 05:01:12][INFO] SIM_BRIDGE: inject_explicit_wiring: installed 3888625 synapses across 3 populations.
[2026-06-13 05:01:12][INFO] SIM_BRIDGE: Simulation data initialized for 2700 neurons (3D). Synapses: 3888625. GPU memory: 1.7GB/25.8GB (6.5%)
  [  flowers] M1 gen=1.000(4.0x) A2=True A3=True [GO] | M2 P(sim)=+0.799 2nd=+0.509 graded=1 [GO] | G5 collapses=True (perm 2nd=+0.010) | 123s, 3456100 syn
[2026-06-13 05:03:10][INFO] SIM_BRIDGE: CuPy using GPU: NVIDIA GeForce RTX 3090 (24.0 GB), mempool limit: 80%
[2026-06-13 05:03:10][INFO] SIM_BRIDGE: Initializing simulation data for model: IZHIKEVICH (3D)... (playback_init: False)
[2026-06-13 05:03:10][INFO] SIM_BRIDGE: Brain-region framework: 2 regions, 2700 total neurons, 3 pathways.
[2026-06-13 05:03:10][INFO] SIM_BRIDGE: RNG initialized with seed: 42
[2026-06-13 05:03:10][INFO] SIM_BRIDGE: Initializing Izhikevich model specifics for 2700 neurons...
[2026-06-13 05:03:10][INFO] SIM_BRIDGE: Applying parameter heterogeneity to neuron parameters...
[2026-06-13 05:03:10][INFO] SIM_BRIDGE: Applied heterogeneity to 4 parameters.
[2026-06-13 05:03:10][INFO] SIM_BRIDGE: Initializing OU process state (tau=15.0ms, sigma=0.0pA)...
[2026-06-13 05:03:10][INFO] SIM_BRIDGE: Generating 3D neuron positions for 2700 neurons...
[2026-06-13 05:03:10][INFO] SIM_BRIDGE: Generating connections (brain-region framework)...
[2026-06-13 05:03:13][INFO] SIM_BRIDGE: inject_explicit_wiring: installed 3888625 synapses across 3 populations.
[2026-06-13 05:03:13][INFO] SIM_BRIDGE: Simulation data initialized for 2700 neurons (3D). Synapses: 3888625. GPU memory: 1.7GB/25.8GB (6.5%)
[2026-06-13 05:05:09][INFO] SIM_BRIDGE: CuPy using GPU: NVIDIA GeForce RTX 3090 (24.0 GB), mempool limit: 80%
[2026-06-13 05:05:09][INFO] SIM_BRIDGE: Initializing simulation data for model: IZHIKEVICH (3D)... (playback_init: False)
[2026-06-13 05:05:09][INFO] SIM_BRIDGE: Brain-region framework: 2 regions, 2700 total neurons, 3 pathways.
[2026-06-13 05:05:09][INFO] SIM_BRIDGE: RNG initialized with seed: 42
[2026-06-13 05:05:09][INFO] SIM_BRIDGE: Initializing Izhikevich model specifics for 2700 neurons...
[2026-06-13 05:05:09][INFO] SIM_BRIDGE: Applying parameter heterogeneity to neuron parameters...
[2026-06-13 05:05:09][INFO] SIM_BRIDGE: Applied heterogeneity to 4 parameters.
[2026-06-13 05:05:09][INFO] SIM_BRIDGE: Initializing OU process state (tau=15.0ms, sigma=0.0pA)...
[2026-06-13 05:05:09][INFO] SIM_BRIDGE: Generating 3D neuron positions for 2700 neurons...
[2026-06-13 05:05:09][INFO] SIM_BRIDGE: Generating connections (brain-region framework)...
[2026-06-13 05:05:13][INFO] SIM_BRIDGE: inject_explicit_wiring: installed 3888625 synapses across 3 populations.
[2026-06-13 05:05:13][INFO] SIM_BRIDGE: Simulation data initialized for 2700 neurons (3D). Synapses: 3888625. GPU memory: 1.7GB/25.8GB (6.5%)
  [    trees] M1 gen=1.000(4.0x) A2=True A3=True [GO] | M2 P(sim)=+0.761 2nd=+0.490 graded=1 [GO] | G5 collapses=True (perm 2nd=+0.007) | 119s, 3456100 syn
[2026-06-13 05:07:11][INFO] SIM_BRIDGE: CuPy using GPU: NVIDIA GeForce RTX 3090 (24.0 GB), mempool limit: 80%
[2026-06-13 05:07:11][INFO] SIM_BRIDGE: Initializing simulation data for model: IZHIKEVICH (3D)... (playback_init: False)
[2026-06-13 05:07:11][INFO] SIM_BRIDGE: Brain-region framework: 2 regions, 2700 total neurons, 3 pathways.
[2026-06-13 05:07:11][INFO] SIM_BRIDGE: RNG initialized with seed: 42
[2026-06-13 05:07:11][INFO] SIM_BRIDGE: Initializing Izhikevich model specifics for 2700 neurons...
[2026-06-13 05:07:11][INFO] SIM_BRIDGE: Applying parameter heterogeneity to neuron parameters...
[2026-06-13 05:07:11][INFO] SIM_BRIDGE: Applied heterogeneity to 4 parameters.
[2026-06-13 05:07:11][INFO] SIM_BRIDGE: Initializing OU process state (tau=15.0ms, sigma=0.0pA)...
[2026-06-13 05:07:11][INFO] SIM_BRIDGE: Generating 3D neuron positions for 2700 neurons...
[2026-06-13 05:07:11][INFO] SIM_BRIDGE: Generating connections (brain-region framework)...
[2026-06-13 05:07:15][INFO] SIM_BRIDGE: inject_explicit_wiring: installed 3888625 synapses across 3 populations.
[2026-06-13 05:07:15][INFO] SIM_BRIDGE: Simulation data initialized for 2700 neurons (3D). Synapses: 3888625. GPU memory: 1.7GB/25.8GB (6.5%)
[2026-06-13 05:09:12][INFO] SIM_BRIDGE: CuPy using GPU: NVIDIA GeForce RTX 3090 (24.0 GB), mempool limit: 80%
[2026-06-13 05:09:12][INFO] SIM_BRIDGE: Initializing simulation data for model: IZHIKEVICH (3D)... (playback_init: False)
[2026-06-13 05:09:12][INFO] SIM_BRIDGE: Brain-region framework: 2 regions, 2700 total neurons, 3 pathways.
[2026-06-13 05:09:12][INFO] SIM_BRIDGE: RNG initialized with seed: 42
[2026-06-13 05:09:12][INFO] SIM_BRIDGE: Initializing Izhikevich model specifics for 2700 neurons...
[2026-06-13 05:09:12][INFO] SIM_BRIDGE: Applying parameter heterogeneity to neuron parameters...
[2026-06-13 05:09:12][INFO] SIM_BRIDGE: Applied heterogeneity to 4 parameters.
[2026-06-13 05:09:12][INFO] SIM_BRIDGE: Initializing OU process state (tau=15.0ms, sigma=0.0pA)...
[2026-06-13 05:09:12][INFO] SIM_BRIDGE: Generating 3D neuron positions for 2700 neurons...
[2026-06-13 05:09:12][INFO] SIM_BRIDGE: Generating connections (brain-region framework)...
[2026-06-13 05:09:15][INFO] SIM_BRIDGE: inject_explicit_wiring: installed 3888625 synapses across 3 populations.
[2026-06-13 05:09:15][INFO] SIM_BRIDGE: Simulation data initialized for 2700 neurons (3D). Synapses: 3888625. GPU memory: 1.7GB/25.8GB (6.5%)
  [   shapes] M1 gen=1.000(4.0x) A2=True A3=True [GO] | M2 P(sim)=+0.774 2nd=+0.493 graded=1 [GO] | G5 collapses=True (perm 2nd=+0.015) | 120s, 3456100 syn
[2026-06-13 05:11:14][INFO] SIM_BRIDGE: CuPy using GPU: NVIDIA GeForce RTX 3090 (24.0 GB), mempool limit: 80%
[2026-06-13 05:11:14][INFO] SIM_BRIDGE: Initializing simulation data for model: IZHIKEVICH (3D)... (playback_init: False)
[2026-06-13 05:11:14][INFO] SIM_BRIDGE: Brain-region framework: 2 regions, 2700 total neurons, 3 pathways.
[2026-06-13 05:11:14][INFO] SIM_BRIDGE: RNG initialized with seed: 42
[2026-06-13 05:11:14][INFO] SIM_BRIDGE: Initializing Izhikevich model specifics for 2700 neurons...
[2026-06-13 05:11:14][INFO] SIM_BRIDGE: Applying parameter heterogeneity to neuron parameters...
[2026-06-13 05:11:14][INFO] SIM_BRIDGE: Applied heterogeneity to 4 parameters.
[2026-06-13 05:11:14][INFO] SIM_BRIDGE: Initializing OU process state (tau=15.0ms, sigma=0.0pA)...
[2026-06-13 05:11:14][INFO] SIM_BRIDGE: Generating 3D neuron positions for 2700 neurons...
[2026-06-13 05:11:14][INFO] SIM_BRIDGE: Generating connections (brain-region framework)...
[2026-06-13 05:11:18][INFO] SIM_BRIDGE: inject_explicit_wiring: installed 3888625 synapses across 3 populations.
[2026-06-13 05:11:18][INFO] SIM_BRIDGE: Simulation data initialized for 2700 neurons (3D). Synapses: 3888625. GPU memory: 1.7GB/25.8GB (6.5%)
[2026-06-13 05:13:15][INFO] SIM_BRIDGE: CuPy using GPU: NVIDIA GeForce RTX 3090 (24.0 GB), mempool limit: 80%
[2026-06-13 05:13:15][INFO] SIM_BRIDGE: Initializing simulation data for model: IZHIKEVICH (3D)... (playback_init: False)
[2026-06-13 05:13:15][INFO] SIM_BRIDGE: Brain-region framework: 2 regions, 2700 total neurons, 3 pathways.
[2026-06-13 05:13:15][INFO] SIM_BRIDGE: RNG initialized with seed: 42
[2026-06-13 05:13:15][INFO] SIM_BRIDGE: Initializing Izhikevich model specifics for 2700 neurons...
[2026-06-13 05:13:15][INFO] SIM_BRIDGE: Applying parameter heterogeneity to neuron parameters...
[2026-06-13 05:13:15][INFO] SIM_BRIDGE: Applied heterogeneity to 4 parameters.
[2026-06-13 05:13:15][INFO] SIM_BRIDGE: Initializing OU process state (tau=15.0ms, sigma=0.0pA)...
[2026-06-13 05:13:15][INFO] SIM_BRIDGE: Generating 3D neuron positions for 2700 neurons...
[2026-06-13 05:13:15][INFO] SIM_BRIDGE: Generating connections (brain-region framework)...
[2026-06-13 05:13:19][INFO] SIM_BRIDGE: inject_explicit_wiring: installed 3888625 synapses across 3 populations.
[2026-06-13 05:13:19][INFO] SIM_BRIDGE: Simulation data initialized for 2700 neurons (3D). Synapses: 3888625. GPU memory: 1.7GB/25.8GB (6.5%)
  [materials] M1 gen=1.000(4.0x) A2=True A3=True [GO] | M2 P(sim)=+0.793 2nd=+0.504 graded=1 [GO] | G5 collapses=True (perm 2nd=-0.002) | 120s, 3456100 syn
[2026-06-13 05:15:17][INFO] SIM_BRIDGE: CuPy using GPU: NVIDIA GeForce RTX 3090 (24.0 GB), mempool limit: 80%
[2026-06-13 05:15:17][INFO] SIM_BRIDGE: Initializing simulation data for model: IZHIKEVICH (3D)... (playback_init: False)
[2026-06-13 05:15:17][INFO] SIM_BRIDGE: Brain-region framework: 2 regions, 2700 total neurons, 3 pathways.
[2026-06-13 05:15:17][INFO] SIM_BRIDGE: RNG initialized with seed: 42
[2026-06-13 05:15:17][INFO] SIM_BRIDGE: Initializing Izhikevich model specifics for 2700 neurons...
[2026-06-13 05:15:17][INFO] SIM_BRIDGE: Applying parameter heterogeneity to neuron parameters...
[2026-06-13 05:15:17][INFO] SIM_BRIDGE: Applied heterogeneity to 4 parameters.
[2026-06-13 05:15:17][INFO] SIM_BRIDGE: Initializing OU process state (tau=15.0ms, sigma=0.0pA)...
[2026-06-13 05:15:17][INFO] SIM_BRIDGE: Generating 3D neuron positions for 2700 neurons...
[2026-06-13 05:15:17][INFO] SIM_BRIDGE: Generating connections (brain-region framework)...
[2026-06-13 05:15:20][INFO] SIM_BRIDGE: inject_explicit_wiring: installed 3888625 synapses across 3 populations.
[2026-06-13 05:15:21][INFO] SIM_BRIDGE: Simulation data initialized for 2700 neurons (3D). Synapses: 3888625. GPU memory: 1.7GB/25.8GB (6.5%)
[2026-06-13 05:17:15][INFO] SIM_BRIDGE: CuPy using GPU: NVIDIA GeForce RTX 3090 (24.0 GB), mempool limit: 80%
[2026-06-13 05:17:15][INFO] SIM_BRIDGE: Initializing simulation data for model: IZHIKEVICH (3D)... (playback_init: False)
[2026-06-13 05:17:15][INFO] SIM_BRIDGE: Brain-region framework: 2 regions, 2700 total neurons, 3 pathways.
[2026-06-13 05:17:15][INFO] SIM_BRIDGE: RNG initialized with seed: 42
[2026-06-13 05:17:15][INFO] SIM_BRIDGE: Initializing Izhikevich model specifics for 2700 neurons...
[2026-06-13 05:17:15][INFO] SIM_BRIDGE: Applying parameter heterogeneity to neuron parameters...
[2026-06-13 05:17:15][INFO] SIM_BRIDGE: Applied heterogeneity to 4 parameters.
[2026-06-13 05:17:15][INFO] SIM_BRIDGE: Initializing OU process state (tau=15.0ms, sigma=0.0pA)...
[2026-06-13 05:17:15][INFO] SIM_BRIDGE: Generating 3D neuron positions for 2700 neurons...
[2026-06-13 05:17:15][INFO] SIM_BRIDGE: Generating connections (brain-region framework)...
[2026-06-13 05:17:19][INFO] SIM_BRIDGE: inject_explicit_wiring: installed 3888625 synapses across 3 populations.
[2026-06-13 05:17:19][INFO] SIM_BRIDGE: Simulation data initialized for 2700 neurons (3D). Synapses: 3888625. GPU memory: 1.7GB/25.8GB (6.5%)
  [     toys] M1 gen=1.000(4.0x) A2=True A3=True [GO] | M2 P(sim)=+0.759 2nd=+0.484 graded=1 [GO] | G5 collapses=True (perm 2nd=+0.006) | 119s, 3456100 syn
[2026-06-13 05:19:16][INFO] SIM_BRIDGE: CuPy using GPU: NVIDIA GeForce RTX 3090 (24.0 GB), mempool limit: 80%
[2026-06-13 05:19:16][INFO] SIM_BRIDGE: Initializing simulation data for model: IZHIKEVICH (3D)... (playback_init: False)
[2026-06-13 05:19:16][INFO] SIM_BRIDGE: Brain-region framework: 2 regions, 2700 total neurons, 3 pathways.
[2026-06-13 05:19:16][INFO] SIM_BRIDGE: RNG initialized with seed: 42
[2026-06-13 05:19:16][INFO] SIM_BRIDGE: Initializing Izhikevich model specifics for 2700 neurons...
[2026-06-13 05:19:16][INFO] SIM_BRIDGE: Applying parameter heterogeneity to neuron parameters...
[2026-06-13 05:19:16][INFO] SIM_BRIDGE: Applied heterogeneity to 4 parameters.
[2026-06-13 05:19:16][INFO] SIM_BRIDGE: Initializing OU process state (tau=15.0ms, sigma=0.0pA)...
[2026-06-13 05:19:16][INFO] SIM_BRIDGE: Generating 3D neuron positions for 2700 neurons...
[2026-06-13 05:19:16][INFO] SIM_BRIDGE: Generating connections (brain-region framework)...
[2026-06-13 05:19:20][INFO] SIM_BRIDGE: inject_explicit_wiring: installed 3888625 synapses across 3 populations.
[2026-06-13 05:19:20][INFO] SIM_BRIDGE: Simulation data initialized for 2700 neurons (3D). Synapses: 3888625. GPU memory: 1.7GB/25.8GB (6.5%)
[2026-06-13 05:21:18][INFO] SIM_BRIDGE: CuPy using GPU: NVIDIA GeForce RTX 3090 (24.0 GB), mempool limit: 80%
[2026-06-13 05:21:18][INFO] SIM_BRIDGE: Initializing simulation data for model: IZHIKEVICH (3D)... (playback_init: False)
[2026-06-13 05:21:18][INFO] SIM_BRIDGE: Brain-region framework: 2 regions, 2700 total neurons, 3 pathways.
[2026-06-13 05:21:18][INFO] SIM_BRIDGE: RNG initialized with seed: 42
[2026-06-13 05:21:18][INFO] SIM_BRIDGE: Initializing Izhikevich model specifics for 2700 neurons...
[2026-06-13 05:21:18][INFO] SIM_BRIDGE: Applying parameter heterogeneity to neuron parameters...
[2026-06-13 05:21:18][INFO] SIM_BRIDGE: Applied heterogeneity to 4 parameters.
[2026-06-13 05:21:18][INFO] SIM_BRIDGE: Initializing OU process state (tau=15.0ms, sigma=0.0pA)...
[2026-06-13 05:21:18][INFO] SIM_BRIDGE: Generating 3D neuron positions for 2700 neurons...
[2026-06-13 05:21:18][INFO] SIM_BRIDGE: Generating connections (brain-region framework)...
[2026-06-13 05:21:21][INFO] SIM_BRIDGE: inject_explicit_wiring: installed 3888625 synapses across 3 populations.
[2026-06-13 05:21:22][INFO] SIM_BRIDGE: Simulation data initialized for 2700 neurons (3D). Synapses: 3888625. GPU memory: 1.7GB/25.8GB (6.5%)
  [     gems] M1 gen=1.000(4.0x) A2=True A3=True [GO] | M2 P(sim)=+0.779 2nd=+0.493 graded=1 [GO] | G5 collapses=True (perm 2nd=+0.009) | 122s, 3456100 syn
[2026-06-13 05:23:17][INFO] SIM_BRIDGE: CuPy using GPU: NVIDIA GeForce RTX 3090 (24.0 GB), mempool limit: 80%
[2026-06-13 05:23:17][INFO] SIM_BRIDGE: Initializing simulation data for model: IZHIKEVICH (3D)... (playback_init: False)
[2026-06-13 05:23:17][INFO] SIM_BRIDGE: Brain-region framework: 2 regions, 2700 total neurons, 3 pathways.
[2026-06-13 05:23:17][INFO] SIM_BRIDGE: RNG initialized with seed: 42
[2026-06-13 05:23:17][INFO] SIM_BRIDGE: Initializing Izhikevich model specifics for 2700 neurons...
[2026-06-13 05:23:17][INFO] SIM_BRIDGE: Applying parameter heterogeneity to neuron parameters...
[2026-06-13 05:23:17][INFO] SIM_BRIDGE: Applied heterogeneity to 4 parameters.
[2026-06-13 05:23:17][INFO] SIM_BRIDGE: Initializing OU process state (tau=15.0ms, sigma=0.0pA)...
[2026-06-13 05:23:17][INFO] SIM_BRIDGE: Generating 3D neuron positions for 2700 neurons...
[2026-06-13 05:23:17][INFO] SIM_BRIDGE: Generating connections (brain-region framework)...
[2026-06-13 05:23:21][INFO] SIM_BRIDGE: inject_explicit_wiring: installed 3888625 synapses across 3 populations.
[2026-06-13 05:23:21][INFO] SIM_BRIDGE: Simulation data initialized for 2700 neurons (3D). Synapses: 3888625. GPU memory: 1.7GB/25.8GB (6.5%)
[2026-06-13 05:25:18][INFO] SIM_BRIDGE: CuPy using GPU: NVIDIA GeForce RTX 3090 (24.0 GB), mempool limit: 80%
[2026-06-13 05:25:18][INFO] SIM_BRIDGE: Initializing simulation data for model: IZHIKEVICH (3D)... (playback_init: False)
[2026-06-13 05:25:18][INFO] SIM_BRIDGE: Brain-region framework: 2 regions, 2700 total neurons, 3 pathways.
[2026-06-13 05:25:18][INFO] SIM_BRIDGE: RNG initialized with seed: 42
[2026-06-13 05:25:18][INFO] SIM_BRIDGE: Initializing Izhikevich model specifics for 2700 neurons...
[2026-06-13 05:25:18][INFO] SIM_BRIDGE: Applying parameter heterogeneity to neuron parameters...
[2026-06-13 05:25:18][INFO] SIM_BRIDGE: Applied heterogeneity to 4 parameters.
[2026-06-13 05:25:18][INFO] SIM_BRIDGE: Initializing OU process state (tau=15.0ms, sigma=0.0pA)...
[2026-06-13 05:25:18][INFO] SIM_BRIDGE: Generating 3D neuron positions for 2700 neurons...
[2026-06-13 05:25:18][INFO] SIM_BRIDGE: Generating connections (brain-region framework)...
[2026-06-13 05:25:22][INFO] SIM_BRIDGE: inject_explicit_wiring: installed 3888625 synapses across 3 populations.
[2026-06-13 05:25:22][INFO] SIM_BRIDGE: Simulation data initialized for 2700 neurons (3D). Synapses: 3888625. GPU memory: 1.7GB/25.8GB (6.5%)
  [  planets] M1 gen=0.975(3.9x) A2=True A3=True [GO] | M2 P(sim)=+0.733 2nd=+0.477 graded=1 [GO] | G5 collapses=True (perm 2nd=+0.014) | 121s, 3456100 syn
[2026-06-13 05:27:19][INFO] SIM_BRIDGE: CuPy using GPU: NVIDIA GeForce RTX 3090 (24.0 GB), mempool limit: 80%
[2026-06-13 05:27:19][INFO] SIM_BRIDGE: Initializing simulation data for model: IZHIKEVICH (3D)... (playback_init: False)
[2026-06-13 05:27:19][INFO] SIM_BRIDGE: Brain-region framework: 2 regions, 2700 total neurons, 3 pathways.
[2026-06-13 05:27:19][INFO] SIM_BRIDGE: RNG initialized with seed: 42
[2026-06-13 05:27:19][INFO] SIM_BRIDGE: Initializing Izhikevich model specifics for 2700 neurons...
[2026-06-13 05:27:19][INFO] SIM_BRIDGE: Applying parameter heterogeneity to neuron parameters...
[2026-06-13 05:27:19][INFO] SIM_BRIDGE: Applied heterogeneity to 4 parameters.
[2026-06-13 05:27:19][INFO] SIM_BRIDGE: Initializing OU process state (tau=15.0ms, sigma=0.0pA)...
[2026-06-13 05:27:19][INFO] SIM_BRIDGE: Generating 3D neuron positions for 2700 neurons...
[2026-06-13 05:27:19][INFO] SIM_BRIDGE: Generating connections (brain-region framework)...
[2026-06-13 05:27:23][INFO] SIM_BRIDGE: inject_explicit_wiring: installed 3888625 synapses across 3 populations.
[2026-06-13 05:27:23][INFO] SIM_BRIDGE: Simulation data initialized for 2700 neurons (3D). Synapses: 3888625. GPU memory: 1.7GB/25.8GB (6.5%)
[2026-06-13 05:29:18][INFO] SIM_BRIDGE: CuPy using GPU: NVIDIA GeForce RTX 3090 (24.0 GB), mempool limit: 80%
[2026-06-13 05:29:18][INFO] SIM_BRIDGE: Initializing simulation data for model: IZHIKEVICH (3D)... (playback_init: False)
[2026-06-13 05:29:18][INFO] SIM_BRIDGE: Brain-region framework: 2 regions, 2700 total neurons, 3 pathways.
[2026-06-13 05:29:18][INFO] SIM_BRIDGE: RNG initialized with seed: 42
[2026-06-13 05:29:18][INFO] SIM_BRIDGE: Initializing Izhikevich model specifics for 2700 neurons...
[2026-06-13 05:29:18][INFO] SIM_BRIDGE: Applying parameter heterogeneity to neuron parameters...
[2026-06-13 05:29:18][INFO] SIM_BRIDGE: Applied heterogeneity to 4 parameters.
[2026-06-13 05:29:18][INFO] SIM_BRIDGE: Initializing OU process state (tau=15.0ms, sigma=0.0pA)...
[2026-06-13 05:29:18][INFO] SIM_BRIDGE: Generating 3D neuron positions for 2700 neurons...
[2026-06-13 05:29:18][INFO] SIM_BRIDGE: Generating connections (brain-region framework)...
[2026-06-13 05:29:22][INFO] SIM_BRIDGE: inject_explicit_wiring: installed 3888625 synapses across 3 populations.
[2026-06-13 05:29:22][INFO] SIM_BRIDGE: Simulation data initialized for 2700 neurons (3D). Synapses: 3888625. GPU memory: 1.7GB/25.8GB (6.5%)
  [languages] M1 gen=0.981(3.9x) A2=True A3=True [GO] | M2 P(sim)=+0.793 2nd=+0.492 graded=1 [GO] | G5 collapses=True (perm 2nd=+0.011) | 120s, 3456100 syn
[2026-06-13 05:31:22][INFO] SIM_BRIDGE: CuPy using GPU: NVIDIA GeForce RTX 3090 (24.0 GB), mempool limit: 80%
[2026-06-13 05:31:22][INFO] SIM_BRIDGE: Initializing simulation data for model: IZHIKEVICH (3D)... (playback_init: False)
[2026-06-13 05:31:22][INFO] SIM_BRIDGE: Brain-region framework: 2 regions, 2700 total neurons, 3 pathways.
[2026-06-13 05:31:22][INFO] SIM_BRIDGE: RNG initialized with seed: 42
[2026-06-13 05:31:22][INFO] SIM_BRIDGE: Initializing Izhikevich model specifics for 2700 neurons...
[2026-06-13 05:31:22][INFO] SIM_BRIDGE: Applying parameter heterogeneity to neuron parameters...
[2026-06-13 05:31:22][INFO] SIM_BRIDGE: Applied heterogeneity to 4 parameters.
[2026-06-13 05:31:22][INFO] SIM_BRIDGE: Initializing OU process state (tau=15.0ms, sigma=0.0pA)...
[2026-06-13 05:31:22][INFO] SIM_BRIDGE: Generating 3D neuron positions for 2700 neurons...
[2026-06-13 05:31:22][INFO] SIM_BRIDGE: Generating connections (brain-region framework)...
[2026-06-13 05:31:25][INFO] SIM_BRIDGE: inject_explicit_wiring: installed 3888625 synapses across 3 populations.
[2026-06-13 05:31:25][INFO] SIM_BRIDGE: Simulation data initialized for 2700 neurons (3D). Synapses: 3888625. GPU memory: 1.7GB/25.8GB (6.5%)
[2026-06-13 05:33:20][INFO] SIM_BRIDGE: CuPy using GPU: NVIDIA GeForce RTX 3090 (24.0 GB), mempool limit: 80%
[2026-06-13 05:33:20][INFO] SIM_BRIDGE: Initializing simulation data for model: IZHIKEVICH (3D)... (playback_init: False)
[2026-06-13 05:33:20][INFO] SIM_BRIDGE: Brain-region framework: 2 regions, 2700 total neurons, 3 pathways.
[2026-06-13 05:33:20][INFO] SIM_BRIDGE: RNG initialized with seed: 42
[2026-06-13 05:33:20][INFO] SIM_BRIDGE: Initializing Izhikevich model specifics for 2700 neurons...
[2026-06-13 05:33:20][INFO] SIM_BRIDGE: Applying parameter heterogeneity to neuron parameters...
[2026-06-13 05:33:20][INFO] SIM_BRIDGE: Applied heterogeneity to 4 parameters.
[2026-06-13 05:33:20][INFO] SIM_BRIDGE: Initializing OU process state (tau=15.0ms, sigma=0.0pA)...
[2026-06-13 05:33:20][INFO] SIM_BRIDGE: Generating 3D neuron positions for 2700 neurons...
[2026-06-13 05:33:20][INFO] SIM_BRIDGE: Generating connections (brain-region framework)...
[2026-06-13 05:33:23][INFO] SIM_BRIDGE: inject_explicit_wiring: installed 3888625 synapses across 3 populations.
[2026-06-13 05:33:23][INFO] SIM_BRIDGE: Simulation data initialized for 2700 neurons (3D). Synapses: 3888625. GPU memory: 1.7GB/25.8GB (6.5%)
  [   dances] M1 gen=1.000(4.0x) A2=True A3=True [GO] | M2 P(sim)=+0.784 2nd=+0.498 graded=1 [GO] | G5 collapses=True (perm 2nd=+0.006) | 118s, 3456100 syn
[2026-06-13 05:35:21][INFO] SIM_BRIDGE: CuPy using GPU: NVIDIA GeForce RTX 3090 (24.0 GB), mempool limit: 80%
[2026-06-13 05:35:21][INFO] SIM_BRIDGE: Initializing simulation data for model: IZHIKEVICH (3D)... (playback_init: False)
[2026-06-13 05:35:21][INFO] SIM_BRIDGE: Brain-region framework: 2 regions, 2700 total neurons, 3 pathways.
[2026-06-13 05:35:21][INFO] SIM_BRIDGE: RNG initialized with seed: 42
[2026-06-13 05:35:21][INFO] SIM_BRIDGE: Initializing Izhikevich model specifics for 2700 neurons...
[2026-06-13 05:35:21][INFO] SIM_BRIDGE: Applying parameter heterogeneity to neuron parameters...
[2026-06-13 05:35:21][INFO] SIM_BRIDGE: Applied heterogeneity to 4 parameters.
[2026-06-13 05:35:21][INFO] SIM_BRIDGE: Initializing OU process state (tau=15.0ms, sigma=0.0pA)...
[2026-06-13 05:35:21][INFO] SIM_BRIDGE: Generating 3D neuron positions for 2700 neurons...
[2026-06-13 05:35:21][INFO] SIM_BRIDGE: Generating connections (brain-region framework)...
[2026-06-13 05:35:25][INFO] SIM_BRIDGE: inject_explicit_wiring: installed 3888625 synapses across 3 populations.
[2026-06-13 05:35:25][INFO] SIM_BRIDGE: Simulation data initialized for 2700 neurons (3D). Synapses: 3888625. GPU memory: 1.7GB/25.8GB (6.5%)
[2026-06-13 05:37:23][INFO] SIM_BRIDGE: CuPy using GPU: NVIDIA GeForce RTX 3090 (24.0 GB), mempool limit: 80%
[2026-06-13 05:37:23][INFO] SIM_BRIDGE: Initializing simulation data for model: IZHIKEVICH (3D)... (playback_init: False)
[2026-06-13 05:37:23][INFO] SIM_BRIDGE: Brain-region framework: 2 regions, 2700 total neurons, 3 pathways.
[2026-06-13 05:37:23][INFO] SIM_BRIDGE: RNG initialized with seed: 42
[2026-06-13 05:37:23][INFO] SIM_BRIDGE: Initializing Izhikevich model specifics for 2700 neurons...
[2026-06-13 05:37:23][INFO] SIM_BRIDGE: Applying parameter heterogeneity to neuron parameters...
[2026-06-13 05:37:23][INFO] SIM_BRIDGE: Applied heterogeneity to 4 parameters.
[2026-06-13 05:37:23][INFO] SIM_BRIDGE: Initializing OU process state (tau=15.0ms, sigma=0.0pA)...
[2026-06-13 05:37:23][INFO] SIM_BRIDGE: Generating 3D neuron positions for 2700 neurons...
[2026-06-13 05:37:23][INFO] SIM_BRIDGE: Generating connections (brain-region framework)...
[2026-06-13 05:37:26][INFO] SIM_BRIDGE: inject_explicit_wiring: installed 3888625 synapses across 3 populations.
[2026-06-13 05:37:27][INFO] SIM_BRIDGE: Simulation data initialized for 2700 neurons (3D). Synapses: 3888625. GPU memory: 1.7GB/25.8GB (6.5%)
  [vegetables] M1 gen=1.000(4.0x) A2=True A3=True [GO] | M2 P(sim)=+0.744 2nd=+0.489 graded=1 [GO] | G5 collapses=True (perm 2nd=+0.012) | 121s, 3456100 syn

  M6 -- random-shard anti-cheat (within-bridge generalization MUST collapse)
[2026-06-13 05:39:25][INFO] SIM_BRIDGE: CuPy using GPU: NVIDIA GeForce RTX 3090 (24.0 GB), mempool limit: 80%
[2026-06-13 05:39:25][INFO] SIM_BRIDGE: Initializing simulation data for model: IZHIKEVICH (3D)... (playback_init: False)
[2026-06-13 05:39:25][INFO] SIM_BRIDGE: Brain-region framework: 2 regions, 2700 total neurons, 3 pathways.
[2026-06-13 05:39:25][INFO] SIM_BRIDGE: RNG initialized with seed: 42
[2026-06-13 05:39:25][INFO] SIM_BRIDGE: Initializing Izhikevich model specifics for 2700 neurons...
[2026-06-13 05:39:25][INFO] SIM_BRIDGE: Applying parameter heterogeneity to neuron parameters...
[2026-06-13 05:39:25][INFO] SIM_BRIDGE: Applied heterogeneity to 4 parameters.
[2026-06-13 05:39:25][INFO] SIM_BRIDGE: Initializing OU process state (tau=15.0ms, sigma=0.0pA)...
[2026-06-13 05:39:25][INFO] SIM_BRIDGE: Generating 3D neuron positions for 2700 neurons...
[2026-06-13 05:39:25][INFO] SIM_BRIDGE: Generating connections (brain-region framework)...
[2026-06-13 05:39:29][INFO] SIM_BRIDGE: inject_explicit_wiring: installed 3888625 synapses across 3 populations.
[2026-06-13 05:39:29][INFO] SIM_BRIDGE: Simulation data initialized for 2700 neurons (3D). Synapses: 3888625. GPU memory: 1.7GB/25.8GB (6.5%)
    random-shard gen=0.350 (chance 0.250) collapses=True

  [authored 96 cross-bridge facts] e.g. [('materials.c4_m4', 'plants.c7_m6'), ('dances.c7_m4', 'gems.c0_m2'), ('buildings.c3_m2', 'tools.c5_m4')]

  ----------------------------------------------------------------------------------------
  M3/M7 -- cross-bridge composition (V-tag layer over the graded `pool` regions)
  ----------------------------------------------------------------------------------------
[2026-06-13 05:39:30][INFO] SIM_BRIDGE: CuPy using GPU: NVIDIA GeForce RTX 3090 (24.0 GB), mempool limit: 80%
[2026-06-13 05:39:30][INFO] SIM_BRIDGE: Initializing simulation data for model: IZHIKEVICH (3D)... (playback_init: False)
[2026-06-13 05:39:30][INFO] SIM_BRIDGE: Brain-region framework: 2 regions, 2700 total neurons, 3 pathways.
[2026-06-13 05:39:30][INFO] SIM_BRIDGE: RNG initialized with seed: 42
[2026-06-13 05:39:30][INFO] SIM_BRIDGE: Initializing Izhikevich model specifics for 2700 neurons...
[2026-06-13 05:39:30][INFO] SIM_BRIDGE: Applying parameter heterogeneity to neuron parameters...
[2026-06-13 05:39:30][INFO] SIM_BRIDGE: Applied heterogeneity to 4 parameters.
[2026-06-13 05:39:30][INFO] SIM_BRIDGE: Initializing OU process state (tau=15.0ms, sigma=0.0pA)...
[2026-06-13 05:39:30][INFO] SIM_BRIDGE: Generating 3D neuron positions for 2700 neurons...
[2026-06-13 05:39:30][INFO] SIM_BRIDGE: Generating connections (brain-region framework)...
[2026-06-13 05:39:33][INFO] SIM_BRIDGE: inject_explicit_wiring: installed 3888625 synapses across 3 populations.
[2026-06-13 05:39:33][INFO] SIM_BRIDGE: Simulation data initialized for 2700 neurons (3D). Synapses: 3888625. GPU memory: 1.7GB/25.8GB (6.5%)
    [built+trained   animals graded bridge: 2700 neurons]
[2026-06-13 05:41:29][INFO] SIM_BRIDGE: CuPy using GPU: NVIDIA GeForce RTX 3090 (24.0 GB), mempool limit: 80%
[2026-06-13 05:41:29][INFO] SIM_BRIDGE: Initializing simulation data for model: IZHIKEVICH (3D)... (playback_init: False)
[2026-06-13 05:41:29][INFO] SIM_BRIDGE: Brain-region framework: 2 regions, 2700 total neurons, 3 pathways.
[2026-06-13 05:41:29][INFO] SIM_BRIDGE: RNG initialized with seed: 42
[2026-06-13 05:41:29][INFO] SIM_BRIDGE: Initializing Izhikevich model specifics for 2700 neurons...
[2026-06-13 05:41:29][INFO] SIM_BRIDGE: Applying parameter heterogeneity to neuron parameters...
[2026-06-13 05:41:29][INFO] SIM_BRIDGE: Applied heterogeneity to 4 parameters.
[2026-06-13 05:41:29][INFO] SIM_BRIDGE: Initializing OU process state (tau=15.0ms, sigma=0.0pA)...
[2026-06-13 05:41:29][INFO] SIM_BRIDGE: Generating 3D neuron positions for 2700 neurons...
[2026-06-13 05:41:29][INFO] SIM_BRIDGE: Generating connections (brain-region framework)...
[2026-06-13 05:41:33][INFO] SIM_BRIDGE: inject_explicit_wiring: installed 3888625 synapses across 3 populations.
[2026-06-13 05:41:33][INFO] SIM_BRIDGE: Simulation data initialized for 2700 neurons (3D). Synapses: 3888625. GPU memory: 1.8GB/25.8GB (7.2%)
    [built+trained     foods graded bridge: 2700 neurons]
[2026-06-13 05:43:29][INFO] SIM_BRIDGE: CuPy using GPU: NVIDIA GeForce RTX 3090 (24.0 GB), mempool limit: 80%
[2026-06-13 05:43:29][INFO] SIM_BRIDGE: Initializing simulation data for model: IZHIKEVICH (3D)... (playback_init: False)
[2026-06-13 05:43:29][INFO] SIM_BRIDGE: Brain-region framework: 2 regions, 2700 total neurons, 3 pathways.
[2026-06-13 05:43:29][INFO] SIM_BRIDGE: RNG initialized with seed: 42
[2026-06-13 05:43:29][INFO] SIM_BRIDGE: Initializing Izhikevich model specifics for 2700 neurons...
[2026-06-13 05:43:29][INFO] SIM_BRIDGE: Applying parameter heterogeneity to neuron parameters...
[2026-06-13 05:43:29][INFO] SIM_BRIDGE: Applied heterogeneity to 4 parameters.
[2026-06-13 05:43:29][INFO] SIM_BRIDGE: Initializing OU process state (tau=15.0ms, sigma=0.0pA)...
[2026-06-13 05:43:29][INFO] SIM_BRIDGE: Generating 3D neuron positions for 2700 neurons...
[2026-06-13 05:43:29][INFO] SIM_BRIDGE: Generating connections (brain-region framework)...
[2026-06-13 05:43:33][INFO] SIM_BRIDGE: inject_explicit_wiring: installed 3888625 synapses across 3 populations.
[2026-06-13 05:43:33][INFO] SIM_BRIDGE: Simulation data initialized for 2700 neurons (3D). Synapses: 3888625. GPU memory: 2.1GB/25.8GB (8.1%)
    [built+trained  vehicles graded bridge: 2700 neurons]
[2026-06-13 05:45:30][INFO] SIM_BRIDGE: CuPy using GPU: NVIDIA GeForce RTX 3090 (24.0 GB), mempool limit: 80%
[2026-06-13 05:45:30][INFO] SIM_BRIDGE: Initializing simulation data for model: IZHIKEVICH (3D)... (playback_init: False)
[2026-06-13 05:45:30][INFO] SIM_BRIDGE: Brain-region framework: 2 regions, 2700 total neurons, 3 pathways.
[2026-06-13 05:45:30][INFO] SIM_BRIDGE: RNG initialized with seed: 42
[2026-06-13 05:45:30][INFO] SIM_BRIDGE: Initializing Izhikevich model specifics for 2700 neurons...
[2026-06-13 05:45:30][INFO] SIM_BRIDGE: Applying parameter heterogeneity to neuron parameters...
[2026-06-13 05:45:30][INFO] SIM_BRIDGE: Applied heterogeneity to 4 parameters.
[2026-06-13 05:45:30][INFO] SIM_BRIDGE: Initializing OU process state (tau=15.0ms, sigma=0.0pA)...
[2026-06-13 05:45:30][INFO] SIM_BRIDGE: Generating 3D neuron positions for 2700 neurons...
[2026-06-13 05:45:30][INFO] SIM_BRIDGE: Generating connections (brain-region framework)...
[2026-06-13 05:45:34][INFO] SIM_BRIDGE: inject_explicit_wiring: installed 3888625 synapses across 3 populations.
[2026-06-13 05:45:34][INFO] SIM_BRIDGE: Simulation data initialized for 2700 neurons (3D). Synapses: 3888625. GPU memory: 2.3GB/25.8GB (8.9%)
    [built+trained     tools graded bridge: 2700 neurons]
[2026-06-13 05:47:30][INFO] SIM_BRIDGE: CuPy using GPU: NVIDIA GeForce RTX 3090 (24.0 GB), mempool limit: 80%
[2026-06-13 05:47:30][INFO] SIM_BRIDGE: Initializing simulation data for model: IZHIKEVICH (3D)... (playback_init: False)
[2026-06-13 05:47:30][INFO] SIM_BRIDGE: Brain-region framework: 2 regions, 2700 total neurons, 3 pathways.
[2026-06-13 05:47:30][INFO] SIM_BRIDGE: RNG initialized with seed: 42
[2026-06-13 05:47:30][INFO] SIM_BRIDGE: Initializing Izhikevich model specifics for 2700 neurons...
[2026-06-13 05:47:30][INFO] SIM_BRIDGE: Applying parameter heterogeneity to neuron parameters...
[2026-06-13 05:47:30][INFO] SIM_BRIDGE: Applied heterogeneity to 4 parameters.
[2026-06-13 05:47:30][INFO] SIM_BRIDGE: Initializing OU process state (tau=15.0ms, sigma=0.0pA)...
[2026-06-13 05:47:30][INFO] SIM_BRIDGE: Generating 3D neuron positions for 2700 neurons...
[2026-06-13 05:47:30][INFO] SIM_BRIDGE: Generating connections (brain-region framework)...
[2026-06-13 05:47:34][INFO] SIM_BRIDGE: inject_explicit_wiring: installed 3888625 synapses across 3 populations.
[2026-06-13 05:47:34][INFO] SIM_BRIDGE: Simulation data initialized for 2700 neurons (3D). Synapses: 3888625. GPU memory: 2.5GB/25.8GB (9.8%)
    [built+trained   clothes graded bridge: 2700 neurons]
[2026-06-13 05:49:32][INFO] SIM_BRIDGE: CuPy using GPU: NVIDIA GeForce RTX 3090 (24.0 GB), mempool limit: 80%
[2026-06-13 05:49:32][INFO] SIM_BRIDGE: Initializing simulation data for model: IZHIKEVICH (3D)... (playback_init: False)
[2026-06-13 05:49:32][INFO] SIM_BRIDGE: Brain-region framework: 2 regions, 2700 total neurons, 3 pathways.
[2026-06-13 05:49:32][INFO] SIM_BRIDGE: RNG initialized with seed: 42
[2026-06-13 05:49:32][INFO] SIM_BRIDGE: Initializing Izhikevich model specifics for 2700 neurons...
[2026-06-13 05:49:32][INFO] SIM_BRIDGE: Applying parameter heterogeneity to neuron parameters...
[2026-06-13 05:49:32][INFO] SIM_BRIDGE: Applied heterogeneity to 4 parameters.
[2026-06-13 05:49:32][INFO] SIM_BRIDGE: Initializing OU process state (tau=15.0ms, sigma=0.0pA)...
[2026-06-13 05:49:32][INFO] SIM_BRIDGE: Generating 3D neuron positions for 2700 neurons...
[2026-06-13 05:49:32][INFO] SIM_BRIDGE: Generating connections (brain-region framework)...
[2026-06-13 05:49:36][INFO] SIM_BRIDGE: inject_explicit_wiring: installed 3888625 synapses across 3 populations.
[2026-06-13 05:49:36][INFO] SIM_BRIDGE: Simulation data initialized for 2700 neurons (3D). Synapses: 3888625. GPU memory: 2.7GB/25.8GB (10.6%)
    [built+trained furniture graded bridge: 2700 neurons]
[2026-06-13 05:51:34][INFO] SIM_BRIDGE: CuPy using GPU: NVIDIA GeForce RTX 3090 (24.0 GB), mempool limit: 80%
[2026-06-13 05:51:34][INFO] SIM_BRIDGE: Initializing simulation data for model: IZHIKEVICH (3D)... (playback_init: False)
[2026-06-13 05:51:34][INFO] SIM_BRIDGE: Brain-region framework: 2 regions, 2700 total neurons, 3 pathways.
[2026-06-13 05:51:34][INFO] SIM_BRIDGE: RNG initialized with seed: 42
[2026-06-13 05:51:34][INFO] SIM_BRIDGE: Initializing Izhikevich model specifics for 2700 neurons...
[2026-06-13 05:51:34][INFO] SIM_BRIDGE: Applying parameter heterogeneity to neuron parameters...
[2026-06-13 05:51:34][INFO] SIM_BRIDGE: Applied heterogeneity to 4 parameters.
[2026-06-13 05:51:34][INFO] SIM_BRIDGE: Initializing OU process state (tau=15.0ms, sigma=0.0pA)...
[2026-06-13 05:51:34][INFO] SIM_BRIDGE: Generating 3D neuron positions for 2700 neurons...
[2026-06-13 05:51:34][INFO] SIM_BRIDGE: Generating connections (brain-region framework)...
[2026-06-13 05:51:38][INFO] SIM_BRIDGE: inject_explicit_wiring: installed 3888625 synapses across 3 populations.
[2026-06-13 05:51:38][INFO] SIM_BRIDGE: Simulation data initialized for 2700 neurons (3D). Synapses: 3888625. GPU memory: 3.0GB/25.8GB (11.5%)
    [built+trained    plants graded bridge: 2700 neurons]
[2026-06-13 05:53:40][INFO] SIM_BRIDGE: CuPy using GPU: NVIDIA GeForce RTX 3090 (24.0 GB), mempool limit: 80%
[2026-06-13 05:53:40][INFO] SIM_BRIDGE: Initializing simulation data for model: IZHIKEVICH (3D)... (playback_init: False)
[2026-06-13 05:53:40][INFO] SIM_BRIDGE: Brain-region framework: 2 regions, 2700 total neurons, 3 pathways.
[2026-06-13 05:53:40][INFO] SIM_BRIDGE: RNG initialized with seed: 42
[2026-06-13 05:53:40][INFO] SIM_BRIDGE: Initializing Izhikevich model specifics for 2700 neurons...
[2026-06-13 05:53:40][INFO] SIM_BRIDGE: Applying parameter heterogeneity to neuron parameters...
[2026-06-13 05:53:40][INFO] SIM_BRIDGE: Applied heterogeneity to 4 parameters.
[2026-06-13 05:53:40][INFO] SIM_BRIDGE: Initializing OU process state (tau=15.0ms, sigma=0.0pA)...
[2026-06-13 05:53:40][INFO] SIM_BRIDGE: Generating 3D neuron positions for 2700 neurons...
[2026-06-13 05:53:40][INFO] SIM_BRIDGE: Generating connections (brain-region framework)...
[2026-06-13 05:53:44][INFO] SIM_BRIDGE: inject_explicit_wiring: installed 3888625 synapses across 3 populations.
[2026-06-13 05:53:44][INFO] SIM_BRIDGE: Simulation data initialized for 2700 neurons (3D). Synapses: 3888625. GPU memory: 3.2GB/25.8GB (12.3%)
    [built+trained   weather graded bridge: 2700 neurons]
[2026-06-13 05:55:40][INFO] SIM_BRIDGE: CuPy using GPU: NVIDIA GeForce RTX 3090 (24.0 GB), mempool limit: 80%
[2026-06-13 05:55:40][INFO] SIM_BRIDGE: Initializing simulation data for model: IZHIKEVICH (3D)... (playback_init: False)
[2026-06-13 05:55:40][INFO] SIM_BRIDGE: Brain-region framework: 2 regions, 2700 total neurons, 3 pathways.
[2026-06-13 05:55:40][INFO] SIM_BRIDGE: RNG initialized with seed: 42
[2026-06-13 05:55:40][INFO] SIM_BRIDGE: Initializing Izhikevich model specifics for 2700 neurons...
[2026-06-13 05:55:40][INFO] SIM_BRIDGE: Applying parameter heterogeneity to neuron parameters...
[2026-06-13 05:55:40][INFO] SIM_BRIDGE: Applied heterogeneity to 4 parameters.
[2026-06-13 05:55:40][INFO] SIM_BRIDGE: Initializing OU process state (tau=15.0ms, sigma=0.0pA)...
[2026-06-13 05:55:40][INFO] SIM_BRIDGE: Generating 3D neuron positions for 2700 neurons...
[2026-06-13 05:55:40][INFO] SIM_BRIDGE: Generating connections (brain-region framework)...
[2026-06-13 05:55:44][INFO] SIM_BRIDGE: inject_explicit_wiring: installed 3888625 synapses across 3 populations.
[2026-06-13 05:55:44][INFO] SIM_BRIDGE: Simulation data initialized for 2700 neurons (3D). Synapses: 3888625. GPU memory: 3.4GB/25.8GB (13.2%)
    [built+trained body_parts graded bridge: 2700 neurons]
[2026-06-13 05:57:39][INFO] SIM_BRIDGE: CuPy using GPU: NVIDIA GeForce RTX 3090 (24.0 GB), mempool limit: 80%
[2026-06-13 05:57:39][INFO] SIM_BRIDGE: Initializing simulation data for model: IZHIKEVICH (3D)... (playback_init: False)
[2026-06-13 05:57:39][INFO] SIM_BRIDGE: Brain-region framework: 2 regions, 2700 total neurons, 3 pathways.
[2026-06-13 05:57:39][INFO] SIM_BRIDGE: RNG initialized with seed: 42
[2026-06-13 05:57:39][INFO] SIM_BRIDGE: Initializing Izhikevich model specifics for 2700 neurons...
[2026-06-13 05:57:39][INFO] SIM_BRIDGE: Applying parameter heterogeneity to neuron parameters...
[2026-06-13 05:57:39][INFO] SIM_BRIDGE: Applied heterogeneity to 4 parameters.
[2026-06-13 05:57:39][INFO] SIM_BRIDGE: Initializing OU process state (tau=15.0ms, sigma=0.0pA)...
[2026-06-13 05:57:39][INFO] SIM_BRIDGE: Generating 3D neuron positions for 2700 neurons...
[2026-06-13 05:57:39][INFO] SIM_BRIDGE: Generating connections (brain-region framework)...
[2026-06-13 05:57:42][INFO] SIM_BRIDGE: inject_explicit_wiring: installed 3888625 synapses across 3 populations.
[2026-06-13 05:57:42][INFO] SIM_BRIDGE: Simulation data initialized for 2700 neurons (3D). Synapses: 3888625. GPU memory: 3.6GB/25.8GB (14.1%)
    [built+trained    colors graded bridge: 2700 neurons]
[2026-06-13 05:59:39][INFO] SIM_BRIDGE: CuPy using GPU: NVIDIA GeForce RTX 3090 (24.0 GB), mempool limit: 80%
[2026-06-13 05:59:39][INFO] SIM_BRIDGE: Initializing simulation data for model: IZHIKEVICH (3D)... (playback_init: False)
[2026-06-13 05:59:39][INFO] SIM_BRIDGE: Brain-region framework: 2 regions, 2700 total neurons, 3 pathways.
[2026-06-13 05:59:39][INFO] SIM_BRIDGE: RNG initialized with seed: 42
[2026-06-13 05:59:39][INFO] SIM_BRIDGE: Initializing Izhikevich model specifics for 2700 neurons...
[2026-06-13 05:59:39][INFO] SIM_BRIDGE: Applying parameter heterogeneity to neuron parameters...
[2026-06-13 05:59:39][INFO] SIM_BRIDGE: Applied heterogeneity to 4 parameters.
[2026-06-13 05:59:39][INFO] SIM_BRIDGE: Initializing OU process state (tau=15.0ms, sigma=0.0pA)...
[2026-06-13 05:59:39][INFO] SIM_BRIDGE: Generating 3D neuron positions for 2700 neurons...
[2026-06-13 05:59:39][INFO] SIM_BRIDGE: Generating connections (brain-region framework)...
[2026-06-13 05:59:43][INFO] SIM_BRIDGE: inject_explicit_wiring: installed 3888625 synapses across 3 populations.
[2026-06-13 05:59:43][INFO] SIM_BRIDGE: Simulation data initialized for 2700 neurons (3D). Synapses: 3888625. GPU memory: 3.8GB/25.8GB (14.9%)
    [built+trained  emotions graded bridge: 2700 neurons]
[2026-06-13 06:01:42][INFO] SIM_BRIDGE: CuPy using GPU: NVIDIA GeForce RTX 3090 (24.0 GB), mempool limit: 80%
[2026-06-13 06:01:42][INFO] SIM_BRIDGE: Initializing simulation data for model: IZHIKEVICH (3D)... (playback_init: False)
[2026-06-13 06:01:42][INFO] SIM_BRIDGE: Brain-region framework: 2 regions, 2700 total neurons, 3 pathways.
[2026-06-13 06:01:42][INFO] SIM_BRIDGE: RNG initialized with seed: 42
[2026-06-13 06:01:42][INFO] SIM_BRIDGE: Initializing Izhikevich model specifics for 2700 neurons...
[2026-06-13 06:01:42][INFO] SIM_BRIDGE: Applying parameter heterogeneity to neuron parameters...
[2026-06-13 06:01:42][INFO] SIM_BRIDGE: Applied heterogeneity to 4 parameters.
[2026-06-13 06:01:42][INFO] SIM_BRIDGE: Initializing OU process state (tau=15.0ms, sigma=0.0pA)...
[2026-06-13 06:01:42][INFO] SIM_BRIDGE: Generating 3D neuron positions for 2700 neurons...
[2026-06-13 06:01:42][INFO] SIM_BRIDGE: Generating connections (brain-region framework)...
[2026-06-13 06:01:46][INFO] SIM_BRIDGE: inject_explicit_wiring: installed 3888625 synapses across 3 populations.
[2026-06-13 06:01:46][INFO] SIM_BRIDGE: Simulation data initialized for 2700 neurons (3D). Synapses: 3888625. GPU memory: 4.1GB/25.8GB (15.8%)
    [built+trained      jobs graded bridge: 2700 neurons]
[2026-06-13 06:03:45][INFO] SIM_BRIDGE: CuPy using GPU: NVIDIA GeForce RTX 3090 (24.0 GB), mempool limit: 80%
[2026-06-13 06:03:45][INFO] SIM_BRIDGE: Initializing simulation data for model: IZHIKEVICH (3D)... (playback_init: False)
[2026-06-13 06:03:45][INFO] SIM_BRIDGE: Brain-region framework: 2 regions, 2700 total neurons, 3 pathways.
[2026-06-13 06:03:45][INFO] SIM_BRIDGE: RNG initialized with seed: 42
[2026-06-13 06:03:45][INFO] SIM_BRIDGE: Initializing Izhikevich model specifics for 2700 neurons...
[2026-06-13 06:03:45][INFO] SIM_BRIDGE: Applying parameter heterogeneity to neuron parameters...
[2026-06-13 06:03:45][INFO] SIM_BRIDGE: Applied heterogeneity to 4 parameters.
[2026-06-13 06:03:45][INFO] SIM_BRIDGE: Initializing OU process state (tau=15.0ms, sigma=0.0pA)...
[2026-06-13 06:03:45][INFO] SIM_BRIDGE: Generating 3D neuron positions for 2700 neurons...
[2026-06-13 06:03:45][INFO] SIM_BRIDGE: Generating connections (brain-region framework)...
[2026-06-13 06:03:49][INFO] SIM_BRIDGE: inject_explicit_wiring: installed 3888625 synapses across 3 populations.
[2026-06-13 06:03:49][INFO] SIM_BRIDGE: Simulation data initialized for 2700 neurons (3D). Synapses: 3888625. GPU memory: 4.3GB/25.8GB (16.6%)
    [built+trained    sports graded bridge: 2700 neurons]
[2026-06-13 06:05:46][INFO] SIM_BRIDGE: CuPy using GPU: NVIDIA GeForce RTX 3090 (24.0 GB), mempool limit: 80%
[2026-06-13 06:05:46][INFO] SIM_BRIDGE: Initializing simulation data for model: IZHIKEVICH (3D)... (playback_init: False)
[2026-06-13 06:05:46][INFO] SIM_BRIDGE: Brain-region framework: 2 regions, 2700 total neurons, 3 pathways.
[2026-06-13 06:05:46][INFO] SIM_BRIDGE: RNG initialized with seed: 42
[2026-06-13 06:05:46][INFO] SIM_BRIDGE: Initializing Izhikevich model specifics for 2700 neurons...
[2026-06-13 06:05:46][INFO] SIM_BRIDGE: Applying parameter heterogeneity to neuron parameters...
[2026-06-13 06:05:46][INFO] SIM_BRIDGE: Applied heterogeneity to 4 parameters.
[2026-06-13 06:05:46][INFO] SIM_BRIDGE: Initializing OU process state (tau=15.0ms, sigma=0.0pA)...
[2026-06-13 06:05:46][INFO] SIM_BRIDGE: Generating 3D neuron positions for 2700 neurons...
[2026-06-13 06:05:46][INFO] SIM_BRIDGE: Generating connections (brain-region framework)...
[2026-06-13 06:05:50][INFO] SIM_BRIDGE: inject_explicit_wiring: installed 3888625 synapses across 3 populations.
[2026-06-13 06:05:50][INFO] SIM_BRIDGE: Simulation data initialized for 2700 neurons (3D). Synapses: 3888625. GPU memory: 4.5GB/25.8GB (17.5%)
    [built+trained instruments graded bridge: 2700 neurons]
[2026-06-13 06:07:49][INFO] SIM_BRIDGE: CuPy using GPU: NVIDIA GeForce RTX 3090 (24.0 GB), mempool limit: 80%
[2026-06-13 06:07:49][INFO] SIM_BRIDGE: Initializing simulation data for model: IZHIKEVICH (3D)... (playback_init: False)
[2026-06-13 06:07:49][INFO] SIM_BRIDGE: Brain-region framework: 2 regions, 2700 total neurons, 3 pathways.
[2026-06-13 06:07:49][INFO] SIM_BRIDGE: RNG initialized with seed: 42
[2026-06-13 06:07:49][INFO] SIM_BRIDGE: Initializing Izhikevich model specifics for 2700 neurons...
[2026-06-13 06:07:49][INFO] SIM_BRIDGE: Applying parameter heterogeneity to neuron parameters...
[2026-06-13 06:07:49][INFO] SIM_BRIDGE: Applied heterogeneity to 4 parameters.
[2026-06-13 06:07:49][INFO] SIM_BRIDGE: Initializing OU process state (tau=15.0ms, sigma=0.0pA)...
[2026-06-13 06:07:49][INFO] SIM_BRIDGE: Generating 3D neuron positions for 2700 neurons...
[2026-06-13 06:07:49][INFO] SIM_BRIDGE: Generating connections (brain-region framework)...
[2026-06-13 06:07:53][INFO] SIM_BRIDGE: inject_explicit_wiring: installed 3888625 synapses across 3 populations.
[2026-06-13 06:07:53][INFO] SIM_BRIDGE: Simulation data initialized for 2700 neurons (3D). Synapses: 3888625. GPU memory: 4.7GB/25.8GB (18.3%)
    [built+trained buildings graded bridge: 2700 neurons]
[2026-06-13 06:09:51][INFO] SIM_BRIDGE: CuPy using GPU: NVIDIA GeForce RTX 3090 (24.0 GB), mempool limit: 80%
[2026-06-13 06:09:51][INFO] SIM_BRIDGE: Initializing simulation data for model: IZHIKEVICH (3D)... (playback_init: False)
[2026-06-13 06:09:51][INFO] SIM_BRIDGE: Brain-region framework: 2 regions, 2700 total neurons, 3 pathways.
[2026-06-13 06:09:51][INFO] SIM_BRIDGE: RNG initialized with seed: 42
[2026-06-13 06:09:51][INFO] SIM_BRIDGE: Initializing Izhikevich model specifics for 2700 neurons...
[2026-06-13 06:09:51][INFO] SIM_BRIDGE: Applying parameter heterogeneity to neuron parameters...
[2026-06-13 06:09:51][INFO] SIM_BRIDGE: Applied heterogeneity to 4 parameters.
[2026-06-13 06:09:51][INFO] SIM_BRIDGE: Initializing OU process state (tau=15.0ms, sigma=0.0pA)...
[2026-06-13 06:09:51][INFO] SIM_BRIDGE: Generating 3D neuron positions for 2700 neurons...
[2026-06-13 06:09:51][INFO] SIM_BRIDGE: Generating connections (brain-region framework)...
[2026-06-13 06:09:55][INFO] SIM_BRIDGE: inject_explicit_wiring: installed 3888625 synapses across 3 populations.
[2026-06-13 06:09:55][INFO] SIM_BRIDGE: Simulation data initialized for 2700 neurons (3D). Synapses: 3888625. GPU memory: 4.9GB/25.8GB (19.2%)
    [built+trained countries graded bridge: 2700 neurons]
[2026-06-13 06:11:54][INFO] SIM_BRIDGE: CuPy using GPU: NVIDIA GeForce RTX 3090 (24.0 GB), mempool limit: 80%
[2026-06-13 06:11:54][INFO] SIM_BRIDGE: Initializing simulation data for model: IZHIKEVICH (3D)... (playback_init: False)
[2026-06-13 06:11:54][INFO] SIM_BRIDGE: Brain-region framework: 2 regions, 2700 total neurons, 3 pathways.
[2026-06-13 06:11:54][INFO] SIM_BRIDGE: RNG initialized with seed: 42
[2026-06-13 06:11:54][INFO] SIM_BRIDGE: Initializing Izhikevich model specifics for 2700 neurons...
[2026-06-13 06:11:54][INFO] SIM_BRIDGE: Applying parameter heterogeneity to neuron parameters...
[2026-06-13 06:11:54][INFO] SIM_BRIDGE: Applied heterogeneity to 4 parameters.
[2026-06-13 06:11:54][INFO] SIM_BRIDGE: Initializing OU process state (tau=15.0ms, sigma=0.0pA)...
[2026-06-13 06:11:54][INFO] SIM_BRIDGE: Generating 3D neuron positions for 2700 neurons...
[2026-06-13 06:11:54][INFO] SIM_BRIDGE: Generating connections (brain-region framework)...
[2026-06-13 06:11:57][INFO] SIM_BRIDGE: inject_explicit_wiring: installed 3888625 synapses across 3 populations.
[2026-06-13 06:11:57][INFO] SIM_BRIDGE: Simulation data initialized for 2700 neurons (3D). Synapses: 3888625. GPU memory: 5.2GB/25.8GB (20.0%)
    [built+trained    drinks graded bridge: 2700 neurons]
[2026-06-13 06:13:57][INFO] SIM_BRIDGE: CuPy using GPU: NVIDIA GeForce RTX 3090 (24.0 GB), mempool limit: 80%
[2026-06-13 06:13:57][INFO] SIM_BRIDGE: Initializing simulation data for model: IZHIKEVICH (3D)... (playback_init: False)
[2026-06-13 06:13:57][INFO] SIM_BRIDGE: Brain-region framework: 2 regions, 2700 total neurons, 3 pathways.
[2026-06-13 06:13:57][INFO] SIM_BRIDGE: RNG initialized with seed: 42
[2026-06-13 06:13:57][INFO] SIM_BRIDGE: Initializing Izhikevich model specifics for 2700 neurons...
[2026-06-13 06:13:57][INFO] SIM_BRIDGE: Applying parameter heterogeneity to neuron parameters...
[2026-06-13 06:13:57][INFO] SIM_BRIDGE: Applied heterogeneity to 4 parameters.
[2026-06-13 06:13:57][INFO] SIM_BRIDGE: Initializing OU process state (tau=15.0ms, sigma=0.0pA)...
[2026-06-13 06:13:57][INFO] SIM_BRIDGE: Generating 3D neuron positions for 2700 neurons...
[2026-06-13 06:13:57][INFO] SIM_BRIDGE: Generating connections (brain-region framework)...
[2026-06-13 06:14:01][INFO] SIM_BRIDGE: inject_explicit_wiring: installed 3888625 synapses across 3 populations.
[2026-06-13 06:14:01][INFO] SIM_BRIDGE: Simulation data initialized for 2700 neurons (3D). Synapses: 3888625. GPU memory: 5.4GB/25.8GB (20.9%)
    [built+trained    fruits graded bridge: 2700 neurons]
[2026-06-13 06:15:57][INFO] SIM_BRIDGE: CuPy using GPU: NVIDIA GeForce RTX 3090 (24.0 GB), mempool limit: 80%
[2026-06-13 06:15:57][INFO] SIM_BRIDGE: Initializing simulation data for model: IZHIKEVICH (3D)... (playback_init: False)
[2026-06-13 06:15:57][INFO] SIM_BRIDGE: Brain-region framework: 2 regions, 2700 total neurons, 3 pathways.
[2026-06-13 06:15:57][INFO] SIM_BRIDGE: RNG initialized with seed: 42
[2026-06-13 06:15:57][INFO] SIM_BRIDGE: Initializing Izhikevich model specifics for 2700 neurons...
[2026-06-13 06:15:57][INFO] SIM_BRIDGE: Applying parameter heterogeneity to neuron parameters...
[2026-06-13 06:15:57][INFO] SIM_BRIDGE: Applied heterogeneity to 4 parameters.
[2026-06-13 06:15:57][INFO] SIM_BRIDGE: Initializing OU process state (tau=15.0ms, sigma=0.0pA)...
[2026-06-13 06:15:57][INFO] SIM_BRIDGE: Generating 3D neuron positions for 2700 neurons...
[2026-06-13 06:15:57][INFO] SIM_BRIDGE: Generating connections (brain-region framework)...
[2026-06-13 06:16:01][INFO] SIM_BRIDGE: inject_explicit_wiring: installed 3888625 synapses across 3 populations.
[2026-06-13 06:16:01][INFO] SIM_BRIDGE: Simulation data initialized for 2700 neurons (3D). Synapses: 3888625. GPU memory: 5.6GB/25.8GB (21.7%)
    [built+trained    metals graded bridge: 2700 neurons]
[2026-06-13 06:17:58][INFO] SIM_BRIDGE: CuPy using GPU: NVIDIA GeForce RTX 3090 (24.0 GB), mempool limit: 80%
[2026-06-13 06:17:58][INFO] SIM_BRIDGE: Initializing simulation data for model: IZHIKEVICH (3D)... (playback_init: False)
[2026-06-13 06:17:58][INFO] SIM_BRIDGE: Brain-region framework: 2 regions, 2700 total neurons, 3 pathways.
[2026-06-13 06:17:58][INFO] SIM_BRIDGE: RNG initialized with seed: 42
[2026-06-13 06:17:58][INFO] SIM_BRIDGE: Initializing Izhikevich model specifics for 2700 neurons...
[2026-06-13 06:17:58][INFO] SIM_BRIDGE: Applying parameter heterogeneity to neuron parameters...
[2026-06-13 06:17:58][INFO] SIM_BRIDGE: Applied heterogeneity to 4 parameters.
[2026-06-13 06:17:58][INFO] SIM_BRIDGE: Initializing OU process state (tau=15.0ms, sigma=0.0pA)...
[2026-06-13 06:17:58][INFO] SIM_BRIDGE: Generating 3D neuron positions for 2700 neurons...
[2026-06-13 06:17:58][INFO] SIM_BRIDGE: Generating connections (brain-region framework)...
[2026-06-13 06:18:02][INFO] SIM_BRIDGE: inject_explicit_wiring: installed 3888625 synapses across 3 populations.
[2026-06-13 06:18:02][INFO] SIM_BRIDGE: Simulation data initialized for 2700 neurons (3D). Synapses: 3888625. GPU memory: 5.8GB/25.8GB (22.6%)
    [built+trained   insects graded bridge: 2700 neurons]
[2026-06-13 06:20:00][INFO] SIM_BRIDGE: CuPy using GPU: NVIDIA GeForce RTX 3090 (24.0 GB), mempool limit: 80%
[2026-06-13 06:20:00][INFO] SIM_BRIDGE: Initializing simulation data for model: IZHIKEVICH (3D)... (playback_init: False)
[2026-06-13 06:20:00][INFO] SIM_BRIDGE: Brain-region framework: 2 regions, 2700 total neurons, 3 pathways.
[2026-06-13 06:20:00][INFO] SIM_BRIDGE: RNG initialized with seed: 42
[2026-06-13 06:20:00][INFO] SIM_BRIDGE: Initializing Izhikevich model specifics for 2700 neurons...
[2026-06-13 06:20:00][INFO] SIM_BRIDGE: Applying parameter heterogeneity to neuron parameters...
[2026-06-13 06:20:00][INFO] SIM_BRIDGE: Applied heterogeneity to 4 parameters.
[2026-06-13 06:20:00][INFO] SIM_BRIDGE: Initializing OU process state (tau=15.0ms, sigma=0.0pA)...
[2026-06-13 06:20:00][INFO] SIM_BRIDGE: Generating 3D neuron positions for 2700 neurons...
[2026-06-13 06:20:00][INFO] SIM_BRIDGE: Generating connections (brain-region framework)...
[2026-06-13 06:20:04][INFO] SIM_BRIDGE: inject_explicit_wiring: installed 3888625 synapses across 3 populations.
[2026-06-13 06:20:04][INFO] SIM_BRIDGE: Simulation data initialized for 2700 neurons (3D). Synapses: 3888625. GPU memory: 6.0GB/25.8GB (23.5%)
    [built+trained     birds graded bridge: 2700 neurons]
[2026-06-13 06:22:02][INFO] SIM_BRIDGE: CuPy using GPU: NVIDIA GeForce RTX 3090 (24.0 GB), mempool limit: 80%
[2026-06-13 06:22:02][INFO] SIM_BRIDGE: Initializing simulation data for model: IZHIKEVICH (3D)... (playback_init: False)
[2026-06-13 06:22:02][INFO] SIM_BRIDGE: Brain-region framework: 2 regions, 2700 total neurons, 3 pathways.
[2026-06-13 06:22:02][INFO] SIM_BRIDGE: RNG initialized with seed: 42
[2026-06-13 06:22:02][INFO] SIM_BRIDGE: Initializing Izhikevich model specifics for 2700 neurons...
[2026-06-13 06:22:02][INFO] SIM_BRIDGE: Applying parameter heterogeneity to neuron parameters...
[2026-06-13 06:22:02][INFO] SIM_BRIDGE: Applied heterogeneity to 4 parameters.
[2026-06-13 06:22:02][INFO] SIM_BRIDGE: Initializing OU process state (tau=15.0ms, sigma=0.0pA)...
[2026-06-13 06:22:02][INFO] SIM_BRIDGE: Generating 3D neuron positions for 2700 neurons...
[2026-06-13 06:22:02][INFO] SIM_BRIDGE: Generating connections (brain-region framework)...
[2026-06-13 06:22:05][INFO] SIM_BRIDGE: inject_explicit_wiring: installed 3888625 synapses across 3 populations.
[2026-06-13 06:22:06][INFO] SIM_BRIDGE: Simulation data initialized for 2700 neurons (3D). Synapses: 3888625. GPU memory: 6.3GB/25.8GB (24.3%)
    [built+trained      fish graded bridge: 2700 neurons]
[2026-06-13 06:24:03][INFO] SIM_BRIDGE: CuPy using GPU: NVIDIA GeForce RTX 3090 (24.0 GB), mempool limit: 80%
[2026-06-13 06:24:03][INFO] SIM_BRIDGE: Initializing simulation data for model: IZHIKEVICH (3D)... (playback_init: False)
[2026-06-13 06:24:03][INFO] SIM_BRIDGE: Brain-region framework: 2 regions, 2700 total neurons, 3 pathways.
[2026-06-13 06:24:03][INFO] SIM_BRIDGE: RNG initialized with seed: 42
[2026-06-13 06:24:03][INFO] SIM_BRIDGE: Initializing Izhikevich model specifics for 2700 neurons...
[2026-06-13 06:24:03][INFO] SIM_BRIDGE: Applying parameter heterogeneity to neuron parameters...
[2026-06-13 06:24:03][INFO] SIM_BRIDGE: Applied heterogeneity to 4 parameters.
[2026-06-13 06:24:03][INFO] SIM_BRIDGE: Initializing OU process state (tau=15.0ms, sigma=0.0pA)...
[2026-06-13 06:24:03][INFO] SIM_BRIDGE: Generating 3D neuron positions for 2700 neurons...
[2026-06-13 06:24:03][INFO] SIM_BRIDGE: Generating connections (brain-region framework)...
[2026-06-13 06:24:07][INFO] SIM_BRIDGE: inject_explicit_wiring: installed 3888625 synapses across 3 populations.
[2026-06-13 06:24:07][INFO] SIM_BRIDGE: Simulation data initialized for 2700 neurons (3D). Synapses: 3888625. GPU memory: 6.5GB/25.8GB (25.2%)
    [built+trained   flowers graded bridge: 2700 neurons]
[2026-06-13 06:26:05][INFO] SIM_BRIDGE: CuPy using GPU: NVIDIA GeForce RTX 3090 (24.0 GB), mempool limit: 80%
[2026-06-13 06:26:05][INFO] SIM_BRIDGE: Initializing simulation data for model: IZHIKEVICH (3D)... (playback_init: False)
[2026-06-13 06:26:05][INFO] SIM_BRIDGE: Brain-region framework: 2 regions, 2700 total neurons, 3 pathways.
[2026-06-13 06:26:05][INFO] SIM_BRIDGE: RNG initialized with seed: 42
[2026-06-13 06:26:05][INFO] SIM_BRIDGE: Initializing Izhikevich model specifics for 2700 neurons...
[2026-06-13 06:26:05][INFO] SIM_BRIDGE: Applying parameter heterogeneity to neuron parameters...
[2026-06-13 06:26:05][INFO] SIM_BRIDGE: Applied heterogeneity to 4 parameters.
[2026-06-13 06:26:05][INFO] SIM_BRIDGE: Initializing OU process state (tau=15.0ms, sigma=0.0pA)...
[2026-06-13 06:26:05][INFO] SIM_BRIDGE: Generating 3D neuron positions for 2700 neurons...
[2026-06-13 06:26:05][INFO] SIM_BRIDGE: Generating connections (brain-region framework)...
[2026-06-13 06:26:09][INFO] SIM_BRIDGE: inject_explicit_wiring: installed 3888625 synapses across 3 populations.
[2026-06-13 06:26:09][INFO] SIM_BRIDGE: Simulation data initialized for 2700 neurons (3D). Synapses: 3888625. GPU memory: 6.7GB/25.8GB (26.0%)
    [built+trained     trees graded bridge: 2700 neurons]
[2026-06-13 06:28:06][INFO] SIM_BRIDGE: CuPy using GPU: NVIDIA GeForce RTX 3090 (24.0 GB), mempool limit: 80%
[2026-06-13 06:28:06][INFO] SIM_BRIDGE: Initializing simulation data for model: IZHIKEVICH (3D)... (playback_init: False)
[2026-06-13 06:28:06][INFO] SIM_BRIDGE: Brain-region framework: 2 regions, 2700 total neurons, 3 pathways.
[2026-06-13 06:28:06][INFO] SIM_BRIDGE: RNG initialized with seed: 42
[2026-06-13 06:28:06][INFO] SIM_BRIDGE: Initializing Izhikevich model specifics for 2700 neurons...
[2026-06-13 06:28:06][INFO] SIM_BRIDGE: Applying parameter heterogeneity to neuron parameters...
[2026-06-13 06:28:06][INFO] SIM_BRIDGE: Applied heterogeneity to 4 parameters.
[2026-06-13 06:28:06][INFO] SIM_BRIDGE: Initializing OU process state (tau=15.0ms, sigma=0.0pA)...
[2026-06-13 06:28:06][INFO] SIM_BRIDGE: Generating 3D neuron positions for 2700 neurons...
[2026-06-13 06:28:06][INFO] SIM_BRIDGE: Generating connections (brain-region framework)...
[2026-06-13 06:28:10][INFO] SIM_BRIDGE: inject_explicit_wiring: installed 3888625 synapses across 3 populations.
[2026-06-13 06:28:10][INFO] SIM_BRIDGE: Simulation data initialized for 2700 neurons (3D). Synapses: 3888625. GPU memory: 6.9GB/25.8GB (26.9%)
    [built+trained    shapes graded bridge: 2700 neurons]
[2026-06-13 06:30:09][INFO] SIM_BRIDGE: CuPy using GPU: NVIDIA GeForce RTX 3090 (24.0 GB), mempool limit: 80%
[2026-06-13 06:30:09][INFO] SIM_BRIDGE: Initializing simulation data for model: IZHIKEVICH (3D)... (playback_init: False)
[2026-06-13 06:30:09][INFO] SIM_BRIDGE: Brain-region framework: 2 regions, 2700 total neurons, 3 pathways.
[2026-06-13 06:30:09][INFO] SIM_BRIDGE: RNG initialized with seed: 42
[2026-06-13 06:30:09][INFO] SIM_BRIDGE: Initializing Izhikevich model specifics for 2700 neurons...
[2026-06-13 06:30:09][INFO] SIM_BRIDGE: Applying parameter heterogeneity to neuron parameters...
[2026-06-13 06:30:09][INFO] SIM_BRIDGE: Applied heterogeneity to 4 parameters.
[2026-06-13 06:30:09][INFO] SIM_BRIDGE: Initializing OU process state (tau=15.0ms, sigma=0.0pA)...
[2026-06-13 06:30:09][INFO] SIM_BRIDGE: Generating 3D neuron positions for 2700 neurons...
[2026-06-13 06:30:09][INFO] SIM_BRIDGE: Generating connections (brain-region framework)...
[2026-06-13 06:30:13][INFO] SIM_BRIDGE: inject_explicit_wiring: installed 3888625 synapses across 3 populations.
[2026-06-13 06:30:13][INFO] SIM_BRIDGE: Simulation data initialized for 2700 neurons (3D). Synapses: 3888625. GPU memory: 7.1GB/25.8GB (27.7%)
    [built+trained materials graded bridge: 2700 neurons]
[2026-06-13 06:32:13][INFO] SIM_BRIDGE: CuPy using GPU: NVIDIA GeForce RTX 3090 (24.0 GB), mempool limit: 80%
[2026-06-13 06:32:13][INFO] SIM_BRIDGE: Initializing simulation data for model: IZHIKEVICH (3D)... (playback_init: False)
[2026-06-13 06:32:13][INFO] SIM_BRIDGE: Brain-region framework: 2 regions, 2700 total neurons, 3 pathways.
[2026-06-13 06:32:13][INFO] SIM_BRIDGE: RNG initialized with seed: 42
[2026-06-13 06:32:13][INFO] SIM_BRIDGE: Initializing Izhikevich model specifics for 2700 neurons...
[2026-06-13 06:32:13][INFO] SIM_BRIDGE: Applying parameter heterogeneity to neuron parameters...
[2026-06-13 06:32:13][INFO] SIM_BRIDGE: Applied heterogeneity to 4 parameters.
[2026-06-13 06:32:13][INFO] SIM_BRIDGE: Initializing OU process state (tau=15.0ms, sigma=0.0pA)...
[2026-06-13 06:32:13][INFO] SIM_BRIDGE: Generating 3D neuron positions for 2700 neurons...
[2026-06-13 06:32:13][INFO] SIM_BRIDGE: Generating connections (brain-region framework)...
[2026-06-13 06:32:16][INFO] SIM_BRIDGE: inject_explicit_wiring: installed 3888625 synapses across 3 populations.
[2026-06-13 06:32:16][INFO] SIM_BRIDGE: Simulation data initialized for 2700 neurons (3D). Synapses: 3888625. GPU memory: 7.4GB/25.8GB (28.6%)
    [built+trained      toys graded bridge: 2700 neurons]
[2026-06-13 06:34:13][INFO] SIM_BRIDGE: CuPy using GPU: NVIDIA GeForce RTX 3090 (24.0 GB), mempool limit: 80%
[2026-06-13 06:34:13][INFO] SIM_BRIDGE: Initializing simulation data for model: IZHIKEVICH (3D)... (playback_init: False)
[2026-06-13 06:34:13][INFO] SIM_BRIDGE: Brain-region framework: 2 regions, 2700 total neurons, 3 pathways.
[2026-06-13 06:34:13][INFO] SIM_BRIDGE: RNG initialized with seed: 42
[2026-06-13 06:34:13][INFO] SIM_BRIDGE: Initializing Izhikevich model specifics for 2700 neurons...
[2026-06-13 06:34:13][INFO] SIM_BRIDGE: Applying parameter heterogeneity to neuron parameters...
[2026-06-13 06:34:13][INFO] SIM_BRIDGE: Applied heterogeneity to 4 parameters.
[2026-06-13 06:34:13][INFO] SIM_BRIDGE: Initializing OU process state (tau=15.0ms, sigma=0.0pA)...
[2026-06-13 06:34:13][INFO] SIM_BRIDGE: Generating 3D neuron positions for 2700 neurons...
[2026-06-13 06:34:13][INFO] SIM_BRIDGE: Generating connections (brain-region framework)...
[2026-06-13 06:34:17][INFO] SIM_BRIDGE: inject_explicit_wiring: installed 3888625 synapses across 3 populations.
[2026-06-13 06:34:17][INFO] SIM_BRIDGE: Simulation data initialized for 2700 neurons (3D). Synapses: 3888625. GPU memory: 7.6GB/25.8GB (29.4%)
    [built+trained      gems graded bridge: 2700 neurons]
[2026-06-13 06:36:17][INFO] SIM_BRIDGE: CuPy using GPU: NVIDIA GeForce RTX 3090 (24.0 GB), mempool limit: 80%
[2026-06-13 06:36:17][INFO] SIM_BRIDGE: Initializing simulation data for model: IZHIKEVICH (3D)... (playback_init: False)
[2026-06-13 06:36:17][INFO] SIM_BRIDGE: Brain-region framework: 2 regions, 2700 total neurons, 3 pathways.
[2026-06-13 06:36:17][INFO] SIM_BRIDGE: RNG initialized with seed: 42
[2026-06-13 06:36:17][INFO] SIM_BRIDGE: Initializing Izhikevich model specifics for 2700 neurons...
[2026-06-13 06:36:17][INFO] SIM_BRIDGE: Applying parameter heterogeneity to neuron parameters...
[2026-06-13 06:36:17][INFO] SIM_BRIDGE: Applied heterogeneity to 4 parameters.
[2026-06-13 06:36:17][INFO] SIM_BRIDGE: Initializing OU process state (tau=15.0ms, sigma=0.0pA)...
[2026-06-13 06:36:17][INFO] SIM_BRIDGE: Generating 3D neuron positions for 2700 neurons...
[2026-06-13 06:36:17][INFO] SIM_BRIDGE: Generating connections (brain-region framework)...
[2026-06-13 06:36:20][INFO] SIM_BRIDGE: inject_explicit_wiring: installed 3888625 synapses across 3 populations.
[2026-06-13 06:36:21][INFO] SIM_BRIDGE: Simulation data initialized for 2700 neurons (3D). Synapses: 3888625. GPU memory: 7.8GB/25.8GB (30.3%)
    [built+trained   planets graded bridge: 2700 neurons]
[2026-06-13 06:38:19][INFO] SIM_BRIDGE: CuPy using GPU: NVIDIA GeForce RTX 3090 (24.0 GB), mempool limit: 80%
[2026-06-13 06:38:19][INFO] SIM_BRIDGE: Initializing simulation data for model: IZHIKEVICH (3D)... (playback_init: False)
[2026-06-13 06:38:19][INFO] SIM_BRIDGE: Brain-region framework: 2 regions, 2700 total neurons, 3 pathways.
[2026-06-13 06:38:19][INFO] SIM_BRIDGE: RNG initialized with seed: 42
[2026-06-13 06:38:19][INFO] SIM_BRIDGE: Initializing Izhikevich model specifics for 2700 neurons...
[2026-06-13 06:38:19][INFO] SIM_BRIDGE: Applying parameter heterogeneity to neuron parameters...
[2026-06-13 06:38:19][INFO] SIM_BRIDGE: Applied heterogeneity to 4 parameters.
[2026-06-13 06:38:19][INFO] SIM_BRIDGE: Initializing OU process state (tau=15.0ms, sigma=0.0pA)...
[2026-06-13 06:38:19][INFO] SIM_BRIDGE: Generating 3D neuron positions for 2700 neurons...
[2026-06-13 06:38:19][INFO] SIM_BRIDGE: Generating connections (brain-region framework)...
[2026-06-13 06:38:22][INFO] SIM_BRIDGE: inject_explicit_wiring: installed 3888625 synapses across 3 populations.
[2026-06-13 06:38:23][INFO] SIM_BRIDGE: Simulation data initialized for 2700 neurons (3D). Synapses: 3888625. GPU memory: 8.0GB/25.8GB (31.1%)
    [built+trained languages graded bridge: 2700 neurons]
[2026-06-13 06:40:21][INFO] SIM_BRIDGE: CuPy using GPU: NVIDIA GeForce RTX 3090 (24.0 GB), mempool limit: 80%
[2026-06-13 06:40:21][INFO] SIM_BRIDGE: Initializing simulation data for model: IZHIKEVICH (3D)... (playback_init: False)
[2026-06-13 06:40:21][INFO] SIM_BRIDGE: Brain-region framework: 2 regions, 2700 total neurons, 3 pathways.
[2026-06-13 06:40:21][INFO] SIM_BRIDGE: RNG initialized with seed: 42
[2026-06-13 06:40:21][INFO] SIM_BRIDGE: Initializing Izhikevich model specifics for 2700 neurons...
[2026-06-13 06:40:21][INFO] SIM_BRIDGE: Applying parameter heterogeneity to neuron parameters...
[2026-06-13 06:40:21][INFO] SIM_BRIDGE: Applied heterogeneity to 4 parameters.
[2026-06-13 06:40:21][INFO] SIM_BRIDGE: Initializing OU process state (tau=15.0ms, sigma=0.0pA)...
[2026-06-13 06:40:21][INFO] SIM_BRIDGE: Generating 3D neuron positions for 2700 neurons...
[2026-06-13 06:40:21][INFO] SIM_BRIDGE: Generating connections (brain-region framework)...
[2026-06-13 06:40:25][INFO] SIM_BRIDGE: inject_explicit_wiring: installed 3888625 synapses across 3 populations.
[2026-06-13 06:40:25][INFO] SIM_BRIDGE: Simulation data initialized for 2700 neurons (3D). Synapses: 3888625. GPU memory: 8.2GB/25.8GB (32.0%)
    [built+trained    dances graded bridge: 2700 neurons]
[2026-06-13 06:42:24][INFO] SIM_BRIDGE: CuPy using GPU: NVIDIA GeForce RTX 3090 (24.0 GB), mempool limit: 80%
[2026-06-13 06:42:24][INFO] SIM_BRIDGE: Initializing simulation data for model: IZHIKEVICH (3D)... (playback_init: False)
[2026-06-13 06:42:24][INFO] SIM_BRIDGE: Brain-region framework: 2 regions, 2700 total neurons, 3 pathways.
[2026-06-13 06:42:24][INFO] SIM_BRIDGE: RNG initialized with seed: 42
[2026-06-13 06:42:24][INFO] SIM_BRIDGE: Initializing Izhikevich model specifics for 2700 neurons...
[2026-06-13 06:42:24][INFO] SIM_BRIDGE: Applying parameter heterogeneity to neuron parameters...
[2026-06-13 06:42:24][INFO] SIM_BRIDGE: Applied heterogeneity to 4 parameters.
[2026-06-13 06:42:24][INFO] SIM_BRIDGE: Initializing OU process state (tau=15.0ms, sigma=0.0pA)...
[2026-06-13 06:42:24][INFO] SIM_BRIDGE: Generating 3D neuron positions for 2700 neurons...
[2026-06-13 06:42:24][INFO] SIM_BRIDGE: Generating connections (brain-region framework)...
[2026-06-13 06:42:28][INFO] SIM_BRIDGE: inject_explicit_wiring: installed 3888625 synapses across 3 populations.
[2026-06-13 06:42:28][INFO] SIM_BRIDGE: Simulation data initialized for 2700 neurons (3D). Synapses: 3888625. GPU memory: 8.5GB/25.8GB (32.9%)
    [built+trained vegetables graded bridge: 2700 neurons]
    (built 32 graded bridges in 3896s)
    M3 TRUE: top2=1.00 top1=0.99 signal/floor=20.95x margin=1482.5 (n=96)
    M7 PERMUTED: top2=0.02 top1=0.00 signal/floor=1.12x (must collapse vs TRUE)

  ----------------------------------------------------------------------------------------
  M4 -- no-confab moat (learned familiarity gate ALONGSIDE host abstention; CPU/numpy)
  ----------------------------------------------------------------------------------------
[2026-06-13 06:48:47][INFO] SIM_BRIDGE: CuPy using GPU: NVIDIA GeForce RTX 3090 (24.0 GB), mempool limit: 80%
[2026-06-13 06:48:47][INFO] SIM_BRIDGE: Initializing simulation data for model: IZHIKEVICH (3D)... (playback_init: False)
[2026-06-13 06:48:47][INFO] SIM_BRIDGE: RNG initialized with seed: 42
[2026-06-13 06:48:47][INFO] SIM_BRIDGE: Initializing Izhikevich model specifics for 256 neurons...
[2026-06-13 06:48:47][INFO] SIM_BRIDGE: Applying parameter heterogeneity to neuron parameters...
[2026-06-13 06:48:47][INFO] SIM_BRIDGE: Applied heterogeneity to 4 parameters.
[2026-06-13 06:48:47][INFO] SIM_BRIDGE: Initializing OU process state (tau=15.0ms, sigma=0.0pA)...
[2026-06-13 06:48:47][INFO] SIM_BRIDGE: Generating 3D neuron positions for 256 neurons...
[2026-06-13 06:48:47][INFO] SIM_BRIDGE: Generating connections (3D)...
[2026-06-13 06:48:47][INFO] SIM_BRIDGE: Simulation data initialized for 256 neurons (3D). Synapses: 0. GPU memory: 8.5GB/25.8GB (33.0%)
[2026-06-13 06:48:48][INFO] SIM_BRIDGE: CuPy using GPU: NVIDIA GeForce RTX 3090 (24.0 GB), mempool limit: 80%
[2026-06-13 06:48:48][INFO] SIM_BRIDGE: Initializing simulation data for model: IZHIKEVICH (3D)... (playback_init: False)
[2026-06-13 06:48:48][INFO] SIM_BRIDGE: RNG initialized with seed: 42
[2026-06-13 06:48:48][INFO] SIM_BRIDGE: Initializing Izhikevich model specifics for 512 neurons...
[2026-06-13 06:48:48][INFO] SIM_BRIDGE: Applying parameter heterogeneity to neuron parameters...
[2026-06-13 06:48:48][INFO] SIM_BRIDGE: Applied heterogeneity to 4 parameters.
[2026-06-13 06:48:48][INFO] SIM_BRIDGE: Initializing OU process state (tau=15.0ms, sigma=0.0pA)...
[2026-06-13 06:48:48][INFO] SIM_BRIDGE: Generating 3D neuron positions for 512 neurons...
[2026-06-13 06:48:48][INFO] SIM_BRIDGE: Generating connections (3D)...
[2026-06-13 06:48:48][INFO] SIM_BRIDGE: Simulation data initialized for 512 neurons (3D). Synapses: 0. GPU memory: 8.5GB/25.8GB (33.0%)
[2026-06-13 06:49:49][INFO] SIM_BRIDGE: CuPy using GPU: NVIDIA GeForce RTX 3090 (24.0 GB), mempool limit: 80%
[2026-06-13 06:49:49][INFO] SIM_BRIDGE: Initializing simulation data for model: IZHIKEVICH (3D)... (playback_init: False)
[2026-06-13 06:49:49][INFO] SIM_BRIDGE: RNG initialized with seed: 42
[2026-06-13 06:49:49][INFO] SIM_BRIDGE: Initializing Izhikevich model specifics for 384 neurons...
[2026-06-13 06:49:49][INFO] SIM_BRIDGE: Applying parameter heterogeneity to neuron parameters...
[2026-06-13 06:49:49][INFO] SIM_BRIDGE: Applied heterogeneity to 4 parameters.
[2026-06-13 06:49:49][INFO] SIM_BRIDGE: Initializing OU process state (tau=15.0ms, sigma=0.0pA)...
[2026-06-13 06:49:49][INFO] SIM_BRIDGE: Generating 3D neuron positions for 384 neurons...
[2026-06-13 06:49:49][INFO] SIM_BRIDGE: Generating connections (3D)...
[2026-06-13 06:49:49][INFO] SIM_BRIDGE: Simulation data initialized for 384 neurons (3D). Synapses: 0. GPU memory: 8.5GB/25.8GB (33.0%)
    M4: agreement=1.000 margin=+0.2513 host-abstain/gate-accept=0 (MUST be 0) floor-false-accepts=0 (MUST be 0) lesion-collapses=True -> moat-intact=True

============================================================================================
  MULTI-BRIDGE GRADED DE-RISK SUMMARY -- mode=full
============================================================================================
  [precondition] {'M1_all_GO': True, 'M1_no_NEGATIVE': True, 'A2_collapses': True, 'A3_collapses': True, 'M2_all_GO': True, 'M2_no_NEGATIVE': True, 'G5_robust_collapses': True, 'M6_random_shard_collapses': True}
  [cross] {'M3_all_GO': True, 'M3_no_NEGATIVE': True, 'M7_permuted_collapses': True}
  [moat] {'M4_moat_intact': True, 'M4_lesion_collapses': True}

  >>> COMBINED VERDICT: GO <<<
  Total elapsed: 14483.1s
============================================================================================

  [saved] research/findings/raw/_multibridge_fanout32_seed42.json
