[PHASE-1 COMPOSER A-vs-B de-risk] ROUTE=PER-BRIDGE mode=full seeds=[42] cortex=learned backend=cupy smoke=False
  8 bridges x 64 concepts (= 512 concepts); route-A per-bridge D=256; route-B union D=512 sweep=None; B1 bar=0.7, X bar=0.7 (chance=0.250); skip_vtag=False
  ADAPTATIONS: A1) PerBridgeCortexAgent: a {shard: RFPhasorComposer} dict (each over its 64-concept shard vocab + shared aux) + a word->shard router, replacing the ensemble's ONE union composer; within-shard facts bind in the agent-word's shard's composer, cross-shard facts go to the V-tag layer (route A does NOT bind them generatively); each shard gets its own moat (the per-bridge abstention surface). A2) route A's Gate A runs the single-shard gate_A_matrix on EACH shard's OWN cortex codebook so the clause's 3 words live in ONE shard (within-bridge clause); the ensemble's interleaved cross-bridge clause is route B's matrix. A3) route A's Gate X is the V-tag IDENTITY layer (gate_X_vtag) + X-pb (a per-bridge-composer within-bridge fact-recall plumbing check on CPU, so route A's dispatch is exercised even when --skip-vtag drops the GPU V-tag layer); route B's Gate X is the generative X-conv. A4) per-route COST logging (composer D(s), codebook bytes, per-op RF bridge neuron counts, cleanup argmax width, wall-clock per gate; route B also logs the V=512 D/concept ratio for the 2,048 extrapolation).

====================================================================================================
  PHASE-1 COMPOSER A-vs-B DE-RISK -- SEED 42 -- ROUTE PER-BRIDGE -- mode=full cortex=learned n_bridges=8
====================================================================================================
  [shard   animals] 64 concepts (8 sub x 8), 424 within-shard facts
  [shard     foods] 64 concepts (8 sub x 8), 424 within-shard facts
  [shard  vehicles] 64 concepts (8 sub x 8), 424 within-shard facts
  [shard     tools] 64 concepts (8 sub x 8), 424 within-shard facts
  [shard   clothes] 64 concepts (8 sub x 8), 424 within-shard facts
  [shard furniture] 64 concepts (8 sub x 8), 424 within-shard facts
  [shard    plants] 64 concepts (8 sub x 8), 424 within-shard facts
  [shard   weather] 64 concepts (8 sub x 8), 424 within-shard facts

  [building 8 cortex codebooks (learned)]
[2026-06-12 20:43:55][INFO] SIM_BRIDGE: CuPy using GPU: NVIDIA GeForce RTX 3090 (24.0 GB), mempool limit: 80%
[2026-06-12 20:43:55][INFO] SIM_BRIDGE: Initializing simulation data for model: IZHIKEVICH (3D)... (playback_init: False)
[2026-06-12 20:43:55][INFO] SIM_BRIDGE: Brain-region framework: 2 regions, 2700 total neurons, 3 pathways.
[2026-06-12 20:43:55][INFO] SIM_BRIDGE: RNG initialized with seed: 42
[2026-06-12 20:43:55][INFO] SIM_BRIDGE: Initializing Izhikevich model specifics for 2700 neurons...
[2026-06-12 20:43:55][INFO] SIM_BRIDGE: Applying parameter heterogeneity to neuron parameters...
[2026-06-12 20:43:55][INFO] SIM_BRIDGE: Applied heterogeneity to 4 parameters.
[2026-06-12 20:43:55][INFO] SIM_BRIDGE: Initializing OU process state (tau=15.0ms, sigma=0.0pA)...
[2026-06-12 20:43:55][INFO] SIM_BRIDGE: Generating 3D neuron positions for 2700 neurons...
[2026-06-12 20:43:55][INFO] SIM_BRIDGE: Generating connections (brain-region framework)...
[2026-06-12 20:44:01][INFO] SIM_BRIDGE: inject_explicit_wiring: installed 3888625 synapses across 3 populations.
[2026-06-12 20:44:01][INFO] SIM_BRIDGE: Simulation data initialized for 2700 neurons (3D). Synapses: 3888625. GPU memory: 1.6GB/25.8GB (6.2%)
    [cortex   animals learned] within-cos=0.885 between-cos=0.380 margin=0.505 graded=True | DG-expansion between-cos=0.176 | 230.4s
[2026-06-12 20:47:45][INFO] SIM_BRIDGE: CuPy using GPU: NVIDIA GeForce RTX 3090 (24.0 GB), mempool limit: 80%
[2026-06-12 20:47:45][INFO] SIM_BRIDGE: Initializing simulation data for model: IZHIKEVICH (3D)... (playback_init: False)
[2026-06-12 20:47:45][INFO] SIM_BRIDGE: Brain-region framework: 2 regions, 2700 total neurons, 3 pathways.
[2026-06-12 20:47:45][INFO] SIM_BRIDGE: RNG initialized with seed: 42
[2026-06-12 20:47:45][INFO] SIM_BRIDGE: Initializing Izhikevich model specifics for 2700 neurons...
[2026-06-12 20:47:45][INFO] SIM_BRIDGE: Applying parameter heterogeneity to neuron parameters...
[2026-06-12 20:47:45][INFO] SIM_BRIDGE: Applied heterogeneity to 4 parameters.
[2026-06-12 20:47:45][INFO] SIM_BRIDGE: Initializing OU process state (tau=15.0ms, sigma=0.0pA)...
[2026-06-12 20:47:45][INFO] SIM_BRIDGE: Generating 3D neuron positions for 2700 neurons...
[2026-06-12 20:47:45][INFO] SIM_BRIDGE: Generating connections (brain-region framework)...
[2026-06-12 20:47:50][INFO] SIM_BRIDGE: inject_explicit_wiring: installed 3888625 synapses across 3 populations.
[2026-06-12 20:47:50][INFO] SIM_BRIDGE: Simulation data initialized for 2700 neurons (3D). Synapses: 3888625. GPU memory: 1.7GB/25.8GB (6.5%)
    [cortex     foods learned] within-cos=0.893 between-cos=0.397 margin=0.495 graded=True | DG-expansion between-cos=0.175 | 208.7s
[2026-06-12 20:51:14][INFO] SIM_BRIDGE: CuPy using GPU: NVIDIA GeForce RTX 3090 (24.0 GB), mempool limit: 80%
[2026-06-12 20:51:14][INFO] SIM_BRIDGE: Initializing simulation data for model: IZHIKEVICH (3D)... (playback_init: False)
[2026-06-12 20:51:14][INFO] SIM_BRIDGE: Brain-region framework: 2 regions, 2700 total neurons, 3 pathways.
[2026-06-12 20:51:14][INFO] SIM_BRIDGE: RNG initialized with seed: 42
[2026-06-12 20:51:14][INFO] SIM_BRIDGE: Initializing Izhikevich model specifics for 2700 neurons...
[2026-06-12 20:51:14][INFO] SIM_BRIDGE: Applying parameter heterogeneity to neuron parameters...
[2026-06-12 20:51:14][INFO] SIM_BRIDGE: Applied heterogeneity to 4 parameters.
[2026-06-12 20:51:14][INFO] SIM_BRIDGE: Initializing OU process state (tau=15.0ms, sigma=0.0pA)...
[2026-06-12 20:51:14][INFO] SIM_BRIDGE: Generating 3D neuron positions for 2700 neurons...
[2026-06-12 20:51:14][INFO] SIM_BRIDGE: Generating connections (brain-region framework)...
[2026-06-12 20:51:18][INFO] SIM_BRIDGE: inject_explicit_wiring: installed 3888625 synapses across 3 populations.
[2026-06-12 20:51:18][INFO] SIM_BRIDGE: Simulation data initialized for 2700 neurons (3D). Synapses: 3888625. GPU memory: 1.7GB/25.8GB (6.5%)
    [cortex  vehicles learned] within-cos=0.885 between-cos=0.383 margin=0.502 graded=True | DG-expansion between-cos=0.167 | 212.9s
[2026-06-12 20:54:47][INFO] SIM_BRIDGE: CuPy using GPU: NVIDIA GeForce RTX 3090 (24.0 GB), mempool limit: 80%
[2026-06-12 20:54:47][INFO] SIM_BRIDGE: Initializing simulation data for model: IZHIKEVICH (3D)... (playback_init: False)
[2026-06-12 20:54:47][INFO] SIM_BRIDGE: Brain-region framework: 2 regions, 2700 total neurons, 3 pathways.
[2026-06-12 20:54:47][INFO] SIM_BRIDGE: RNG initialized with seed: 42
[2026-06-12 20:54:47][INFO] SIM_BRIDGE: Initializing Izhikevich model specifics for 2700 neurons...
[2026-06-12 20:54:47][INFO] SIM_BRIDGE: Applying parameter heterogeneity to neuron parameters...
[2026-06-12 20:54:47][INFO] SIM_BRIDGE: Applied heterogeneity to 4 parameters.
[2026-06-12 20:54:47][INFO] SIM_BRIDGE: Initializing OU process state (tau=15.0ms, sigma=0.0pA)...
[2026-06-12 20:54:47][INFO] SIM_BRIDGE: Generating 3D neuron positions for 2700 neurons...
[2026-06-12 20:54:47][INFO] SIM_BRIDGE: Generating connections (brain-region framework)...
[2026-06-12 20:54:51][INFO] SIM_BRIDGE: inject_explicit_wiring: installed 3888625 synapses across 3 populations.
[2026-06-12 20:54:51][INFO] SIM_BRIDGE: Simulation data initialized for 2700 neurons (3D). Synapses: 3888625. GPU memory: 1.7GB/25.8GB (6.5%)
    [cortex     tools learned] within-cos=0.874 between-cos=0.394 margin=0.480 graded=True | DG-expansion between-cos=0.179 | 211.8s
[2026-06-12 20:58:18][INFO] SIM_BRIDGE: CuPy using GPU: NVIDIA GeForce RTX 3090 (24.0 GB), mempool limit: 80%
[2026-06-12 20:58:18][INFO] SIM_BRIDGE: Initializing simulation data for model: IZHIKEVICH (3D)... (playback_init: False)
[2026-06-12 20:58:18][INFO] SIM_BRIDGE: Brain-region framework: 2 regions, 2700 total neurons, 3 pathways.
[2026-06-12 20:58:18][INFO] SIM_BRIDGE: RNG initialized with seed: 42
[2026-06-12 20:58:18][INFO] SIM_BRIDGE: Initializing Izhikevich model specifics for 2700 neurons...
[2026-06-12 20:58:18][INFO] SIM_BRIDGE: Applying parameter heterogeneity to neuron parameters...
[2026-06-12 20:58:18][INFO] SIM_BRIDGE: Applied heterogeneity to 4 parameters.
[2026-06-12 20:58:18][INFO] SIM_BRIDGE: Initializing OU process state (tau=15.0ms, sigma=0.0pA)...
[2026-06-12 20:58:18][INFO] SIM_BRIDGE: Generating 3D neuron positions for 2700 neurons...
[2026-06-12 20:58:18][INFO] SIM_BRIDGE: Generating connections (brain-region framework)...
[2026-06-12 20:58:23][INFO] SIM_BRIDGE: inject_explicit_wiring: installed 3888625 synapses across 3 populations.
[2026-06-12 20:58:23][INFO] SIM_BRIDGE: Simulation data initialized for 2700 neurons (3D). Synapses: 3888625. GPU memory: 1.7GB/25.8GB (6.5%)
    [cortex   clothes learned] within-cos=0.886 between-cos=0.394 margin=0.491 graded=True | DG-expansion between-cos=0.182 | 202.8s
[2026-06-12 21:01:41][INFO] SIM_BRIDGE: CuPy using GPU: NVIDIA GeForce RTX 3090 (24.0 GB), mempool limit: 80%
[2026-06-12 21:01:41][INFO] SIM_BRIDGE: Initializing simulation data for model: IZHIKEVICH (3D)... (playback_init: False)
[2026-06-12 21:01:41][INFO] SIM_BRIDGE: Brain-region framework: 2 regions, 2700 total neurons, 3 pathways.
[2026-06-12 21:01:41][INFO] SIM_BRIDGE: RNG initialized with seed: 42
[2026-06-12 21:01:41][INFO] SIM_BRIDGE: Initializing Izhikevich model specifics for 2700 neurons...
[2026-06-12 21:01:41][INFO] SIM_BRIDGE: Applying parameter heterogeneity to neuron parameters...
[2026-06-12 21:01:41][INFO] SIM_BRIDGE: Applied heterogeneity to 4 parameters.
[2026-06-12 21:01:41][INFO] SIM_BRIDGE: Initializing OU process state (tau=15.0ms, sigma=0.0pA)...
[2026-06-12 21:01:41][INFO] SIM_BRIDGE: Generating 3D neuron positions for 2700 neurons...
[2026-06-12 21:01:41][INFO] SIM_BRIDGE: Generating connections (brain-region framework)...
[2026-06-12 21:01:45][INFO] SIM_BRIDGE: inject_explicit_wiring: installed 3888625 synapses across 3 populations.
[2026-06-12 21:01:45][INFO] SIM_BRIDGE: Simulation data initialized for 2700 neurons (3D). Synapses: 3888625. GPU memory: 1.7GB/25.8GB (6.5%)
    [cortex furniture learned] within-cos=0.884 between-cos=0.381 margin=0.503 graded=True | DG-expansion between-cos=0.175 | 148.9s
[2026-06-12 21:04:10][INFO] SIM_BRIDGE: CuPy using GPU: NVIDIA GeForce RTX 3090 (24.0 GB), mempool limit: 80%
[2026-06-12 21:04:10][INFO] SIM_BRIDGE: Initializing simulation data for model: IZHIKEVICH (3D)... (playback_init: False)
[2026-06-12 21:04:10][INFO] SIM_BRIDGE: Brain-region framework: 2 regions, 2700 total neurons, 3 pathways.
[2026-06-12 21:04:10][INFO] SIM_BRIDGE: RNG initialized with seed: 42
[2026-06-12 21:04:10][INFO] SIM_BRIDGE: Initializing Izhikevich model specifics for 2700 neurons...
[2026-06-12 21:04:10][INFO] SIM_BRIDGE: Applying parameter heterogeneity to neuron parameters...
[2026-06-12 21:04:10][INFO] SIM_BRIDGE: Applied heterogeneity to 4 parameters.
[2026-06-12 21:04:10][INFO] SIM_BRIDGE: Initializing OU process state (tau=15.0ms, sigma=0.0pA)...
[2026-06-12 21:04:10][INFO] SIM_BRIDGE: Generating 3D neuron positions for 2700 neurons...
[2026-06-12 21:04:10][INFO] SIM_BRIDGE: Generating connections (brain-region framework)...
[2026-06-12 21:04:14][INFO] SIM_BRIDGE: inject_explicit_wiring: installed 3888625 synapses across 3 populations.
[2026-06-12 21:04:14][INFO] SIM_BRIDGE: Simulation data initialized for 2700 neurons (3D). Synapses: 3888625. GPU memory: 1.7GB/25.8GB (6.5%)
    [cortex    plants learned] within-cos=0.887 between-cos=0.380 margin=0.507 graded=True | DG-expansion between-cos=0.172 | 174.7s
[2026-06-12 21:07:05][INFO] SIM_BRIDGE: CuPy using GPU: NVIDIA GeForce RTX 3090 (24.0 GB), mempool limit: 80%
[2026-06-12 21:07:05][INFO] SIM_BRIDGE: Initializing simulation data for model: IZHIKEVICH (3D)... (playback_init: False)
[2026-06-12 21:07:05][INFO] SIM_BRIDGE: Brain-region framework: 2 regions, 2700 total neurons, 3 pathways.
[2026-06-12 21:07:05][INFO] SIM_BRIDGE: RNG initialized with seed: 42
[2026-06-12 21:07:05][INFO] SIM_BRIDGE: Initializing Izhikevich model specifics for 2700 neurons...
[2026-06-12 21:07:05][INFO] SIM_BRIDGE: Applying parameter heterogeneity to neuron parameters...
[2026-06-12 21:07:05][INFO] SIM_BRIDGE: Applied heterogeneity to 4 parameters.
[2026-06-12 21:07:05][INFO] SIM_BRIDGE: Initializing OU process state (tau=15.0ms, sigma=0.0pA)...
[2026-06-12 21:07:05][INFO] SIM_BRIDGE: Generating 3D neuron positions for 2700 neurons...
[2026-06-12 21:07:05][INFO] SIM_BRIDGE: Generating connections (brain-region framework)...
[2026-06-12 21:07:09][INFO] SIM_BRIDGE: inject_explicit_wiring: installed 3888625 synapses across 3 populations.
[2026-06-12 21:07:09][INFO] SIM_BRIDGE: Simulation data initialized for 2700 neurons (3D). Synapses: 3888625. GPU memory: 1.7GB/25.8GB (6.5%)
    [cortex   weather learned] within-cos=0.885 between-cos=0.394 margin=0.492 graded=True | DG-expansion between-cos=0.178 | 191.2s

  ------------------------------------------------------------------------------------------------
  ROUTE A -- GATE A: within-bridge conversational matrix (per shard; clause within ONE bridge)
  ------------------------------------------------------------------------------------------------
[2026-06-12 21:10:16][INFO] SIM_BRIDGE: CuPy using GPU: NVIDIA GeForce RTX 3090 (24.0 GB), mempool limit: 80%
[2026-06-12 21:10:16][INFO] SIM_BRIDGE: Initializing simulation data for model: IZHIKEVICH (3D)... (playback_init: False)
[2026-06-12 21:10:16][INFO] SIM_BRIDGE: RNG initialized with seed: 42
[2026-06-12 21:10:16][INFO] SIM_BRIDGE: Initializing Izhikevich model specifics for 512 neurons...
[2026-06-12 21:10:16][INFO] SIM_BRIDGE: Applying parameter heterogeneity to neuron parameters...
[2026-06-12 21:10:16][INFO] SIM_BRIDGE: Applied heterogeneity to 4 parameters.
[2026-06-12 21:10:16][INFO] SIM_BRIDGE: Initializing OU process state (tau=15.0ms, sigma=0.0pA)...
[2026-06-12 21:10:16][INFO] SIM_BRIDGE: Generating 3D neuron positions for 512 neurons...
[2026-06-12 21:10:16][INFO] SIM_BRIDGE: Generating connections (3D)...
[2026-06-12 21:10:16][INFO] SIM_BRIDGE: Simulation data initialized for 512 neurons (3D). Synapses: 0. GPU memory: 1.7GB/25.8GB (6.5%)
[2026-06-12 21:10:17][INFO] SIM_BRIDGE: CuPy using GPU: NVIDIA GeForce RTX 3090 (24.0 GB), mempool limit: 80%
[2026-06-12 21:10:17][INFO] SIM_BRIDGE: Initializing simulation data for model: IZHIKEVICH (3D)... (playback_init: False)
[2026-06-12 21:10:17][INFO] SIM_BRIDGE: RNG initialized with seed: 42
[2026-06-12 21:10:17][INFO] SIM_BRIDGE: Initializing Izhikevich model specifics for 1024 neurons...
[2026-06-12 21:10:17][INFO] SIM_BRIDGE: Applying parameter heterogeneity to neuron parameters...
[2026-06-12 21:10:17][INFO] SIM_BRIDGE: Applied heterogeneity to 4 parameters.
[2026-06-12 21:10:17][INFO] SIM_BRIDGE: Initializing OU process state (tau=15.0ms, sigma=0.0pA)...
[2026-06-12 21:10:17][INFO] SIM_BRIDGE: Generating 3D neuron positions for 1024 neurons...
[2026-06-12 21:10:17][INFO] SIM_BRIDGE: Generating connections (3D)...
[2026-06-12 21:10:17][INFO] SIM_BRIDGE: Simulation data initialized for 1024 neurons (3D). Synapses: 0. GPU memory: 1.7GB/25.8GB (6.5%)
[2026-06-12 21:10:21][INFO] SIM_BRIDGE: CuPy using GPU: NVIDIA GeForce RTX 3090 (24.0 GB), mempool limit: 80%
[2026-06-12 21:10:21][INFO] SIM_BRIDGE: Initializing simulation data for model: IZHIKEVICH (3D)... (playback_init: False)
[2026-06-12 21:10:21][INFO] SIM_BRIDGE: RNG initialized with seed: 42
[2026-06-12 21:10:21][INFO] SIM_BRIDGE: Initializing Izhikevich model specifics for 512 neurons...
[2026-06-12 21:10:21][INFO] SIM_BRIDGE: Applying parameter heterogeneity to neuron parameters...
[2026-06-12 21:10:21][INFO] SIM_BRIDGE: Applied heterogeneity to 4 parameters.
[2026-06-12 21:10:21][INFO] SIM_BRIDGE: Initializing OU process state (tau=15.0ms, sigma=0.0pA)...
[2026-06-12 21:10:21][INFO] SIM_BRIDGE: Generating 3D neuron positions for 512 neurons...
[2026-06-12 21:10:21][INFO] SIM_BRIDGE: Generating connections (3D)...
[2026-06-12 21:10:21][INFO] SIM_BRIDGE: Simulation data initialized for 512 neurons (3D). Synapses: 0. GPU memory: 1.7GB/25.8GB (6.5%)
[2026-06-12 21:10:22][INFO] SIM_BRIDGE: CuPy using GPU: NVIDIA GeForce RTX 3090 (24.0 GB), mempool limit: 80%
[2026-06-12 21:10:22][INFO] SIM_BRIDGE: Initializing simulation data for model: IZHIKEVICH (3D)... (playback_init: False)
[2026-06-12 21:10:22][INFO] SIM_BRIDGE: RNG initialized with seed: 42
[2026-06-12 21:10:22][INFO] SIM_BRIDGE: Initializing Izhikevich model specifics for 1280 neurons...
[2026-06-12 21:10:22][INFO] SIM_BRIDGE: Applying parameter heterogeneity to neuron parameters...
[2026-06-12 21:10:22][INFO] SIM_BRIDGE: Applied heterogeneity to 4 parameters.
[2026-06-12 21:10:22][INFO] SIM_BRIDGE: Initializing OU process state (tau=15.0ms, sigma=0.0pA)...
[2026-06-12 21:10:22][INFO] SIM_BRIDGE: Generating 3D neuron positions for 1280 neurons...
[2026-06-12 21:10:22][INFO] SIM_BRIDGE: Generating connections (3D)...
[2026-06-12 21:10:22][INFO] SIM_BRIDGE: Simulation data initialized for 1280 neurons (3D). Synapses: 0. GPU memory: 1.7GB/25.8GB (6.5%)
[2026-06-12 21:10:26][INFO] SIM_BRIDGE: CuPy using GPU: NVIDIA GeForce RTX 3090 (24.0 GB), mempool limit: 80%
[2026-06-12 21:10:26][INFO] SIM_BRIDGE: Initializing simulation data for model: IZHIKEVICH (3D)... (playback_init: False)
[2026-06-12 21:10:26][INFO] SIM_BRIDGE: RNG initialized with seed: 42
[2026-06-12 21:10:26][INFO] SIM_BRIDGE: Initializing Izhikevich model specifics for 512 neurons...
[2026-06-12 21:10:26][INFO] SIM_BRIDGE: Applying parameter heterogeneity to neuron parameters...
[2026-06-12 21:10:26][INFO] SIM_BRIDGE: Applied heterogeneity to 4 parameters.
[2026-06-12 21:10:26][INFO] SIM_BRIDGE: Initializing OU process state (tau=15.0ms, sigma=0.0pA)...
[2026-06-12 21:10:26][INFO] SIM_BRIDGE: Generating 3D neuron positions for 512 neurons...
[2026-06-12 21:10:26][INFO] SIM_BRIDGE: Generating connections (3D)...
[2026-06-12 21:10:26][INFO] SIM_BRIDGE: Simulation data initialized for 512 neurons (3D). Synapses: 0. GPU memory: 1.7GB/25.8GB (6.5%)
[2026-06-12 21:10:27][INFO] SIM_BRIDGE: CuPy using GPU: NVIDIA GeForce RTX 3090 (24.0 GB), mempool limit: 80%
[2026-06-12 21:10:27][INFO] SIM_BRIDGE: Initializing simulation data for model: IZHIKEVICH (3D)... (playback_init: False)
[2026-06-12 21:10:27][INFO] SIM_BRIDGE: RNG initialized with seed: 42
[2026-06-12 21:10:27][INFO] SIM_BRIDGE: Initializing Izhikevich model specifics for 1280 neurons...
[2026-06-12 21:10:27][INFO] SIM_BRIDGE: Applying parameter heterogeneity to neuron parameters...
[2026-06-12 21:10:27][INFO] SIM_BRIDGE: Applied heterogeneity to 4 parameters.
[2026-06-12 21:10:27][INFO] SIM_BRIDGE: Initializing OU process state (tau=15.0ms, sigma=0.0pA)...
[2026-06-12 21:10:27][INFO] SIM_BRIDGE: Generating 3D neuron positions for 1280 neurons...
[2026-06-12 21:10:27][INFO] SIM_BRIDGE: Generating connections (3D)...
[2026-06-12 21:10:27][INFO] SIM_BRIDGE: Simulation data initialized for 1280 neurons (3D). Synapses: 0. GPU memory: 1.7GB/25.8GB (6.5%)
[2026-06-12 21:10:28][INFO] SIM_BRIDGE: CuPy using GPU: NVIDIA GeForce RTX 3090 (24.0 GB), mempool limit: 80%
[2026-06-12 21:10:28][INFO] SIM_BRIDGE: Initializing simulation data for model: IZHIKEVICH (3D)... (playback_init: False)
[2026-06-12 21:10:28][INFO] SIM_BRIDGE: RNG initialized with seed: 42
[2026-06-12 21:10:28][INFO] SIM_BRIDGE: Initializing Izhikevich model specifics for 512 neurons...
[2026-06-12 21:10:28][INFO] SIM_BRIDGE: Applying parameter heterogeneity to neuron parameters...
[2026-06-12 21:10:28][INFO] SIM_BRIDGE: Applied heterogeneity to 4 parameters.
[2026-06-12 21:10:28][INFO] SIM_BRIDGE: Initializing OU process state (tau=15.0ms, sigma=0.0pA)...
[2026-06-12 21:10:28][INFO] SIM_BRIDGE: Generating 3D neuron positions for 512 neurons...
[2026-06-12 21:10:28][INFO] SIM_BRIDGE: Generating connections (3D)...
[2026-06-12 21:10:28][INFO] SIM_BRIDGE: Simulation data initialized for 512 neurons (3D). Synapses: 0. GPU memory: 1.7GB/25.8GB (6.5%)
[2026-06-12 21:10:29][INFO] SIM_BRIDGE: CuPy using GPU: NVIDIA GeForce RTX 3090 (24.0 GB), mempool limit: 80%
[2026-06-12 21:10:29][INFO] SIM_BRIDGE: Initializing simulation data for model: IZHIKEVICH (3D)... (playback_init: False)
[2026-06-12 21:10:29][INFO] SIM_BRIDGE: RNG initialized with seed: 42
[2026-06-12 21:10:29][INFO] SIM_BRIDGE: Initializing Izhikevich model specifics for 1024 neurons...
[2026-06-12 21:10:29][INFO] SIM_BRIDGE: Applying parameter heterogeneity to neuron parameters...
[2026-06-12 21:10:29][INFO] SIM_BRIDGE: Applied heterogeneity to 4 parameters.
[2026-06-12 21:10:29][INFO] SIM_BRIDGE: Initializing OU process state (tau=15.0ms, sigma=0.0pA)...
[2026-06-12 21:10:29][INFO] SIM_BRIDGE: Generating 3D neuron positions for 1024 neurons...
[2026-06-12 21:10:29][INFO] SIM_BRIDGE: Generating connections (3D)...
[2026-06-12 21:10:29][INFO] SIM_BRIDGE: Simulation data initialized for 1024 neurons (3D). Synapses: 0. GPU memory: 1.7GB/25.8GB (6.5%)
[2026-06-12 21:10:37][INFO] SIM_BRIDGE: CuPy using GPU: NVIDIA GeForce RTX 3090 (24.0 GB), mempool limit: 80%
[2026-06-12 21:10:37][INFO] SIM_BRIDGE: Initializing simulation data for model: IZHIKEVICH (3D)... (playback_init: False)
[2026-06-12 21:10:37][INFO] SIM_BRIDGE: RNG initialized with seed: 42
[2026-06-12 21:10:37][INFO] SIM_BRIDGE: Initializing Izhikevich model specifics for 512 neurons...
[2026-06-12 21:10:37][INFO] SIM_BRIDGE: Applying parameter heterogeneity to neuron parameters...
[2026-06-12 21:10:37][INFO] SIM_BRIDGE: Applied heterogeneity to 4 parameters.
[2026-06-12 21:10:37][INFO] SIM_BRIDGE: Initializing OU process state (tau=15.0ms, sigma=0.0pA)...
[2026-06-12 21:10:37][INFO] SIM_BRIDGE: Generating 3D neuron positions for 512 neurons...
[2026-06-12 21:10:37][INFO] SIM_BRIDGE: Generating connections (3D)...
[2026-06-12 21:10:37][INFO] SIM_BRIDGE: Simulation data initialized for 512 neurons (3D). Synapses: 0. GPU memory: 1.7GB/25.8GB (6.5%)
[2026-06-12 21:10:38][INFO] SIM_BRIDGE: CuPy using GPU: NVIDIA GeForce RTX 3090 (24.0 GB), mempool limit: 80%
[2026-06-12 21:10:38][INFO] SIM_BRIDGE: Initializing simulation data for model: IZHIKEVICH (3D)... (playback_init: False)
[2026-06-12 21:10:38][INFO] SIM_BRIDGE: RNG initialized with seed: 42
[2026-06-12 21:10:38][INFO] SIM_BRIDGE: Initializing Izhikevich model specifics for 1024 neurons...
[2026-06-12 21:10:38][INFO] SIM_BRIDGE: Applying parameter heterogeneity to neuron parameters...
[2026-06-12 21:10:38][INFO] SIM_BRIDGE: Applied heterogeneity to 4 parameters.
[2026-06-12 21:10:38][INFO] SIM_BRIDGE: Initializing OU process state (tau=15.0ms, sigma=0.0pA)...
[2026-06-12 21:10:38][INFO] SIM_BRIDGE: Generating 3D neuron positions for 1024 neurons...
[2026-06-12 21:10:38][INFO] SIM_BRIDGE: Generating connections (3D)...
[2026-06-12 21:10:38][INFO] SIM_BRIDGE: Simulation data initialized for 1024 neurons (3D). Synapses: 0. GPU memory: 1.7GB/25.8GB (6.5%)
[2026-06-12 21:10:41][INFO] SIM_BRIDGE: CuPy using GPU: NVIDIA GeForce RTX 3090 (24.0 GB), mempool limit: 80%
[2026-06-12 21:10:41][INFO] SIM_BRIDGE: Initializing simulation data for model: IZHIKEVICH (3D)... (playback_init: False)
[2026-06-12 21:10:41][INFO] SIM_BRIDGE: RNG initialized with seed: 42
[2026-06-12 21:10:41][INFO] SIM_BRIDGE: Initializing Izhikevich model specifics for 512 neurons...
[2026-06-12 21:10:41][INFO] SIM_BRIDGE: Applying parameter heterogeneity to neuron parameters...
[2026-06-12 21:10:41][INFO] SIM_BRIDGE: Applied heterogeneity to 4 parameters.
[2026-06-12 21:10:41][INFO] SIM_BRIDGE: Initializing OU process state (tau=15.0ms, sigma=0.0pA)...
[2026-06-12 21:10:41][INFO] SIM_BRIDGE: Generating 3D neuron positions for 512 neurons...
[2026-06-12 21:10:41][INFO] SIM_BRIDGE: Generating connections (3D)...
[2026-06-12 21:10:41][INFO] SIM_BRIDGE: Simulation data initialized for 512 neurons (3D). Synapses: 0. GPU memory: 1.7GB/25.8GB (6.5%)
[2026-06-12 21:10:42][INFO] SIM_BRIDGE: CuPy using GPU: NVIDIA GeForce RTX 3090 (24.0 GB), mempool limit: 80%
[2026-06-12 21:10:42][INFO] SIM_BRIDGE: Initializing simulation data for model: IZHIKEVICH (3D)... (playback_init: False)
[2026-06-12 21:10:42][INFO] SIM_BRIDGE: RNG initialized with seed: 42
[2026-06-12 21:10:42][INFO] SIM_BRIDGE: Initializing Izhikevich model specifics for 1280 neurons...
[2026-06-12 21:10:42][INFO] SIM_BRIDGE: Applying parameter heterogeneity to neuron parameters...
[2026-06-12 21:10:42][INFO] SIM_BRIDGE: Applied heterogeneity to 4 parameters.
[2026-06-12 21:10:42][INFO] SIM_BRIDGE: Initializing OU process state (tau=15.0ms, sigma=0.0pA)...
[2026-06-12 21:10:42][INFO] SIM_BRIDGE: Generating 3D neuron positions for 1280 neurons...
[2026-06-12 21:10:42][INFO] SIM_BRIDGE: Generating connections (3D)...
[2026-06-12 21:10:42][INFO] SIM_BRIDGE: Simulation data initialized for 1280 neurons (3D). Synapses: 0. GPU memory: 1.7GB/25.8GB (6.5%)
[2026-06-12 21:10:46][INFO] SIM_BRIDGE: CuPy using GPU: NVIDIA GeForce RTX 3090 (24.0 GB), mempool limit: 80%
[2026-06-12 21:10:46][INFO] SIM_BRIDGE: Initializing simulation data for model: IZHIKEVICH (3D)... (playback_init: False)
[2026-06-12 21:10:46][INFO] SIM_BRIDGE: RNG initialized with seed: 42
[2026-06-12 21:10:46][INFO] SIM_BRIDGE: Initializing Izhikevich model specifics for 512 neurons...
[2026-06-12 21:10:46][INFO] SIM_BRIDGE: Applying parameter heterogeneity to neuron parameters...
[2026-06-12 21:10:46][INFO] SIM_BRIDGE: Applied heterogeneity to 4 parameters.
[2026-06-12 21:10:46][INFO] SIM_BRIDGE: Initializing OU process state (tau=15.0ms, sigma=0.0pA)...
[2026-06-12 21:10:46][INFO] SIM_BRIDGE: Generating 3D neuron positions for 512 neurons...
[2026-06-12 21:10:46][INFO] SIM_BRIDGE: Generating connections (3D)...
[2026-06-12 21:10:46][INFO] SIM_BRIDGE: Simulation data initialized for 512 neurons (3D). Synapses: 0. GPU memory: 1.7GB/25.8GB (6.5%)
[2026-06-12 21:10:47][INFO] SIM_BRIDGE: CuPy using GPU: NVIDIA GeForce RTX 3090 (24.0 GB), mempool limit: 80%
[2026-06-12 21:10:47][INFO] SIM_BRIDGE: Initializing simulation data for model: IZHIKEVICH (3D)... (playback_init: False)
[2026-06-12 21:10:47][INFO] SIM_BRIDGE: RNG initialized with seed: 42
[2026-06-12 21:10:47][INFO] SIM_BRIDGE: Initializing Izhikevich model specifics for 1280 neurons...
[2026-06-12 21:10:47][INFO] SIM_BRIDGE: Applying parameter heterogeneity to neuron parameters...
[2026-06-12 21:10:47][INFO] SIM_BRIDGE: Applied heterogeneity to 4 parameters.
[2026-06-12 21:10:47][INFO] SIM_BRIDGE: Initializing OU process state (tau=15.0ms, sigma=0.0pA)...
[2026-06-12 21:10:47][INFO] SIM_BRIDGE: Generating 3D neuron positions for 1280 neurons...
[2026-06-12 21:10:47][INFO] SIM_BRIDGE: Generating connections (3D)...
[2026-06-12 21:10:47][INFO] SIM_BRIDGE: Simulation data initialized for 1280 neurons (3D). Synapses: 0. GPU memory: 1.7GB/25.8GB (6.5%)
[2026-06-12 21:10:48][INFO] SIM_BRIDGE: CuPy using GPU: NVIDIA GeForce RTX 3090 (24.0 GB), mempool limit: 80%
[2026-06-12 21:10:48][INFO] SIM_BRIDGE: Initializing simulation data for model: IZHIKEVICH (3D)... (playback_init: False)
[2026-06-12 21:10:48][INFO] SIM_BRIDGE: RNG initialized with seed: 42
[2026-06-12 21:10:48][INFO] SIM_BRIDGE: Initializing Izhikevich model specifics for 512 neurons...
[2026-06-12 21:10:48][INFO] SIM_BRIDGE: Applying parameter heterogeneity to neuron parameters...
[2026-06-12 21:10:48][INFO] SIM_BRIDGE: Applied heterogeneity to 4 parameters.
[2026-06-12 21:10:48][INFO] SIM_BRIDGE: Initializing OU process state (tau=15.0ms, sigma=0.0pA)...
[2026-06-12 21:10:48][INFO] SIM_BRIDGE: Generating 3D neuron positions for 512 neurons...
[2026-06-12 21:10:48][INFO] SIM_BRIDGE: Generating connections (3D)...
[2026-06-12 21:10:48][INFO] SIM_BRIDGE: Simulation data initialized for 512 neurons (3D). Synapses: 0. GPU memory: 1.7GB/25.8GB (6.5%)
[2026-06-12 21:10:49][INFO] SIM_BRIDGE: CuPy using GPU: NVIDIA GeForce RTX 3090 (24.0 GB), mempool limit: 80%
[2026-06-12 21:10:49][INFO] SIM_BRIDGE: Initializing simulation data for model: IZHIKEVICH (3D)... (playback_init: False)
[2026-06-12 21:10:49][INFO] SIM_BRIDGE: RNG initialized with seed: 42
[2026-06-12 21:10:49][INFO] SIM_BRIDGE: Initializing Izhikevich model specifics for 1024 neurons...
[2026-06-12 21:10:49][INFO] SIM_BRIDGE: Applying parameter heterogeneity to neuron parameters...
[2026-06-12 21:10:49][INFO] SIM_BRIDGE: Applied heterogeneity to 4 parameters.
[2026-06-12 21:10:49][INFO] SIM_BRIDGE: Initializing OU process state (tau=15.0ms, sigma=0.0pA)...
[2026-06-12 21:10:49][INFO] SIM_BRIDGE: Generating 3D neuron positions for 1024 neurons...
[2026-06-12 21:10:49][INFO] SIM_BRIDGE: Generating connections (3D)...
[2026-06-12 21:10:49][INFO] SIM_BRIDGE: Simulation data initialized for 1024 neurons (3D). Synapses: 0. GPU memory: 1.7GB/25.8GB (6.5%)
[2026-06-12 21:10:57][INFO] SIM_BRIDGE: CuPy using GPU: NVIDIA GeForce RTX 3090 (24.0 GB), mempool limit: 80%
[2026-06-12 21:10:57][INFO] SIM_BRIDGE: Initializing simulation data for model: IZHIKEVICH (3D)... (playback_init: False)
[2026-06-12 21:10:57][INFO] SIM_BRIDGE: RNG initialized with seed: 42
[2026-06-12 21:10:57][INFO] SIM_BRIDGE: Initializing Izhikevich model specifics for 512 neurons...
[2026-06-12 21:10:57][INFO] SIM_BRIDGE: Applying parameter heterogeneity to neuron parameters...
[2026-06-12 21:10:57][INFO] SIM_BRIDGE: Applied heterogeneity to 4 parameters.
[2026-06-12 21:10:57][INFO] SIM_BRIDGE: Initializing OU process state (tau=15.0ms, sigma=0.0pA)...
[2026-06-12 21:10:57][INFO] SIM_BRIDGE: Generating 3D neuron positions for 512 neurons...
[2026-06-12 21:10:57][INFO] SIM_BRIDGE: Generating connections (3D)...
[2026-06-12 21:10:57][INFO] SIM_BRIDGE: Simulation data initialized for 512 neurons (3D). Synapses: 0. GPU memory: 1.7GB/25.8GB (6.5%)
[2026-06-12 21:10:58][INFO] SIM_BRIDGE: CuPy using GPU: NVIDIA GeForce RTX 3090 (24.0 GB), mempool limit: 80%
[2026-06-12 21:10:58][INFO] SIM_BRIDGE: Initializing simulation data for model: IZHIKEVICH (3D)... (playback_init: False)
[2026-06-12 21:10:58][INFO] SIM_BRIDGE: RNG initialized with seed: 42
[2026-06-12 21:10:58][INFO] SIM_BRIDGE: Initializing Izhikevich model specifics for 1024 neurons...
[2026-06-12 21:10:58][INFO] SIM_BRIDGE: Applying parameter heterogeneity to neuron parameters...
[2026-06-12 21:10:58][INFO] SIM_BRIDGE: Applied heterogeneity to 4 parameters.
[2026-06-12 21:10:58][INFO] SIM_BRIDGE: Initializing OU process state (tau=15.0ms, sigma=0.0pA)...
[2026-06-12 21:10:58][INFO] SIM_BRIDGE: Generating 3D neuron positions for 1024 neurons...
[2026-06-12 21:10:58][INFO] SIM_BRIDGE: Generating connections (3D)...
[2026-06-12 21:10:58][INFO] SIM_BRIDGE: Simulation data initialized for 1024 neurons (3D). Synapses: 0. GPU memory: 1.7GB/25.8GB (6.5%)
[2026-06-12 21:11:01][INFO] SIM_BRIDGE: CuPy using GPU: NVIDIA GeForce RTX 3090 (24.0 GB), mempool limit: 80%
[2026-06-12 21:11:01][INFO] SIM_BRIDGE: Initializing simulation data for model: IZHIKEVICH (3D)... (playback_init: False)
[2026-06-12 21:11:01][INFO] SIM_BRIDGE: RNG initialized with seed: 42
[2026-06-12 21:11:01][INFO] SIM_BRIDGE: Initializing Izhikevich model specifics for 512 neurons...
[2026-06-12 21:11:01][INFO] SIM_BRIDGE: Applying parameter heterogeneity to neuron parameters...
[2026-06-12 21:11:01][INFO] SIM_BRIDGE: Applied heterogeneity to 4 parameters.
[2026-06-12 21:11:01][INFO] SIM_BRIDGE: Initializing OU process state (tau=15.0ms, sigma=0.0pA)...
[2026-06-12 21:11:01][INFO] SIM_BRIDGE: Generating 3D neuron positions for 512 neurons...
[2026-06-12 21:11:01][INFO] SIM_BRIDGE: Generating connections (3D)...
[2026-06-12 21:11:01][INFO] SIM_BRIDGE: Simulation data initialized for 512 neurons (3D). Synapses: 0. GPU memory: 1.7GB/25.8GB (6.5%)
[2026-06-12 21:11:02][INFO] SIM_BRIDGE: CuPy using GPU: NVIDIA GeForce RTX 3090 (24.0 GB), mempool limit: 80%
[2026-06-12 21:11:02][INFO] SIM_BRIDGE: Initializing simulation data for model: IZHIKEVICH (3D)... (playback_init: False)
[2026-06-12 21:11:02][INFO] SIM_BRIDGE: RNG initialized with seed: 42
[2026-06-12 21:11:02][INFO] SIM_BRIDGE: Initializing Izhikevich model specifics for 1280 neurons...
[2026-06-12 21:11:02][INFO] SIM_BRIDGE: Applying parameter heterogeneity to neuron parameters...
[2026-06-12 21:11:02][INFO] SIM_BRIDGE: Applied heterogeneity to 4 parameters.
[2026-06-12 21:11:02][INFO] SIM_BRIDGE: Initializing OU process state (tau=15.0ms, sigma=0.0pA)...
[2026-06-12 21:11:02][INFO] SIM_BRIDGE: Generating 3D neuron positions for 1280 neurons...
[2026-06-12 21:11:02][INFO] SIM_BRIDGE: Generating connections (3D)...
[2026-06-12 21:11:02][INFO] SIM_BRIDGE: Simulation data initialized for 1280 neurons (3D). Synapses: 0. GPU memory: 1.7GB/25.8GB (6.5%)
[2026-06-12 21:11:06][INFO] SIM_BRIDGE: CuPy using GPU: NVIDIA GeForce RTX 3090 (24.0 GB), mempool limit: 80%
[2026-06-12 21:11:06][INFO] SIM_BRIDGE: Initializing simulation data for model: IZHIKEVICH (3D)... (playback_init: False)
[2026-06-12 21:11:06][INFO] SIM_BRIDGE: RNG initialized with seed: 42
[2026-06-12 21:11:06][INFO] SIM_BRIDGE: Initializing Izhikevich model specifics for 512 neurons...
[2026-06-12 21:11:06][INFO] SIM_BRIDGE: Applying parameter heterogeneity to neuron parameters...
[2026-06-12 21:11:06][INFO] SIM_BRIDGE: Applied heterogeneity to 4 parameters.
[2026-06-12 21:11:06][INFO] SIM_BRIDGE: Initializing OU process state (tau=15.0ms, sigma=0.0pA)...
[2026-06-12 21:11:06][INFO] SIM_BRIDGE: Generating 3D neuron positions for 512 neurons...
[2026-06-12 21:11:06][INFO] SIM_BRIDGE: Generating connections (3D)...
[2026-06-12 21:11:06][INFO] SIM_BRIDGE: Simulation data initialized for 512 neurons (3D). Synapses: 0. GPU memory: 1.7GB/25.8GB (6.5%)
[2026-06-12 21:11:07][INFO] SIM_BRIDGE: CuPy using GPU: NVIDIA GeForce RTX 3090 (24.0 GB), mempool limit: 80%
[2026-06-12 21:11:07][INFO] SIM_BRIDGE: Initializing simulation data for model: IZHIKEVICH (3D)... (playback_init: False)
[2026-06-12 21:11:07][INFO] SIM_BRIDGE: RNG initialized with seed: 42
[2026-06-12 21:11:07][INFO] SIM_BRIDGE: Initializing Izhikevich model specifics for 1280 neurons...
[2026-06-12 21:11:07][INFO] SIM_BRIDGE: Applying parameter heterogeneity to neuron parameters...
[2026-06-12 21:11:07][INFO] SIM_BRIDGE: Applied heterogeneity to 4 parameters.
[2026-06-12 21:11:07][INFO] SIM_BRIDGE: Initializing OU process state (tau=15.0ms, sigma=0.0pA)...
[2026-06-12 21:11:07][INFO] SIM_BRIDGE: Generating 3D neuron positions for 1280 neurons...
[2026-06-12 21:11:07][INFO] SIM_BRIDGE: Generating connections (3D)...
[2026-06-12 21:11:07][INFO] SIM_BRIDGE: Simulation data initialized for 1280 neurons (3D). Synapses: 0. GPU memory: 1.7GB/25.8GB (6.5%)
[2026-06-12 21:11:08][INFO] SIM_BRIDGE: CuPy using GPU: NVIDIA GeForce RTX 3090 (24.0 GB), mempool limit: 80%
[2026-06-12 21:11:08][INFO] SIM_BRIDGE: Initializing simulation data for model: IZHIKEVICH (3D)... (playback_init: False)
[2026-06-12 21:11:08][INFO] SIM_BRIDGE: RNG initialized with seed: 42
[2026-06-12 21:11:08][INFO] SIM_BRIDGE: Initializing Izhikevich model specifics for 512 neurons...
[2026-06-12 21:11:08][INFO] SIM_BRIDGE: Applying parameter heterogeneity to neuron parameters...
[2026-06-12 21:11:08][INFO] SIM_BRIDGE: Applied heterogeneity to 4 parameters.
[2026-06-12 21:11:08][INFO] SIM_BRIDGE: Initializing OU process state (tau=15.0ms, sigma=0.0pA)...
[2026-06-12 21:11:08][INFO] SIM_BRIDGE: Generating 3D neuron positions for 512 neurons...
[2026-06-12 21:11:08][INFO] SIM_BRIDGE: Generating connections (3D)...
[2026-06-12 21:11:08][INFO] SIM_BRIDGE: Simulation data initialized for 512 neurons (3D). Synapses: 0. GPU memory: 1.7GB/25.8GB (6.5%)
[2026-06-12 21:11:09][INFO] SIM_BRIDGE: CuPy using GPU: NVIDIA GeForce RTX 3090 (24.0 GB), mempool limit: 80%
[2026-06-12 21:11:09][INFO] SIM_BRIDGE: Initializing simulation data for model: IZHIKEVICH (3D)... (playback_init: False)
[2026-06-12 21:11:09][INFO] SIM_BRIDGE: RNG initialized with seed: 42
[2026-06-12 21:11:09][INFO] SIM_BRIDGE: Initializing Izhikevich model specifics for 1024 neurons...
[2026-06-12 21:11:09][INFO] SIM_BRIDGE: Applying parameter heterogeneity to neuron parameters...
[2026-06-12 21:11:09][INFO] SIM_BRIDGE: Applied heterogeneity to 4 parameters.
[2026-06-12 21:11:09][INFO] SIM_BRIDGE: Initializing OU process state (tau=15.0ms, sigma=0.0pA)...
[2026-06-12 21:11:09][INFO] SIM_BRIDGE: Generating 3D neuron positions for 1024 neurons...
[2026-06-12 21:11:09][INFO] SIM_BRIDGE: Generating connections (3D)...
[2026-06-12 21:11:09][INFO] SIM_BRIDGE: Simulation data initialized for 1024 neurons (3D). Synapses: 0. GPU memory: 1.7GB/25.8GB (6.5%)
[2026-06-12 21:11:17][INFO] SIM_BRIDGE: CuPy using GPU: NVIDIA GeForce RTX 3090 (24.0 GB), mempool limit: 80%
[2026-06-12 21:11:17][INFO] SIM_BRIDGE: Initializing simulation data for model: IZHIKEVICH (3D)... (playback_init: False)
[2026-06-12 21:11:17][INFO] SIM_BRIDGE: RNG initialized with seed: 42
[2026-06-12 21:11:17][INFO] SIM_BRIDGE: Initializing Izhikevich model specifics for 512 neurons...
[2026-06-12 21:11:17][INFO] SIM_BRIDGE: Applying parameter heterogeneity to neuron parameters...
[2026-06-12 21:11:17][INFO] SIM_BRIDGE: Applied heterogeneity to 4 parameters.
[2026-06-12 21:11:17][INFO] SIM_BRIDGE: Initializing OU process state (tau=15.0ms, sigma=0.0pA)...
[2026-06-12 21:11:17][INFO] SIM_BRIDGE: Generating 3D neuron positions for 512 neurons...
[2026-06-12 21:11:17][INFO] SIM_BRIDGE: Generating connections (3D)...
[2026-06-12 21:11:17][INFO] SIM_BRIDGE: Simulation data initialized for 512 neurons (3D). Synapses: 0. GPU memory: 1.7GB/25.8GB (6.5%)
[2026-06-12 21:11:18][INFO] SIM_BRIDGE: CuPy using GPU: NVIDIA GeForce RTX 3090 (24.0 GB), mempool limit: 80%
[2026-06-12 21:11:18][INFO] SIM_BRIDGE: Initializing simulation data for model: IZHIKEVICH (3D)... (playback_init: False)
[2026-06-12 21:11:18][INFO] SIM_BRIDGE: RNG initialized with seed: 42
[2026-06-12 21:11:18][INFO] SIM_BRIDGE: Initializing Izhikevich model specifics for 1024 neurons...
[2026-06-12 21:11:18][INFO] SIM_BRIDGE: Applying parameter heterogeneity to neuron parameters...
[2026-06-12 21:11:18][INFO] SIM_BRIDGE: Applied heterogeneity to 4 parameters.
[2026-06-12 21:11:18][INFO] SIM_BRIDGE: Initializing OU process state (tau=15.0ms, sigma=0.0pA)...
[2026-06-12 21:11:18][INFO] SIM_BRIDGE: Generating 3D neuron positions for 1024 neurons...
[2026-06-12 21:11:18][INFO] SIM_BRIDGE: Generating connections (3D)...
[2026-06-12 21:11:18][INFO] SIM_BRIDGE: Simulation data initialized for 1024 neurons (3D). Synapses: 0. GPU memory: 1.7GB/25.8GB (6.5%)
[2026-06-12 21:11:21][INFO] SIM_BRIDGE: CuPy using GPU: NVIDIA GeForce RTX 3090 (24.0 GB), mempool limit: 80%
[2026-06-12 21:11:21][INFO] SIM_BRIDGE: Initializing simulation data for model: IZHIKEVICH (3D)... (playback_init: False)
[2026-06-12 21:11:21][INFO] SIM_BRIDGE: RNG initialized with seed: 42
[2026-06-12 21:11:21][INFO] SIM_BRIDGE: Initializing Izhikevich model specifics for 512 neurons...
[2026-06-12 21:11:21][INFO] SIM_BRIDGE: Applying parameter heterogeneity to neuron parameters...
[2026-06-12 21:11:21][INFO] SIM_BRIDGE: Applied heterogeneity to 4 parameters.
[2026-06-12 21:11:21][INFO] SIM_BRIDGE: Initializing OU process state (tau=15.0ms, sigma=0.0pA)...
[2026-06-12 21:11:21][INFO] SIM_BRIDGE: Generating 3D neuron positions for 512 neurons...
[2026-06-12 21:11:21][INFO] SIM_BRIDGE: Generating connections (3D)...
[2026-06-12 21:11:21][INFO] SIM_BRIDGE: Simulation data initialized for 512 neurons (3D). Synapses: 0. GPU memory: 1.7GB/25.8GB (6.5%)
[2026-06-12 21:11:22][INFO] SIM_BRIDGE: CuPy using GPU: NVIDIA GeForce RTX 3090 (24.0 GB), mempool limit: 80%
[2026-06-12 21:11:22][INFO] SIM_BRIDGE: Initializing simulation data for model: IZHIKEVICH (3D)... (playback_init: False)
[2026-06-12 21:11:22][INFO] SIM_BRIDGE: RNG initialized with seed: 42
[2026-06-12 21:11:22][INFO] SIM_BRIDGE: Initializing Izhikevich model specifics for 1280 neurons...
[2026-06-12 21:11:22][INFO] SIM_BRIDGE: Applying parameter heterogeneity to neuron parameters...
[2026-06-12 21:11:22][INFO] SIM_BRIDGE: Applied heterogeneity to 4 parameters.
[2026-06-12 21:11:22][INFO] SIM_BRIDGE: Initializing OU process state (tau=15.0ms, sigma=0.0pA)...
[2026-06-12 21:11:22][INFO] SIM_BRIDGE: Generating 3D neuron positions for 1280 neurons...
[2026-06-12 21:11:22][INFO] SIM_BRIDGE: Generating connections (3D)...
[2026-06-12 21:11:22][INFO] SIM_BRIDGE: Simulation data initialized for 1280 neurons (3D). Synapses: 0. GPU memory: 1.7GB/25.8GB (6.5%)
[2026-06-12 21:11:25][INFO] SIM_BRIDGE: CuPy using GPU: NVIDIA GeForce RTX 3090 (24.0 GB), mempool limit: 80%
[2026-06-12 21:11:25][INFO] SIM_BRIDGE: Initializing simulation data for model: IZHIKEVICH (3D)... (playback_init: False)
[2026-06-12 21:11:25][INFO] SIM_BRIDGE: RNG initialized with seed: 42
[2026-06-12 21:11:25][INFO] SIM_BRIDGE: Initializing Izhikevich model specifics for 512 neurons...
[2026-06-12 21:11:25][INFO] SIM_BRIDGE: Applying parameter heterogeneity to neuron parameters...
[2026-06-12 21:11:25][INFO] SIM_BRIDGE: Applied heterogeneity to 4 parameters.
[2026-06-12 21:11:25][INFO] SIM_BRIDGE: Initializing OU process state (tau=15.0ms, sigma=0.0pA)...
[2026-06-12 21:11:25][INFO] SIM_BRIDGE: Generating 3D neuron positions for 512 neurons...
[2026-06-12 21:11:25][INFO] SIM_BRIDGE: Generating connections (3D)...
[2026-06-12 21:11:25][INFO] SIM_BRIDGE: Simulation data initialized for 512 neurons (3D). Synapses: 0. GPU memory: 1.7GB/25.8GB (6.5%)
[2026-06-12 21:11:26][INFO] SIM_BRIDGE: CuPy using GPU: NVIDIA GeForce RTX 3090 (24.0 GB), mempool limit: 80%
[2026-06-12 21:11:26][INFO] SIM_BRIDGE: Initializing simulation data for model: IZHIKEVICH (3D)... (playback_init: False)
[2026-06-12 21:11:26][INFO] SIM_BRIDGE: RNG initialized with seed: 42
[2026-06-12 21:11:26][INFO] SIM_BRIDGE: Initializing Izhikevich model specifics for 1280 neurons...
[2026-06-12 21:11:26][INFO] SIM_BRIDGE: Applying parameter heterogeneity to neuron parameters...
[2026-06-12 21:11:26][INFO] SIM_BRIDGE: Applied heterogeneity to 4 parameters.
[2026-06-12 21:11:26][INFO] SIM_BRIDGE: Initializing OU process state (tau=15.0ms, sigma=0.0pA)...
[2026-06-12 21:11:26][INFO] SIM_BRIDGE: Generating 3D neuron positions for 1280 neurons...
[2026-06-12 21:11:26][INFO] SIM_BRIDGE: Generating connections (3D)...
[2026-06-12 21:11:26][INFO] SIM_BRIDGE: Simulation data initialized for 1280 neurons (3D). Synapses: 0. GPU memory: 1.7GB/25.8GB (6.5%)
[2026-06-12 21:11:28][INFO] SIM_BRIDGE: CuPy using GPU: NVIDIA GeForce RTX 3090 (24.0 GB), mempool limit: 80%
[2026-06-12 21:11:28][INFO] SIM_BRIDGE: Initializing simulation data for model: IZHIKEVICH (3D)... (playback_init: False)
[2026-06-12 21:11:28][INFO] SIM_BRIDGE: RNG initialized with seed: 42
[2026-06-12 21:11:28][INFO] SIM_BRIDGE: Initializing Izhikevich model specifics for 512 neurons...
[2026-06-12 21:11:28][INFO] SIM_BRIDGE: Applying parameter heterogeneity to neuron parameters...
[2026-06-12 21:11:28][INFO] SIM_BRIDGE: Applied heterogeneity to 4 parameters.
[2026-06-12 21:11:28][INFO] SIM_BRIDGE: Initializing OU process state (tau=15.0ms, sigma=0.0pA)...
[2026-06-12 21:11:28][INFO] SIM_BRIDGE: Generating 3D neuron positions for 512 neurons...
[2026-06-12 21:11:28][INFO] SIM_BRIDGE: Generating connections (3D)...
[2026-06-12 21:11:28][INFO] SIM_BRIDGE: Simulation data initialized for 512 neurons (3D). Synapses: 0. GPU memory: 1.7GB/25.8GB (6.5%)
[2026-06-12 21:11:29][INFO] SIM_BRIDGE: CuPy using GPU: NVIDIA GeForce RTX 3090 (24.0 GB), mempool limit: 80%
[2026-06-12 21:11:29][INFO] SIM_BRIDGE: Initializing simulation data for model: IZHIKEVICH (3D)... (playback_init: False)
[2026-06-12 21:11:29][INFO] SIM_BRIDGE: RNG initialized with seed: 42
[2026-06-12 21:11:29][INFO] SIM_BRIDGE: Initializing Izhikevich model specifics for 1024 neurons...
[2026-06-12 21:11:29][INFO] SIM_BRIDGE: Applying parameter heterogeneity to neuron parameters...
[2026-06-12 21:11:29][INFO] SIM_BRIDGE: Applied heterogeneity to 4 parameters.
[2026-06-12 21:11:29][INFO] SIM_BRIDGE: Initializing OU process state (tau=15.0ms, sigma=0.0pA)...
[2026-06-12 21:11:29][INFO] SIM_BRIDGE: Generating 3D neuron positions for 1024 neurons...
[2026-06-12 21:11:29][INFO] SIM_BRIDGE: Generating connections (3D)...
[2026-06-12 21:11:29][INFO] SIM_BRIDGE: Simulation data initialized for 1024 neurons (3D). Synapses: 0. GPU memory: 1.7GB/25.8GB (6.5%)
[2026-06-12 21:11:36][INFO] SIM_BRIDGE: CuPy using GPU: NVIDIA GeForce RTX 3090 (24.0 GB), mempool limit: 80%
[2026-06-12 21:11:36][INFO] SIM_BRIDGE: Initializing simulation data for model: IZHIKEVICH (3D)... (playback_init: False)
[2026-06-12 21:11:36][INFO] SIM_BRIDGE: RNG initialized with seed: 42
[2026-06-12 21:11:36][INFO] SIM_BRIDGE: Initializing Izhikevich model specifics for 512 neurons...
[2026-06-12 21:11:36][INFO] SIM_BRIDGE: Applying parameter heterogeneity to neuron parameters...
[2026-06-12 21:11:36][INFO] SIM_BRIDGE: Applied heterogeneity to 4 parameters.
[2026-06-12 21:11:36][INFO] SIM_BRIDGE: Initializing OU process state (tau=15.0ms, sigma=0.0pA)...
[2026-06-12 21:11:36][INFO] SIM_BRIDGE: Generating 3D neuron positions for 512 neurons...
[2026-06-12 21:11:36][INFO] SIM_BRIDGE: Generating connections (3D)...
[2026-06-12 21:11:36][INFO] SIM_BRIDGE: Simulation data initialized for 512 neurons (3D). Synapses: 0. GPU memory: 1.7GB/25.8GB (6.5%)
[2026-06-12 21:11:37][INFO] SIM_BRIDGE: CuPy using GPU: NVIDIA GeForce RTX 3090 (24.0 GB), mempool limit: 80%
[2026-06-12 21:11:37][INFO] SIM_BRIDGE: Initializing simulation data for model: IZHIKEVICH (3D)... (playback_init: False)
[2026-06-12 21:11:37][INFO] SIM_BRIDGE: RNG initialized with seed: 42
[2026-06-12 21:11:37][INFO] SIM_BRIDGE: Initializing Izhikevich model specifics for 1024 neurons...
[2026-06-12 21:11:37][INFO] SIM_BRIDGE: Applying parameter heterogeneity to neuron parameters...
[2026-06-12 21:11:37][INFO] SIM_BRIDGE: Applied heterogeneity to 4 parameters.
[2026-06-12 21:11:37][INFO] SIM_BRIDGE: Initializing OU process state (tau=15.0ms, sigma=0.0pA)...
[2026-06-12 21:11:37][INFO] SIM_BRIDGE: Generating 3D neuron positions for 1024 neurons...
[2026-06-12 21:11:37][INFO] SIM_BRIDGE: Generating connections (3D)...
[2026-06-12 21:11:37][INFO] SIM_BRIDGE: Simulation data initialized for 1024 neurons (3D). Synapses: 0. GPU memory: 1.7GB/25.8GB (6.5%)
[2026-06-12 21:11:40][INFO] SIM_BRIDGE: CuPy using GPU: NVIDIA GeForce RTX 3090 (24.0 GB), mempool limit: 80%
[2026-06-12 21:11:40][INFO] SIM_BRIDGE: Initializing simulation data for model: IZHIKEVICH (3D)... (playback_init: False)
[2026-06-12 21:11:40][INFO] SIM_BRIDGE: RNG initialized with seed: 42
[2026-06-12 21:11:40][INFO] SIM_BRIDGE: Initializing Izhikevich model specifics for 512 neurons...
[2026-06-12 21:11:40][INFO] SIM_BRIDGE: Applying parameter heterogeneity to neuron parameters...
[2026-06-12 21:11:40][INFO] SIM_BRIDGE: Applied heterogeneity to 4 parameters.
[2026-06-12 21:11:40][INFO] SIM_BRIDGE: Initializing OU process state (tau=15.0ms, sigma=0.0pA)...
[2026-06-12 21:11:40][INFO] SIM_BRIDGE: Generating 3D neuron positions for 512 neurons...
[2026-06-12 21:11:40][INFO] SIM_BRIDGE: Generating connections (3D)...
[2026-06-12 21:11:40][INFO] SIM_BRIDGE: Simulation data initialized for 512 neurons (3D). Synapses: 0. GPU memory: 1.7GB/25.8GB (6.5%)
[2026-06-12 21:11:41][INFO] SIM_BRIDGE: CuPy using GPU: NVIDIA GeForce RTX 3090 (24.0 GB), mempool limit: 80%
[2026-06-12 21:11:41][INFO] SIM_BRIDGE: Initializing simulation data for model: IZHIKEVICH (3D)... (playback_init: False)
[2026-06-12 21:11:41][INFO] SIM_BRIDGE: RNG initialized with seed: 42
[2026-06-12 21:11:41][INFO] SIM_BRIDGE: Initializing Izhikevich model specifics for 1280 neurons...
[2026-06-12 21:11:41][INFO] SIM_BRIDGE: Applying parameter heterogeneity to neuron parameters...
[2026-06-12 21:11:41][INFO] SIM_BRIDGE: Applied heterogeneity to 4 parameters.
[2026-06-12 21:11:41][INFO] SIM_BRIDGE: Initializing OU process state (tau=15.0ms, sigma=0.0pA)...
[2026-06-12 21:11:41][INFO] SIM_BRIDGE: Generating 3D neuron positions for 1280 neurons...
[2026-06-12 21:11:41][INFO] SIM_BRIDGE: Generating connections (3D)...
[2026-06-12 21:11:41][INFO] SIM_BRIDGE: Simulation data initialized for 1280 neurons (3D). Synapses: 0. GPU memory: 1.7GB/25.8GB (6.5%)
[2026-06-12 21:11:45][INFO] SIM_BRIDGE: CuPy using GPU: NVIDIA GeForce RTX 3090 (24.0 GB), mempool limit: 80%
[2026-06-12 21:11:45][INFO] SIM_BRIDGE: Initializing simulation data for model: IZHIKEVICH (3D)... (playback_init: False)
[2026-06-12 21:11:45][INFO] SIM_BRIDGE: RNG initialized with seed: 42
[2026-06-12 21:11:45][INFO] SIM_BRIDGE: Initializing Izhikevich model specifics for 512 neurons...
[2026-06-12 21:11:45][INFO] SIM_BRIDGE: Applying parameter heterogeneity to neuron parameters...
[2026-06-12 21:11:45][INFO] SIM_BRIDGE: Applied heterogeneity to 4 parameters.
[2026-06-12 21:11:45][INFO] SIM_BRIDGE: Initializing OU process state (tau=15.0ms, sigma=0.0pA)...
[2026-06-12 21:11:45][INFO] SIM_BRIDGE: Generating 3D neuron positions for 512 neurons...
[2026-06-12 21:11:45][INFO] SIM_BRIDGE: Generating connections (3D)...
[2026-06-12 21:11:45][INFO] SIM_BRIDGE: Simulation data initialized for 512 neurons (3D). Synapses: 0. GPU memory: 1.7GB/25.8GB (6.5%)
[2026-06-12 21:11:46][INFO] SIM_BRIDGE: CuPy using GPU: NVIDIA GeForce RTX 3090 (24.0 GB), mempool limit: 80%
[2026-06-12 21:11:46][INFO] SIM_BRIDGE: Initializing simulation data for model: IZHIKEVICH (3D)... (playback_init: False)
[2026-06-12 21:11:46][INFO] SIM_BRIDGE: RNG initialized with seed: 42
[2026-06-12 21:11:46][INFO] SIM_BRIDGE: Initializing Izhikevich model specifics for 1280 neurons...
[2026-06-12 21:11:46][INFO] SIM_BRIDGE: Applying parameter heterogeneity to neuron parameters...
[2026-06-12 21:11:46][INFO] SIM_BRIDGE: Applied heterogeneity to 4 parameters.
[2026-06-12 21:11:46][INFO] SIM_BRIDGE: Initializing OU process state (tau=15.0ms, sigma=0.0pA)...
[2026-06-12 21:11:46][INFO] SIM_BRIDGE: Generating 3D neuron positions for 1280 neurons...
[2026-06-12 21:11:46][INFO] SIM_BRIDGE: Generating connections (3D)...
[2026-06-12 21:11:46][INFO] SIM_BRIDGE: Simulation data initialized for 1280 neurons (3D). Synapses: 0. GPU memory: 1.7GB/25.8GB (6.5%)
[2026-06-12 21:11:47][INFO] SIM_BRIDGE: CuPy using GPU: NVIDIA GeForce RTX 3090 (24.0 GB), mempool limit: 80%
[2026-06-12 21:11:47][INFO] SIM_BRIDGE: Initializing simulation data for model: IZHIKEVICH (3D)... (playback_init: False)
[2026-06-12 21:11:47][INFO] SIM_BRIDGE: RNG initialized with seed: 42
[2026-06-12 21:11:47][INFO] SIM_BRIDGE: Initializing Izhikevich model specifics for 512 neurons...
[2026-06-12 21:11:47][INFO] SIM_BRIDGE: Applying parameter heterogeneity to neuron parameters...
[2026-06-12 21:11:47][INFO] SIM_BRIDGE: Applied heterogeneity to 4 parameters.
[2026-06-12 21:11:47][INFO] SIM_BRIDGE: Initializing OU process state (tau=15.0ms, sigma=0.0pA)...
[2026-06-12 21:11:47][INFO] SIM_BRIDGE: Generating 3D neuron positions for 512 neurons...
[2026-06-12 21:11:47][INFO] SIM_BRIDGE: Generating connections (3D)...
[2026-06-12 21:11:47][INFO] SIM_BRIDGE: Simulation data initialized for 512 neurons (3D). Synapses: 0. GPU memory: 1.7GB/25.8GB (6.5%)
[2026-06-12 21:11:48][INFO] SIM_BRIDGE: CuPy using GPU: NVIDIA GeForce RTX 3090 (24.0 GB), mempool limit: 80%
[2026-06-12 21:11:48][INFO] SIM_BRIDGE: Initializing simulation data for model: IZHIKEVICH (3D)... (playback_init: False)
[2026-06-12 21:11:48][INFO] SIM_BRIDGE: RNG initialized with seed: 42
[2026-06-12 21:11:48][INFO] SIM_BRIDGE: Initializing Izhikevich model specifics for 1024 neurons...
[2026-06-12 21:11:48][INFO] SIM_BRIDGE: Applying parameter heterogeneity to neuron parameters...
[2026-06-12 21:11:48][INFO] SIM_BRIDGE: Applied heterogeneity to 4 parameters.
[2026-06-12 21:11:48][INFO] SIM_BRIDGE: Initializing OU process state (tau=15.0ms, sigma=0.0pA)...
[2026-06-12 21:11:48][INFO] SIM_BRIDGE: Generating 3D neuron positions for 1024 neurons...
[2026-06-12 21:11:48][INFO] SIM_BRIDGE: Generating connections (3D)...
[2026-06-12 21:11:48][INFO] SIM_BRIDGE: Simulation data initialized for 1024 neurons (3D). Synapses: 0. GPU memory: 1.7GB/25.8GB (6.5%)
[2026-06-12 21:11:56][INFO] SIM_BRIDGE: CuPy using GPU: NVIDIA GeForce RTX 3090 (24.0 GB), mempool limit: 80%
[2026-06-12 21:11:56][INFO] SIM_BRIDGE: Initializing simulation data for model: IZHIKEVICH (3D)... (playback_init: False)
[2026-06-12 21:11:56][INFO] SIM_BRIDGE: RNG initialized with seed: 42
[2026-06-12 21:11:56][INFO] SIM_BRIDGE: Initializing Izhikevich model specifics for 512 neurons...
[2026-06-12 21:11:56][INFO] SIM_BRIDGE: Applying parameter heterogeneity to neuron parameters...
[2026-06-12 21:11:56][INFO] SIM_BRIDGE: Applied heterogeneity to 4 parameters.
[2026-06-12 21:11:56][INFO] SIM_BRIDGE: Initializing OU process state (tau=15.0ms, sigma=0.0pA)...
[2026-06-12 21:11:56][INFO] SIM_BRIDGE: Generating 3D neuron positions for 512 neurons...
[2026-06-12 21:11:56][INFO] SIM_BRIDGE: Generating connections (3D)...
[2026-06-12 21:11:56][INFO] SIM_BRIDGE: Simulation data initialized for 512 neurons (3D). Synapses: 0. GPU memory: 1.7GB/25.8GB (6.5%)
[2026-06-12 21:11:57][INFO] SIM_BRIDGE: CuPy using GPU: NVIDIA GeForce RTX 3090 (24.0 GB), mempool limit: 80%
[2026-06-12 21:11:57][INFO] SIM_BRIDGE: Initializing simulation data for model: IZHIKEVICH (3D)... (playback_init: False)
[2026-06-12 21:11:57][INFO] SIM_BRIDGE: RNG initialized with seed: 42
[2026-06-12 21:11:57][INFO] SIM_BRIDGE: Initializing Izhikevich model specifics for 1024 neurons...
[2026-06-12 21:11:57][INFO] SIM_BRIDGE: Applying parameter heterogeneity to neuron parameters...
[2026-06-12 21:11:57][INFO] SIM_BRIDGE: Applied heterogeneity to 4 parameters.
[2026-06-12 21:11:57][INFO] SIM_BRIDGE: Initializing OU process state (tau=15.0ms, sigma=0.0pA)...
[2026-06-12 21:11:57][INFO] SIM_BRIDGE: Generating 3D neuron positions for 1024 neurons...
[2026-06-12 21:11:57][INFO] SIM_BRIDGE: Generating connections (3D)...
[2026-06-12 21:11:57][INFO] SIM_BRIDGE: Simulation data initialized for 1024 neurons (3D). Synapses: 0. GPU memory: 1.7GB/25.8GB (6.5%)
[2026-06-12 21:12:00][INFO] SIM_BRIDGE: CuPy using GPU: NVIDIA GeForce RTX 3090 (24.0 GB), mempool limit: 80%
[2026-06-12 21:12:00][INFO] SIM_BRIDGE: Initializing simulation data for model: IZHIKEVICH (3D)... (playback_init: False)
[2026-06-12 21:12:00][INFO] SIM_BRIDGE: RNG initialized with seed: 42
[2026-06-12 21:12:00][INFO] SIM_BRIDGE: Initializing Izhikevich model specifics for 512 neurons...
[2026-06-12 21:12:00][INFO] SIM_BRIDGE: Applying parameter heterogeneity to neuron parameters...
[2026-06-12 21:12:00][INFO] SIM_BRIDGE: Applied heterogeneity to 4 parameters.
[2026-06-12 21:12:00][INFO] SIM_BRIDGE: Initializing OU process state (tau=15.0ms, sigma=0.0pA)...
[2026-06-12 21:12:00][INFO] SIM_BRIDGE: Generating 3D neuron positions for 512 neurons...
[2026-06-12 21:12:00][INFO] SIM_BRIDGE: Generating connections (3D)...
[2026-06-12 21:12:00][INFO] SIM_BRIDGE: Simulation data initialized for 512 neurons (3D). Synapses: 0. GPU memory: 1.7GB/25.8GB (6.5%)
[2026-06-12 21:12:01][INFO] SIM_BRIDGE: CuPy using GPU: NVIDIA GeForce RTX 3090 (24.0 GB), mempool limit: 80%
[2026-06-12 21:12:01][INFO] SIM_BRIDGE: Initializing simulation data for model: IZHIKEVICH (3D)... (playback_init: False)
[2026-06-12 21:12:01][INFO] SIM_BRIDGE: RNG initialized with seed: 42
[2026-06-12 21:12:01][INFO] SIM_BRIDGE: Initializing Izhikevich model specifics for 1280 neurons...
[2026-06-12 21:12:01][INFO] SIM_BRIDGE: Applying parameter heterogeneity to neuron parameters...
[2026-06-12 21:12:01][INFO] SIM_BRIDGE: Applied heterogeneity to 4 parameters.
[2026-06-12 21:12:01][INFO] SIM_BRIDGE: Initializing OU process state (tau=15.0ms, sigma=0.0pA)...
[2026-06-12 21:12:01][INFO] SIM_BRIDGE: Generating 3D neuron positions for 1280 neurons...
[2026-06-12 21:12:01][INFO] SIM_BRIDGE: Generating connections (3D)...
[2026-06-12 21:12:01][INFO] SIM_BRIDGE: Simulation data initialized for 1280 neurons (3D). Synapses: 0. GPU memory: 1.7GB/25.8GB (6.5%)
[2026-06-12 21:12:05][INFO] SIM_BRIDGE: CuPy using GPU: NVIDIA GeForce RTX 3090 (24.0 GB), mempool limit: 80%
[2026-06-12 21:12:05][INFO] SIM_BRIDGE: Initializing simulation data for model: IZHIKEVICH (3D)... (playback_init: False)
[2026-06-12 21:12:05][INFO] SIM_BRIDGE: RNG initialized with seed: 42
[2026-06-12 21:12:05][INFO] SIM_BRIDGE: Initializing Izhikevich model specifics for 512 neurons...
[2026-06-12 21:12:05][INFO] SIM_BRIDGE: Applying parameter heterogeneity to neuron parameters...
[2026-06-12 21:12:05][INFO] SIM_BRIDGE: Applied heterogeneity to 4 parameters.
[2026-06-12 21:12:05][INFO] SIM_BRIDGE: Initializing OU process state (tau=15.0ms, sigma=0.0pA)...
[2026-06-12 21:12:05][INFO] SIM_BRIDGE: Generating 3D neuron positions for 512 neurons...
[2026-06-12 21:12:05][INFO] SIM_BRIDGE: Generating connections (3D)...
[2026-06-12 21:12:05][INFO] SIM_BRIDGE: Simulation data initialized for 512 neurons (3D). Synapses: 0. GPU memory: 1.7GB/25.8GB (6.5%)
[2026-06-12 21:12:06][INFO] SIM_BRIDGE: CuPy using GPU: NVIDIA GeForce RTX 3090 (24.0 GB), mempool limit: 80%
[2026-06-12 21:12:06][INFO] SIM_BRIDGE: Initializing simulation data for model: IZHIKEVICH (3D)... (playback_init: False)
[2026-06-12 21:12:06][INFO] SIM_BRIDGE: RNG initialized with seed: 42
[2026-06-12 21:12:06][INFO] SIM_BRIDGE: Initializing Izhikevich model specifics for 1280 neurons...
[2026-06-12 21:12:06][INFO] SIM_BRIDGE: Applying parameter heterogeneity to neuron parameters...
[2026-06-12 21:12:06][INFO] SIM_BRIDGE: Applied heterogeneity to 4 parameters.
[2026-06-12 21:12:06][INFO] SIM_BRIDGE: Initializing OU process state (tau=15.0ms, sigma=0.0pA)...
[2026-06-12 21:12:06][INFO] SIM_BRIDGE: Generating 3D neuron positions for 1280 neurons...
[2026-06-12 21:12:06][INFO] SIM_BRIDGE: Generating connections (3D)...
[2026-06-12 21:12:06][INFO] SIM_BRIDGE: Simulation data initialized for 1280 neurons (3D). Synapses: 0. GPU memory: 1.7GB/25.8GB (6.5%)
[2026-06-12 21:12:07][INFO] SIM_BRIDGE: CuPy using GPU: NVIDIA GeForce RTX 3090 (24.0 GB), mempool limit: 80%
[2026-06-12 21:12:07][INFO] SIM_BRIDGE: Initializing simulation data for model: IZHIKEVICH (3D)... (playback_init: False)
[2026-06-12 21:12:07][INFO] SIM_BRIDGE: RNG initialized with seed: 42
[2026-06-12 21:12:07][INFO] SIM_BRIDGE: Initializing Izhikevich model specifics for 512 neurons...
[2026-06-12 21:12:07][INFO] SIM_BRIDGE: Applying parameter heterogeneity to neuron parameters...
[2026-06-12 21:12:07][INFO] SIM_BRIDGE: Applied heterogeneity to 4 parameters.
[2026-06-12 21:12:07][INFO] SIM_BRIDGE: Initializing OU process state (tau=15.0ms, sigma=0.0pA)...
[2026-06-12 21:12:07][INFO] SIM_BRIDGE: Generating 3D neuron positions for 512 neurons...
[2026-06-12 21:12:07][INFO] SIM_BRIDGE: Generating connections (3D)...
[2026-06-12 21:12:07][INFO] SIM_BRIDGE: Simulation data initialized for 512 neurons (3D). Synapses: 0. GPU memory: 1.7GB/25.8GB (6.5%)
[2026-06-12 21:12:08][INFO] SIM_BRIDGE: CuPy using GPU: NVIDIA GeForce RTX 3090 (24.0 GB), mempool limit: 80%
[2026-06-12 21:12:08][INFO] SIM_BRIDGE: Initializing simulation data for model: IZHIKEVICH (3D)... (playback_init: False)
[2026-06-12 21:12:08][INFO] SIM_BRIDGE: RNG initialized with seed: 42
[2026-06-12 21:12:08][INFO] SIM_BRIDGE: Initializing Izhikevich model specifics for 1024 neurons...
[2026-06-12 21:12:08][INFO] SIM_BRIDGE: Applying parameter heterogeneity to neuron parameters...
[2026-06-12 21:12:08][INFO] SIM_BRIDGE: Applied heterogeneity to 4 parameters.
[2026-06-12 21:12:08][INFO] SIM_BRIDGE: Initializing OU process state (tau=15.0ms, sigma=0.0pA)...
[2026-06-12 21:12:08][INFO] SIM_BRIDGE: Generating 3D neuron positions for 1024 neurons...
[2026-06-12 21:12:08][INFO] SIM_BRIDGE: Generating connections (3D)...
[2026-06-12 21:12:08][INFO] SIM_BRIDGE: Simulation data initialized for 1024 neurons (3D). Synapses: 0. GPU memory: 1.7GB/25.8GB (6.5%)
[2026-06-12 21:12:16][INFO] SIM_BRIDGE: CuPy using GPU: NVIDIA GeForce RTX 3090 (24.0 GB), mempool limit: 80%
[2026-06-12 21:12:16][INFO] SIM_BRIDGE: Initializing simulation data for model: IZHIKEVICH (3D)... (playback_init: False)
[2026-06-12 21:12:16][INFO] SIM_BRIDGE: RNG initialized with seed: 42
[2026-06-12 21:12:16][INFO] SIM_BRIDGE: Initializing Izhikevich model specifics for 512 neurons...
[2026-06-12 21:12:16][INFO] SIM_BRIDGE: Applying parameter heterogeneity to neuron parameters...
[2026-06-12 21:12:16][INFO] SIM_BRIDGE: Applied heterogeneity to 4 parameters.
[2026-06-12 21:12:16][INFO] SIM_BRIDGE: Initializing OU process state (tau=15.0ms, sigma=0.0pA)...
[2026-06-12 21:12:16][INFO] SIM_BRIDGE: Generating 3D neuron positions for 512 neurons...
[2026-06-12 21:12:16][INFO] SIM_BRIDGE: Generating connections (3D)...
[2026-06-12 21:12:16][INFO] SIM_BRIDGE: Simulation data initialized for 512 neurons (3D). Synapses: 0. GPU memory: 1.7GB/25.8GB (6.5%)
[2026-06-12 21:12:17][INFO] SIM_BRIDGE: CuPy using GPU: NVIDIA GeForce RTX 3090 (24.0 GB), mempool limit: 80%
[2026-06-12 21:12:17][INFO] SIM_BRIDGE: Initializing simulation data for model: IZHIKEVICH (3D)... (playback_init: False)
[2026-06-12 21:12:17][INFO] SIM_BRIDGE: RNG initialized with seed: 42
[2026-06-12 21:12:17][INFO] SIM_BRIDGE: Initializing Izhikevich model specifics for 1024 neurons...
[2026-06-12 21:12:17][INFO] SIM_BRIDGE: Applying parameter heterogeneity to neuron parameters...
[2026-06-12 21:12:17][INFO] SIM_BRIDGE: Applied heterogeneity to 4 parameters.
[2026-06-12 21:12:17][INFO] SIM_BRIDGE: Initializing OU process state (tau=15.0ms, sigma=0.0pA)...
[2026-06-12 21:12:17][INFO] SIM_BRIDGE: Generating 3D neuron positions for 1024 neurons...
[2026-06-12 21:12:17][INFO] SIM_BRIDGE: Generating connections (3D)...
[2026-06-12 21:12:17][INFO] SIM_BRIDGE: Simulation data initialized for 1024 neurons (3D). Synapses: 0. GPU memory: 1.7GB/25.8GB (6.5%)
[2026-06-12 21:12:20][INFO] SIM_BRIDGE: CuPy using GPU: NVIDIA GeForce RTX 3090 (24.0 GB), mempool limit: 80%
[2026-06-12 21:12:20][INFO] SIM_BRIDGE: Initializing simulation data for model: IZHIKEVICH (3D)... (playback_init: False)
[2026-06-12 21:12:20][INFO] SIM_BRIDGE: RNG initialized with seed: 42
[2026-06-12 21:12:20][INFO] SIM_BRIDGE: Initializing Izhikevich model specifics for 512 neurons...
[2026-06-12 21:12:20][INFO] SIM_BRIDGE: Applying parameter heterogeneity to neuron parameters...
[2026-06-12 21:12:20][INFO] SIM_BRIDGE: Applied heterogeneity to 4 parameters.
[2026-06-12 21:12:20][INFO] SIM_BRIDGE: Initializing OU process state (tau=15.0ms, sigma=0.0pA)...
[2026-06-12 21:12:20][INFO] SIM_BRIDGE: Generating 3D neuron positions for 512 neurons...
[2026-06-12 21:12:20][INFO] SIM_BRIDGE: Generating connections (3D)...
[2026-06-12 21:12:20][INFO] SIM_BRIDGE: Simulation data initialized for 512 neurons (3D). Synapses: 0. GPU memory: 1.7GB/25.8GB (6.5%)
[2026-06-12 21:12:21][INFO] SIM_BRIDGE: CuPy using GPU: NVIDIA GeForce RTX 3090 (24.0 GB), mempool limit: 80%
[2026-06-12 21:12:21][INFO] SIM_BRIDGE: Initializing simulation data for model: IZHIKEVICH (3D)... (playback_init: False)
[2026-06-12 21:12:21][INFO] SIM_BRIDGE: RNG initialized with seed: 42
[2026-06-12 21:12:21][INFO] SIM_BRIDGE: Initializing Izhikevich model specifics for 1280 neurons...
[2026-06-12 21:12:21][INFO] SIM_BRIDGE: Applying parameter heterogeneity to neuron parameters...
[2026-06-12 21:12:21][INFO] SIM_BRIDGE: Applied heterogeneity to 4 parameters.
[2026-06-12 21:12:21][INFO] SIM_BRIDGE: Initializing OU process state (tau=15.0ms, sigma=0.0pA)...
[2026-06-12 21:12:21][INFO] SIM_BRIDGE: Generating 3D neuron positions for 1280 neurons...
[2026-06-12 21:12:21][INFO] SIM_BRIDGE: Generating connections (3D)...
[2026-06-12 21:12:21][INFO] SIM_BRIDGE: Simulation data initialized for 1280 neurons (3D). Synapses: 0. GPU memory: 1.7GB/25.8GB (6.5%)
[2026-06-12 21:12:25][INFO] SIM_BRIDGE: CuPy using GPU: NVIDIA GeForce RTX 3090 (24.0 GB), mempool limit: 80%
[2026-06-12 21:12:25][INFO] SIM_BRIDGE: Initializing simulation data for model: IZHIKEVICH (3D)... (playback_init: False)
[2026-06-12 21:12:25][INFO] SIM_BRIDGE: RNG initialized with seed: 42
[2026-06-12 21:12:25][INFO] SIM_BRIDGE: Initializing Izhikevich model specifics for 512 neurons...
[2026-06-12 21:12:25][INFO] SIM_BRIDGE: Applying parameter heterogeneity to neuron parameters...
[2026-06-12 21:12:25][INFO] SIM_BRIDGE: Applied heterogeneity to 4 parameters.
[2026-06-12 21:12:25][INFO] SIM_BRIDGE: Initializing OU process state (tau=15.0ms, sigma=0.0pA)...
[2026-06-12 21:12:25][INFO] SIM_BRIDGE: Generating 3D neuron positions for 512 neurons...
[2026-06-12 21:12:25][INFO] SIM_BRIDGE: Generating connections (3D)...
[2026-06-12 21:12:25][INFO] SIM_BRIDGE: Simulation data initialized for 512 neurons (3D). Synapses: 0. GPU memory: 1.7GB/25.8GB (6.5%)
[2026-06-12 21:12:26][INFO] SIM_BRIDGE: CuPy using GPU: NVIDIA GeForce RTX 3090 (24.0 GB), mempool limit: 80%
[2026-06-12 21:12:26][INFO] SIM_BRIDGE: Initializing simulation data for model: IZHIKEVICH (3D)... (playback_init: False)
[2026-06-12 21:12:26][INFO] SIM_BRIDGE: RNG initialized with seed: 42
[2026-06-12 21:12:26][INFO] SIM_BRIDGE: Initializing Izhikevich model specifics for 1280 neurons...
[2026-06-12 21:12:26][INFO] SIM_BRIDGE: Applying parameter heterogeneity to neuron parameters...
[2026-06-12 21:12:26][INFO] SIM_BRIDGE: Applied heterogeneity to 4 parameters.
[2026-06-12 21:12:26][INFO] SIM_BRIDGE: Initializing OU process state (tau=15.0ms, sigma=0.0pA)...
[2026-06-12 21:12:26][INFO] SIM_BRIDGE: Generating 3D neuron positions for 1280 neurons...
[2026-06-12 21:12:26][INFO] SIM_BRIDGE: Generating connections (3D)...
[2026-06-12 21:12:26][INFO] SIM_BRIDGE: Simulation data initialized for 1280 neurons (3D). Synapses: 0. GPU memory: 1.7GB/25.8GB (6.5%)
[2026-06-12 21:12:27][INFO] SIM_BRIDGE: CuPy using GPU: NVIDIA GeForce RTX 3090 (24.0 GB), mempool limit: 80%
[2026-06-12 21:12:27][INFO] SIM_BRIDGE: Initializing simulation data for model: IZHIKEVICH (3D)... (playback_init: False)
[2026-06-12 21:12:27][INFO] SIM_BRIDGE: RNG initialized with seed: 42
[2026-06-12 21:12:27][INFO] SIM_BRIDGE: Initializing Izhikevich model specifics for 512 neurons...
[2026-06-12 21:12:27][INFO] SIM_BRIDGE: Applying parameter heterogeneity to neuron parameters...
[2026-06-12 21:12:27][INFO] SIM_BRIDGE: Applied heterogeneity to 4 parameters.
[2026-06-12 21:12:27][INFO] SIM_BRIDGE: Initializing OU process state (tau=15.0ms, sigma=0.0pA)...
[2026-06-12 21:12:27][INFO] SIM_BRIDGE: Generating 3D neuron positions for 512 neurons...
[2026-06-12 21:12:27][INFO] SIM_BRIDGE: Generating connections (3D)...
[2026-06-12 21:12:27][INFO] SIM_BRIDGE: Simulation data initialized for 512 neurons (3D). Synapses: 0. GPU memory: 1.7GB/25.8GB (6.5%)
[2026-06-12 21:12:29][INFO] SIM_BRIDGE: CuPy using GPU: NVIDIA GeForce RTX 3090 (24.0 GB), mempool limit: 80%
[2026-06-12 21:12:29][INFO] SIM_BRIDGE: Initializing simulation data for model: IZHIKEVICH (3D)... (playback_init: False)
[2026-06-12 21:12:29][INFO] SIM_BRIDGE: RNG initialized with seed: 42
[2026-06-12 21:12:29][INFO] SIM_BRIDGE: Initializing Izhikevich model specifics for 1024 neurons...
[2026-06-12 21:12:29][INFO] SIM_BRIDGE: Applying parameter heterogeneity to neuron parameters...
[2026-06-12 21:12:29][INFO] SIM_BRIDGE: Applied heterogeneity to 4 parameters.
[2026-06-12 21:12:29][INFO] SIM_BRIDGE: Initializing OU process state (tau=15.0ms, sigma=0.0pA)...
[2026-06-12 21:12:29][INFO] SIM_BRIDGE: Generating 3D neuron positions for 1024 neurons...
[2026-06-12 21:12:29][INFO] SIM_BRIDGE: Generating connections (3D)...
[2026-06-12 21:12:29][INFO] SIM_BRIDGE: Simulation data initialized for 1024 neurons (3D). Synapses: 0. GPU memory: 1.7GB/25.8GB (6.5%)
[2026-06-12 21:12:37][INFO] SIM_BRIDGE: CuPy using GPU: NVIDIA GeForce RTX 3090 (24.0 GB), mempool limit: 80%
[2026-06-12 21:12:37][INFO] SIM_BRIDGE: Initializing simulation data for model: IZHIKEVICH (3D)... (playback_init: False)
[2026-06-12 21:12:37][INFO] SIM_BRIDGE: RNG initialized with seed: 42
[2026-06-12 21:12:37][INFO] SIM_BRIDGE: Initializing Izhikevich model specifics for 512 neurons...
[2026-06-12 21:12:37][INFO] SIM_BRIDGE: Applying parameter heterogeneity to neuron parameters...
[2026-06-12 21:12:37][INFO] SIM_BRIDGE: Applied heterogeneity to 4 parameters.
[2026-06-12 21:12:37][INFO] SIM_BRIDGE: Initializing OU process state (tau=15.0ms, sigma=0.0pA)...
[2026-06-12 21:12:37][INFO] SIM_BRIDGE: Generating 3D neuron positions for 512 neurons...
[2026-06-12 21:12:37][INFO] SIM_BRIDGE: Generating connections (3D)...
[2026-06-12 21:12:37][INFO] SIM_BRIDGE: Simulation data initialized for 512 neurons (3D). Synapses: 0. GPU memory: 1.7GB/25.8GB (6.5%)
[2026-06-12 21:12:37][INFO] SIM_BRIDGE: CuPy using GPU: NVIDIA GeForce RTX 3090 (24.0 GB), mempool limit: 80%
[2026-06-12 21:12:37][INFO] SIM_BRIDGE: Initializing simulation data for model: IZHIKEVICH (3D)... (playback_init: False)
[2026-06-12 21:12:37][INFO] SIM_BRIDGE: RNG initialized with seed: 42
[2026-06-12 21:12:37][INFO] SIM_BRIDGE: Initializing Izhikevich model specifics for 1024 neurons...
[2026-06-12 21:12:37][INFO] SIM_BRIDGE: Applying parameter heterogeneity to neuron parameters...
[2026-06-12 21:12:37][INFO] SIM_BRIDGE: Applied heterogeneity to 4 parameters.
[2026-06-12 21:12:37][INFO] SIM_BRIDGE: Initializing OU process state (tau=15.0ms, sigma=0.0pA)...
[2026-06-12 21:12:37][INFO] SIM_BRIDGE: Generating 3D neuron positions for 1024 neurons...
[2026-06-12 21:12:37][INFO] SIM_BRIDGE: Generating connections (3D)...
[2026-06-12 21:12:37][INFO] SIM_BRIDGE: Simulation data initialized for 1024 neurons (3D). Synapses: 0. GPU memory: 1.7GB/25.8GB (6.5%)
[2026-06-12 21:12:41][INFO] SIM_BRIDGE: CuPy using GPU: NVIDIA GeForce RTX 3090 (24.0 GB), mempool limit: 80%
[2026-06-12 21:12:41][INFO] SIM_BRIDGE: Initializing simulation data for model: IZHIKEVICH (3D)... (playback_init: False)
[2026-06-12 21:12:41][INFO] SIM_BRIDGE: RNG initialized with seed: 42
[2026-06-12 21:12:41][INFO] SIM_BRIDGE: Initializing Izhikevich model specifics for 512 neurons...
[2026-06-12 21:12:41][INFO] SIM_BRIDGE: Applying parameter heterogeneity to neuron parameters...
[2026-06-12 21:12:41][INFO] SIM_BRIDGE: Applied heterogeneity to 4 parameters.
[2026-06-12 21:12:41][INFO] SIM_BRIDGE: Initializing OU process state (tau=15.0ms, sigma=0.0pA)...
[2026-06-12 21:12:41][INFO] SIM_BRIDGE: Generating 3D neuron positions for 512 neurons...
[2026-06-12 21:12:41][INFO] SIM_BRIDGE: Generating connections (3D)...
[2026-06-12 21:12:41][INFO] SIM_BRIDGE: Simulation data initialized for 512 neurons (3D). Synapses: 0. GPU memory: 1.7GB/25.8GB (6.5%)
[2026-06-12 21:12:42][INFO] SIM_BRIDGE: CuPy using GPU: NVIDIA GeForce RTX 3090 (24.0 GB), mempool limit: 80%
[2026-06-12 21:12:42][INFO] SIM_BRIDGE: Initializing simulation data for model: IZHIKEVICH (3D)... (playback_init: False)
[2026-06-12 21:12:42][INFO] SIM_BRIDGE: RNG initialized with seed: 42
[2026-06-12 21:12:42][INFO] SIM_BRIDGE: Initializing Izhikevich model specifics for 1280 neurons...
[2026-06-12 21:12:42][INFO] SIM_BRIDGE: Applying parameter heterogeneity to neuron parameters...
[2026-06-12 21:12:42][INFO] SIM_BRIDGE: Applied heterogeneity to 4 parameters.
[2026-06-12 21:12:42][INFO] SIM_BRIDGE: Initializing OU process state (tau=15.0ms, sigma=0.0pA)...
[2026-06-12 21:12:42][INFO] SIM_BRIDGE: Generating 3D neuron positions for 1280 neurons...
[2026-06-12 21:12:42][INFO] SIM_BRIDGE: Generating connections (3D)...
[2026-06-12 21:12:42][INFO] SIM_BRIDGE: Simulation data initialized for 1280 neurons (3D). Synapses: 0. GPU memory: 1.7GB/25.8GB (6.5%)
[2026-06-12 21:12:46][INFO] SIM_BRIDGE: CuPy using GPU: NVIDIA GeForce RTX 3090 (24.0 GB), mempool limit: 80%
[2026-06-12 21:12:46][INFO] SIM_BRIDGE: Initializing simulation data for model: IZHIKEVICH (3D)... (playback_init: False)
[2026-06-12 21:12:46][INFO] SIM_BRIDGE: RNG initialized with seed: 42
[2026-06-12 21:12:46][INFO] SIM_BRIDGE: Initializing Izhikevich model specifics for 512 neurons...
[2026-06-12 21:12:46][INFO] SIM_BRIDGE: Applying parameter heterogeneity to neuron parameters...
[2026-06-12 21:12:46][INFO] SIM_BRIDGE: Applied heterogeneity to 4 parameters.
[2026-06-12 21:12:46][INFO] SIM_BRIDGE: Initializing OU process state (tau=15.0ms, sigma=0.0pA)...
[2026-06-12 21:12:46][INFO] SIM_BRIDGE: Generating 3D neuron positions for 512 neurons...
[2026-06-12 21:12:46][INFO] SIM_BRIDGE: Generating connections (3D)...
[2026-06-12 21:12:46][INFO] SIM_BRIDGE: Simulation data initialized for 512 neurons (3D). Synapses: 0. GPU memory: 1.7GB/25.8GB (6.5%)
[2026-06-12 21:12:47][INFO] SIM_BRIDGE: CuPy using GPU: NVIDIA GeForce RTX 3090 (24.0 GB), mempool limit: 80%
[2026-06-12 21:12:47][INFO] SIM_BRIDGE: Initializing simulation data for model: IZHIKEVICH (3D)... (playback_init: False)
[2026-06-12 21:12:47][INFO] SIM_BRIDGE: RNG initialized with seed: 42
[2026-06-12 21:12:47][INFO] SIM_BRIDGE: Initializing Izhikevich model specifics for 1280 neurons...
[2026-06-12 21:12:47][INFO] SIM_BRIDGE: Applying parameter heterogeneity to neuron parameters...
[2026-06-12 21:12:47][INFO] SIM_BRIDGE: Applied heterogeneity to 4 parameters.
[2026-06-12 21:12:47][INFO] SIM_BRIDGE: Initializing OU process state (tau=15.0ms, sigma=0.0pA)...
[2026-06-12 21:12:47][INFO] SIM_BRIDGE: Generating 3D neuron positions for 1280 neurons...
[2026-06-12 21:12:47][INFO] SIM_BRIDGE: Generating connections (3D)...
[2026-06-12 21:12:47][INFO] SIM_BRIDGE: Simulation data initialized for 1280 neurons (3D). Synapses: 0. GPU memory: 1.7GB/25.8GB (6.5%)
[2026-06-12 21:12:48][INFO] SIM_BRIDGE: CuPy using GPU: NVIDIA GeForce RTX 3090 (24.0 GB), mempool limit: 80%
[2026-06-12 21:12:48][INFO] SIM_BRIDGE: Initializing simulation data for model: IZHIKEVICH (3D)... (playback_init: False)
[2026-06-12 21:12:48][INFO] SIM_BRIDGE: RNG initialized with seed: 42
[2026-06-12 21:12:48][INFO] SIM_BRIDGE: Initializing Izhikevich model specifics for 512 neurons...
[2026-06-12 21:12:48][INFO] SIM_BRIDGE: Applying parameter heterogeneity to neuron parameters...
[2026-06-12 21:12:48][INFO] SIM_BRIDGE: Applied heterogeneity to 4 parameters.
[2026-06-12 21:12:48][INFO] SIM_BRIDGE: Initializing OU process state (tau=15.0ms, sigma=0.0pA)...
[2026-06-12 21:12:48][INFO] SIM_BRIDGE: Generating 3D neuron positions for 512 neurons...
[2026-06-12 21:12:48][INFO] SIM_BRIDGE: Generating connections (3D)...
[2026-06-12 21:12:48][INFO] SIM_BRIDGE: Simulation data initialized for 512 neurons (3D). Synapses: 0. GPU memory: 1.7GB/25.8GB (6.5%)
[2026-06-12 21:12:49][INFO] SIM_BRIDGE: CuPy using GPU: NVIDIA GeForce RTX 3090 (24.0 GB), mempool limit: 80%
[2026-06-12 21:12:49][INFO] SIM_BRIDGE: Initializing simulation data for model: IZHIKEVICH (3D)... (playback_init: False)
[2026-06-12 21:12:49][INFO] SIM_BRIDGE: RNG initialized with seed: 42
[2026-06-12 21:12:49][INFO] SIM_BRIDGE: Initializing Izhikevich model specifics for 1024 neurons...
[2026-06-12 21:12:49][INFO] SIM_BRIDGE: Applying parameter heterogeneity to neuron parameters...
[2026-06-12 21:12:49][INFO] SIM_BRIDGE: Applied heterogeneity to 4 parameters.
[2026-06-12 21:12:49][INFO] SIM_BRIDGE: Initializing OU process state (tau=15.0ms, sigma=0.0pA)...
[2026-06-12 21:12:49][INFO] SIM_BRIDGE: Generating 3D neuron positions for 1024 neurons...
[2026-06-12 21:12:49][INFO] SIM_BRIDGE: Generating connections (3D)...
[2026-06-12 21:12:49][INFO] SIM_BRIDGE: Simulation data initialized for 1024 neurons (3D). Synapses: 0. GPU memory: 1.7GB/25.8GB (6.5%)
    [  animals] cells_pass=6/6 moat=True (abst_battery=0)
    [    foods] cells_pass=6/6 moat=True (abst_battery=0)
    [ vehicles] cells_pass=6/6 moat=True (abst_battery=0)
    [    tools] cells_pass=6/6 moat=True (abst_battery=0)
    [  clothes] cells_pass=6/6 moat=True (abst_battery=0)
    [furniture] cells_pass=6/6 moat=True (abst_battery=0)
    [   plants] cells_pass=6/6 moat=True (abst_battery=0)
    [  weather] cells_pass=6/6 moat=True (abst_battery=0)
    n_bridges_pass=8/8  all_bridges_pass=True  any_abstention_breach=False

  ------------------------------------------------------------------------------------------------
  GATE B -- within-bridge generalization (per bridge) + C1/C4 anti-cheats
  ------------------------------------------------------------------------------------------------
[2026-06-12 21:12:57][INFO] SIM_BRIDGE: CuPy using GPU: NVIDIA GeForce RTX 3090 (24.0 GB), mempool limit: 80%
[2026-06-12 21:12:57][INFO] SIM_BRIDGE: Initializing simulation data for model: IZHIKEVICH (3D)... (playback_init: False)
[2026-06-12 21:12:57][INFO] SIM_BRIDGE: RNG initialized with seed: 42
[2026-06-12 21:12:57][INFO] SIM_BRIDGE: Initializing Izhikevich model specifics for 512 neurons...
[2026-06-12 21:12:57][INFO] SIM_BRIDGE: Applying parameter heterogeneity to neuron parameters...
[2026-06-12 21:12:57][INFO] SIM_BRIDGE: Applied heterogeneity to 4 parameters.
[2026-06-12 21:12:57][INFO] SIM_BRIDGE: Initializing OU process state (tau=15.0ms, sigma=0.0pA)...
[2026-06-12 21:12:57][INFO] SIM_BRIDGE: Generating 3D neuron positions for 512 neurons...
[2026-06-12 21:12:57][INFO] SIM_BRIDGE: Generating connections (3D)...
[2026-06-12 21:12:57][INFO] SIM_BRIDGE: Simulation data initialized for 512 neurons (3D). Synapses: 0. GPU memory: 1.7GB/25.8GB (6.5%)
[2026-06-12 21:12:57][INFO] SIM_BRIDGE: CuPy using GPU: NVIDIA GeForce RTX 3090 (24.0 GB), mempool limit: 80%
[2026-06-12 21:12:57][INFO] SIM_BRIDGE: Initializing simulation data for model: IZHIKEVICH (3D)... (playback_init: False)
[2026-06-12 21:12:57][INFO] SIM_BRIDGE: RNG initialized with seed: 42
[2026-06-12 21:12:57][INFO] SIM_BRIDGE: Initializing Izhikevich model specifics for 1024 neurons...
[2026-06-12 21:12:57][INFO] SIM_BRIDGE: Applying parameter heterogeneity to neuron parameters...
[2026-06-12 21:12:57][INFO] SIM_BRIDGE: Applied heterogeneity to 4 parameters.
[2026-06-12 21:12:57][INFO] SIM_BRIDGE: Initializing OU process state (tau=15.0ms, sigma=0.0pA)...
[2026-06-12 21:12:57][INFO] SIM_BRIDGE: Generating 3D neuron positions for 1024 neurons...
[2026-06-12 21:12:57][INFO] SIM_BRIDGE: Generating connections (3D)...
[2026-06-12 21:12:57][INFO] SIM_BRIDGE: Simulation data initialized for 1024 neurons (3D). Synapses: 0. GPU memory: 1.7GB/25.8GB (6.5%)
[2026-06-12 21:13:51][INFO] SIM_BRIDGE: CuPy using GPU: NVIDIA GeForce RTX 3090 (24.0 GB), mempool limit: 80%
[2026-06-12 21:13:51][INFO] SIM_BRIDGE: Initializing simulation data for model: IZHIKEVICH (3D)... (playback_init: False)
[2026-06-12 21:13:51][INFO] SIM_BRIDGE: RNG initialized with seed: 42
[2026-06-12 21:13:51][INFO] SIM_BRIDGE: Initializing Izhikevich model specifics for 768 neurons...
[2026-06-12 21:13:51][INFO] SIM_BRIDGE: Applying parameter heterogeneity to neuron parameters...
[2026-06-12 21:13:51][INFO] SIM_BRIDGE: Applied heterogeneity to 4 parameters.
[2026-06-12 21:13:51][INFO] SIM_BRIDGE: Initializing OU process state (tau=15.0ms, sigma=0.0pA)...
[2026-06-12 21:13:51][INFO] SIM_BRIDGE: Generating 3D neuron positions for 768 neurons...
[2026-06-12 21:13:51][INFO] SIM_BRIDGE: Generating connections (3D)...
[2026-06-12 21:13:51][INFO] SIM_BRIDGE: Simulation data initialized for 768 neurons (3D). Synapses: 0. GPU memory: 1.7GB/25.8GB (6.5%)
[2026-06-12 21:18:49][INFO] SIM_BRIDGE: CuPy using GPU: NVIDIA GeForce RTX 3090 (24.0 GB), mempool limit: 80%
[2026-06-12 21:18:49][INFO] SIM_BRIDGE: Initializing simulation data for model: IZHIKEVICH (3D)... (playback_init: False)
[2026-06-12 21:18:49][INFO] SIM_BRIDGE: RNG initialized with seed: 42
[2026-06-12 21:18:49][INFO] SIM_BRIDGE: Initializing Izhikevich model specifics for 512 neurons...
[2026-06-12 21:18:49][INFO] SIM_BRIDGE: Applying parameter heterogeneity to neuron parameters...
[2026-06-12 21:18:49][INFO] SIM_BRIDGE: Applied heterogeneity to 4 parameters.
[2026-06-12 21:18:49][INFO] SIM_BRIDGE: Initializing OU process state (tau=15.0ms, sigma=0.0pA)...
[2026-06-12 21:18:49][INFO] SIM_BRIDGE: Generating 3D neuron positions for 512 neurons...
[2026-06-12 21:18:49][INFO] SIM_BRIDGE: Generating connections (3D)...
[2026-06-12 21:18:49][INFO] SIM_BRIDGE: Simulation data initialized for 512 neurons (3D). Synapses: 0. GPU memory: 1.7GB/25.8GB (6.5%)
[2026-06-12 21:18:49][INFO] SIM_BRIDGE: CuPy using GPU: NVIDIA GeForce RTX 3090 (24.0 GB), mempool limit: 80%
[2026-06-12 21:18:49][INFO] SIM_BRIDGE: Initializing simulation data for model: IZHIKEVICH (3D)... (playback_init: False)
[2026-06-12 21:18:49][INFO] SIM_BRIDGE: RNG initialized with seed: 42
[2026-06-12 21:18:49][INFO] SIM_BRIDGE: Initializing Izhikevich model specifics for 1024 neurons...
[2026-06-12 21:18:49][INFO] SIM_BRIDGE: Applying parameter heterogeneity to neuron parameters...
[2026-06-12 21:18:49][INFO] SIM_BRIDGE: Applied heterogeneity to 4 parameters.
[2026-06-12 21:18:49][INFO] SIM_BRIDGE: Initializing OU process state (tau=15.0ms, sigma=0.0pA)...
[2026-06-12 21:18:49][INFO] SIM_BRIDGE: Generating 3D neuron positions for 1024 neurons...
[2026-06-12 21:18:49][INFO] SIM_BRIDGE: Generating connections (3D)...
[2026-06-12 21:18:49][INFO] SIM_BRIDGE: Simulation data initialized for 1024 neurons (3D). Synapses: 0. GPU memory: 1.7GB/25.8GB (6.5%)
[2026-06-12 21:19:42][INFO] SIM_BRIDGE: CuPy using GPU: NVIDIA GeForce RTX 3090 (24.0 GB), mempool limit: 80%
[2026-06-12 21:19:42][INFO] SIM_BRIDGE: Initializing simulation data for model: IZHIKEVICH (3D)... (playback_init: False)
[2026-06-12 21:19:42][INFO] SIM_BRIDGE: RNG initialized with seed: 42
[2026-06-12 21:19:42][INFO] SIM_BRIDGE: Initializing Izhikevich model specifics for 768 neurons...
[2026-06-12 21:19:42][INFO] SIM_BRIDGE: Applying parameter heterogeneity to neuron parameters...
[2026-06-12 21:19:42][INFO] SIM_BRIDGE: Applied heterogeneity to 4 parameters.
[2026-06-12 21:19:42][INFO] SIM_BRIDGE: Initializing OU process state (tau=15.0ms, sigma=0.0pA)...
[2026-06-12 21:19:42][INFO] SIM_BRIDGE: Generating 3D neuron positions for 768 neurons...
[2026-06-12 21:19:42][INFO] SIM_BRIDGE: Generating connections (3D)...
[2026-06-12 21:19:42][INFO] SIM_BRIDGE: Simulation data initialized for 768 neurons (3D). Synapses: 0. GPU memory: 1.7GB/25.8GB (6.5%)
[2026-06-12 21:24:24][INFO] SIM_BRIDGE: CuPy using GPU: NVIDIA GeForce RTX 3090 (24.0 GB), mempool limit: 80%
[2026-06-12 21:24:24][INFO] SIM_BRIDGE: Initializing simulation data for model: IZHIKEVICH (3D)... (playback_init: False)
[2026-06-12 21:24:24][INFO] SIM_BRIDGE: RNG initialized with seed: 42
[2026-06-12 21:24:24][INFO] SIM_BRIDGE: Initializing Izhikevich model specifics for 512 neurons...
[2026-06-12 21:24:24][INFO] SIM_BRIDGE: Applying parameter heterogeneity to neuron parameters...
[2026-06-12 21:24:24][INFO] SIM_BRIDGE: Applied heterogeneity to 4 parameters.
[2026-06-12 21:24:24][INFO] SIM_BRIDGE: Initializing OU process state (tau=15.0ms, sigma=0.0pA)...
[2026-06-12 21:24:24][INFO] SIM_BRIDGE: Generating 3D neuron positions for 512 neurons...
[2026-06-12 21:24:24][INFO] SIM_BRIDGE: Generating connections (3D)...
[2026-06-12 21:24:24][INFO] SIM_BRIDGE: Simulation data initialized for 512 neurons (3D). Synapses: 0. GPU memory: 1.7GB/25.8GB (6.5%)
[2026-06-12 21:24:25][INFO] SIM_BRIDGE: CuPy using GPU: NVIDIA GeForce RTX 3090 (24.0 GB), mempool limit: 80%
[2026-06-12 21:24:25][INFO] SIM_BRIDGE: Initializing simulation data for model: IZHIKEVICH (3D)... (playback_init: False)
[2026-06-12 21:24:25][INFO] SIM_BRIDGE: RNG initialized with seed: 42
[2026-06-12 21:24:25][INFO] SIM_BRIDGE: Initializing Izhikevich model specifics for 1024 neurons...
[2026-06-12 21:24:25][INFO] SIM_BRIDGE: Applying parameter heterogeneity to neuron parameters...
[2026-06-12 21:24:25][INFO] SIM_BRIDGE: Applied heterogeneity to 4 parameters.
[2026-06-12 21:24:25][INFO] SIM_BRIDGE: Initializing OU process state (tau=15.0ms, sigma=0.0pA)...
[2026-06-12 21:24:25][INFO] SIM_BRIDGE: Generating 3D neuron positions for 1024 neurons...
[2026-06-12 21:24:25][INFO] SIM_BRIDGE: Generating connections (3D)...
[2026-06-12 21:24:25][INFO] SIM_BRIDGE: Simulation data initialized for 1024 neurons (3D). Synapses: 0. GPU memory: 1.7GB/25.8GB (6.5%)
[2026-06-12 21:25:25][INFO] SIM_BRIDGE: CuPy using GPU: NVIDIA GeForce RTX 3090 (24.0 GB), mempool limit: 80%
[2026-06-12 21:25:25][INFO] SIM_BRIDGE: Initializing simulation data for model: IZHIKEVICH (3D)... (playback_init: False)
[2026-06-12 21:25:25][INFO] SIM_BRIDGE: RNG initialized with seed: 42
[2026-06-12 21:25:25][INFO] SIM_BRIDGE: Initializing Izhikevich model specifics for 768 neurons...
[2026-06-12 21:25:26][INFO] SIM_BRIDGE: Applying parameter heterogeneity to neuron parameters...
[2026-06-12 21:25:26][INFO] SIM_BRIDGE: Applied heterogeneity to 4 parameters.
[2026-06-12 21:25:26][INFO] SIM_BRIDGE: Initializing OU process state (tau=15.0ms, sigma=0.0pA)...
[2026-06-12 21:25:26][INFO] SIM_BRIDGE: Generating 3D neuron positions for 768 neurons...
[2026-06-12 21:25:26][INFO] SIM_BRIDGE: Generating connections (3D)...
[2026-06-12 21:25:26][INFO] SIM_BRIDGE: Simulation data initialized for 768 neurons (3D). Synapses: 0. GPU memory: 1.7GB/25.8GB (6.5%)
[2026-06-12 21:31:06][INFO] SIM_BRIDGE: CuPy using GPU: NVIDIA GeForce RTX 3090 (24.0 GB), mempool limit: 80%
[2026-06-12 21:31:06][INFO] SIM_BRIDGE: Initializing simulation data for model: IZHIKEVICH (3D)... (playback_init: False)
[2026-06-12 21:31:06][INFO] SIM_BRIDGE: RNG initialized with seed: 42
[2026-06-12 21:31:06][INFO] SIM_BRIDGE: Initializing Izhikevich model specifics for 512 neurons...
[2026-06-12 21:31:06][INFO] SIM_BRIDGE: Applying parameter heterogeneity to neuron parameters...
[2026-06-12 21:31:06][INFO] SIM_BRIDGE: Applied heterogeneity to 4 parameters.
[2026-06-12 21:31:06][INFO] SIM_BRIDGE: Initializing OU process state (tau=15.0ms, sigma=0.0pA)...
[2026-06-12 21:31:06][INFO] SIM_BRIDGE: Generating 3D neuron positions for 512 neurons...
[2026-06-12 21:31:06][INFO] SIM_BRIDGE: Generating connections (3D)...
[2026-06-12 21:31:06][INFO] SIM_BRIDGE: Simulation data initialized for 512 neurons (3D). Synapses: 0. GPU memory: 1.7GB/25.8GB (6.5%)
[2026-06-12 21:31:06][INFO] SIM_BRIDGE: CuPy using GPU: NVIDIA GeForce RTX 3090 (24.0 GB), mempool limit: 80%
[2026-06-12 21:31:06][INFO] SIM_BRIDGE: Initializing simulation data for model: IZHIKEVICH (3D)... (playback_init: False)
[2026-06-12 21:31:06][INFO] SIM_BRIDGE: RNG initialized with seed: 42
[2026-06-12 21:31:06][INFO] SIM_BRIDGE: Initializing Izhikevich model specifics for 1024 neurons...
[2026-06-12 21:31:06][INFO] SIM_BRIDGE: Applying parameter heterogeneity to neuron parameters...
[2026-06-12 21:31:06][INFO] SIM_BRIDGE: Applied heterogeneity to 4 parameters.
[2026-06-12 21:31:06][INFO] SIM_BRIDGE: Initializing OU process state (tau=15.0ms, sigma=0.0pA)...
[2026-06-12 21:31:06][INFO] SIM_BRIDGE: Generating 3D neuron positions for 1024 neurons...
[2026-06-12 21:31:06][INFO] SIM_BRIDGE: Generating connections (3D)...
[2026-06-12 21:31:06][INFO] SIM_BRIDGE: Simulation data initialized for 1024 neurons (3D). Synapses: 0. GPU memory: 1.7GB/25.8GB (6.5%)
[2026-06-12 21:32:06][INFO] SIM_BRIDGE: CuPy using GPU: NVIDIA GeForce RTX 3090 (24.0 GB), mempool limit: 80%
[2026-06-12 21:32:06][INFO] SIM_BRIDGE: Initializing simulation data for model: IZHIKEVICH (3D)... (playback_init: False)
[2026-06-12 21:32:06][INFO] SIM_BRIDGE: RNG initialized with seed: 42
[2026-06-12 21:32:06][INFO] SIM_BRIDGE: Initializing Izhikevich model specifics for 768 neurons...
[2026-06-12 21:32:06][INFO] SIM_BRIDGE: Applying parameter heterogeneity to neuron parameters...
[2026-06-12 21:32:06][INFO] SIM_BRIDGE: Applied heterogeneity to 4 parameters.
[2026-06-12 21:32:06][INFO] SIM_BRIDGE: Initializing OU process state (tau=15.0ms, sigma=0.0pA)...
[2026-06-12 21:32:06][INFO] SIM_BRIDGE: Generating 3D neuron positions for 768 neurons...
[2026-06-12 21:32:06][INFO] SIM_BRIDGE: Generating connections (3D)...
[2026-06-12 21:32:06][INFO] SIM_BRIDGE: Simulation data initialized for 768 neurons (3D). Synapses: 0. GPU memory: 1.7GB/25.8GB (6.5%)
[2026-06-12 21:37:53][INFO] SIM_BRIDGE: CuPy using GPU: NVIDIA GeForce RTX 3090 (24.0 GB), mempool limit: 80%
[2026-06-12 21:37:53][INFO] SIM_BRIDGE: Initializing simulation data for model: IZHIKEVICH (3D)... (playback_init: False)
[2026-06-12 21:37:53][INFO] SIM_BRIDGE: RNG initialized with seed: 42
[2026-06-12 21:37:53][INFO] SIM_BRIDGE: Initializing Izhikevich model specifics for 512 neurons...
[2026-06-12 21:37:53][INFO] SIM_BRIDGE: Applying parameter heterogeneity to neuron parameters...
[2026-06-12 21:37:53][INFO] SIM_BRIDGE: Applied heterogeneity to 4 parameters.
[2026-06-12 21:37:53][INFO] SIM_BRIDGE: Initializing OU process state (tau=15.0ms, sigma=0.0pA)...
[2026-06-12 21:37:53][INFO] SIM_BRIDGE: Generating 3D neuron positions for 512 neurons...
[2026-06-12 21:37:53][INFO] SIM_BRIDGE: Generating connections (3D)...
[2026-06-12 21:37:53][INFO] SIM_BRIDGE: Simulation data initialized for 512 neurons (3D). Synapses: 0. GPU memory: 1.7GB/25.8GB (6.5%)
[2026-06-12 21:37:54][INFO] SIM_BRIDGE: CuPy using GPU: NVIDIA GeForce RTX 3090 (24.0 GB), mempool limit: 80%
[2026-06-12 21:37:54][INFO] SIM_BRIDGE: Initializing simulation data for model: IZHIKEVICH (3D)... (playback_init: False)
[2026-06-12 21:37:54][INFO] SIM_BRIDGE: RNG initialized with seed: 42
[2026-06-12 21:37:54][INFO] SIM_BRIDGE: Initializing Izhikevich model specifics for 1024 neurons...
[2026-06-12 21:37:54][INFO] SIM_BRIDGE: Applying parameter heterogeneity to neuron parameters...
[2026-06-12 21:37:54][INFO] SIM_BRIDGE: Applied heterogeneity to 4 parameters.
[2026-06-12 21:37:54][INFO] SIM_BRIDGE: Initializing OU process state (tau=15.0ms, sigma=0.0pA)...
[2026-06-12 21:37:54][INFO] SIM_BRIDGE: Generating 3D neuron positions for 1024 neurons...
[2026-06-12 21:37:54][INFO] SIM_BRIDGE: Generating connections (3D)...
[2026-06-12 21:37:54][INFO] SIM_BRIDGE: Simulation data initialized for 1024 neurons (3D). Synapses: 0. GPU memory: 1.7GB/25.8GB (6.5%)
[2026-06-12 21:38:59][INFO] SIM_BRIDGE: CuPy using GPU: NVIDIA GeForce RTX 3090 (24.0 GB), mempool limit: 80%
[2026-06-12 21:38:59][INFO] SIM_BRIDGE: Initializing simulation data for model: IZHIKEVICH (3D)... (playback_init: False)
[2026-06-12 21:38:59][INFO] SIM_BRIDGE: RNG initialized with seed: 42
[2026-06-12 21:38:59][INFO] SIM_BRIDGE: Initializing Izhikevich model specifics for 768 neurons...
[2026-06-12 21:38:59][INFO] SIM_BRIDGE: Applying parameter heterogeneity to neuron parameters...
[2026-06-12 21:38:59][INFO] SIM_BRIDGE: Applied heterogeneity to 4 parameters.
[2026-06-12 21:38:59][INFO] SIM_BRIDGE: Initializing OU process state (tau=15.0ms, sigma=0.0pA)...
[2026-06-12 21:38:59][INFO] SIM_BRIDGE: Generating 3D neuron positions for 768 neurons...
[2026-06-12 21:38:59][INFO] SIM_BRIDGE: Generating connections (3D)...
[2026-06-12 21:38:59][INFO] SIM_BRIDGE: Simulation data initialized for 768 neurons (3D). Synapses: 0. GPU memory: 1.7GB/25.8GB (6.5%)
[2026-06-12 21:44:37][INFO] SIM_BRIDGE: CuPy using GPU: NVIDIA GeForce RTX 3090 (24.0 GB), mempool limit: 80%
[2026-06-12 21:44:37][INFO] SIM_BRIDGE: Initializing simulation data for model: IZHIKEVICH (3D)... (playback_init: False)
[2026-06-12 21:44:37][INFO] SIM_BRIDGE: RNG initialized with seed: 42
[2026-06-12 21:44:37][INFO] SIM_BRIDGE: Initializing Izhikevich model specifics for 512 neurons...
[2026-06-12 21:44:37][INFO] SIM_BRIDGE: Applying parameter heterogeneity to neuron parameters...
[2026-06-12 21:44:37][INFO] SIM_BRIDGE: Applied heterogeneity to 4 parameters.
[2026-06-12 21:44:37][INFO] SIM_BRIDGE: Initializing OU process state (tau=15.0ms, sigma=0.0pA)...
[2026-06-12 21:44:37][INFO] SIM_BRIDGE: Generating 3D neuron positions for 512 neurons...
[2026-06-12 21:44:37][INFO] SIM_BRIDGE: Generating connections (3D)...
[2026-06-12 21:44:37][INFO] SIM_BRIDGE: Simulation data initialized for 512 neurons (3D). Synapses: 0. GPU memory: 1.7GB/25.8GB (6.5%)
[2026-06-12 21:44:37][INFO] SIM_BRIDGE: CuPy using GPU: NVIDIA GeForce RTX 3090 (24.0 GB), mempool limit: 80%
[2026-06-12 21:44:37][INFO] SIM_BRIDGE: Initializing simulation data for model: IZHIKEVICH (3D)... (playback_init: False)
[2026-06-12 21:44:37][INFO] SIM_BRIDGE: RNG initialized with seed: 42
[2026-06-12 21:44:37][INFO] SIM_BRIDGE: Initializing Izhikevich model specifics for 1024 neurons...
[2026-06-12 21:44:37][INFO] SIM_BRIDGE: Applying parameter heterogeneity to neuron parameters...
[2026-06-12 21:44:37][INFO] SIM_BRIDGE: Applied heterogeneity to 4 parameters.
[2026-06-12 21:44:37][INFO] SIM_BRIDGE: Initializing OU process state (tau=15.0ms, sigma=0.0pA)...
[2026-06-12 21:44:37][INFO] SIM_BRIDGE: Generating 3D neuron positions for 1024 neurons...
[2026-06-12 21:44:37][INFO] SIM_BRIDGE: Generating connections (3D)...
[2026-06-12 21:44:37][INFO] SIM_BRIDGE: Simulation data initialized for 1024 neurons (3D). Synapses: 0. GPU memory: 1.7GB/25.8GB (6.5%)
[2026-06-12 21:45:36][INFO] SIM_BRIDGE: CuPy using GPU: NVIDIA GeForce RTX 3090 (24.0 GB), mempool limit: 80%
[2026-06-12 21:45:36][INFO] SIM_BRIDGE: Initializing simulation data for model: IZHIKEVICH (3D)... (playback_init: False)
[2026-06-12 21:45:36][INFO] SIM_BRIDGE: RNG initialized with seed: 42
[2026-06-12 21:45:36][INFO] SIM_BRIDGE: Initializing Izhikevich model specifics for 768 neurons...
[2026-06-12 21:45:36][INFO] SIM_BRIDGE: Applying parameter heterogeneity to neuron parameters...
[2026-06-12 21:45:36][INFO] SIM_BRIDGE: Applied heterogeneity to 4 parameters.
[2026-06-12 21:45:36][INFO] SIM_BRIDGE: Initializing OU process state (tau=15.0ms, sigma=0.0pA)...
[2026-06-12 21:45:36][INFO] SIM_BRIDGE: Generating 3D neuron positions for 768 neurons...
[2026-06-12 21:45:36][INFO] SIM_BRIDGE: Generating connections (3D)...
[2026-06-12 21:45:36][INFO] SIM_BRIDGE: Simulation data initialized for 768 neurons (3D). Synapses: 0. GPU memory: 1.7GB/25.8GB (6.5%)
[2026-06-12 21:51:08][INFO] SIM_BRIDGE: CuPy using GPU: NVIDIA GeForce RTX 3090 (24.0 GB), mempool limit: 80%
[2026-06-12 21:51:08][INFO] SIM_BRIDGE: Initializing simulation data for model: IZHIKEVICH (3D)... (playback_init: False)
[2026-06-12 21:51:08][INFO] SIM_BRIDGE: RNG initialized with seed: 42
[2026-06-12 21:51:08][INFO] SIM_BRIDGE: Initializing Izhikevich model specifics for 512 neurons...
[2026-06-12 21:51:08][INFO] SIM_BRIDGE: Applying parameter heterogeneity to neuron parameters...
[2026-06-12 21:51:08][INFO] SIM_BRIDGE: Applied heterogeneity to 4 parameters.
[2026-06-12 21:51:08][INFO] SIM_BRIDGE: Initializing OU process state (tau=15.0ms, sigma=0.0pA)...
[2026-06-12 21:51:08][INFO] SIM_BRIDGE: Generating 3D neuron positions for 512 neurons...
[2026-06-12 21:51:08][INFO] SIM_BRIDGE: Generating connections (3D)...
[2026-06-12 21:51:08][INFO] SIM_BRIDGE: Simulation data initialized for 512 neurons (3D). Synapses: 0. GPU memory: 1.7GB/25.8GB (6.5%)
[2026-06-12 21:51:08][INFO] SIM_BRIDGE: CuPy using GPU: NVIDIA GeForce RTX 3090 (24.0 GB), mempool limit: 80%
[2026-06-12 21:51:08][INFO] SIM_BRIDGE: Initializing simulation data for model: IZHIKEVICH (3D)... (playback_init: False)
[2026-06-12 21:51:08][INFO] SIM_BRIDGE: RNG initialized with seed: 42
[2026-06-12 21:51:08][INFO] SIM_BRIDGE: Initializing Izhikevich model specifics for 1024 neurons...
[2026-06-12 21:51:08][INFO] SIM_BRIDGE: Applying parameter heterogeneity to neuron parameters...
[2026-06-12 21:51:08][INFO] SIM_BRIDGE: Applied heterogeneity to 4 parameters.
[2026-06-12 21:51:08][INFO] SIM_BRIDGE: Initializing OU process state (tau=15.0ms, sigma=0.0pA)...
[2026-06-12 21:51:08][INFO] SIM_BRIDGE: Generating 3D neuron positions for 1024 neurons...
[2026-06-12 21:51:08][INFO] SIM_BRIDGE: Generating connections (3D)...
[2026-06-12 21:51:08][INFO] SIM_BRIDGE: Simulation data initialized for 1024 neurons (3D). Synapses: 0. GPU memory: 1.7GB/25.8GB (6.5%)
[2026-06-12 21:52:05][INFO] SIM_BRIDGE: CuPy using GPU: NVIDIA GeForce RTX 3090 (24.0 GB), mempool limit: 80%
[2026-06-12 21:52:05][INFO] SIM_BRIDGE: Initializing simulation data for model: IZHIKEVICH (3D)... (playback_init: False)
[2026-06-12 21:52:05][INFO] SIM_BRIDGE: RNG initialized with seed: 42
[2026-06-12 21:52:05][INFO] SIM_BRIDGE: Initializing Izhikevich model specifics for 768 neurons...
[2026-06-12 21:52:05][INFO] SIM_BRIDGE: Applying parameter heterogeneity to neuron parameters...
[2026-06-12 21:52:05][INFO] SIM_BRIDGE: Applied heterogeneity to 4 parameters.
[2026-06-12 21:52:05][INFO] SIM_BRIDGE: Initializing OU process state (tau=15.0ms, sigma=0.0pA)...
[2026-06-12 21:52:05][INFO] SIM_BRIDGE: Generating 3D neuron positions for 768 neurons...
[2026-06-12 21:52:05][INFO] SIM_BRIDGE: Generating connections (3D)...
[2026-06-12 21:52:05][INFO] SIM_BRIDGE: Simulation data initialized for 768 neurons (3D). Synapses: 0. GPU memory: 1.7GB/25.8GB (6.5%)
[2026-06-12 21:57:34][INFO] SIM_BRIDGE: CuPy using GPU: NVIDIA GeForce RTX 3090 (24.0 GB), mempool limit: 80%
[2026-06-12 21:57:34][INFO] SIM_BRIDGE: Initializing simulation data for model: IZHIKEVICH (3D)... (playback_init: False)
[2026-06-12 21:57:34][INFO] SIM_BRIDGE: RNG initialized with seed: 42
[2026-06-12 21:57:34][INFO] SIM_BRIDGE: Initializing Izhikevich model specifics for 512 neurons...
[2026-06-12 21:57:34][INFO] SIM_BRIDGE: Applying parameter heterogeneity to neuron parameters...
[2026-06-12 21:57:34][INFO] SIM_BRIDGE: Applied heterogeneity to 4 parameters.
[2026-06-12 21:57:34][INFO] SIM_BRIDGE: Initializing OU process state (tau=15.0ms, sigma=0.0pA)...
[2026-06-12 21:57:34][INFO] SIM_BRIDGE: Generating 3D neuron positions for 512 neurons...
[2026-06-12 21:57:34][INFO] SIM_BRIDGE: Generating connections (3D)...
[2026-06-12 21:57:34][INFO] SIM_BRIDGE: Simulation data initialized for 512 neurons (3D). Synapses: 0. GPU memory: 1.7GB/25.8GB (6.5%)
[2026-06-12 21:57:35][INFO] SIM_BRIDGE: CuPy using GPU: NVIDIA GeForce RTX 3090 (24.0 GB), mempool limit: 80%
[2026-06-12 21:57:35][INFO] SIM_BRIDGE: Initializing simulation data for model: IZHIKEVICH (3D)... (playback_init: False)
[2026-06-12 21:57:35][INFO] SIM_BRIDGE: RNG initialized with seed: 42
[2026-06-12 21:57:35][INFO] SIM_BRIDGE: Initializing Izhikevich model specifics for 1024 neurons...
[2026-06-12 21:57:35][INFO] SIM_BRIDGE: Applying parameter heterogeneity to neuron parameters...
[2026-06-12 21:57:35][INFO] SIM_BRIDGE: Applied heterogeneity to 4 parameters.
[2026-06-12 21:57:35][INFO] SIM_BRIDGE: Initializing OU process state (tau=15.0ms, sigma=0.0pA)...
[2026-06-12 21:57:35][INFO] SIM_BRIDGE: Generating 3D neuron positions for 1024 neurons...
[2026-06-12 21:57:35][INFO] SIM_BRIDGE: Generating connections (3D)...
[2026-06-12 21:57:35][INFO] SIM_BRIDGE: Simulation data initialized for 1024 neurons (3D). Synapses: 0. GPU memory: 1.7GB/25.8GB (6.5%)
[2026-06-12 21:58:32][INFO] SIM_BRIDGE: CuPy using GPU: NVIDIA GeForce RTX 3090 (24.0 GB), mempool limit: 80%
[2026-06-12 21:58:32][INFO] SIM_BRIDGE: Initializing simulation data for model: IZHIKEVICH (3D)... (playback_init: False)
[2026-06-12 21:58:32][INFO] SIM_BRIDGE: RNG initialized with seed: 42
[2026-06-12 21:58:32][INFO] SIM_BRIDGE: Initializing Izhikevich model specifics for 768 neurons...
[2026-06-12 21:58:32][INFO] SIM_BRIDGE: Applying parameter heterogeneity to neuron parameters...
[2026-06-12 21:58:32][INFO] SIM_BRIDGE: Applied heterogeneity to 4 parameters.
[2026-06-12 21:58:32][INFO] SIM_BRIDGE: Initializing OU process state (tau=15.0ms, sigma=0.0pA)...
[2026-06-12 21:58:32][INFO] SIM_BRIDGE: Generating 3D neuron positions for 768 neurons...
[2026-06-12 21:58:32][INFO] SIM_BRIDGE: Generating connections (3D)...
[2026-06-12 21:58:32][INFO] SIM_BRIDGE: Simulation data initialized for 768 neurons (3D). Synapses: 0. GPU memory: 1.7GB/25.8GB (6.5%)
[2026-06-12 22:04:14][INFO] SIM_BRIDGE: CuPy using GPU: NVIDIA GeForce RTX 3090 (24.0 GB), mempool limit: 80%
[2026-06-12 22:04:14][INFO] SIM_BRIDGE: Initializing simulation data for model: IZHIKEVICH (3D)... (playback_init: False)
[2026-06-12 22:04:14][INFO] SIM_BRIDGE: RNG initialized with seed: 42
[2026-06-12 22:04:14][INFO] SIM_BRIDGE: Initializing Izhikevich model specifics for 512 neurons...
[2026-06-12 22:04:14][INFO] SIM_BRIDGE: Applying parameter heterogeneity to neuron parameters...
[2026-06-12 22:04:14][INFO] SIM_BRIDGE: Applied heterogeneity to 4 parameters.
[2026-06-12 22:04:14][INFO] SIM_BRIDGE: Initializing OU process state (tau=15.0ms, sigma=0.0pA)...
[2026-06-12 22:04:14][INFO] SIM_BRIDGE: Generating 3D neuron positions for 512 neurons...
[2026-06-12 22:04:14][INFO] SIM_BRIDGE: Generating connections (3D)...
[2026-06-12 22:04:14][INFO] SIM_BRIDGE: Simulation data initialized for 512 neurons (3D). Synapses: 0. GPU memory: 1.7GB/25.8GB (6.5%)
[2026-06-12 22:04:15][INFO] SIM_BRIDGE: CuPy using GPU: NVIDIA GeForce RTX 3090 (24.0 GB), mempool limit: 80%
[2026-06-12 22:04:15][INFO] SIM_BRIDGE: Initializing simulation data for model: IZHIKEVICH (3D)... (playback_init: False)
[2026-06-12 22:04:15][INFO] SIM_BRIDGE: RNG initialized with seed: 42
[2026-06-12 22:04:15][INFO] SIM_BRIDGE: Initializing Izhikevich model specifics for 1024 neurons...
[2026-06-12 22:04:15][INFO] SIM_BRIDGE: Applying parameter heterogeneity to neuron parameters...
[2026-06-12 22:04:15][INFO] SIM_BRIDGE: Applied heterogeneity to 4 parameters.
[2026-06-12 22:04:15][INFO] SIM_BRIDGE: Initializing OU process state (tau=15.0ms, sigma=0.0pA)...
[2026-06-12 22:04:15][INFO] SIM_BRIDGE: Generating 3D neuron positions for 1024 neurons...
[2026-06-12 22:04:15][INFO] SIM_BRIDGE: Generating connections (3D)...
[2026-06-12 22:04:15][INFO] SIM_BRIDGE: Simulation data initialized for 1024 neurons (3D). Synapses: 0. GPU memory: 1.7GB/25.8GB (6.5%)
[2026-06-12 22:04:50][INFO] SIM_BRIDGE: CuPy using GPU: NVIDIA GeForce RTX 3090 (24.0 GB), mempool limit: 80%
[2026-06-12 22:04:50][INFO] SIM_BRIDGE: Initializing simulation data for model: IZHIKEVICH (3D)... (playback_init: False)
[2026-06-12 22:04:50][INFO] SIM_BRIDGE: RNG initialized with seed: 42
[2026-06-12 22:04:50][INFO] SIM_BRIDGE: Initializing Izhikevich model specifics for 768 neurons...
[2026-06-12 22:04:50][INFO] SIM_BRIDGE: Applying parameter heterogeneity to neuron parameters...
[2026-06-12 22:04:50][INFO] SIM_BRIDGE: Applied heterogeneity to 4 parameters.
[2026-06-12 22:04:50][INFO] SIM_BRIDGE: Initializing OU process state (tau=15.0ms, sigma=0.0pA)...
[2026-06-12 22:04:50][INFO] SIM_BRIDGE: Generating 3D neuron positions for 768 neurons...
[2026-06-12 22:04:50][INFO] SIM_BRIDGE: Generating connections (3D)...
[2026-06-12 22:04:50][INFO] SIM_BRIDGE: Simulation data initialized for 768 neurons (3D). Synapses: 0. GPU memory: 1.7GB/25.8GB (6.5%)
    [  animals] B1 gen acc=0.988 (chance=0.250, 4.0x)  B2 fa=0 abstains_all=True  | C1 perm B1=0.200 collapses=True
[2026-06-12 22:15:25][INFO] SIM_BRIDGE: CuPy using GPU: NVIDIA GeForce RTX 3090 (24.0 GB), mempool limit: 80%
[2026-06-12 22:15:25][INFO] SIM_BRIDGE: Initializing simulation data for model: IZHIKEVICH (3D)... (playback_init: False)
[2026-06-12 22:15:25][INFO] SIM_BRIDGE: RNG initialized with seed: 42
[2026-06-12 22:15:25][INFO] SIM_BRIDGE: Initializing Izhikevich model specifics for 512 neurons...
[2026-06-12 22:15:25][INFO] SIM_BRIDGE: Applying parameter heterogeneity to neuron parameters...
[2026-06-12 22:15:25][INFO] SIM_BRIDGE: Applied heterogeneity to 4 parameters.
[2026-06-12 22:15:25][INFO] SIM_BRIDGE: Initializing OU process state (tau=15.0ms, sigma=0.0pA)...
[2026-06-12 22:15:25][INFO] SIM_BRIDGE: Generating 3D neuron positions for 512 neurons...
[2026-06-12 22:15:25][INFO] SIM_BRIDGE: Generating connections (3D)...
[2026-06-12 22:15:25][INFO] SIM_BRIDGE: Simulation data initialized for 512 neurons (3D). Synapses: 0. GPU memory: 1.7GB/25.8GB (6.5%)
[2026-06-12 22:15:26][INFO] SIM_BRIDGE: CuPy using GPU: NVIDIA GeForce RTX 3090 (24.0 GB), mempool limit: 80%
[2026-06-12 22:15:26][INFO] SIM_BRIDGE: Initializing simulation data for model: IZHIKEVICH (3D)... (playback_init: False)
[2026-06-12 22:15:26][INFO] SIM_BRIDGE: RNG initialized with seed: 42
[2026-06-12 22:15:26][INFO] SIM_BRIDGE: Initializing Izhikevich model specifics for 1024 neurons...
[2026-06-12 22:15:26][INFO] SIM_BRIDGE: Applying parameter heterogeneity to neuron parameters...
[2026-06-12 22:15:26][INFO] SIM_BRIDGE: Applied heterogeneity to 4 parameters.
[2026-06-12 22:15:26][INFO] SIM_BRIDGE: Initializing OU process state (tau=15.0ms, sigma=0.0pA)...
[2026-06-12 22:15:26][INFO] SIM_BRIDGE: Generating 3D neuron positions for 1024 neurons...
[2026-06-12 22:15:26][INFO] SIM_BRIDGE: Generating connections (3D)...
[2026-06-12 22:15:26][INFO] SIM_BRIDGE: Simulation data initialized for 1024 neurons (3D). Synapses: 0. GPU memory: 1.7GB/25.8GB (6.5%)
[2026-06-12 22:16:21][INFO] SIM_BRIDGE: CuPy using GPU: NVIDIA GeForce RTX 3090 (24.0 GB), mempool limit: 80%
[2026-06-12 22:16:21][INFO] SIM_BRIDGE: Initializing simulation data for model: IZHIKEVICH (3D)... (playback_init: False)
[2026-06-12 22:16:21][INFO] SIM_BRIDGE: RNG initialized with seed: 42
[2026-06-12 22:16:21][INFO] SIM_BRIDGE: Initializing Izhikevich model specifics for 768 neurons...
[2026-06-12 22:16:21][INFO] SIM_BRIDGE: Applying parameter heterogeneity to neuron parameters...
[2026-06-12 22:16:21][INFO] SIM_BRIDGE: Applied heterogeneity to 4 parameters.
[2026-06-12 22:16:21][INFO] SIM_BRIDGE: Initializing OU process state (tau=15.0ms, sigma=0.0pA)...
[2026-06-12 22:16:21][INFO] SIM_BRIDGE: Generating 3D neuron positions for 768 neurons...
[2026-06-12 22:16:21][INFO] SIM_BRIDGE: Generating connections (3D)...
[2026-06-12 22:16:21][INFO] SIM_BRIDGE: Simulation data initialized for 768 neurons (3D). Synapses: 0. GPU memory: 1.7GB/25.8GB (6.5%)
[2026-06-12 22:21:47][INFO] SIM_BRIDGE: CuPy using GPU: NVIDIA GeForce RTX 3090 (24.0 GB), mempool limit: 80%
[2026-06-12 22:21:47][INFO] SIM_BRIDGE: Initializing simulation data for model: IZHIKEVICH (3D)... (playback_init: False)
[2026-06-12 22:21:47][INFO] SIM_BRIDGE: RNG initialized with seed: 42
[2026-06-12 22:21:47][INFO] SIM_BRIDGE: Initializing Izhikevich model specifics for 512 neurons...
[2026-06-12 22:21:47][INFO] SIM_BRIDGE: Applying parameter heterogeneity to neuron parameters...
[2026-06-12 22:21:47][INFO] SIM_BRIDGE: Applied heterogeneity to 4 parameters.
[2026-06-12 22:21:47][INFO] SIM_BRIDGE: Initializing OU process state (tau=15.0ms, sigma=0.0pA)...
[2026-06-12 22:21:47][INFO] SIM_BRIDGE: Generating 3D neuron positions for 512 neurons...
[2026-06-12 22:21:47][INFO] SIM_BRIDGE: Generating connections (3D)...
[2026-06-12 22:21:47][INFO] SIM_BRIDGE: Simulation data initialized for 512 neurons (3D). Synapses: 0. GPU memory: 1.7GB/25.8GB (6.5%)
[2026-06-12 22:21:47][INFO] SIM_BRIDGE: CuPy using GPU: NVIDIA GeForce RTX 3090 (24.0 GB), mempool limit: 80%
[2026-06-12 22:21:47][INFO] SIM_BRIDGE: Initializing simulation data for model: IZHIKEVICH (3D)... (playback_init: False)
[2026-06-12 22:21:47][INFO] SIM_BRIDGE: RNG initialized with seed: 42
[2026-06-12 22:21:47][INFO] SIM_BRIDGE: Initializing Izhikevich model specifics for 1024 neurons...
[2026-06-12 22:21:47][INFO] SIM_BRIDGE: Applying parameter heterogeneity to neuron parameters...
[2026-06-12 22:21:47][INFO] SIM_BRIDGE: Applied heterogeneity to 4 parameters.
[2026-06-12 22:21:47][INFO] SIM_BRIDGE: Initializing OU process state (tau=15.0ms, sigma=0.0pA)...
[2026-06-12 22:21:47][INFO] SIM_BRIDGE: Generating 3D neuron positions for 1024 neurons...
[2026-06-12 22:21:47][INFO] SIM_BRIDGE: Generating connections (3D)...
[2026-06-12 22:21:47][INFO] SIM_BRIDGE: Simulation data initialized for 1024 neurons (3D). Synapses: 0. GPU memory: 1.7GB/25.8GB (6.5%)
[2026-06-12 22:22:45][INFO] SIM_BRIDGE: CuPy using GPU: NVIDIA GeForce RTX 3090 (24.0 GB), mempool limit: 80%
[2026-06-12 22:22:45][INFO] SIM_BRIDGE: Initializing simulation data for model: IZHIKEVICH (3D)... (playback_init: False)
[2026-06-12 22:22:45][INFO] SIM_BRIDGE: RNG initialized with seed: 42
[2026-06-12 22:22:45][INFO] SIM_BRIDGE: Initializing Izhikevich model specifics for 768 neurons...
[2026-06-12 22:22:45][INFO] SIM_BRIDGE: Applying parameter heterogeneity to neuron parameters...
[2026-06-12 22:22:45][INFO] SIM_BRIDGE: Applied heterogeneity to 4 parameters.
[2026-06-12 22:22:45][INFO] SIM_BRIDGE: Initializing OU process state (tau=15.0ms, sigma=0.0pA)...
[2026-06-12 22:22:45][INFO] SIM_BRIDGE: Generating 3D neuron positions for 768 neurons...
[2026-06-12 22:22:45][INFO] SIM_BRIDGE: Generating connections (3D)...
[2026-06-12 22:22:45][INFO] SIM_BRIDGE: Simulation data initialized for 768 neurons (3D). Synapses: 0. GPU memory: 1.7GB/25.8GB (6.5%)
[2026-06-12 22:28:18][INFO] SIM_BRIDGE: CuPy using GPU: NVIDIA GeForce RTX 3090 (24.0 GB), mempool limit: 80%
[2026-06-12 22:28:18][INFO] SIM_BRIDGE: Initializing simulation data for model: IZHIKEVICH (3D)... (playback_init: False)
[2026-06-12 22:28:18][INFO] SIM_BRIDGE: RNG initialized with seed: 42
[2026-06-12 22:28:18][INFO] SIM_BRIDGE: Initializing Izhikevich model specifics for 512 neurons...
[2026-06-12 22:28:18][INFO] SIM_BRIDGE: Applying parameter heterogeneity to neuron parameters...
[2026-06-12 22:28:18][INFO] SIM_BRIDGE: Applied heterogeneity to 4 parameters.
[2026-06-12 22:28:18][INFO] SIM_BRIDGE: Initializing OU process state (tau=15.0ms, sigma=0.0pA)...
[2026-06-12 22:28:18][INFO] SIM_BRIDGE: Generating 3D neuron positions for 512 neurons...
[2026-06-12 22:28:18][INFO] SIM_BRIDGE: Generating connections (3D)...
[2026-06-12 22:28:18][INFO] SIM_BRIDGE: Simulation data initialized for 512 neurons (3D). Synapses: 0. GPU memory: 1.7GB/25.8GB (6.5%)
[2026-06-12 22:28:19][INFO] SIM_BRIDGE: CuPy using GPU: NVIDIA GeForce RTX 3090 (24.0 GB), mempool limit: 80%
[2026-06-12 22:28:19][INFO] SIM_BRIDGE: Initializing simulation data for model: IZHIKEVICH (3D)... (playback_init: False)
[2026-06-12 22:28:19][INFO] SIM_BRIDGE: RNG initialized with seed: 42
[2026-06-12 22:28:19][INFO] SIM_BRIDGE: Initializing Izhikevich model specifics for 1024 neurons...
[2026-06-12 22:28:19][INFO] SIM_BRIDGE: Applying parameter heterogeneity to neuron parameters...
[2026-06-12 22:28:19][INFO] SIM_BRIDGE: Applied heterogeneity to 4 parameters.
[2026-06-12 22:28:19][INFO] SIM_BRIDGE: Initializing OU process state (tau=15.0ms, sigma=0.0pA)...
[2026-06-12 22:28:19][INFO] SIM_BRIDGE: Generating 3D neuron positions for 1024 neurons...
[2026-06-12 22:28:19][INFO] SIM_BRIDGE: Generating connections (3D)...
[2026-06-12 22:28:19][INFO] SIM_BRIDGE: Simulation data initialized for 1024 neurons (3D). Synapses: 0. GPU memory: 1.7GB/25.8GB (6.5%)
[2026-06-12 22:29:08][INFO] SIM_BRIDGE: CuPy using GPU: NVIDIA GeForce RTX 3090 (24.0 GB), mempool limit: 80%
[2026-06-12 22:29:08][INFO] SIM_BRIDGE: Initializing simulation data for model: IZHIKEVICH (3D)... (playback_init: False)
[2026-06-12 22:29:08][INFO] SIM_BRIDGE: RNG initialized with seed: 42
[2026-06-12 22:29:08][INFO] SIM_BRIDGE: Initializing Izhikevich model specifics for 768 neurons...
[2026-06-12 22:29:08][INFO] SIM_BRIDGE: Applying parameter heterogeneity to neuron parameters...
[2026-06-12 22:29:08][INFO] SIM_BRIDGE: Applied heterogeneity to 4 parameters.
[2026-06-12 22:29:08][INFO] SIM_BRIDGE: Initializing OU process state (tau=15.0ms, sigma=0.0pA)...
[2026-06-12 22:29:08][INFO] SIM_BRIDGE: Generating 3D neuron positions for 768 neurons...
[2026-06-12 22:29:08][INFO] SIM_BRIDGE: Generating connections (3D)...
[2026-06-12 22:29:08][INFO] SIM_BRIDGE: Simulation data initialized for 768 neurons (3D). Synapses: 0. GPU memory: 1.7GB/25.8GB (6.5%)
[2026-06-12 22:34:32][INFO] SIM_BRIDGE: CuPy using GPU: NVIDIA GeForce RTX 3090 (24.0 GB), mempool limit: 80%
[2026-06-12 22:34:32][INFO] SIM_BRIDGE: Initializing simulation data for model: IZHIKEVICH (3D)... (playback_init: False)
[2026-06-12 22:34:32][INFO] SIM_BRIDGE: RNG initialized with seed: 42
[2026-06-12 22:34:32][INFO] SIM_BRIDGE: Initializing Izhikevich model specifics for 512 neurons...
[2026-06-12 22:34:33][INFO] SIM_BRIDGE: Applying parameter heterogeneity to neuron parameters...
[2026-06-12 22:34:33][INFO] SIM_BRIDGE: Applied heterogeneity to 4 parameters.
[2026-06-12 22:34:33][INFO] SIM_BRIDGE: Initializing OU process state (tau=15.0ms, sigma=0.0pA)...
[2026-06-12 22:34:33][INFO] SIM_BRIDGE: Generating 3D neuron positions for 512 neurons...
[2026-06-12 22:34:33][INFO] SIM_BRIDGE: Generating connections (3D)...
[2026-06-12 22:34:33][INFO] SIM_BRIDGE: Simulation data initialized for 512 neurons (3D). Synapses: 0. GPU memory: 1.7GB/25.8GB (6.5%)
[2026-06-12 22:34:33][INFO] SIM_BRIDGE: CuPy using GPU: NVIDIA GeForce RTX 3090 (24.0 GB), mempool limit: 80%
[2026-06-12 22:34:33][INFO] SIM_BRIDGE: Initializing simulation data for model: IZHIKEVICH (3D)... (playback_init: False)
[2026-06-12 22:34:33][INFO] SIM_BRIDGE: RNG initialized with seed: 42
[2026-06-12 22:34:33][INFO] SIM_BRIDGE: Initializing Izhikevich model specifics for 1024 neurons...
[2026-06-12 22:34:33][INFO] SIM_BRIDGE: Applying parameter heterogeneity to neuron parameters...
[2026-06-12 22:34:33][INFO] SIM_BRIDGE: Applied heterogeneity to 4 parameters.
[2026-06-12 22:34:33][INFO] SIM_BRIDGE: Initializing OU process state (tau=15.0ms, sigma=0.0pA)...
[2026-06-12 22:34:33][INFO] SIM_BRIDGE: Generating 3D neuron positions for 1024 neurons...
[2026-06-12 22:34:33][INFO] SIM_BRIDGE: Generating connections (3D)...
[2026-06-12 22:34:33][INFO] SIM_BRIDGE: Simulation data initialized for 1024 neurons (3D). Synapses: 0. GPU memory: 1.7GB/25.8GB (6.5%)
[2026-06-12 22:35:26][INFO] SIM_BRIDGE: CuPy using GPU: NVIDIA GeForce RTX 3090 (24.0 GB), mempool limit: 80%
[2026-06-12 22:35:26][INFO] SIM_BRIDGE: Initializing simulation data for model: IZHIKEVICH (3D)... (playback_init: False)
[2026-06-12 22:35:26][INFO] SIM_BRIDGE: RNG initialized with seed: 42
[2026-06-12 22:35:26][INFO] SIM_BRIDGE: Initializing Izhikevich model specifics for 768 neurons...
[2026-06-12 22:35:26][INFO] SIM_BRIDGE: Applying parameter heterogeneity to neuron parameters...
[2026-06-12 22:35:26][INFO] SIM_BRIDGE: Applied heterogeneity to 4 parameters.
[2026-06-12 22:35:26][INFO] SIM_BRIDGE: Initializing OU process state (tau=15.0ms, sigma=0.0pA)...
[2026-06-12 22:35:26][INFO] SIM_BRIDGE: Generating 3D neuron positions for 768 neurons...
[2026-06-12 22:35:26][INFO] SIM_BRIDGE: Generating connections (3D)...
[2026-06-12 22:35:26][INFO] SIM_BRIDGE: Simulation data initialized for 768 neurons (3D). Synapses: 0. GPU memory: 1.7GB/25.8GB (6.5%)
[2026-06-12 22:40:40][INFO] SIM_BRIDGE: CuPy using GPU: NVIDIA GeForce RTX 3090 (24.0 GB), mempool limit: 80%
[2026-06-12 22:40:40][INFO] SIM_BRIDGE: Initializing simulation data for model: IZHIKEVICH (3D)... (playback_init: False)
[2026-06-12 22:40:40][INFO] SIM_BRIDGE: RNG initialized with seed: 42
[2026-06-12 22:40:40][INFO] SIM_BRIDGE: Initializing Izhikevich model specifics for 512 neurons...
[2026-06-12 22:40:40][INFO] SIM_BRIDGE: Applying parameter heterogeneity to neuron parameters...
[2026-06-12 22:40:40][INFO] SIM_BRIDGE: Applied heterogeneity to 4 parameters.
[2026-06-12 22:40:40][INFO] SIM_BRIDGE: Initializing OU process state (tau=15.0ms, sigma=0.0pA)...
[2026-06-12 22:40:40][INFO] SIM_BRIDGE: Generating 3D neuron positions for 512 neurons...
[2026-06-12 22:40:40][INFO] SIM_BRIDGE: Generating connections (3D)...
[2026-06-12 22:40:40][INFO] SIM_BRIDGE: Simulation data initialized for 512 neurons (3D). Synapses: 0. GPU memory: 1.7GB/25.8GB (6.5%)
[2026-06-12 22:40:40][INFO] SIM_BRIDGE: CuPy using GPU: NVIDIA GeForce RTX 3090 (24.0 GB), mempool limit: 80%
[2026-06-12 22:40:40][INFO] SIM_BRIDGE: Initializing simulation data for model: IZHIKEVICH (3D)... (playback_init: False)
[2026-06-12 22:40:40][INFO] SIM_BRIDGE: RNG initialized with seed: 42
[2026-06-12 22:40:40][INFO] SIM_BRIDGE: Initializing Izhikevich model specifics for 1024 neurons...
[2026-06-12 22:40:40][INFO] SIM_BRIDGE: Applying parameter heterogeneity to neuron parameters...
[2026-06-12 22:40:40][INFO] SIM_BRIDGE: Applied heterogeneity to 4 parameters.
[2026-06-12 22:40:40][INFO] SIM_BRIDGE: Initializing OU process state (tau=15.0ms, sigma=0.0pA)...
[2026-06-12 22:40:40][INFO] SIM_BRIDGE: Generating 3D neuron positions for 1024 neurons...
[2026-06-12 22:40:40][INFO] SIM_BRIDGE: Generating connections (3D)...
[2026-06-12 22:40:40][INFO] SIM_BRIDGE: Simulation data initialized for 1024 neurons (3D). Synapses: 0. GPU memory: 1.7GB/25.8GB (6.5%)
[2026-06-12 22:41:36][INFO] SIM_BRIDGE: CuPy using GPU: NVIDIA GeForce RTX 3090 (24.0 GB), mempool limit: 80%
[2026-06-12 22:41:36][INFO] SIM_BRIDGE: Initializing simulation data for model: IZHIKEVICH (3D)... (playback_init: False)
[2026-06-12 22:41:36][INFO] SIM_BRIDGE: RNG initialized with seed: 42
[2026-06-12 22:41:36][INFO] SIM_BRIDGE: Initializing Izhikevich model specifics for 768 neurons...
[2026-06-12 22:41:36][INFO] SIM_BRIDGE: Applying parameter heterogeneity to neuron parameters...
[2026-06-12 22:41:36][INFO] SIM_BRIDGE: Applied heterogeneity to 4 parameters.
[2026-06-12 22:41:36][INFO] SIM_BRIDGE: Initializing OU process state (tau=15.0ms, sigma=0.0pA)...
[2026-06-12 22:41:36][INFO] SIM_BRIDGE: Generating 3D neuron positions for 768 neurons...
[2026-06-12 22:41:36][INFO] SIM_BRIDGE: Generating connections (3D)...
[2026-06-12 22:41:36][INFO] SIM_BRIDGE: Simulation data initialized for 768 neurons (3D). Synapses: 0. GPU memory: 1.7GB/25.8GB (6.5%)
[2026-06-12 22:47:08][INFO] SIM_BRIDGE: CuPy using GPU: NVIDIA GeForce RTX 3090 (24.0 GB), mempool limit: 80%
[2026-06-12 22:47:08][INFO] SIM_BRIDGE: Initializing simulation data for model: IZHIKEVICH (3D)... (playback_init: False)
[2026-06-12 22:47:08][INFO] SIM_BRIDGE: RNG initialized with seed: 42
[2026-06-12 22:47:08][INFO] SIM_BRIDGE: Initializing Izhikevich model specifics for 512 neurons...
[2026-06-12 22:47:08][INFO] SIM_BRIDGE: Applying parameter heterogeneity to neuron parameters...
[2026-06-12 22:47:08][INFO] SIM_BRIDGE: Applied heterogeneity to 4 parameters.
[2026-06-12 22:47:08][INFO] SIM_BRIDGE: Initializing OU process state (tau=15.0ms, sigma=0.0pA)...
[2026-06-12 22:47:08][INFO] SIM_BRIDGE: Generating 3D neuron positions for 512 neurons...
[2026-06-12 22:47:08][INFO] SIM_BRIDGE: Generating connections (3D)...
[2026-06-12 22:47:08][INFO] SIM_BRIDGE: Simulation data initialized for 512 neurons (3D). Synapses: 0. GPU memory: 1.7GB/25.8GB (6.5%)
[2026-06-12 22:47:09][INFO] SIM_BRIDGE: CuPy using GPU: NVIDIA GeForce RTX 3090 (24.0 GB), mempool limit: 80%
[2026-06-12 22:47:09][INFO] SIM_BRIDGE: Initializing simulation data for model: IZHIKEVICH (3D)... (playback_init: False)
[2026-06-12 22:47:09][INFO] SIM_BRIDGE: RNG initialized with seed: 42
[2026-06-12 22:47:09][INFO] SIM_BRIDGE: Initializing Izhikevich model specifics for 1024 neurons...
[2026-06-12 22:47:09][INFO] SIM_BRIDGE: Applying parameter heterogeneity to neuron parameters...
[2026-06-12 22:47:09][INFO] SIM_BRIDGE: Applied heterogeneity to 4 parameters.
[2026-06-12 22:47:09][INFO] SIM_BRIDGE: Initializing OU process state (tau=15.0ms, sigma=0.0pA)...
[2026-06-12 22:47:09][INFO] SIM_BRIDGE: Generating 3D neuron positions for 1024 neurons...
[2026-06-12 22:47:09][INFO] SIM_BRIDGE: Generating connections (3D)...
[2026-06-12 22:47:09][INFO] SIM_BRIDGE: Simulation data initialized for 1024 neurons (3D). Synapses: 0. GPU memory: 1.7GB/25.8GB (6.5%)
[2026-06-12 22:48:06][INFO] SIM_BRIDGE: CuPy using GPU: NVIDIA GeForce RTX 3090 (24.0 GB), mempool limit: 80%
[2026-06-12 22:48:06][INFO] SIM_BRIDGE: Initializing simulation data for model: IZHIKEVICH (3D)... (playback_init: False)
[2026-06-12 22:48:06][INFO] SIM_BRIDGE: RNG initialized with seed: 42
[2026-06-12 22:48:06][INFO] SIM_BRIDGE: Initializing Izhikevich model specifics for 768 neurons...
[2026-06-12 22:48:06][INFO] SIM_BRIDGE: Applying parameter heterogeneity to neuron parameters...
[2026-06-12 22:48:06][INFO] SIM_BRIDGE: Applied heterogeneity to 4 parameters.
[2026-06-12 22:48:06][INFO] SIM_BRIDGE: Initializing OU process state (tau=15.0ms, sigma=0.0pA)...
[2026-06-12 22:48:06][INFO] SIM_BRIDGE: Generating 3D neuron positions for 768 neurons...
[2026-06-12 22:48:06][INFO] SIM_BRIDGE: Generating connections (3D)...
[2026-06-12 22:48:06][INFO] SIM_BRIDGE: Simulation data initialized for 768 neurons (3D). Synapses: 0. GPU memory: 1.7GB/25.8GB (6.5%)
[2026-06-12 22:53:24][INFO] SIM_BRIDGE: CuPy using GPU: NVIDIA GeForce RTX 3090 (24.0 GB), mempool limit: 80%
[2026-06-12 22:53:24][INFO] SIM_BRIDGE: Initializing simulation data for model: IZHIKEVICH (3D)... (playback_init: False)
[2026-06-12 22:53:24][INFO] SIM_BRIDGE: RNG initialized with seed: 42
[2026-06-12 22:53:24][INFO] SIM_BRIDGE: Initializing Izhikevich model specifics for 512 neurons...
[2026-06-12 22:53:24][INFO] SIM_BRIDGE: Applying parameter heterogeneity to neuron parameters...
[2026-06-12 22:53:24][INFO] SIM_BRIDGE: Applied heterogeneity to 4 parameters.
[2026-06-12 22:53:24][INFO] SIM_BRIDGE: Initializing OU process state (tau=15.0ms, sigma=0.0pA)...
[2026-06-12 22:53:24][INFO] SIM_BRIDGE: Generating 3D neuron positions for 512 neurons...
[2026-06-12 22:53:24][INFO] SIM_BRIDGE: Generating connections (3D)...
[2026-06-12 22:53:24][INFO] SIM_BRIDGE: Simulation data initialized for 512 neurons (3D). Synapses: 0. GPU memory: 1.7GB/25.8GB (6.5%)
[2026-06-12 22:53:24][INFO] SIM_BRIDGE: CuPy using GPU: NVIDIA GeForce RTX 3090 (24.0 GB), mempool limit: 80%
[2026-06-12 22:53:24][INFO] SIM_BRIDGE: Initializing simulation data for model: IZHIKEVICH (3D)... (playback_init: False)
[2026-06-12 22:53:24][INFO] SIM_BRIDGE: RNG initialized with seed: 42
[2026-06-12 22:53:24][INFO] SIM_BRIDGE: Initializing Izhikevich model specifics for 1024 neurons...
[2026-06-12 22:53:24][INFO] SIM_BRIDGE: Applying parameter heterogeneity to neuron parameters...
[2026-06-12 22:53:24][INFO] SIM_BRIDGE: Applied heterogeneity to 4 parameters.
[2026-06-12 22:53:24][INFO] SIM_BRIDGE: Initializing OU process state (tau=15.0ms, sigma=0.0pA)...
[2026-06-12 22:53:24][INFO] SIM_BRIDGE: Generating 3D neuron positions for 1024 neurons...
[2026-06-12 22:53:24][INFO] SIM_BRIDGE: Generating connections (3D)...
[2026-06-12 22:53:24][INFO] SIM_BRIDGE: Simulation data initialized for 1024 neurons (3D). Synapses: 0. GPU memory: 1.7GB/25.8GB (6.5%)
[2026-06-12 22:54:01][INFO] SIM_BRIDGE: CuPy using GPU: NVIDIA GeForce RTX 3090 (24.0 GB), mempool limit: 80%
[2026-06-12 22:54:01][INFO] SIM_BRIDGE: Initializing simulation data for model: IZHIKEVICH (3D)... (playback_init: False)
[2026-06-12 22:54:01][INFO] SIM_BRIDGE: RNG initialized with seed: 42
[2026-06-12 22:54:01][INFO] SIM_BRIDGE: Initializing Izhikevich model specifics for 768 neurons...
[2026-06-12 22:54:01][INFO] SIM_BRIDGE: Applying parameter heterogeneity to neuron parameters...
[2026-06-12 22:54:01][INFO] SIM_BRIDGE: Applied heterogeneity to 4 parameters.
[2026-06-12 22:54:01][INFO] SIM_BRIDGE: Initializing OU process state (tau=15.0ms, sigma=0.0pA)...
[2026-06-12 22:54:01][INFO] SIM_BRIDGE: Generating 3D neuron positions for 768 neurons...
[2026-06-12 22:54:01][INFO] SIM_BRIDGE: Generating connections (3D)...
[2026-06-12 22:54:01][INFO] SIM_BRIDGE: Simulation data initialized for 768 neurons (3D). Synapses: 0. GPU memory: 1.7GB/25.8GB (6.5%)
[2026-06-12 22:57:32][INFO] SIM_BRIDGE: CuPy using GPU: NVIDIA GeForce RTX 3090 (24.0 GB), mempool limit: 80%
[2026-06-12 22:57:32][INFO] SIM_BRIDGE: Initializing simulation data for model: IZHIKEVICH (3D)... (playback_init: False)
[2026-06-12 22:57:32][INFO] SIM_BRIDGE: RNG initialized with seed: 42
[2026-06-12 22:57:32][INFO] SIM_BRIDGE: Initializing Izhikevich model specifics for 512 neurons...
[2026-06-12 22:57:32][INFO] SIM_BRIDGE: Applying parameter heterogeneity to neuron parameters...
[2026-06-12 22:57:32][INFO] SIM_BRIDGE: Applied heterogeneity to 4 parameters.
[2026-06-12 22:57:32][INFO] SIM_BRIDGE: Initializing OU process state (tau=15.0ms, sigma=0.0pA)...
[2026-06-12 22:57:32][INFO] SIM_BRIDGE: Generating 3D neuron positions for 512 neurons...
[2026-06-12 22:57:32][INFO] SIM_BRIDGE: Generating connections (3D)...
[2026-06-12 22:57:32][INFO] SIM_BRIDGE: Simulation data initialized for 512 neurons (3D). Synapses: 0. GPU memory: 1.7GB/25.8GB (6.5%)
[2026-06-12 22:57:33][INFO] SIM_BRIDGE: CuPy using GPU: NVIDIA GeForce RTX 3090 (24.0 GB), mempool limit: 80%
[2026-06-12 22:57:33][INFO] SIM_BRIDGE: Initializing simulation data for model: IZHIKEVICH (3D)... (playback_init: False)
[2026-06-12 22:57:33][INFO] SIM_BRIDGE: RNG initialized with seed: 42
[2026-06-12 22:57:33][INFO] SIM_BRIDGE: Initializing Izhikevich model specifics for 1024 neurons...
[2026-06-12 22:57:33][INFO] SIM_BRIDGE: Applying parameter heterogeneity to neuron parameters...
[2026-06-12 22:57:33][INFO] SIM_BRIDGE: Applied heterogeneity to 4 parameters.
[2026-06-12 22:57:33][INFO] SIM_BRIDGE: Initializing OU process state (tau=15.0ms, sigma=0.0pA)...
[2026-06-12 22:57:33][INFO] SIM_BRIDGE: Generating 3D neuron positions for 1024 neurons...
[2026-06-12 22:57:33][INFO] SIM_BRIDGE: Generating connections (3D)...
[2026-06-12 22:57:33][INFO] SIM_BRIDGE: Simulation data initialized for 1024 neurons (3D). Synapses: 0. GPU memory: 1.7GB/25.8GB (6.5%)
[2026-06-12 22:58:09][INFO] SIM_BRIDGE: CuPy using GPU: NVIDIA GeForce RTX 3090 (24.0 GB), mempool limit: 80%
[2026-06-12 22:58:09][INFO] SIM_BRIDGE: Initializing simulation data for model: IZHIKEVICH (3D)... (playback_init: False)
[2026-06-12 22:58:09][INFO] SIM_BRIDGE: RNG initialized with seed: 42
[2026-06-12 22:58:09][INFO] SIM_BRIDGE: Initializing Izhikevich model specifics for 768 neurons...
[2026-06-12 22:58:09][INFO] SIM_BRIDGE: Applying parameter heterogeneity to neuron parameters...
[2026-06-12 22:58:09][INFO] SIM_BRIDGE: Applied heterogeneity to 4 parameters.
[2026-06-12 22:58:09][INFO] SIM_BRIDGE: Initializing OU process state (tau=15.0ms, sigma=0.0pA)...
[2026-06-12 22:58:09][INFO] SIM_BRIDGE: Generating 3D neuron positions for 768 neurons...
[2026-06-12 22:58:09][INFO] SIM_BRIDGE: Generating connections (3D)...
[2026-06-12 22:58:09][INFO] SIM_BRIDGE: Simulation data initialized for 768 neurons (3D). Synapses: 0. GPU memory: 1.7GB/25.8GB (6.5%)
[2026-06-12 23:01:36][INFO] SIM_BRIDGE: CuPy using GPU: NVIDIA GeForce RTX 3090 (24.0 GB), mempool limit: 80%
[2026-06-12 23:01:36][INFO] SIM_BRIDGE: Initializing simulation data for model: IZHIKEVICH (3D)... (playback_init: False)
[2026-06-12 23:01:36][INFO] SIM_BRIDGE: RNG initialized with seed: 42
[2026-06-12 23:01:36][INFO] SIM_BRIDGE: Initializing Izhikevich model specifics for 512 neurons...
[2026-06-12 23:01:36][INFO] SIM_BRIDGE: Applying parameter heterogeneity to neuron parameters...
[2026-06-12 23:01:36][INFO] SIM_BRIDGE: Applied heterogeneity to 4 parameters.
[2026-06-12 23:01:36][INFO] SIM_BRIDGE: Initializing OU process state (tau=15.0ms, sigma=0.0pA)...
[2026-06-12 23:01:36][INFO] SIM_BRIDGE: Generating 3D neuron positions for 512 neurons...
[2026-06-12 23:01:36][INFO] SIM_BRIDGE: Generating connections (3D)...
[2026-06-12 23:01:36][INFO] SIM_BRIDGE: Simulation data initialized for 512 neurons (3D). Synapses: 0. GPU memory: 1.7GB/25.8GB (6.5%)
[2026-06-12 23:01:37][INFO] SIM_BRIDGE: CuPy using GPU: NVIDIA GeForce RTX 3090 (24.0 GB), mempool limit: 80%
[2026-06-12 23:01:37][INFO] SIM_BRIDGE: Initializing simulation data for model: IZHIKEVICH (3D)... (playback_init: False)
[2026-06-12 23:01:37][INFO] SIM_BRIDGE: RNG initialized with seed: 42
[2026-06-12 23:01:37][INFO] SIM_BRIDGE: Initializing Izhikevich model specifics for 1024 neurons...
[2026-06-12 23:01:37][INFO] SIM_BRIDGE: Applying parameter heterogeneity to neuron parameters...
[2026-06-12 23:01:37][INFO] SIM_BRIDGE: Applied heterogeneity to 4 parameters.
[2026-06-12 23:01:37][INFO] SIM_BRIDGE: Initializing OU process state (tau=15.0ms, sigma=0.0pA)...
[2026-06-12 23:01:37][INFO] SIM_BRIDGE: Generating 3D neuron positions for 1024 neurons...
[2026-06-12 23:01:37][INFO] SIM_BRIDGE: Generating connections (3D)...
[2026-06-12 23:01:37][INFO] SIM_BRIDGE: Simulation data initialized for 1024 neurons (3D). Synapses: 0. GPU memory: 1.7GB/25.8GB (6.5%)
[2026-06-12 23:01:59][INFO] SIM_BRIDGE: CuPy using GPU: NVIDIA GeForce RTX 3090 (24.0 GB), mempool limit: 80%
[2026-06-12 23:01:59][INFO] SIM_BRIDGE: Initializing simulation data for model: IZHIKEVICH (3D)... (playback_init: False)
[2026-06-12 23:01:59][INFO] SIM_BRIDGE: RNG initialized with seed: 42
[2026-06-12 23:01:59][INFO] SIM_BRIDGE: Initializing Izhikevich model specifics for 768 neurons...
[2026-06-12 23:01:59][INFO] SIM_BRIDGE: Applying parameter heterogeneity to neuron parameters...
[2026-06-12 23:01:59][INFO] SIM_BRIDGE: Applied heterogeneity to 4 parameters.
[2026-06-12 23:01:59][INFO] SIM_BRIDGE: Initializing OU process state (tau=15.0ms, sigma=0.0pA)...
[2026-06-12 23:01:59][INFO] SIM_BRIDGE: Generating 3D neuron positions for 768 neurons...
[2026-06-12 23:01:59][INFO] SIM_BRIDGE: Generating connections (3D)...
[2026-06-12 23:01:59][INFO] SIM_BRIDGE: Simulation data initialized for 768 neurons (3D). Synapses: 0. GPU memory: 1.7GB/25.8GB (6.5%)
    [    foods] B1 gen acc=1.000 (chance=0.250, 4.0x)  B2 fa=0 abstains_all=True  | C1 perm B1=0.156 collapses=True
[2026-06-12 23:08:59][INFO] SIM_BRIDGE: CuPy using GPU: NVIDIA GeForce RTX 3090 (24.0 GB), mempool limit: 80%
[2026-06-12 23:08:59][INFO] SIM_BRIDGE: Initializing simulation data for model: IZHIKEVICH (3D)... (playback_init: False)
[2026-06-12 23:08:59][INFO] SIM_BRIDGE: RNG initialized with seed: 42
[2026-06-12 23:08:59][INFO] SIM_BRIDGE: Initializing Izhikevich model specifics for 512 neurons...
[2026-06-12 23:08:59][INFO] SIM_BRIDGE: Applying parameter heterogeneity to neuron parameters...
[2026-06-12 23:08:59][INFO] SIM_BRIDGE: Applied heterogeneity to 4 parameters.
[2026-06-12 23:08:59][INFO] SIM_BRIDGE: Initializing OU process state (tau=15.0ms, sigma=0.0pA)...
[2026-06-12 23:08:59][INFO] SIM_BRIDGE: Generating 3D neuron positions for 512 neurons...
[2026-06-12 23:08:59][INFO] SIM_BRIDGE: Generating connections (3D)...
[2026-06-12 23:08:59][INFO] SIM_BRIDGE: Simulation data initialized for 512 neurons (3D). Synapses: 0. GPU memory: 1.7GB/25.8GB (6.5%)
[2026-06-12 23:09:00][INFO] SIM_BRIDGE: CuPy using GPU: NVIDIA GeForce RTX 3090 (24.0 GB), mempool limit: 80%
[2026-06-12 23:09:00][INFO] SIM_BRIDGE: Initializing simulation data for model: IZHIKEVICH (3D)... (playback_init: False)
[2026-06-12 23:09:00][INFO] SIM_BRIDGE: RNG initialized with seed: 42
[2026-06-12 23:09:00][INFO] SIM_BRIDGE: Initializing Izhikevich model specifics for 1024 neurons...
[2026-06-12 23:09:00][INFO] SIM_BRIDGE: Applying parameter heterogeneity to neuron parameters...
[2026-06-12 23:09:00][INFO] SIM_BRIDGE: Applied heterogeneity to 4 parameters.
[2026-06-12 23:09:00][INFO] SIM_BRIDGE: Initializing OU process state (tau=15.0ms, sigma=0.0pA)...
[2026-06-12 23:09:00][INFO] SIM_BRIDGE: Generating 3D neuron positions for 1024 neurons...
[2026-06-12 23:09:00][INFO] SIM_BRIDGE: Generating connections (3D)...
[2026-06-12 23:09:00][INFO] SIM_BRIDGE: Simulation data initialized for 1024 neurons (3D). Synapses: 0. GPU memory: 1.7GB/25.8GB (6.5%)
[2026-06-12 23:09:36][INFO] SIM_BRIDGE: CuPy using GPU: NVIDIA GeForce RTX 3090 (24.0 GB), mempool limit: 80%
[2026-06-12 23:09:36][INFO] SIM_BRIDGE: Initializing simulation data for model: IZHIKEVICH (3D)... (playback_init: False)
[2026-06-12 23:09:36][INFO] SIM_BRIDGE: RNG initialized with seed: 42
[2026-06-12 23:09:36][INFO] SIM_BRIDGE: Initializing Izhikevich model specifics for 768 neurons...
[2026-06-12 23:09:36][INFO] SIM_BRIDGE: Applying parameter heterogeneity to neuron parameters...
[2026-06-12 23:09:36][INFO] SIM_BRIDGE: Applied heterogeneity to 4 parameters.
[2026-06-12 23:09:36][INFO] SIM_BRIDGE: Initializing OU process state (tau=15.0ms, sigma=0.0pA)...
[2026-06-12 23:09:36][INFO] SIM_BRIDGE: Generating 3D neuron positions for 768 neurons...
[2026-06-12 23:09:36][INFO] SIM_BRIDGE: Generating connections (3D)...
[2026-06-12 23:09:36][INFO] SIM_BRIDGE: Simulation data initialized for 768 neurons (3D). Synapses: 0. GPU memory: 1.7GB/25.8GB (6.5%)
[2026-06-12 23:13:02][INFO] SIM_BRIDGE: CuPy using GPU: NVIDIA GeForce RTX 3090 (24.0 GB), mempool limit: 80%
[2026-06-12 23:13:02][INFO] SIM_BRIDGE: Initializing simulation data for model: IZHIKEVICH (3D)... (playback_init: False)
[2026-06-12 23:13:02][INFO] SIM_BRIDGE: RNG initialized with seed: 42
[2026-06-12 23:13:02][INFO] SIM_BRIDGE: Initializing Izhikevich model specifics for 512 neurons...
[2026-06-12 23:13:02][INFO] SIM_BRIDGE: Applying parameter heterogeneity to neuron parameters...
[2026-06-12 23:13:02][INFO] SIM_BRIDGE: Applied heterogeneity to 4 parameters.
[2026-06-12 23:13:02][INFO] SIM_BRIDGE: Initializing OU process state (tau=15.0ms, sigma=0.0pA)...
[2026-06-12 23:13:02][INFO] SIM_BRIDGE: Generating 3D neuron positions for 512 neurons...
[2026-06-12 23:13:02][INFO] SIM_BRIDGE: Generating connections (3D)...
[2026-06-12 23:13:02][INFO] SIM_BRIDGE: Simulation data initialized for 512 neurons (3D). Synapses: 0. GPU memory: 1.7GB/25.8GB (6.5%)
[2026-06-12 23:13:03][INFO] SIM_BRIDGE: CuPy using GPU: NVIDIA GeForce RTX 3090 (24.0 GB), mempool limit: 80%
[2026-06-12 23:13:03][INFO] SIM_BRIDGE: Initializing simulation data for model: IZHIKEVICH (3D)... (playback_init: False)
[2026-06-12 23:13:03][INFO] SIM_BRIDGE: RNG initialized with seed: 42
[2026-06-12 23:13:03][INFO] SIM_BRIDGE: Initializing Izhikevich model specifics for 1024 neurons...
[2026-06-12 23:13:03][INFO] SIM_BRIDGE: Applying parameter heterogeneity to neuron parameters...
[2026-06-12 23:13:03][INFO] SIM_BRIDGE: Applied heterogeneity to 4 parameters.
[2026-06-12 23:13:03][INFO] SIM_BRIDGE: Initializing OU process state (tau=15.0ms, sigma=0.0pA)...
[2026-06-12 23:13:03][INFO] SIM_BRIDGE: Generating 3D neuron positions for 1024 neurons...
[2026-06-12 23:13:03][INFO] SIM_BRIDGE: Generating connections (3D)...
[2026-06-12 23:13:03][INFO] SIM_BRIDGE: Simulation data initialized for 1024 neurons (3D). Synapses: 0. GPU memory: 1.7GB/25.8GB (6.5%)
[2026-06-12 23:13:39][INFO] SIM_BRIDGE: CuPy using GPU: NVIDIA GeForce RTX 3090 (24.0 GB), mempool limit: 80%
[2026-06-12 23:13:39][INFO] SIM_BRIDGE: Initializing simulation data for model: IZHIKEVICH (3D)... (playback_init: False)
[2026-06-12 23:13:39][INFO] SIM_BRIDGE: RNG initialized with seed: 42
[2026-06-12 23:13:39][INFO] SIM_BRIDGE: Initializing Izhikevich model specifics for 768 neurons...
[2026-06-12 23:13:39][INFO] SIM_BRIDGE: Applying parameter heterogeneity to neuron parameters...
[2026-06-12 23:13:39][INFO] SIM_BRIDGE: Applied heterogeneity to 4 parameters.
[2026-06-12 23:13:39][INFO] SIM_BRIDGE: Initializing OU process state (tau=15.0ms, sigma=0.0pA)...
[2026-06-12 23:13:39][INFO] SIM_BRIDGE: Generating 3D neuron positions for 768 neurons...
[2026-06-12 23:13:39][INFO] SIM_BRIDGE: Generating connections (3D)...
[2026-06-12 23:13:39][INFO] SIM_BRIDGE: Simulation data initialized for 768 neurons (3D). Synapses: 0. GPU memory: 1.7GB/25.8GB (6.5%)
[2026-06-12 23:17:01][INFO] SIM_BRIDGE: CuPy using GPU: NVIDIA GeForce RTX 3090 (24.0 GB), mempool limit: 80%
[2026-06-12 23:17:01][INFO] SIM_BRIDGE: Initializing simulation data for model: IZHIKEVICH (3D)... (playback_init: False)
[2026-06-12 23:17:01][INFO] SIM_BRIDGE: RNG initialized with seed: 42
[2026-06-12 23:17:01][INFO] SIM_BRIDGE: Initializing Izhikevich model specifics for 512 neurons...
[2026-06-12 23:17:01][INFO] SIM_BRIDGE: Applying parameter heterogeneity to neuron parameters...
[2026-06-12 23:17:01][INFO] SIM_BRIDGE: Applied heterogeneity to 4 parameters.
[2026-06-12 23:17:01][INFO] SIM_BRIDGE: Initializing OU process state (tau=15.0ms, sigma=0.0pA)...
[2026-06-12 23:17:01][INFO] SIM_BRIDGE: Generating 3D neuron positions for 512 neurons...
[2026-06-12 23:17:01][INFO] SIM_BRIDGE: Generating connections (3D)...
[2026-06-12 23:17:01][INFO] SIM_BRIDGE: Simulation data initialized for 512 neurons (3D). Synapses: 0. GPU memory: 1.7GB/25.8GB (6.5%)
[2026-06-12 23:17:01][INFO] SIM_BRIDGE: CuPy using GPU: NVIDIA GeForce RTX 3090 (24.0 GB), mempool limit: 80%
[2026-06-12 23:17:01][INFO] SIM_BRIDGE: Initializing simulation data for model: IZHIKEVICH (3D)... (playback_init: False)
[2026-06-12 23:17:01][INFO] SIM_BRIDGE: RNG initialized with seed: 42
[2026-06-12 23:17:01][INFO] SIM_BRIDGE: Initializing Izhikevich model specifics for 1024 neurons...
[2026-06-12 23:17:01][INFO] SIM_BRIDGE: Applying parameter heterogeneity to neuron parameters...
[2026-06-12 23:17:01][INFO] SIM_BRIDGE: Applied heterogeneity to 4 parameters.
[2026-06-12 23:17:01][INFO] SIM_BRIDGE: Initializing OU process state (tau=15.0ms, sigma=0.0pA)...
[2026-06-12 23:17:01][INFO] SIM_BRIDGE: Generating 3D neuron positions for 1024 neurons...
[2026-06-12 23:17:01][INFO] SIM_BRIDGE: Generating connections (3D)...
[2026-06-12 23:17:01][INFO] SIM_BRIDGE: Simulation data initialized for 1024 neurons (3D). Synapses: 0. GPU memory: 1.7GB/25.8GB (6.5%)
[2026-06-12 23:17:38][INFO] SIM_BRIDGE: CuPy using GPU: NVIDIA GeForce RTX 3090 (24.0 GB), mempool limit: 80%
[2026-06-12 23:17:38][INFO] SIM_BRIDGE: Initializing simulation data for model: IZHIKEVICH (3D)... (playback_init: False)
[2026-06-12 23:17:38][INFO] SIM_BRIDGE: RNG initialized with seed: 42
[2026-06-12 23:17:38][INFO] SIM_BRIDGE: Initializing Izhikevich model specifics for 768 neurons...
[2026-06-12 23:17:38][INFO] SIM_BRIDGE: Applying parameter heterogeneity to neuron parameters...
[2026-06-12 23:17:38][INFO] SIM_BRIDGE: Applied heterogeneity to 4 parameters.
[2026-06-12 23:17:38][INFO] SIM_BRIDGE: Initializing OU process state (tau=15.0ms, sigma=0.0pA)...
[2026-06-12 23:17:38][INFO] SIM_BRIDGE: Generating 3D neuron positions for 768 neurons...
[2026-06-12 23:17:38][INFO] SIM_BRIDGE: Generating connections (3D)...
[2026-06-12 23:17:38][INFO] SIM_BRIDGE: Simulation data initialized for 768 neurons (3D). Synapses: 0. GPU memory: 1.7GB/25.8GB (6.5%)
[2026-06-12 23:20:58][INFO] SIM_BRIDGE: CuPy using GPU: NVIDIA GeForce RTX 3090 (24.0 GB), mempool limit: 80%
[2026-06-12 23:20:58][INFO] SIM_BRIDGE: Initializing simulation data for model: IZHIKEVICH (3D)... (playback_init: False)
[2026-06-12 23:20:58][INFO] SIM_BRIDGE: RNG initialized with seed: 42
[2026-06-12 23:20:58][INFO] SIM_BRIDGE: Initializing Izhikevich model specifics for 512 neurons...
[2026-06-12 23:20:58][INFO] SIM_BRIDGE: Applying parameter heterogeneity to neuron parameters...
[2026-06-12 23:20:58][INFO] SIM_BRIDGE: Applied heterogeneity to 4 parameters.
[2026-06-12 23:20:58][INFO] SIM_BRIDGE: Initializing OU process state (tau=15.0ms, sigma=0.0pA)...
[2026-06-12 23:20:58][INFO] SIM_BRIDGE: Generating 3D neuron positions for 512 neurons...
[2026-06-12 23:20:58][INFO] SIM_BRIDGE: Generating connections (3D)...
[2026-06-12 23:20:58][INFO] SIM_BRIDGE: Simulation data initialized for 512 neurons (3D). Synapses: 0. GPU memory: 1.7GB/25.8GB (6.5%)
[2026-06-12 23:20:59][INFO] SIM_BRIDGE: CuPy using GPU: NVIDIA GeForce RTX 3090 (24.0 GB), mempool limit: 80%
[2026-06-12 23:20:59][INFO] SIM_BRIDGE: Initializing simulation data for model: IZHIKEVICH (3D)... (playback_init: False)
[2026-06-12 23:20:59][INFO] SIM_BRIDGE: RNG initialized with seed: 42
[2026-06-12 23:20:59][INFO] SIM_BRIDGE: Initializing Izhikevich model specifics for 1024 neurons...
[2026-06-12 23:20:59][INFO] SIM_BRIDGE: Applying parameter heterogeneity to neuron parameters...
[2026-06-12 23:20:59][INFO] SIM_BRIDGE: Applied heterogeneity to 4 parameters.
[2026-06-12 23:20:59][INFO] SIM_BRIDGE: Initializing OU process state (tau=15.0ms, sigma=0.0pA)...
[2026-06-12 23:20:59][INFO] SIM_BRIDGE: Generating 3D neuron positions for 1024 neurons...
[2026-06-12 23:20:59][INFO] SIM_BRIDGE: Generating connections (3D)...
[2026-06-12 23:20:59][INFO] SIM_BRIDGE: Simulation data initialized for 1024 neurons (3D). Synapses: 0. GPU memory: 1.7GB/25.8GB (6.5%)
[2026-06-12 23:21:34][INFO] SIM_BRIDGE: CuPy using GPU: NVIDIA GeForce RTX 3090 (24.0 GB), mempool limit: 80%
[2026-06-12 23:21:34][INFO] SIM_BRIDGE: Initializing simulation data for model: IZHIKEVICH (3D)... (playback_init: False)
[2026-06-12 23:21:34][INFO] SIM_BRIDGE: RNG initialized with seed: 42
[2026-06-12 23:21:34][INFO] SIM_BRIDGE: Initializing Izhikevich model specifics for 768 neurons...
[2026-06-12 23:21:34][INFO] SIM_BRIDGE: Applying parameter heterogeneity to neuron parameters...
[2026-06-12 23:21:34][INFO] SIM_BRIDGE: Applied heterogeneity to 4 parameters.
[2026-06-12 23:21:34][INFO] SIM_BRIDGE: Initializing OU process state (tau=15.0ms, sigma=0.0pA)...
[2026-06-12 23:21:34][INFO] SIM_BRIDGE: Generating 3D neuron positions for 768 neurons...
[2026-06-12 23:21:34][INFO] SIM_BRIDGE: Generating connections (3D)...
[2026-06-12 23:21:34][INFO] SIM_BRIDGE: Simulation data initialized for 768 neurons (3D). Synapses: 0. GPU memory: 1.7GB/25.8GB (6.5%)
[2026-06-12 23:25:03][INFO] SIM_BRIDGE: CuPy using GPU: NVIDIA GeForce RTX 3090 (24.0 GB), mempool limit: 80%
[2026-06-12 23:25:03][INFO] SIM_BRIDGE: Initializing simulation data for model: IZHIKEVICH (3D)... (playback_init: False)
[2026-06-12 23:25:03][INFO] SIM_BRIDGE: RNG initialized with seed: 42
[2026-06-12 23:25:03][INFO] SIM_BRIDGE: Initializing Izhikevich model specifics for 512 neurons...
[2026-06-12 23:25:03][INFO] SIM_BRIDGE: Applying parameter heterogeneity to neuron parameters...
[2026-06-12 23:25:03][INFO] SIM_BRIDGE: Applied heterogeneity to 4 parameters.
[2026-06-12 23:25:03][INFO] SIM_BRIDGE: Initializing OU process state (tau=15.0ms, sigma=0.0pA)...
[2026-06-12 23:25:03][INFO] SIM_BRIDGE: Generating 3D neuron positions for 512 neurons...
[2026-06-12 23:25:03][INFO] SIM_BRIDGE: Generating connections (3D)...
[2026-06-12 23:25:03][INFO] SIM_BRIDGE: Simulation data initialized for 512 neurons (3D). Synapses: 0. GPU memory: 1.7GB/25.8GB (6.5%)
[2026-06-12 23:25:04][INFO] SIM_BRIDGE: CuPy using GPU: NVIDIA GeForce RTX 3090 (24.0 GB), mempool limit: 80%
[2026-06-12 23:25:04][INFO] SIM_BRIDGE: Initializing simulation data for model: IZHIKEVICH (3D)... (playback_init: False)
[2026-06-12 23:25:04][INFO] SIM_BRIDGE: RNG initialized with seed: 42
[2026-06-12 23:25:04][INFO] SIM_BRIDGE: Initializing Izhikevich model specifics for 1024 neurons...
[2026-06-12 23:25:04][INFO] SIM_BRIDGE: Applying parameter heterogeneity to neuron parameters...
[2026-06-12 23:25:04][INFO] SIM_BRIDGE: Applied heterogeneity to 4 parameters.
[2026-06-12 23:25:04][INFO] SIM_BRIDGE: Initializing OU process state (tau=15.0ms, sigma=0.0pA)...
[2026-06-12 23:25:04][INFO] SIM_BRIDGE: Generating 3D neuron positions for 1024 neurons...
[2026-06-12 23:25:04][INFO] SIM_BRIDGE: Generating connections (3D)...
[2026-06-12 23:25:04][INFO] SIM_BRIDGE: Simulation data initialized for 1024 neurons (3D). Synapses: 0. GPU memory: 1.7GB/25.8GB (6.5%)
[2026-06-12 23:25:41][INFO] SIM_BRIDGE: CuPy using GPU: NVIDIA GeForce RTX 3090 (24.0 GB), mempool limit: 80%
[2026-06-12 23:25:41][INFO] SIM_BRIDGE: Initializing simulation data for model: IZHIKEVICH (3D)... (playback_init: False)
[2026-06-12 23:25:41][INFO] SIM_BRIDGE: RNG initialized with seed: 42
[2026-06-12 23:25:41][INFO] SIM_BRIDGE: Initializing Izhikevich model specifics for 768 neurons...
[2026-06-12 23:25:41][INFO] SIM_BRIDGE: Applying parameter heterogeneity to neuron parameters...
[2026-06-12 23:25:41][INFO] SIM_BRIDGE: Applied heterogeneity to 4 parameters.
[2026-06-12 23:25:41][INFO] SIM_BRIDGE: Initializing OU process state (tau=15.0ms, sigma=0.0pA)...
[2026-06-12 23:25:41][INFO] SIM_BRIDGE: Generating 3D neuron positions for 768 neurons...
[2026-06-12 23:25:41][INFO] SIM_BRIDGE: Generating connections (3D)...
[2026-06-12 23:25:41][INFO] SIM_BRIDGE: Simulation data initialized for 768 neurons (3D). Synapses: 0. GPU memory: 1.7GB/25.8GB (6.5%)
[2026-06-12 23:29:08][INFO] SIM_BRIDGE: CuPy using GPU: NVIDIA GeForce RTX 3090 (24.0 GB), mempool limit: 80%
[2026-06-12 23:29:08][INFO] SIM_BRIDGE: Initializing simulation data for model: IZHIKEVICH (3D)... (playback_init: False)
[2026-06-12 23:29:08][INFO] SIM_BRIDGE: RNG initialized with seed: 42
[2026-06-12 23:29:08][INFO] SIM_BRIDGE: Initializing Izhikevich model specifics for 512 neurons...
[2026-06-12 23:29:08][INFO] SIM_BRIDGE: Applying parameter heterogeneity to neuron parameters...
[2026-06-12 23:29:08][INFO] SIM_BRIDGE: Applied heterogeneity to 4 parameters.
[2026-06-12 23:29:08][INFO] SIM_BRIDGE: Initializing OU process state (tau=15.0ms, sigma=0.0pA)...
[2026-06-12 23:29:08][INFO] SIM_BRIDGE: Generating 3D neuron positions for 512 neurons...
[2026-06-12 23:29:08][INFO] SIM_BRIDGE: Generating connections (3D)...
[2026-06-12 23:29:08][INFO] SIM_BRIDGE: Simulation data initialized for 512 neurons (3D). Synapses: 0. GPU memory: 1.7GB/25.8GB (6.5%)
[2026-06-12 23:29:08][INFO] SIM_BRIDGE: CuPy using GPU: NVIDIA GeForce RTX 3090 (24.0 GB), mempool limit: 80%
[2026-06-12 23:29:08][INFO] SIM_BRIDGE: Initializing simulation data for model: IZHIKEVICH (3D)... (playback_init: False)
[2026-06-12 23:29:08][INFO] SIM_BRIDGE: RNG initialized with seed: 42
[2026-06-12 23:29:08][INFO] SIM_BRIDGE: Initializing Izhikevich model specifics for 1024 neurons...
[2026-06-12 23:29:08][INFO] SIM_BRIDGE: Applying parameter heterogeneity to neuron parameters...
[2026-06-12 23:29:08][INFO] SIM_BRIDGE: Applied heterogeneity to 4 parameters.
[2026-06-12 23:29:08][INFO] SIM_BRIDGE: Initializing OU process state (tau=15.0ms, sigma=0.0pA)...
[2026-06-12 23:29:08][INFO] SIM_BRIDGE: Generating 3D neuron positions for 1024 neurons...
[2026-06-12 23:29:08][INFO] SIM_BRIDGE: Generating connections (3D)...
[2026-06-12 23:29:08][INFO] SIM_BRIDGE: Simulation data initialized for 1024 neurons (3D). Synapses: 0. GPU memory: 1.7GB/25.8GB (6.5%)
[2026-06-12 23:29:44][INFO] SIM_BRIDGE: CuPy using GPU: NVIDIA GeForce RTX 3090 (24.0 GB), mempool limit: 80%
[2026-06-12 23:29:44][INFO] SIM_BRIDGE: Initializing simulation data for model: IZHIKEVICH (3D)... (playback_init: False)
[2026-06-12 23:29:44][INFO] SIM_BRIDGE: RNG initialized with seed: 42
[2026-06-12 23:29:44][INFO] SIM_BRIDGE: Initializing Izhikevich model specifics for 768 neurons...
[2026-06-12 23:29:44][INFO] SIM_BRIDGE: Applying parameter heterogeneity to neuron parameters...
[2026-06-12 23:29:44][INFO] SIM_BRIDGE: Applied heterogeneity to 4 parameters.
[2026-06-12 23:29:44][INFO] SIM_BRIDGE: Initializing OU process state (tau=15.0ms, sigma=0.0pA)...
[2026-06-12 23:29:44][INFO] SIM_BRIDGE: Generating 3D neuron positions for 768 neurons...
[2026-06-12 23:29:44][INFO] SIM_BRIDGE: Generating connections (3D)...
[2026-06-12 23:29:44][INFO] SIM_BRIDGE: Simulation data initialized for 768 neurons (3D). Synapses: 0. GPU memory: 1.7GB/25.8GB (6.5%)
[2026-06-12 23:33:10][INFO] SIM_BRIDGE: CuPy using GPU: NVIDIA GeForce RTX 3090 (24.0 GB), mempool limit: 80%
[2026-06-12 23:33:10][INFO] SIM_BRIDGE: Initializing simulation data for model: IZHIKEVICH (3D)... (playback_init: False)
[2026-06-12 23:33:10][INFO] SIM_BRIDGE: RNG initialized with seed: 42
[2026-06-12 23:33:10][INFO] SIM_BRIDGE: Initializing Izhikevich model specifics for 512 neurons...
[2026-06-12 23:33:10][INFO] SIM_BRIDGE: Applying parameter heterogeneity to neuron parameters...
[2026-06-12 23:33:10][INFO] SIM_BRIDGE: Applied heterogeneity to 4 parameters.
[2026-06-12 23:33:10][INFO] SIM_BRIDGE: Initializing OU process state (tau=15.0ms, sigma=0.0pA)...
[2026-06-12 23:33:10][INFO] SIM_BRIDGE: Generating 3D neuron positions for 512 neurons...
[2026-06-12 23:33:10][INFO] SIM_BRIDGE: Generating connections (3D)...
[2026-06-12 23:33:10][INFO] SIM_BRIDGE: Simulation data initialized for 512 neurons (3D). Synapses: 0. GPU memory: 1.7GB/25.8GB (6.5%)
[2026-06-12 23:33:10][INFO] SIM_BRIDGE: CuPy using GPU: NVIDIA GeForce RTX 3090 (24.0 GB), mempool limit: 80%
[2026-06-12 23:33:10][INFO] SIM_BRIDGE: Initializing simulation data for model: IZHIKEVICH (3D)... (playback_init: False)
[2026-06-12 23:33:10][INFO] SIM_BRIDGE: RNG initialized with seed: 42
[2026-06-12 23:33:10][INFO] SIM_BRIDGE: Initializing Izhikevich model specifics for 1024 neurons...
[2026-06-12 23:33:10][INFO] SIM_BRIDGE: Applying parameter heterogeneity to neuron parameters...
[2026-06-12 23:33:10][INFO] SIM_BRIDGE: Applied heterogeneity to 4 parameters.
[2026-06-12 23:33:10][INFO] SIM_BRIDGE: Initializing OU process state (tau=15.0ms, sigma=0.0pA)...
[2026-06-12 23:33:10][INFO] SIM_BRIDGE: Generating 3D neuron positions for 1024 neurons...
[2026-06-12 23:33:10][INFO] SIM_BRIDGE: Generating connections (3D)...
[2026-06-12 23:33:10][INFO] SIM_BRIDGE: Simulation data initialized for 1024 neurons (3D). Synapses: 0. GPU memory: 1.7GB/25.8GB (6.5%)
[2026-06-12 23:33:46][INFO] SIM_BRIDGE: CuPy using GPU: NVIDIA GeForce RTX 3090 (24.0 GB), mempool limit: 80%
[2026-06-12 23:33:46][INFO] SIM_BRIDGE: Initializing simulation data for model: IZHIKEVICH (3D)... (playback_init: False)
[2026-06-12 23:33:46][INFO] SIM_BRIDGE: RNG initialized with seed: 42
[2026-06-12 23:33:46][INFO] SIM_BRIDGE: Initializing Izhikevich model specifics for 768 neurons...
[2026-06-12 23:33:46][INFO] SIM_BRIDGE: Applying parameter heterogeneity to neuron parameters...
[2026-06-12 23:33:46][INFO] SIM_BRIDGE: Applied heterogeneity to 4 parameters.
[2026-06-12 23:33:46][INFO] SIM_BRIDGE: Initializing OU process state (tau=15.0ms, sigma=0.0pA)...
[2026-06-12 23:33:46][INFO] SIM_BRIDGE: Generating 3D neuron positions for 768 neurons...
[2026-06-12 23:33:46][INFO] SIM_BRIDGE: Generating connections (3D)...
[2026-06-12 23:33:46][INFO] SIM_BRIDGE: Simulation data initialized for 768 neurons (3D). Synapses: 0. GPU memory: 1.7GB/25.8GB (6.5%)
[2026-06-12 23:37:12][INFO] SIM_BRIDGE: CuPy using GPU: NVIDIA GeForce RTX 3090 (24.0 GB), mempool limit: 80%
[2026-06-12 23:37:12][INFO] SIM_BRIDGE: Initializing simulation data for model: IZHIKEVICH (3D)... (playback_init: False)
[2026-06-12 23:37:12][INFO] SIM_BRIDGE: RNG initialized with seed: 42
[2026-06-12 23:37:12][INFO] SIM_BRIDGE: Initializing Izhikevich model specifics for 512 neurons...
[2026-06-12 23:37:12][INFO] SIM_BRIDGE: Applying parameter heterogeneity to neuron parameters...
[2026-06-12 23:37:12][INFO] SIM_BRIDGE: Applied heterogeneity to 4 parameters.
[2026-06-12 23:37:12][INFO] SIM_BRIDGE: Initializing OU process state (tau=15.0ms, sigma=0.0pA)...
[2026-06-12 23:37:12][INFO] SIM_BRIDGE: Generating 3D neuron positions for 512 neurons...
[2026-06-12 23:37:12][INFO] SIM_BRIDGE: Generating connections (3D)...
[2026-06-12 23:37:12][INFO] SIM_BRIDGE: Simulation data initialized for 512 neurons (3D). Synapses: 0. GPU memory: 1.7GB/25.8GB (6.5%)
[2026-06-12 23:37:12][INFO] SIM_BRIDGE: CuPy using GPU: NVIDIA GeForce RTX 3090 (24.0 GB), mempool limit: 80%
[2026-06-12 23:37:12][INFO] SIM_BRIDGE: Initializing simulation data for model: IZHIKEVICH (3D)... (playback_init: False)
[2026-06-12 23:37:12][INFO] SIM_BRIDGE: RNG initialized with seed: 42
[2026-06-12 23:37:12][INFO] SIM_BRIDGE: Initializing Izhikevich model specifics for 1024 neurons...
[2026-06-12 23:37:12][INFO] SIM_BRIDGE: Applying parameter heterogeneity to neuron parameters...
[2026-06-12 23:37:12][INFO] SIM_BRIDGE: Applied heterogeneity to 4 parameters.
[2026-06-12 23:37:12][INFO] SIM_BRIDGE: Initializing OU process state (tau=15.0ms, sigma=0.0pA)...
[2026-06-12 23:37:12][INFO] SIM_BRIDGE: Generating 3D neuron positions for 1024 neurons...
[2026-06-12 23:37:12][INFO] SIM_BRIDGE: Generating connections (3D)...
[2026-06-12 23:37:12][INFO] SIM_BRIDGE: Simulation data initialized for 1024 neurons (3D). Synapses: 0. GPU memory: 1.7GB/25.8GB (6.5%)
[2026-06-12 23:37:49][INFO] SIM_BRIDGE: CuPy using GPU: NVIDIA GeForce RTX 3090 (24.0 GB), mempool limit: 80%
[2026-06-12 23:37:49][INFO] SIM_BRIDGE: Initializing simulation data for model: IZHIKEVICH (3D)... (playback_init: False)
[2026-06-12 23:37:49][INFO] SIM_BRIDGE: RNG initialized with seed: 42
[2026-06-12 23:37:49][INFO] SIM_BRIDGE: Initializing Izhikevich model specifics for 768 neurons...
[2026-06-12 23:37:49][INFO] SIM_BRIDGE: Applying parameter heterogeneity to neuron parameters...
[2026-06-12 23:37:49][INFO] SIM_BRIDGE: Applied heterogeneity to 4 parameters.
[2026-06-12 23:37:49][INFO] SIM_BRIDGE: Initializing OU process state (tau=15.0ms, sigma=0.0pA)...
[2026-06-12 23:37:49][INFO] SIM_BRIDGE: Generating 3D neuron positions for 768 neurons...
[2026-06-12 23:37:49][INFO] SIM_BRIDGE: Generating connections (3D)...
[2026-06-12 23:37:49][INFO] SIM_BRIDGE: Simulation data initialized for 768 neurons (3D). Synapses: 0. GPU memory: 1.7GB/25.8GB (6.5%)
[2026-06-12 23:41:17][INFO] SIM_BRIDGE: CuPy using GPU: NVIDIA GeForce RTX 3090 (24.0 GB), mempool limit: 80%
[2026-06-12 23:41:17][INFO] SIM_BRIDGE: Initializing simulation data for model: IZHIKEVICH (3D)... (playback_init: False)
[2026-06-12 23:41:17][INFO] SIM_BRIDGE: RNG initialized with seed: 42
[2026-06-12 23:41:17][INFO] SIM_BRIDGE: Initializing Izhikevich model specifics for 512 neurons...
[2026-06-12 23:41:17][INFO] SIM_BRIDGE: Applying parameter heterogeneity to neuron parameters...
[2026-06-12 23:41:17][INFO] SIM_BRIDGE: Applied heterogeneity to 4 parameters.
[2026-06-12 23:41:17][INFO] SIM_BRIDGE: Initializing OU process state (tau=15.0ms, sigma=0.0pA)...
[2026-06-12 23:41:17][INFO] SIM_BRIDGE: Generating 3D neuron positions for 512 neurons...
[2026-06-12 23:41:17][INFO] SIM_BRIDGE: Generating connections (3D)...
[2026-06-12 23:41:17][INFO] SIM_BRIDGE: Simulation data initialized for 512 neurons (3D). Synapses: 0. GPU memory: 1.7GB/25.8GB (6.5%)
[2026-06-12 23:41:17][INFO] SIM_BRIDGE: CuPy using GPU: NVIDIA GeForce RTX 3090 (24.0 GB), mempool limit: 80%
[2026-06-12 23:41:17][INFO] SIM_BRIDGE: Initializing simulation data for model: IZHIKEVICH (3D)... (playback_init: False)
[2026-06-12 23:41:17][INFO] SIM_BRIDGE: RNG initialized with seed: 42
[2026-06-12 23:41:17][INFO] SIM_BRIDGE: Initializing Izhikevich model specifics for 1024 neurons...
[2026-06-12 23:41:17][INFO] SIM_BRIDGE: Applying parameter heterogeneity to neuron parameters...
[2026-06-12 23:41:17][INFO] SIM_BRIDGE: Applied heterogeneity to 4 parameters.
[2026-06-12 23:41:17][INFO] SIM_BRIDGE: Initializing OU process state (tau=15.0ms, sigma=0.0pA)...
[2026-06-12 23:41:17][INFO] SIM_BRIDGE: Generating 3D neuron positions for 1024 neurons...
[2026-06-12 23:41:17][INFO] SIM_BRIDGE: Generating connections (3D)...
[2026-06-12 23:41:17][INFO] SIM_BRIDGE: Simulation data initialized for 1024 neurons (3D). Synapses: 0. GPU memory: 1.7GB/25.8GB (6.5%)
[2026-06-12 23:41:39][INFO] SIM_BRIDGE: CuPy using GPU: NVIDIA GeForce RTX 3090 (24.0 GB), mempool limit: 80%
[2026-06-12 23:41:39][INFO] SIM_BRIDGE: Initializing simulation data for model: IZHIKEVICH (3D)... (playback_init: False)
[2026-06-12 23:41:39][INFO] SIM_BRIDGE: RNG initialized with seed: 42
[2026-06-12 23:41:39][INFO] SIM_BRIDGE: Initializing Izhikevich model specifics for 768 neurons...
[2026-06-12 23:41:39][INFO] SIM_BRIDGE: Applying parameter heterogeneity to neuron parameters...
[2026-06-12 23:41:39][INFO] SIM_BRIDGE: Applied heterogeneity to 4 parameters.
[2026-06-12 23:41:39][INFO] SIM_BRIDGE: Initializing OU process state (tau=15.0ms, sigma=0.0pA)...
[2026-06-12 23:41:39][INFO] SIM_BRIDGE: Generating 3D neuron positions for 768 neurons...
[2026-06-12 23:41:39][INFO] SIM_BRIDGE: Generating connections (3D)...
[2026-06-12 23:41:39][INFO] SIM_BRIDGE: Simulation data initialized for 768 neurons (3D). Synapses: 0. GPU memory: 1.7GB/25.8GB (6.5%)
    [ vehicles] B1 gen acc=0.994 (chance=0.250, 4.0x)  B2 fa=0 abstains_all=True  | C1 perm B1=0.062 collapses=True
[2026-06-12 23:48:34][INFO] SIM_BRIDGE: CuPy using GPU: NVIDIA GeForce RTX 3090 (24.0 GB), mempool limit: 80%
[2026-06-12 23:48:34][INFO] SIM_BRIDGE: Initializing simulation data for model: IZHIKEVICH (3D)... (playback_init: False)
[2026-06-12 23:48:34][INFO] SIM_BRIDGE: RNG initialized with seed: 42
[2026-06-12 23:48:34][INFO] SIM_BRIDGE: Initializing Izhikevich model specifics for 512 neurons...
[2026-06-12 23:48:34][INFO] SIM_BRIDGE: Applying parameter heterogeneity to neuron parameters...
[2026-06-12 23:48:34][INFO] SIM_BRIDGE: Applied heterogeneity to 4 parameters.
[2026-06-12 23:48:34][INFO] SIM_BRIDGE: Initializing OU process state (tau=15.0ms, sigma=0.0pA)...
[2026-06-12 23:48:34][INFO] SIM_BRIDGE: Generating 3D neuron positions for 512 neurons...
[2026-06-12 23:48:34][INFO] SIM_BRIDGE: Generating connections (3D)...
[2026-06-12 23:48:34][INFO] SIM_BRIDGE: Simulation data initialized for 512 neurons (3D). Synapses: 0. GPU memory: 1.7GB/25.8GB (6.5%)
[2026-06-12 23:48:35][INFO] SIM_BRIDGE: CuPy using GPU: NVIDIA GeForce RTX 3090 (24.0 GB), mempool limit: 80%
[2026-06-12 23:48:35][INFO] SIM_BRIDGE: Initializing simulation data for model: IZHIKEVICH (3D)... (playback_init: False)
[2026-06-12 23:48:35][INFO] SIM_BRIDGE: RNG initialized with seed: 42
[2026-06-12 23:48:35][INFO] SIM_BRIDGE: Initializing Izhikevich model specifics for 1024 neurons...
[2026-06-12 23:48:35][INFO] SIM_BRIDGE: Applying parameter heterogeneity to neuron parameters...
[2026-06-12 23:48:35][INFO] SIM_BRIDGE: Applied heterogeneity to 4 parameters.
[2026-06-12 23:48:35][INFO] SIM_BRIDGE: Initializing OU process state (tau=15.0ms, sigma=0.0pA)...
[2026-06-12 23:48:35][INFO] SIM_BRIDGE: Generating 3D neuron positions for 1024 neurons...
[2026-06-12 23:48:35][INFO] SIM_BRIDGE: Generating connections (3D)...
[2026-06-12 23:48:35][INFO] SIM_BRIDGE: Simulation data initialized for 1024 neurons (3D). Synapses: 0. GPU memory: 1.7GB/25.8GB (6.5%)
[2026-06-12 23:49:11][INFO] SIM_BRIDGE: CuPy using GPU: NVIDIA GeForce RTX 3090 (24.0 GB), mempool limit: 80%
[2026-06-12 23:49:11][INFO] SIM_BRIDGE: Initializing simulation data for model: IZHIKEVICH (3D)... (playback_init: False)
[2026-06-12 23:49:11][INFO] SIM_BRIDGE: RNG initialized with seed: 42
[2026-06-12 23:49:11][INFO] SIM_BRIDGE: Initializing Izhikevich model specifics for 768 neurons...
[2026-06-12 23:49:11][INFO] SIM_BRIDGE: Applying parameter heterogeneity to neuron parameters...
[2026-06-12 23:49:11][INFO] SIM_BRIDGE: Applied heterogeneity to 4 parameters.
[2026-06-12 23:49:11][INFO] SIM_BRIDGE: Initializing OU process state (tau=15.0ms, sigma=0.0pA)...
[2026-06-12 23:49:11][INFO] SIM_BRIDGE: Generating 3D neuron positions for 768 neurons...
[2026-06-12 23:49:11][INFO] SIM_BRIDGE: Generating connections (3D)...
[2026-06-12 23:49:11][INFO] SIM_BRIDGE: Simulation data initialized for 768 neurons (3D). Synapses: 0. GPU memory: 1.7GB/25.8GB (6.5%)
[2026-06-12 23:52:39][INFO] SIM_BRIDGE: CuPy using GPU: NVIDIA GeForce RTX 3090 (24.0 GB), mempool limit: 80%
[2026-06-12 23:52:39][INFO] SIM_BRIDGE: Initializing simulation data for model: IZHIKEVICH (3D)... (playback_init: False)
[2026-06-12 23:52:39][INFO] SIM_BRIDGE: RNG initialized with seed: 42
[2026-06-12 23:52:39][INFO] SIM_BRIDGE: Initializing Izhikevich model specifics for 512 neurons...
[2026-06-12 23:52:39][INFO] SIM_BRIDGE: Applying parameter heterogeneity to neuron parameters...
[2026-06-12 23:52:39][INFO] SIM_BRIDGE: Applied heterogeneity to 4 parameters.
[2026-06-12 23:52:39][INFO] SIM_BRIDGE: Initializing OU process state (tau=15.0ms, sigma=0.0pA)...
[2026-06-12 23:52:39][INFO] SIM_BRIDGE: Generating 3D neuron positions for 512 neurons...
[2026-06-12 23:52:39][INFO] SIM_BRIDGE: Generating connections (3D)...
[2026-06-12 23:52:39][INFO] SIM_BRIDGE: Simulation data initialized for 512 neurons (3D). Synapses: 0. GPU memory: 1.7GB/25.8GB (6.5%)
[2026-06-12 23:52:39][INFO] SIM_BRIDGE: CuPy using GPU: NVIDIA GeForce RTX 3090 (24.0 GB), mempool limit: 80%
[2026-06-12 23:52:39][INFO] SIM_BRIDGE: Initializing simulation data for model: IZHIKEVICH (3D)... (playback_init: False)
[2026-06-12 23:52:39][INFO] SIM_BRIDGE: RNG initialized with seed: 42
[2026-06-12 23:52:39][INFO] SIM_BRIDGE: Initializing Izhikevich model specifics for 1024 neurons...
[2026-06-12 23:52:39][INFO] SIM_BRIDGE: Applying parameter heterogeneity to neuron parameters...
[2026-06-12 23:52:39][INFO] SIM_BRIDGE: Applied heterogeneity to 4 parameters.
[2026-06-12 23:52:39][INFO] SIM_BRIDGE: Initializing OU process state (tau=15.0ms, sigma=0.0pA)...
[2026-06-12 23:52:39][INFO] SIM_BRIDGE: Generating 3D neuron positions for 1024 neurons...
[2026-06-12 23:52:39][INFO] SIM_BRIDGE: Generating connections (3D)...
[2026-06-12 23:52:39][INFO] SIM_BRIDGE: Simulation data initialized for 1024 neurons (3D). Synapses: 0. GPU memory: 1.7GB/25.8GB (6.5%)
[2026-06-12 23:53:15][INFO] SIM_BRIDGE: CuPy using GPU: NVIDIA GeForce RTX 3090 (24.0 GB), mempool limit: 80%
[2026-06-12 23:53:15][INFO] SIM_BRIDGE: Initializing simulation data for model: IZHIKEVICH (3D)... (playback_init: False)
[2026-06-12 23:53:15][INFO] SIM_BRIDGE: RNG initialized with seed: 42
[2026-06-12 23:53:15][INFO] SIM_BRIDGE: Initializing Izhikevich model specifics for 768 neurons...
[2026-06-12 23:53:15][INFO] SIM_BRIDGE: Applying parameter heterogeneity to neuron parameters...
[2026-06-12 23:53:15][INFO] SIM_BRIDGE: Applied heterogeneity to 4 parameters.
[2026-06-12 23:53:15][INFO] SIM_BRIDGE: Initializing OU process state (tau=15.0ms, sigma=0.0pA)...
[2026-06-12 23:53:15][INFO] SIM_BRIDGE: Generating 3D neuron positions for 768 neurons...
[2026-06-12 23:53:15][INFO] SIM_BRIDGE: Generating connections (3D)...
[2026-06-12 23:53:15][INFO] SIM_BRIDGE: Simulation data initialized for 768 neurons (3D). Synapses: 0. GPU memory: 1.7GB/25.8GB (6.5%)
[2026-06-12 23:56:34][INFO] SIM_BRIDGE: CuPy using GPU: NVIDIA GeForce RTX 3090 (24.0 GB), mempool limit: 80%
[2026-06-12 23:56:34][INFO] SIM_BRIDGE: Initializing simulation data for model: IZHIKEVICH (3D)... (playback_init: False)
[2026-06-12 23:56:34][INFO] SIM_BRIDGE: RNG initialized with seed: 42
[2026-06-12 23:56:34][INFO] SIM_BRIDGE: Initializing Izhikevich model specifics for 512 neurons...
[2026-06-12 23:56:34][INFO] SIM_BRIDGE: Applying parameter heterogeneity to neuron parameters...
[2026-06-12 23:56:34][INFO] SIM_BRIDGE: Applied heterogeneity to 4 parameters.
[2026-06-12 23:56:34][INFO] SIM_BRIDGE: Initializing OU process state (tau=15.0ms, sigma=0.0pA)...
[2026-06-12 23:56:34][INFO] SIM_BRIDGE: Generating 3D neuron positions for 512 neurons...
[2026-06-12 23:56:34][INFO] SIM_BRIDGE: Generating connections (3D)...
[2026-06-12 23:56:34][INFO] SIM_BRIDGE: Simulation data initialized for 512 neurons (3D). Synapses: 0. GPU memory: 1.7GB/25.8GB (6.5%)
[2026-06-12 23:56:35][INFO] SIM_BRIDGE: CuPy using GPU: NVIDIA GeForce RTX 3090 (24.0 GB), mempool limit: 80%
[2026-06-12 23:56:35][INFO] SIM_BRIDGE: Initializing simulation data for model: IZHIKEVICH (3D)... (playback_init: False)
[2026-06-12 23:56:35][INFO] SIM_BRIDGE: RNG initialized with seed: 42
[2026-06-12 23:56:35][INFO] SIM_BRIDGE: Initializing Izhikevich model specifics for 1024 neurons...
[2026-06-12 23:56:35][INFO] SIM_BRIDGE: Applying parameter heterogeneity to neuron parameters...
[2026-06-12 23:56:35][INFO] SIM_BRIDGE: Applied heterogeneity to 4 parameters.
[2026-06-12 23:56:35][INFO] SIM_BRIDGE: Initializing OU process state (tau=15.0ms, sigma=0.0pA)...
[2026-06-12 23:56:35][INFO] SIM_BRIDGE: Generating 3D neuron positions for 1024 neurons...
[2026-06-12 23:56:35][INFO] SIM_BRIDGE: Generating connections (3D)...
[2026-06-12 23:56:35][INFO] SIM_BRIDGE: Simulation data initialized for 1024 neurons (3D). Synapses: 0. GPU memory: 1.7GB/25.8GB (6.5%)
[2026-06-12 23:57:11][INFO] SIM_BRIDGE: CuPy using GPU: NVIDIA GeForce RTX 3090 (24.0 GB), mempool limit: 80%
[2026-06-12 23:57:11][INFO] SIM_BRIDGE: Initializing simulation data for model: IZHIKEVICH (3D)... (playback_init: False)
[2026-06-12 23:57:11][INFO] SIM_BRIDGE: RNG initialized with seed: 42
[2026-06-12 23:57:11][INFO] SIM_BRIDGE: Initializing Izhikevich model specifics for 768 neurons...
[2026-06-12 23:57:11][INFO] SIM_BRIDGE: Applying parameter heterogeneity to neuron parameters...
[2026-06-12 23:57:11][INFO] SIM_BRIDGE: Applied heterogeneity to 4 parameters.
[2026-06-12 23:57:11][INFO] SIM_BRIDGE: Initializing OU process state (tau=15.0ms, sigma=0.0pA)...
[2026-06-12 23:57:11][INFO] SIM_BRIDGE: Generating 3D neuron positions for 768 neurons...
[2026-06-12 23:57:11][INFO] SIM_BRIDGE: Generating connections (3D)...
[2026-06-12 23:57:11][INFO] SIM_BRIDGE: Simulation data initialized for 768 neurons (3D). Synapses: 0. GPU memory: 1.7GB/25.8GB (6.5%)
[2026-06-13 00:00:41][INFO] SIM_BRIDGE: CuPy using GPU: NVIDIA GeForce RTX 3090 (24.0 GB), mempool limit: 80%
[2026-06-13 00:00:41][INFO] SIM_BRIDGE: Initializing simulation data for model: IZHIKEVICH (3D)... (playback_init: False)
[2026-06-13 00:00:41][INFO] SIM_BRIDGE: RNG initialized with seed: 42
[2026-06-13 00:00:41][INFO] SIM_BRIDGE: Initializing Izhikevich model specifics for 512 neurons...
[2026-06-13 00:00:41][INFO] SIM_BRIDGE: Applying parameter heterogeneity to neuron parameters...
[2026-06-13 00:00:41][INFO] SIM_BRIDGE: Applied heterogeneity to 4 parameters.
[2026-06-13 00:00:41][INFO] SIM_BRIDGE: Initializing OU process state (tau=15.0ms, sigma=0.0pA)...
[2026-06-13 00:00:41][INFO] SIM_BRIDGE: Generating 3D neuron positions for 512 neurons...
[2026-06-13 00:00:41][INFO] SIM_BRIDGE: Generating connections (3D)...
[2026-06-13 00:00:41][INFO] SIM_BRIDGE: Simulation data initialized for 512 neurons (3D). Synapses: 0. GPU memory: 1.7GB/25.8GB (6.5%)
[2026-06-13 00:00:42][INFO] SIM_BRIDGE: CuPy using GPU: NVIDIA GeForce RTX 3090 (24.0 GB), mempool limit: 80%
[2026-06-13 00:00:42][INFO] SIM_BRIDGE: Initializing simulation data for model: IZHIKEVICH (3D)... (playback_init: False)
[2026-06-13 00:00:42][INFO] SIM_BRIDGE: RNG initialized with seed: 42
[2026-06-13 00:00:42][INFO] SIM_BRIDGE: Initializing Izhikevich model specifics for 1024 neurons...
[2026-06-13 00:00:42][INFO] SIM_BRIDGE: Applying parameter heterogeneity to neuron parameters...
[2026-06-13 00:00:42][INFO] SIM_BRIDGE: Applied heterogeneity to 4 parameters.
[2026-06-13 00:00:42][INFO] SIM_BRIDGE: Initializing OU process state (tau=15.0ms, sigma=0.0pA)...
[2026-06-13 00:00:42][INFO] SIM_BRIDGE: Generating 3D neuron positions for 1024 neurons...
[2026-06-13 00:00:42][INFO] SIM_BRIDGE: Generating connections (3D)...
[2026-06-13 00:00:42][INFO] SIM_BRIDGE: Simulation data initialized for 1024 neurons (3D). Synapses: 0. GPU memory: 1.7GB/25.8GB (6.5%)
[2026-06-13 00:01:19][INFO] SIM_BRIDGE: CuPy using GPU: NVIDIA GeForce RTX 3090 (24.0 GB), mempool limit: 80%
[2026-06-13 00:01:19][INFO] SIM_BRIDGE: Initializing simulation data for model: IZHIKEVICH (3D)... (playback_init: False)
[2026-06-13 00:01:19][INFO] SIM_BRIDGE: RNG initialized with seed: 42
[2026-06-13 00:01:19][INFO] SIM_BRIDGE: Initializing Izhikevich model specifics for 768 neurons...
[2026-06-13 00:01:19][INFO] SIM_BRIDGE: Applying parameter heterogeneity to neuron parameters...
[2026-06-13 00:01:19][INFO] SIM_BRIDGE: Applied heterogeneity to 4 parameters.
[2026-06-13 00:01:19][INFO] SIM_BRIDGE: Initializing OU process state (tau=15.0ms, sigma=0.0pA)...
[2026-06-13 00:01:19][INFO] SIM_BRIDGE: Generating 3D neuron positions for 768 neurons...
[2026-06-13 00:01:19][INFO] SIM_BRIDGE: Generating connections (3D)...
[2026-06-13 00:01:19][INFO] SIM_BRIDGE: Simulation data initialized for 768 neurons (3D). Synapses: 0. GPU memory: 1.7GB/25.8GB (6.5%)
[2026-06-13 00:04:52][INFO] SIM_BRIDGE: CuPy using GPU: NVIDIA GeForce RTX 3090 (24.0 GB), mempool limit: 80%
[2026-06-13 00:04:52][INFO] SIM_BRIDGE: Initializing simulation data for model: IZHIKEVICH (3D)... (playback_init: False)
[2026-06-13 00:04:52][INFO] SIM_BRIDGE: RNG initialized with seed: 42
[2026-06-13 00:04:52][INFO] SIM_BRIDGE: Initializing Izhikevich model specifics for 512 neurons...
[2026-06-13 00:04:52][INFO] SIM_BRIDGE: Applying parameter heterogeneity to neuron parameters...
[2026-06-13 00:04:52][INFO] SIM_BRIDGE: Applied heterogeneity to 4 parameters.
[2026-06-13 00:04:52][INFO] SIM_BRIDGE: Initializing OU process state (tau=15.0ms, sigma=0.0pA)...
[2026-06-13 00:04:52][INFO] SIM_BRIDGE: Generating 3D neuron positions for 512 neurons...
[2026-06-13 00:04:52][INFO] SIM_BRIDGE: Generating connections (3D)...
[2026-06-13 00:04:52][INFO] SIM_BRIDGE: Simulation data initialized for 512 neurons (3D). Synapses: 0. GPU memory: 1.7GB/25.8GB (6.5%)
[2026-06-13 00:04:52][INFO] SIM_BRIDGE: CuPy using GPU: NVIDIA GeForce RTX 3090 (24.0 GB), mempool limit: 80%
[2026-06-13 00:04:52][INFO] SIM_BRIDGE: Initializing simulation data for model: IZHIKEVICH (3D)... (playback_init: False)
[2026-06-13 00:04:52][INFO] SIM_BRIDGE: RNG initialized with seed: 42
[2026-06-13 00:04:52][INFO] SIM_BRIDGE: Initializing Izhikevich model specifics for 1024 neurons...
[2026-06-13 00:04:52][INFO] SIM_BRIDGE: Applying parameter heterogeneity to neuron parameters...
[2026-06-13 00:04:52][INFO] SIM_BRIDGE: Applied heterogeneity to 4 parameters.
[2026-06-13 00:04:52][INFO] SIM_BRIDGE: Initializing OU process state (tau=15.0ms, sigma=0.0pA)...
[2026-06-13 00:04:52][INFO] SIM_BRIDGE: Generating 3D neuron positions for 1024 neurons...
[2026-06-13 00:04:52][INFO] SIM_BRIDGE: Generating connections (3D)...
[2026-06-13 00:04:52][INFO] SIM_BRIDGE: Simulation data initialized for 1024 neurons (3D). Synapses: 0. GPU memory: 1.7GB/25.8GB (6.5%)
[2026-06-13 00:05:29][INFO] SIM_BRIDGE: CuPy using GPU: NVIDIA GeForce RTX 3090 (24.0 GB), mempool limit: 80%
[2026-06-13 00:05:29][INFO] SIM_BRIDGE: Initializing simulation data for model: IZHIKEVICH (3D)... (playback_init: False)
[2026-06-13 00:05:29][INFO] SIM_BRIDGE: RNG initialized with seed: 42
[2026-06-13 00:05:29][INFO] SIM_BRIDGE: Initializing Izhikevich model specifics for 768 neurons...
[2026-06-13 00:05:29][INFO] SIM_BRIDGE: Applying parameter heterogeneity to neuron parameters...
[2026-06-13 00:05:29][INFO] SIM_BRIDGE: Applied heterogeneity to 4 parameters.
[2026-06-13 00:05:29][INFO] SIM_BRIDGE: Initializing OU process state (tau=15.0ms, sigma=0.0pA)...
[2026-06-13 00:05:29][INFO] SIM_BRIDGE: Generating 3D neuron positions for 768 neurons...
[2026-06-13 00:05:29][INFO] SIM_BRIDGE: Generating connections (3D)...
[2026-06-13 00:05:29][INFO] SIM_BRIDGE: Simulation data initialized for 768 neurons (3D). Synapses: 0. GPU memory: 1.7GB/25.8GB (6.5%)
[2026-06-13 00:08:58][INFO] SIM_BRIDGE: CuPy using GPU: NVIDIA GeForce RTX 3090 (24.0 GB), mempool limit: 80%
[2026-06-13 00:08:58][INFO] SIM_BRIDGE: Initializing simulation data for model: IZHIKEVICH (3D)... (playback_init: False)
[2026-06-13 00:08:58][INFO] SIM_BRIDGE: RNG initialized with seed: 42
[2026-06-13 00:08:58][INFO] SIM_BRIDGE: Initializing Izhikevich model specifics for 512 neurons...
[2026-06-13 00:08:58][INFO] SIM_BRIDGE: Applying parameter heterogeneity to neuron parameters...
[2026-06-13 00:08:58][INFO] SIM_BRIDGE: Applied heterogeneity to 4 parameters.
[2026-06-13 00:08:58][INFO] SIM_BRIDGE: Initializing OU process state (tau=15.0ms, sigma=0.0pA)...
[2026-06-13 00:08:58][INFO] SIM_BRIDGE: Generating 3D neuron positions for 512 neurons...
[2026-06-13 00:08:58][INFO] SIM_BRIDGE: Generating connections (3D)...
[2026-06-13 00:08:58][INFO] SIM_BRIDGE: Simulation data initialized for 512 neurons (3D). Synapses: 0. GPU memory: 1.7GB/25.8GB (6.5%)
[2026-06-13 00:08:58][INFO] SIM_BRIDGE: CuPy using GPU: NVIDIA GeForce RTX 3090 (24.0 GB), mempool limit: 80%
[2026-06-13 00:08:58][INFO] SIM_BRIDGE: Initializing simulation data for model: IZHIKEVICH (3D)... (playback_init: False)
[2026-06-13 00:08:58][INFO] SIM_BRIDGE: RNG initialized with seed: 42
[2026-06-13 00:08:58][INFO] SIM_BRIDGE: Initializing Izhikevich model specifics for 1024 neurons...
[2026-06-13 00:08:58][INFO] SIM_BRIDGE: Applying parameter heterogeneity to neuron parameters...
[2026-06-13 00:08:58][INFO] SIM_BRIDGE: Applied heterogeneity to 4 parameters.
[2026-06-13 00:08:58][INFO] SIM_BRIDGE: Initializing OU process state (tau=15.0ms, sigma=0.0pA)...
[2026-06-13 00:08:58][INFO] SIM_BRIDGE: Generating 3D neuron positions for 1024 neurons...
[2026-06-13 00:08:58][INFO] SIM_BRIDGE: Generating connections (3D)...
[2026-06-13 00:08:58][INFO] SIM_BRIDGE: Simulation data initialized for 1024 neurons (3D). Synapses: 0. GPU memory: 1.7GB/25.8GB (6.5%)
[2026-06-13 00:09:35][INFO] SIM_BRIDGE: CuPy using GPU: NVIDIA GeForce RTX 3090 (24.0 GB), mempool limit: 80%
[2026-06-13 00:09:35][INFO] SIM_BRIDGE: Initializing simulation data for model: IZHIKEVICH (3D)... (playback_init: False)
[2026-06-13 00:09:35][INFO] SIM_BRIDGE: RNG initialized with seed: 42
[2026-06-13 00:09:35][INFO] SIM_BRIDGE: Initializing Izhikevich model specifics for 768 neurons...
[2026-06-13 00:09:35][INFO] SIM_BRIDGE: Applying parameter heterogeneity to neuron parameters...
[2026-06-13 00:09:35][INFO] SIM_BRIDGE: Applied heterogeneity to 4 parameters.
[2026-06-13 00:09:35][INFO] SIM_BRIDGE: Initializing OU process state (tau=15.0ms, sigma=0.0pA)...
[2026-06-13 00:09:35][INFO] SIM_BRIDGE: Generating 3D neuron positions for 768 neurons...
[2026-06-13 00:09:35][INFO] SIM_BRIDGE: Generating connections (3D)...
[2026-06-13 00:09:35][INFO] SIM_BRIDGE: Simulation data initialized for 768 neurons (3D). Synapses: 0. GPU memory: 1.7GB/25.8GB (6.5%)
[2026-06-13 00:13:10][INFO] SIM_BRIDGE: CuPy using GPU: NVIDIA GeForce RTX 3090 (24.0 GB), mempool limit: 80%
[2026-06-13 00:13:10][INFO] SIM_BRIDGE: Initializing simulation data for model: IZHIKEVICH (3D)... (playback_init: False)
[2026-06-13 00:13:10][INFO] SIM_BRIDGE: RNG initialized with seed: 42
[2026-06-13 00:13:10][INFO] SIM_BRIDGE: Initializing Izhikevich model specifics for 512 neurons...
[2026-06-13 00:13:10][INFO] SIM_BRIDGE: Applying parameter heterogeneity to neuron parameters...
[2026-06-13 00:13:10][INFO] SIM_BRIDGE: Applied heterogeneity to 4 parameters.
[2026-06-13 00:13:10][INFO] SIM_BRIDGE: Initializing OU process state (tau=15.0ms, sigma=0.0pA)...
[2026-06-13 00:13:10][INFO] SIM_BRIDGE: Generating 3D neuron positions for 512 neurons...
[2026-06-13 00:13:10][INFO] SIM_BRIDGE: Generating connections (3D)...
[2026-06-13 00:13:10][INFO] SIM_BRIDGE: Simulation data initialized for 512 neurons (3D). Synapses: 0. GPU memory: 1.7GB/25.8GB (6.5%)
[2026-06-13 00:13:11][INFO] SIM_BRIDGE: CuPy using GPU: NVIDIA GeForce RTX 3090 (24.0 GB), mempool limit: 80%
[2026-06-13 00:13:11][INFO] SIM_BRIDGE: Initializing simulation data for model: IZHIKEVICH (3D)... (playback_init: False)
[2026-06-13 00:13:11][INFO] SIM_BRIDGE: RNG initialized with seed: 42
[2026-06-13 00:13:11][INFO] SIM_BRIDGE: Initializing Izhikevich model specifics for 1024 neurons...
[2026-06-13 00:13:11][INFO] SIM_BRIDGE: Applying parameter heterogeneity to neuron parameters...
[2026-06-13 00:13:11][INFO] SIM_BRIDGE: Applied heterogeneity to 4 parameters.
[2026-06-13 00:13:11][INFO] SIM_BRIDGE: Initializing OU process state (tau=15.0ms, sigma=0.0pA)...
[2026-06-13 00:13:11][INFO] SIM_BRIDGE: Generating 3D neuron positions for 1024 neurons...
[2026-06-13 00:13:11][INFO] SIM_BRIDGE: Generating connections (3D)...
[2026-06-13 00:13:11][INFO] SIM_BRIDGE: Simulation data initialized for 1024 neurons (3D). Synapses: 0. GPU memory: 1.7GB/25.8GB (6.5%)
[2026-06-13 00:13:51][INFO] SIM_BRIDGE: CuPy using GPU: NVIDIA GeForce RTX 3090 (24.0 GB), mempool limit: 80%
[2026-06-13 00:13:51][INFO] SIM_BRIDGE: Initializing simulation data for model: IZHIKEVICH (3D)... (playback_init: False)
[2026-06-13 00:13:51][INFO] SIM_BRIDGE: RNG initialized with seed: 42
[2026-06-13 00:13:51][INFO] SIM_BRIDGE: Initializing Izhikevich model specifics for 768 neurons...
[2026-06-13 00:13:51][INFO] SIM_BRIDGE: Applying parameter heterogeneity to neuron parameters...
[2026-06-13 00:13:51][INFO] SIM_BRIDGE: Applied heterogeneity to 4 parameters.
[2026-06-13 00:13:51][INFO] SIM_BRIDGE: Initializing OU process state (tau=15.0ms, sigma=0.0pA)...
[2026-06-13 00:13:51][INFO] SIM_BRIDGE: Generating 3D neuron positions for 768 neurons...
[2026-06-13 00:13:51][INFO] SIM_BRIDGE: Generating connections (3D)...
[2026-06-13 00:13:51][INFO] SIM_BRIDGE: Simulation data initialized for 768 neurons (3D). Synapses: 0. GPU memory: 1.7GB/25.8GB (6.5%)
[2026-06-13 00:17:41][INFO] SIM_BRIDGE: CuPy using GPU: NVIDIA GeForce RTX 3090 (24.0 GB), mempool limit: 80%
[2026-06-13 00:17:41][INFO] SIM_BRIDGE: Initializing simulation data for model: IZHIKEVICH (3D)... (playback_init: False)
[2026-06-13 00:17:41][INFO] SIM_BRIDGE: RNG initialized with seed: 42
[2026-06-13 00:17:41][INFO] SIM_BRIDGE: Initializing Izhikevich model specifics for 512 neurons...
[2026-06-13 00:17:41][INFO] SIM_BRIDGE: Applying parameter heterogeneity to neuron parameters...
[2026-06-13 00:17:41][INFO] SIM_BRIDGE: Applied heterogeneity to 4 parameters.
[2026-06-13 00:17:41][INFO] SIM_BRIDGE: Initializing OU process state (tau=15.0ms, sigma=0.0pA)...
[2026-06-13 00:17:41][INFO] SIM_BRIDGE: Generating 3D neuron positions for 512 neurons...
[2026-06-13 00:17:41][INFO] SIM_BRIDGE: Generating connections (3D)...
[2026-06-13 00:17:41][INFO] SIM_BRIDGE: Simulation data initialized for 512 neurons (3D). Synapses: 0. GPU memory: 1.7GB/25.8GB (6.5%)
[2026-06-13 00:17:42][INFO] SIM_BRIDGE: CuPy using GPU: NVIDIA GeForce RTX 3090 (24.0 GB), mempool limit: 80%
[2026-06-13 00:17:42][INFO] SIM_BRIDGE: Initializing simulation data for model: IZHIKEVICH (3D)... (playback_init: False)
[2026-06-13 00:17:42][INFO] SIM_BRIDGE: RNG initialized with seed: 42
[2026-06-13 00:17:42][INFO] SIM_BRIDGE: Initializing Izhikevich model specifics for 1024 neurons...
[2026-06-13 00:17:42][INFO] SIM_BRIDGE: Applying parameter heterogeneity to neuron parameters...
[2026-06-13 00:17:42][INFO] SIM_BRIDGE: Applied heterogeneity to 4 parameters.
[2026-06-13 00:17:42][INFO] SIM_BRIDGE: Initializing OU process state (tau=15.0ms, sigma=0.0pA)...
[2026-06-13 00:17:42][INFO] SIM_BRIDGE: Generating 3D neuron positions for 1024 neurons...
[2026-06-13 00:17:42][INFO] SIM_BRIDGE: Generating connections (3D)...
[2026-06-13 00:17:42][INFO] SIM_BRIDGE: Simulation data initialized for 1024 neurons (3D). Synapses: 0. GPU memory: 1.7GB/25.8GB (6.5%)
[2026-06-13 00:18:24][INFO] SIM_BRIDGE: CuPy using GPU: NVIDIA GeForce RTX 3090 (24.0 GB), mempool limit: 80%
[2026-06-13 00:18:24][INFO] SIM_BRIDGE: Initializing simulation data for model: IZHIKEVICH (3D)... (playback_init: False)
[2026-06-13 00:18:24][INFO] SIM_BRIDGE: RNG initialized with seed: 42
[2026-06-13 00:18:24][INFO] SIM_BRIDGE: Initializing Izhikevich model specifics for 768 neurons...
[2026-06-13 00:18:24][INFO] SIM_BRIDGE: Applying parameter heterogeneity to neuron parameters...
[2026-06-13 00:18:24][INFO] SIM_BRIDGE: Applied heterogeneity to 4 parameters.
[2026-06-13 00:18:24][INFO] SIM_BRIDGE: Initializing OU process state (tau=15.0ms, sigma=0.0pA)...
[2026-06-13 00:18:24][INFO] SIM_BRIDGE: Generating 3D neuron positions for 768 neurons...
[2026-06-13 00:18:24][INFO] SIM_BRIDGE: Generating connections (3D)...
[2026-06-13 00:18:24][INFO] SIM_BRIDGE: Simulation data initialized for 768 neurons (3D). Synapses: 0. GPU memory: 1.7GB/25.8GB (6.5%)
[2026-06-13 00:22:18][INFO] SIM_BRIDGE: CuPy using GPU: NVIDIA GeForce RTX 3090 (24.0 GB), mempool limit: 80%
[2026-06-13 00:22:18][INFO] SIM_BRIDGE: Initializing simulation data for model: IZHIKEVICH (3D)... (playback_init: False)
[2026-06-13 00:22:18][INFO] SIM_BRIDGE: RNG initialized with seed: 42
[2026-06-13 00:22:18][INFO] SIM_BRIDGE: Initializing Izhikevich model specifics for 512 neurons...
[2026-06-13 00:22:18][INFO] SIM_BRIDGE: Applying parameter heterogeneity to neuron parameters...
[2026-06-13 00:22:18][INFO] SIM_BRIDGE: Applied heterogeneity to 4 parameters.
[2026-06-13 00:22:18][INFO] SIM_BRIDGE: Initializing OU process state (tau=15.0ms, sigma=0.0pA)...
[2026-06-13 00:22:18][INFO] SIM_BRIDGE: Generating 3D neuron positions for 512 neurons...
[2026-06-13 00:22:18][INFO] SIM_BRIDGE: Generating connections (3D)...
[2026-06-13 00:22:18][INFO] SIM_BRIDGE: Simulation data initialized for 512 neurons (3D). Synapses: 0. GPU memory: 1.7GB/25.8GB (6.5%)
[2026-06-13 00:22:19][INFO] SIM_BRIDGE: CuPy using GPU: NVIDIA GeForce RTX 3090 (24.0 GB), mempool limit: 80%
[2026-06-13 00:22:19][INFO] SIM_BRIDGE: Initializing simulation data for model: IZHIKEVICH (3D)... (playback_init: False)
[2026-06-13 00:22:19][INFO] SIM_BRIDGE: RNG initialized with seed: 42
[2026-06-13 00:22:19][INFO] SIM_BRIDGE: Initializing Izhikevich model specifics for 1024 neurons...
[2026-06-13 00:22:19][INFO] SIM_BRIDGE: Applying parameter heterogeneity to neuron parameters...
[2026-06-13 00:22:19][INFO] SIM_BRIDGE: Applied heterogeneity to 4 parameters.
[2026-06-13 00:22:19][INFO] SIM_BRIDGE: Initializing OU process state (tau=15.0ms, sigma=0.0pA)...
[2026-06-13 00:22:19][INFO] SIM_BRIDGE: Generating 3D neuron positions for 1024 neurons...
[2026-06-13 00:22:19][INFO] SIM_BRIDGE: Generating connections (3D)...
[2026-06-13 00:22:19][INFO] SIM_BRIDGE: Simulation data initialized for 1024 neurons (3D). Synapses: 0. GPU memory: 1.7GB/25.8GB (6.5%)
[2026-06-13 00:22:43][INFO] SIM_BRIDGE: CuPy using GPU: NVIDIA GeForce RTX 3090 (24.0 GB), mempool limit: 80%
[2026-06-13 00:22:43][INFO] SIM_BRIDGE: Initializing simulation data for model: IZHIKEVICH (3D)... (playback_init: False)
[2026-06-13 00:22:43][INFO] SIM_BRIDGE: RNG initialized with seed: 42
[2026-06-13 00:22:43][INFO] SIM_BRIDGE: Initializing Izhikevich model specifics for 768 neurons...
[2026-06-13 00:22:43][INFO] SIM_BRIDGE: Applying parameter heterogeneity to neuron parameters...
[2026-06-13 00:22:43][INFO] SIM_BRIDGE: Applied heterogeneity to 4 parameters.
[2026-06-13 00:22:43][INFO] SIM_BRIDGE: Initializing OU process state (tau=15.0ms, sigma=0.0pA)...
[2026-06-13 00:22:43][INFO] SIM_BRIDGE: Generating 3D neuron positions for 768 neurons...
[2026-06-13 00:22:43][INFO] SIM_BRIDGE: Generating connections (3D)...
[2026-06-13 00:22:43][INFO] SIM_BRIDGE: Simulation data initialized for 768 neurons (3D). Synapses: 0. GPU memory: 1.7GB/25.8GB (6.5%)
    [    tools] B1 gen acc=0.988 (chance=0.250, 4.0x)  B2 fa=0 abstains_all=True  | C1 perm B1=0.119 collapses=True
[2026-06-13 00:29:56][INFO] SIM_BRIDGE: CuPy using GPU: NVIDIA GeForce RTX 3090 (24.0 GB), mempool limit: 80%
[2026-06-13 00:29:56][INFO] SIM_BRIDGE: Initializing simulation data for model: IZHIKEVICH (3D)... (playback_init: False)
[2026-06-13 00:29:56][INFO] SIM_BRIDGE: RNG initialized with seed: 42
[2026-06-13 00:29:56][INFO] SIM_BRIDGE: Initializing Izhikevich model specifics for 512 neurons...
[2026-06-13 00:29:56][INFO] SIM_BRIDGE: Applying parameter heterogeneity to neuron parameters...
[2026-06-13 00:29:56][INFO] SIM_BRIDGE: Applied heterogeneity to 4 parameters.
[2026-06-13 00:29:56][INFO] SIM_BRIDGE: Initializing OU process state (tau=15.0ms, sigma=0.0pA)...
[2026-06-13 00:29:56][INFO] SIM_BRIDGE: Generating 3D neuron positions for 512 neurons...
[2026-06-13 00:29:56][INFO] SIM_BRIDGE: Generating connections (3D)...
[2026-06-13 00:29:56][INFO] SIM_BRIDGE: Simulation data initialized for 512 neurons (3D). Synapses: 0. GPU memory: 1.7GB/25.8GB (6.5%)
[2026-06-13 00:29:56][INFO] SIM_BRIDGE: CuPy using GPU: NVIDIA GeForce RTX 3090 (24.0 GB), mempool limit: 80%
[2026-06-13 00:29:56][INFO] SIM_BRIDGE: Initializing simulation data for model: IZHIKEVICH (3D)... (playback_init: False)
[2026-06-13 00:29:56][INFO] SIM_BRIDGE: RNG initialized with seed: 42
[2026-06-13 00:29:56][INFO] SIM_BRIDGE: Initializing Izhikevich model specifics for 1024 neurons...
[2026-06-13 00:29:56][INFO] SIM_BRIDGE: Applying parameter heterogeneity to neuron parameters...
[2026-06-13 00:29:56][INFO] SIM_BRIDGE: Applied heterogeneity to 4 parameters.
[2026-06-13 00:29:56][INFO] SIM_BRIDGE: Initializing OU process state (tau=15.0ms, sigma=0.0pA)...
[2026-06-13 00:29:56][INFO] SIM_BRIDGE: Generating 3D neuron positions for 1024 neurons...
[2026-06-13 00:29:56][INFO] SIM_BRIDGE: Generating connections (3D)...
[2026-06-13 00:29:56][INFO] SIM_BRIDGE: Simulation data initialized for 1024 neurons (3D). Synapses: 0. GPU memory: 1.7GB/25.8GB (6.5%)
[2026-06-13 00:30:33][INFO] SIM_BRIDGE: CuPy using GPU: NVIDIA GeForce RTX 3090 (24.0 GB), mempool limit: 80%
[2026-06-13 00:30:33][INFO] SIM_BRIDGE: Initializing simulation data for model: IZHIKEVICH (3D)... (playback_init: False)
[2026-06-13 00:30:33][INFO] SIM_BRIDGE: RNG initialized with seed: 42
[2026-06-13 00:30:33][INFO] SIM_BRIDGE: Initializing Izhikevich model specifics for 768 neurons...
[2026-06-13 00:30:33][INFO] SIM_BRIDGE: Applying parameter heterogeneity to neuron parameters...
[2026-06-13 00:30:33][INFO] SIM_BRIDGE: Applied heterogeneity to 4 parameters.
[2026-06-13 00:30:33][INFO] SIM_BRIDGE: Initializing OU process state (tau=15.0ms, sigma=0.0pA)...
[2026-06-13 00:30:33][INFO] SIM_BRIDGE: Generating 3D neuron positions for 768 neurons...
[2026-06-13 00:30:33][INFO] SIM_BRIDGE: Generating connections (3D)...
[2026-06-13 00:30:33][INFO] SIM_BRIDGE: Simulation data initialized for 768 neurons (3D). Synapses: 0. GPU memory: 1.7GB/25.8GB (6.5%)
[2026-06-13 00:34:03][INFO] SIM_BRIDGE: CuPy using GPU: NVIDIA GeForce RTX 3090 (24.0 GB), mempool limit: 80%
[2026-06-13 00:34:03][INFO] SIM_BRIDGE: Initializing simulation data for model: IZHIKEVICH (3D)... (playback_init: False)
[2026-06-13 00:34:03][INFO] SIM_BRIDGE: RNG initialized with seed: 42
[2026-06-13 00:34:03][INFO] SIM_BRIDGE: Initializing Izhikevich model specifics for 512 neurons...
[2026-06-13 00:34:03][INFO] SIM_BRIDGE: Applying parameter heterogeneity to neuron parameters...
[2026-06-13 00:34:03][INFO] SIM_BRIDGE: Applied heterogeneity to 4 parameters.
[2026-06-13 00:34:03][INFO] SIM_BRIDGE: Initializing OU process state (tau=15.0ms, sigma=0.0pA)...
[2026-06-13 00:34:03][INFO] SIM_BRIDGE: Generating 3D neuron positions for 512 neurons...
[2026-06-13 00:34:03][INFO] SIM_BRIDGE: Generating connections (3D)...
[2026-06-13 00:34:03][INFO] SIM_BRIDGE: Simulation data initialized for 512 neurons (3D). Synapses: 0. GPU memory: 1.7GB/25.8GB (6.5%)
[2026-06-13 00:34:03][INFO] SIM_BRIDGE: CuPy using GPU: NVIDIA GeForce RTX 3090 (24.0 GB), mempool limit: 80%
[2026-06-13 00:34:03][INFO] SIM_BRIDGE: Initializing simulation data for model: IZHIKEVICH (3D)... (playback_init: False)
[2026-06-13 00:34:03][INFO] SIM_BRIDGE: RNG initialized with seed: 42
[2026-06-13 00:34:03][INFO] SIM_BRIDGE: Initializing Izhikevich model specifics for 1024 neurons...
[2026-06-13 00:34:03][INFO] SIM_BRIDGE: Applying parameter heterogeneity to neuron parameters...
[2026-06-13 00:34:03][INFO] SIM_BRIDGE: Applied heterogeneity to 4 parameters.
[2026-06-13 00:34:03][INFO] SIM_BRIDGE: Initializing OU process state (tau=15.0ms, sigma=0.0pA)...
[2026-06-13 00:34:03][INFO] SIM_BRIDGE: Generating 3D neuron positions for 1024 neurons...
[2026-06-13 00:34:03][INFO] SIM_BRIDGE: Generating connections (3D)...
[2026-06-13 00:34:03][INFO] SIM_BRIDGE: Simulation data initialized for 1024 neurons (3D). Synapses: 0. GPU memory: 1.7GB/25.8GB (6.5%)
[2026-06-13 00:34:39][INFO] SIM_BRIDGE: CuPy using GPU: NVIDIA GeForce RTX 3090 (24.0 GB), mempool limit: 80%
[2026-06-13 00:34:39][INFO] SIM_BRIDGE: Initializing simulation data for model: IZHIKEVICH (3D)... (playback_init: False)
[2026-06-13 00:34:39][INFO] SIM_BRIDGE: RNG initialized with seed: 42
[2026-06-13 00:34:39][INFO] SIM_BRIDGE: Initializing Izhikevich model specifics for 768 neurons...
[2026-06-13 00:34:39][INFO] SIM_BRIDGE: Applying parameter heterogeneity to neuron parameters...
[2026-06-13 00:34:39][INFO] SIM_BRIDGE: Applied heterogeneity to 4 parameters.
[2026-06-13 00:34:39][INFO] SIM_BRIDGE: Initializing OU process state (tau=15.0ms, sigma=0.0pA)...
[2026-06-13 00:34:39][INFO] SIM_BRIDGE: Generating 3D neuron positions for 768 neurons...
[2026-06-13 00:34:39][INFO] SIM_BRIDGE: Generating connections (3D)...
[2026-06-13 00:34:39][INFO] SIM_BRIDGE: Simulation data initialized for 768 neurons (3D). Synapses: 0. GPU memory: 1.7GB/25.8GB (6.5%)
[2026-06-13 00:38:04][INFO] SIM_BRIDGE: CuPy using GPU: NVIDIA GeForce RTX 3090 (24.0 GB), mempool limit: 80%
[2026-06-13 00:38:04][INFO] SIM_BRIDGE: Initializing simulation data for model: IZHIKEVICH (3D)... (playback_init: False)
[2026-06-13 00:38:04][INFO] SIM_BRIDGE: RNG initialized with seed: 42
[2026-06-13 00:38:04][INFO] SIM_BRIDGE: Initializing Izhikevich model specifics for 512 neurons...
[2026-06-13 00:38:04][INFO] SIM_BRIDGE: Applying parameter heterogeneity to neuron parameters...
[2026-06-13 00:38:04][INFO] SIM_BRIDGE: Applied heterogeneity to 4 parameters.
[2026-06-13 00:38:04][INFO] SIM_BRIDGE: Initializing OU process state (tau=15.0ms, sigma=0.0pA)...
[2026-06-13 00:38:04][INFO] SIM_BRIDGE: Generating 3D neuron positions for 512 neurons...
[2026-06-13 00:38:04][INFO] SIM_BRIDGE: Generating connections (3D)...
[2026-06-13 00:38:04][INFO] SIM_BRIDGE: Simulation data initialized for 512 neurons (3D). Synapses: 0. GPU memory: 1.7GB/25.8GB (6.5%)
[2026-06-13 00:38:04][INFO] SIM_BRIDGE: CuPy using GPU: NVIDIA GeForce RTX 3090 (24.0 GB), mempool limit: 80%
[2026-06-13 00:38:04][INFO] SIM_BRIDGE: Initializing simulation data for model: IZHIKEVICH (3D)... (playback_init: False)
[2026-06-13 00:38:04][INFO] SIM_BRIDGE: RNG initialized with seed: 42
[2026-06-13 00:38:04][INFO] SIM_BRIDGE: Initializing Izhikevich model specifics for 1024 neurons...
[2026-06-13 00:38:04][INFO] SIM_BRIDGE: Applying parameter heterogeneity to neuron parameters...
[2026-06-13 00:38:04][INFO] SIM_BRIDGE: Applied heterogeneity to 4 parameters.
[2026-06-13 00:38:04][INFO] SIM_BRIDGE: Initializing OU process state (tau=15.0ms, sigma=0.0pA)...
[2026-06-13 00:38:04][INFO] SIM_BRIDGE: Generating 3D neuron positions for 1024 neurons...
[2026-06-13 00:38:04][INFO] SIM_BRIDGE: Generating connections (3D)...
[2026-06-13 00:38:04][INFO] SIM_BRIDGE: Simulation data initialized for 1024 neurons (3D). Synapses: 0. GPU memory: 1.7GB/25.8GB (6.5%)
[2026-06-13 00:38:41][INFO] SIM_BRIDGE: CuPy using GPU: NVIDIA GeForce RTX 3090 (24.0 GB), mempool limit: 80%
[2026-06-13 00:38:41][INFO] SIM_BRIDGE: Initializing simulation data for model: IZHIKEVICH (3D)... (playback_init: False)
[2026-06-13 00:38:41][INFO] SIM_BRIDGE: RNG initialized with seed: 42
[2026-06-13 00:38:41][INFO] SIM_BRIDGE: Initializing Izhikevich model specifics for 768 neurons...
[2026-06-13 00:38:41][INFO] SIM_BRIDGE: Applying parameter heterogeneity to neuron parameters...
[2026-06-13 00:38:41][INFO] SIM_BRIDGE: Applied heterogeneity to 4 parameters.
[2026-06-13 00:38:41][INFO] SIM_BRIDGE: Initializing OU process state (tau=15.0ms, sigma=0.0pA)...
[2026-06-13 00:38:41][INFO] SIM_BRIDGE: Generating 3D neuron positions for 768 neurons...
[2026-06-13 00:38:41][INFO] SIM_BRIDGE: Generating connections (3D)...
[2026-06-13 00:38:41][INFO] SIM_BRIDGE: Simulation data initialized for 768 neurons (3D). Synapses: 0. GPU memory: 1.7GB/25.8GB (6.5%)
[2026-06-13 00:42:08][INFO] SIM_BRIDGE: CuPy using GPU: NVIDIA GeForce RTX 3090 (24.0 GB), mempool limit: 80%
[2026-06-13 00:42:08][INFO] SIM_BRIDGE: Initializing simulation data for model: IZHIKEVICH (3D)... (playback_init: False)
[2026-06-13 00:42:08][INFO] SIM_BRIDGE: RNG initialized with seed: 42
[2026-06-13 00:42:08][INFO] SIM_BRIDGE: Initializing Izhikevich model specifics for 512 neurons...
[2026-06-13 00:42:08][INFO] SIM_BRIDGE: Applying parameter heterogeneity to neuron parameters...
[2026-06-13 00:42:08][INFO] SIM_BRIDGE: Applied heterogeneity to 4 parameters.
[2026-06-13 00:42:08][INFO] SIM_BRIDGE: Initializing OU process state (tau=15.0ms, sigma=0.0pA)...
[2026-06-13 00:42:08][INFO] SIM_BRIDGE: Generating 3D neuron positions for 512 neurons...
[2026-06-13 00:42:08][INFO] SIM_BRIDGE: Generating connections (3D)...
[2026-06-13 00:42:08][INFO] SIM_BRIDGE: Simulation data initialized for 512 neurons (3D). Synapses: 0. GPU memory: 1.7GB/25.8GB (6.5%)
[2026-06-13 00:42:08][INFO] SIM_BRIDGE: CuPy using GPU: NVIDIA GeForce RTX 3090 (24.0 GB), mempool limit: 80%
[2026-06-13 00:42:08][INFO] SIM_BRIDGE: Initializing simulation data for model: IZHIKEVICH (3D)... (playback_init: False)
[2026-06-13 00:42:08][INFO] SIM_BRIDGE: RNG initialized with seed: 42
[2026-06-13 00:42:08][INFO] SIM_BRIDGE: Initializing Izhikevich model specifics for 1024 neurons...
[2026-06-13 00:42:08][INFO] SIM_BRIDGE: Applying parameter heterogeneity to neuron parameters...
[2026-06-13 00:42:08][INFO] SIM_BRIDGE: Applied heterogeneity to 4 parameters.
[2026-06-13 00:42:08][INFO] SIM_BRIDGE: Initializing OU process state (tau=15.0ms, sigma=0.0pA)...
[2026-06-13 00:42:08][INFO] SIM_BRIDGE: Generating 3D neuron positions for 1024 neurons...
[2026-06-13 00:42:08][INFO] SIM_BRIDGE: Generating connections (3D)...
[2026-06-13 00:42:08][INFO] SIM_BRIDGE: Simulation data initialized for 1024 neurons (3D). Synapses: 0. GPU memory: 1.7GB/25.8GB (6.5%)
[2026-06-13 00:42:46][INFO] SIM_BRIDGE: CuPy using GPU: NVIDIA GeForce RTX 3090 (24.0 GB), mempool limit: 80%
[2026-06-13 00:42:46][INFO] SIM_BRIDGE: Initializing simulation data for model: IZHIKEVICH (3D)... (playback_init: False)
[2026-06-13 00:42:46][INFO] SIM_BRIDGE: RNG initialized with seed: 42
[2026-06-13 00:42:46][INFO] SIM_BRIDGE: Initializing Izhikevich model specifics for 768 neurons...
[2026-06-13 00:42:46][INFO] SIM_BRIDGE: Applying parameter heterogeneity to neuron parameters...
[2026-06-13 00:42:46][INFO] SIM_BRIDGE: Applied heterogeneity to 4 parameters.
[2026-06-13 00:42:46][INFO] SIM_BRIDGE: Initializing OU process state (tau=15.0ms, sigma=0.0pA)...
[2026-06-13 00:42:46][INFO] SIM_BRIDGE: Generating 3D neuron positions for 768 neurons...
[2026-06-13 00:42:46][INFO] SIM_BRIDGE: Generating connections (3D)...
[2026-06-13 00:42:46][INFO] SIM_BRIDGE: Simulation data initialized for 768 neurons (3D). Synapses: 0. GPU memory: 1.7GB/25.8GB (6.5%)
[2026-06-13 00:46:14][INFO] SIM_BRIDGE: CuPy using GPU: NVIDIA GeForce RTX 3090 (24.0 GB), mempool limit: 80%
[2026-06-13 00:46:14][INFO] SIM_BRIDGE: Initializing simulation data for model: IZHIKEVICH (3D)... (playback_init: False)
[2026-06-13 00:46:14][INFO] SIM_BRIDGE: RNG initialized with seed: 42
[2026-06-13 00:46:14][INFO] SIM_BRIDGE: Initializing Izhikevich model specifics for 512 neurons...
[2026-06-13 00:46:14][INFO] SIM_BRIDGE: Applying parameter heterogeneity to neuron parameters...
[2026-06-13 00:46:14][INFO] SIM_BRIDGE: Applied heterogeneity to 4 parameters.
[2026-06-13 00:46:14][INFO] SIM_BRIDGE: Initializing OU process state (tau=15.0ms, sigma=0.0pA)...
[2026-06-13 00:46:14][INFO] SIM_BRIDGE: Generating 3D neuron positions for 512 neurons...
[2026-06-13 00:46:14][INFO] SIM_BRIDGE: Generating connections (3D)...
[2026-06-13 00:46:14][INFO] SIM_BRIDGE: Simulation data initialized for 512 neurons (3D). Synapses: 0. GPU memory: 1.7GB/25.8GB (6.5%)
[2026-06-13 00:46:15][INFO] SIM_BRIDGE: CuPy using GPU: NVIDIA GeForce RTX 3090 (24.0 GB), mempool limit: 80%
[2026-06-13 00:46:15][INFO] SIM_BRIDGE: Initializing simulation data for model: IZHIKEVICH (3D)... (playback_init: False)
[2026-06-13 00:46:15][INFO] SIM_BRIDGE: RNG initialized with seed: 42
[2026-06-13 00:46:15][INFO] SIM_BRIDGE: Initializing Izhikevich model specifics for 1024 neurons...
[2026-06-13 00:46:15][INFO] SIM_BRIDGE: Applying parameter heterogeneity to neuron parameters...
[2026-06-13 00:46:15][INFO] SIM_BRIDGE: Applied heterogeneity to 4 parameters.
[2026-06-13 00:46:15][INFO] SIM_BRIDGE: Initializing OU process state (tau=15.0ms, sigma=0.0pA)...
[2026-06-13 00:46:15][INFO] SIM_BRIDGE: Generating 3D neuron positions for 1024 neurons...
[2026-06-13 00:46:15][INFO] SIM_BRIDGE: Generating connections (3D)...
[2026-06-13 00:46:15][INFO] SIM_BRIDGE: Simulation data initialized for 1024 neurons (3D). Synapses: 0. GPU memory: 1.7GB/25.8GB (6.5%)
[2026-06-13 00:46:51][INFO] SIM_BRIDGE: CuPy using GPU: NVIDIA GeForce RTX 3090 (24.0 GB), mempool limit: 80%
[2026-06-13 00:46:51][INFO] SIM_BRIDGE: Initializing simulation data for model: IZHIKEVICH (3D)... (playback_init: False)
[2026-06-13 00:46:51][INFO] SIM_BRIDGE: RNG initialized with seed: 42
[2026-06-13 00:46:51][INFO] SIM_BRIDGE: Initializing Izhikevich model specifics for 768 neurons...
[2026-06-13 00:46:51][INFO] SIM_BRIDGE: Applying parameter heterogeneity to neuron parameters...
[2026-06-13 00:46:51][INFO] SIM_BRIDGE: Applied heterogeneity to 4 parameters.
[2026-06-13 00:46:51][INFO] SIM_BRIDGE: Initializing OU process state (tau=15.0ms, sigma=0.0pA)...
[2026-06-13 00:46:51][INFO] SIM_BRIDGE: Generating 3D neuron positions for 768 neurons...
[2026-06-13 00:46:51][INFO] SIM_BRIDGE: Generating connections (3D)...
[2026-06-13 00:46:51][INFO] SIM_BRIDGE: Simulation data initialized for 768 neurons (3D). Synapses: 0. GPU memory: 1.7GB/25.8GB (6.5%)
[2026-06-13 00:50:24][INFO] SIM_BRIDGE: CuPy using GPU: NVIDIA GeForce RTX 3090 (24.0 GB), mempool limit: 80%
[2026-06-13 00:50:24][INFO] SIM_BRIDGE: Initializing simulation data for model: IZHIKEVICH (3D)... (playback_init: False)
[2026-06-13 00:50:24][INFO] SIM_BRIDGE: RNG initialized with seed: 42
[2026-06-13 00:50:24][INFO] SIM_BRIDGE: Initializing Izhikevich model specifics for 512 neurons...
[2026-06-13 00:50:24][INFO] SIM_BRIDGE: Applying parameter heterogeneity to neuron parameters...
[2026-06-13 00:50:24][INFO] SIM_BRIDGE: Applied heterogeneity to 4 parameters.
[2026-06-13 00:50:24][INFO] SIM_BRIDGE: Initializing OU process state (tau=15.0ms, sigma=0.0pA)...
[2026-06-13 00:50:24][INFO] SIM_BRIDGE: Generating 3D neuron positions for 512 neurons...
[2026-06-13 00:50:24][INFO] SIM_BRIDGE: Generating connections (3D)...
[2026-06-13 00:50:24][INFO] SIM_BRIDGE: Simulation data initialized for 512 neurons (3D). Synapses: 0. GPU memory: 1.7GB/25.8GB (6.5%)
[2026-06-13 00:50:25][INFO] SIM_BRIDGE: CuPy using GPU: NVIDIA GeForce RTX 3090 (24.0 GB), mempool limit: 80%
[2026-06-13 00:50:25][INFO] SIM_BRIDGE: Initializing simulation data for model: IZHIKEVICH (3D)... (playback_init: False)
[2026-06-13 00:50:25][INFO] SIM_BRIDGE: RNG initialized with seed: 42
[2026-06-13 00:50:25][INFO] SIM_BRIDGE: Initializing Izhikevich model specifics for 1024 neurons...
[2026-06-13 00:50:25][INFO] SIM_BRIDGE: Applying parameter heterogeneity to neuron parameters...
[2026-06-13 00:50:25][INFO] SIM_BRIDGE: Applied heterogeneity to 4 parameters.
[2026-06-13 00:50:25][INFO] SIM_BRIDGE: Initializing OU process state (tau=15.0ms, sigma=0.0pA)...
[2026-06-13 00:50:25][INFO] SIM_BRIDGE: Generating 3D neuron positions for 1024 neurons...
[2026-06-13 00:50:25][INFO] SIM_BRIDGE: Generating connections (3D)...
[2026-06-13 00:50:25][INFO] SIM_BRIDGE: Simulation data initialized for 1024 neurons (3D). Synapses: 0. GPU memory: 1.7GB/25.8GB (6.5%)
[2026-06-13 00:51:02][INFO] SIM_BRIDGE: CuPy using GPU: NVIDIA GeForce RTX 3090 (24.0 GB), mempool limit: 80%
[2026-06-13 00:51:02][INFO] SIM_BRIDGE: Initializing simulation data for model: IZHIKEVICH (3D)... (playback_init: False)
[2026-06-13 00:51:02][INFO] SIM_BRIDGE: RNG initialized with seed: 42
[2026-06-13 00:51:02][INFO] SIM_BRIDGE: Initializing Izhikevich model specifics for 768 neurons...
[2026-06-13 00:51:02][INFO] SIM_BRIDGE: Applying parameter heterogeneity to neuron parameters...
[2026-06-13 00:51:02][INFO] SIM_BRIDGE: Applied heterogeneity to 4 parameters.
[2026-06-13 00:51:02][INFO] SIM_BRIDGE: Initializing OU process state (tau=15.0ms, sigma=0.0pA)...
[2026-06-13 00:51:02][INFO] SIM_BRIDGE: Generating 3D neuron positions for 768 neurons...
[2026-06-13 00:51:02][INFO] SIM_BRIDGE: Generating connections (3D)...
[2026-06-13 00:51:02][INFO] SIM_BRIDGE: Simulation data initialized for 768 neurons (3D). Synapses: 0. GPU memory: 1.7GB/25.8GB (6.5%)
[2026-06-13 00:54:29][INFO] SIM_BRIDGE: CuPy using GPU: NVIDIA GeForce RTX 3090 (24.0 GB), mempool limit: 80%
[2026-06-13 00:54:29][INFO] SIM_BRIDGE: Initializing simulation data for model: IZHIKEVICH (3D)... (playback_init: False)
[2026-06-13 00:54:29][INFO] SIM_BRIDGE: RNG initialized with seed: 42
[2026-06-13 00:54:29][INFO] SIM_BRIDGE: Initializing Izhikevich model specifics for 512 neurons...
[2026-06-13 00:54:29][INFO] SIM_BRIDGE: Applying parameter heterogeneity to neuron parameters...
[2026-06-13 00:54:29][INFO] SIM_BRIDGE: Applied heterogeneity to 4 parameters.
[2026-06-13 00:54:29][INFO] SIM_BRIDGE: Initializing OU process state (tau=15.0ms, sigma=0.0pA)...
[2026-06-13 00:54:29][INFO] SIM_BRIDGE: Generating 3D neuron positions for 512 neurons...
[2026-06-13 00:54:29][INFO] SIM_BRIDGE: Generating connections (3D)...
[2026-06-13 00:54:29][INFO] SIM_BRIDGE: Simulation data initialized for 512 neurons (3D). Synapses: 0. GPU memory: 1.7GB/25.8GB (6.5%)
[2026-06-13 00:54:29][INFO] SIM_BRIDGE: CuPy using GPU: NVIDIA GeForce RTX 3090 (24.0 GB), mempool limit: 80%
[2026-06-13 00:54:29][INFO] SIM_BRIDGE: Initializing simulation data for model: IZHIKEVICH (3D)... (playback_init: False)
[2026-06-13 00:54:29][INFO] SIM_BRIDGE: RNG initialized with seed: 42
[2026-06-13 00:54:29][INFO] SIM_BRIDGE: Initializing Izhikevich model specifics for 1024 neurons...
[2026-06-13 00:54:29][INFO] SIM_BRIDGE: Applying parameter heterogeneity to neuron parameters...
[2026-06-13 00:54:29][INFO] SIM_BRIDGE: Applied heterogeneity to 4 parameters.
[2026-06-13 00:54:29][INFO] SIM_BRIDGE: Initializing OU process state (tau=15.0ms, sigma=0.0pA)...
[2026-06-13 00:54:29][INFO] SIM_BRIDGE: Generating 3D neuron positions for 1024 neurons...
[2026-06-13 00:54:29][INFO] SIM_BRIDGE: Generating connections (3D)...
[2026-06-13 00:54:29][INFO] SIM_BRIDGE: Simulation data initialized for 1024 neurons (3D). Synapses: 0. GPU memory: 1.7GB/25.8GB (6.5%)
[2026-06-13 00:55:06][INFO] SIM_BRIDGE: CuPy using GPU: NVIDIA GeForce RTX 3090 (24.0 GB), mempool limit: 80%
[2026-06-13 00:55:06][INFO] SIM_BRIDGE: Initializing simulation data for model: IZHIKEVICH (3D)... (playback_init: False)
[2026-06-13 00:55:06][INFO] SIM_BRIDGE: RNG initialized with seed: 42
[2026-06-13 00:55:06][INFO] SIM_BRIDGE: Initializing Izhikevich model specifics for 768 neurons...
[2026-06-13 00:55:06][INFO] SIM_BRIDGE: Applying parameter heterogeneity to neuron parameters...
[2026-06-13 00:55:06][INFO] SIM_BRIDGE: Applied heterogeneity to 4 parameters.
[2026-06-13 00:55:06][INFO] SIM_BRIDGE: Initializing OU process state (tau=15.0ms, sigma=0.0pA)...
[2026-06-13 00:55:06][INFO] SIM_BRIDGE: Generating 3D neuron positions for 768 neurons...
[2026-06-13 00:55:06][INFO] SIM_BRIDGE: Generating connections (3D)...
[2026-06-13 00:55:06][INFO] SIM_BRIDGE: Simulation data initialized for 768 neurons (3D). Synapses: 0. GPU memory: 1.7GB/25.8GB (6.5%)
[2026-06-13 00:58:34][INFO] SIM_BRIDGE: CuPy using GPU: NVIDIA GeForce RTX 3090 (24.0 GB), mempool limit: 80%
[2026-06-13 00:58:34][INFO] SIM_BRIDGE: Initializing simulation data for model: IZHIKEVICH (3D)... (playback_init: False)
[2026-06-13 00:58:34][INFO] SIM_BRIDGE: RNG initialized with seed: 42
[2026-06-13 00:58:34][INFO] SIM_BRIDGE: Initializing Izhikevich model specifics for 512 neurons...
[2026-06-13 00:58:34][INFO] SIM_BRIDGE: Applying parameter heterogeneity to neuron parameters...
[2026-06-13 00:58:34][INFO] SIM_BRIDGE: Applied heterogeneity to 4 parameters.
[2026-06-13 00:58:34][INFO] SIM_BRIDGE: Initializing OU process state (tau=15.0ms, sigma=0.0pA)...
[2026-06-13 00:58:34][INFO] SIM_BRIDGE: Generating 3D neuron positions for 512 neurons...
[2026-06-13 00:58:34][INFO] SIM_BRIDGE: Generating connections (3D)...
[2026-06-13 00:58:34][INFO] SIM_BRIDGE: Simulation data initialized for 512 neurons (3D). Synapses: 0. GPU memory: 1.7GB/25.8GB (6.5%)
[2026-06-13 00:58:35][INFO] SIM_BRIDGE: CuPy using GPU: NVIDIA GeForce RTX 3090 (24.0 GB), mempool limit: 80%
[2026-06-13 00:58:35][INFO] SIM_BRIDGE: Initializing simulation data for model: IZHIKEVICH (3D)... (playback_init: False)
[2026-06-13 00:58:35][INFO] SIM_BRIDGE: RNG initialized with seed: 42
[2026-06-13 00:58:35][INFO] SIM_BRIDGE: Initializing Izhikevich model specifics for 1024 neurons...
[2026-06-13 00:58:35][INFO] SIM_BRIDGE: Applying parameter heterogeneity to neuron parameters...
[2026-06-13 00:58:35][INFO] SIM_BRIDGE: Applied heterogeneity to 4 parameters.
[2026-06-13 00:58:35][INFO] SIM_BRIDGE: Initializing OU process state (tau=15.0ms, sigma=0.0pA)...
[2026-06-13 00:58:35][INFO] SIM_BRIDGE: Generating 3D neuron positions for 1024 neurons...
[2026-06-13 00:58:35][INFO] SIM_BRIDGE: Generating connections (3D)...
[2026-06-13 00:58:35][INFO] SIM_BRIDGE: Simulation data initialized for 1024 neurons (3D). Synapses: 0. GPU memory: 1.7GB/25.8GB (6.5%)
[2026-06-13 00:59:12][INFO] SIM_BRIDGE: CuPy using GPU: NVIDIA GeForce RTX 3090 (24.0 GB), mempool limit: 80%
[2026-06-13 00:59:12][INFO] SIM_BRIDGE: Initializing simulation data for model: IZHIKEVICH (3D)... (playback_init: False)
[2026-06-13 00:59:12][INFO] SIM_BRIDGE: RNG initialized with seed: 42
[2026-06-13 00:59:12][INFO] SIM_BRIDGE: Initializing Izhikevich model specifics for 768 neurons...
[2026-06-13 00:59:12][INFO] SIM_BRIDGE: Applying parameter heterogeneity to neuron parameters...
[2026-06-13 00:59:12][INFO] SIM_BRIDGE: Applied heterogeneity to 4 parameters.
[2026-06-13 00:59:12][INFO] SIM_BRIDGE: Initializing OU process state (tau=15.0ms, sigma=0.0pA)...
[2026-06-13 00:59:12][INFO] SIM_BRIDGE: Generating 3D neuron positions for 768 neurons...
[2026-06-13 00:59:12][INFO] SIM_BRIDGE: Generating connections (3D)...
[2026-06-13 00:59:12][INFO] SIM_BRIDGE: Simulation data initialized for 768 neurons (3D). Synapses: 0. GPU memory: 1.7GB/25.8GB (6.5%)
[2026-06-13 01:02:46][INFO] SIM_BRIDGE: CuPy using GPU: NVIDIA GeForce RTX 3090 (24.0 GB), mempool limit: 80%
[2026-06-13 01:02:46][INFO] SIM_BRIDGE: Initializing simulation data for model: IZHIKEVICH (3D)... (playback_init: False)
[2026-06-13 01:02:46][INFO] SIM_BRIDGE: RNG initialized with seed: 42
[2026-06-13 01:02:46][INFO] SIM_BRIDGE: Initializing Izhikevich model specifics for 512 neurons...
[2026-06-13 01:02:46][INFO] SIM_BRIDGE: Applying parameter heterogeneity to neuron parameters...
[2026-06-13 01:02:46][INFO] SIM_BRIDGE: Applied heterogeneity to 4 parameters.
[2026-06-13 01:02:46][INFO] SIM_BRIDGE: Initializing OU process state (tau=15.0ms, sigma=0.0pA)...
[2026-06-13 01:02:46][INFO] SIM_BRIDGE: Generating 3D neuron positions for 512 neurons...
[2026-06-13 01:02:46][INFO] SIM_BRIDGE: Generating connections (3D)...
[2026-06-13 01:02:46][INFO] SIM_BRIDGE: Simulation data initialized for 512 neurons (3D). Synapses: 0. GPU memory: 1.7GB/25.8GB (6.5%)
[2026-06-13 01:02:47][INFO] SIM_BRIDGE: CuPy using GPU: NVIDIA GeForce RTX 3090 (24.0 GB), mempool limit: 80%
[2026-06-13 01:02:47][INFO] SIM_BRIDGE: Initializing simulation data for model: IZHIKEVICH (3D)... (playback_init: False)
[2026-06-13 01:02:47][INFO] SIM_BRIDGE: RNG initialized with seed: 42
[2026-06-13 01:02:47][INFO] SIM_BRIDGE: Initializing Izhikevich model specifics for 1024 neurons...
[2026-06-13 01:02:47][INFO] SIM_BRIDGE: Applying parameter heterogeneity to neuron parameters...
[2026-06-13 01:02:47][INFO] SIM_BRIDGE: Applied heterogeneity to 4 parameters.
[2026-06-13 01:02:47][INFO] SIM_BRIDGE: Initializing OU process state (tau=15.0ms, sigma=0.0pA)...
[2026-06-13 01:02:47][INFO] SIM_BRIDGE: Generating 3D neuron positions for 1024 neurons...
[2026-06-13 01:02:47][INFO] SIM_BRIDGE: Generating connections (3D)...
[2026-06-13 01:02:47][INFO] SIM_BRIDGE: Simulation data initialized for 1024 neurons (3D). Synapses: 0. GPU memory: 1.7GB/25.8GB (6.5%)
[2026-06-13 01:03:07][INFO] SIM_BRIDGE: CuPy using GPU: NVIDIA GeForce RTX 3090 (24.0 GB), mempool limit: 80%
[2026-06-13 01:03:07][INFO] SIM_BRIDGE: Initializing simulation data for model: IZHIKEVICH (3D)... (playback_init: False)
[2026-06-13 01:03:07][INFO] SIM_BRIDGE: RNG initialized with seed: 42
[2026-06-13 01:03:07][INFO] SIM_BRIDGE: Initializing Izhikevich model specifics for 768 neurons...
[2026-06-13 01:03:07][INFO] SIM_BRIDGE: Applying parameter heterogeneity to neuron parameters...
[2026-06-13 01:03:07][INFO] SIM_BRIDGE: Applied heterogeneity to 4 parameters.
[2026-06-13 01:03:07][INFO] SIM_BRIDGE: Initializing OU process state (tau=15.0ms, sigma=0.0pA)...
[2026-06-13 01:03:07][INFO] SIM_BRIDGE: Generating 3D neuron positions for 768 neurons...
[2026-06-13 01:03:07][INFO] SIM_BRIDGE: Generating connections (3D)...
[2026-06-13 01:03:07][INFO] SIM_BRIDGE: Simulation data initialized for 768 neurons (3D). Synapses: 0. GPU memory: 1.7GB/25.8GB (6.5%)
    [  clothes] B1 gen acc=1.000 (chance=0.250, 4.0x)  B2 fa=0 abstains_all=True  | C1 perm B1=0.169 collapses=True
[2026-06-13 01:09:58][INFO] SIM_BRIDGE: CuPy using GPU: NVIDIA GeForce RTX 3090 (24.0 GB), mempool limit: 80%
[2026-06-13 01:09:58][INFO] SIM_BRIDGE: Initializing simulation data for model: IZHIKEVICH (3D)... (playback_init: False)
[2026-06-13 01:09:58][INFO] SIM_BRIDGE: RNG initialized with seed: 42
[2026-06-13 01:09:58][INFO] SIM_BRIDGE: Initializing Izhikevich model specifics for 512 neurons...
[2026-06-13 01:09:58][INFO] SIM_BRIDGE: Applying parameter heterogeneity to neuron parameters...
[2026-06-13 01:09:58][INFO] SIM_BRIDGE: Applied heterogeneity to 4 parameters.
[2026-06-13 01:09:58][INFO] SIM_BRIDGE: Initializing OU process state (tau=15.0ms, sigma=0.0pA)...
[2026-06-13 01:09:58][INFO] SIM_BRIDGE: Generating 3D neuron positions for 512 neurons...
[2026-06-13 01:09:58][INFO] SIM_BRIDGE: Generating connections (3D)...
[2026-06-13 01:09:58][INFO] SIM_BRIDGE: Simulation data initialized for 512 neurons (3D). Synapses: 0. GPU memory: 1.7GB/25.8GB (6.5%)
[2026-06-13 01:09:58][INFO] SIM_BRIDGE: CuPy using GPU: NVIDIA GeForce RTX 3090 (24.0 GB), mempool limit: 80%
[2026-06-13 01:09:58][INFO] SIM_BRIDGE: Initializing simulation data for model: IZHIKEVICH (3D)... (playback_init: False)
[2026-06-13 01:09:58][INFO] SIM_BRIDGE: RNG initialized with seed: 42
[2026-06-13 01:09:58][INFO] SIM_BRIDGE: Initializing Izhikevich model specifics for 1024 neurons...
[2026-06-13 01:09:58][INFO] SIM_BRIDGE: Applying parameter heterogeneity to neuron parameters...
[2026-06-13 01:09:58][INFO] SIM_BRIDGE: Applied heterogeneity to 4 parameters.
[2026-06-13 01:09:58][INFO] SIM_BRIDGE: Initializing OU process state (tau=15.0ms, sigma=0.0pA)...
[2026-06-13 01:09:58][INFO] SIM_BRIDGE: Generating 3D neuron positions for 1024 neurons...
[2026-06-13 01:09:58][INFO] SIM_BRIDGE: Generating connections (3D)...
[2026-06-13 01:09:58][INFO] SIM_BRIDGE: Simulation data initialized for 1024 neurons (3D). Synapses: 0. GPU memory: 1.7GB/25.8GB (6.5%)
[2026-06-13 01:10:34][INFO] SIM_BRIDGE: CuPy using GPU: NVIDIA GeForce RTX 3090 (24.0 GB), mempool limit: 80%
[2026-06-13 01:10:34][INFO] SIM_BRIDGE: Initializing simulation data for model: IZHIKEVICH (3D)... (playback_init: False)
[2026-06-13 01:10:34][INFO] SIM_BRIDGE: RNG initialized with seed: 42
[2026-06-13 01:10:34][INFO] SIM_BRIDGE: Initializing Izhikevich model specifics for 768 neurons...
[2026-06-13 01:10:34][INFO] SIM_BRIDGE: Applying parameter heterogeneity to neuron parameters...
[2026-06-13 01:10:34][INFO] SIM_BRIDGE: Applied heterogeneity to 4 parameters.
[2026-06-13 01:10:34][INFO] SIM_BRIDGE: Initializing OU process state (tau=15.0ms, sigma=0.0pA)...
[2026-06-13 01:10:34][INFO] SIM_BRIDGE: Generating 3D neuron positions for 768 neurons...
[2026-06-13 01:10:34][INFO] SIM_BRIDGE: Generating connections (3D)...
[2026-06-13 01:10:34][INFO] SIM_BRIDGE: Simulation data initialized for 768 neurons (3D). Synapses: 0. GPU memory: 1.7GB/25.8GB (6.5%)
[2026-06-13 01:14:01][INFO] SIM_BRIDGE: CuPy using GPU: NVIDIA GeForce RTX 3090 (24.0 GB), mempool limit: 80%
[2026-06-13 01:14:01][INFO] SIM_BRIDGE: Initializing simulation data for model: IZHIKEVICH (3D)... (playback_init: False)
[2026-06-13 01:14:01][INFO] SIM_BRIDGE: RNG initialized with seed: 42
[2026-06-13 01:14:01][INFO] SIM_BRIDGE: Initializing Izhikevich model specifics for 512 neurons...
[2026-06-13 01:14:01][INFO] SIM_BRIDGE: Applying parameter heterogeneity to neuron parameters...
[2026-06-13 01:14:01][INFO] SIM_BRIDGE: Applied heterogeneity to 4 parameters.
[2026-06-13 01:14:01][INFO] SIM_BRIDGE: Initializing OU process state (tau=15.0ms, sigma=0.0pA)...
[2026-06-13 01:14:01][INFO] SIM_BRIDGE: Generating 3D neuron positions for 512 neurons...
[2026-06-13 01:14:01][INFO] SIM_BRIDGE: Generating connections (3D)...
[2026-06-13 01:14:01][INFO] SIM_BRIDGE: Simulation data initialized for 512 neurons (3D). Synapses: 0. GPU memory: 1.7GB/25.8GB (6.5%)
[2026-06-13 01:14:02][INFO] SIM_BRIDGE: CuPy using GPU: NVIDIA GeForce RTX 3090 (24.0 GB), mempool limit: 80%
[2026-06-13 01:14:02][INFO] SIM_BRIDGE: Initializing simulation data for model: IZHIKEVICH (3D)... (playback_init: False)
[2026-06-13 01:14:02][INFO] SIM_BRIDGE: RNG initialized with seed: 42
[2026-06-13 01:14:02][INFO] SIM_BRIDGE: Initializing Izhikevich model specifics for 1024 neurons...
[2026-06-13 01:14:02][INFO] SIM_BRIDGE: Applying parameter heterogeneity to neuron parameters...
[2026-06-13 01:14:02][INFO] SIM_BRIDGE: Applied heterogeneity to 4 parameters.
[2026-06-13 01:14:02][INFO] SIM_BRIDGE: Initializing OU process state (tau=15.0ms, sigma=0.0pA)...
[2026-06-13 01:14:02][INFO] SIM_BRIDGE: Generating 3D neuron positions for 1024 neurons...
[2026-06-13 01:14:02][INFO] SIM_BRIDGE: Generating connections (3D)...
[2026-06-13 01:14:02][INFO] SIM_BRIDGE: Simulation data initialized for 1024 neurons (3D). Synapses: 0. GPU memory: 1.7GB/25.8GB (6.5%)
[2026-06-13 01:14:39][INFO] SIM_BRIDGE: CuPy using GPU: NVIDIA GeForce RTX 3090 (24.0 GB), mempool limit: 80%
[2026-06-13 01:14:39][INFO] SIM_BRIDGE: Initializing simulation data for model: IZHIKEVICH (3D)... (playback_init: False)
[2026-06-13 01:14:39][INFO] SIM_BRIDGE: RNG initialized with seed: 42
[2026-06-13 01:14:39][INFO] SIM_BRIDGE: Initializing Izhikevich model specifics for 768 neurons...
[2026-06-13 01:14:39][INFO] SIM_BRIDGE: Applying parameter heterogeneity to neuron parameters...
[2026-06-13 01:14:39][INFO] SIM_BRIDGE: Applied heterogeneity to 4 parameters.
[2026-06-13 01:14:39][INFO] SIM_BRIDGE: Initializing OU process state (tau=15.0ms, sigma=0.0pA)...
[2026-06-13 01:14:39][INFO] SIM_BRIDGE: Generating 3D neuron positions for 768 neurons...
[2026-06-13 01:14:39][INFO] SIM_BRIDGE: Generating connections (3D)...
[2026-06-13 01:14:39][INFO] SIM_BRIDGE: Simulation data initialized for 768 neurons (3D). Synapses: 0. GPU memory: 1.7GB/25.8GB (6.5%)
[2026-06-13 01:18:03][INFO] SIM_BRIDGE: CuPy using GPU: NVIDIA GeForce RTX 3090 (24.0 GB), mempool limit: 80%
[2026-06-13 01:18:03][INFO] SIM_BRIDGE: Initializing simulation data for model: IZHIKEVICH (3D)... (playback_init: False)
[2026-06-13 01:18:03][INFO] SIM_BRIDGE: RNG initialized with seed: 42
[2026-06-13 01:18:03][INFO] SIM_BRIDGE: Initializing Izhikevich model specifics for 512 neurons...
[2026-06-13 01:18:03][INFO] SIM_BRIDGE: Applying parameter heterogeneity to neuron parameters...
[2026-06-13 01:18:03][INFO] SIM_BRIDGE: Applied heterogeneity to 4 parameters.
[2026-06-13 01:18:03][INFO] SIM_BRIDGE: Initializing OU process state (tau=15.0ms, sigma=0.0pA)...
[2026-06-13 01:18:03][INFO] SIM_BRIDGE: Generating 3D neuron positions for 512 neurons...
[2026-06-13 01:18:03][INFO] SIM_BRIDGE: Generating connections (3D)...
[2026-06-13 01:18:03][INFO] SIM_BRIDGE: Simulation data initialized for 512 neurons (3D). Synapses: 0. GPU memory: 1.7GB/25.8GB (6.5%)
[2026-06-13 01:18:04][INFO] SIM_BRIDGE: CuPy using GPU: NVIDIA GeForce RTX 3090 (24.0 GB), mempool limit: 80%
[2026-06-13 01:18:04][INFO] SIM_BRIDGE: Initializing simulation data for model: IZHIKEVICH (3D)... (playback_init: False)
[2026-06-13 01:18:04][INFO] SIM_BRIDGE: RNG initialized with seed: 42
[2026-06-13 01:18:04][INFO] SIM_BRIDGE: Initializing Izhikevich model specifics for 1024 neurons...
[2026-06-13 01:18:04][INFO] SIM_BRIDGE: Applying parameter heterogeneity to neuron parameters...
[2026-06-13 01:18:04][INFO] SIM_BRIDGE: Applied heterogeneity to 4 parameters.
[2026-06-13 01:18:04][INFO] SIM_BRIDGE: Initializing OU process state (tau=15.0ms, sigma=0.0pA)...
[2026-06-13 01:18:04][INFO] SIM_BRIDGE: Generating 3D neuron positions for 1024 neurons...
[2026-06-13 01:18:04][INFO] SIM_BRIDGE: Generating connections (3D)...
[2026-06-13 01:18:04][INFO] SIM_BRIDGE: Simulation data initialized for 1024 neurons (3D). Synapses: 0. GPU memory: 1.7GB/25.8GB (6.5%)
[2026-06-13 01:18:41][INFO] SIM_BRIDGE: CuPy using GPU: NVIDIA GeForce RTX 3090 (24.0 GB), mempool limit: 80%
[2026-06-13 01:18:41][INFO] SIM_BRIDGE: Initializing simulation data for model: IZHIKEVICH (3D)... (playback_init: False)
[2026-06-13 01:18:41][INFO] SIM_BRIDGE: RNG initialized with seed: 42
[2026-06-13 01:18:41][INFO] SIM_BRIDGE: Initializing Izhikevich model specifics for 768 neurons...
[2026-06-13 01:18:41][INFO] SIM_BRIDGE: Applying parameter heterogeneity to neuron parameters...
[2026-06-13 01:18:41][INFO] SIM_BRIDGE: Applied heterogeneity to 4 parameters.
[2026-06-13 01:18:41][INFO] SIM_BRIDGE: Initializing OU process state (tau=15.0ms, sigma=0.0pA)...
[2026-06-13 01:18:41][INFO] SIM_BRIDGE: Generating 3D neuron positions for 768 neurons...
[2026-06-13 01:18:41][INFO] SIM_BRIDGE: Generating connections (3D)...
[2026-06-13 01:18:41][INFO] SIM_BRIDGE: Simulation data initialized for 768 neurons (3D). Synapses: 0. GPU memory: 1.7GB/25.8GB (6.5%)
[2026-06-13 01:22:08][INFO] SIM_BRIDGE: CuPy using GPU: NVIDIA GeForce RTX 3090 (24.0 GB), mempool limit: 80%
[2026-06-13 01:22:08][INFO] SIM_BRIDGE: Initializing simulation data for model: IZHIKEVICH (3D)... (playback_init: False)
[2026-06-13 01:22:08][INFO] SIM_BRIDGE: RNG initialized with seed: 42
[2026-06-13 01:22:08][INFO] SIM_BRIDGE: Initializing Izhikevich model specifics for 512 neurons...
[2026-06-13 01:22:08][INFO] SIM_BRIDGE: Applying parameter heterogeneity to neuron parameters...
[2026-06-13 01:22:08][INFO] SIM_BRIDGE: Applied heterogeneity to 4 parameters.
[2026-06-13 01:22:08][INFO] SIM_BRIDGE: Initializing OU process state (tau=15.0ms, sigma=0.0pA)...
[2026-06-13 01:22:08][INFO] SIM_BRIDGE: Generating 3D neuron positions for 512 neurons...
[2026-06-13 01:22:08][INFO] SIM_BRIDGE: Generating connections (3D)...
[2026-06-13 01:22:08][INFO] SIM_BRIDGE: Simulation data initialized for 512 neurons (3D). Synapses: 0. GPU memory: 1.7GB/25.8GB (6.5%)
[2026-06-13 01:22:08][INFO] SIM_BRIDGE: CuPy using GPU: NVIDIA GeForce RTX 3090 (24.0 GB), mempool limit: 80%
[2026-06-13 01:22:08][INFO] SIM_BRIDGE: Initializing simulation data for model: IZHIKEVICH (3D)... (playback_init: False)
[2026-06-13 01:22:08][INFO] SIM_BRIDGE: RNG initialized with seed: 42
[2026-06-13 01:22:08][INFO] SIM_BRIDGE: Initializing Izhikevich model specifics for 1024 neurons...
[2026-06-13 01:22:08][INFO] SIM_BRIDGE: Applying parameter heterogeneity to neuron parameters...
[2026-06-13 01:22:08][INFO] SIM_BRIDGE: Applied heterogeneity to 4 parameters.
[2026-06-13 01:22:08][INFO] SIM_BRIDGE: Initializing OU process state (tau=15.0ms, sigma=0.0pA)...
[2026-06-13 01:22:08][INFO] SIM_BRIDGE: Generating 3D neuron positions for 1024 neurons...
[2026-06-13 01:22:08][INFO] SIM_BRIDGE: Generating connections (3D)...
[2026-06-13 01:22:08][INFO] SIM_BRIDGE: Simulation data initialized for 1024 neurons (3D). Synapses: 0. GPU memory: 1.7GB/25.8GB (6.5%)
[2026-06-13 01:22:44][INFO] SIM_BRIDGE: CuPy using GPU: NVIDIA GeForce RTX 3090 (24.0 GB), mempool limit: 80%
[2026-06-13 01:22:44][INFO] SIM_BRIDGE: Initializing simulation data for model: IZHIKEVICH (3D)... (playback_init: False)
[2026-06-13 01:22:44][INFO] SIM_BRIDGE: RNG initialized with seed: 42
[2026-06-13 01:22:44][INFO] SIM_BRIDGE: Initializing Izhikevich model specifics for 768 neurons...
[2026-06-13 01:22:44][INFO] SIM_BRIDGE: Applying parameter heterogeneity to neuron parameters...
[2026-06-13 01:22:44][INFO] SIM_BRIDGE: Applied heterogeneity to 4 parameters.
[2026-06-13 01:22:44][INFO] SIM_BRIDGE: Initializing OU process state (tau=15.0ms, sigma=0.0pA)...
[2026-06-13 01:22:44][INFO] SIM_BRIDGE: Generating 3D neuron positions for 768 neurons...
[2026-06-13 01:22:44][INFO] SIM_BRIDGE: Generating connections (3D)...
[2026-06-13 01:22:44][INFO] SIM_BRIDGE: Simulation data initialized for 768 neurons (3D). Synapses: 0. GPU memory: 1.7GB/25.8GB (6.5%)
[2026-06-13 01:26:10][INFO] SIM_BRIDGE: CuPy using GPU: NVIDIA GeForce RTX 3090 (24.0 GB), mempool limit: 80%
[2026-06-13 01:26:10][INFO] SIM_BRIDGE: Initializing simulation data for model: IZHIKEVICH (3D)... (playback_init: False)
[2026-06-13 01:26:10][INFO] SIM_BRIDGE: RNG initialized with seed: 42
[2026-06-13 01:26:10][INFO] SIM_BRIDGE: Initializing Izhikevich model specifics for 512 neurons...
[2026-06-13 01:26:10][INFO] SIM_BRIDGE: Applying parameter heterogeneity to neuron parameters...
[2026-06-13 01:26:10][INFO] SIM_BRIDGE: Applied heterogeneity to 4 parameters.
[2026-06-13 01:26:10][INFO] SIM_BRIDGE: Initializing OU process state (tau=15.0ms, sigma=0.0pA)...
[2026-06-13 01:26:10][INFO] SIM_BRIDGE: Generating 3D neuron positions for 512 neurons...
[2026-06-13 01:26:10][INFO] SIM_BRIDGE: Generating connections (3D)...
[2026-06-13 01:26:10][INFO] SIM_BRIDGE: Simulation data initialized for 512 neurons (3D). Synapses: 0. GPU memory: 1.7GB/25.8GB (6.5%)
[2026-06-13 01:26:10][INFO] SIM_BRIDGE: CuPy using GPU: NVIDIA GeForce RTX 3090 (24.0 GB), mempool limit: 80%
[2026-06-13 01:26:10][INFO] SIM_BRIDGE: Initializing simulation data for model: IZHIKEVICH (3D)... (playback_init: False)
[2026-06-13 01:26:10][INFO] SIM_BRIDGE: RNG initialized with seed: 42
[2026-06-13 01:26:10][INFO] SIM_BRIDGE: Initializing Izhikevich model specifics for 1024 neurons...
[2026-06-13 01:26:10][INFO] SIM_BRIDGE: Applying parameter heterogeneity to neuron parameters...
[2026-06-13 01:26:10][INFO] SIM_BRIDGE: Applied heterogeneity to 4 parameters.
[2026-06-13 01:26:10][INFO] SIM_BRIDGE: Initializing OU process state (tau=15.0ms, sigma=0.0pA)...
[2026-06-13 01:26:10][INFO] SIM_BRIDGE: Generating 3D neuron positions for 1024 neurons...
[2026-06-13 01:26:10][INFO] SIM_BRIDGE: Generating connections (3D)...
[2026-06-13 01:26:10][INFO] SIM_BRIDGE: Simulation data initialized for 1024 neurons (3D). Synapses: 0. GPU memory: 1.7GB/25.8GB (6.5%)
[2026-06-13 01:26:46][INFO] SIM_BRIDGE: CuPy using GPU: NVIDIA GeForce RTX 3090 (24.0 GB), mempool limit: 80%
[2026-06-13 01:26:46][INFO] SIM_BRIDGE: Initializing simulation data for model: IZHIKEVICH (3D)... (playback_init: False)
[2026-06-13 01:26:46][INFO] SIM_BRIDGE: RNG initialized with seed: 42
[2026-06-13 01:26:46][INFO] SIM_BRIDGE: Initializing Izhikevich model specifics for 768 neurons...
[2026-06-13 01:26:46][INFO] SIM_BRIDGE: Applying parameter heterogeneity to neuron parameters...
[2026-06-13 01:26:46][INFO] SIM_BRIDGE: Applied heterogeneity to 4 parameters.
[2026-06-13 01:26:46][INFO] SIM_BRIDGE: Initializing OU process state (tau=15.0ms, sigma=0.0pA)...
[2026-06-13 01:26:46][INFO] SIM_BRIDGE: Generating 3D neuron positions for 768 neurons...
[2026-06-13 01:26:46][INFO] SIM_BRIDGE: Generating connections (3D)...
[2026-06-13 01:26:46][INFO] SIM_BRIDGE: Simulation data initialized for 768 neurons (3D). Synapses: 0. GPU memory: 1.7GB/25.8GB (6.5%)
[2026-06-13 01:30:10][INFO] SIM_BRIDGE: CuPy using GPU: NVIDIA GeForce RTX 3090 (24.0 GB), mempool limit: 80%
[2026-06-13 01:30:10][INFO] SIM_BRIDGE: Initializing simulation data for model: IZHIKEVICH (3D)... (playback_init: False)
[2026-06-13 01:30:10][INFO] SIM_BRIDGE: RNG initialized with seed: 42
[2026-06-13 01:30:10][INFO] SIM_BRIDGE: Initializing Izhikevich model specifics for 512 neurons...
[2026-06-13 01:30:10][INFO] SIM_BRIDGE: Applying parameter heterogeneity to neuron parameters...
[2026-06-13 01:30:10][INFO] SIM_BRIDGE: Applied heterogeneity to 4 parameters.
[2026-06-13 01:30:10][INFO] SIM_BRIDGE: Initializing OU process state (tau=15.0ms, sigma=0.0pA)...
[2026-06-13 01:30:10][INFO] SIM_BRIDGE: Generating 3D neuron positions for 512 neurons...
[2026-06-13 01:30:10][INFO] SIM_BRIDGE: Generating connections (3D)...
[2026-06-13 01:30:10][INFO] SIM_BRIDGE: Simulation data initialized for 512 neurons (3D). Synapses: 0. GPU memory: 1.7GB/25.8GB (6.5%)
[2026-06-13 01:30:11][INFO] SIM_BRIDGE: CuPy using GPU: NVIDIA GeForce RTX 3090 (24.0 GB), mempool limit: 80%
[2026-06-13 01:30:11][INFO] SIM_BRIDGE: Initializing simulation data for model: IZHIKEVICH (3D)... (playback_init: False)
[2026-06-13 01:30:11][INFO] SIM_BRIDGE: RNG initialized with seed: 42
[2026-06-13 01:30:11][INFO] SIM_BRIDGE: Initializing Izhikevich model specifics for 1024 neurons...
[2026-06-13 01:30:11][INFO] SIM_BRIDGE: Applying parameter heterogeneity to neuron parameters...
[2026-06-13 01:30:11][INFO] SIM_BRIDGE: Applied heterogeneity to 4 parameters.
[2026-06-13 01:30:11][INFO] SIM_BRIDGE: Initializing OU process state (tau=15.0ms, sigma=0.0pA)...
[2026-06-13 01:30:11][INFO] SIM_BRIDGE: Generating 3D neuron positions for 1024 neurons...
[2026-06-13 01:30:11][INFO] SIM_BRIDGE: Generating connections (3D)...
[2026-06-13 01:30:11][INFO] SIM_BRIDGE: Simulation data initialized for 1024 neurons (3D). Synapses: 0. GPU memory: 1.7GB/25.8GB (6.5%)
[2026-06-13 01:30:47][INFO] SIM_BRIDGE: CuPy using GPU: NVIDIA GeForce RTX 3090 (24.0 GB), mempool limit: 80%
[2026-06-13 01:30:47][INFO] SIM_BRIDGE: Initializing simulation data for model: IZHIKEVICH (3D)... (playback_init: False)
[2026-06-13 01:30:47][INFO] SIM_BRIDGE: RNG initialized with seed: 42
[2026-06-13 01:30:47][INFO] SIM_BRIDGE: Initializing Izhikevich model specifics for 768 neurons...
[2026-06-13 01:30:47][INFO] SIM_BRIDGE: Applying parameter heterogeneity to neuron parameters...
[2026-06-13 01:30:47][INFO] SIM_BRIDGE: Applied heterogeneity to 4 parameters.
[2026-06-13 01:30:47][INFO] SIM_BRIDGE: Initializing OU process state (tau=15.0ms, sigma=0.0pA)...
[2026-06-13 01:30:47][INFO] SIM_BRIDGE: Generating 3D neuron positions for 768 neurons...
[2026-06-13 01:30:47][INFO] SIM_BRIDGE: Generating connections (3D)...
[2026-06-13 01:30:47][INFO] SIM_BRIDGE: Simulation data initialized for 768 neurons (3D). Synapses: 0. GPU memory: 1.7GB/25.8GB (6.5%)
[2026-06-13 01:34:11][INFO] SIM_BRIDGE: CuPy using GPU: NVIDIA GeForce RTX 3090 (24.0 GB), mempool limit: 80%
[2026-06-13 01:34:11][INFO] SIM_BRIDGE: Initializing simulation data for model: IZHIKEVICH (3D)... (playback_init: False)
[2026-06-13 01:34:11][INFO] SIM_BRIDGE: RNG initialized with seed: 42
[2026-06-13 01:34:11][INFO] SIM_BRIDGE: Initializing Izhikevich model specifics for 512 neurons...
[2026-06-13 01:34:11][INFO] SIM_BRIDGE: Applying parameter heterogeneity to neuron parameters...
[2026-06-13 01:34:11][INFO] SIM_BRIDGE: Applied heterogeneity to 4 parameters.
[2026-06-13 01:34:11][INFO] SIM_BRIDGE: Initializing OU process state (tau=15.0ms, sigma=0.0pA)...
[2026-06-13 01:34:11][INFO] SIM_BRIDGE: Generating 3D neuron positions for 512 neurons...
[2026-06-13 01:34:11][INFO] SIM_BRIDGE: Generating connections (3D)...
[2026-06-13 01:34:11][INFO] SIM_BRIDGE: Simulation data initialized for 512 neurons (3D). Synapses: 0. GPU memory: 1.7GB/25.8GB (6.5%)
[2026-06-13 01:34:12][INFO] SIM_BRIDGE: CuPy using GPU: NVIDIA GeForce RTX 3090 (24.0 GB), mempool limit: 80%
[2026-06-13 01:34:12][INFO] SIM_BRIDGE: Initializing simulation data for model: IZHIKEVICH (3D)... (playback_init: False)
[2026-06-13 01:34:12][INFO] SIM_BRIDGE: RNG initialized with seed: 42
[2026-06-13 01:34:12][INFO] SIM_BRIDGE: Initializing Izhikevich model specifics for 1024 neurons...
[2026-06-13 01:34:12][INFO] SIM_BRIDGE: Applying parameter heterogeneity to neuron parameters...
[2026-06-13 01:34:12][INFO] SIM_BRIDGE: Applied heterogeneity to 4 parameters.
[2026-06-13 01:34:12][INFO] SIM_BRIDGE: Initializing OU process state (tau=15.0ms, sigma=0.0pA)...
[2026-06-13 01:34:12][INFO] SIM_BRIDGE: Generating 3D neuron positions for 1024 neurons...
[2026-06-13 01:34:12][INFO] SIM_BRIDGE: Generating connections (3D)...
[2026-06-13 01:34:12][INFO] SIM_BRIDGE: Simulation data initialized for 1024 neurons (3D). Synapses: 0. GPU memory: 1.7GB/25.8GB (6.5%)
[2026-06-13 01:34:48][INFO] SIM_BRIDGE: CuPy using GPU: NVIDIA GeForce RTX 3090 (24.0 GB), mempool limit: 80%
[2026-06-13 01:34:48][INFO] SIM_BRIDGE: Initializing simulation data for model: IZHIKEVICH (3D)... (playback_init: False)
[2026-06-13 01:34:48][INFO] SIM_BRIDGE: RNG initialized with seed: 42
[2026-06-13 01:34:48][INFO] SIM_BRIDGE: Initializing Izhikevich model specifics for 768 neurons...
[2026-06-13 01:34:48][INFO] SIM_BRIDGE: Applying parameter heterogeneity to neuron parameters...
[2026-06-13 01:34:48][INFO] SIM_BRIDGE: Applied heterogeneity to 4 parameters.
[2026-06-13 01:34:48][INFO] SIM_BRIDGE: Initializing OU process state (tau=15.0ms, sigma=0.0pA)...
[2026-06-13 01:34:48][INFO] SIM_BRIDGE: Generating 3D neuron positions for 768 neurons...
[2026-06-13 01:34:48][INFO] SIM_BRIDGE: Generating connections (3D)...
[2026-06-13 01:34:48][INFO] SIM_BRIDGE: Simulation data initialized for 768 neurons (3D). Synapses: 0. GPU memory: 1.7GB/25.8GB (6.5%)
[2026-06-13 01:38:13][INFO] SIM_BRIDGE: CuPy using GPU: NVIDIA GeForce RTX 3090 (24.0 GB), mempool limit: 80%
[2026-06-13 01:38:13][INFO] SIM_BRIDGE: Initializing simulation data for model: IZHIKEVICH (3D)... (playback_init: False)
[2026-06-13 01:38:13][INFO] SIM_BRIDGE: RNG initialized with seed: 42
[2026-06-13 01:38:13][INFO] SIM_BRIDGE: Initializing Izhikevich model specifics for 512 neurons...
[2026-06-13 01:38:13][INFO] SIM_BRIDGE: Applying parameter heterogeneity to neuron parameters...
[2026-06-13 01:38:13][INFO] SIM_BRIDGE: Applied heterogeneity to 4 parameters.
[2026-06-13 01:38:13][INFO] SIM_BRIDGE: Initializing OU process state (tau=15.0ms, sigma=0.0pA)...
[2026-06-13 01:38:13][INFO] SIM_BRIDGE: Generating 3D neuron positions for 512 neurons...
[2026-06-13 01:38:13][INFO] SIM_BRIDGE: Generating connections (3D)...
[2026-06-13 01:38:13][INFO] SIM_BRIDGE: Simulation data initialized for 512 neurons (3D). Synapses: 0. GPU memory: 1.7GB/25.8GB (6.5%)
[2026-06-13 01:38:14][INFO] SIM_BRIDGE: CuPy using GPU: NVIDIA GeForce RTX 3090 (24.0 GB), mempool limit: 80%
[2026-06-13 01:38:14][INFO] SIM_BRIDGE: Initializing simulation data for model: IZHIKEVICH (3D)... (playback_init: False)
[2026-06-13 01:38:14][INFO] SIM_BRIDGE: RNG initialized with seed: 42
[2026-06-13 01:38:14][INFO] SIM_BRIDGE: Initializing Izhikevich model specifics for 1024 neurons...
[2026-06-13 01:38:14][INFO] SIM_BRIDGE: Applying parameter heterogeneity to neuron parameters...
[2026-06-13 01:38:14][INFO] SIM_BRIDGE: Applied heterogeneity to 4 parameters.
[2026-06-13 01:38:14][INFO] SIM_BRIDGE: Initializing OU process state (tau=15.0ms, sigma=0.0pA)...
[2026-06-13 01:38:14][INFO] SIM_BRIDGE: Generating 3D neuron positions for 1024 neurons...
[2026-06-13 01:38:14][INFO] SIM_BRIDGE: Generating connections (3D)...
[2026-06-13 01:38:14][INFO] SIM_BRIDGE: Simulation data initialized for 1024 neurons (3D). Synapses: 0. GPU memory: 1.7GB/25.8GB (6.5%)
[2026-06-13 01:38:49][INFO] SIM_BRIDGE: CuPy using GPU: NVIDIA GeForce RTX 3090 (24.0 GB), mempool limit: 80%
[2026-06-13 01:38:49][INFO] SIM_BRIDGE: Initializing simulation data for model: IZHIKEVICH (3D)... (playback_init: False)
[2026-06-13 01:38:49][INFO] SIM_BRIDGE: RNG initialized with seed: 42
[2026-06-13 01:38:49][INFO] SIM_BRIDGE: Initializing Izhikevich model specifics for 768 neurons...
[2026-06-13 01:38:49][INFO] SIM_BRIDGE: Applying parameter heterogeneity to neuron parameters...
[2026-06-13 01:38:49][INFO] SIM_BRIDGE: Applied heterogeneity to 4 parameters.
[2026-06-13 01:38:49][INFO] SIM_BRIDGE: Initializing OU process state (tau=15.0ms, sigma=0.0pA)...
[2026-06-13 01:38:49][INFO] SIM_BRIDGE: Generating 3D neuron positions for 768 neurons...
[2026-06-13 01:38:49][INFO] SIM_BRIDGE: Generating connections (3D)...
[2026-06-13 01:38:49][INFO] SIM_BRIDGE: Simulation data initialized for 768 neurons (3D). Synapses: 0. GPU memory: 1.7GB/25.8GB (6.5%)
[2026-06-13 01:42:14][INFO] SIM_BRIDGE: CuPy using GPU: NVIDIA GeForce RTX 3090 (24.0 GB), mempool limit: 80%
[2026-06-13 01:42:14][INFO] SIM_BRIDGE: Initializing simulation data for model: IZHIKEVICH (3D)... (playback_init: False)
[2026-06-13 01:42:14][INFO] SIM_BRIDGE: RNG initialized with seed: 42
[2026-06-13 01:42:14][INFO] SIM_BRIDGE: Initializing Izhikevich model specifics for 512 neurons...
[2026-06-13 01:42:14][INFO] SIM_BRIDGE: Applying parameter heterogeneity to neuron parameters...
[2026-06-13 01:42:14][INFO] SIM_BRIDGE: Applied heterogeneity to 4 parameters.
[2026-06-13 01:42:14][INFO] SIM_BRIDGE: Initializing OU process state (tau=15.0ms, sigma=0.0pA)...
[2026-06-13 01:42:14][INFO] SIM_BRIDGE: Generating 3D neuron positions for 512 neurons...
[2026-06-13 01:42:14][INFO] SIM_BRIDGE: Generating connections (3D)...
[2026-06-13 01:42:14][INFO] SIM_BRIDGE: Simulation data initialized for 512 neurons (3D). Synapses: 0. GPU memory: 1.7GB/25.8GB (6.5%)
[2026-06-13 01:42:14][INFO] SIM_BRIDGE: CuPy using GPU: NVIDIA GeForce RTX 3090 (24.0 GB), mempool limit: 80%
[2026-06-13 01:42:14][INFO] SIM_BRIDGE: Initializing simulation data for model: IZHIKEVICH (3D)... (playback_init: False)
[2026-06-13 01:42:14][INFO] SIM_BRIDGE: RNG initialized with seed: 42
[2026-06-13 01:42:14][INFO] SIM_BRIDGE: Initializing Izhikevich model specifics for 1024 neurons...
[2026-06-13 01:42:14][INFO] SIM_BRIDGE: Applying parameter heterogeneity to neuron parameters...
[2026-06-13 01:42:14][INFO] SIM_BRIDGE: Applied heterogeneity to 4 parameters.
[2026-06-13 01:42:14][INFO] SIM_BRIDGE: Initializing OU process state (tau=15.0ms, sigma=0.0pA)...
[2026-06-13 01:42:14][INFO] SIM_BRIDGE: Generating 3D neuron positions for 1024 neurons...
[2026-06-13 01:42:14][INFO] SIM_BRIDGE: Generating connections (3D)...
[2026-06-13 01:42:14][INFO] SIM_BRIDGE: Simulation data initialized for 1024 neurons (3D). Synapses: 0. GPU memory: 1.7GB/25.8GB (6.5%)
[2026-06-13 01:42:36][INFO] SIM_BRIDGE: CuPy using GPU: NVIDIA GeForce RTX 3090 (24.0 GB), mempool limit: 80%
[2026-06-13 01:42:36][INFO] SIM_BRIDGE: Initializing simulation data for model: IZHIKEVICH (3D)... (playback_init: False)
[2026-06-13 01:42:36][INFO] SIM_BRIDGE: RNG initialized with seed: 42
[2026-06-13 01:42:36][INFO] SIM_BRIDGE: Initializing Izhikevich model specifics for 768 neurons...
[2026-06-13 01:42:36][INFO] SIM_BRIDGE: Applying parameter heterogeneity to neuron parameters...
[2026-06-13 01:42:36][INFO] SIM_BRIDGE: Applied heterogeneity to 4 parameters.
[2026-06-13 01:42:36][INFO] SIM_BRIDGE: Initializing OU process state (tau=15.0ms, sigma=0.0pA)...
[2026-06-13 01:42:36][INFO] SIM_BRIDGE: Generating 3D neuron positions for 768 neurons...
[2026-06-13 01:42:36][INFO] SIM_BRIDGE: Generating connections (3D)...
[2026-06-13 01:42:36][INFO] SIM_BRIDGE: Simulation data initialized for 768 neurons (3D). Synapses: 0. GPU memory: 1.7GB/25.8GB (6.5%)
    [furniture] B1 gen acc=1.000 (chance=0.250, 4.0x)  B2 fa=0 abstains_all=True  | C1 perm B1=0.188 collapses=True
[2026-06-13 01:49:27][INFO] SIM_BRIDGE: CuPy using GPU: NVIDIA GeForce RTX 3090 (24.0 GB), mempool limit: 80%
[2026-06-13 01:49:27][INFO] SIM_BRIDGE: Initializing simulation data for model: IZHIKEVICH (3D)... (playback_init: False)
[2026-06-13 01:49:27][INFO] SIM_BRIDGE: RNG initialized with seed: 42
[2026-06-13 01:49:27][INFO] SIM_BRIDGE: Initializing Izhikevich model specifics for 512 neurons...
[2026-06-13 01:49:27][INFO] SIM_BRIDGE: Applying parameter heterogeneity to neuron parameters...
[2026-06-13 01:49:27][INFO] SIM_BRIDGE: Applied heterogeneity to 4 parameters.
[2026-06-13 01:49:27][INFO] SIM_BRIDGE: Initializing OU process state (tau=15.0ms, sigma=0.0pA)...
[2026-06-13 01:49:27][INFO] SIM_BRIDGE: Generating 3D neuron positions for 512 neurons...
[2026-06-13 01:49:27][INFO] SIM_BRIDGE: Generating connections (3D)...
[2026-06-13 01:49:27][INFO] SIM_BRIDGE: Simulation data initialized for 512 neurons (3D). Synapses: 0. GPU memory: 1.7GB/25.8GB (6.5%)
[2026-06-13 01:49:27][INFO] SIM_BRIDGE: CuPy using GPU: NVIDIA GeForce RTX 3090 (24.0 GB), mempool limit: 80%
[2026-06-13 01:49:27][INFO] SIM_BRIDGE: Initializing simulation data for model: IZHIKEVICH (3D)... (playback_init: False)
[2026-06-13 01:49:27][INFO] SIM_BRIDGE: RNG initialized with seed: 42
[2026-06-13 01:49:27][INFO] SIM_BRIDGE: Initializing Izhikevich model specifics for 1024 neurons...
[2026-06-13 01:49:27][INFO] SIM_BRIDGE: Applying parameter heterogeneity to neuron parameters...
[2026-06-13 01:49:27][INFO] SIM_BRIDGE: Applied heterogeneity to 4 parameters.
[2026-06-13 01:49:27][INFO] SIM_BRIDGE: Initializing OU process state (tau=15.0ms, sigma=0.0pA)...
[2026-06-13 01:49:27][INFO] SIM_BRIDGE: Generating 3D neuron positions for 1024 neurons...
[2026-06-13 01:49:27][INFO] SIM_BRIDGE: Generating connections (3D)...
[2026-06-13 01:49:27][INFO] SIM_BRIDGE: Simulation data initialized for 1024 neurons (3D). Synapses: 0. GPU memory: 1.7GB/25.8GB (6.5%)
[2026-06-13 01:50:04][INFO] SIM_BRIDGE: CuPy using GPU: NVIDIA GeForce RTX 3090 (24.0 GB), mempool limit: 80%
[2026-06-13 01:50:04][INFO] SIM_BRIDGE: Initializing simulation data for model: IZHIKEVICH (3D)... (playback_init: False)
[2026-06-13 01:50:04][INFO] SIM_BRIDGE: RNG initialized with seed: 42
[2026-06-13 01:50:04][INFO] SIM_BRIDGE: Initializing Izhikevich model specifics for 768 neurons...
[2026-06-13 01:50:04][INFO] SIM_BRIDGE: Applying parameter heterogeneity to neuron parameters...
[2026-06-13 01:50:04][INFO] SIM_BRIDGE: Applied heterogeneity to 4 parameters.
[2026-06-13 01:50:04][INFO] SIM_BRIDGE: Initializing OU process state (tau=15.0ms, sigma=0.0pA)...
[2026-06-13 01:50:04][INFO] SIM_BRIDGE: Generating 3D neuron positions for 768 neurons...
[2026-06-13 01:50:04][INFO] SIM_BRIDGE: Generating connections (3D)...
[2026-06-13 01:50:04][INFO] SIM_BRIDGE: Simulation data initialized for 768 neurons (3D). Synapses: 0. GPU memory: 1.7GB/25.8GB (6.5%)
[2026-06-13 01:53:30][INFO] SIM_BRIDGE: CuPy using GPU: NVIDIA GeForce RTX 3090 (24.0 GB), mempool limit: 80%
[2026-06-13 01:53:30][INFO] SIM_BRIDGE: Initializing simulation data for model: IZHIKEVICH (3D)... (playback_init: False)
[2026-06-13 01:53:30][INFO] SIM_BRIDGE: RNG initialized with seed: 42
[2026-06-13 01:53:30][INFO] SIM_BRIDGE: Initializing Izhikevich model specifics for 512 neurons...
[2026-06-13 01:53:30][INFO] SIM_BRIDGE: Applying parameter heterogeneity to neuron parameters...
[2026-06-13 01:53:30][INFO] SIM_BRIDGE: Applied heterogeneity to 4 parameters.
[2026-06-13 01:53:30][INFO] SIM_BRIDGE: Initializing OU process state (tau=15.0ms, sigma=0.0pA)...
[2026-06-13 01:53:30][INFO] SIM_BRIDGE: Generating 3D neuron positions for 512 neurons...
[2026-06-13 01:53:30][INFO] SIM_BRIDGE: Generating connections (3D)...
[2026-06-13 01:53:30][INFO] SIM_BRIDGE: Simulation data initialized for 512 neurons (3D). Synapses: 0. GPU memory: 1.7GB/25.8GB (6.5%)
[2026-06-13 01:53:30][INFO] SIM_BRIDGE: CuPy using GPU: NVIDIA GeForce RTX 3090 (24.0 GB), mempool limit: 80%
[2026-06-13 01:53:30][INFO] SIM_BRIDGE: Initializing simulation data for model: IZHIKEVICH (3D)... (playback_init: False)
[2026-06-13 01:53:30][INFO] SIM_BRIDGE: RNG initialized with seed: 42
[2026-06-13 01:53:30][INFO] SIM_BRIDGE: Initializing Izhikevich model specifics for 1024 neurons...
[2026-06-13 01:53:30][INFO] SIM_BRIDGE: Applying parameter heterogeneity to neuron parameters...
[2026-06-13 01:53:30][INFO] SIM_BRIDGE: Applied heterogeneity to 4 parameters.
[2026-06-13 01:53:30][INFO] SIM_BRIDGE: Initializing OU process state (tau=15.0ms, sigma=0.0pA)...
[2026-06-13 01:53:30][INFO] SIM_BRIDGE: Generating 3D neuron positions for 1024 neurons...
[2026-06-13 01:53:30][INFO] SIM_BRIDGE: Generating connections (3D)...
[2026-06-13 01:53:30][INFO] SIM_BRIDGE: Simulation data initialized for 1024 neurons (3D). Synapses: 0. GPU memory: 1.7GB/25.8GB (6.5%)
[2026-06-13 01:54:06][INFO] SIM_BRIDGE: CuPy using GPU: NVIDIA GeForce RTX 3090 (24.0 GB), mempool limit: 80%
[2026-06-13 01:54:06][INFO] SIM_BRIDGE: Initializing simulation data for model: IZHIKEVICH (3D)... (playback_init: False)
[2026-06-13 01:54:06][INFO] SIM_BRIDGE: RNG initialized with seed: 42
[2026-06-13 01:54:06][INFO] SIM_BRIDGE: Initializing Izhikevich model specifics for 768 neurons...
[2026-06-13 01:54:06][INFO] SIM_BRIDGE: Applying parameter heterogeneity to neuron parameters...
[2026-06-13 01:54:06][INFO] SIM_BRIDGE: Applied heterogeneity to 4 parameters.
[2026-06-13 01:54:06][INFO] SIM_BRIDGE: Initializing OU process state (tau=15.0ms, sigma=0.0pA)...
[2026-06-13 01:54:06][INFO] SIM_BRIDGE: Generating 3D neuron positions for 768 neurons...
[2026-06-13 01:54:06][INFO] SIM_BRIDGE: Generating connections (3D)...
[2026-06-13 01:54:06][INFO] SIM_BRIDGE: Simulation data initialized for 768 neurons (3D). Synapses: 0. GPU memory: 1.7GB/25.8GB (6.5%)
[2026-06-13 01:57:36][INFO] SIM_BRIDGE: CuPy using GPU: NVIDIA GeForce RTX 3090 (24.0 GB), mempool limit: 80%
[2026-06-13 01:57:36][INFO] SIM_BRIDGE: Initializing simulation data for model: IZHIKEVICH (3D)... (playback_init: False)
[2026-06-13 01:57:36][INFO] SIM_BRIDGE: RNG initialized with seed: 42
[2026-06-13 01:57:36][INFO] SIM_BRIDGE: Initializing Izhikevich model specifics for 512 neurons...
[2026-06-13 01:57:36][INFO] SIM_BRIDGE: Applying parameter heterogeneity to neuron parameters...
[2026-06-13 01:57:36][INFO] SIM_BRIDGE: Applied heterogeneity to 4 parameters.
[2026-06-13 01:57:36][INFO] SIM_BRIDGE: Initializing OU process state (tau=15.0ms, sigma=0.0pA)...
[2026-06-13 01:57:36][INFO] SIM_BRIDGE: Generating 3D neuron positions for 512 neurons...
[2026-06-13 01:57:36][INFO] SIM_BRIDGE: Generating connections (3D)...
[2026-06-13 01:57:36][INFO] SIM_BRIDGE: Simulation data initialized for 512 neurons (3D). Synapses: 0. GPU memory: 1.7GB/25.8GB (6.5%)
[2026-06-13 01:57:36][INFO] SIM_BRIDGE: CuPy using GPU: NVIDIA GeForce RTX 3090 (24.0 GB), mempool limit: 80%
[2026-06-13 01:57:36][INFO] SIM_BRIDGE: Initializing simulation data for model: IZHIKEVICH (3D)... (playback_init: False)
[2026-06-13 01:57:36][INFO] SIM_BRIDGE: RNG initialized with seed: 42
[2026-06-13 01:57:36][INFO] SIM_BRIDGE: Initializing Izhikevich model specifics for 1024 neurons...
[2026-06-13 01:57:36][INFO] SIM_BRIDGE: Applying parameter heterogeneity to neuron parameters...
[2026-06-13 01:57:36][INFO] SIM_BRIDGE: Applied heterogeneity to 4 parameters.
[2026-06-13 01:57:36][INFO] SIM_BRIDGE: Initializing OU process state (tau=15.0ms, sigma=0.0pA)...
[2026-06-13 01:57:36][INFO] SIM_BRIDGE: Generating 3D neuron positions for 1024 neurons...
[2026-06-13 01:57:36][INFO] SIM_BRIDGE: Generating connections (3D)...
[2026-06-13 01:57:36][INFO] SIM_BRIDGE: Simulation data initialized for 1024 neurons (3D). Synapses: 0. GPU memory: 1.7GB/25.8GB (6.5%)
[2026-06-13 01:58:12][INFO] SIM_BRIDGE: CuPy using GPU: NVIDIA GeForce RTX 3090 (24.0 GB), mempool limit: 80%
[2026-06-13 01:58:12][INFO] SIM_BRIDGE: Initializing simulation data for model: IZHIKEVICH (3D)... (playback_init: False)
[2026-06-13 01:58:12][INFO] SIM_BRIDGE: RNG initialized with seed: 42
[2026-06-13 01:58:12][INFO] SIM_BRIDGE: Initializing Izhikevich model specifics for 768 neurons...
[2026-06-13 01:58:12][INFO] SIM_BRIDGE: Applying parameter heterogeneity to neuron parameters...
[2026-06-13 01:58:12][INFO] SIM_BRIDGE: Applied heterogeneity to 4 parameters.
[2026-06-13 01:58:12][INFO] SIM_BRIDGE: Initializing OU process state (tau=15.0ms, sigma=0.0pA)...
[2026-06-13 01:58:12][INFO] SIM_BRIDGE: Generating 3D neuron positions for 768 neurons...
[2026-06-13 01:58:12][INFO] SIM_BRIDGE: Generating connections (3D)...
[2026-06-13 01:58:12][INFO] SIM_BRIDGE: Simulation data initialized for 768 neurons (3D). Synapses: 0. GPU memory: 1.7GB/25.8GB (6.5%)
[2026-06-13 02:01:39][INFO] SIM_BRIDGE: CuPy using GPU: NVIDIA GeForce RTX 3090 (24.0 GB), mempool limit: 80%
[2026-06-13 02:01:39][INFO] SIM_BRIDGE: Initializing simulation data for model: IZHIKEVICH (3D)... (playback_init: False)
[2026-06-13 02:01:39][INFO] SIM_BRIDGE: RNG initialized with seed: 42
[2026-06-13 02:01:39][INFO] SIM_BRIDGE: Initializing Izhikevich model specifics for 512 neurons...
[2026-06-13 02:01:39][INFO] SIM_BRIDGE: Applying parameter heterogeneity to neuron parameters...
[2026-06-13 02:01:39][INFO] SIM_BRIDGE: Applied heterogeneity to 4 parameters.
[2026-06-13 02:01:39][INFO] SIM_BRIDGE: Initializing OU process state (tau=15.0ms, sigma=0.0pA)...
[2026-06-13 02:01:39][INFO] SIM_BRIDGE: Generating 3D neuron positions for 512 neurons...
[2026-06-13 02:01:39][INFO] SIM_BRIDGE: Generating connections (3D)...
[2026-06-13 02:01:39][INFO] SIM_BRIDGE: Simulation data initialized for 512 neurons (3D). Synapses: 0. GPU memory: 1.7GB/25.8GB (6.5%)
[2026-06-13 02:01:40][INFO] SIM_BRIDGE: CuPy using GPU: NVIDIA GeForce RTX 3090 (24.0 GB), mempool limit: 80%
[2026-06-13 02:01:40][INFO] SIM_BRIDGE: Initializing simulation data for model: IZHIKEVICH (3D)... (playback_init: False)
[2026-06-13 02:01:40][INFO] SIM_BRIDGE: RNG initialized with seed: 42
[2026-06-13 02:01:40][INFO] SIM_BRIDGE: Initializing Izhikevich model specifics for 1024 neurons...
[2026-06-13 02:01:40][INFO] SIM_BRIDGE: Applying parameter heterogeneity to neuron parameters...
[2026-06-13 02:01:40][INFO] SIM_BRIDGE: Applied heterogeneity to 4 parameters.
[2026-06-13 02:01:40][INFO] SIM_BRIDGE: Initializing OU process state (tau=15.0ms, sigma=0.0pA)...
[2026-06-13 02:01:40][INFO] SIM_BRIDGE: Generating 3D neuron positions for 1024 neurons...
[2026-06-13 02:01:40][INFO] SIM_BRIDGE: Generating connections (3D)...
[2026-06-13 02:01:40][INFO] SIM_BRIDGE: Simulation data initialized for 1024 neurons (3D). Synapses: 0. GPU memory: 1.7GB/25.8GB (6.5%)
[2026-06-13 02:02:15][INFO] SIM_BRIDGE: CuPy using GPU: NVIDIA GeForce RTX 3090 (24.0 GB), mempool limit: 80%
[2026-06-13 02:02:15][INFO] SIM_BRIDGE: Initializing simulation data for model: IZHIKEVICH (3D)... (playback_init: False)
[2026-06-13 02:02:15][INFO] SIM_BRIDGE: RNG initialized with seed: 42
[2026-06-13 02:02:15][INFO] SIM_BRIDGE: Initializing Izhikevich model specifics for 768 neurons...
[2026-06-13 02:02:15][INFO] SIM_BRIDGE: Applying parameter heterogeneity to neuron parameters...
[2026-06-13 02:02:15][INFO] SIM_BRIDGE: Applied heterogeneity to 4 parameters.
[2026-06-13 02:02:15][INFO] SIM_BRIDGE: Initializing OU process state (tau=15.0ms, sigma=0.0pA)...
[2026-06-13 02:02:15][INFO] SIM_BRIDGE: Generating 3D neuron positions for 768 neurons...
[2026-06-13 02:02:15][INFO] SIM_BRIDGE: Generating connections (3D)...
[2026-06-13 02:02:15][INFO] SIM_BRIDGE: Simulation data initialized for 768 neurons (3D). Synapses: 0. GPU memory: 1.7GB/25.8GB (6.5%)
[2026-06-13 02:05:44][INFO] SIM_BRIDGE: CuPy using GPU: NVIDIA GeForce RTX 3090 (24.0 GB), mempool limit: 80%
[2026-06-13 02:05:44][INFO] SIM_BRIDGE: Initializing simulation data for model: IZHIKEVICH (3D)... (playback_init: False)
[2026-06-13 02:05:44][INFO] SIM_BRIDGE: RNG initialized with seed: 42
[2026-06-13 02:05:44][INFO] SIM_BRIDGE: Initializing Izhikevich model specifics for 512 neurons...
[2026-06-13 02:05:44][INFO] SIM_BRIDGE: Applying parameter heterogeneity to neuron parameters...
[2026-06-13 02:05:44][INFO] SIM_BRIDGE: Applied heterogeneity to 4 parameters.
[2026-06-13 02:05:44][INFO] SIM_BRIDGE: Initializing OU process state (tau=15.0ms, sigma=0.0pA)...
[2026-06-13 02:05:44][INFO] SIM_BRIDGE: Generating 3D neuron positions for 512 neurons...
[2026-06-13 02:05:44][INFO] SIM_BRIDGE: Generating connections (3D)...
[2026-06-13 02:05:44][INFO] SIM_BRIDGE: Simulation data initialized for 512 neurons (3D). Synapses: 0. GPU memory: 1.7GB/25.8GB (6.5%)
[2026-06-13 02:05:45][INFO] SIM_BRIDGE: CuPy using GPU: NVIDIA GeForce RTX 3090 (24.0 GB), mempool limit: 80%
[2026-06-13 02:05:45][INFO] SIM_BRIDGE: Initializing simulation data for model: IZHIKEVICH (3D)... (playback_init: False)
[2026-06-13 02:05:45][INFO] SIM_BRIDGE: RNG initialized with seed: 42
[2026-06-13 02:05:45][INFO] SIM_BRIDGE: Initializing Izhikevich model specifics for 1024 neurons...
[2026-06-13 02:05:45][INFO] SIM_BRIDGE: Applying parameter heterogeneity to neuron parameters...
[2026-06-13 02:05:45][INFO] SIM_BRIDGE: Applied heterogeneity to 4 parameters.
[2026-06-13 02:05:45][INFO] SIM_BRIDGE: Initializing OU process state (tau=15.0ms, sigma=0.0pA)...
[2026-06-13 02:05:45][INFO] SIM_BRIDGE: Generating 3D neuron positions for 1024 neurons...
[2026-06-13 02:05:45][INFO] SIM_BRIDGE: Generating connections (3D)...
[2026-06-13 02:05:45][INFO] SIM_BRIDGE: Simulation data initialized for 1024 neurons (3D). Synapses: 0. GPU memory: 1.7GB/25.8GB (6.5%)
[2026-06-13 02:06:22][INFO] SIM_BRIDGE: CuPy using GPU: NVIDIA GeForce RTX 3090 (24.0 GB), mempool limit: 80%
[2026-06-13 02:06:22][INFO] SIM_BRIDGE: Initializing simulation data for model: IZHIKEVICH (3D)... (playback_init: False)
[2026-06-13 02:06:22][INFO] SIM_BRIDGE: RNG initialized with seed: 42
[2026-06-13 02:06:22][INFO] SIM_BRIDGE: Initializing Izhikevich model specifics for 768 neurons...
[2026-06-13 02:06:22][INFO] SIM_BRIDGE: Applying parameter heterogeneity to neuron parameters...
[2026-06-13 02:06:22][INFO] SIM_BRIDGE: Applied heterogeneity to 4 parameters.
[2026-06-13 02:06:22][INFO] SIM_BRIDGE: Initializing OU process state (tau=15.0ms, sigma=0.0pA)...
[2026-06-13 02:06:22][INFO] SIM_BRIDGE: Generating 3D neuron positions for 768 neurons...
[2026-06-13 02:06:22][INFO] SIM_BRIDGE: Generating connections (3D)...
[2026-06-13 02:06:22][INFO] SIM_BRIDGE: Simulation data initialized for 768 neurons (3D). Synapses: 0. GPU memory: 1.7GB/25.8GB (6.5%)
[2026-06-13 02:09:43][INFO] SIM_BRIDGE: CuPy using GPU: NVIDIA GeForce RTX 3090 (24.0 GB), mempool limit: 80%
[2026-06-13 02:09:43][INFO] SIM_BRIDGE: Initializing simulation data for model: IZHIKEVICH (3D)... (playback_init: False)
[2026-06-13 02:09:43][INFO] SIM_BRIDGE: RNG initialized with seed: 42
[2026-06-13 02:09:43][INFO] SIM_BRIDGE: Initializing Izhikevich model specifics for 512 neurons...
[2026-06-13 02:09:43][INFO] SIM_BRIDGE: Applying parameter heterogeneity to neuron parameters...
[2026-06-13 02:09:43][INFO] SIM_BRIDGE: Applied heterogeneity to 4 parameters.
[2026-06-13 02:09:43][INFO] SIM_BRIDGE: Initializing OU process state (tau=15.0ms, sigma=0.0pA)...
[2026-06-13 02:09:43][INFO] SIM_BRIDGE: Generating 3D neuron positions for 512 neurons...
[2026-06-13 02:09:43][INFO] SIM_BRIDGE: Generating connections (3D)...
[2026-06-13 02:09:43][INFO] SIM_BRIDGE: Simulation data initialized for 512 neurons (3D). Synapses: 0. GPU memory: 1.7GB/25.8GB (6.5%)
[2026-06-13 02:09:44][INFO] SIM_BRIDGE: CuPy using GPU: NVIDIA GeForce RTX 3090 (24.0 GB), mempool limit: 80%
[2026-06-13 02:09:44][INFO] SIM_BRIDGE: Initializing simulation data for model: IZHIKEVICH (3D)... (playback_init: False)
[2026-06-13 02:09:44][INFO] SIM_BRIDGE: RNG initialized with seed: 42
[2026-06-13 02:09:44][INFO] SIM_BRIDGE: Initializing Izhikevich model specifics for 1024 neurons...
[2026-06-13 02:09:44][INFO] SIM_BRIDGE: Applying parameter heterogeneity to neuron parameters...
[2026-06-13 02:09:44][INFO] SIM_BRIDGE: Applied heterogeneity to 4 parameters.
[2026-06-13 02:09:44][INFO] SIM_BRIDGE: Initializing OU process state (tau=15.0ms, sigma=0.0pA)...
[2026-06-13 02:09:44][INFO] SIM_BRIDGE: Generating 3D neuron positions for 1024 neurons...
[2026-06-13 02:09:44][INFO] SIM_BRIDGE: Generating connections (3D)...
[2026-06-13 02:09:44][INFO] SIM_BRIDGE: Simulation data initialized for 1024 neurons (3D). Synapses: 0. GPU memory: 1.7GB/25.8GB (6.5%)
[2026-06-13 02:10:20][INFO] SIM_BRIDGE: CuPy using GPU: NVIDIA GeForce RTX 3090 (24.0 GB), mempool limit: 80%
[2026-06-13 02:10:20][INFO] SIM_BRIDGE: Initializing simulation data for model: IZHIKEVICH (3D)... (playback_init: False)
[2026-06-13 02:10:20][INFO] SIM_BRIDGE: RNG initialized with seed: 42
[2026-06-13 02:10:20][INFO] SIM_BRIDGE: Initializing Izhikevich model specifics for 768 neurons...
[2026-06-13 02:10:20][INFO] SIM_BRIDGE: Applying parameter heterogeneity to neuron parameters...
[2026-06-13 02:10:20][INFO] SIM_BRIDGE: Applied heterogeneity to 4 parameters.
[2026-06-13 02:10:20][INFO] SIM_BRIDGE: Initializing OU process state (tau=15.0ms, sigma=0.0pA)...
[2026-06-13 02:10:20][INFO] SIM_BRIDGE: Generating 3D neuron positions for 768 neurons...
[2026-06-13 02:10:20][INFO] SIM_BRIDGE: Generating connections (3D)...
[2026-06-13 02:10:20][INFO] SIM_BRIDGE: Simulation data initialized for 768 neurons (3D). Synapses: 0. GPU memory: 1.7GB/25.8GB (6.5%)
[2026-06-13 02:13:49][INFO] SIM_BRIDGE: CuPy using GPU: NVIDIA GeForce RTX 3090 (24.0 GB), mempool limit: 80%
[2026-06-13 02:13:49][INFO] SIM_BRIDGE: Initializing simulation data for model: IZHIKEVICH (3D)... (playback_init: False)
[2026-06-13 02:13:49][INFO] SIM_BRIDGE: RNG initialized with seed: 42
[2026-06-13 02:13:49][INFO] SIM_BRIDGE: Initializing Izhikevich model specifics for 512 neurons...
[2026-06-13 02:13:49][INFO] SIM_BRIDGE: Applying parameter heterogeneity to neuron parameters...
[2026-06-13 02:13:49][INFO] SIM_BRIDGE: Applied heterogeneity to 4 parameters.
[2026-06-13 02:13:49][INFO] SIM_BRIDGE: Initializing OU process state (tau=15.0ms, sigma=0.0pA)...
[2026-06-13 02:13:49][INFO] SIM_BRIDGE: Generating 3D neuron positions for 512 neurons...
[2026-06-13 02:13:49][INFO] SIM_BRIDGE: Generating connections (3D)...
[2026-06-13 02:13:49][INFO] SIM_BRIDGE: Simulation data initialized for 512 neurons (3D). Synapses: 0. GPU memory: 1.7GB/25.8GB (6.5%)
[2026-06-13 02:13:49][INFO] SIM_BRIDGE: CuPy using GPU: NVIDIA GeForce RTX 3090 (24.0 GB), mempool limit: 80%
[2026-06-13 02:13:49][INFO] SIM_BRIDGE: Initializing simulation data for model: IZHIKEVICH (3D)... (playback_init: False)
[2026-06-13 02:13:49][INFO] SIM_BRIDGE: RNG initialized with seed: 42
[2026-06-13 02:13:49][INFO] SIM_BRIDGE: Initializing Izhikevich model specifics for 1024 neurons...
[2026-06-13 02:13:49][INFO] SIM_BRIDGE: Applying parameter heterogeneity to neuron parameters...
[2026-06-13 02:13:49][INFO] SIM_BRIDGE: Applied heterogeneity to 4 parameters.
[2026-06-13 02:13:49][INFO] SIM_BRIDGE: Initializing OU process state (tau=15.0ms, sigma=0.0pA)...
[2026-06-13 02:13:49][INFO] SIM_BRIDGE: Generating 3D neuron positions for 1024 neurons...
[2026-06-13 02:13:49][INFO] SIM_BRIDGE: Generating connections (3D)...
[2026-06-13 02:13:49][INFO] SIM_BRIDGE: Simulation data initialized for 1024 neurons (3D). Synapses: 0. GPU memory: 1.7GB/25.8GB (6.5%)
[2026-06-13 02:14:26][INFO] SIM_BRIDGE: CuPy using GPU: NVIDIA GeForce RTX 3090 (24.0 GB), mempool limit: 80%
[2026-06-13 02:14:26][INFO] SIM_BRIDGE: Initializing simulation data for model: IZHIKEVICH (3D)... (playback_init: False)
[2026-06-13 02:14:26][INFO] SIM_BRIDGE: RNG initialized with seed: 42
[2026-06-13 02:14:26][INFO] SIM_BRIDGE: Initializing Izhikevich model specifics for 768 neurons...
[2026-06-13 02:14:26][INFO] SIM_BRIDGE: Applying parameter heterogeneity to neuron parameters...
[2026-06-13 02:14:26][INFO] SIM_BRIDGE: Applied heterogeneity to 4 parameters.
[2026-06-13 02:14:26][INFO] SIM_BRIDGE: Initializing OU process state (tau=15.0ms, sigma=0.0pA)...
[2026-06-13 02:14:26][INFO] SIM_BRIDGE: Generating 3D neuron positions for 768 neurons...
[2026-06-13 02:14:26][INFO] SIM_BRIDGE: Generating connections (3D)...
[2026-06-13 02:14:26][INFO] SIM_BRIDGE: Simulation data initialized for 768 neurons (3D). Synapses: 0. GPU memory: 1.7GB/25.8GB (6.5%)
[2026-06-13 02:17:48][INFO] SIM_BRIDGE: CuPy using GPU: NVIDIA GeForce RTX 3090 (24.0 GB), mempool limit: 80%
[2026-06-13 02:17:48][INFO] SIM_BRIDGE: Initializing simulation data for model: IZHIKEVICH (3D)... (playback_init: False)
[2026-06-13 02:17:48][INFO] SIM_BRIDGE: RNG initialized with seed: 42
[2026-06-13 02:17:48][INFO] SIM_BRIDGE: Initializing Izhikevich model specifics for 512 neurons...
[2026-06-13 02:17:48][INFO] SIM_BRIDGE: Applying parameter heterogeneity to neuron parameters...
[2026-06-13 02:17:48][INFO] SIM_BRIDGE: Applied heterogeneity to 4 parameters.
[2026-06-13 02:17:48][INFO] SIM_BRIDGE: Initializing OU process state (tau=15.0ms, sigma=0.0pA)...
[2026-06-13 02:17:48][INFO] SIM_BRIDGE: Generating 3D neuron positions for 512 neurons...
[2026-06-13 02:17:48][INFO] SIM_BRIDGE: Generating connections (3D)...
[2026-06-13 02:17:48][INFO] SIM_BRIDGE: Simulation data initialized for 512 neurons (3D). Synapses: 0. GPU memory: 1.7GB/25.8GB (6.5%)
[2026-06-13 02:17:49][INFO] SIM_BRIDGE: CuPy using GPU: NVIDIA GeForce RTX 3090 (24.0 GB), mempool limit: 80%
[2026-06-13 02:17:49][INFO] SIM_BRIDGE: Initializing simulation data for model: IZHIKEVICH (3D)... (playback_init: False)
[2026-06-13 02:17:49][INFO] SIM_BRIDGE: RNG initialized with seed: 42
[2026-06-13 02:17:49][INFO] SIM_BRIDGE: Initializing Izhikevich model specifics for 1024 neurons...
[2026-06-13 02:17:49][INFO] SIM_BRIDGE: Applying parameter heterogeneity to neuron parameters...
[2026-06-13 02:17:49][INFO] SIM_BRIDGE: Applied heterogeneity to 4 parameters.
[2026-06-13 02:17:49][INFO] SIM_BRIDGE: Initializing OU process state (tau=15.0ms, sigma=0.0pA)...
[2026-06-13 02:17:49][INFO] SIM_BRIDGE: Generating 3D neuron positions for 1024 neurons...
[2026-06-13 02:17:49][INFO] SIM_BRIDGE: Generating connections (3D)...
[2026-06-13 02:17:49][INFO] SIM_BRIDGE: Simulation data initialized for 1024 neurons (3D). Synapses: 0. GPU memory: 1.7GB/25.8GB (6.5%)
[2026-06-13 02:18:24][INFO] SIM_BRIDGE: CuPy using GPU: NVIDIA GeForce RTX 3090 (24.0 GB), mempool limit: 80%
[2026-06-13 02:18:24][INFO] SIM_BRIDGE: Initializing simulation data for model: IZHIKEVICH (3D)... (playback_init: False)
[2026-06-13 02:18:24][INFO] SIM_BRIDGE: RNG initialized with seed: 42
[2026-06-13 02:18:24][INFO] SIM_BRIDGE: Initializing Izhikevich model specifics for 768 neurons...
[2026-06-13 02:18:24][INFO] SIM_BRIDGE: Applying parameter heterogeneity to neuron parameters...
[2026-06-13 02:18:24][INFO] SIM_BRIDGE: Applied heterogeneity to 4 parameters.
[2026-06-13 02:18:24][INFO] SIM_BRIDGE: Initializing OU process state (tau=15.0ms, sigma=0.0pA)...
[2026-06-13 02:18:24][INFO] SIM_BRIDGE: Generating 3D neuron positions for 768 neurons...
[2026-06-13 02:18:24][INFO] SIM_BRIDGE: Generating connections (3D)...
[2026-06-13 02:18:24][INFO] SIM_BRIDGE: Simulation data initialized for 768 neurons (3D). Synapses: 0. GPU memory: 1.7GB/25.8GB (6.5%)
[2026-06-13 02:21:51][INFO] SIM_BRIDGE: CuPy using GPU: NVIDIA GeForce RTX 3090 (24.0 GB), mempool limit: 80%
[2026-06-13 02:21:51][INFO] SIM_BRIDGE: Initializing simulation data for model: IZHIKEVICH (3D)... (playback_init: False)
[2026-06-13 02:21:51][INFO] SIM_BRIDGE: RNG initialized with seed: 42
[2026-06-13 02:21:51][INFO] SIM_BRIDGE: Initializing Izhikevich model specifics for 512 neurons...
[2026-06-13 02:21:51][INFO] SIM_BRIDGE: Applying parameter heterogeneity to neuron parameters...
[2026-06-13 02:21:51][INFO] SIM_BRIDGE: Applied heterogeneity to 4 parameters.
[2026-06-13 02:21:51][INFO] SIM_BRIDGE: Initializing OU process state (tau=15.0ms, sigma=0.0pA)...
[2026-06-13 02:21:51][INFO] SIM_BRIDGE: Generating 3D neuron positions for 512 neurons...
[2026-06-13 02:21:51][INFO] SIM_BRIDGE: Generating connections (3D)...
[2026-06-13 02:21:51][INFO] SIM_BRIDGE: Simulation data initialized for 512 neurons (3D). Synapses: 0. GPU memory: 1.7GB/25.8GB (6.5%)
[2026-06-13 02:21:51][INFO] SIM_BRIDGE: CuPy using GPU: NVIDIA GeForce RTX 3090 (24.0 GB), mempool limit: 80%
[2026-06-13 02:21:51][INFO] SIM_BRIDGE: Initializing simulation data for model: IZHIKEVICH (3D)... (playback_init: False)
[2026-06-13 02:21:51][INFO] SIM_BRIDGE: RNG initialized with seed: 42
[2026-06-13 02:21:51][INFO] SIM_BRIDGE: Initializing Izhikevich model specifics for 1024 neurons...
[2026-06-13 02:21:51][INFO] SIM_BRIDGE: Applying parameter heterogeneity to neuron parameters...
[2026-06-13 02:21:51][INFO] SIM_BRIDGE: Applied heterogeneity to 4 parameters.
[2026-06-13 02:21:51][INFO] SIM_BRIDGE: Initializing OU process state (tau=15.0ms, sigma=0.0pA)...
[2026-06-13 02:21:51][INFO] SIM_BRIDGE: Generating 3D neuron positions for 1024 neurons...
[2026-06-13 02:21:51][INFO] SIM_BRIDGE: Generating connections (3D)...
[2026-06-13 02:21:51][INFO] SIM_BRIDGE: Simulation data initialized for 1024 neurons (3D). Synapses: 0. GPU memory: 1.7GB/25.8GB (6.5%)
[2026-06-13 02:22:12][INFO] SIM_BRIDGE: CuPy using GPU: NVIDIA GeForce RTX 3090 (24.0 GB), mempool limit: 80%
[2026-06-13 02:22:12][INFO] SIM_BRIDGE: Initializing simulation data for model: IZHIKEVICH (3D)... (playback_init: False)
[2026-06-13 02:22:12][INFO] SIM_BRIDGE: RNG initialized with seed: 42
[2026-06-13 02:22:12][INFO] SIM_BRIDGE: Initializing Izhikevich model specifics for 768 neurons...
[2026-06-13 02:22:12][INFO] SIM_BRIDGE: Applying parameter heterogeneity to neuron parameters...
[2026-06-13 02:22:12][INFO] SIM_BRIDGE: Applied heterogeneity to 4 parameters.
[2026-06-13 02:22:12][INFO] SIM_BRIDGE: Initializing OU process state (tau=15.0ms, sigma=0.0pA)...
[2026-06-13 02:22:12][INFO] SIM_BRIDGE: Generating 3D neuron positions for 768 neurons...
[2026-06-13 02:22:12][INFO] SIM_BRIDGE: Generating connections (3D)...
[2026-06-13 02:22:12][INFO] SIM_BRIDGE: Simulation data initialized for 768 neurons (3D). Synapses: 0. GPU memory: 1.7GB/25.8GB (6.5%)
    [   plants] B1 gen acc=1.000 (chance=0.250, 4.0x)  B2 fa=0 abstains_all=True  | C1 perm B1=0.188 collapses=True
[2026-06-13 02:28:56][INFO] SIM_BRIDGE: CuPy using GPU: NVIDIA GeForce RTX 3090 (24.0 GB), mempool limit: 80%
[2026-06-13 02:28:56][INFO] SIM_BRIDGE: Initializing simulation data for model: IZHIKEVICH (3D)... (playback_init: False)
[2026-06-13 02:28:56][INFO] SIM_BRIDGE: RNG initialized with seed: 42
[2026-06-13 02:28:56][INFO] SIM_BRIDGE: Initializing Izhikevich model specifics for 512 neurons...
[2026-06-13 02:28:56][INFO] SIM_BRIDGE: Applying parameter heterogeneity to neuron parameters...
[2026-06-13 02:28:56][INFO] SIM_BRIDGE: Applied heterogeneity to 4 parameters.
[2026-06-13 02:28:56][INFO] SIM_BRIDGE: Initializing OU process state (tau=15.0ms, sigma=0.0pA)...
[2026-06-13 02:28:56][INFO] SIM_BRIDGE: Generating 3D neuron positions for 512 neurons...
[2026-06-13 02:28:56][INFO] SIM_BRIDGE: Generating connections (3D)...
[2026-06-13 02:28:56][INFO] SIM_BRIDGE: Simulation data initialized for 512 neurons (3D). Synapses: 0. GPU memory: 1.7GB/25.8GB (6.5%)
[2026-06-13 02:28:57][INFO] SIM_BRIDGE: CuPy using GPU: NVIDIA GeForce RTX 3090 (24.0 GB), mempool limit: 80%
[2026-06-13 02:28:57][INFO] SIM_BRIDGE: Initializing simulation data for model: IZHIKEVICH (3D)... (playback_init: False)
[2026-06-13 02:28:57][INFO] SIM_BRIDGE: RNG initialized with seed: 42
[2026-06-13 02:28:57][INFO] SIM_BRIDGE: Initializing Izhikevich model specifics for 1024 neurons...
[2026-06-13 02:28:57][INFO] SIM_BRIDGE: Applying parameter heterogeneity to neuron parameters...
[2026-06-13 02:28:57][INFO] SIM_BRIDGE: Applied heterogeneity to 4 parameters.
[2026-06-13 02:28:57][INFO] SIM_BRIDGE: Initializing OU process state (tau=15.0ms, sigma=0.0pA)...
[2026-06-13 02:28:57][INFO] SIM_BRIDGE: Generating 3D neuron positions for 1024 neurons...
[2026-06-13 02:28:57][INFO] SIM_BRIDGE: Generating connections (3D)...
[2026-06-13 02:28:57][INFO] SIM_BRIDGE: Simulation data initialized for 1024 neurons (3D). Synapses: 0. GPU memory: 1.7GB/25.8GB (6.5%)
[2026-06-13 02:29:33][INFO] SIM_BRIDGE: CuPy using GPU: NVIDIA GeForce RTX 3090 (24.0 GB), mempool limit: 80%
[2026-06-13 02:29:33][INFO] SIM_BRIDGE: Initializing simulation data for model: IZHIKEVICH (3D)... (playback_init: False)
[2026-06-13 02:29:33][INFO] SIM_BRIDGE: RNG initialized with seed: 42
[2026-06-13 02:29:33][INFO] SIM_BRIDGE: Initializing Izhikevich model specifics for 768 neurons...
[2026-06-13 02:29:33][INFO] SIM_BRIDGE: Applying parameter heterogeneity to neuron parameters...
[2026-06-13 02:29:33][INFO] SIM_BRIDGE: Applied heterogeneity to 4 parameters.
[2026-06-13 02:29:33][INFO] SIM_BRIDGE: Initializing OU process state (tau=15.0ms, sigma=0.0pA)...
[2026-06-13 02:29:33][INFO] SIM_BRIDGE: Generating 3D neuron positions for 768 neurons...
[2026-06-13 02:29:33][INFO] SIM_BRIDGE: Generating connections (3D)...
[2026-06-13 02:29:33][INFO] SIM_BRIDGE: Simulation data initialized for 768 neurons (3D). Synapses: 0. GPU memory: 1.7GB/25.8GB (6.5%)
[2026-06-13 02:32:54][INFO] SIM_BRIDGE: CuPy using GPU: NVIDIA GeForce RTX 3090 (24.0 GB), mempool limit: 80%
[2026-06-13 02:32:54][INFO] SIM_BRIDGE: Initializing simulation data for model: IZHIKEVICH (3D)... (playback_init: False)
[2026-06-13 02:32:54][INFO] SIM_BRIDGE: RNG initialized with seed: 42
[2026-06-13 02:32:54][INFO] SIM_BRIDGE: Initializing Izhikevich model specifics for 512 neurons...
[2026-06-13 02:32:54][INFO] SIM_BRIDGE: Applying parameter heterogeneity to neuron parameters...
[2026-06-13 02:32:54][INFO] SIM_BRIDGE: Applied heterogeneity to 4 parameters.
[2026-06-13 02:32:54][INFO] SIM_BRIDGE: Initializing OU process state (tau=15.0ms, sigma=0.0pA)...
[2026-06-13 02:32:54][INFO] SIM_BRIDGE: Generating 3D neuron positions for 512 neurons...
[2026-06-13 02:32:54][INFO] SIM_BRIDGE: Generating connections (3D)...
[2026-06-13 02:32:54][INFO] SIM_BRIDGE: Simulation data initialized for 512 neurons (3D). Synapses: 0. GPU memory: 1.7GB/25.8GB (6.5%)
[2026-06-13 02:32:55][INFO] SIM_BRIDGE: CuPy using GPU: NVIDIA GeForce RTX 3090 (24.0 GB), mempool limit: 80%
[2026-06-13 02:32:55][INFO] SIM_BRIDGE: Initializing simulation data for model: IZHIKEVICH (3D)... (playback_init: False)
[2026-06-13 02:32:55][INFO] SIM_BRIDGE: RNG initialized with seed: 42
[2026-06-13 02:32:55][INFO] SIM_BRIDGE: Initializing Izhikevich model specifics for 1024 neurons...
[2026-06-13 02:32:55][INFO] SIM_BRIDGE: Applying parameter heterogeneity to neuron parameters...
[2026-06-13 02:32:55][INFO] SIM_BRIDGE: Applied heterogeneity to 4 parameters.
[2026-06-13 02:32:55][INFO] SIM_BRIDGE: Initializing OU process state (tau=15.0ms, sigma=0.0pA)...
[2026-06-13 02:32:55][INFO] SIM_BRIDGE: Generating 3D neuron positions for 1024 neurons...
[2026-06-13 02:32:55][INFO] SIM_BRIDGE: Generating connections (3D)...
[2026-06-13 02:32:55][INFO] SIM_BRIDGE: Simulation data initialized for 1024 neurons (3D). Synapses: 0. GPU memory: 1.7GB/25.8GB (6.5%)
[2026-06-13 02:33:30][INFO] SIM_BRIDGE: CuPy using GPU: NVIDIA GeForce RTX 3090 (24.0 GB), mempool limit: 80%
[2026-06-13 02:33:30][INFO] SIM_BRIDGE: Initializing simulation data for model: IZHIKEVICH (3D)... (playback_init: False)
[2026-06-13 02:33:30][INFO] SIM_BRIDGE: RNG initialized with seed: 42
[2026-06-13 02:33:30][INFO] SIM_BRIDGE: Initializing Izhikevich model specifics for 768 neurons...
[2026-06-13 02:33:30][INFO] SIM_BRIDGE: Applying parameter heterogeneity to neuron parameters...
[2026-06-13 02:33:30][INFO] SIM_BRIDGE: Applied heterogeneity to 4 parameters.
[2026-06-13 02:33:30][INFO] SIM_BRIDGE: Initializing OU process state (tau=15.0ms, sigma=0.0pA)...
[2026-06-13 02:33:30][INFO] SIM_BRIDGE: Generating 3D neuron positions for 768 neurons...
[2026-06-13 02:33:30][INFO] SIM_BRIDGE: Generating connections (3D)...
[2026-06-13 02:33:30][INFO] SIM_BRIDGE: Simulation data initialized for 768 neurons (3D). Synapses: 0. GPU memory: 1.7GB/25.8GB (6.5%)
[2026-06-13 02:36:52][INFO] SIM_BRIDGE: CuPy using GPU: NVIDIA GeForce RTX 3090 (24.0 GB), mempool limit: 80%
[2026-06-13 02:36:52][INFO] SIM_BRIDGE: Initializing simulation data for model: IZHIKEVICH (3D)... (playback_init: False)
[2026-06-13 02:36:52][INFO] SIM_BRIDGE: RNG initialized with seed: 42
[2026-06-13 02:36:52][INFO] SIM_BRIDGE: Initializing Izhikevich model specifics for 512 neurons...
[2026-06-13 02:36:52][INFO] SIM_BRIDGE: Applying parameter heterogeneity to neuron parameters...
[2026-06-13 02:36:52][INFO] SIM_BRIDGE: Applied heterogeneity to 4 parameters.
[2026-06-13 02:36:52][INFO] SIM_BRIDGE: Initializing OU process state (tau=15.0ms, sigma=0.0pA)...
[2026-06-13 02:36:52][INFO] SIM_BRIDGE: Generating 3D neuron positions for 512 neurons...
[2026-06-13 02:36:52][INFO] SIM_BRIDGE: Generating connections (3D)...
[2026-06-13 02:36:52][INFO] SIM_BRIDGE: Simulation data initialized for 512 neurons (3D). Synapses: 0. GPU memory: 1.7GB/25.8GB (6.5%)
[2026-06-13 02:36:53][INFO] SIM_BRIDGE: CuPy using GPU: NVIDIA GeForce RTX 3090 (24.0 GB), mempool limit: 80%
[2026-06-13 02:36:53][INFO] SIM_BRIDGE: Initializing simulation data for model: IZHIKEVICH (3D)... (playback_init: False)
[2026-06-13 02:36:53][INFO] SIM_BRIDGE: RNG initialized with seed: 42
[2026-06-13 02:36:53][INFO] SIM_BRIDGE: Initializing Izhikevich model specifics for 1024 neurons...
[2026-06-13 02:36:53][INFO] SIM_BRIDGE: Applying parameter heterogeneity to neuron parameters...
[2026-06-13 02:36:53][INFO] SIM_BRIDGE: Applied heterogeneity to 4 parameters.
[2026-06-13 02:36:53][INFO] SIM_BRIDGE: Initializing OU process state (tau=15.0ms, sigma=0.0pA)...
[2026-06-13 02:36:53][INFO] SIM_BRIDGE: Generating 3D neuron positions for 1024 neurons...
[2026-06-13 02:36:53][INFO] SIM_BRIDGE: Generating connections (3D)...
[2026-06-13 02:36:53][INFO] SIM_BRIDGE: Simulation data initialized for 1024 neurons (3D). Synapses: 0. GPU memory: 1.7GB/25.8GB (6.5%)
[2026-06-13 02:37:29][INFO] SIM_BRIDGE: CuPy using GPU: NVIDIA GeForce RTX 3090 (24.0 GB), mempool limit: 80%
[2026-06-13 02:37:29][INFO] SIM_BRIDGE: Initializing simulation data for model: IZHIKEVICH (3D)... (playback_init: False)
[2026-06-13 02:37:29][INFO] SIM_BRIDGE: RNG initialized with seed: 42
[2026-06-13 02:37:29][INFO] SIM_BRIDGE: Initializing Izhikevich model specifics for 768 neurons...
[2026-06-13 02:37:29][INFO] SIM_BRIDGE: Applying parameter heterogeneity to neuron parameters...
[2026-06-13 02:37:29][INFO] SIM_BRIDGE: Applied heterogeneity to 4 parameters.
[2026-06-13 02:37:29][INFO] SIM_BRIDGE: Initializing OU process state (tau=15.0ms, sigma=0.0pA)...
[2026-06-13 02:37:29][INFO] SIM_BRIDGE: Generating 3D neuron positions for 768 neurons...
[2026-06-13 02:37:29][INFO] SIM_BRIDGE: Generating connections (3D)...
[2026-06-13 02:37:29][INFO] SIM_BRIDGE: Simulation data initialized for 768 neurons (3D). Synapses: 0. GPU memory: 1.7GB/25.8GB (6.5%)
[2026-06-13 02:40:51][INFO] SIM_BRIDGE: CuPy using GPU: NVIDIA GeForce RTX 3090 (24.0 GB), mempool limit: 80%
[2026-06-13 02:40:51][INFO] SIM_BRIDGE: Initializing simulation data for model: IZHIKEVICH (3D)... (playback_init: False)
[2026-06-13 02:40:51][INFO] SIM_BRIDGE: RNG initialized with seed: 42
[2026-06-13 02:40:51][INFO] SIM_BRIDGE: Initializing Izhikevich model specifics for 512 neurons...
[2026-06-13 02:40:51][INFO] SIM_BRIDGE: Applying parameter heterogeneity to neuron parameters...
[2026-06-13 02:40:51][INFO] SIM_BRIDGE: Applied heterogeneity to 4 parameters.
[2026-06-13 02:40:51][INFO] SIM_BRIDGE: Initializing OU process state (tau=15.0ms, sigma=0.0pA)...
[2026-06-13 02:40:51][INFO] SIM_BRIDGE: Generating 3D neuron positions for 512 neurons...
[2026-06-13 02:40:51][INFO] SIM_BRIDGE: Generating connections (3D)...
[2026-06-13 02:40:51][INFO] SIM_BRIDGE: Simulation data initialized for 512 neurons (3D). Synapses: 0. GPU memory: 1.7GB/25.8GB (6.5%)
[2026-06-13 02:40:52][INFO] SIM_BRIDGE: CuPy using GPU: NVIDIA GeForce RTX 3090 (24.0 GB), mempool limit: 80%
[2026-06-13 02:40:52][INFO] SIM_BRIDGE: Initializing simulation data for model: IZHIKEVICH (3D)... (playback_init: False)
[2026-06-13 02:40:52][INFO] SIM_BRIDGE: RNG initialized with seed: 42
[2026-06-13 02:40:52][INFO] SIM_BRIDGE: Initializing Izhikevich model specifics for 1024 neurons...
[2026-06-13 02:40:52][INFO] SIM_BRIDGE: Applying parameter heterogeneity to neuron parameters...
[2026-06-13 02:40:52][INFO] SIM_BRIDGE: Applied heterogeneity to 4 parameters.
[2026-06-13 02:40:52][INFO] SIM_BRIDGE: Initializing OU process state (tau=15.0ms, sigma=0.0pA)...
[2026-06-13 02:40:52][INFO] SIM_BRIDGE: Generating 3D neuron positions for 1024 neurons...
[2026-06-13 02:40:52][INFO] SIM_BRIDGE: Generating connections (3D)...
[2026-06-13 02:40:52][INFO] SIM_BRIDGE: Simulation data initialized for 1024 neurons (3D). Synapses: 0. GPU memory: 1.7GB/25.8GB (6.5%)
[2026-06-13 02:41:27][INFO] SIM_BRIDGE: CuPy using GPU: NVIDIA GeForce RTX 3090 (24.0 GB), mempool limit: 80%
[2026-06-13 02:41:27][INFO] SIM_BRIDGE: Initializing simulation data for model: IZHIKEVICH (3D)... (playback_init: False)
[2026-06-13 02:41:27][INFO] SIM_BRIDGE: RNG initialized with seed: 42
[2026-06-13 02:41:27][INFO] SIM_BRIDGE: Initializing Izhikevich model specifics for 768 neurons...
[2026-06-13 02:41:27][INFO] SIM_BRIDGE: Applying parameter heterogeneity to neuron parameters...
[2026-06-13 02:41:27][INFO] SIM_BRIDGE: Applied heterogeneity to 4 parameters.
[2026-06-13 02:41:27][INFO] SIM_BRIDGE: Initializing OU process state (tau=15.0ms, sigma=0.0pA)...
[2026-06-13 02:41:27][INFO] SIM_BRIDGE: Generating 3D neuron positions for 768 neurons...
[2026-06-13 02:41:27][INFO] SIM_BRIDGE: Generating connections (3D)...
[2026-06-13 02:41:27][INFO] SIM_BRIDGE: Simulation data initialized for 768 neurons (3D). Synapses: 0. GPU memory: 1.7GB/25.8GB (6.5%)
[2026-06-13 02:44:51][INFO] SIM_BRIDGE: CuPy using GPU: NVIDIA GeForce RTX 3090 (24.0 GB), mempool limit: 80%
[2026-06-13 02:44:51][INFO] SIM_BRIDGE: Initializing simulation data for model: IZHIKEVICH (3D)... (playback_init: False)
[2026-06-13 02:44:51][INFO] SIM_BRIDGE: RNG initialized with seed: 42
[2026-06-13 02:44:51][INFO] SIM_BRIDGE: Initializing Izhikevich model specifics for 512 neurons...
[2026-06-13 02:44:51][INFO] SIM_BRIDGE: Applying parameter heterogeneity to neuron parameters...
[2026-06-13 02:44:51][INFO] SIM_BRIDGE: Applied heterogeneity to 4 parameters.
[2026-06-13 02:44:51][INFO] SIM_BRIDGE: Initializing OU process state (tau=15.0ms, sigma=0.0pA)...
[2026-06-13 02:44:51][INFO] SIM_BRIDGE: Generating 3D neuron positions for 512 neurons...
[2026-06-13 02:44:51][INFO] SIM_BRIDGE: Generating connections (3D)...
[2026-06-13 02:44:51][INFO] SIM_BRIDGE: Simulation data initialized for 512 neurons (3D). Synapses: 0. GPU memory: 1.7GB/25.8GB (6.5%)
[2026-06-13 02:44:51][INFO] SIM_BRIDGE: CuPy using GPU: NVIDIA GeForce RTX 3090 (24.0 GB), mempool limit: 80%
[2026-06-13 02:44:51][INFO] SIM_BRIDGE: Initializing simulation data for model: IZHIKEVICH (3D)... (playback_init: False)
[2026-06-13 02:44:51][INFO] SIM_BRIDGE: RNG initialized with seed: 42
[2026-06-13 02:44:51][INFO] SIM_BRIDGE: Initializing Izhikevich model specifics for 1024 neurons...
[2026-06-13 02:44:51][INFO] SIM_BRIDGE: Applying parameter heterogeneity to neuron parameters...
[2026-06-13 02:44:51][INFO] SIM_BRIDGE: Applied heterogeneity to 4 parameters.
[2026-06-13 02:44:51][INFO] SIM_BRIDGE: Initializing OU process state (tau=15.0ms, sigma=0.0pA)...
[2026-06-13 02:44:51][INFO] SIM_BRIDGE: Generating 3D neuron positions for 1024 neurons...
[2026-06-13 02:44:51][INFO] SIM_BRIDGE: Generating connections (3D)...
[2026-06-13 02:44:51][INFO] SIM_BRIDGE: Simulation data initialized for 1024 neurons (3D). Synapses: 0. GPU memory: 1.7GB/25.8GB (6.5%)
[2026-06-13 02:45:26][INFO] SIM_BRIDGE: CuPy using GPU: NVIDIA GeForce RTX 3090 (24.0 GB), mempool limit: 80%
[2026-06-13 02:45:26][INFO] SIM_BRIDGE: Initializing simulation data for model: IZHIKEVICH (3D)... (playback_init: False)
[2026-06-13 02:45:26][INFO] SIM_BRIDGE: RNG initialized with seed: 42
[2026-06-13 02:45:26][INFO] SIM_BRIDGE: Initializing Izhikevich model specifics for 768 neurons...
[2026-06-13 02:45:26][INFO] SIM_BRIDGE: Applying parameter heterogeneity to neuron parameters...
[2026-06-13 02:45:26][INFO] SIM_BRIDGE: Applied heterogeneity to 4 parameters.
[2026-06-13 02:45:26][INFO] SIM_BRIDGE: Initializing OU process state (tau=15.0ms, sigma=0.0pA)...
[2026-06-13 02:45:26][INFO] SIM_BRIDGE: Generating 3D neuron positions for 768 neurons...
[2026-06-13 02:45:26][INFO] SIM_BRIDGE: Generating connections (3D)...
[2026-06-13 02:45:26][INFO] SIM_BRIDGE: Simulation data initialized for 768 neurons (3D). Synapses: 0. GPU memory: 1.7GB/25.8GB (6.5%)
[2026-06-13 02:48:51][INFO] SIM_BRIDGE: CuPy using GPU: NVIDIA GeForce RTX 3090 (24.0 GB), mempool limit: 80%
[2026-06-13 02:48:51][INFO] SIM_BRIDGE: Initializing simulation data for model: IZHIKEVICH (3D)... (playback_init: False)
[2026-06-13 02:48:51][INFO] SIM_BRIDGE: RNG initialized with seed: 42
[2026-06-13 02:48:51][INFO] SIM_BRIDGE: Initializing Izhikevich model specifics for 512 neurons...
[2026-06-13 02:48:51][INFO] SIM_BRIDGE: Applying parameter heterogeneity to neuron parameters...
[2026-06-13 02:48:51][INFO] SIM_BRIDGE: Applied heterogeneity to 4 parameters.
[2026-06-13 02:48:51][INFO] SIM_BRIDGE: Initializing OU process state (tau=15.0ms, sigma=0.0pA)...
[2026-06-13 02:48:51][INFO] SIM_BRIDGE: Generating 3D neuron positions for 512 neurons...
[2026-06-13 02:48:51][INFO] SIM_BRIDGE: Generating connections (3D)...
[2026-06-13 02:48:51][INFO] SIM_BRIDGE: Simulation data initialized for 512 neurons (3D). Synapses: 0. GPU memory: 1.7GB/25.8GB (6.5%)
[2026-06-13 02:48:52][INFO] SIM_BRIDGE: CuPy using GPU: NVIDIA GeForce RTX 3090 (24.0 GB), mempool limit: 80%
[2026-06-13 02:48:52][INFO] SIM_BRIDGE: Initializing simulation data for model: IZHIKEVICH (3D)... (playback_init: False)
[2026-06-13 02:48:52][INFO] SIM_BRIDGE: RNG initialized with seed: 42
[2026-06-13 02:48:52][INFO] SIM_BRIDGE: Initializing Izhikevich model specifics for 1024 neurons...
[2026-06-13 02:48:52][INFO] SIM_BRIDGE: Applying parameter heterogeneity to neuron parameters...
[2026-06-13 02:48:52][INFO] SIM_BRIDGE: Applied heterogeneity to 4 parameters.
[2026-06-13 02:48:52][INFO] SIM_BRIDGE: Initializing OU process state (tau=15.0ms, sigma=0.0pA)...
[2026-06-13 02:48:52][INFO] SIM_BRIDGE: Generating 3D neuron positions for 1024 neurons...
[2026-06-13 02:48:52][INFO] SIM_BRIDGE: Generating connections (3D)...
[2026-06-13 02:48:52][INFO] SIM_BRIDGE: Simulation data initialized for 1024 neurons (3D). Synapses: 0. GPU memory: 1.7GB/25.8GB (6.5%)
[2026-06-13 02:49:28][INFO] SIM_BRIDGE: CuPy using GPU: NVIDIA GeForce RTX 3090 (24.0 GB), mempool limit: 80%
[2026-06-13 02:49:28][INFO] SIM_BRIDGE: Initializing simulation data for model: IZHIKEVICH (3D)... (playback_init: False)
[2026-06-13 02:49:28][INFO] SIM_BRIDGE: RNG initialized with seed: 42
[2026-06-13 02:49:28][INFO] SIM_BRIDGE: Initializing Izhikevich model specifics for 768 neurons...
[2026-06-13 02:49:28][INFO] SIM_BRIDGE: Applying parameter heterogeneity to neuron parameters...
[2026-06-13 02:49:28][INFO] SIM_BRIDGE: Applied heterogeneity to 4 parameters.
[2026-06-13 02:49:28][INFO] SIM_BRIDGE: Initializing OU process state (tau=15.0ms, sigma=0.0pA)...
[2026-06-13 02:49:28][INFO] SIM_BRIDGE: Generating 3D neuron positions for 768 neurons...
[2026-06-13 02:49:28][INFO] SIM_BRIDGE: Generating connections (3D)...
[2026-06-13 02:49:28][INFO] SIM_BRIDGE: Simulation data initialized for 768 neurons (3D). Synapses: 0. GPU memory: 1.7GB/25.8GB (6.5%)
[2026-06-13 02:52:50][INFO] SIM_BRIDGE: CuPy using GPU: NVIDIA GeForce RTX 3090 (24.0 GB), mempool limit: 80%
[2026-06-13 02:52:50][INFO] SIM_BRIDGE: Initializing simulation data for model: IZHIKEVICH (3D)... (playback_init: False)
[2026-06-13 02:52:50][INFO] SIM_BRIDGE: RNG initialized with seed: 42
[2026-06-13 02:52:50][INFO] SIM_BRIDGE: Initializing Izhikevich model specifics for 512 neurons...
[2026-06-13 02:52:50][INFO] SIM_BRIDGE: Applying parameter heterogeneity to neuron parameters...
[2026-06-13 02:52:50][INFO] SIM_BRIDGE: Applied heterogeneity to 4 parameters.
[2026-06-13 02:52:50][INFO] SIM_BRIDGE: Initializing OU process state (tau=15.0ms, sigma=0.0pA)...
[2026-06-13 02:52:50][INFO] SIM_BRIDGE: Generating 3D neuron positions for 512 neurons...
[2026-06-13 02:52:50][INFO] SIM_BRIDGE: Generating connections (3D)...
[2026-06-13 02:52:50][INFO] SIM_BRIDGE: Simulation data initialized for 512 neurons (3D). Synapses: 0. GPU memory: 1.7GB/25.8GB (6.5%)
[2026-06-13 02:52:51][INFO] SIM_BRIDGE: CuPy using GPU: NVIDIA GeForce RTX 3090 (24.0 GB), mempool limit: 80%
[2026-06-13 02:52:51][INFO] SIM_BRIDGE: Initializing simulation data for model: IZHIKEVICH (3D)... (playback_init: False)
[2026-06-13 02:52:51][INFO] SIM_BRIDGE: RNG initialized with seed: 42
[2026-06-13 02:52:51][INFO] SIM_BRIDGE: Initializing Izhikevich model specifics for 1024 neurons...
[2026-06-13 02:52:51][INFO] SIM_BRIDGE: Applying parameter heterogeneity to neuron parameters...
[2026-06-13 02:52:51][INFO] SIM_BRIDGE: Applied heterogeneity to 4 parameters.
[2026-06-13 02:52:51][INFO] SIM_BRIDGE: Initializing OU process state (tau=15.0ms, sigma=0.0pA)...
[2026-06-13 02:52:51][INFO] SIM_BRIDGE: Generating 3D neuron positions for 1024 neurons...
[2026-06-13 02:52:51][INFO] SIM_BRIDGE: Generating connections (3D)...
[2026-06-13 02:52:51][INFO] SIM_BRIDGE: Simulation data initialized for 1024 neurons (3D). Synapses: 0. GPU memory: 1.7GB/25.8GB (6.5%)
[2026-06-13 02:53:26][INFO] SIM_BRIDGE: CuPy using GPU: NVIDIA GeForce RTX 3090 (24.0 GB), mempool limit: 80%
[2026-06-13 02:53:26][INFO] SIM_BRIDGE: Initializing simulation data for model: IZHIKEVICH (3D)... (playback_init: False)
[2026-06-13 02:53:26][INFO] SIM_BRIDGE: RNG initialized with seed: 42
[2026-06-13 02:53:26][INFO] SIM_BRIDGE: Initializing Izhikevich model specifics for 768 neurons...
[2026-06-13 02:53:26][INFO] SIM_BRIDGE: Applying parameter heterogeneity to neuron parameters...
[2026-06-13 02:53:26][INFO] SIM_BRIDGE: Applied heterogeneity to 4 parameters.
[2026-06-13 02:53:26][INFO] SIM_BRIDGE: Initializing OU process state (tau=15.0ms, sigma=0.0pA)...
[2026-06-13 02:53:26][INFO] SIM_BRIDGE: Generating 3D neuron positions for 768 neurons...
[2026-06-13 02:53:26][INFO] SIM_BRIDGE: Generating connections (3D)...
[2026-06-13 02:53:26][INFO] SIM_BRIDGE: Simulation data initialized for 768 neurons (3D). Synapses: 0. GPU memory: 1.7GB/25.8GB (6.5%)
[2026-06-13 02:56:50][INFO] SIM_BRIDGE: CuPy using GPU: NVIDIA GeForce RTX 3090 (24.0 GB), mempool limit: 80%
[2026-06-13 02:56:50][INFO] SIM_BRIDGE: Initializing simulation data for model: IZHIKEVICH (3D)... (playback_init: False)
[2026-06-13 02:56:50][INFO] SIM_BRIDGE: RNG initialized with seed: 42
[2026-06-13 02:56:50][INFO] SIM_BRIDGE: Initializing Izhikevich model specifics for 512 neurons...
[2026-06-13 02:56:50][INFO] SIM_BRIDGE: Applying parameter heterogeneity to neuron parameters...
[2026-06-13 02:56:50][INFO] SIM_BRIDGE: Applied heterogeneity to 4 parameters.
[2026-06-13 02:56:50][INFO] SIM_BRIDGE: Initializing OU process state (tau=15.0ms, sigma=0.0pA)...
[2026-06-13 02:56:50][INFO] SIM_BRIDGE: Generating 3D neuron positions for 512 neurons...
[2026-06-13 02:56:50][INFO] SIM_BRIDGE: Generating connections (3D)...
[2026-06-13 02:56:50][INFO] SIM_BRIDGE: Simulation data initialized for 512 neurons (3D). Synapses: 0. GPU memory: 1.7GB/25.8GB (6.5%)
[2026-06-13 02:56:50][INFO] SIM_BRIDGE: CuPy using GPU: NVIDIA GeForce RTX 3090 (24.0 GB), mempool limit: 80%
[2026-06-13 02:56:50][INFO] SIM_BRIDGE: Initializing simulation data for model: IZHIKEVICH (3D)... (playback_init: False)
[2026-06-13 02:56:50][INFO] SIM_BRIDGE: RNG initialized with seed: 42
[2026-06-13 02:56:50][INFO] SIM_BRIDGE: Initializing Izhikevich model specifics for 1024 neurons...
[2026-06-13 02:56:50][INFO] SIM_BRIDGE: Applying parameter heterogeneity to neuron parameters...
[2026-06-13 02:56:50][INFO] SIM_BRIDGE: Applied heterogeneity to 4 parameters.
[2026-06-13 02:56:50][INFO] SIM_BRIDGE: Initializing OU process state (tau=15.0ms, sigma=0.0pA)...
[2026-06-13 02:56:50][INFO] SIM_BRIDGE: Generating 3D neuron positions for 1024 neurons...
[2026-06-13 02:56:50][INFO] SIM_BRIDGE: Generating connections (3D)...
[2026-06-13 02:56:50][INFO] SIM_BRIDGE: Simulation data initialized for 1024 neurons (3D). Synapses: 0. GPU memory: 1.7GB/25.8GB (6.5%)
[2026-06-13 02:57:25][INFO] SIM_BRIDGE: CuPy using GPU: NVIDIA GeForce RTX 3090 (24.0 GB), mempool limit: 80%
[2026-06-13 02:57:25][INFO] SIM_BRIDGE: Initializing simulation data for model: IZHIKEVICH (3D)... (playback_init: False)
[2026-06-13 02:57:25][INFO] SIM_BRIDGE: RNG initialized with seed: 42
[2026-06-13 02:57:25][INFO] SIM_BRIDGE: Initializing Izhikevich model specifics for 768 neurons...
[2026-06-13 02:57:25][INFO] SIM_BRIDGE: Applying parameter heterogeneity to neuron parameters...
[2026-06-13 02:57:25][INFO] SIM_BRIDGE: Applied heterogeneity to 4 parameters.
[2026-06-13 02:57:25][INFO] SIM_BRIDGE: Initializing OU process state (tau=15.0ms, sigma=0.0pA)...
[2026-06-13 02:57:25][INFO] SIM_BRIDGE: Generating 3D neuron positions for 768 neurons...
[2026-06-13 02:57:25][INFO] SIM_BRIDGE: Generating connections (3D)...
[2026-06-13 02:57:25][INFO] SIM_BRIDGE: Simulation data initialized for 768 neurons (3D). Synapses: 0. GPU memory: 1.7GB/25.8GB (6.5%)
[2026-06-13 03:00:49][INFO] SIM_BRIDGE: CuPy using GPU: NVIDIA GeForce RTX 3090 (24.0 GB), mempool limit: 80%
[2026-06-13 03:00:49][INFO] SIM_BRIDGE: Initializing simulation data for model: IZHIKEVICH (3D)... (playback_init: False)
[2026-06-13 03:00:49][INFO] SIM_BRIDGE: RNG initialized with seed: 42
[2026-06-13 03:00:49][INFO] SIM_BRIDGE: Initializing Izhikevich model specifics for 512 neurons...
[2026-06-13 03:00:49][INFO] SIM_BRIDGE: Applying parameter heterogeneity to neuron parameters...
[2026-06-13 03:00:49][INFO] SIM_BRIDGE: Applied heterogeneity to 4 parameters.
[2026-06-13 03:00:49][INFO] SIM_BRIDGE: Initializing OU process state (tau=15.0ms, sigma=0.0pA)...
[2026-06-13 03:00:49][INFO] SIM_BRIDGE: Generating 3D neuron positions for 512 neurons...
[2026-06-13 03:00:49][INFO] SIM_BRIDGE: Generating connections (3D)...
[2026-06-13 03:00:49][INFO] SIM_BRIDGE: Simulation data initialized for 512 neurons (3D). Synapses: 0. GPU memory: 1.7GB/25.8GB (6.5%)
[2026-06-13 03:00:49][INFO] SIM_BRIDGE: CuPy using GPU: NVIDIA GeForce RTX 3090 (24.0 GB), mempool limit: 80%
[2026-06-13 03:00:49][INFO] SIM_BRIDGE: Initializing simulation data for model: IZHIKEVICH (3D)... (playback_init: False)
[2026-06-13 03:00:49][INFO] SIM_BRIDGE: RNG initialized with seed: 42
[2026-06-13 03:00:49][INFO] SIM_BRIDGE: Initializing Izhikevich model specifics for 1024 neurons...
[2026-06-13 03:00:49][INFO] SIM_BRIDGE: Applying parameter heterogeneity to neuron parameters...
[2026-06-13 03:00:49][INFO] SIM_BRIDGE: Applied heterogeneity to 4 parameters.
[2026-06-13 03:00:49][INFO] SIM_BRIDGE: Initializing OU process state (tau=15.0ms, sigma=0.0pA)...
[2026-06-13 03:00:49][INFO] SIM_BRIDGE: Generating 3D neuron positions for 1024 neurons...
[2026-06-13 03:00:49][INFO] SIM_BRIDGE: Generating connections (3D)...
[2026-06-13 03:00:49][INFO] SIM_BRIDGE: Simulation data initialized for 1024 neurons (3D). Synapses: 0. GPU memory: 1.7GB/25.8GB (6.5%)
[2026-06-13 03:01:10][INFO] SIM_BRIDGE: CuPy using GPU: NVIDIA GeForce RTX 3090 (24.0 GB), mempool limit: 80%
[2026-06-13 03:01:10][INFO] SIM_BRIDGE: Initializing simulation data for model: IZHIKEVICH (3D)... (playback_init: False)
[2026-06-13 03:01:10][INFO] SIM_BRIDGE: RNG initialized with seed: 42
[2026-06-13 03:01:10][INFO] SIM_BRIDGE: Initializing Izhikevich model specifics for 768 neurons...
[2026-06-13 03:01:10][INFO] SIM_BRIDGE: Applying parameter heterogeneity to neuron parameters...
[2026-06-13 03:01:10][INFO] SIM_BRIDGE: Applied heterogeneity to 4 parameters.
[2026-06-13 03:01:10][INFO] SIM_BRIDGE: Initializing OU process state (tau=15.0ms, sigma=0.0pA)...
[2026-06-13 03:01:10][INFO] SIM_BRIDGE: Generating 3D neuron positions for 768 neurons...
[2026-06-13 03:01:10][INFO] SIM_BRIDGE: Generating connections (3D)...
[2026-06-13 03:01:10][INFO] SIM_BRIDGE: Simulation data initialized for 768 neurons (3D). Synapses: 0. GPU memory: 1.7GB/25.8GB (6.5%)
    [  weather] B1 gen acc=1.000 (chance=0.250, 4.0x)  B2 fa=0 abstains_all=True  | C1 perm B1=0.156 collapses=True
    C4 random-shard: B1=0.156 collapses=True (n=64)

  ------------------------------------------------------------------------------------------------
  ROUTE A -- GATE X: cross-bridge IDENTITY (V-tag) + X-pb (per-bridge dispatch)
  ------------------------------------------------------------------------------------------------
    [authored 12 cross-bridge facts] e.g. [('tools.c3_m0', 'clothes.c1_m0'), ('weather.c0_m4', 'plants.c6_m4'), ('foods.c2_m4', 'vehicles.c1_m6')]
[2026-06-13 03:08:01][INFO] SIM_BRIDGE: CuPy using GPU: NVIDIA GeForce RTX 3090 (24.0 GB), mempool limit: 80%
[2026-06-13 03:08:01][INFO] SIM_BRIDGE: Initializing simulation data for model: IZHIKEVICH (3D)... (playback_init: False)
[2026-06-13 03:08:01][INFO] SIM_BRIDGE: RNG initialized with seed: 42
[2026-06-13 03:08:01][INFO] SIM_BRIDGE: Initializing Izhikevich model specifics for 512 neurons...
[2026-06-13 03:08:01][INFO] SIM_BRIDGE: Applying parameter heterogeneity to neuron parameters...
[2026-06-13 03:08:01][INFO] SIM_BRIDGE: Applied heterogeneity to 4 parameters.
[2026-06-13 03:08:01][INFO] SIM_BRIDGE: Initializing OU process state (tau=15.0ms, sigma=0.0pA)...
[2026-06-13 03:08:01][INFO] SIM_BRIDGE: Generating 3D neuron positions for 512 neurons...
[2026-06-13 03:08:01][INFO] SIM_BRIDGE: Generating connections (3D)...
[2026-06-13 03:08:01][INFO] SIM_BRIDGE: Simulation data initialized for 512 neurons (3D). Synapses: 0. GPU memory: 1.7GB/25.8GB (6.5%)
[2026-06-13 03:08:02][INFO] SIM_BRIDGE: CuPy using GPU: NVIDIA GeForce RTX 3090 (24.0 GB), mempool limit: 80%
[2026-06-13 03:08:02][INFO] SIM_BRIDGE: Initializing simulation data for model: IZHIKEVICH (3D)... (playback_init: False)
[2026-06-13 03:08:02][INFO] SIM_BRIDGE: RNG initialized with seed: 42
[2026-06-13 03:08:02][INFO] SIM_BRIDGE: Initializing Izhikevich model specifics for 1024 neurons...
[2026-06-13 03:08:02][INFO] SIM_BRIDGE: Applying parameter heterogeneity to neuron parameters...
[2026-06-13 03:08:02][INFO] SIM_BRIDGE: Applied heterogeneity to 4 parameters.
[2026-06-13 03:08:02][INFO] SIM_BRIDGE: Initializing OU process state (tau=15.0ms, sigma=0.0pA)...
[2026-06-13 03:08:02][INFO] SIM_BRIDGE: Generating 3D neuron positions for 1024 neurons...
[2026-06-13 03:08:02][INFO] SIM_BRIDGE: Generating connections (3D)...
[2026-06-13 03:08:02][INFO] SIM_BRIDGE: Simulation data initialized for 1024 neurons (3D). Synapses: 0. GPU memory: 1.7GB/25.8GB (6.5%)
[2026-06-13 03:08:02][INFO] SIM_BRIDGE: CuPy using GPU: NVIDIA GeForce RTX 3090 (24.0 GB), mempool limit: 80%
[2026-06-13 03:08:02][INFO] SIM_BRIDGE: Initializing simulation data for model: IZHIKEVICH (3D)... (playback_init: False)
[2026-06-13 03:08:02][INFO] SIM_BRIDGE: RNG initialized with seed: 42
[2026-06-13 03:08:02][INFO] SIM_BRIDGE: Initializing Izhikevich model specifics for 512 neurons...
[2026-06-13 03:08:02][INFO] SIM_BRIDGE: Applying parameter heterogeneity to neuron parameters...
[2026-06-13 03:08:02][INFO] SIM_BRIDGE: Applied heterogeneity to 4 parameters.
[2026-06-13 03:08:02][INFO] SIM_BRIDGE: Initializing OU process state (tau=15.0ms, sigma=0.0pA)...
[2026-06-13 03:08:02][INFO] SIM_BRIDGE: Generating 3D neuron positions for 512 neurons...
[2026-06-13 03:08:02][INFO] SIM_BRIDGE: Generating connections (3D)...
[2026-06-13 03:08:02][INFO] SIM_BRIDGE: Simulation data initialized for 512 neurons (3D). Synapses: 0. GPU memory: 1.7GB/25.8GB (6.5%)
[2026-06-13 03:08:02][INFO] SIM_BRIDGE: CuPy using GPU: NVIDIA GeForce RTX 3090 (24.0 GB), mempool limit: 80%
[2026-06-13 03:08:02][INFO] SIM_BRIDGE: Initializing simulation data for model: IZHIKEVICH (3D)... (playback_init: False)
[2026-06-13 03:08:02][INFO] SIM_BRIDGE: RNG initialized with seed: 42
[2026-06-13 03:08:02][INFO] SIM_BRIDGE: Initializing Izhikevich model specifics for 1024 neurons...
[2026-06-13 03:08:02][INFO] SIM_BRIDGE: Applying parameter heterogeneity to neuron parameters...
[2026-06-13 03:08:02][INFO] SIM_BRIDGE: Applied heterogeneity to 4 parameters.
[2026-06-13 03:08:02][INFO] SIM_BRIDGE: Initializing OU process state (tau=15.0ms, sigma=0.0pA)...
[2026-06-13 03:08:02][INFO] SIM_BRIDGE: Generating 3D neuron positions for 1024 neurons...
[2026-06-13 03:08:02][INFO] SIM_BRIDGE: Generating connections (3D)...
[2026-06-13 03:08:02][INFO] SIM_BRIDGE: Simulation data initialized for 1024 neurons (3D). Synapses: 0. GPU memory: 1.7GB/25.8GB (6.5%)
[2026-06-13 03:08:02][INFO] SIM_BRIDGE: CuPy using GPU: NVIDIA GeForce RTX 3090 (24.0 GB), mempool limit: 80%
[2026-06-13 03:08:02][INFO] SIM_BRIDGE: Initializing simulation data for model: IZHIKEVICH (3D)... (playback_init: False)
[2026-06-13 03:08:02][INFO] SIM_BRIDGE: RNG initialized with seed: 42
[2026-06-13 03:08:02][INFO] SIM_BRIDGE: Initializing Izhikevich model specifics for 512 neurons...
[2026-06-13 03:08:02][INFO] SIM_BRIDGE: Applying parameter heterogeneity to neuron parameters...
[2026-06-13 03:08:02][INFO] SIM_BRIDGE: Applied heterogeneity to 4 parameters.
[2026-06-13 03:08:02][INFO] SIM_BRIDGE: Initializing OU process state (tau=15.0ms, sigma=0.0pA)...
[2026-06-13 03:08:02][INFO] SIM_BRIDGE: Generating 3D neuron positions for 512 neurons...
[2026-06-13 03:08:02][INFO] SIM_BRIDGE: Generating connections (3D)...
[2026-06-13 03:08:02][INFO] SIM_BRIDGE: Simulation data initialized for 512 neurons (3D). Synapses: 0. GPU memory: 1.7GB/25.8GB (6.5%)
[2026-06-13 03:08:03][INFO] SIM_BRIDGE: CuPy using GPU: NVIDIA GeForce RTX 3090 (24.0 GB), mempool limit: 80%
[2026-06-13 03:08:03][INFO] SIM_BRIDGE: Initializing simulation data for model: IZHIKEVICH (3D)... (playback_init: False)
[2026-06-13 03:08:03][INFO] SIM_BRIDGE: RNG initialized with seed: 42
[2026-06-13 03:08:03][INFO] SIM_BRIDGE: Initializing Izhikevich model specifics for 1024 neurons...
[2026-06-13 03:08:03][INFO] SIM_BRIDGE: Applying parameter heterogeneity to neuron parameters...
[2026-06-13 03:08:03][INFO] SIM_BRIDGE: Applied heterogeneity to 4 parameters.
[2026-06-13 03:08:03][INFO] SIM_BRIDGE: Initializing OU process state (tau=15.0ms, sigma=0.0pA)...
[2026-06-13 03:08:03][INFO] SIM_BRIDGE: Generating 3D neuron positions for 1024 neurons...
[2026-06-13 03:08:03][INFO] SIM_BRIDGE: Generating connections (3D)...
[2026-06-13 03:08:03][INFO] SIM_BRIDGE: Simulation data initialized for 1024 neurons (3D). Synapses: 0. GPU memory: 1.7GB/25.8GB (6.5%)
[2026-06-13 03:08:03][INFO] SIM_BRIDGE: CuPy using GPU: NVIDIA GeForce RTX 3090 (24.0 GB), mempool limit: 80%
[2026-06-13 03:08:03][INFO] SIM_BRIDGE: Initializing simulation data for model: IZHIKEVICH (3D)... (playback_init: False)
[2026-06-13 03:08:03][INFO] SIM_BRIDGE: RNG initialized with seed: 42
[2026-06-13 03:08:03][INFO] SIM_BRIDGE: Initializing Izhikevich model specifics for 512 neurons...
[2026-06-13 03:08:03][INFO] SIM_BRIDGE: Applying parameter heterogeneity to neuron parameters...
[2026-06-13 03:08:03][INFO] SIM_BRIDGE: Applied heterogeneity to 4 parameters.
[2026-06-13 03:08:03][INFO] SIM_BRIDGE: Initializing OU process state (tau=15.0ms, sigma=0.0pA)...
[2026-06-13 03:08:03][INFO] SIM_BRIDGE: Generating 3D neuron positions for 512 neurons...
[2026-06-13 03:08:03][INFO] SIM_BRIDGE: Generating connections (3D)...
[2026-06-13 03:08:03][INFO] SIM_BRIDGE: Simulation data initialized for 512 neurons (3D). Synapses: 0. GPU memory: 1.7GB/25.8GB (6.5%)
[2026-06-13 03:08:04][INFO] SIM_BRIDGE: CuPy using GPU: NVIDIA GeForce RTX 3090 (24.0 GB), mempool limit: 80%
[2026-06-13 03:08:04][INFO] SIM_BRIDGE: Initializing simulation data for model: IZHIKEVICH (3D)... (playback_init: False)
[2026-06-13 03:08:04][INFO] SIM_BRIDGE: RNG initialized with seed: 42
[2026-06-13 03:08:04][INFO] SIM_BRIDGE: Initializing Izhikevich model specifics for 1024 neurons...
[2026-06-13 03:08:04][INFO] SIM_BRIDGE: Applying parameter heterogeneity to neuron parameters...
[2026-06-13 03:08:04][INFO] SIM_BRIDGE: Applied heterogeneity to 4 parameters.
[2026-06-13 03:08:04][INFO] SIM_BRIDGE: Initializing OU process state (tau=15.0ms, sigma=0.0pA)...
[2026-06-13 03:08:04][INFO] SIM_BRIDGE: Generating 3D neuron positions for 1024 neurons...
[2026-06-13 03:08:04][INFO] SIM_BRIDGE: Generating connections (3D)...
[2026-06-13 03:08:04][INFO] SIM_BRIDGE: Simulation data initialized for 1024 neurons (3D). Synapses: 0. GPU memory: 1.7GB/25.8GB (6.5%)
[2026-06-13 03:08:04][INFO] SIM_BRIDGE: CuPy using GPU: NVIDIA GeForce RTX 3090 (24.0 GB), mempool limit: 80%
[2026-06-13 03:08:04][INFO] SIM_BRIDGE: Initializing simulation data for model: IZHIKEVICH (3D)... (playback_init: False)
[2026-06-13 03:08:04][INFO] SIM_BRIDGE: RNG initialized with seed: 42
[2026-06-13 03:08:04][INFO] SIM_BRIDGE: Initializing Izhikevich model specifics for 512 neurons...
[2026-06-13 03:08:04][INFO] SIM_BRIDGE: Applying parameter heterogeneity to neuron parameters...
[2026-06-13 03:08:04][INFO] SIM_BRIDGE: Applied heterogeneity to 4 parameters.
[2026-06-13 03:08:04][INFO] SIM_BRIDGE: Initializing OU process state (tau=15.0ms, sigma=0.0pA)...
[2026-06-13 03:08:04][INFO] SIM_BRIDGE: Generating 3D neuron positions for 512 neurons...
[2026-06-13 03:08:04][INFO] SIM_BRIDGE: Generating connections (3D)...
[2026-06-13 03:08:04][INFO] SIM_BRIDGE: Simulation data initialized for 512 neurons (3D). Synapses: 0. GPU memory: 1.7GB/25.8GB (6.5%)
[2026-06-13 03:08:04][INFO] SIM_BRIDGE: CuPy using GPU: NVIDIA GeForce RTX 3090 (24.0 GB), mempool limit: 80%
[2026-06-13 03:08:04][INFO] SIM_BRIDGE: Initializing simulation data for model: IZHIKEVICH (3D)... (playback_init: False)
[2026-06-13 03:08:04][INFO] SIM_BRIDGE: RNG initialized with seed: 42
[2026-06-13 03:08:04][INFO] SIM_BRIDGE: Initializing Izhikevich model specifics for 1024 neurons...
[2026-06-13 03:08:04][INFO] SIM_BRIDGE: Applying parameter heterogeneity to neuron parameters...
[2026-06-13 03:08:04][INFO] SIM_BRIDGE: Applied heterogeneity to 4 parameters.
[2026-06-13 03:08:04][INFO] SIM_BRIDGE: Initializing OU process state (tau=15.0ms, sigma=0.0pA)...
[2026-06-13 03:08:04][INFO] SIM_BRIDGE: Generating 3D neuron positions for 1024 neurons...
[2026-06-13 03:08:04][INFO] SIM_BRIDGE: Generating connections (3D)...
[2026-06-13 03:08:04][INFO] SIM_BRIDGE: Simulation data initialized for 1024 neurons (3D). Synapses: 0. GPU memory: 1.7GB/25.8GB (6.5%)
[2026-06-13 03:08:04][INFO] SIM_BRIDGE: CuPy using GPU: NVIDIA GeForce RTX 3090 (24.0 GB), mempool limit: 80%
[2026-06-13 03:08:04][INFO] SIM_BRIDGE: Initializing simulation data for model: IZHIKEVICH (3D)... (playback_init: False)
[2026-06-13 03:08:04][INFO] SIM_BRIDGE: RNG initialized with seed: 42
[2026-06-13 03:08:04][INFO] SIM_BRIDGE: Initializing Izhikevich model specifics for 512 neurons...
[2026-06-13 03:08:04][INFO] SIM_BRIDGE: Applying parameter heterogeneity to neuron parameters...
[2026-06-13 03:08:04][INFO] SIM_BRIDGE: Applied heterogeneity to 4 parameters.
[2026-06-13 03:08:04][INFO] SIM_BRIDGE: Initializing OU process state (tau=15.0ms, sigma=0.0pA)...
[2026-06-13 03:08:04][INFO] SIM_BRIDGE: Generating 3D neuron positions for 512 neurons...
[2026-06-13 03:08:04][INFO] SIM_BRIDGE: Generating connections (3D)...
[2026-06-13 03:08:04][INFO] SIM_BRIDGE: Simulation data initialized for 512 neurons (3D). Synapses: 0. GPU memory: 1.7GB/25.8GB (6.5%)
[2026-06-13 03:08:05][INFO] SIM_BRIDGE: CuPy using GPU: NVIDIA GeForce RTX 3090 (24.0 GB), mempool limit: 80%
[2026-06-13 03:08:05][INFO] SIM_BRIDGE: Initializing simulation data for model: IZHIKEVICH (3D)... (playback_init: False)
[2026-06-13 03:08:05][INFO] SIM_BRIDGE: RNG initialized with seed: 42
[2026-06-13 03:08:05][INFO] SIM_BRIDGE: Initializing Izhikevich model specifics for 1024 neurons...
[2026-06-13 03:08:05][INFO] SIM_BRIDGE: Applying parameter heterogeneity to neuron parameters...
[2026-06-13 03:08:05][INFO] SIM_BRIDGE: Applied heterogeneity to 4 parameters.
[2026-06-13 03:08:05][INFO] SIM_BRIDGE: Initializing OU process state (tau=15.0ms, sigma=0.0pA)...
[2026-06-13 03:08:05][INFO] SIM_BRIDGE: Generating 3D neuron positions for 1024 neurons...
[2026-06-13 03:08:05][INFO] SIM_BRIDGE: Generating connections (3D)...
[2026-06-13 03:08:05][INFO] SIM_BRIDGE: Simulation data initialized for 1024 neurons (3D). Synapses: 0. GPU memory: 1.7GB/25.8GB (6.5%)
[2026-06-13 03:08:05][INFO] SIM_BRIDGE: CuPy using GPU: NVIDIA GeForce RTX 3090 (24.0 GB), mempool limit: 80%
[2026-06-13 03:08:05][INFO] SIM_BRIDGE: Initializing simulation data for model: IZHIKEVICH (3D)... (playback_init: False)
[2026-06-13 03:08:05][INFO] SIM_BRIDGE: RNG initialized with seed: 42
[2026-06-13 03:08:05][INFO] SIM_BRIDGE: Initializing Izhikevich model specifics for 512 neurons...
[2026-06-13 03:08:05][INFO] SIM_BRIDGE: Applying parameter heterogeneity to neuron parameters...
[2026-06-13 03:08:05][INFO] SIM_BRIDGE: Applied heterogeneity to 4 parameters.
[2026-06-13 03:08:05][INFO] SIM_BRIDGE: Initializing OU process state (tau=15.0ms, sigma=0.0pA)...
[2026-06-13 03:08:05][INFO] SIM_BRIDGE: Generating 3D neuron positions for 512 neurons...
[2026-06-13 03:08:05][INFO] SIM_BRIDGE: Generating connections (3D)...
[2026-06-13 03:08:05][INFO] SIM_BRIDGE: Simulation data initialized for 512 neurons (3D). Synapses: 0. GPU memory: 1.7GB/25.8GB (6.5%)
[2026-06-13 03:08:06][INFO] SIM_BRIDGE: CuPy using GPU: NVIDIA GeForce RTX 3090 (24.0 GB), mempool limit: 80%
[2026-06-13 03:08:06][INFO] SIM_BRIDGE: Initializing simulation data for model: IZHIKEVICH (3D)... (playback_init: False)
[2026-06-13 03:08:06][INFO] SIM_BRIDGE: RNG initialized with seed: 42
[2026-06-13 03:08:06][INFO] SIM_BRIDGE: Initializing Izhikevich model specifics for 1024 neurons...
[2026-06-13 03:08:06][INFO] SIM_BRIDGE: Applying parameter heterogeneity to neuron parameters...
[2026-06-13 03:08:06][INFO] SIM_BRIDGE: Applied heterogeneity to 4 parameters.
[2026-06-13 03:08:06][INFO] SIM_BRIDGE: Initializing OU process state (tau=15.0ms, sigma=0.0pA)...
[2026-06-13 03:08:06][INFO] SIM_BRIDGE: Generating 3D neuron positions for 1024 neurons...
[2026-06-13 03:08:06][INFO] SIM_BRIDGE: Generating connections (3D)...
[2026-06-13 03:08:06][INFO] SIM_BRIDGE: Simulation data initialized for 1024 neurons (3D). Synapses: 0. GPU memory: 1.7GB/25.8GB (6.5%)
[2026-06-13 03:08:06][INFO] SIM_BRIDGE: CuPy using GPU: NVIDIA GeForce RTX 3090 (24.0 GB), mempool limit: 80%
[2026-06-13 03:08:06][INFO] SIM_BRIDGE: Initializing simulation data for model: IZHIKEVICH (3D)... (playback_init: False)
[2026-06-13 03:08:06][INFO] SIM_BRIDGE: RNG initialized with seed: 42
[2026-06-13 03:08:06][INFO] SIM_BRIDGE: Initializing Izhikevich model specifics for 512 neurons...
[2026-06-13 03:08:06][INFO] SIM_BRIDGE: Applying parameter heterogeneity to neuron parameters...
[2026-06-13 03:08:06][INFO] SIM_BRIDGE: Applied heterogeneity to 4 parameters.
[2026-06-13 03:08:06][INFO] SIM_BRIDGE: Initializing OU process state (tau=15.0ms, sigma=0.0pA)...
[2026-06-13 03:08:06][INFO] SIM_BRIDGE: Generating 3D neuron positions for 512 neurons...
[2026-06-13 03:08:06][INFO] SIM_BRIDGE: Generating connections (3D)...
[2026-06-13 03:08:06][INFO] SIM_BRIDGE: Simulation data initialized for 512 neurons (3D). Synapses: 0. GPU memory: 1.7GB/25.8GB (6.5%)
[2026-06-13 03:08:06][INFO] SIM_BRIDGE: CuPy using GPU: NVIDIA GeForce RTX 3090 (24.0 GB), mempool limit: 80%
[2026-06-13 03:08:06][INFO] SIM_BRIDGE: Initializing simulation data for model: IZHIKEVICH (3D)... (playback_init: False)
[2026-06-13 03:08:06][INFO] SIM_BRIDGE: RNG initialized with seed: 42
[2026-06-13 03:08:06][INFO] SIM_BRIDGE: Initializing Izhikevich model specifics for 1024 neurons...
[2026-06-13 03:08:06][INFO] SIM_BRIDGE: Applying parameter heterogeneity to neuron parameters...
[2026-06-13 03:08:06][INFO] SIM_BRIDGE: Applied heterogeneity to 4 parameters.
[2026-06-13 03:08:06][INFO] SIM_BRIDGE: Initializing OU process state (tau=15.0ms, sigma=0.0pA)...
[2026-06-13 03:08:06][INFO] SIM_BRIDGE: Generating 3D neuron positions for 1024 neurons...
[2026-06-13 03:08:06][INFO] SIM_BRIDGE: Generating connections (3D)...
[2026-06-13 03:08:06][INFO] SIM_BRIDGE: Simulation data initialized for 1024 neurons (3D). Synapses: 0. GPU memory: 1.7GB/25.8GB (6.5%)
[2026-06-13 03:08:07][INFO] SIM_BRIDGE: CuPy using GPU: NVIDIA GeForce RTX 3090 (24.0 GB), mempool limit: 80%
[2026-06-13 03:08:07][INFO] SIM_BRIDGE: Initializing simulation data for model: IZHIKEVICH (3D)... (playback_init: False)
[2026-06-13 03:08:07][INFO] SIM_BRIDGE: RNG initialized with seed: 42
[2026-06-13 03:08:07][INFO] SIM_BRIDGE: Initializing Izhikevich model specifics for 768 neurons...
[2026-06-13 03:08:07][INFO] SIM_BRIDGE: Applying parameter heterogeneity to neuron parameters...
[2026-06-13 03:08:07][INFO] SIM_BRIDGE: Applied heterogeneity to 4 parameters.
[2026-06-13 03:08:07][INFO] SIM_BRIDGE: Initializing OU process state (tau=15.0ms, sigma=0.0pA)...
[2026-06-13 03:08:07][INFO] SIM_BRIDGE: Generating 3D neuron positions for 768 neurons...
[2026-06-13 03:08:07][INFO] SIM_BRIDGE: Generating connections (3D)...
[2026-06-13 03:08:07][INFO] SIM_BRIDGE: Simulation data initialized for 768 neurons (3D). Synapses: 0. GPU memory: 1.7GB/25.8GB (6.5%)
[2026-06-13 03:08:08][INFO] SIM_BRIDGE: CuPy using GPU: NVIDIA GeForce RTX 3090 (24.0 GB), mempool limit: 80%
[2026-06-13 03:08:08][INFO] SIM_BRIDGE: Initializing simulation data for model: IZHIKEVICH (3D)... (playback_init: False)
[2026-06-13 03:08:08][INFO] SIM_BRIDGE: RNG initialized with seed: 42
[2026-06-13 03:08:08][INFO] SIM_BRIDGE: Initializing Izhikevich model specifics for 768 neurons...
[2026-06-13 03:08:08][INFO] SIM_BRIDGE: Applying parameter heterogeneity to neuron parameters...
[2026-06-13 03:08:08][INFO] SIM_BRIDGE: Applied heterogeneity to 4 parameters.
[2026-06-13 03:08:08][INFO] SIM_BRIDGE: Initializing OU process state (tau=15.0ms, sigma=0.0pA)...
[2026-06-13 03:08:08][INFO] SIM_BRIDGE: Generating 3D neuron positions for 768 neurons...
[2026-06-13 03:08:08][INFO] SIM_BRIDGE: Generating connections (3D)...
[2026-06-13 03:08:08][INFO] SIM_BRIDGE: Simulation data initialized for 768 neurons (3D). Synapses: 0. GPU memory: 1.7GB/25.8GB (6.5%)
[2026-06-13 03:08:09][INFO] SIM_BRIDGE: CuPy using GPU: NVIDIA GeForce RTX 3090 (24.0 GB), mempool limit: 80%
[2026-06-13 03:08:09][INFO] SIM_BRIDGE: Initializing simulation data for model: IZHIKEVICH (3D)... (playback_init: False)
[2026-06-13 03:08:09][INFO] SIM_BRIDGE: RNG initialized with seed: 42
[2026-06-13 03:08:09][INFO] SIM_BRIDGE: Initializing Izhikevich model specifics for 768 neurons...
[2026-06-13 03:08:09][INFO] SIM_BRIDGE: Applying parameter heterogeneity to neuron parameters...
[2026-06-13 03:08:09][INFO] SIM_BRIDGE: Applied heterogeneity to 4 parameters.
[2026-06-13 03:08:09][INFO] SIM_BRIDGE: Initializing OU process state (tau=15.0ms, sigma=0.0pA)...
[2026-06-13 03:08:09][INFO] SIM_BRIDGE: Generating 3D neuron positions for 768 neurons...
[2026-06-13 03:08:09][INFO] SIM_BRIDGE: Generating connections (3D)...
[2026-06-13 03:08:09][INFO] SIM_BRIDGE: Simulation data initialized for 768 neurons (3D). Synapses: 0. GPU memory: 1.7GB/25.8GB (6.5%)
[2026-06-13 03:08:10][INFO] SIM_BRIDGE: CuPy using GPU: NVIDIA GeForce RTX 3090 (24.0 GB), mempool limit: 80%
[2026-06-13 03:08:10][INFO] SIM_BRIDGE: Initializing simulation data for model: IZHIKEVICH (3D)... (playback_init: False)
[2026-06-13 03:08:10][INFO] SIM_BRIDGE: RNG initialized with seed: 42
[2026-06-13 03:08:10][INFO] SIM_BRIDGE: Initializing Izhikevich model specifics for 768 neurons...
[2026-06-13 03:08:10][INFO] SIM_BRIDGE: Applying parameter heterogeneity to neuron parameters...
[2026-06-13 03:08:10][INFO] SIM_BRIDGE: Applied heterogeneity to 4 parameters.
[2026-06-13 03:08:10][INFO] SIM_BRIDGE: Initializing OU process state (tau=15.0ms, sigma=0.0pA)...
[2026-06-13 03:08:10][INFO] SIM_BRIDGE: Generating 3D neuron positions for 768 neurons...
[2026-06-13 03:08:10][INFO] SIM_BRIDGE: Generating connections (3D)...
[2026-06-13 03:08:10][INFO] SIM_BRIDGE: Simulation data initialized for 768 neurons (3D). Synapses: 0. GPU memory: 1.7GB/25.8GB (6.5%)
[2026-06-13 03:08:11][INFO] SIM_BRIDGE: CuPy using GPU: NVIDIA GeForce RTX 3090 (24.0 GB), mempool limit: 80%
[2026-06-13 03:08:11][INFO] SIM_BRIDGE: Initializing simulation data for model: IZHIKEVICH (3D)... (playback_init: False)
[2026-06-13 03:08:11][INFO] SIM_BRIDGE: RNG initialized with seed: 42
[2026-06-13 03:08:11][INFO] SIM_BRIDGE: Initializing Izhikevich model specifics for 768 neurons...
[2026-06-13 03:08:11][INFO] SIM_BRIDGE: Applying parameter heterogeneity to neuron parameters...
[2026-06-13 03:08:11][INFO] SIM_BRIDGE: Applied heterogeneity to 4 parameters.
[2026-06-13 03:08:11][INFO] SIM_BRIDGE: Initializing OU process state (tau=15.0ms, sigma=0.0pA)...
[2026-06-13 03:08:11][INFO] SIM_BRIDGE: Generating 3D neuron positions for 768 neurons...
[2026-06-13 03:08:11][INFO] SIM_BRIDGE: Generating connections (3D)...
[2026-06-13 03:08:11][INFO] SIM_BRIDGE: Simulation data initialized for 768 neurons (3D). Synapses: 0. GPU memory: 1.7GB/25.8GB (6.5%)
[2026-06-13 03:08:12][INFO] SIM_BRIDGE: CuPy using GPU: NVIDIA GeForce RTX 3090 (24.0 GB), mempool limit: 80%
[2026-06-13 03:08:12][INFO] SIM_BRIDGE: Initializing simulation data for model: IZHIKEVICH (3D)... (playback_init: False)
[2026-06-13 03:08:12][INFO] SIM_BRIDGE: RNG initialized with seed: 42
[2026-06-13 03:08:12][INFO] SIM_BRIDGE: Initializing Izhikevich model specifics for 768 neurons...
[2026-06-13 03:08:12][INFO] SIM_BRIDGE: Applying parameter heterogeneity to neuron parameters...
[2026-06-13 03:08:12][INFO] SIM_BRIDGE: Applied heterogeneity to 4 parameters.
[2026-06-13 03:08:12][INFO] SIM_BRIDGE: Initializing OU process state (tau=15.0ms, sigma=0.0pA)...
[2026-06-13 03:08:12][INFO] SIM_BRIDGE: Generating 3D neuron positions for 768 neurons...
[2026-06-13 03:08:12][INFO] SIM_BRIDGE: Generating connections (3D)...
[2026-06-13 03:08:12][INFO] SIM_BRIDGE: Simulation data initialized for 768 neurons (3D). Synapses: 0. GPU memory: 1.7GB/25.8GB (6.5%)
[2026-06-13 03:08:13][INFO] SIM_BRIDGE: CuPy using GPU: NVIDIA GeForce RTX 3090 (24.0 GB), mempool limit: 80%
[2026-06-13 03:08:13][INFO] SIM_BRIDGE: Initializing simulation data for model: IZHIKEVICH (3D)... (playback_init: False)
[2026-06-13 03:08:13][INFO] SIM_BRIDGE: RNG initialized with seed: 42
[2026-06-13 03:08:13][INFO] SIM_BRIDGE: Initializing Izhikevich model specifics for 768 neurons...
[2026-06-13 03:08:13][INFO] SIM_BRIDGE: Applying parameter heterogeneity to neuron parameters...
[2026-06-13 03:08:13][INFO] SIM_BRIDGE: Applied heterogeneity to 4 parameters.
[2026-06-13 03:08:13][INFO] SIM_BRIDGE: Initializing OU process state (tau=15.0ms, sigma=0.0pA)...
[2026-06-13 03:08:13][INFO] SIM_BRIDGE: Generating 3D neuron positions for 768 neurons...
[2026-06-13 03:08:13][INFO] SIM_BRIDGE: Generating connections (3D)...
[2026-06-13 03:08:13][INFO] SIM_BRIDGE: Simulation data initialized for 768 neurons (3D). Synapses: 0. GPU memory: 1.7GB/25.8GB (6.5%)
[2026-06-13 03:08:14][INFO] SIM_BRIDGE: CuPy using GPU: NVIDIA GeForce RTX 3090 (24.0 GB), mempool limit: 80%
[2026-06-13 03:08:14][INFO] SIM_BRIDGE: Initializing simulation data for model: IZHIKEVICH (3D)... (playback_init: False)
[2026-06-13 03:08:14][INFO] SIM_BRIDGE: RNG initialized with seed: 42
[2026-06-13 03:08:14][INFO] SIM_BRIDGE: Initializing Izhikevich model specifics for 768 neurons...
[2026-06-13 03:08:14][INFO] SIM_BRIDGE: Applying parameter heterogeneity to neuron parameters...
[2026-06-13 03:08:14][INFO] SIM_BRIDGE: Applied heterogeneity to 4 parameters.
[2026-06-13 03:08:14][INFO] SIM_BRIDGE: Initializing OU process state (tau=15.0ms, sigma=0.0pA)...
[2026-06-13 03:08:14][INFO] SIM_BRIDGE: Generating 3D neuron positions for 768 neurons...
[2026-06-13 03:08:14][INFO] SIM_BRIDGE: Generating connections (3D)...
[2026-06-13 03:08:14][INFO] SIM_BRIDGE: Simulation data initialized for 768 neurons (3D). Synapses: 0. GPU memory: 1.7GB/25.8GB (6.5%)
    X-pb (per-bridge dispatch, within-bridge SVO recall): what_acc=1.0 who_acc=1.0 (n_bridges=8) | abstention breaches=0/16
    X-vtag (spiking V-tag identity layer over the graded `pool` regions):
[2026-06-13 03:08:25][INFO] SIM_BRIDGE: CuPy using GPU: NVIDIA GeForce RTX 3090 (24.0 GB), mempool limit: 80%
[2026-06-13 03:08:25][INFO] SIM_BRIDGE: Initializing simulation data for model: IZHIKEVICH (3D)... (playback_init: False)
[2026-06-13 03:08:25][INFO] SIM_BRIDGE: Brain-region framework: 2 regions, 2700 total neurons, 3 pathways.
[2026-06-13 03:08:25][INFO] SIM_BRIDGE: RNG initialized with seed: 42
[2026-06-13 03:08:25][INFO] SIM_BRIDGE: Initializing Izhikevich model specifics for 2700 neurons...
[2026-06-13 03:08:25][INFO] SIM_BRIDGE: Applying parameter heterogeneity to neuron parameters...
[2026-06-13 03:08:25][INFO] SIM_BRIDGE: Applied heterogeneity to 4 parameters.
[2026-06-13 03:08:25][INFO] SIM_BRIDGE: Initializing OU process state (tau=15.0ms, sigma=0.0pA)...
[2026-06-13 03:08:25][INFO] SIM_BRIDGE: Generating 3D neuron positions for 2700 neurons...
[2026-06-13 03:08:25][INFO] SIM_BRIDGE: Generating connections (brain-region framework)...
[2026-06-13 03:08:29][INFO] SIM_BRIDGE: inject_explicit_wiring: installed 3888625 synapses across 3 populations.
[2026-06-13 03:08:29][INFO] SIM_BRIDGE: Simulation data initialized for 2700 neurons (3D). Synapses: 3888625. GPU memory: 1.7GB/25.8GB (6.5%)
      [built+trained   animals graded bridge: 2700 neurons]
[2026-06-13 03:10:21][INFO] SIM_BRIDGE: CuPy using GPU: NVIDIA GeForce RTX 3090 (24.0 GB), mempool limit: 80%
[2026-06-13 03:10:21][INFO] SIM_BRIDGE: Initializing simulation data for model: IZHIKEVICH (3D)... (playback_init: False)
[2026-06-13 03:10:21][INFO] SIM_BRIDGE: Brain-region framework: 2 regions, 2700 total neurons, 3 pathways.
[2026-06-13 03:10:21][INFO] SIM_BRIDGE: RNG initialized with seed: 42
[2026-06-13 03:10:21][INFO] SIM_BRIDGE: Initializing Izhikevich model specifics for 2700 neurons...
[2026-06-13 03:10:21][INFO] SIM_BRIDGE: Applying parameter heterogeneity to neuron parameters...
[2026-06-13 03:10:21][INFO] SIM_BRIDGE: Applied heterogeneity to 4 parameters.
[2026-06-13 03:10:21][INFO] SIM_BRIDGE: Initializing OU process state (tau=15.0ms, sigma=0.0pA)...
[2026-06-13 03:10:21][INFO] SIM_BRIDGE: Generating 3D neuron positions for 2700 neurons...
[2026-06-13 03:10:21][INFO] SIM_BRIDGE: Generating connections (brain-region framework)...
[2026-06-13 03:10:25][INFO] SIM_BRIDGE: inject_explicit_wiring: installed 3888625 synapses across 3 populations.
[2026-06-13 03:10:25][INFO] SIM_BRIDGE: Simulation data initialized for 2700 neurons (3D). Synapses: 3888625. GPU memory: 1.8GB/25.8GB (7.2%)
      [built+trained     foods graded bridge: 2700 neurons]
[2026-06-13 03:12:18][INFO] SIM_BRIDGE: CuPy using GPU: NVIDIA GeForce RTX 3090 (24.0 GB), mempool limit: 80%
[2026-06-13 03:12:18][INFO] SIM_BRIDGE: Initializing simulation data for model: IZHIKEVICH (3D)... (playback_init: False)
[2026-06-13 03:12:18][INFO] SIM_BRIDGE: Brain-region framework: 2 regions, 2700 total neurons, 3 pathways.
[2026-06-13 03:12:18][INFO] SIM_BRIDGE: RNG initialized with seed: 42
[2026-06-13 03:12:18][INFO] SIM_BRIDGE: Initializing Izhikevich model specifics for 2700 neurons...
[2026-06-13 03:12:18][INFO] SIM_BRIDGE: Applying parameter heterogeneity to neuron parameters...
[2026-06-13 03:12:18][INFO] SIM_BRIDGE: Applied heterogeneity to 4 parameters.
[2026-06-13 03:12:18][INFO] SIM_BRIDGE: Initializing OU process state (tau=15.0ms, sigma=0.0pA)...
[2026-06-13 03:12:18][INFO] SIM_BRIDGE: Generating 3D neuron positions for 2700 neurons...
[2026-06-13 03:12:18][INFO] SIM_BRIDGE: Generating connections (brain-region framework)...
[2026-06-13 03:12:21][INFO] SIM_BRIDGE: inject_explicit_wiring: installed 3888625 synapses across 3 populations.
[2026-06-13 03:12:21][INFO] SIM_BRIDGE: Simulation data initialized for 2700 neurons (3D). Synapses: 3888625. GPU memory: 2.1GB/25.8GB (8.0%)
      [built+trained  vehicles graded bridge: 2700 neurons]
[2026-06-13 03:14:14][INFO] SIM_BRIDGE: CuPy using GPU: NVIDIA GeForce RTX 3090 (24.0 GB), mempool limit: 80%
[2026-06-13 03:14:14][INFO] SIM_BRIDGE: Initializing simulation data for model: IZHIKEVICH (3D)... (playback_init: False)
[2026-06-13 03:14:14][INFO] SIM_BRIDGE: Brain-region framework: 2 regions, 2700 total neurons, 3 pathways.
[2026-06-13 03:14:14][INFO] SIM_BRIDGE: RNG initialized with seed: 42
[2026-06-13 03:14:14][INFO] SIM_BRIDGE: Initializing Izhikevich model specifics for 2700 neurons...
[2026-06-13 03:14:14][INFO] SIM_BRIDGE: Applying parameter heterogeneity to neuron parameters...
[2026-06-13 03:14:14][INFO] SIM_BRIDGE: Applied heterogeneity to 4 parameters.
[2026-06-13 03:14:14][INFO] SIM_BRIDGE: Initializing OU process state (tau=15.0ms, sigma=0.0pA)...
[2026-06-13 03:14:14][INFO] SIM_BRIDGE: Generating 3D neuron positions for 2700 neurons...
[2026-06-13 03:14:14][INFO] SIM_BRIDGE: Generating connections (brain-region framework)...
[2026-06-13 03:14:18][INFO] SIM_BRIDGE: inject_explicit_wiring: installed 3888625 synapses across 3 populations.
[2026-06-13 03:14:18][INFO] SIM_BRIDGE: Simulation data initialized for 2700 neurons (3D). Synapses: 3888625. GPU memory: 2.3GB/25.8GB (8.9%)
      [built+trained     tools graded bridge: 2700 neurons]
[2026-06-13 03:16:09][INFO] SIM_BRIDGE: CuPy using GPU: NVIDIA GeForce RTX 3090 (24.0 GB), mempool limit: 80%
[2026-06-13 03:16:09][INFO] SIM_BRIDGE: Initializing simulation data for model: IZHIKEVICH (3D)... (playback_init: False)
[2026-06-13 03:16:09][INFO] SIM_BRIDGE: Brain-region framework: 2 regions, 2700 total neurons, 3 pathways.
[2026-06-13 03:16:09][INFO] SIM_BRIDGE: RNG initialized with seed: 42
[2026-06-13 03:16:09][INFO] SIM_BRIDGE: Initializing Izhikevich model specifics for 2700 neurons...
[2026-06-13 03:16:09][INFO] SIM_BRIDGE: Applying parameter heterogeneity to neuron parameters...
[2026-06-13 03:16:09][INFO] SIM_BRIDGE: Applied heterogeneity to 4 parameters.
[2026-06-13 03:16:09][INFO] SIM_BRIDGE: Initializing OU process state (tau=15.0ms, sigma=0.0pA)...
[2026-06-13 03:16:09][INFO] SIM_BRIDGE: Generating 3D neuron positions for 2700 neurons...
[2026-06-13 03:16:09][INFO] SIM_BRIDGE: Generating connections (brain-region framework)...
[2026-06-13 03:16:13][INFO] SIM_BRIDGE: inject_explicit_wiring: installed 3888625 synapses across 3 populations.
[2026-06-13 03:16:13][INFO] SIM_BRIDGE: Simulation data initialized for 2700 neurons (3D). Synapses: 3888625. GPU memory: 2.5GB/25.8GB (9.8%)
      [built+trained   clothes graded bridge: 2700 neurons]
[2026-06-13 03:18:06][INFO] SIM_BRIDGE: CuPy using GPU: NVIDIA GeForce RTX 3090 (24.0 GB), mempool limit: 80%
[2026-06-13 03:18:06][INFO] SIM_BRIDGE: Initializing simulation data for model: IZHIKEVICH (3D)... (playback_init: False)
[2026-06-13 03:18:06][INFO] SIM_BRIDGE: Brain-region framework: 2 regions, 2700 total neurons, 3 pathways.
[2026-06-13 03:18:06][INFO] SIM_BRIDGE: RNG initialized with seed: 42
[2026-06-13 03:18:06][INFO] SIM_BRIDGE: Initializing Izhikevich model specifics for 2700 neurons...
[2026-06-13 03:18:06][INFO] SIM_BRIDGE: Applying parameter heterogeneity to neuron parameters...
[2026-06-13 03:18:06][INFO] SIM_BRIDGE: Applied heterogeneity to 4 parameters.
[2026-06-13 03:18:06][INFO] SIM_BRIDGE: Initializing OU process state (tau=15.0ms, sigma=0.0pA)...
[2026-06-13 03:18:06][INFO] SIM_BRIDGE: Generating 3D neuron positions for 2700 neurons...
[2026-06-13 03:18:06][INFO] SIM_BRIDGE: Generating connections (brain-region framework)...
[2026-06-13 03:18:10][INFO] SIM_BRIDGE: inject_explicit_wiring: installed 3888625 synapses across 3 populations.
[2026-06-13 03:18:10][INFO] SIM_BRIDGE: Simulation data initialized for 2700 neurons (3D). Synapses: 3888625. GPU memory: 2.7GB/25.8GB (10.6%)
      [built+trained furniture graded bridge: 2700 neurons]
[2026-06-13 03:20:07][INFO] SIM_BRIDGE: CuPy using GPU: NVIDIA GeForce RTX 3090 (24.0 GB), mempool limit: 80%
[2026-06-13 03:20:07][INFO] SIM_BRIDGE: Initializing simulation data for model: IZHIKEVICH (3D)... (playback_init: False)
[2026-06-13 03:20:07][INFO] SIM_BRIDGE: Brain-region framework: 2 regions, 2700 total neurons, 3 pathways.
[2026-06-13 03:20:07][INFO] SIM_BRIDGE: RNG initialized with seed: 42
[2026-06-13 03:20:07][INFO] SIM_BRIDGE: Initializing Izhikevich model specifics for 2700 neurons...
[2026-06-13 03:20:07][INFO] SIM_BRIDGE: Applying parameter heterogeneity to neuron parameters...
[2026-06-13 03:20:07][INFO] SIM_BRIDGE: Applied heterogeneity to 4 parameters.
[2026-06-13 03:20:07][INFO] SIM_BRIDGE: Initializing OU process state (tau=15.0ms, sigma=0.0pA)...
[2026-06-13 03:20:07][INFO] SIM_BRIDGE: Generating 3D neuron positions for 2700 neurons...
[2026-06-13 03:20:07][INFO] SIM_BRIDGE: Generating connections (brain-region framework)...
[2026-06-13 03:20:10][INFO] SIM_BRIDGE: inject_explicit_wiring: installed 3888625 synapses across 3 populations.
[2026-06-13 03:20:10][INFO] SIM_BRIDGE: Simulation data initialized for 2700 neurons (3D). Synapses: 3888625. GPU memory: 3.0GB/25.8GB (11.5%)
      [built+trained    plants graded bridge: 2700 neurons]
[2026-06-13 03:22:05][INFO] SIM_BRIDGE: CuPy using GPU: NVIDIA GeForce RTX 3090 (24.0 GB), mempool limit: 80%
[2026-06-13 03:22:05][INFO] SIM_BRIDGE: Initializing simulation data for model: IZHIKEVICH (3D)... (playback_init: False)
[2026-06-13 03:22:05][INFO] SIM_BRIDGE: Brain-region framework: 2 regions, 2700 total neurons, 3 pathways.
[2026-06-13 03:22:05][INFO] SIM_BRIDGE: RNG initialized with seed: 42
[2026-06-13 03:22:05][INFO] SIM_BRIDGE: Initializing Izhikevich model specifics for 2700 neurons...
[2026-06-13 03:22:05][INFO] SIM_BRIDGE: Applying parameter heterogeneity to neuron parameters...
[2026-06-13 03:22:05][INFO] SIM_BRIDGE: Applied heterogeneity to 4 parameters.
[2026-06-13 03:22:05][INFO] SIM_BRIDGE: Initializing OU process state (tau=15.0ms, sigma=0.0pA)...
[2026-06-13 03:22:05][INFO] SIM_BRIDGE: Generating 3D neuron positions for 2700 neurons...
[2026-06-13 03:22:05][INFO] SIM_BRIDGE: Generating connections (brain-region framework)...
[2026-06-13 03:22:09][INFO] SIM_BRIDGE: inject_explicit_wiring: installed 3888625 synapses across 3 populations.
[2026-06-13 03:22:09][INFO] SIM_BRIDGE: Simulation data initialized for 2700 neurons (3D). Synapses: 3888625. GPU memory: 3.2GB/25.8GB (12.3%)
      [built+trained   weather graded bridge: 2700 neurons]
      (built 8 graded bridges in 936s)
      M3 TRUE: top2=1.00 top1=1.00 signal/floor=20.02x [GO]
      Cx PERMUTED (FIXED M7, score WRONG target): top2=0.00 collapses=True
    C3 moat alongside host (over cross-bridge facts):
[2026-06-13 03:24:31][INFO] SIM_BRIDGE: CuPy using GPU: NVIDIA GeForce RTX 3090 (24.0 GB), mempool limit: 80%
[2026-06-13 03:24:31][INFO] SIM_BRIDGE: Initializing simulation data for model: IZHIKEVICH (3D)... (playback_init: False)
[2026-06-13 03:24:31][INFO] SIM_BRIDGE: RNG initialized with seed: 42
[2026-06-13 03:24:31][INFO] SIM_BRIDGE: Initializing Izhikevich model specifics for 256 neurons...
[2026-06-13 03:24:31][INFO] SIM_BRIDGE: Applying parameter heterogeneity to neuron parameters...
[2026-06-13 03:24:31][INFO] SIM_BRIDGE: Applied heterogeneity to 4 parameters.
[2026-06-13 03:24:31][INFO] SIM_BRIDGE: Initializing OU process state (tau=15.0ms, sigma=0.0pA)...
[2026-06-13 03:24:31][INFO] SIM_BRIDGE: Generating 3D neuron positions for 256 neurons...
[2026-06-13 03:24:31][INFO] SIM_BRIDGE: Generating connections (3D)...
[2026-06-13 03:24:31][INFO] SIM_BRIDGE: Simulation data initialized for 256 neurons (3D). Synapses: 0. GPU memory: 3.2GB/25.8GB (12.5%)
[2026-06-13 03:24:32][INFO] SIM_BRIDGE: CuPy using GPU: NVIDIA GeForce RTX 3090 (24.0 GB), mempool limit: 80%
[2026-06-13 03:24:32][INFO] SIM_BRIDGE: Initializing simulation data for model: IZHIKEVICH (3D)... (playback_init: False)
[2026-06-13 03:24:32][INFO] SIM_BRIDGE: RNG initialized with seed: 42
[2026-06-13 03:24:32][INFO] SIM_BRIDGE: Initializing Izhikevich model specifics for 512 neurons...
[2026-06-13 03:24:32][INFO] SIM_BRIDGE: Applying parameter heterogeneity to neuron parameters...
[2026-06-13 03:24:32][INFO] SIM_BRIDGE: Applied heterogeneity to 4 parameters.
[2026-06-13 03:24:32][INFO] SIM_BRIDGE: Initializing OU process state (tau=15.0ms, sigma=0.0pA)...
[2026-06-13 03:24:32][INFO] SIM_BRIDGE: Generating 3D neuron positions for 512 neurons...
[2026-06-13 03:24:32][INFO] SIM_BRIDGE: Generating connections (3D)...
[2026-06-13 03:24:32][INFO] SIM_BRIDGE: Simulation data initialized for 512 neurons (3D). Synapses: 0. GPU memory: 3.2GB/25.8GB (12.5%)
[2026-06-13 03:24:40][INFO] SIM_BRIDGE: CuPy using GPU: NVIDIA GeForce RTX 3090 (24.0 GB), mempool limit: 80%
[2026-06-13 03:24:40][INFO] SIM_BRIDGE: Initializing simulation data for model: IZHIKEVICH (3D)... (playback_init: False)
[2026-06-13 03:24:40][INFO] SIM_BRIDGE: RNG initialized with seed: 42
[2026-06-13 03:24:40][INFO] SIM_BRIDGE: Initializing Izhikevich model specifics for 384 neurons...
[2026-06-13 03:24:40][INFO] SIM_BRIDGE: Applying parameter heterogeneity to neuron parameters...
[2026-06-13 03:24:40][INFO] SIM_BRIDGE: Applied heterogeneity to 4 parameters.
[2026-06-13 03:24:40][INFO] SIM_BRIDGE: Initializing OU process state (tau=15.0ms, sigma=0.0pA)...
[2026-06-13 03:24:40][INFO] SIM_BRIDGE: Generating 3D neuron positions for 384 neurons...
[2026-06-13 03:24:40][INFO] SIM_BRIDGE: Generating connections (3D)...
[2026-06-13 03:24:40][INFO] SIM_BRIDGE: Simulation data initialized for 384 neurons (3D). Synapses: 0. GPU memory: 3.2GB/25.8GB (12.5%)
      agreement=1.000 host-abstain/gate-accept=0 (MUST be 0) floor-false-accepts=0 (MUST be 0) lesion-collapses=True -> moat_intact=True

  [ROUTE A COST] per-bridge D=256 x 8 bridges | total codebook=1.163 MB | per-bind RF=512 neurons | per-bundle RF=1024 | cleanup argmax width=64 | vocabulary-independent per-op=True

====================================================================================================
  PHASE-1 COMPOSER A-vs-B DE-RISK SUMMARY -- ROUTE PER-BRIDGE -- mode=full
====================================================================================================
  [gate_A] {'all_pass': True, 'per_seed': [True], 'any_abstention_breach': False, 'criterion': "every bridge's within-bridge matrix passes (>=5/6 + moat)"}
  [gate_B] {'b1_per_seed_per_bridge': {'42': {'animals': 0.9875, 'foods': 1.0, 'vehicles': 0.99375, 'tools': 0.9875, 'clothes': 1.0, 'furniture': 1.0, 'plants': 1.0, 'weather': 1.0}}, 'b1_all_GO': True, 'b1_above_chance': True, 'b1_boundary_band': False, 'b2_zero_false_accepts': True, 'chance': 0.25, 'C1_collapses': True, 'C4_collapses': True}
  [gate_X] {'x_pb_ok': True, 'vtag_present': True, 'x_vtag_recall_ok': True, 'x_vtag_band_ok': True, 'cx_collapses': True, 'C3_moat_intact': True, 'C3_lesion_collapses': True, 'x_abstention_breach': False, 'x_primary_ok': True}
  [cost] {'route': 'A', 'per_bridge_composer_D': 256, 'n_bridges': 8, 'per_bridge_cost': {'animals': {'label': 'routeA[animals]', 'D': 256, 'cleanup_argmax_width': 64, 'n_codebook_entries': 71, 'codebook_bytes': 145408, 'codebook_MB': 0.145, 'per_bind_rf_neurons': 512, 'per_bundle_rf_neurons': 1024, 'cleanup_float_ops': 16384}, 'foods': {'label': 'routeA[foods]', 'D': 256, 'cleanup_argmax_width': 64, 'n_codebook_entries': 71, 'codebook_bytes': 145408, 'codebook_MB': 0.145, 'per_bind_rf_neurons': 512, 'per_bundle_rf_neurons': 1024, 'cleanup_float_ops': 16384}, 'vehicles': {'label': 'routeA[vehicles]', 'D': 256, 'cleanup_argmax_width': 64, 'n_codebook_entries': 71, 'codebook_bytes': 145408, 'codebook_MB': 0.145, 'per_bind_rf_neurons': 512, 'per_bundle_rf_neurons': 1024, 'cleanup_float_ops': 16384}, 'tools': {'label': 'routeA[tools]', 'D': 256, 'cleanup_argmax_width': 64, 'n_codebook_entries': 71, 'codebook_bytes': 145408, 'codebook_MB': 0.145, 'per_bind_rf_neurons': 512, 'per_bundle_rf_neurons': 1024, 'cleanup_float_ops': 16384}, 'clothes': {'label': 'routeA[clothes]', 'D': 256, 'cleanup_argmax_width': 64, 'n_codebook_entries': 71, 'codebook_bytes': 145408, 'codebook_MB': 0.145, 'per_bind_rf_neurons': 512, 'per_bundle_rf_neurons': 1024, 'cleanup_float_ops': 16384}, 'furniture': {'label': 'routeA[furniture]', 'D': 256, 'cleanup_argmax_width': 64, 'n_codebook_entries': 71, 'codebook_bytes': 145408, 'codebook_MB': 0.145, 'per_bind_rf_neurons': 512, 'per_bundle_rf_neurons': 1024, 'cleanup_float_ops': 16384}, 'plants': {'label': 'routeA[plants]', 'D': 256, 'cleanup_argmax_width': 64, 'n_codebook_entries': 71, 'codebook_bytes': 145408, 'codebook_MB': 0.145, 'per_bind_rf_neurons': 512, 'per_bundle_rf_neurons': 1024, 'cleanup_float_ops': 16384}, 'weather': {'label': 'routeA[weather]', 'D': 256, 'cleanup_argmax_width': 64, 'n_codebook_entries': 71, 'codebook_bytes': 145408, 'codebook_MB': 0.145, 'per_bind_rf_neurons': 512, 'per_bundle_rf_neurons': 1024, 'cleanup_float_ops': 16384}}, 'total_codebook_bytes': 1163264, 'total_codebook_MB': 1.163, 'per_bind_rf_neurons': 512, 'per_bundle_rf_neurons': 1024, 'cleanup_argmax_width': 64, 'vocabulary_independent_per_op': True}

  >>> ROUTE PER-BRIDGE VERDICT: GO <<<
  Total elapsed: 24191.3s
====================================================================================================

  [A-vs-B] This run measured ROUTE PER-BRIDGE. The decision (design SS5.4) compares it against the OTHER route's JSON:
    * route A wins if it passes A(within-bridge clause)+B+X(V-tag)+anti-cheats at per-shard-bounded cost (flat to 32 bridges).
    * route B is required only if route A fails a NEEDED cross-bridge generative structure AND route B's measured D/concept extrapolates feasibly to 2,048.
    * NEGATIVE (blocks the build) on any moat breach, or neither route passing the matrix, or route B infeasible at 2,048 with a real cross-bridge generative need.
  [saved] research/findings/raw/_phase1_composer_routeA_512_seed42.json
