[production_cortex_build] curated Option-B substrate: 32 real semantic clusters available; corpus source = build_curated_bridge_corpus (vocab g20_vocab_spec_2048 + sub-taxonomy g20_subtaxonomy_2048); architecture = ROUTE A (per-bridge composers).
[PHASE-1 COMPOSER A-vs-B de-risk] ROUTE=PER-BRIDGE mode=full seeds=[42] cortex=learned backend=cupy smoke=False
  4 bridges x 64 concepts (= 256 concepts); route-A per-bridge D=256; route-B union D=512 sweep=None; B1 bar=0.7, X bar=0.7 (chance=0.250); skip_vtag=False
  ADAPTATIONS: A1) PerBridgeCortexAgent: a {shard: RFPhasorComposer} dict (each over its 64-concept shard vocab + shared aux) + a word->shard router, replacing the ensemble's ONE union composer; within-shard facts bind in the agent-word's shard's composer, cross-shard facts go to the V-tag layer (route A does NOT bind them generatively); each shard gets its own moat (the per-bridge abstention surface). A2) route A's Gate A runs the single-shard gate_A_matrix on EACH shard's OWN cortex codebook so the clause's 3 words live in ONE shard (within-bridge clause); the ensemble's interleaved cross-bridge clause is route B's matrix. A3) route A's Gate X is the V-tag IDENTITY layer (gate_X_vtag) + X-pb (a per-bridge-composer within-bridge fact-recall plumbing check on CPU, so route A's dispatch is exercised even when --skip-vtag drops the GPU V-tag layer); route B's Gate X is the generative X-conv. A4) per-route COST logging (composer D(s), codebook bytes, per-op RF bridge neuron counts, cleanup argmax width, wall-clock per gate; route B also logs the V=512 D/concept ratio for the 2,048 extrapolation).

====================================================================================================
  PHASE-1 COMPOSER A-vs-B DE-RISK -- SEED 42 -- ROUTE PER-BRIDGE -- mode=full cortex=learned n_bridges=4
====================================================================================================
  [shard   mammals] 64 concepts (8 sub x 8), 424 within-shard facts
  [shard     birds] 64 concepts (8 sub x 8), 424 within-shard facts
  [shard fish_reptiles] 64 concepts (8 sub x 8), 424 within-shard facts
  [shard   insects] 64 concepts (8 sub x 8), 424 within-shard facts

  [building 4 cortex codebooks (learned)]
[2026-06-13 23:05:20][INFO] SIM_BRIDGE: CuPy using GPU: NVIDIA GeForce RTX 3090 (24.0 GB), mempool limit: 80%
[2026-06-13 23:05:20][INFO] SIM_BRIDGE: Initializing simulation data for model: IZHIKEVICH (3D)... (playback_init: False)
[2026-06-13 23:05:20][INFO] SIM_BRIDGE: Brain-region framework: 2 regions, 2700 total neurons, 3 pathways.
[2026-06-13 23:05:20][INFO] SIM_BRIDGE: RNG initialized with seed: 42
[2026-06-13 23:05:20][INFO] SIM_BRIDGE: Initializing Izhikevich model specifics for 2700 neurons...
[2026-06-13 23:05:20][INFO] SIM_BRIDGE: Applying parameter heterogeneity to neuron parameters...
[2026-06-13 23:05:20][INFO] SIM_BRIDGE: Applied heterogeneity to 4 parameters.
[2026-06-13 23:05:20][INFO] SIM_BRIDGE: Initializing OU process state (tau=15.0ms, sigma=0.0pA)...
[2026-06-13 23:05:20][INFO] SIM_BRIDGE: Generating 3D neuron positions for 2700 neurons...
[2026-06-13 23:05:20][INFO] SIM_BRIDGE: Generating connections (brain-region framework)...
[2026-06-13 23:05:24][INFO] SIM_BRIDGE: inject_explicit_wiring: installed 3888625 synapses across 3 populations.
[2026-06-13 23:05:25][INFO] SIM_BRIDGE: Simulation data initialized for 2700 neurons (3D). Synapses: 3888625. GPU memory: 1.6GB/25.8GB (6.2%)
    [cortex   mammals learned] within-cos=0.885 between-cos=0.380 margin=0.505 graded=True | DG-expansion between-cos=0.176 | 120.7s
[2026-06-13 23:07:21][INFO] SIM_BRIDGE: CuPy using GPU: NVIDIA GeForce RTX 3090 (24.0 GB), mempool limit: 80%
[2026-06-13 23:07:21][INFO] SIM_BRIDGE: Initializing simulation data for model: IZHIKEVICH (3D)... (playback_init: False)
[2026-06-13 23:07:21][INFO] SIM_BRIDGE: Brain-region framework: 2 regions, 2700 total neurons, 3 pathways.
[2026-06-13 23:07:21][INFO] SIM_BRIDGE: RNG initialized with seed: 42
[2026-06-13 23:07:21][INFO] SIM_BRIDGE: Initializing Izhikevich model specifics for 2700 neurons...
[2026-06-13 23:07:21][INFO] SIM_BRIDGE: Applying parameter heterogeneity to neuron parameters...
[2026-06-13 23:07:21][INFO] SIM_BRIDGE: Applied heterogeneity to 4 parameters.
[2026-06-13 23:07:21][INFO] SIM_BRIDGE: Initializing OU process state (tau=15.0ms, sigma=0.0pA)...
[2026-06-13 23:07:21][INFO] SIM_BRIDGE: Generating 3D neuron positions for 2700 neurons...
[2026-06-13 23:07:21][INFO] SIM_BRIDGE: Generating connections (brain-region framework)...
[2026-06-13 23:07:24][INFO] SIM_BRIDGE: inject_explicit_wiring: installed 3888625 synapses across 3 populations.
[2026-06-13 23:07:25][INFO] SIM_BRIDGE: Simulation data initialized for 2700 neurons (3D). Synapses: 3888625. GPU memory: 1.7GB/25.8GB (6.5%)
    [cortex     birds learned] within-cos=0.893 between-cos=0.397 margin=0.495 graded=True | DG-expansion between-cos=0.175 | 112.7s
[2026-06-13 23:09:14][INFO] SIM_BRIDGE: CuPy using GPU: NVIDIA GeForce RTX 3090 (24.0 GB), mempool limit: 80%
[2026-06-13 23:09:14][INFO] SIM_BRIDGE: Initializing simulation data for model: IZHIKEVICH (3D)... (playback_init: False)
[2026-06-13 23:09:14][INFO] SIM_BRIDGE: Brain-region framework: 2 regions, 2700 total neurons, 3 pathways.
[2026-06-13 23:09:14][INFO] SIM_BRIDGE: RNG initialized with seed: 42
[2026-06-13 23:09:14][INFO] SIM_BRIDGE: Initializing Izhikevich model specifics for 2700 neurons...
[2026-06-13 23:09:14][INFO] SIM_BRIDGE: Applying parameter heterogeneity to neuron parameters...
[2026-06-13 23:09:14][INFO] SIM_BRIDGE: Applied heterogeneity to 4 parameters.
[2026-06-13 23:09:14][INFO] SIM_BRIDGE: Initializing OU process state (tau=15.0ms, sigma=0.0pA)...
[2026-06-13 23:09:14][INFO] SIM_BRIDGE: Generating 3D neuron positions for 2700 neurons...
[2026-06-13 23:09:14][INFO] SIM_BRIDGE: Generating connections (brain-region framework)...
[2026-06-13 23:09:17][INFO] SIM_BRIDGE: inject_explicit_wiring: installed 3888625 synapses across 3 populations.
[2026-06-13 23:09:17][INFO] SIM_BRIDGE: Simulation data initialized for 2700 neurons (3D). Synapses: 3888625. GPU memory: 1.7GB/25.8GB (6.5%)
    [cortex fish_reptiles learned] within-cos=0.885 between-cos=0.383 margin=0.502 graded=True | DG-expansion between-cos=0.167 | 111.9s
[2026-06-13 23:11:06][INFO] SIM_BRIDGE: CuPy using GPU: NVIDIA GeForce RTX 3090 (24.0 GB), mempool limit: 80%
[2026-06-13 23:11:06][INFO] SIM_BRIDGE: Initializing simulation data for model: IZHIKEVICH (3D)... (playback_init: False)
[2026-06-13 23:11:06][INFO] SIM_BRIDGE: Brain-region framework: 2 regions, 2700 total neurons, 3 pathways.
[2026-06-13 23:11:06][INFO] SIM_BRIDGE: RNG initialized with seed: 42
[2026-06-13 23:11:06][INFO] SIM_BRIDGE: Initializing Izhikevich model specifics for 2700 neurons...
[2026-06-13 23:11:06][INFO] SIM_BRIDGE: Applying parameter heterogeneity to neuron parameters...
[2026-06-13 23:11:06][INFO] SIM_BRIDGE: Applied heterogeneity to 4 parameters.
[2026-06-13 23:11:06][INFO] SIM_BRIDGE: Initializing OU process state (tau=15.0ms, sigma=0.0pA)...
[2026-06-13 23:11:06][INFO] SIM_BRIDGE: Generating 3D neuron positions for 2700 neurons...
[2026-06-13 23:11:06][INFO] SIM_BRIDGE: Generating connections (brain-region framework)...
[2026-06-13 23:11:09][INFO] SIM_BRIDGE: inject_explicit_wiring: installed 3888625 synapses across 3 populations.
[2026-06-13 23:11:09][INFO] SIM_BRIDGE: Simulation data initialized for 2700 neurons (3D). Synapses: 3888625. GPU memory: 1.7GB/25.8GB (6.5%)
    [cortex   insects learned] within-cos=0.874 between-cos=0.393 margin=0.481 graded=True | DG-expansion between-cos=0.180 | 111.4s

  ------------------------------------------------------------------------------------------------
  ROUTE A -- GATE A: within-bridge conversational matrix (per shard; clause within ONE bridge)
  ------------------------------------------------------------------------------------------------
[2026-06-13 23:12:57][INFO] SIM_BRIDGE: CuPy using GPU: NVIDIA GeForce RTX 3090 (24.0 GB), mempool limit: 80%
[2026-06-13 23:12:57][INFO] SIM_BRIDGE: Initializing simulation data for model: IZHIKEVICH (3D)... (playback_init: False)
[2026-06-13 23:12:57][INFO] SIM_BRIDGE: RNG initialized with seed: 42
[2026-06-13 23:12:57][INFO] SIM_BRIDGE: Initializing Izhikevich model specifics for 512 neurons...
[2026-06-13 23:12:57][INFO] SIM_BRIDGE: Applying parameter heterogeneity to neuron parameters...
[2026-06-13 23:12:57][INFO] SIM_BRIDGE: Applied heterogeneity to 4 parameters.
[2026-06-13 23:12:57][INFO] SIM_BRIDGE: Initializing OU process state (tau=15.0ms, sigma=0.0pA)...
[2026-06-13 23:12:57][INFO] SIM_BRIDGE: Generating 3D neuron positions for 512 neurons...
[2026-06-13 23:12:57][INFO] SIM_BRIDGE: Generating connections (3D)...
[2026-06-13 23:12:57][INFO] SIM_BRIDGE: Simulation data initialized for 512 neurons (3D). Synapses: 0. GPU memory: 1.7GB/25.8GB (6.5%)
[2026-06-13 23:12:58][INFO] SIM_BRIDGE: CuPy using GPU: NVIDIA GeForce RTX 3090 (24.0 GB), mempool limit: 80%
[2026-06-13 23:12:58][INFO] SIM_BRIDGE: Initializing simulation data for model: IZHIKEVICH (3D)... (playback_init: False)
[2026-06-13 23:12:58][INFO] SIM_BRIDGE: RNG initialized with seed: 42
[2026-06-13 23:12:58][INFO] SIM_BRIDGE: Initializing Izhikevich model specifics for 1024 neurons...
[2026-06-13 23:12:58][INFO] SIM_BRIDGE: Applying parameter heterogeneity to neuron parameters...
[2026-06-13 23:12:58][INFO] SIM_BRIDGE: Applied heterogeneity to 4 parameters.
[2026-06-13 23:12:58][INFO] SIM_BRIDGE: Initializing OU process state (tau=15.0ms, sigma=0.0pA)...
[2026-06-13 23:12:58][INFO] SIM_BRIDGE: Generating 3D neuron positions for 1024 neurons...
[2026-06-13 23:12:58][INFO] SIM_BRIDGE: Generating connections (3D)...
[2026-06-13 23:12:58][INFO] SIM_BRIDGE: Simulation data initialized for 1024 neurons (3D). Synapses: 0. GPU memory: 1.7GB/25.8GB (6.5%)
[2026-06-13 23:13:00][INFO] SIM_BRIDGE: CuPy using GPU: NVIDIA GeForce RTX 3090 (24.0 GB), mempool limit: 80%
[2026-06-13 23:13:00][INFO] SIM_BRIDGE: Initializing simulation data for model: IZHIKEVICH (3D)... (playback_init: False)
[2026-06-13 23:13:00][INFO] SIM_BRIDGE: RNG initialized with seed: 42
[2026-06-13 23:13:00][INFO] SIM_BRIDGE: Initializing Izhikevich model specifics for 512 neurons...
[2026-06-13 23:13:00][INFO] SIM_BRIDGE: Applying parameter heterogeneity to neuron parameters...
[2026-06-13 23:13:00][INFO] SIM_BRIDGE: Applied heterogeneity to 4 parameters.
[2026-06-13 23:13:00][INFO] SIM_BRIDGE: Initializing OU process state (tau=15.0ms, sigma=0.0pA)...
[2026-06-13 23:13:00][INFO] SIM_BRIDGE: Generating 3D neuron positions for 512 neurons...
[2026-06-13 23:13:00][INFO] SIM_BRIDGE: Generating connections (3D)...
[2026-06-13 23:13:00][INFO] SIM_BRIDGE: Simulation data initialized for 512 neurons (3D). Synapses: 0. GPU memory: 1.7GB/25.8GB (6.5%)
[2026-06-13 23:13:00][INFO] SIM_BRIDGE: CuPy using GPU: NVIDIA GeForce RTX 3090 (24.0 GB), mempool limit: 80%
[2026-06-13 23:13:00][INFO] SIM_BRIDGE: Initializing simulation data for model: IZHIKEVICH (3D)... (playback_init: False)
[2026-06-13 23:13:00][INFO] SIM_BRIDGE: RNG initialized with seed: 42
[2026-06-13 23:13:00][INFO] SIM_BRIDGE: Initializing Izhikevich model specifics for 1280 neurons...
[2026-06-13 23:13:00][INFO] SIM_BRIDGE: Applying parameter heterogeneity to neuron parameters...
[2026-06-13 23:13:00][INFO] SIM_BRIDGE: Applied heterogeneity to 4 parameters.
[2026-06-13 23:13:00][INFO] SIM_BRIDGE: Initializing OU process state (tau=15.0ms, sigma=0.0pA)...
[2026-06-13 23:13:00][INFO] SIM_BRIDGE: Generating 3D neuron positions for 1280 neurons...
[2026-06-13 23:13:00][INFO] SIM_BRIDGE: Generating connections (3D)...
[2026-06-13 23:13:00][INFO] SIM_BRIDGE: Simulation data initialized for 1280 neurons (3D). Synapses: 0. GPU memory: 1.7GB/25.8GB (6.5%)
[2026-06-13 23:13:03][INFO] SIM_BRIDGE: CuPy using GPU: NVIDIA GeForce RTX 3090 (24.0 GB), mempool limit: 80%
[2026-06-13 23:13:03][INFO] SIM_BRIDGE: Initializing simulation data for model: IZHIKEVICH (3D)... (playback_init: False)
[2026-06-13 23:13:03][INFO] SIM_BRIDGE: RNG initialized with seed: 42
[2026-06-13 23:13:03][INFO] SIM_BRIDGE: Initializing Izhikevich model specifics for 512 neurons...
[2026-06-13 23:13:03][INFO] SIM_BRIDGE: Applying parameter heterogeneity to neuron parameters...
[2026-06-13 23:13:03][INFO] SIM_BRIDGE: Applied heterogeneity to 4 parameters.
[2026-06-13 23:13:03][INFO] SIM_BRIDGE: Initializing OU process state (tau=15.0ms, sigma=0.0pA)...
[2026-06-13 23:13:03][INFO] SIM_BRIDGE: Generating 3D neuron positions for 512 neurons...
[2026-06-13 23:13:03][INFO] SIM_BRIDGE: Generating connections (3D)...
[2026-06-13 23:13:03][INFO] SIM_BRIDGE: Simulation data initialized for 512 neurons (3D). Synapses: 0. GPU memory: 1.7GB/25.8GB (6.5%)
[2026-06-13 23:13:04][INFO] SIM_BRIDGE: CuPy using GPU: NVIDIA GeForce RTX 3090 (24.0 GB), mempool limit: 80%
[2026-06-13 23:13:04][INFO] SIM_BRIDGE: Initializing simulation data for model: IZHIKEVICH (3D)... (playback_init: False)
[2026-06-13 23:13:04][INFO] SIM_BRIDGE: RNG initialized with seed: 42
[2026-06-13 23:13:04][INFO] SIM_BRIDGE: Initializing Izhikevich model specifics for 1280 neurons...
[2026-06-13 23:13:04][INFO] SIM_BRIDGE: Applying parameter heterogeneity to neuron parameters...
[2026-06-13 23:13:04][INFO] SIM_BRIDGE: Applied heterogeneity to 4 parameters.
[2026-06-13 23:13:04][INFO] SIM_BRIDGE: Initializing OU process state (tau=15.0ms, sigma=0.0pA)...
[2026-06-13 23:13:04][INFO] SIM_BRIDGE: Generating 3D neuron positions for 1280 neurons...
[2026-06-13 23:13:04][INFO] SIM_BRIDGE: Generating connections (3D)...
[2026-06-13 23:13:04][INFO] SIM_BRIDGE: Simulation data initialized for 1280 neurons (3D). Synapses: 0. GPU memory: 1.7GB/25.8GB (6.5%)
[2026-06-13 23:13:05][INFO] SIM_BRIDGE: CuPy using GPU: NVIDIA GeForce RTX 3090 (24.0 GB), mempool limit: 80%
[2026-06-13 23:13:05][INFO] SIM_BRIDGE: Initializing simulation data for model: IZHIKEVICH (3D)... (playback_init: False)
[2026-06-13 23:13:05][INFO] SIM_BRIDGE: RNG initialized with seed: 42
[2026-06-13 23:13:05][INFO] SIM_BRIDGE: Initializing Izhikevich model specifics for 512 neurons...
[2026-06-13 23:13:05][INFO] SIM_BRIDGE: Applying parameter heterogeneity to neuron parameters...
[2026-06-13 23:13:05][INFO] SIM_BRIDGE: Applied heterogeneity to 4 parameters.
[2026-06-13 23:13:05][INFO] SIM_BRIDGE: Initializing OU process state (tau=15.0ms, sigma=0.0pA)...
[2026-06-13 23:13:05][INFO] SIM_BRIDGE: Generating 3D neuron positions for 512 neurons...
[2026-06-13 23:13:05][INFO] SIM_BRIDGE: Generating connections (3D)...
[2026-06-13 23:13:05][INFO] SIM_BRIDGE: Simulation data initialized for 512 neurons (3D). Synapses: 0. GPU memory: 1.7GB/25.8GB (6.5%)
[2026-06-13 23:13:05][INFO] SIM_BRIDGE: CuPy using GPU: NVIDIA GeForce RTX 3090 (24.0 GB), mempool limit: 80%
[2026-06-13 23:13:05][INFO] SIM_BRIDGE: Initializing simulation data for model: IZHIKEVICH (3D)... (playback_init: False)
[2026-06-13 23:13:05][INFO] SIM_BRIDGE: RNG initialized with seed: 42
[2026-06-13 23:13:05][INFO] SIM_BRIDGE: Initializing Izhikevich model specifics for 1024 neurons...
[2026-06-13 23:13:05][INFO] SIM_BRIDGE: Applying parameter heterogeneity to neuron parameters...
[2026-06-13 23:13:05][INFO] SIM_BRIDGE: Applied heterogeneity to 4 parameters.
[2026-06-13 23:13:05][INFO] SIM_BRIDGE: Initializing OU process state (tau=15.0ms, sigma=0.0pA)...
[2026-06-13 23:13:05][INFO] SIM_BRIDGE: Generating 3D neuron positions for 1024 neurons...
[2026-06-13 23:13:05][INFO] SIM_BRIDGE: Generating connections (3D)...
[2026-06-13 23:13:05][INFO] SIM_BRIDGE: Simulation data initialized for 1024 neurons (3D). Synapses: 0. GPU memory: 1.7GB/25.8GB (6.5%)
[2026-06-13 23:13:11][INFO] SIM_BRIDGE: CuPy using GPU: NVIDIA GeForce RTX 3090 (24.0 GB), mempool limit: 80%
[2026-06-13 23:13:11][INFO] SIM_BRIDGE: Initializing simulation data for model: IZHIKEVICH (3D)... (playback_init: False)
[2026-06-13 23:13:11][INFO] SIM_BRIDGE: RNG initialized with seed: 42
[2026-06-13 23:13:11][INFO] SIM_BRIDGE: Initializing Izhikevich model specifics for 512 neurons...
[2026-06-13 23:13:11][INFO] SIM_BRIDGE: Applying parameter heterogeneity to neuron parameters...
[2026-06-13 23:13:11][INFO] SIM_BRIDGE: Applied heterogeneity to 4 parameters.
[2026-06-13 23:13:11][INFO] SIM_BRIDGE: Initializing OU process state (tau=15.0ms, sigma=0.0pA)...
[2026-06-13 23:13:11][INFO] SIM_BRIDGE: Generating 3D neuron positions for 512 neurons...
[2026-06-13 23:13:11][INFO] SIM_BRIDGE: Generating connections (3D)...
[2026-06-13 23:13:11][INFO] SIM_BRIDGE: Simulation data initialized for 512 neurons (3D). Synapses: 0. GPU memory: 1.7GB/25.8GB (6.5%)
[2026-06-13 23:13:11][INFO] SIM_BRIDGE: CuPy using GPU: NVIDIA GeForce RTX 3090 (24.0 GB), mempool limit: 80%
[2026-06-13 23:13:11][INFO] SIM_BRIDGE: Initializing simulation data for model: IZHIKEVICH (3D)... (playback_init: False)
[2026-06-13 23:13:11][INFO] SIM_BRIDGE: RNG initialized with seed: 42
[2026-06-13 23:13:11][INFO] SIM_BRIDGE: Initializing Izhikevich model specifics for 1024 neurons...
[2026-06-13 23:13:11][INFO] SIM_BRIDGE: Applying parameter heterogeneity to neuron parameters...
[2026-06-13 23:13:11][INFO] SIM_BRIDGE: Applied heterogeneity to 4 parameters.
[2026-06-13 23:13:11][INFO] SIM_BRIDGE: Initializing OU process state (tau=15.0ms, sigma=0.0pA)...
[2026-06-13 23:13:11][INFO] SIM_BRIDGE: Generating 3D neuron positions for 1024 neurons...
[2026-06-13 23:13:11][INFO] SIM_BRIDGE: Generating connections (3D)...
[2026-06-13 23:13:11][INFO] SIM_BRIDGE: Simulation data initialized for 1024 neurons (3D). Synapses: 0. GPU memory: 1.7GB/25.8GB (6.5%)
[2026-06-13 23:13:13][INFO] SIM_BRIDGE: CuPy using GPU: NVIDIA GeForce RTX 3090 (24.0 GB), mempool limit: 80%
[2026-06-13 23:13:13][INFO] SIM_BRIDGE: Initializing simulation data for model: IZHIKEVICH (3D)... (playback_init: False)
[2026-06-13 23:13:13][INFO] SIM_BRIDGE: RNG initialized with seed: 42
[2026-06-13 23:13:13][INFO] SIM_BRIDGE: Initializing Izhikevich model specifics for 512 neurons...
[2026-06-13 23:13:13][INFO] SIM_BRIDGE: Applying parameter heterogeneity to neuron parameters...
[2026-06-13 23:13:13][INFO] SIM_BRIDGE: Applied heterogeneity to 4 parameters.
[2026-06-13 23:13:13][INFO] SIM_BRIDGE: Initializing OU process state (tau=15.0ms, sigma=0.0pA)...
[2026-06-13 23:13:13][INFO] SIM_BRIDGE: Generating 3D neuron positions for 512 neurons...
[2026-06-13 23:13:13][INFO] SIM_BRIDGE: Generating connections (3D)...
[2026-06-13 23:13:13][INFO] SIM_BRIDGE: Simulation data initialized for 512 neurons (3D). Synapses: 0. GPU memory: 1.7GB/25.8GB (6.5%)
[2026-06-13 23:13:14][INFO] SIM_BRIDGE: CuPy using GPU: NVIDIA GeForce RTX 3090 (24.0 GB), mempool limit: 80%
[2026-06-13 23:13:14][INFO] SIM_BRIDGE: Initializing simulation data for model: IZHIKEVICH (3D)... (playback_init: False)
[2026-06-13 23:13:14][INFO] SIM_BRIDGE: RNG initialized with seed: 42
[2026-06-13 23:13:14][INFO] SIM_BRIDGE: Initializing Izhikevich model specifics for 1280 neurons...
[2026-06-13 23:13:14][INFO] SIM_BRIDGE: Applying parameter heterogeneity to neuron parameters...
[2026-06-13 23:13:14][INFO] SIM_BRIDGE: Applied heterogeneity to 4 parameters.
[2026-06-13 23:13:14][INFO] SIM_BRIDGE: Initializing OU process state (tau=15.0ms, sigma=0.0pA)...
[2026-06-13 23:13:14][INFO] SIM_BRIDGE: Generating 3D neuron positions for 1280 neurons...
[2026-06-13 23:13:14][INFO] SIM_BRIDGE: Generating connections (3D)...
[2026-06-13 23:13:14][INFO] SIM_BRIDGE: Simulation data initialized for 1280 neurons (3D). Synapses: 0. GPU memory: 1.7GB/25.8GB (6.5%)
[2026-06-13 23:13:17][INFO] SIM_BRIDGE: CuPy using GPU: NVIDIA GeForce RTX 3090 (24.0 GB), mempool limit: 80%
[2026-06-13 23:13:17][INFO] SIM_BRIDGE: Initializing simulation data for model: IZHIKEVICH (3D)... (playback_init: False)
[2026-06-13 23:13:17][INFO] SIM_BRIDGE: RNG initialized with seed: 42
[2026-06-13 23:13:17][INFO] SIM_BRIDGE: Initializing Izhikevich model specifics for 512 neurons...
[2026-06-13 23:13:17][INFO] SIM_BRIDGE: Applying parameter heterogeneity to neuron parameters...
[2026-06-13 23:13:17][INFO] SIM_BRIDGE: Applied heterogeneity to 4 parameters.
[2026-06-13 23:13:17][INFO] SIM_BRIDGE: Initializing OU process state (tau=15.0ms, sigma=0.0pA)...
[2026-06-13 23:13:17][INFO] SIM_BRIDGE: Generating 3D neuron positions for 512 neurons...
[2026-06-13 23:13:17][INFO] SIM_BRIDGE: Generating connections (3D)...
[2026-06-13 23:13:17][INFO] SIM_BRIDGE: Simulation data initialized for 512 neurons (3D). Synapses: 0. GPU memory: 1.7GB/25.8GB (6.5%)
[2026-06-13 23:13:17][INFO] SIM_BRIDGE: CuPy using GPU: NVIDIA GeForce RTX 3090 (24.0 GB), mempool limit: 80%
[2026-06-13 23:13:17][INFO] SIM_BRIDGE: Initializing simulation data for model: IZHIKEVICH (3D)... (playback_init: False)
[2026-06-13 23:13:17][INFO] SIM_BRIDGE: RNG initialized with seed: 42
[2026-06-13 23:13:17][INFO] SIM_BRIDGE: Initializing Izhikevich model specifics for 1280 neurons...
[2026-06-13 23:13:17][INFO] SIM_BRIDGE: Applying parameter heterogeneity to neuron parameters...
[2026-06-13 23:13:17][INFO] SIM_BRIDGE: Applied heterogeneity to 4 parameters.
[2026-06-13 23:13:17][INFO] SIM_BRIDGE: Initializing OU process state (tau=15.0ms, sigma=0.0pA)...
[2026-06-13 23:13:17][INFO] SIM_BRIDGE: Generating 3D neuron positions for 1280 neurons...
[2026-06-13 23:13:17][INFO] SIM_BRIDGE: Generating connections (3D)...
[2026-06-13 23:13:17][INFO] SIM_BRIDGE: Simulation data initialized for 1280 neurons (3D). Synapses: 0. GPU memory: 1.7GB/25.8GB (6.5%)
[2026-06-13 23:13:18][INFO] SIM_BRIDGE: CuPy using GPU: NVIDIA GeForce RTX 3090 (24.0 GB), mempool limit: 80%
[2026-06-13 23:13:18][INFO] SIM_BRIDGE: Initializing simulation data for model: IZHIKEVICH (3D)... (playback_init: False)
[2026-06-13 23:13:18][INFO] SIM_BRIDGE: RNG initialized with seed: 42
[2026-06-13 23:13:18][INFO] SIM_BRIDGE: Initializing Izhikevich model specifics for 512 neurons...
[2026-06-13 23:13:18][INFO] SIM_BRIDGE: Applying parameter heterogeneity to neuron parameters...
[2026-06-13 23:13:18][INFO] SIM_BRIDGE: Applied heterogeneity to 4 parameters.
[2026-06-13 23:13:18][INFO] SIM_BRIDGE: Initializing OU process state (tau=15.0ms, sigma=0.0pA)...
[2026-06-13 23:13:18][INFO] SIM_BRIDGE: Generating 3D neuron positions for 512 neurons...
[2026-06-13 23:13:18][INFO] SIM_BRIDGE: Generating connections (3D)...
[2026-06-13 23:13:18][INFO] SIM_BRIDGE: Simulation data initialized for 512 neurons (3D). Synapses: 0. GPU memory: 1.7GB/25.8GB (6.5%)
[2026-06-13 23:13:19][INFO] SIM_BRIDGE: CuPy using GPU: NVIDIA GeForce RTX 3090 (24.0 GB), mempool limit: 80%
[2026-06-13 23:13:19][INFO] SIM_BRIDGE: Initializing simulation data for model: IZHIKEVICH (3D)... (playback_init: False)
[2026-06-13 23:13:19][INFO] SIM_BRIDGE: RNG initialized with seed: 42
[2026-06-13 23:13:19][INFO] SIM_BRIDGE: Initializing Izhikevich model specifics for 1024 neurons...
[2026-06-13 23:13:19][INFO] SIM_BRIDGE: Applying parameter heterogeneity to neuron parameters...
[2026-06-13 23:13:19][INFO] SIM_BRIDGE: Applied heterogeneity to 4 parameters.
[2026-06-13 23:13:19][INFO] SIM_BRIDGE: Initializing OU process state (tau=15.0ms, sigma=0.0pA)...
[2026-06-13 23:13:19][INFO] SIM_BRIDGE: Generating 3D neuron positions for 1024 neurons...
[2026-06-13 23:13:19][INFO] SIM_BRIDGE: Generating connections (3D)...
[2026-06-13 23:13:19][INFO] SIM_BRIDGE: Simulation data initialized for 1024 neurons (3D). Synapses: 0. GPU memory: 1.7GB/25.8GB (6.5%)
[2026-06-13 23:13:24][INFO] SIM_BRIDGE: CuPy using GPU: NVIDIA GeForce RTX 3090 (24.0 GB), mempool limit: 80%
[2026-06-13 23:13:24][INFO] SIM_BRIDGE: Initializing simulation data for model: IZHIKEVICH (3D)... (playback_init: False)
[2026-06-13 23:13:24][INFO] SIM_BRIDGE: RNG initialized with seed: 42
[2026-06-13 23:13:24][INFO] SIM_BRIDGE: Initializing Izhikevich model specifics for 512 neurons...
[2026-06-13 23:13:24][INFO] SIM_BRIDGE: Applying parameter heterogeneity to neuron parameters...
[2026-06-13 23:13:24][INFO] SIM_BRIDGE: Applied heterogeneity to 4 parameters.
[2026-06-13 23:13:24][INFO] SIM_BRIDGE: Initializing OU process state (tau=15.0ms, sigma=0.0pA)...
[2026-06-13 23:13:24][INFO] SIM_BRIDGE: Generating 3D neuron positions for 512 neurons...
[2026-06-13 23:13:24][INFO] SIM_BRIDGE: Generating connections (3D)...
[2026-06-13 23:13:24][INFO] SIM_BRIDGE: Simulation data initialized for 512 neurons (3D). Synapses: 0. GPU memory: 1.7GB/25.8GB (6.5%)
[2026-06-13 23:13:25][INFO] SIM_BRIDGE: CuPy using GPU: NVIDIA GeForce RTX 3090 (24.0 GB), mempool limit: 80%
[2026-06-13 23:13:25][INFO] SIM_BRIDGE: Initializing simulation data for model: IZHIKEVICH (3D)... (playback_init: False)
[2026-06-13 23:13:25][INFO] SIM_BRIDGE: RNG initialized with seed: 42
[2026-06-13 23:13:25][INFO] SIM_BRIDGE: Initializing Izhikevich model specifics for 1024 neurons...
[2026-06-13 23:13:25][INFO] SIM_BRIDGE: Applying parameter heterogeneity to neuron parameters...
[2026-06-13 23:13:25][INFO] SIM_BRIDGE: Applied heterogeneity to 4 parameters.
[2026-06-13 23:13:25][INFO] SIM_BRIDGE: Initializing OU process state (tau=15.0ms, sigma=0.0pA)...
[2026-06-13 23:13:25][INFO] SIM_BRIDGE: Generating 3D neuron positions for 1024 neurons...
[2026-06-13 23:13:25][INFO] SIM_BRIDGE: Generating connections (3D)...
[2026-06-13 23:13:25][INFO] SIM_BRIDGE: Simulation data initialized for 1024 neurons (3D). Synapses: 0. GPU memory: 1.7GB/25.8GB (6.5%)
[2026-06-13 23:13:27][INFO] SIM_BRIDGE: CuPy using GPU: NVIDIA GeForce RTX 3090 (24.0 GB), mempool limit: 80%
[2026-06-13 23:13:27][INFO] SIM_BRIDGE: Initializing simulation data for model: IZHIKEVICH (3D)... (playback_init: False)
[2026-06-13 23:13:27][INFO] SIM_BRIDGE: RNG initialized with seed: 42
[2026-06-13 23:13:27][INFO] SIM_BRIDGE: Initializing Izhikevich model specifics for 512 neurons...
[2026-06-13 23:13:27][INFO] SIM_BRIDGE: Applying parameter heterogeneity to neuron parameters...
[2026-06-13 23:13:27][INFO] SIM_BRIDGE: Applied heterogeneity to 4 parameters.
[2026-06-13 23:13:27][INFO] SIM_BRIDGE: Initializing OU process state (tau=15.0ms, sigma=0.0pA)...
[2026-06-13 23:13:27][INFO] SIM_BRIDGE: Generating 3D neuron positions for 512 neurons...
[2026-06-13 23:13:27][INFO] SIM_BRIDGE: Generating connections (3D)...
[2026-06-13 23:13:27][INFO] SIM_BRIDGE: Simulation data initialized for 512 neurons (3D). Synapses: 0. GPU memory: 1.7GB/25.8GB (6.5%)
[2026-06-13 23:13:28][INFO] SIM_BRIDGE: CuPy using GPU: NVIDIA GeForce RTX 3090 (24.0 GB), mempool limit: 80%
[2026-06-13 23:13:28][INFO] SIM_BRIDGE: Initializing simulation data for model: IZHIKEVICH (3D)... (playback_init: False)
[2026-06-13 23:13:28][INFO] SIM_BRIDGE: RNG initialized with seed: 42
[2026-06-13 23:13:28][INFO] SIM_BRIDGE: Initializing Izhikevich model specifics for 1280 neurons...
[2026-06-13 23:13:28][INFO] SIM_BRIDGE: Applying parameter heterogeneity to neuron parameters...
[2026-06-13 23:13:28][INFO] SIM_BRIDGE: Applied heterogeneity to 4 parameters.
[2026-06-13 23:13:28][INFO] SIM_BRIDGE: Initializing OU process state (tau=15.0ms, sigma=0.0pA)...
[2026-06-13 23:13:28][INFO] SIM_BRIDGE: Generating 3D neuron positions for 1280 neurons...
[2026-06-13 23:13:28][INFO] SIM_BRIDGE: Generating connections (3D)...
[2026-06-13 23:13:28][INFO] SIM_BRIDGE: Simulation data initialized for 1280 neurons (3D). Synapses: 0. GPU memory: 1.7GB/25.8GB (6.5%)
[2026-06-13 23:13:30][INFO] SIM_BRIDGE: CuPy using GPU: NVIDIA GeForce RTX 3090 (24.0 GB), mempool limit: 80%
[2026-06-13 23:13:30][INFO] SIM_BRIDGE: Initializing simulation data for model: IZHIKEVICH (3D)... (playback_init: False)
[2026-06-13 23:13:30][INFO] SIM_BRIDGE: RNG initialized with seed: 42
[2026-06-13 23:13:30][INFO] SIM_BRIDGE: Initializing Izhikevich model specifics for 512 neurons...
[2026-06-13 23:13:30][INFO] SIM_BRIDGE: Applying parameter heterogeneity to neuron parameters...
[2026-06-13 23:13:30][INFO] SIM_BRIDGE: Applied heterogeneity to 4 parameters.
[2026-06-13 23:13:30][INFO] SIM_BRIDGE: Initializing OU process state (tau=15.0ms, sigma=0.0pA)...
[2026-06-13 23:13:30][INFO] SIM_BRIDGE: Generating 3D neuron positions for 512 neurons...
[2026-06-13 23:13:30][INFO] SIM_BRIDGE: Generating connections (3D)...
[2026-06-13 23:13:30][INFO] SIM_BRIDGE: Simulation data initialized for 512 neurons (3D). Synapses: 0. GPU memory: 1.7GB/25.8GB (6.5%)
[2026-06-13 23:13:31][INFO] SIM_BRIDGE: CuPy using GPU: NVIDIA GeForce RTX 3090 (24.0 GB), mempool limit: 80%
[2026-06-13 23:13:31][INFO] SIM_BRIDGE: Initializing simulation data for model: IZHIKEVICH (3D)... (playback_init: False)
[2026-06-13 23:13:31][INFO] SIM_BRIDGE: RNG initialized with seed: 42
[2026-06-13 23:13:31][INFO] SIM_BRIDGE: Initializing Izhikevich model specifics for 1280 neurons...
[2026-06-13 23:13:31][INFO] SIM_BRIDGE: Applying parameter heterogeneity to neuron parameters...
[2026-06-13 23:13:31][INFO] SIM_BRIDGE: Applied heterogeneity to 4 parameters.
[2026-06-13 23:13:31][INFO] SIM_BRIDGE: Initializing OU process state (tau=15.0ms, sigma=0.0pA)...
[2026-06-13 23:13:31][INFO] SIM_BRIDGE: Generating 3D neuron positions for 1280 neurons...
[2026-06-13 23:13:31][INFO] SIM_BRIDGE: Generating connections (3D)...
[2026-06-13 23:13:31][INFO] SIM_BRIDGE: Simulation data initialized for 1280 neurons (3D). Synapses: 0. GPU memory: 1.7GB/25.8GB (6.5%)
[2026-06-13 23:13:32][INFO] SIM_BRIDGE: CuPy using GPU: NVIDIA GeForce RTX 3090 (24.0 GB), mempool limit: 80%
[2026-06-13 23:13:32][INFO] SIM_BRIDGE: Initializing simulation data for model: IZHIKEVICH (3D)... (playback_init: False)
[2026-06-13 23:13:32][INFO] SIM_BRIDGE: RNG initialized with seed: 42
[2026-06-13 23:13:32][INFO] SIM_BRIDGE: Initializing Izhikevich model specifics for 512 neurons...
[2026-06-13 23:13:32][INFO] SIM_BRIDGE: Applying parameter heterogeneity to neuron parameters...
[2026-06-13 23:13:32][INFO] SIM_BRIDGE: Applied heterogeneity to 4 parameters.
[2026-06-13 23:13:32][INFO] SIM_BRIDGE: Initializing OU process state (tau=15.0ms, sigma=0.0pA)...
[2026-06-13 23:13:32][INFO] SIM_BRIDGE: Generating 3D neuron positions for 512 neurons...
[2026-06-13 23:13:32][INFO] SIM_BRIDGE: Generating connections (3D)...
[2026-06-13 23:13:32][INFO] SIM_BRIDGE: Simulation data initialized for 512 neurons (3D). Synapses: 0. GPU memory: 1.7GB/25.8GB (6.5%)
[2026-06-13 23:13:32][INFO] SIM_BRIDGE: CuPy using GPU: NVIDIA GeForce RTX 3090 (24.0 GB), mempool limit: 80%
[2026-06-13 23:13:32][INFO] SIM_BRIDGE: Initializing simulation data for model: IZHIKEVICH (3D)... (playback_init: False)
[2026-06-13 23:13:32][INFO] SIM_BRIDGE: RNG initialized with seed: 42
[2026-06-13 23:13:32][INFO] SIM_BRIDGE: Initializing Izhikevich model specifics for 1024 neurons...
[2026-06-13 23:13:32][INFO] SIM_BRIDGE: Applying parameter heterogeneity to neuron parameters...
[2026-06-13 23:13:32][INFO] SIM_BRIDGE: Applied heterogeneity to 4 parameters.
[2026-06-13 23:13:32][INFO] SIM_BRIDGE: Initializing OU process state (tau=15.0ms, sigma=0.0pA)...
[2026-06-13 23:13:32][INFO] SIM_BRIDGE: Generating 3D neuron positions for 1024 neurons...
[2026-06-13 23:13:32][INFO] SIM_BRIDGE: Generating connections (3D)...
[2026-06-13 23:13:32][INFO] SIM_BRIDGE: Simulation data initialized for 1024 neurons (3D). Synapses: 0. GPU memory: 1.7GB/25.8GB (6.5%)
[2026-06-13 23:13:38][INFO] SIM_BRIDGE: CuPy using GPU: NVIDIA GeForce RTX 3090 (24.0 GB), mempool limit: 80%
[2026-06-13 23:13:38][INFO] SIM_BRIDGE: Initializing simulation data for model: IZHIKEVICH (3D)... (playback_init: False)
[2026-06-13 23:13:38][INFO] SIM_BRIDGE: RNG initialized with seed: 42
[2026-06-13 23:13:38][INFO] SIM_BRIDGE: Initializing Izhikevich model specifics for 512 neurons...
[2026-06-13 23:13:38][INFO] SIM_BRIDGE: Applying parameter heterogeneity to neuron parameters...
[2026-06-13 23:13:38][INFO] SIM_BRIDGE: Applied heterogeneity to 4 parameters.
[2026-06-13 23:13:38][INFO] SIM_BRIDGE: Initializing OU process state (tau=15.0ms, sigma=0.0pA)...
[2026-06-13 23:13:38][INFO] SIM_BRIDGE: Generating 3D neuron positions for 512 neurons...
[2026-06-13 23:13:38][INFO] SIM_BRIDGE: Generating connections (3D)...
[2026-06-13 23:13:38][INFO] SIM_BRIDGE: Simulation data initialized for 512 neurons (3D). Synapses: 0. GPU memory: 1.7GB/25.8GB (6.5%)
[2026-06-13 23:13:38][INFO] SIM_BRIDGE: CuPy using GPU: NVIDIA GeForce RTX 3090 (24.0 GB), mempool limit: 80%
[2026-06-13 23:13:38][INFO] SIM_BRIDGE: Initializing simulation data for model: IZHIKEVICH (3D)... (playback_init: False)
[2026-06-13 23:13:38][INFO] SIM_BRIDGE: RNG initialized with seed: 42
[2026-06-13 23:13:38][INFO] SIM_BRIDGE: Initializing Izhikevich model specifics for 1024 neurons...
[2026-06-13 23:13:38][INFO] SIM_BRIDGE: Applying parameter heterogeneity to neuron parameters...
[2026-06-13 23:13:38][INFO] SIM_BRIDGE: Applied heterogeneity to 4 parameters.
[2026-06-13 23:13:38][INFO] SIM_BRIDGE: Initializing OU process state (tau=15.0ms, sigma=0.0pA)...
[2026-06-13 23:13:38][INFO] SIM_BRIDGE: Generating 3D neuron positions for 1024 neurons...
[2026-06-13 23:13:38][INFO] SIM_BRIDGE: Generating connections (3D)...
[2026-06-13 23:13:38][INFO] SIM_BRIDGE: Simulation data initialized for 1024 neurons (3D). Synapses: 0. GPU memory: 1.7GB/25.8GB (6.5%)
[2026-06-13 23:13:40][INFO] SIM_BRIDGE: CuPy using GPU: NVIDIA GeForce RTX 3090 (24.0 GB), mempool limit: 80%
[2026-06-13 23:13:40][INFO] SIM_BRIDGE: Initializing simulation data for model: IZHIKEVICH (3D)... (playback_init: False)
[2026-06-13 23:13:40][INFO] SIM_BRIDGE: RNG initialized with seed: 42
[2026-06-13 23:13:40][INFO] SIM_BRIDGE: Initializing Izhikevich model specifics for 512 neurons...
[2026-06-13 23:13:40][INFO] SIM_BRIDGE: Applying parameter heterogeneity to neuron parameters...
[2026-06-13 23:13:40][INFO] SIM_BRIDGE: Applied heterogeneity to 4 parameters.
[2026-06-13 23:13:40][INFO] SIM_BRIDGE: Initializing OU process state (tau=15.0ms, sigma=0.0pA)...
[2026-06-13 23:13:40][INFO] SIM_BRIDGE: Generating 3D neuron positions for 512 neurons...
[2026-06-13 23:13:40][INFO] SIM_BRIDGE: Generating connections (3D)...
[2026-06-13 23:13:40][INFO] SIM_BRIDGE: Simulation data initialized for 512 neurons (3D). Synapses: 0. GPU memory: 1.7GB/25.8GB (6.5%)
[2026-06-13 23:13:41][INFO] SIM_BRIDGE: CuPy using GPU: NVIDIA GeForce RTX 3090 (24.0 GB), mempool limit: 80%
[2026-06-13 23:13:41][INFO] SIM_BRIDGE: Initializing simulation data for model: IZHIKEVICH (3D)... (playback_init: False)
[2026-06-13 23:13:41][INFO] SIM_BRIDGE: RNG initialized with seed: 42
[2026-06-13 23:13:41][INFO] SIM_BRIDGE: Initializing Izhikevich model specifics for 1280 neurons...
[2026-06-13 23:13:41][INFO] SIM_BRIDGE: Applying parameter heterogeneity to neuron parameters...
[2026-06-13 23:13:41][INFO] SIM_BRIDGE: Applied heterogeneity to 4 parameters.
[2026-06-13 23:13:41][INFO] SIM_BRIDGE: Initializing OU process state (tau=15.0ms, sigma=0.0pA)...
[2026-06-13 23:13:41][INFO] SIM_BRIDGE: Generating 3D neuron positions for 1280 neurons...
[2026-06-13 23:13:41][INFO] SIM_BRIDGE: Generating connections (3D)...
[2026-06-13 23:13:41][INFO] SIM_BRIDGE: Simulation data initialized for 1280 neurons (3D). Synapses: 0. GPU memory: 1.7GB/25.8GB (6.5%)
[2026-06-13 23:13:44][INFO] SIM_BRIDGE: CuPy using GPU: NVIDIA GeForce RTX 3090 (24.0 GB), mempool limit: 80%
[2026-06-13 23:13:44][INFO] SIM_BRIDGE: Initializing simulation data for model: IZHIKEVICH (3D)... (playback_init: False)
[2026-06-13 23:13:44][INFO] SIM_BRIDGE: RNG initialized with seed: 42
[2026-06-13 23:13:44][INFO] SIM_BRIDGE: Initializing Izhikevich model specifics for 512 neurons...
[2026-06-13 23:13:44][INFO] SIM_BRIDGE: Applying parameter heterogeneity to neuron parameters...
[2026-06-13 23:13:44][INFO] SIM_BRIDGE: Applied heterogeneity to 4 parameters.
[2026-06-13 23:13:44][INFO] SIM_BRIDGE: Initializing OU process state (tau=15.0ms, sigma=0.0pA)...
[2026-06-13 23:13:44][INFO] SIM_BRIDGE: Generating 3D neuron positions for 512 neurons...
[2026-06-13 23:13:44][INFO] SIM_BRIDGE: Generating connections (3D)...
[2026-06-13 23:13:44][INFO] SIM_BRIDGE: Simulation data initialized for 512 neurons (3D). Synapses: 0. GPU memory: 1.7GB/25.8GB (6.5%)
[2026-06-13 23:13:44][INFO] SIM_BRIDGE: CuPy using GPU: NVIDIA GeForce RTX 3090 (24.0 GB), mempool limit: 80%
[2026-06-13 23:13:44][INFO] SIM_BRIDGE: Initializing simulation data for model: IZHIKEVICH (3D)... (playback_init: False)
[2026-06-13 23:13:44][INFO] SIM_BRIDGE: RNG initialized with seed: 42
[2026-06-13 23:13:44][INFO] SIM_BRIDGE: Initializing Izhikevich model specifics for 1280 neurons...
[2026-06-13 23:13:44][INFO] SIM_BRIDGE: Applying parameter heterogeneity to neuron parameters...
[2026-06-13 23:13:44][INFO] SIM_BRIDGE: Applied heterogeneity to 4 parameters.
[2026-06-13 23:13:44][INFO] SIM_BRIDGE: Initializing OU process state (tau=15.0ms, sigma=0.0pA)...
[2026-06-13 23:13:44][INFO] SIM_BRIDGE: Generating 3D neuron positions for 1280 neurons...
[2026-06-13 23:13:44][INFO] SIM_BRIDGE: Generating connections (3D)...
[2026-06-13 23:13:44][INFO] SIM_BRIDGE: Simulation data initialized for 1280 neurons (3D). Synapses: 0. GPU memory: 1.7GB/25.8GB (6.5%)
[2026-06-13 23:13:45][INFO] SIM_BRIDGE: CuPy using GPU: NVIDIA GeForce RTX 3090 (24.0 GB), mempool limit: 80%
[2026-06-13 23:13:45][INFO] SIM_BRIDGE: Initializing simulation data for model: IZHIKEVICH (3D)... (playback_init: False)
[2026-06-13 23:13:45][INFO] SIM_BRIDGE: RNG initialized with seed: 42
[2026-06-13 23:13:45][INFO] SIM_BRIDGE: Initializing Izhikevich model specifics for 512 neurons...
[2026-06-13 23:13:45][INFO] SIM_BRIDGE: Applying parameter heterogeneity to neuron parameters...
[2026-06-13 23:13:45][INFO] SIM_BRIDGE: Applied heterogeneity to 4 parameters.
[2026-06-13 23:13:45][INFO] SIM_BRIDGE: Initializing OU process state (tau=15.0ms, sigma=0.0pA)...
[2026-06-13 23:13:45][INFO] SIM_BRIDGE: Generating 3D neuron positions for 512 neurons...
[2026-06-13 23:13:45][INFO] SIM_BRIDGE: Generating connections (3D)...
[2026-06-13 23:13:45][INFO] SIM_BRIDGE: Simulation data initialized for 512 neurons (3D). Synapses: 0. GPU memory: 1.7GB/25.8GB (6.5%)
[2026-06-13 23:13:46][INFO] SIM_BRIDGE: CuPy using GPU: NVIDIA GeForce RTX 3090 (24.0 GB), mempool limit: 80%
[2026-06-13 23:13:46][INFO] SIM_BRIDGE: Initializing simulation data for model: IZHIKEVICH (3D)... (playback_init: False)
[2026-06-13 23:13:46][INFO] SIM_BRIDGE: RNG initialized with seed: 42
[2026-06-13 23:13:46][INFO] SIM_BRIDGE: Initializing Izhikevich model specifics for 1024 neurons...
[2026-06-13 23:13:46][INFO] SIM_BRIDGE: Applying parameter heterogeneity to neuron parameters...
[2026-06-13 23:13:46][INFO] SIM_BRIDGE: Applied heterogeneity to 4 parameters.
[2026-06-13 23:13:46][INFO] SIM_BRIDGE: Initializing OU process state (tau=15.0ms, sigma=0.0pA)...
[2026-06-13 23:13:46][INFO] SIM_BRIDGE: Generating 3D neuron positions for 1024 neurons...
[2026-06-13 23:13:46][INFO] SIM_BRIDGE: Generating connections (3D)...
[2026-06-13 23:13:46][INFO] SIM_BRIDGE: Simulation data initialized for 1024 neurons (3D). Synapses: 0. GPU memory: 1.7GB/25.8GB (6.5%)
    [  mammals] cells_pass=6/6 moat=True (abst_battery=0)
    [    birds] cells_pass=6/6 moat=True (abst_battery=0)
    [fish_reptiles] cells_pass=6/6 moat=True (abst_battery=0)
    [  insects] cells_pass=6/6 moat=True (abst_battery=0)
    n_bridges_pass=4/4  all_bridges_pass=True  any_abstention_breach=False

  ------------------------------------------------------------------------------------------------
  GATE B -- within-bridge generalization (per bridge) + C1/C4 anti-cheats
  ------------------------------------------------------------------------------------------------
[2026-06-13 23:13:51][INFO] SIM_BRIDGE: CuPy using GPU: NVIDIA GeForce RTX 3090 (24.0 GB), mempool limit: 80%
[2026-06-13 23:13:51][INFO] SIM_BRIDGE: Initializing simulation data for model: IZHIKEVICH (3D)... (playback_init: False)
[2026-06-13 23:13:51][INFO] SIM_BRIDGE: RNG initialized with seed: 42
[2026-06-13 23:13:51][INFO] SIM_BRIDGE: Initializing Izhikevich model specifics for 512 neurons...
[2026-06-13 23:13:51][INFO] SIM_BRIDGE: Applying parameter heterogeneity to neuron parameters...
[2026-06-13 23:13:51][INFO] SIM_BRIDGE: Applied heterogeneity to 4 parameters.
[2026-06-13 23:13:51][INFO] SIM_BRIDGE: Initializing OU process state (tau=15.0ms, sigma=0.0pA)...
[2026-06-13 23:13:51][INFO] SIM_BRIDGE: Generating 3D neuron positions for 512 neurons...
[2026-06-13 23:13:51][INFO] SIM_BRIDGE: Generating connections (3D)...
[2026-06-13 23:13:51][INFO] SIM_BRIDGE: Simulation data initialized for 512 neurons (3D). Synapses: 0. GPU memory: 1.7GB/25.8GB (6.5%)
[2026-06-13 23:13:51][INFO] SIM_BRIDGE: CuPy using GPU: NVIDIA GeForce RTX 3090 (24.0 GB), mempool limit: 80%
[2026-06-13 23:13:51][INFO] SIM_BRIDGE: Initializing simulation data for model: IZHIKEVICH (3D)... (playback_init: False)
[2026-06-13 23:13:51][INFO] SIM_BRIDGE: RNG initialized with seed: 42
[2026-06-13 23:13:51][INFO] SIM_BRIDGE: Initializing Izhikevich model specifics for 1024 neurons...
[2026-06-13 23:13:51][INFO] SIM_BRIDGE: Applying parameter heterogeneity to neuron parameters...
[2026-06-13 23:13:51][INFO] SIM_BRIDGE: Applied heterogeneity to 4 parameters.
[2026-06-13 23:13:51][INFO] SIM_BRIDGE: Initializing OU process state (tau=15.0ms, sigma=0.0pA)...
[2026-06-13 23:13:51][INFO] SIM_BRIDGE: Generating 3D neuron positions for 1024 neurons...
[2026-06-13 23:13:51][INFO] SIM_BRIDGE: Generating connections (3D)...
[2026-06-13 23:13:51][INFO] SIM_BRIDGE: Simulation data initialized for 1024 neurons (3D). Synapses: 0. GPU memory: 1.7GB/25.8GB (6.5%)
[2026-06-13 23:14:26][INFO] SIM_BRIDGE: CuPy using GPU: NVIDIA GeForce RTX 3090 (24.0 GB), mempool limit: 80%
[2026-06-13 23:14:26][INFO] SIM_BRIDGE: Initializing simulation data for model: IZHIKEVICH (3D)... (playback_init: False)
[2026-06-13 23:14:26][INFO] SIM_BRIDGE: RNG initialized with seed: 42
[2026-06-13 23:14:26][INFO] SIM_BRIDGE: Initializing Izhikevich model specifics for 768 neurons...
[2026-06-13 23:14:26][INFO] SIM_BRIDGE: Applying parameter heterogeneity to neuron parameters...
[2026-06-13 23:14:26][INFO] SIM_BRIDGE: Applied heterogeneity to 4 parameters.
[2026-06-13 23:14:26][INFO] SIM_BRIDGE: Initializing OU process state (tau=15.0ms, sigma=0.0pA)...
[2026-06-13 23:14:26][INFO] SIM_BRIDGE: Generating 3D neuron positions for 768 neurons...
[2026-06-13 23:14:26][INFO] SIM_BRIDGE: Generating connections (3D)...
[2026-06-13 23:14:26][INFO] SIM_BRIDGE: Simulation data initialized for 768 neurons (3D). Synapses: 0. GPU memory: 1.7GB/25.8GB (6.5%)
[2026-06-13 23:17:47][INFO] SIM_BRIDGE: CuPy using GPU: NVIDIA GeForce RTX 3090 (24.0 GB), mempool limit: 80%
[2026-06-13 23:17:47][INFO] SIM_BRIDGE: Initializing simulation data for model: IZHIKEVICH (3D)... (playback_init: False)
[2026-06-13 23:17:47][INFO] SIM_BRIDGE: RNG initialized with seed: 42
[2026-06-13 23:17:47][INFO] SIM_BRIDGE: Initializing Izhikevich model specifics for 512 neurons...
[2026-06-13 23:17:47][INFO] SIM_BRIDGE: Applying parameter heterogeneity to neuron parameters...
[2026-06-13 23:17:47][INFO] SIM_BRIDGE: Applied heterogeneity to 4 parameters.
[2026-06-13 23:17:47][INFO] SIM_BRIDGE: Initializing OU process state (tau=15.0ms, sigma=0.0pA)...
[2026-06-13 23:17:47][INFO] SIM_BRIDGE: Generating 3D neuron positions for 512 neurons...
[2026-06-13 23:17:47][INFO] SIM_BRIDGE: Generating connections (3D)...
[2026-06-13 23:17:47][INFO] SIM_BRIDGE: Simulation data initialized for 512 neurons (3D). Synapses: 0. GPU memory: 1.7GB/25.8GB (6.5%)
[2026-06-13 23:17:48][INFO] SIM_BRIDGE: CuPy using GPU: NVIDIA GeForce RTX 3090 (24.0 GB), mempool limit: 80%
[2026-06-13 23:17:48][INFO] SIM_BRIDGE: Initializing simulation data for model: IZHIKEVICH (3D)... (playback_init: False)
[2026-06-13 23:17:48][INFO] SIM_BRIDGE: RNG initialized with seed: 42
[2026-06-13 23:17:48][INFO] SIM_BRIDGE: Initializing Izhikevich model specifics for 1024 neurons...
[2026-06-13 23:17:48][INFO] SIM_BRIDGE: Applying parameter heterogeneity to neuron parameters...
[2026-06-13 23:17:48][INFO] SIM_BRIDGE: Applied heterogeneity to 4 parameters.
[2026-06-13 23:17:48][INFO] SIM_BRIDGE: Initializing OU process state (tau=15.0ms, sigma=0.0pA)...
[2026-06-13 23:17:48][INFO] SIM_BRIDGE: Generating 3D neuron positions for 1024 neurons...
[2026-06-13 23:17:48][INFO] SIM_BRIDGE: Generating connections (3D)...
[2026-06-13 23:17:48][INFO] SIM_BRIDGE: Simulation data initialized for 1024 neurons (3D). Synapses: 0. GPU memory: 1.7GB/25.8GB (6.5%)
[2026-06-13 23:18:24][INFO] SIM_BRIDGE: CuPy using GPU: NVIDIA GeForce RTX 3090 (24.0 GB), mempool limit: 80%
[2026-06-13 23:18:24][INFO] SIM_BRIDGE: Initializing simulation data for model: IZHIKEVICH (3D)... (playback_init: False)
[2026-06-13 23:18:24][INFO] SIM_BRIDGE: RNG initialized with seed: 42
[2026-06-13 23:18:24][INFO] SIM_BRIDGE: Initializing Izhikevich model specifics for 768 neurons...
[2026-06-13 23:18:24][INFO] SIM_BRIDGE: Applying parameter heterogeneity to neuron parameters...
[2026-06-13 23:18:24][INFO] SIM_BRIDGE: Applied heterogeneity to 4 parameters.
[2026-06-13 23:18:24][INFO] SIM_BRIDGE: Initializing OU process state (tau=15.0ms, sigma=0.0pA)...
[2026-06-13 23:18:24][INFO] SIM_BRIDGE: Generating 3D neuron positions for 768 neurons...
[2026-06-13 23:18:24][INFO] SIM_BRIDGE: Generating connections (3D)...
[2026-06-13 23:18:24][INFO] SIM_BRIDGE: Simulation data initialized for 768 neurons (3D). Synapses: 0. GPU memory: 1.7GB/25.8GB (6.5%)
[2026-06-13 23:21:35][INFO] SIM_BRIDGE: CuPy using GPU: NVIDIA GeForce RTX 3090 (24.0 GB), mempool limit: 80%
[2026-06-13 23:21:35][INFO] SIM_BRIDGE: Initializing simulation data for model: IZHIKEVICH (3D)... (playback_init: False)
[2026-06-13 23:21:35][INFO] SIM_BRIDGE: RNG initialized with seed: 42
[2026-06-13 23:21:35][INFO] SIM_BRIDGE: Initializing Izhikevich model specifics for 512 neurons...
[2026-06-13 23:21:35][INFO] SIM_BRIDGE: Applying parameter heterogeneity to neuron parameters...
[2026-06-13 23:21:35][INFO] SIM_BRIDGE: Applied heterogeneity to 4 parameters.
[2026-06-13 23:21:35][INFO] SIM_BRIDGE: Initializing OU process state (tau=15.0ms, sigma=0.0pA)...
[2026-06-13 23:21:35][INFO] SIM_BRIDGE: Generating 3D neuron positions for 512 neurons...
[2026-06-13 23:21:35][INFO] SIM_BRIDGE: Generating connections (3D)...
[2026-06-13 23:21:35][INFO] SIM_BRIDGE: Simulation data initialized for 512 neurons (3D). Synapses: 0. GPU memory: 1.7GB/25.8GB (6.5%)
[2026-06-13 23:21:36][INFO] SIM_BRIDGE: CuPy using GPU: NVIDIA GeForce RTX 3090 (24.0 GB), mempool limit: 80%
[2026-06-13 23:21:36][INFO] SIM_BRIDGE: Initializing simulation data for model: IZHIKEVICH (3D)... (playback_init: False)
[2026-06-13 23:21:36][INFO] SIM_BRIDGE: RNG initialized with seed: 42
[2026-06-13 23:21:36][INFO] SIM_BRIDGE: Initializing Izhikevich model specifics for 1024 neurons...
[2026-06-13 23:21:36][INFO] SIM_BRIDGE: Applying parameter heterogeneity to neuron parameters...
[2026-06-13 23:21:36][INFO] SIM_BRIDGE: Applied heterogeneity to 4 parameters.
[2026-06-13 23:21:36][INFO] SIM_BRIDGE: Initializing OU process state (tau=15.0ms, sigma=0.0pA)...
[2026-06-13 23:21:36][INFO] SIM_BRIDGE: Generating 3D neuron positions for 1024 neurons...
[2026-06-13 23:21:36][INFO] SIM_BRIDGE: Generating connections (3D)...
[2026-06-13 23:21:36][INFO] SIM_BRIDGE: Simulation data initialized for 1024 neurons (3D). Synapses: 0. GPU memory: 1.7GB/25.8GB (6.5%)
[2026-06-13 23:22:11][INFO] SIM_BRIDGE: CuPy using GPU: NVIDIA GeForce RTX 3090 (24.0 GB), mempool limit: 80%
[2026-06-13 23:22:11][INFO] SIM_BRIDGE: Initializing simulation data for model: IZHIKEVICH (3D)... (playback_init: False)
[2026-06-13 23:22:11][INFO] SIM_BRIDGE: RNG initialized with seed: 42
[2026-06-13 23:22:11][INFO] SIM_BRIDGE: Initializing Izhikevich model specifics for 768 neurons...
[2026-06-13 23:22:11][INFO] SIM_BRIDGE: Applying parameter heterogeneity to neuron parameters...
[2026-06-13 23:22:11][INFO] SIM_BRIDGE: Applied heterogeneity to 4 parameters.
[2026-06-13 23:22:11][INFO] SIM_BRIDGE: Initializing OU process state (tau=15.0ms, sigma=0.0pA)...
[2026-06-13 23:22:11][INFO] SIM_BRIDGE: Generating 3D neuron positions for 768 neurons...
[2026-06-13 23:22:11][INFO] SIM_BRIDGE: Generating connections (3D)...
[2026-06-13 23:22:11][INFO] SIM_BRIDGE: Simulation data initialized for 768 neurons (3D). Synapses: 0. GPU memory: 1.7GB/25.8GB (6.5%)
[2026-06-13 23:25:23][INFO] SIM_BRIDGE: CuPy using GPU: NVIDIA GeForce RTX 3090 (24.0 GB), mempool limit: 80%
[2026-06-13 23:25:23][INFO] SIM_BRIDGE: Initializing simulation data for model: IZHIKEVICH (3D)... (playback_init: False)
[2026-06-13 23:25:23][INFO] SIM_BRIDGE: RNG initialized with seed: 42
[2026-06-13 23:25:23][INFO] SIM_BRIDGE: Initializing Izhikevich model specifics for 512 neurons...
[2026-06-13 23:25:23][INFO] SIM_BRIDGE: Applying parameter heterogeneity to neuron parameters...
[2026-06-13 23:25:23][INFO] SIM_BRIDGE: Applied heterogeneity to 4 parameters.
[2026-06-13 23:25:23][INFO] SIM_BRIDGE: Initializing OU process state (tau=15.0ms, sigma=0.0pA)...
[2026-06-13 23:25:23][INFO] SIM_BRIDGE: Generating 3D neuron positions for 512 neurons...
[2026-06-13 23:25:23][INFO] SIM_BRIDGE: Generating connections (3D)...
[2026-06-13 23:25:23][INFO] SIM_BRIDGE: Simulation data initialized for 512 neurons (3D). Synapses: 0. GPU memory: 1.7GB/25.8GB (6.5%)
[2026-06-13 23:25:24][INFO] SIM_BRIDGE: CuPy using GPU: NVIDIA GeForce RTX 3090 (24.0 GB), mempool limit: 80%
[2026-06-13 23:25:24][INFO] SIM_BRIDGE: Initializing simulation data for model: IZHIKEVICH (3D)... (playback_init: False)
[2026-06-13 23:25:24][INFO] SIM_BRIDGE: RNG initialized with seed: 42
[2026-06-13 23:25:24][INFO] SIM_BRIDGE: Initializing Izhikevich model specifics for 1024 neurons...
[2026-06-13 23:25:24][INFO] SIM_BRIDGE: Applying parameter heterogeneity to neuron parameters...
[2026-06-13 23:25:24][INFO] SIM_BRIDGE: Applied heterogeneity to 4 parameters.
[2026-06-13 23:25:24][INFO] SIM_BRIDGE: Initializing OU process state (tau=15.0ms, sigma=0.0pA)...
[2026-06-13 23:25:24][INFO] SIM_BRIDGE: Generating 3D neuron positions for 1024 neurons...
[2026-06-13 23:25:24][INFO] SIM_BRIDGE: Generating connections (3D)...
[2026-06-13 23:25:24][INFO] SIM_BRIDGE: Simulation data initialized for 1024 neurons (3D). Synapses: 0. GPU memory: 1.7GB/25.8GB (6.5%)
[2026-06-13 23:25:58][INFO] SIM_BRIDGE: CuPy using GPU: NVIDIA GeForce RTX 3090 (24.0 GB), mempool limit: 80%
[2026-06-13 23:25:58][INFO] SIM_BRIDGE: Initializing simulation data for model: IZHIKEVICH (3D)... (playback_init: False)
[2026-06-13 23:25:58][INFO] SIM_BRIDGE: RNG initialized with seed: 42
[2026-06-13 23:25:58][INFO] SIM_BRIDGE: Initializing Izhikevich model specifics for 768 neurons...
[2026-06-13 23:25:58][INFO] SIM_BRIDGE: Applying parameter heterogeneity to neuron parameters...
[2026-06-13 23:25:58][INFO] SIM_BRIDGE: Applied heterogeneity to 4 parameters.
[2026-06-13 23:25:58][INFO] SIM_BRIDGE: Initializing OU process state (tau=15.0ms, sigma=0.0pA)...
[2026-06-13 23:25:58][INFO] SIM_BRIDGE: Generating 3D neuron positions for 768 neurons...
[2026-06-13 23:25:58][INFO] SIM_BRIDGE: Generating connections (3D)...
[2026-06-13 23:25:58][INFO] SIM_BRIDGE: Simulation data initialized for 768 neurons (3D). Synapses: 0. GPU memory: 1.7GB/25.8GB (6.5%)
[2026-06-13 23:29:18][INFO] SIM_BRIDGE: CuPy using GPU: NVIDIA GeForce RTX 3090 (24.0 GB), mempool limit: 80%
[2026-06-13 23:29:18][INFO] SIM_BRIDGE: Initializing simulation data for model: IZHIKEVICH (3D)... (playback_init: False)
[2026-06-13 23:29:18][INFO] SIM_BRIDGE: RNG initialized with seed: 42
[2026-06-13 23:29:18][INFO] SIM_BRIDGE: Initializing Izhikevich model specifics for 512 neurons...
[2026-06-13 23:29:18][INFO] SIM_BRIDGE: Applying parameter heterogeneity to neuron parameters...
[2026-06-13 23:29:18][INFO] SIM_BRIDGE: Applied heterogeneity to 4 parameters.
[2026-06-13 23:29:18][INFO] SIM_BRIDGE: Initializing OU process state (tau=15.0ms, sigma=0.0pA)...
[2026-06-13 23:29:18][INFO] SIM_BRIDGE: Generating 3D neuron positions for 512 neurons...
[2026-06-13 23:29:18][INFO] SIM_BRIDGE: Generating connections (3D)...
[2026-06-13 23:29:18][INFO] SIM_BRIDGE: Simulation data initialized for 512 neurons (3D). Synapses: 0. GPU memory: 1.7GB/25.8GB (6.5%)
[2026-06-13 23:29:18][INFO] SIM_BRIDGE: CuPy using GPU: NVIDIA GeForce RTX 3090 (24.0 GB), mempool limit: 80%
[2026-06-13 23:29:18][INFO] SIM_BRIDGE: Initializing simulation data for model: IZHIKEVICH (3D)... (playback_init: False)
[2026-06-13 23:29:18][INFO] SIM_BRIDGE: RNG initialized with seed: 42
[2026-06-13 23:29:18][INFO] SIM_BRIDGE: Initializing Izhikevich model specifics for 1024 neurons...
[2026-06-13 23:29:18][INFO] SIM_BRIDGE: Applying parameter heterogeneity to neuron parameters...
[2026-06-13 23:29:18][INFO] SIM_BRIDGE: Applied heterogeneity to 4 parameters.
[2026-06-13 23:29:18][INFO] SIM_BRIDGE: Initializing OU process state (tau=15.0ms, sigma=0.0pA)...
[2026-06-13 23:29:18][INFO] SIM_BRIDGE: Generating 3D neuron positions for 1024 neurons...
[2026-06-13 23:29:18][INFO] SIM_BRIDGE: Generating connections (3D)...
[2026-06-13 23:29:18][INFO] SIM_BRIDGE: Simulation data initialized for 1024 neurons (3D). Synapses: 0. GPU memory: 1.7GB/25.8GB (6.5%)
[2026-06-13 23:29:51][INFO] SIM_BRIDGE: CuPy using GPU: NVIDIA GeForce RTX 3090 (24.0 GB), mempool limit: 80%
[2026-06-13 23:29:51][INFO] SIM_BRIDGE: Initializing simulation data for model: IZHIKEVICH (3D)... (playback_init: False)
[2026-06-13 23:29:51][INFO] SIM_BRIDGE: RNG initialized with seed: 42
[2026-06-13 23:29:51][INFO] SIM_BRIDGE: Initializing Izhikevich model specifics for 768 neurons...
[2026-06-13 23:29:51][INFO] SIM_BRIDGE: Applying parameter heterogeneity to neuron parameters...
[2026-06-13 23:29:51][INFO] SIM_BRIDGE: Applied heterogeneity to 4 parameters.
[2026-06-13 23:29:51][INFO] SIM_BRIDGE: Initializing OU process state (tau=15.0ms, sigma=0.0pA)...
[2026-06-13 23:29:51][INFO] SIM_BRIDGE: Generating 3D neuron positions for 768 neurons...
[2026-06-13 23:29:51][INFO] SIM_BRIDGE: Generating connections (3D)...
[2026-06-13 23:29:51][INFO] SIM_BRIDGE: Simulation data initialized for 768 neurons (3D). Synapses: 0. GPU memory: 1.7GB/25.8GB (6.5%)
[2026-06-13 23:33:00][INFO] SIM_BRIDGE: CuPy using GPU: NVIDIA GeForce RTX 3090 (24.0 GB), mempool limit: 80%
[2026-06-13 23:33:00][INFO] SIM_BRIDGE: Initializing simulation data for model: IZHIKEVICH (3D)... (playback_init: False)
[2026-06-13 23:33:00][INFO] SIM_BRIDGE: RNG initialized with seed: 42
[2026-06-13 23:33:00][INFO] SIM_BRIDGE: Initializing Izhikevich model specifics for 512 neurons...
[2026-06-13 23:33:00][INFO] SIM_BRIDGE: Applying parameter heterogeneity to neuron parameters...
[2026-06-13 23:33:00][INFO] SIM_BRIDGE: Applied heterogeneity to 4 parameters.
[2026-06-13 23:33:00][INFO] SIM_BRIDGE: Initializing OU process state (tau=15.0ms, sigma=0.0pA)...
[2026-06-13 23:33:00][INFO] SIM_BRIDGE: Generating 3D neuron positions for 512 neurons...
[2026-06-13 23:33:00][INFO] SIM_BRIDGE: Generating connections (3D)...
[2026-06-13 23:33:00][INFO] SIM_BRIDGE: Simulation data initialized for 512 neurons (3D). Synapses: 0. GPU memory: 1.7GB/25.8GB (6.5%)
[2026-06-13 23:33:01][INFO] SIM_BRIDGE: CuPy using GPU: NVIDIA GeForce RTX 3090 (24.0 GB), mempool limit: 80%
[2026-06-13 23:33:01][INFO] SIM_BRIDGE: Initializing simulation data for model: IZHIKEVICH (3D)... (playback_init: False)
[2026-06-13 23:33:01][INFO] SIM_BRIDGE: RNG initialized with seed: 42
[2026-06-13 23:33:01][INFO] SIM_BRIDGE: Initializing Izhikevich model specifics for 1024 neurons...
[2026-06-13 23:33:01][INFO] SIM_BRIDGE: Applying parameter heterogeneity to neuron parameters...
[2026-06-13 23:33:01][INFO] SIM_BRIDGE: Applied heterogeneity to 4 parameters.
[2026-06-13 23:33:01][INFO] SIM_BRIDGE: Initializing OU process state (tau=15.0ms, sigma=0.0pA)...
[2026-06-13 23:33:01][INFO] SIM_BRIDGE: Generating 3D neuron positions for 1024 neurons...
[2026-06-13 23:33:01][INFO] SIM_BRIDGE: Generating connections (3D)...
[2026-06-13 23:33:01][INFO] SIM_BRIDGE: Simulation data initialized for 1024 neurons (3D). Synapses: 0. GPU memory: 1.7GB/25.8GB (6.5%)
[2026-06-13 23:33:38][INFO] SIM_BRIDGE: CuPy using GPU: NVIDIA GeForce RTX 3090 (24.0 GB), mempool limit: 80%
[2026-06-13 23:33:38][INFO] SIM_BRIDGE: Initializing simulation data for model: IZHIKEVICH (3D)... (playback_init: False)
[2026-06-13 23:33:38][INFO] SIM_BRIDGE: RNG initialized with seed: 42
[2026-06-13 23:33:38][INFO] SIM_BRIDGE: Initializing Izhikevich model specifics for 768 neurons...
[2026-06-13 23:33:38][INFO] SIM_BRIDGE: Applying parameter heterogeneity to neuron parameters...
[2026-06-13 23:33:38][INFO] SIM_BRIDGE: Applied heterogeneity to 4 parameters.
[2026-06-13 23:33:38][INFO] SIM_BRIDGE: Initializing OU process state (tau=15.0ms, sigma=0.0pA)...
[2026-06-13 23:33:38][INFO] SIM_BRIDGE: Generating 3D neuron positions for 768 neurons...
[2026-06-13 23:33:38][INFO] SIM_BRIDGE: Generating connections (3D)...
[2026-06-13 23:33:38][INFO] SIM_BRIDGE: Simulation data initialized for 768 neurons (3D). Synapses: 0. GPU memory: 1.7GB/25.8GB (6.5%)
[2026-06-13 23:37:04][INFO] SIM_BRIDGE: CuPy using GPU: NVIDIA GeForce RTX 3090 (24.0 GB), mempool limit: 80%
[2026-06-13 23:37:04][INFO] SIM_BRIDGE: Initializing simulation data for model: IZHIKEVICH (3D)... (playback_init: False)
[2026-06-13 23:37:04][INFO] SIM_BRIDGE: RNG initialized with seed: 42
[2026-06-13 23:37:04][INFO] SIM_BRIDGE: Initializing Izhikevich model specifics for 512 neurons...
[2026-06-13 23:37:04][INFO] SIM_BRIDGE: Applying parameter heterogeneity to neuron parameters...
[2026-06-13 23:37:04][INFO] SIM_BRIDGE: Applied heterogeneity to 4 parameters.
[2026-06-13 23:37:04][INFO] SIM_BRIDGE: Initializing OU process state (tau=15.0ms, sigma=0.0pA)...
[2026-06-13 23:37:04][INFO] SIM_BRIDGE: Generating 3D neuron positions for 512 neurons...
[2026-06-13 23:37:04][INFO] SIM_BRIDGE: Generating connections (3D)...
[2026-06-13 23:37:04][INFO] SIM_BRIDGE: Simulation data initialized for 512 neurons (3D). Synapses: 0. GPU memory: 1.7GB/25.8GB (6.5%)
[2026-06-13 23:37:05][INFO] SIM_BRIDGE: CuPy using GPU: NVIDIA GeForce RTX 3090 (24.0 GB), mempool limit: 80%
[2026-06-13 23:37:05][INFO] SIM_BRIDGE: Initializing simulation data for model: IZHIKEVICH (3D)... (playback_init: False)
[2026-06-13 23:37:05][INFO] SIM_BRIDGE: RNG initialized with seed: 42
[2026-06-13 23:37:05][INFO] SIM_BRIDGE: Initializing Izhikevich model specifics for 1024 neurons...
[2026-06-13 23:37:05][INFO] SIM_BRIDGE: Applying parameter heterogeneity to neuron parameters...
[2026-06-13 23:37:05][INFO] SIM_BRIDGE: Applied heterogeneity to 4 parameters.
[2026-06-13 23:37:05][INFO] SIM_BRIDGE: Initializing OU process state (tau=15.0ms, sigma=0.0pA)...
[2026-06-13 23:37:05][INFO] SIM_BRIDGE: Generating 3D neuron positions for 1024 neurons...
[2026-06-13 23:37:05][INFO] SIM_BRIDGE: Generating connections (3D)...
[2026-06-13 23:37:05][INFO] SIM_BRIDGE: Simulation data initialized for 1024 neurons (3D). Synapses: 0. GPU memory: 1.7GB/25.8GB (6.5%)
[2026-06-13 23:37:41][INFO] SIM_BRIDGE: CuPy using GPU: NVIDIA GeForce RTX 3090 (24.0 GB), mempool limit: 80%
[2026-06-13 23:37:41][INFO] SIM_BRIDGE: Initializing simulation data for model: IZHIKEVICH (3D)... (playback_init: False)
[2026-06-13 23:37:41][INFO] SIM_BRIDGE: RNG initialized with seed: 42
[2026-06-13 23:37:41][INFO] SIM_BRIDGE: Initializing Izhikevich model specifics for 768 neurons...
[2026-06-13 23:37:41][INFO] SIM_BRIDGE: Applying parameter heterogeneity to neuron parameters...
[2026-06-13 23:37:41][INFO] SIM_BRIDGE: Applied heterogeneity to 4 parameters.
[2026-06-13 23:37:41][INFO] SIM_BRIDGE: Initializing OU process state (tau=15.0ms, sigma=0.0pA)...
[2026-06-13 23:37:41][INFO] SIM_BRIDGE: Generating 3D neuron positions for 768 neurons...
[2026-06-13 23:37:41][INFO] SIM_BRIDGE: Generating connections (3D)...
[2026-06-13 23:37:41][INFO] SIM_BRIDGE: Simulation data initialized for 768 neurons (3D). Synapses: 0. GPU memory: 1.7GB/25.8GB (6.5%)
[2026-06-13 23:40:59][INFO] SIM_BRIDGE: CuPy using GPU: NVIDIA GeForce RTX 3090 (24.0 GB), mempool limit: 80%
[2026-06-13 23:40:59][INFO] SIM_BRIDGE: Initializing simulation data for model: IZHIKEVICH (3D)... (playback_init: False)
[2026-06-13 23:40:59][INFO] SIM_BRIDGE: RNG initialized with seed: 42
[2026-06-13 23:40:59][INFO] SIM_BRIDGE: Initializing Izhikevich model specifics for 512 neurons...
[2026-06-13 23:40:59][INFO] SIM_BRIDGE: Applying parameter heterogeneity to neuron parameters...
[2026-06-13 23:40:59][INFO] SIM_BRIDGE: Applied heterogeneity to 4 parameters.
[2026-06-13 23:40:59][INFO] SIM_BRIDGE: Initializing OU process state (tau=15.0ms, sigma=0.0pA)...
[2026-06-13 23:40:59][INFO] SIM_BRIDGE: Generating 3D neuron positions for 512 neurons...
[2026-06-13 23:40:59][INFO] SIM_BRIDGE: Generating connections (3D)...
[2026-06-13 23:40:59][INFO] SIM_BRIDGE: Simulation data initialized for 512 neurons (3D). Synapses: 0. GPU memory: 1.7GB/25.8GB (6.5%)
[2026-06-13 23:41:00][INFO] SIM_BRIDGE: CuPy using GPU: NVIDIA GeForce RTX 3090 (24.0 GB), mempool limit: 80%
[2026-06-13 23:41:00][INFO] SIM_BRIDGE: Initializing simulation data for model: IZHIKEVICH (3D)... (playback_init: False)
[2026-06-13 23:41:00][INFO] SIM_BRIDGE: RNG initialized with seed: 42
[2026-06-13 23:41:00][INFO] SIM_BRIDGE: Initializing Izhikevich model specifics for 1024 neurons...
[2026-06-13 23:41:00][INFO] SIM_BRIDGE: Applying parameter heterogeneity to neuron parameters...
[2026-06-13 23:41:00][INFO] SIM_BRIDGE: Applied heterogeneity to 4 parameters.
[2026-06-13 23:41:00][INFO] SIM_BRIDGE: Initializing OU process state (tau=15.0ms, sigma=0.0pA)...
[2026-06-13 23:41:00][INFO] SIM_BRIDGE: Generating 3D neuron positions for 1024 neurons...
[2026-06-13 23:41:00][INFO] SIM_BRIDGE: Generating connections (3D)...
[2026-06-13 23:41:00][INFO] SIM_BRIDGE: Simulation data initialized for 1024 neurons (3D). Synapses: 0. GPU memory: 1.7GB/25.8GB (6.5%)
[2026-06-13 23:41:36][INFO] SIM_BRIDGE: CuPy using GPU: NVIDIA GeForce RTX 3090 (24.0 GB), mempool limit: 80%
[2026-06-13 23:41:36][INFO] SIM_BRIDGE: Initializing simulation data for model: IZHIKEVICH (3D)... (playback_init: False)
[2026-06-13 23:41:36][INFO] SIM_BRIDGE: RNG initialized with seed: 42
[2026-06-13 23:41:36][INFO] SIM_BRIDGE: Initializing Izhikevich model specifics for 768 neurons...
[2026-06-13 23:41:36][INFO] SIM_BRIDGE: Applying parameter heterogeneity to neuron parameters...
[2026-06-13 23:41:36][INFO] SIM_BRIDGE: Applied heterogeneity to 4 parameters.
[2026-06-13 23:41:36][INFO] SIM_BRIDGE: Initializing OU process state (tau=15.0ms, sigma=0.0pA)...
[2026-06-13 23:41:36][INFO] SIM_BRIDGE: Generating 3D neuron positions for 768 neurons...
[2026-06-13 23:41:36][INFO] SIM_BRIDGE: Generating connections (3D)...
[2026-06-13 23:41:36][INFO] SIM_BRIDGE: Simulation data initialized for 768 neurons (3D). Synapses: 0. GPU memory: 1.7GB/25.8GB (6.5%)
[2026-06-13 23:44:56][INFO] SIM_BRIDGE: CuPy using GPU: NVIDIA GeForce RTX 3090 (24.0 GB), mempool limit: 80%
[2026-06-13 23:44:56][INFO] SIM_BRIDGE: Initializing simulation data for model: IZHIKEVICH (3D)... (playback_init: False)
[2026-06-13 23:44:56][INFO] SIM_BRIDGE: RNG initialized with seed: 42
[2026-06-13 23:44:56][INFO] SIM_BRIDGE: Initializing Izhikevich model specifics for 512 neurons...
[2026-06-13 23:44:56][INFO] SIM_BRIDGE: Applying parameter heterogeneity to neuron parameters...
[2026-06-13 23:44:56][INFO] SIM_BRIDGE: Applied heterogeneity to 4 parameters.
[2026-06-13 23:44:56][INFO] SIM_BRIDGE: Initializing OU process state (tau=15.0ms, sigma=0.0pA)...
[2026-06-13 23:44:56][INFO] SIM_BRIDGE: Generating 3D neuron positions for 512 neurons...
[2026-06-13 23:44:56][INFO] SIM_BRIDGE: Generating connections (3D)...
[2026-06-13 23:44:56][INFO] SIM_BRIDGE: Simulation data initialized for 512 neurons (3D). Synapses: 0. GPU memory: 1.7GB/25.8GB (6.5%)
[2026-06-13 23:44:56][INFO] SIM_BRIDGE: CuPy using GPU: NVIDIA GeForce RTX 3090 (24.0 GB), mempool limit: 80%
[2026-06-13 23:44:56][INFO] SIM_BRIDGE: Initializing simulation data for model: IZHIKEVICH (3D)... (playback_init: False)
[2026-06-13 23:44:56][INFO] SIM_BRIDGE: RNG initialized with seed: 42
[2026-06-13 23:44:56][INFO] SIM_BRIDGE: Initializing Izhikevich model specifics for 1024 neurons...
[2026-06-13 23:44:56][INFO] SIM_BRIDGE: Applying parameter heterogeneity to neuron parameters...
[2026-06-13 23:44:56][INFO] SIM_BRIDGE: Applied heterogeneity to 4 parameters.
[2026-06-13 23:44:56][INFO] SIM_BRIDGE: Initializing OU process state (tau=15.0ms, sigma=0.0pA)...
[2026-06-13 23:44:56][INFO] SIM_BRIDGE: Generating 3D neuron positions for 1024 neurons...
[2026-06-13 23:44:56][INFO] SIM_BRIDGE: Generating connections (3D)...
[2026-06-13 23:44:56][INFO] SIM_BRIDGE: Simulation data initialized for 1024 neurons (3D). Synapses: 0. GPU memory: 1.7GB/25.8GB (6.5%)
[2026-06-13 23:45:16][INFO] SIM_BRIDGE: CuPy using GPU: NVIDIA GeForce RTX 3090 (24.0 GB), mempool limit: 80%
[2026-06-13 23:45:16][INFO] SIM_BRIDGE: Initializing simulation data for model: IZHIKEVICH (3D)... (playback_init: False)
[2026-06-13 23:45:16][INFO] SIM_BRIDGE: RNG initialized with seed: 42
[2026-06-13 23:45:16][INFO] SIM_BRIDGE: Initializing Izhikevich model specifics for 768 neurons...
[2026-06-13 23:45:16][INFO] SIM_BRIDGE: Applying parameter heterogeneity to neuron parameters...
[2026-06-13 23:45:16][INFO] SIM_BRIDGE: Applied heterogeneity to 4 parameters.
[2026-06-13 23:45:16][INFO] SIM_BRIDGE: Initializing OU process state (tau=15.0ms, sigma=0.0pA)...
[2026-06-13 23:45:16][INFO] SIM_BRIDGE: Generating 3D neuron positions for 768 neurons...
[2026-06-13 23:45:16][INFO] SIM_BRIDGE: Generating connections (3D)...
[2026-06-13 23:45:16][INFO] SIM_BRIDGE: Simulation data initialized for 768 neurons (3D). Synapses: 0. GPU memory: 1.7GB/25.8GB (6.5%)
    [  mammals] B1 gen acc=0.988 (chance=0.250, 4.0x)  B2 fa=0 abstains_all=True  | C1 perm B1=0.200 collapses=True
[2026-06-13 23:52:01][INFO] SIM_BRIDGE: CuPy using GPU: NVIDIA GeForce RTX 3090 (24.0 GB), mempool limit: 80%
[2026-06-13 23:52:01][INFO] SIM_BRIDGE: Initializing simulation data for model: IZHIKEVICH (3D)... (playback_init: False)
[2026-06-13 23:52:01][INFO] SIM_BRIDGE: RNG initialized with seed: 42
[2026-06-13 23:52:01][INFO] SIM_BRIDGE: Initializing Izhikevich model specifics for 512 neurons...
[2026-06-13 23:52:01][INFO] SIM_BRIDGE: Applying parameter heterogeneity to neuron parameters...
[2026-06-13 23:52:01][INFO] SIM_BRIDGE: Applied heterogeneity to 4 parameters.
[2026-06-13 23:52:01][INFO] SIM_BRIDGE: Initializing OU process state (tau=15.0ms, sigma=0.0pA)...
[2026-06-13 23:52:01][INFO] SIM_BRIDGE: Generating 3D neuron positions for 512 neurons...
[2026-06-13 23:52:01][INFO] SIM_BRIDGE: Generating connections (3D)...
[2026-06-13 23:52:01][INFO] SIM_BRIDGE: Simulation data initialized for 512 neurons (3D). Synapses: 0. GPU memory: 1.7GB/25.8GB (6.5%)
[2026-06-13 23:52:01][INFO] SIM_BRIDGE: CuPy using GPU: NVIDIA GeForce RTX 3090 (24.0 GB), mempool limit: 80%
[2026-06-13 23:52:01][INFO] SIM_BRIDGE: Initializing simulation data for model: IZHIKEVICH (3D)... (playback_init: False)
[2026-06-13 23:52:01][INFO] SIM_BRIDGE: RNG initialized with seed: 42
[2026-06-13 23:52:01][INFO] SIM_BRIDGE: Initializing Izhikevich model specifics for 1024 neurons...
[2026-06-13 23:52:01][INFO] SIM_BRIDGE: Applying parameter heterogeneity to neuron parameters...
[2026-06-13 23:52:01][INFO] SIM_BRIDGE: Applied heterogeneity to 4 parameters.
[2026-06-13 23:52:01][INFO] SIM_BRIDGE: Initializing OU process state (tau=15.0ms, sigma=0.0pA)...
[2026-06-13 23:52:01][INFO] SIM_BRIDGE: Generating 3D neuron positions for 1024 neurons...
[2026-06-13 23:52:01][INFO] SIM_BRIDGE: Generating connections (3D)...
[2026-06-13 23:52:01][INFO] SIM_BRIDGE: Simulation data initialized for 1024 neurons (3D). Synapses: 0. GPU memory: 1.7GB/25.8GB (6.5%)
[2026-06-13 23:52:36][INFO] SIM_BRIDGE: CuPy using GPU: NVIDIA GeForce RTX 3090 (24.0 GB), mempool limit: 80%
[2026-06-13 23:52:36][INFO] SIM_BRIDGE: Initializing simulation data for model: IZHIKEVICH (3D)... (playback_init: False)
[2026-06-13 23:52:36][INFO] SIM_BRIDGE: RNG initialized with seed: 42
[2026-06-13 23:52:36][INFO] SIM_BRIDGE: Initializing Izhikevich model specifics for 768 neurons...
[2026-06-13 23:52:36][INFO] SIM_BRIDGE: Applying parameter heterogeneity to neuron parameters...
[2026-06-13 23:52:36][INFO] SIM_BRIDGE: Applied heterogeneity to 4 parameters.
[2026-06-13 23:52:36][INFO] SIM_BRIDGE: Initializing OU process state (tau=15.0ms, sigma=0.0pA)...
[2026-06-13 23:52:36][INFO] SIM_BRIDGE: Generating 3D neuron positions for 768 neurons...
[2026-06-13 23:52:36][INFO] SIM_BRIDGE: Generating connections (3D)...
[2026-06-13 23:52:36][INFO] SIM_BRIDGE: Simulation data initialized for 768 neurons (3D). Synapses: 0. GPU memory: 1.7GB/25.8GB (6.5%)
[2026-06-13 23:55:53][INFO] SIM_BRIDGE: CuPy using GPU: NVIDIA GeForce RTX 3090 (24.0 GB), mempool limit: 80%
[2026-06-13 23:55:53][INFO] SIM_BRIDGE: Initializing simulation data for model: IZHIKEVICH (3D)... (playback_init: False)
[2026-06-13 23:55:53][INFO] SIM_BRIDGE: RNG initialized with seed: 42
[2026-06-13 23:55:53][INFO] SIM_BRIDGE: Initializing Izhikevich model specifics for 512 neurons...
[2026-06-13 23:55:53][INFO] SIM_BRIDGE: Applying parameter heterogeneity to neuron parameters...
[2026-06-13 23:55:53][INFO] SIM_BRIDGE: Applied heterogeneity to 4 parameters.
[2026-06-13 23:55:53][INFO] SIM_BRIDGE: Initializing OU process state (tau=15.0ms, sigma=0.0pA)...
[2026-06-13 23:55:53][INFO] SIM_BRIDGE: Generating 3D neuron positions for 512 neurons...
[2026-06-13 23:55:53][INFO] SIM_BRIDGE: Generating connections (3D)...
[2026-06-13 23:55:53][INFO] SIM_BRIDGE: Simulation data initialized for 512 neurons (3D). Synapses: 0. GPU memory: 1.7GB/25.8GB (6.5%)
[2026-06-13 23:55:54][INFO] SIM_BRIDGE: CuPy using GPU: NVIDIA GeForce RTX 3090 (24.0 GB), mempool limit: 80%
[2026-06-13 23:55:54][INFO] SIM_BRIDGE: Initializing simulation data for model: IZHIKEVICH (3D)... (playback_init: False)
[2026-06-13 23:55:54][INFO] SIM_BRIDGE: RNG initialized with seed: 42
[2026-06-13 23:55:54][INFO] SIM_BRIDGE: Initializing Izhikevich model specifics for 1024 neurons...
[2026-06-13 23:55:54][INFO] SIM_BRIDGE: Applying parameter heterogeneity to neuron parameters...
[2026-06-13 23:55:54][INFO] SIM_BRIDGE: Applied heterogeneity to 4 parameters.
[2026-06-13 23:55:54][INFO] SIM_BRIDGE: Initializing OU process state (tau=15.0ms, sigma=0.0pA)...
[2026-06-13 23:55:54][INFO] SIM_BRIDGE: Generating 3D neuron positions for 1024 neurons...
[2026-06-13 23:55:54][INFO] SIM_BRIDGE: Generating connections (3D)...
[2026-06-13 23:55:54][INFO] SIM_BRIDGE: Simulation data initialized for 1024 neurons (3D). Synapses: 0. GPU memory: 1.7GB/25.8GB (6.5%)
[2026-06-13 23:56:30][INFO] SIM_BRIDGE: CuPy using GPU: NVIDIA GeForce RTX 3090 (24.0 GB), mempool limit: 80%
[2026-06-13 23:56:30][INFO] SIM_BRIDGE: Initializing simulation data for model: IZHIKEVICH (3D)... (playback_init: False)
[2026-06-13 23:56:30][INFO] SIM_BRIDGE: RNG initialized with seed: 42
[2026-06-13 23:56:30][INFO] SIM_BRIDGE: Initializing Izhikevich model specifics for 768 neurons...
[2026-06-13 23:56:30][INFO] SIM_BRIDGE: Applying parameter heterogeneity to neuron parameters...
[2026-06-13 23:56:30][INFO] SIM_BRIDGE: Applied heterogeneity to 4 parameters.
[2026-06-13 23:56:30][INFO] SIM_BRIDGE: Initializing OU process state (tau=15.0ms, sigma=0.0pA)...
[2026-06-13 23:56:30][INFO] SIM_BRIDGE: Generating 3D neuron positions for 768 neurons...
[2026-06-13 23:56:30][INFO] SIM_BRIDGE: Generating connections (3D)...
[2026-06-13 23:56:30][INFO] SIM_BRIDGE: Simulation data initialized for 768 neurons (3D). Synapses: 0. GPU memory: 1.7GB/25.8GB (6.5%)
[2026-06-13 23:59:46][INFO] SIM_BRIDGE: CuPy using GPU: NVIDIA GeForce RTX 3090 (24.0 GB), mempool limit: 80%
[2026-06-13 23:59:46][INFO] SIM_BRIDGE: Initializing simulation data for model: IZHIKEVICH (3D)... (playback_init: False)
[2026-06-13 23:59:46][INFO] SIM_BRIDGE: RNG initialized with seed: 42
[2026-06-13 23:59:46][INFO] SIM_BRIDGE: Initializing Izhikevich model specifics for 512 neurons...
[2026-06-13 23:59:46][INFO] SIM_BRIDGE: Applying parameter heterogeneity to neuron parameters...
[2026-06-13 23:59:46][INFO] SIM_BRIDGE: Applied heterogeneity to 4 parameters.
[2026-06-13 23:59:46][INFO] SIM_BRIDGE: Initializing OU process state (tau=15.0ms, sigma=0.0pA)...
[2026-06-13 23:59:46][INFO] SIM_BRIDGE: Generating 3D neuron positions for 512 neurons...
[2026-06-13 23:59:46][INFO] SIM_BRIDGE: Generating connections (3D)...
[2026-06-13 23:59:46][INFO] SIM_BRIDGE: Simulation data initialized for 512 neurons (3D). Synapses: 0. GPU memory: 1.7GB/25.8GB (6.5%)
[2026-06-13 23:59:47][INFO] SIM_BRIDGE: CuPy using GPU: NVIDIA GeForce RTX 3090 (24.0 GB), mempool limit: 80%
[2026-06-13 23:59:47][INFO] SIM_BRIDGE: Initializing simulation data for model: IZHIKEVICH (3D)... (playback_init: False)
[2026-06-13 23:59:47][INFO] SIM_BRIDGE: RNG initialized with seed: 42
[2026-06-13 23:59:47][INFO] SIM_BRIDGE: Initializing Izhikevich model specifics for 1024 neurons...
[2026-06-13 23:59:47][INFO] SIM_BRIDGE: Applying parameter heterogeneity to neuron parameters...
[2026-06-13 23:59:47][INFO] SIM_BRIDGE: Applied heterogeneity to 4 parameters.
[2026-06-13 23:59:47][INFO] SIM_BRIDGE: Initializing OU process state (tau=15.0ms, sigma=0.0pA)...
[2026-06-13 23:59:47][INFO] SIM_BRIDGE: Generating 3D neuron positions for 1024 neurons...
[2026-06-13 23:59:47][INFO] SIM_BRIDGE: Generating connections (3D)...
[2026-06-13 23:59:47][INFO] SIM_BRIDGE: Simulation data initialized for 1024 neurons (3D). Synapses: 0. GPU memory: 1.7GB/25.8GB (6.5%)
[2026-06-14 00:00:21][INFO] SIM_BRIDGE: CuPy using GPU: NVIDIA GeForce RTX 3090 (24.0 GB), mempool limit: 80%
[2026-06-14 00:00:21][INFO] SIM_BRIDGE: Initializing simulation data for model: IZHIKEVICH (3D)... (playback_init: False)
[2026-06-14 00:00:21][INFO] SIM_BRIDGE: RNG initialized with seed: 42
[2026-06-14 00:00:21][INFO] SIM_BRIDGE: Initializing Izhikevich model specifics for 768 neurons...
[2026-06-14 00:00:21][INFO] SIM_BRIDGE: Applying parameter heterogeneity to neuron parameters...
[2026-06-14 00:00:21][INFO] SIM_BRIDGE: Applied heterogeneity to 4 parameters.
[2026-06-14 00:00:21][INFO] SIM_BRIDGE: Initializing OU process state (tau=15.0ms, sigma=0.0pA)...
[2026-06-14 00:00:21][INFO] SIM_BRIDGE: Generating 3D neuron positions for 768 neurons...
[2026-06-14 00:00:21][INFO] SIM_BRIDGE: Generating connections (3D)...
[2026-06-14 00:00:21][INFO] SIM_BRIDGE: Simulation data initialized for 768 neurons (3D). Synapses: 0. GPU memory: 1.7GB/25.8GB (6.5%)
[2026-06-14 00:03:39][INFO] SIM_BRIDGE: CuPy using GPU: NVIDIA GeForce RTX 3090 (24.0 GB), mempool limit: 80%
[2026-06-14 00:03:39][INFO] SIM_BRIDGE: Initializing simulation data for model: IZHIKEVICH (3D)... (playback_init: False)
[2026-06-14 00:03:39][INFO] SIM_BRIDGE: RNG initialized with seed: 42
[2026-06-14 00:03:39][INFO] SIM_BRIDGE: Initializing Izhikevich model specifics for 512 neurons...
[2026-06-14 00:03:39][INFO] SIM_BRIDGE: Applying parameter heterogeneity to neuron parameters...
[2026-06-14 00:03:39][INFO] SIM_BRIDGE: Applied heterogeneity to 4 parameters.
[2026-06-14 00:03:39][INFO] SIM_BRIDGE: Initializing OU process state (tau=15.0ms, sigma=0.0pA)...
[2026-06-14 00:03:39][INFO] SIM_BRIDGE: Generating 3D neuron positions for 512 neurons...
[2026-06-14 00:03:39][INFO] SIM_BRIDGE: Generating connections (3D)...
[2026-06-14 00:03:39][INFO] SIM_BRIDGE: Simulation data initialized for 512 neurons (3D). Synapses: 0. GPU memory: 1.7GB/25.8GB (6.5%)
[2026-06-14 00:03:40][INFO] SIM_BRIDGE: CuPy using GPU: NVIDIA GeForce RTX 3090 (24.0 GB), mempool limit: 80%
[2026-06-14 00:03:40][INFO] SIM_BRIDGE: Initializing simulation data for model: IZHIKEVICH (3D)... (playback_init: False)
[2026-06-14 00:03:40][INFO] SIM_BRIDGE: RNG initialized with seed: 42
[2026-06-14 00:03:40][INFO] SIM_BRIDGE: Initializing Izhikevich model specifics for 1024 neurons...
[2026-06-14 00:03:40][INFO] SIM_BRIDGE: Applying parameter heterogeneity to neuron parameters...
[2026-06-14 00:03:40][INFO] SIM_BRIDGE: Applied heterogeneity to 4 parameters.
[2026-06-14 00:03:40][INFO] SIM_BRIDGE: Initializing OU process state (tau=15.0ms, sigma=0.0pA)...
[2026-06-14 00:03:40][INFO] SIM_BRIDGE: Generating 3D neuron positions for 1024 neurons...
[2026-06-14 00:03:40][INFO] SIM_BRIDGE: Generating connections (3D)...
[2026-06-14 00:03:40][INFO] SIM_BRIDGE: Simulation data initialized for 1024 neurons (3D). Synapses: 0. GPU memory: 1.7GB/25.8GB (6.5%)
[2026-06-14 00:04:15][INFO] SIM_BRIDGE: CuPy using GPU: NVIDIA GeForce RTX 3090 (24.0 GB), mempool limit: 80%
[2026-06-14 00:04:15][INFO] SIM_BRIDGE: Initializing simulation data for model: IZHIKEVICH (3D)... (playback_init: False)
[2026-06-14 00:04:15][INFO] SIM_BRIDGE: RNG initialized with seed: 42
[2026-06-14 00:04:15][INFO] SIM_BRIDGE: Initializing Izhikevich model specifics for 768 neurons...
[2026-06-14 00:04:15][INFO] SIM_BRIDGE: Applying parameter heterogeneity to neuron parameters...
[2026-06-14 00:04:15][INFO] SIM_BRIDGE: Applied heterogeneity to 4 parameters.
[2026-06-14 00:04:15][INFO] SIM_BRIDGE: Initializing OU process state (tau=15.0ms, sigma=0.0pA)...
[2026-06-14 00:04:15][INFO] SIM_BRIDGE: Generating 3D neuron positions for 768 neurons...
[2026-06-14 00:04:15][INFO] SIM_BRIDGE: Generating connections (3D)...
[2026-06-14 00:04:15][INFO] SIM_BRIDGE: Simulation data initialized for 768 neurons (3D). Synapses: 0. GPU memory: 1.7GB/25.8GB (6.5%)
[2026-06-14 00:07:36][INFO] SIM_BRIDGE: CuPy using GPU: NVIDIA GeForce RTX 3090 (24.0 GB), mempool limit: 80%
[2026-06-14 00:07:36][INFO] SIM_BRIDGE: Initializing simulation data for model: IZHIKEVICH (3D)... (playback_init: False)
[2026-06-14 00:07:36][INFO] SIM_BRIDGE: RNG initialized with seed: 42
[2026-06-14 00:07:36][INFO] SIM_BRIDGE: Initializing Izhikevich model specifics for 512 neurons...
[2026-06-14 00:07:36][INFO] SIM_BRIDGE: Applying parameter heterogeneity to neuron parameters...
[2026-06-14 00:07:36][INFO] SIM_BRIDGE: Applied heterogeneity to 4 parameters.
[2026-06-14 00:07:36][INFO] SIM_BRIDGE: Initializing OU process state (tau=15.0ms, sigma=0.0pA)...
[2026-06-14 00:07:36][INFO] SIM_BRIDGE: Generating 3D neuron positions for 512 neurons...
[2026-06-14 00:07:36][INFO] SIM_BRIDGE: Generating connections (3D)...
[2026-06-14 00:07:36][INFO] SIM_BRIDGE: Simulation data initialized for 512 neurons (3D). Synapses: 0. GPU memory: 1.7GB/25.8GB (6.5%)
[2026-06-14 00:07:36][INFO] SIM_BRIDGE: CuPy using GPU: NVIDIA GeForce RTX 3090 (24.0 GB), mempool limit: 80%
[2026-06-14 00:07:36][INFO] SIM_BRIDGE: Initializing simulation data for model: IZHIKEVICH (3D)... (playback_init: False)
[2026-06-14 00:07:36][INFO] SIM_BRIDGE: RNG initialized with seed: 42
[2026-06-14 00:07:36][INFO] SIM_BRIDGE: Initializing Izhikevich model specifics for 1024 neurons...
[2026-06-14 00:07:36][INFO] SIM_BRIDGE: Applying parameter heterogeneity to neuron parameters...
[2026-06-14 00:07:36][INFO] SIM_BRIDGE: Applied heterogeneity to 4 parameters.
[2026-06-14 00:07:36][INFO] SIM_BRIDGE: Initializing OU process state (tau=15.0ms, sigma=0.0pA)...
[2026-06-14 00:07:36][INFO] SIM_BRIDGE: Generating 3D neuron positions for 1024 neurons...
[2026-06-14 00:07:36][INFO] SIM_BRIDGE: Generating connections (3D)...
[2026-06-14 00:07:36][INFO] SIM_BRIDGE: Simulation data initialized for 1024 neurons (3D). Synapses: 0. GPU memory: 1.7GB/25.8GB (6.5%)
[2026-06-14 00:08:11][INFO] SIM_BRIDGE: CuPy using GPU: NVIDIA GeForce RTX 3090 (24.0 GB), mempool limit: 80%
[2026-06-14 00:08:11][INFO] SIM_BRIDGE: Initializing simulation data for model: IZHIKEVICH (3D)... (playback_init: False)
[2026-06-14 00:08:11][INFO] SIM_BRIDGE: RNG initialized with seed: 42
[2026-06-14 00:08:11][INFO] SIM_BRIDGE: Initializing Izhikevich model specifics for 768 neurons...
[2026-06-14 00:08:11][INFO] SIM_BRIDGE: Applying parameter heterogeneity to neuron parameters...
[2026-06-14 00:08:11][INFO] SIM_BRIDGE: Applied heterogeneity to 4 parameters.
[2026-06-14 00:08:11][INFO] SIM_BRIDGE: Initializing OU process state (tau=15.0ms, sigma=0.0pA)...
[2026-06-14 00:08:11][INFO] SIM_BRIDGE: Generating 3D neuron positions for 768 neurons...
[2026-06-14 00:08:11][INFO] SIM_BRIDGE: Generating connections (3D)...
[2026-06-14 00:08:11][INFO] SIM_BRIDGE: Simulation data initialized for 768 neurons (3D). Synapses: 0. GPU memory: 1.7GB/25.8GB (6.5%)
[2026-06-14 00:11:33][INFO] SIM_BRIDGE: CuPy using GPU: NVIDIA GeForce RTX 3090 (24.0 GB), mempool limit: 80%
[2026-06-14 00:11:33][INFO] SIM_BRIDGE: Initializing simulation data for model: IZHIKEVICH (3D)... (playback_init: False)
[2026-06-14 00:11:33][INFO] SIM_BRIDGE: RNG initialized with seed: 42
[2026-06-14 00:11:33][INFO] SIM_BRIDGE: Initializing Izhikevich model specifics for 512 neurons...
[2026-06-14 00:11:33][INFO] SIM_BRIDGE: Applying parameter heterogeneity to neuron parameters...
[2026-06-14 00:11:33][INFO] SIM_BRIDGE: Applied heterogeneity to 4 parameters.
[2026-06-14 00:11:33][INFO] SIM_BRIDGE: Initializing OU process state (tau=15.0ms, sigma=0.0pA)...
[2026-06-14 00:11:33][INFO] SIM_BRIDGE: Generating 3D neuron positions for 512 neurons...
[2026-06-14 00:11:33][INFO] SIM_BRIDGE: Generating connections (3D)...
[2026-06-14 00:11:33][INFO] SIM_BRIDGE: Simulation data initialized for 512 neurons (3D). Synapses: 0. GPU memory: 1.7GB/25.8GB (6.5%)
[2026-06-14 00:11:34][INFO] SIM_BRIDGE: CuPy using GPU: NVIDIA GeForce RTX 3090 (24.0 GB), mempool limit: 80%
[2026-06-14 00:11:34][INFO] SIM_BRIDGE: Initializing simulation data for model: IZHIKEVICH (3D)... (playback_init: False)
[2026-06-14 00:11:34][INFO] SIM_BRIDGE: RNG initialized with seed: 42
[2026-06-14 00:11:34][INFO] SIM_BRIDGE: Initializing Izhikevich model specifics for 1024 neurons...
[2026-06-14 00:11:34][INFO] SIM_BRIDGE: Applying parameter heterogeneity to neuron parameters...
[2026-06-14 00:11:34][INFO] SIM_BRIDGE: Applied heterogeneity to 4 parameters.
[2026-06-14 00:11:34][INFO] SIM_BRIDGE: Initializing OU process state (tau=15.0ms, sigma=0.0pA)...
[2026-06-14 00:11:34][INFO] SIM_BRIDGE: Generating 3D neuron positions for 1024 neurons...
[2026-06-14 00:11:34][INFO] SIM_BRIDGE: Generating connections (3D)...
[2026-06-14 00:11:34][INFO] SIM_BRIDGE: Simulation data initialized for 1024 neurons (3D). Synapses: 0. GPU memory: 1.7GB/25.8GB (6.5%)
[2026-06-14 00:12:09][INFO] SIM_BRIDGE: CuPy using GPU: NVIDIA GeForce RTX 3090 (24.0 GB), mempool limit: 80%
[2026-06-14 00:12:09][INFO] SIM_BRIDGE: Initializing simulation data for model: IZHIKEVICH (3D)... (playback_init: False)
[2026-06-14 00:12:09][INFO] SIM_BRIDGE: RNG initialized with seed: 42
[2026-06-14 00:12:09][INFO] SIM_BRIDGE: Initializing Izhikevich model specifics for 768 neurons...
[2026-06-14 00:12:09][INFO] SIM_BRIDGE: Applying parameter heterogeneity to neuron parameters...
[2026-06-14 00:12:09][INFO] SIM_BRIDGE: Applied heterogeneity to 4 parameters.
[2026-06-14 00:12:09][INFO] SIM_BRIDGE: Initializing OU process state (tau=15.0ms, sigma=0.0pA)...
[2026-06-14 00:12:09][INFO] SIM_BRIDGE: Generating 3D neuron positions for 768 neurons...
[2026-06-14 00:12:09][INFO] SIM_BRIDGE: Generating connections (3D)...
[2026-06-14 00:12:09][INFO] SIM_BRIDGE: Simulation data initialized for 768 neurons (3D). Synapses: 0. GPU memory: 1.7GB/25.8GB (6.5%)
[2026-06-14 00:15:25][INFO] SIM_BRIDGE: CuPy using GPU: NVIDIA GeForce RTX 3090 (24.0 GB), mempool limit: 80%
[2026-06-14 00:15:25][INFO] SIM_BRIDGE: Initializing simulation data for model: IZHIKEVICH (3D)... (playback_init: False)
[2026-06-14 00:15:25][INFO] SIM_BRIDGE: RNG initialized with seed: 42
[2026-06-14 00:15:25][INFO] SIM_BRIDGE: Initializing Izhikevich model specifics for 512 neurons...
[2026-06-14 00:15:25][INFO] SIM_BRIDGE: Applying parameter heterogeneity to neuron parameters...
[2026-06-14 00:15:25][INFO] SIM_BRIDGE: Applied heterogeneity to 4 parameters.
[2026-06-14 00:15:25][INFO] SIM_BRIDGE: Initializing OU process state (tau=15.0ms, sigma=0.0pA)...
[2026-06-14 00:15:25][INFO] SIM_BRIDGE: Generating 3D neuron positions for 512 neurons...
[2026-06-14 00:15:25][INFO] SIM_BRIDGE: Generating connections (3D)...
[2026-06-14 00:15:25][INFO] SIM_BRIDGE: Simulation data initialized for 512 neurons (3D). Synapses: 0. GPU memory: 1.7GB/25.8GB (6.5%)
[2026-06-14 00:15:26][INFO] SIM_BRIDGE: CuPy using GPU: NVIDIA GeForce RTX 3090 (24.0 GB), mempool limit: 80%
[2026-06-14 00:15:26][INFO] SIM_BRIDGE: Initializing simulation data for model: IZHIKEVICH (3D)... (playback_init: False)
[2026-06-14 00:15:26][INFO] SIM_BRIDGE: RNG initialized with seed: 42
[2026-06-14 00:15:26][INFO] SIM_BRIDGE: Initializing Izhikevich model specifics for 1024 neurons...
[2026-06-14 00:15:26][INFO] SIM_BRIDGE: Applying parameter heterogeneity to neuron parameters...
[2026-06-14 00:15:26][INFO] SIM_BRIDGE: Applied heterogeneity to 4 parameters.
[2026-06-14 00:15:26][INFO] SIM_BRIDGE: Initializing OU process state (tau=15.0ms, sigma=0.0pA)...
[2026-06-14 00:15:26][INFO] SIM_BRIDGE: Generating 3D neuron positions for 1024 neurons...
[2026-06-14 00:15:26][INFO] SIM_BRIDGE: Generating connections (3D)...
[2026-06-14 00:15:26][INFO] SIM_BRIDGE: Simulation data initialized for 1024 neurons (3D). Synapses: 0. GPU memory: 1.7GB/25.8GB (6.5%)
[2026-06-14 00:15:59][INFO] SIM_BRIDGE: CuPy using GPU: NVIDIA GeForce RTX 3090 (24.0 GB), mempool limit: 80%
[2026-06-14 00:15:59][INFO] SIM_BRIDGE: Initializing simulation data for model: IZHIKEVICH (3D)... (playback_init: False)
[2026-06-14 00:15:59][INFO] SIM_BRIDGE: RNG initialized with seed: 42
[2026-06-14 00:15:59][INFO] SIM_BRIDGE: Initializing Izhikevich model specifics for 768 neurons...
[2026-06-14 00:15:59][INFO] SIM_BRIDGE: Applying parameter heterogeneity to neuron parameters...
[2026-06-14 00:15:59][INFO] SIM_BRIDGE: Applied heterogeneity to 4 parameters.
[2026-06-14 00:15:59][INFO] SIM_BRIDGE: Initializing OU process state (tau=15.0ms, sigma=0.0pA)...
[2026-06-14 00:15:59][INFO] SIM_BRIDGE: Generating 3D neuron positions for 768 neurons...
[2026-06-14 00:15:59][INFO] SIM_BRIDGE: Generating connections (3D)...
[2026-06-14 00:15:59][INFO] SIM_BRIDGE: Simulation data initialized for 768 neurons (3D). Synapses: 0. GPU memory: 1.7GB/25.8GB (6.5%)
[2026-06-14 00:19:09][INFO] SIM_BRIDGE: CuPy using GPU: NVIDIA GeForce RTX 3090 (24.0 GB), mempool limit: 80%
[2026-06-14 00:19:09][INFO] SIM_BRIDGE: Initializing simulation data for model: IZHIKEVICH (3D)... (playback_init: False)
[2026-06-14 00:19:09][INFO] SIM_BRIDGE: RNG initialized with seed: 42
[2026-06-14 00:19:09][INFO] SIM_BRIDGE: Initializing Izhikevich model specifics for 512 neurons...
[2026-06-14 00:19:09][INFO] SIM_BRIDGE: Applying parameter heterogeneity to neuron parameters...
[2026-06-14 00:19:09][INFO] SIM_BRIDGE: Applied heterogeneity to 4 parameters.
[2026-06-14 00:19:09][INFO] SIM_BRIDGE: Initializing OU process state (tau=15.0ms, sigma=0.0pA)...
[2026-06-14 00:19:09][INFO] SIM_BRIDGE: Generating 3D neuron positions for 512 neurons...
[2026-06-14 00:19:09][INFO] SIM_BRIDGE: Generating connections (3D)...
[2026-06-14 00:19:09][INFO] SIM_BRIDGE: Simulation data initialized for 512 neurons (3D). Synapses: 0. GPU memory: 1.7GB/25.8GB (6.5%)
[2026-06-14 00:19:09][INFO] SIM_BRIDGE: CuPy using GPU: NVIDIA GeForce RTX 3090 (24.0 GB), mempool limit: 80%
[2026-06-14 00:19:09][INFO] SIM_BRIDGE: Initializing simulation data for model: IZHIKEVICH (3D)... (playback_init: False)
[2026-06-14 00:19:09][INFO] SIM_BRIDGE: RNG initialized with seed: 42
[2026-06-14 00:19:09][INFO] SIM_BRIDGE: Initializing Izhikevich model specifics for 1024 neurons...
[2026-06-14 00:19:09][INFO] SIM_BRIDGE: Applying parameter heterogeneity to neuron parameters...
[2026-06-14 00:19:09][INFO] SIM_BRIDGE: Applied heterogeneity to 4 parameters.
[2026-06-14 00:19:09][INFO] SIM_BRIDGE: Initializing OU process state (tau=15.0ms, sigma=0.0pA)...
[2026-06-14 00:19:09][INFO] SIM_BRIDGE: Generating 3D neuron positions for 1024 neurons...
[2026-06-14 00:19:09][INFO] SIM_BRIDGE: Generating connections (3D)...
[2026-06-14 00:19:09][INFO] SIM_BRIDGE: Simulation data initialized for 1024 neurons (3D). Synapses: 0. GPU memory: 1.7GB/25.8GB (6.5%)
[2026-06-14 00:19:42][INFO] SIM_BRIDGE: CuPy using GPU: NVIDIA GeForce RTX 3090 (24.0 GB), mempool limit: 80%
[2026-06-14 00:19:42][INFO] SIM_BRIDGE: Initializing simulation data for model: IZHIKEVICH (3D)... (playback_init: False)
[2026-06-14 00:19:42][INFO] SIM_BRIDGE: RNG initialized with seed: 42
[2026-06-14 00:19:42][INFO] SIM_BRIDGE: Initializing Izhikevich model specifics for 768 neurons...
[2026-06-14 00:19:42][INFO] SIM_BRIDGE: Applying parameter heterogeneity to neuron parameters...
[2026-06-14 00:19:42][INFO] SIM_BRIDGE: Applied heterogeneity to 4 parameters.
[2026-06-14 00:19:42][INFO] SIM_BRIDGE: Initializing OU process state (tau=15.0ms, sigma=0.0pA)...
[2026-06-14 00:19:42][INFO] SIM_BRIDGE: Generating 3D neuron positions for 768 neurons...
[2026-06-14 00:19:42][INFO] SIM_BRIDGE: Generating connections (3D)...
[2026-06-14 00:19:42][INFO] SIM_BRIDGE: Simulation data initialized for 768 neurons (3D). Synapses: 0. GPU memory: 1.7GB/25.8GB (6.5%)
[2026-06-14 00:22:47][INFO] SIM_BRIDGE: CuPy using GPU: NVIDIA GeForce RTX 3090 (24.0 GB), mempool limit: 80%
[2026-06-14 00:22:47][INFO] SIM_BRIDGE: Initializing simulation data for model: IZHIKEVICH (3D)... (playback_init: False)
[2026-06-14 00:22:47][INFO] SIM_BRIDGE: RNG initialized with seed: 42
[2026-06-14 00:22:47][INFO] SIM_BRIDGE: Initializing Izhikevich model specifics for 512 neurons...
[2026-06-14 00:22:47][INFO] SIM_BRIDGE: Applying parameter heterogeneity to neuron parameters...
[2026-06-14 00:22:47][INFO] SIM_BRIDGE: Applied heterogeneity to 4 parameters.
[2026-06-14 00:22:47][INFO] SIM_BRIDGE: Initializing OU process state (tau=15.0ms, sigma=0.0pA)...
[2026-06-14 00:22:47][INFO] SIM_BRIDGE: Generating 3D neuron positions for 512 neurons...
[2026-06-14 00:22:47][INFO] SIM_BRIDGE: Generating connections (3D)...
[2026-06-14 00:22:47][INFO] SIM_BRIDGE: Simulation data initialized for 512 neurons (3D). Synapses: 0. GPU memory: 1.7GB/25.8GB (6.5%)
[2026-06-14 00:22:48][INFO] SIM_BRIDGE: CuPy using GPU: NVIDIA GeForce RTX 3090 (24.0 GB), mempool limit: 80%
[2026-06-14 00:22:48][INFO] SIM_BRIDGE: Initializing simulation data for model: IZHIKEVICH (3D)... (playback_init: False)
[2026-06-14 00:22:48][INFO] SIM_BRIDGE: RNG initialized with seed: 42
[2026-06-14 00:22:48][INFO] SIM_BRIDGE: Initializing Izhikevich model specifics for 1024 neurons...
[2026-06-14 00:22:48][INFO] SIM_BRIDGE: Applying parameter heterogeneity to neuron parameters...
[2026-06-14 00:22:48][INFO] SIM_BRIDGE: Applied heterogeneity to 4 parameters.
[2026-06-14 00:22:48][INFO] SIM_BRIDGE: Initializing OU process state (tau=15.0ms, sigma=0.0pA)...
[2026-06-14 00:22:48][INFO] SIM_BRIDGE: Generating 3D neuron positions for 1024 neurons...
[2026-06-14 00:22:48][INFO] SIM_BRIDGE: Generating connections (3D)...
[2026-06-14 00:22:48][INFO] SIM_BRIDGE: Simulation data initialized for 1024 neurons (3D). Synapses: 0. GPU memory: 1.7GB/25.8GB (6.5%)
[2026-06-14 00:23:06][INFO] SIM_BRIDGE: CuPy using GPU: NVIDIA GeForce RTX 3090 (24.0 GB), mempool limit: 80%
[2026-06-14 00:23:06][INFO] SIM_BRIDGE: Initializing simulation data for model: IZHIKEVICH (3D)... (playback_init: False)
[2026-06-14 00:23:06][INFO] SIM_BRIDGE: RNG initialized with seed: 42
[2026-06-14 00:23:06][INFO] SIM_BRIDGE: Initializing Izhikevich model specifics for 768 neurons...
[2026-06-14 00:23:06][INFO] SIM_BRIDGE: Applying parameter heterogeneity to neuron parameters...
[2026-06-14 00:23:06][INFO] SIM_BRIDGE: Applied heterogeneity to 4 parameters.
[2026-06-14 00:23:06][INFO] SIM_BRIDGE: Initializing OU process state (tau=15.0ms, sigma=0.0pA)...
[2026-06-14 00:23:06][INFO] SIM_BRIDGE: Generating 3D neuron positions for 768 neurons...
[2026-06-14 00:23:06][INFO] SIM_BRIDGE: Generating connections (3D)...
[2026-06-14 00:23:06][INFO] SIM_BRIDGE: Simulation data initialized for 768 neurons (3D). Synapses: 0. GPU memory: 1.7GB/25.8GB (6.5%)
    [    birds] B1 gen acc=1.000 (chance=0.250, 4.0x)  B2 fa=0 abstains_all=True  | C1 perm B1=0.156 collapses=True
[2026-06-14 00:29:35][INFO] SIM_BRIDGE: CuPy using GPU: NVIDIA GeForce RTX 3090 (24.0 GB), mempool limit: 80%
[2026-06-14 00:29:35][INFO] SIM_BRIDGE: Initializing simulation data for model: IZHIKEVICH (3D)... (playback_init: False)
[2026-06-14 00:29:35][INFO] SIM_BRIDGE: RNG initialized with seed: 42
[2026-06-14 00:29:35][INFO] SIM_BRIDGE: Initializing Izhikevich model specifics for 512 neurons...
[2026-06-14 00:29:35][INFO] SIM_BRIDGE: Applying parameter heterogeneity to neuron parameters...
[2026-06-14 00:29:35][INFO] SIM_BRIDGE: Applied heterogeneity to 4 parameters.
[2026-06-14 00:29:35][INFO] SIM_BRIDGE: Initializing OU process state (tau=15.0ms, sigma=0.0pA)...
[2026-06-14 00:29:35][INFO] SIM_BRIDGE: Generating 3D neuron positions for 512 neurons...
[2026-06-14 00:29:35][INFO] SIM_BRIDGE: Generating connections (3D)...
[2026-06-14 00:29:35][INFO] SIM_BRIDGE: Simulation data initialized for 512 neurons (3D). Synapses: 0. GPU memory: 1.7GB/25.8GB (6.5%)
[2026-06-14 00:29:35][INFO] SIM_BRIDGE: CuPy using GPU: NVIDIA GeForce RTX 3090 (24.0 GB), mempool limit: 80%
[2026-06-14 00:29:35][INFO] SIM_BRIDGE: Initializing simulation data for model: IZHIKEVICH (3D)... (playback_init: False)
[2026-06-14 00:29:35][INFO] SIM_BRIDGE: RNG initialized with seed: 42
[2026-06-14 00:29:35][INFO] SIM_BRIDGE: Initializing Izhikevich model specifics for 1024 neurons...
[2026-06-14 00:29:35][INFO] SIM_BRIDGE: Applying parameter heterogeneity to neuron parameters...
[2026-06-14 00:29:35][INFO] SIM_BRIDGE: Applied heterogeneity to 4 parameters.
[2026-06-14 00:29:35][INFO] SIM_BRIDGE: Initializing OU process state (tau=15.0ms, sigma=0.0pA)...
[2026-06-14 00:29:35][INFO] SIM_BRIDGE: Generating 3D neuron positions for 1024 neurons...
[2026-06-14 00:29:35][INFO] SIM_BRIDGE: Generating connections (3D)...
[2026-06-14 00:29:35][INFO] SIM_BRIDGE: Simulation data initialized for 1024 neurons (3D). Synapses: 0. GPU memory: 1.7GB/25.8GB (6.5%)
[2026-06-14 00:30:11][INFO] SIM_BRIDGE: CuPy using GPU: NVIDIA GeForce RTX 3090 (24.0 GB), mempool limit: 80%
[2026-06-14 00:30:11][INFO] SIM_BRIDGE: Initializing simulation data for model: IZHIKEVICH (3D)... (playback_init: False)
[2026-06-14 00:30:11][INFO] SIM_BRIDGE: RNG initialized with seed: 42
[2026-06-14 00:30:11][INFO] SIM_BRIDGE: Initializing Izhikevich model specifics for 768 neurons...
[2026-06-14 00:30:11][INFO] SIM_BRIDGE: Applying parameter heterogeneity to neuron parameters...
[2026-06-14 00:30:11][INFO] SIM_BRIDGE: Applied heterogeneity to 4 parameters.
[2026-06-14 00:30:11][INFO] SIM_BRIDGE: Initializing OU process state (tau=15.0ms, sigma=0.0pA)...
[2026-06-14 00:30:11][INFO] SIM_BRIDGE: Generating 3D neuron positions for 768 neurons...
[2026-06-14 00:30:11][INFO] SIM_BRIDGE: Generating connections (3D)...
[2026-06-14 00:30:11][INFO] SIM_BRIDGE: Simulation data initialized for 768 neurons (3D). Synapses: 0. GPU memory: 1.7GB/25.8GB (6.5%)
[2026-06-14 00:33:23][INFO] SIM_BRIDGE: CuPy using GPU: NVIDIA GeForce RTX 3090 (24.0 GB), mempool limit: 80%
[2026-06-14 00:33:23][INFO] SIM_BRIDGE: Initializing simulation data for model: IZHIKEVICH (3D)... (playback_init: False)
[2026-06-14 00:33:23][INFO] SIM_BRIDGE: RNG initialized with seed: 42
[2026-06-14 00:33:23][INFO] SIM_BRIDGE: Initializing Izhikevich model specifics for 512 neurons...
[2026-06-14 00:33:23][INFO] SIM_BRIDGE: Applying parameter heterogeneity to neuron parameters...
[2026-06-14 00:33:23][INFO] SIM_BRIDGE: Applied heterogeneity to 4 parameters.
[2026-06-14 00:33:23][INFO] SIM_BRIDGE: Initializing OU process state (tau=15.0ms, sigma=0.0pA)...
[2026-06-14 00:33:23][INFO] SIM_BRIDGE: Generating 3D neuron positions for 512 neurons...
[2026-06-14 00:33:23][INFO] SIM_BRIDGE: Generating connections (3D)...
[2026-06-14 00:33:23][INFO] SIM_BRIDGE: Simulation data initialized for 512 neurons (3D). Synapses: 0. GPU memory: 1.7GB/25.8GB (6.5%)
[2026-06-14 00:33:24][INFO] SIM_BRIDGE: CuPy using GPU: NVIDIA GeForce RTX 3090 (24.0 GB), mempool limit: 80%
[2026-06-14 00:33:24][INFO] SIM_BRIDGE: Initializing simulation data for model: IZHIKEVICH (3D)... (playback_init: False)
[2026-06-14 00:33:24][INFO] SIM_BRIDGE: RNG initialized with seed: 42
[2026-06-14 00:33:24][INFO] SIM_BRIDGE: Initializing Izhikevich model specifics for 1024 neurons...
[2026-06-14 00:33:24][INFO] SIM_BRIDGE: Applying parameter heterogeneity to neuron parameters...
[2026-06-14 00:33:24][INFO] SIM_BRIDGE: Applied heterogeneity to 4 parameters.
[2026-06-14 00:33:24][INFO] SIM_BRIDGE: Initializing OU process state (tau=15.0ms, sigma=0.0pA)...
[2026-06-14 00:33:24][INFO] SIM_BRIDGE: Generating 3D neuron positions for 1024 neurons...
[2026-06-14 00:33:24][INFO] SIM_BRIDGE: Generating connections (3D)...
[2026-06-14 00:33:24][INFO] SIM_BRIDGE: Simulation data initialized for 1024 neurons (3D). Synapses: 0. GPU memory: 1.7GB/25.8GB (6.5%)
[2026-06-14 00:33:57][INFO] SIM_BRIDGE: CuPy using GPU: NVIDIA GeForce RTX 3090 (24.0 GB), mempool limit: 80%
[2026-06-14 00:33:57][INFO] SIM_BRIDGE: Initializing simulation data for model: IZHIKEVICH (3D)... (playback_init: False)
[2026-06-14 00:33:57][INFO] SIM_BRIDGE: RNG initialized with seed: 42
[2026-06-14 00:33:57][INFO] SIM_BRIDGE: Initializing Izhikevich model specifics for 768 neurons...
[2026-06-14 00:33:57][INFO] SIM_BRIDGE: Applying parameter heterogeneity to neuron parameters...
[2026-06-14 00:33:57][INFO] SIM_BRIDGE: Applied heterogeneity to 4 parameters.
[2026-06-14 00:33:57][INFO] SIM_BRIDGE: Initializing OU process state (tau=15.0ms, sigma=0.0pA)...
[2026-06-14 00:33:57][INFO] SIM_BRIDGE: Generating 3D neuron positions for 768 neurons...
[2026-06-14 00:33:57][INFO] SIM_BRIDGE: Generating connections (3D)...
[2026-06-14 00:33:57][INFO] SIM_BRIDGE: Simulation data initialized for 768 neurons (3D). Synapses: 0. GPU memory: 1.7GB/25.8GB (6.5%)
[2026-06-14 00:37:01][INFO] SIM_BRIDGE: CuPy using GPU: NVIDIA GeForce RTX 3090 (24.0 GB), mempool limit: 80%
[2026-06-14 00:37:01][INFO] SIM_BRIDGE: Initializing simulation data for model: IZHIKEVICH (3D)... (playback_init: False)
[2026-06-14 00:37:01][INFO] SIM_BRIDGE: RNG initialized with seed: 42
[2026-06-14 00:37:01][INFO] SIM_BRIDGE: Initializing Izhikevich model specifics for 512 neurons...
[2026-06-14 00:37:01][INFO] SIM_BRIDGE: Applying parameter heterogeneity to neuron parameters...
[2026-06-14 00:37:01][INFO] SIM_BRIDGE: Applied heterogeneity to 4 parameters.
[2026-06-14 00:37:01][INFO] SIM_BRIDGE: Initializing OU process state (tau=15.0ms, sigma=0.0pA)...
[2026-06-14 00:37:01][INFO] SIM_BRIDGE: Generating 3D neuron positions for 512 neurons...
[2026-06-14 00:37:01][INFO] SIM_BRIDGE: Generating connections (3D)...
[2026-06-14 00:37:01][INFO] SIM_BRIDGE: Simulation data initialized for 512 neurons (3D). Synapses: 0. GPU memory: 1.7GB/25.8GB (6.5%)
[2026-06-14 00:37:01][INFO] SIM_BRIDGE: CuPy using GPU: NVIDIA GeForce RTX 3090 (24.0 GB), mempool limit: 80%
[2026-06-14 00:37:01][INFO] SIM_BRIDGE: Initializing simulation data for model: IZHIKEVICH (3D)... (playback_init: False)
[2026-06-14 00:37:01][INFO] SIM_BRIDGE: RNG initialized with seed: 42
[2026-06-14 00:37:01][INFO] SIM_BRIDGE: Initializing Izhikevich model specifics for 1024 neurons...
[2026-06-14 00:37:01][INFO] SIM_BRIDGE: Applying parameter heterogeneity to neuron parameters...
[2026-06-14 00:37:01][INFO] SIM_BRIDGE: Applied heterogeneity to 4 parameters.
[2026-06-14 00:37:01][INFO] SIM_BRIDGE: Initializing OU process state (tau=15.0ms, sigma=0.0pA)...
[2026-06-14 00:37:01][INFO] SIM_BRIDGE: Generating 3D neuron positions for 1024 neurons...
[2026-06-14 00:37:01][INFO] SIM_BRIDGE: Generating connections (3D)...
[2026-06-14 00:37:01][INFO] SIM_BRIDGE: Simulation data initialized for 1024 neurons (3D). Synapses: 0. GPU memory: 1.7GB/25.8GB (6.5%)
[2026-06-14 00:37:34][INFO] SIM_BRIDGE: CuPy using GPU: NVIDIA GeForce RTX 3090 (24.0 GB), mempool limit: 80%
[2026-06-14 00:37:34][INFO] SIM_BRIDGE: Initializing simulation data for model: IZHIKEVICH (3D)... (playback_init: False)
[2026-06-14 00:37:34][INFO] SIM_BRIDGE: RNG initialized with seed: 42
[2026-06-14 00:37:34][INFO] SIM_BRIDGE: Initializing Izhikevich model specifics for 768 neurons...
[2026-06-14 00:37:34][INFO] SIM_BRIDGE: Applying parameter heterogeneity to neuron parameters...
[2026-06-14 00:37:34][INFO] SIM_BRIDGE: Applied heterogeneity to 4 parameters.
[2026-06-14 00:37:34][INFO] SIM_BRIDGE: Initializing OU process state (tau=15.0ms, sigma=0.0pA)...
[2026-06-14 00:37:34][INFO] SIM_BRIDGE: Generating 3D neuron positions for 768 neurons...
[2026-06-14 00:37:34][INFO] SIM_BRIDGE: Generating connections (3D)...
[2026-06-14 00:37:34][INFO] SIM_BRIDGE: Simulation data initialized for 768 neurons (3D). Synapses: 0. GPU memory: 1.7GB/25.8GB (6.5%)
[2026-06-14 00:40:36][INFO] SIM_BRIDGE: CuPy using GPU: NVIDIA GeForce RTX 3090 (24.0 GB), mempool limit: 80%
[2026-06-14 00:40:36][INFO] SIM_BRIDGE: Initializing simulation data for model: IZHIKEVICH (3D)... (playback_init: False)
[2026-06-14 00:40:36][INFO] SIM_BRIDGE: RNG initialized with seed: 42
[2026-06-14 00:40:36][INFO] SIM_BRIDGE: Initializing Izhikevich model specifics for 512 neurons...
[2026-06-14 00:40:36][INFO] SIM_BRIDGE: Applying parameter heterogeneity to neuron parameters...
[2026-06-14 00:40:36][INFO] SIM_BRIDGE: Applied heterogeneity to 4 parameters.
[2026-06-14 00:40:36][INFO] SIM_BRIDGE: Initializing OU process state (tau=15.0ms, sigma=0.0pA)...
[2026-06-14 00:40:36][INFO] SIM_BRIDGE: Generating 3D neuron positions for 512 neurons...
[2026-06-14 00:40:36][INFO] SIM_BRIDGE: Generating connections (3D)...
[2026-06-14 00:40:36][INFO] SIM_BRIDGE: Simulation data initialized for 512 neurons (3D). Synapses: 0. GPU memory: 1.7GB/25.8GB (6.5%)
[2026-06-14 00:40:37][INFO] SIM_BRIDGE: CuPy using GPU: NVIDIA GeForce RTX 3090 (24.0 GB), mempool limit: 80%
[2026-06-14 00:40:37][INFO] SIM_BRIDGE: Initializing simulation data for model: IZHIKEVICH (3D)... (playback_init: False)
[2026-06-14 00:40:37][INFO] SIM_BRIDGE: RNG initialized with seed: 42
[2026-06-14 00:40:37][INFO] SIM_BRIDGE: Initializing Izhikevich model specifics for 1024 neurons...
[2026-06-14 00:40:37][INFO] SIM_BRIDGE: Applying parameter heterogeneity to neuron parameters...
[2026-06-14 00:40:37][INFO] SIM_BRIDGE: Applied heterogeneity to 4 parameters.
[2026-06-14 00:40:37][INFO] SIM_BRIDGE: Initializing OU process state (tau=15.0ms, sigma=0.0pA)...
[2026-06-14 00:40:37][INFO] SIM_BRIDGE: Generating 3D neuron positions for 1024 neurons...
[2026-06-14 00:40:37][INFO] SIM_BRIDGE: Generating connections (3D)...
[2026-06-14 00:40:37][INFO] SIM_BRIDGE: Simulation data initialized for 1024 neurons (3D). Synapses: 0. GPU memory: 1.7GB/25.8GB (6.5%)
[2026-06-14 00:41:09][INFO] SIM_BRIDGE: CuPy using GPU: NVIDIA GeForce RTX 3090 (24.0 GB), mempool limit: 80%
[2026-06-14 00:41:09][INFO] SIM_BRIDGE: Initializing simulation data for model: IZHIKEVICH (3D)... (playback_init: False)
[2026-06-14 00:41:09][INFO] SIM_BRIDGE: RNG initialized with seed: 42
[2026-06-14 00:41:09][INFO] SIM_BRIDGE: Initializing Izhikevich model specifics for 768 neurons...
[2026-06-14 00:41:09][INFO] SIM_BRIDGE: Applying parameter heterogeneity to neuron parameters...
[2026-06-14 00:41:09][INFO] SIM_BRIDGE: Applied heterogeneity to 4 parameters.
[2026-06-14 00:41:09][INFO] SIM_BRIDGE: Initializing OU process state (tau=15.0ms, sigma=0.0pA)...
[2026-06-14 00:41:09][INFO] SIM_BRIDGE: Generating 3D neuron positions for 768 neurons...
[2026-06-14 00:41:09][INFO] SIM_BRIDGE: Generating connections (3D)...
[2026-06-14 00:41:09][INFO] SIM_BRIDGE: Simulation data initialized for 768 neurons (3D). Synapses: 0. GPU memory: 1.7GB/25.8GB (6.5%)
[2026-06-14 00:44:17][INFO] SIM_BRIDGE: CuPy using GPU: NVIDIA GeForce RTX 3090 (24.0 GB), mempool limit: 80%
[2026-06-14 00:44:17][INFO] SIM_BRIDGE: Initializing simulation data for model: IZHIKEVICH (3D)... (playback_init: False)
[2026-06-14 00:44:17][INFO] SIM_BRIDGE: RNG initialized with seed: 42
[2026-06-14 00:44:17][INFO] SIM_BRIDGE: Initializing Izhikevich model specifics for 512 neurons...
[2026-06-14 00:44:17][INFO] SIM_BRIDGE: Applying parameter heterogeneity to neuron parameters...
[2026-06-14 00:44:17][INFO] SIM_BRIDGE: Applied heterogeneity to 4 parameters.
[2026-06-14 00:44:17][INFO] SIM_BRIDGE: Initializing OU process state (tau=15.0ms, sigma=0.0pA)...
[2026-06-14 00:44:17][INFO] SIM_BRIDGE: Generating 3D neuron positions for 512 neurons...
[2026-06-14 00:44:17][INFO] SIM_BRIDGE: Generating connections (3D)...
[2026-06-14 00:44:17][INFO] SIM_BRIDGE: Simulation data initialized for 512 neurons (3D). Synapses: 0. GPU memory: 1.7GB/25.8GB (6.5%)
[2026-06-14 00:44:18][INFO] SIM_BRIDGE: CuPy using GPU: NVIDIA GeForce RTX 3090 (24.0 GB), mempool limit: 80%
[2026-06-14 00:44:18][INFO] SIM_BRIDGE: Initializing simulation data for model: IZHIKEVICH (3D)... (playback_init: False)
[2026-06-14 00:44:18][INFO] SIM_BRIDGE: RNG initialized with seed: 42
[2026-06-14 00:44:18][INFO] SIM_BRIDGE: Initializing Izhikevich model specifics for 1024 neurons...
[2026-06-14 00:44:18][INFO] SIM_BRIDGE: Applying parameter heterogeneity to neuron parameters...
[2026-06-14 00:44:18][INFO] SIM_BRIDGE: Applied heterogeneity to 4 parameters.
[2026-06-14 00:44:18][INFO] SIM_BRIDGE: Initializing OU process state (tau=15.0ms, sigma=0.0pA)...
[2026-06-14 00:44:18][INFO] SIM_BRIDGE: Generating 3D neuron positions for 1024 neurons...
[2026-06-14 00:44:18][INFO] SIM_BRIDGE: Generating connections (3D)...
[2026-06-14 00:44:18][INFO] SIM_BRIDGE: Simulation data initialized for 1024 neurons (3D). Synapses: 0. GPU memory: 1.7GB/25.8GB (6.5%)
[2026-06-14 00:44:51][INFO] SIM_BRIDGE: CuPy using GPU: NVIDIA GeForce RTX 3090 (24.0 GB), mempool limit: 80%
[2026-06-14 00:44:51][INFO] SIM_BRIDGE: Initializing simulation data for model: IZHIKEVICH (3D)... (playback_init: False)
[2026-06-14 00:44:51][INFO] SIM_BRIDGE: RNG initialized with seed: 42
[2026-06-14 00:44:51][INFO] SIM_BRIDGE: Initializing Izhikevich model specifics for 768 neurons...
[2026-06-14 00:44:51][INFO] SIM_BRIDGE: Applying parameter heterogeneity to neuron parameters...
[2026-06-14 00:44:51][INFO] SIM_BRIDGE: Applied heterogeneity to 4 parameters.
[2026-06-14 00:44:51][INFO] SIM_BRIDGE: Initializing OU process state (tau=15.0ms, sigma=0.0pA)...
[2026-06-14 00:44:51][INFO] SIM_BRIDGE: Generating 3D neuron positions for 768 neurons...
[2026-06-14 00:44:51][INFO] SIM_BRIDGE: Generating connections (3D)...
[2026-06-14 00:44:51][INFO] SIM_BRIDGE: Simulation data initialized for 768 neurons (3D). Synapses: 0. GPU memory: 1.7GB/25.8GB (6.5%)
[2026-06-14 00:48:03][INFO] SIM_BRIDGE: CuPy using GPU: NVIDIA GeForce RTX 3090 (24.0 GB), mempool limit: 80%
[2026-06-14 00:48:03][INFO] SIM_BRIDGE: Initializing simulation data for model: IZHIKEVICH (3D)... (playback_init: False)
[2026-06-14 00:48:03][INFO] SIM_BRIDGE: RNG initialized with seed: 42
[2026-06-14 00:48:03][INFO] SIM_BRIDGE: Initializing Izhikevich model specifics for 512 neurons...
[2026-06-14 00:48:03][INFO] SIM_BRIDGE: Applying parameter heterogeneity to neuron parameters...
[2026-06-14 00:48:03][INFO] SIM_BRIDGE: Applied heterogeneity to 4 parameters.
[2026-06-14 00:48:03][INFO] SIM_BRIDGE: Initializing OU process state (tau=15.0ms, sigma=0.0pA)...
[2026-06-14 00:48:03][INFO] SIM_BRIDGE: Generating 3D neuron positions for 512 neurons...
[2026-06-14 00:48:03][INFO] SIM_BRIDGE: Generating connections (3D)...
[2026-06-14 00:48:03][INFO] SIM_BRIDGE: Simulation data initialized for 512 neurons (3D). Synapses: 0. GPU memory: 1.7GB/25.8GB (6.5%)
[2026-06-14 00:48:03][INFO] SIM_BRIDGE: CuPy using GPU: NVIDIA GeForce RTX 3090 (24.0 GB), mempool limit: 80%
[2026-06-14 00:48:03][INFO] SIM_BRIDGE: Initializing simulation data for model: IZHIKEVICH (3D)... (playback_init: False)
[2026-06-14 00:48:03][INFO] SIM_BRIDGE: RNG initialized with seed: 42
[2026-06-14 00:48:03][INFO] SIM_BRIDGE: Initializing Izhikevich model specifics for 1024 neurons...
[2026-06-14 00:48:03][INFO] SIM_BRIDGE: Applying parameter heterogeneity to neuron parameters...
[2026-06-14 00:48:03][INFO] SIM_BRIDGE: Applied heterogeneity to 4 parameters.
[2026-06-14 00:48:03][INFO] SIM_BRIDGE: Initializing OU process state (tau=15.0ms, sigma=0.0pA)...
[2026-06-14 00:48:03][INFO] SIM_BRIDGE: Generating 3D neuron positions for 1024 neurons...
[2026-06-14 00:48:03][INFO] SIM_BRIDGE: Generating connections (3D)...
[2026-06-14 00:48:03][INFO] SIM_BRIDGE: Simulation data initialized for 1024 neurons (3D). Synapses: 0. GPU memory: 1.7GB/25.8GB (6.5%)
[2026-06-14 00:48:37][INFO] SIM_BRIDGE: CuPy using GPU: NVIDIA GeForce RTX 3090 (24.0 GB), mempool limit: 80%
[2026-06-14 00:48:37][INFO] SIM_BRIDGE: Initializing simulation data for model: IZHIKEVICH (3D)... (playback_init: False)
[2026-06-14 00:48:37][INFO] SIM_BRIDGE: RNG initialized with seed: 42
[2026-06-14 00:48:37][INFO] SIM_BRIDGE: Initializing Izhikevich model specifics for 768 neurons...
[2026-06-14 00:48:37][INFO] SIM_BRIDGE: Applying parameter heterogeneity to neuron parameters...
[2026-06-14 00:48:37][INFO] SIM_BRIDGE: Applied heterogeneity to 4 parameters.
[2026-06-14 00:48:37][INFO] SIM_BRIDGE: Initializing OU process state (tau=15.0ms, sigma=0.0pA)...
[2026-06-14 00:48:37][INFO] SIM_BRIDGE: Generating 3D neuron positions for 768 neurons...
[2026-06-14 00:48:37][INFO] SIM_BRIDGE: Generating connections (3D)...
[2026-06-14 00:48:37][INFO] SIM_BRIDGE: Simulation data initialized for 768 neurons (3D). Synapses: 0. GPU memory: 1.7GB/25.8GB (6.5%)
[2026-06-14 00:51:47][INFO] SIM_BRIDGE: CuPy using GPU: NVIDIA GeForce RTX 3090 (24.0 GB), mempool limit: 80%
[2026-06-14 00:51:47][INFO] SIM_BRIDGE: Initializing simulation data for model: IZHIKEVICH (3D)... (playback_init: False)
[2026-06-14 00:51:47][INFO] SIM_BRIDGE: RNG initialized with seed: 42
[2026-06-14 00:51:47][INFO] SIM_BRIDGE: Initializing Izhikevich model specifics for 512 neurons...
[2026-06-14 00:51:47][INFO] SIM_BRIDGE: Applying parameter heterogeneity to neuron parameters...
[2026-06-14 00:51:47][INFO] SIM_BRIDGE: Applied heterogeneity to 4 parameters.
[2026-06-14 00:51:47][INFO] SIM_BRIDGE: Initializing OU process state (tau=15.0ms, sigma=0.0pA)...
[2026-06-14 00:51:47][INFO] SIM_BRIDGE: Generating 3D neuron positions for 512 neurons...
[2026-06-14 00:51:47][INFO] SIM_BRIDGE: Generating connections (3D)...
[2026-06-14 00:51:47][INFO] SIM_BRIDGE: Simulation data initialized for 512 neurons (3D). Synapses: 0. GPU memory: 1.7GB/25.8GB (6.5%)
[2026-06-14 00:51:47][INFO] SIM_BRIDGE: CuPy using GPU: NVIDIA GeForce RTX 3090 (24.0 GB), mempool limit: 80%
[2026-06-14 00:51:47][INFO] SIM_BRIDGE: Initializing simulation data for model: IZHIKEVICH (3D)... (playback_init: False)
[2026-06-14 00:51:47][INFO] SIM_BRIDGE: RNG initialized with seed: 42
[2026-06-14 00:51:47][INFO] SIM_BRIDGE: Initializing Izhikevich model specifics for 1024 neurons...
[2026-06-14 00:51:47][INFO] SIM_BRIDGE: Applying parameter heterogeneity to neuron parameters...
[2026-06-14 00:51:47][INFO] SIM_BRIDGE: Applied heterogeneity to 4 parameters.
[2026-06-14 00:51:47][INFO] SIM_BRIDGE: Initializing OU process state (tau=15.0ms, sigma=0.0pA)...
[2026-06-14 00:51:47][INFO] SIM_BRIDGE: Generating 3D neuron positions for 1024 neurons...
[2026-06-14 00:51:47][INFO] SIM_BRIDGE: Generating connections (3D)...
[2026-06-14 00:51:47][INFO] SIM_BRIDGE: Simulation data initialized for 1024 neurons (3D). Synapses: 0. GPU memory: 1.7GB/25.8GB (6.5%)
[2026-06-14 00:52:20][INFO] SIM_BRIDGE: CuPy using GPU: NVIDIA GeForce RTX 3090 (24.0 GB), mempool limit: 80%
[2026-06-14 00:52:20][INFO] SIM_BRIDGE: Initializing simulation data for model: IZHIKEVICH (3D)... (playback_init: False)
[2026-06-14 00:52:20][INFO] SIM_BRIDGE: RNG initialized with seed: 42
[2026-06-14 00:52:20][INFO] SIM_BRIDGE: Initializing Izhikevich model specifics for 768 neurons...
[2026-06-14 00:52:20][INFO] SIM_BRIDGE: Applying parameter heterogeneity to neuron parameters...
[2026-06-14 00:52:20][INFO] SIM_BRIDGE: Applied heterogeneity to 4 parameters.
[2026-06-14 00:52:20][INFO] SIM_BRIDGE: Initializing OU process state (tau=15.0ms, sigma=0.0pA)...
[2026-06-14 00:52:20][INFO] SIM_BRIDGE: Generating 3D neuron positions for 768 neurons...
[2026-06-14 00:52:20][INFO] SIM_BRIDGE: Generating connections (3D)...
[2026-06-14 00:52:20][INFO] SIM_BRIDGE: Simulation data initialized for 768 neurons (3D). Synapses: 0. GPU memory: 1.7GB/25.8GB (6.5%)
[2026-06-14 00:55:27][INFO] SIM_BRIDGE: CuPy using GPU: NVIDIA GeForce RTX 3090 (24.0 GB), mempool limit: 80%
[2026-06-14 00:55:27][INFO] SIM_BRIDGE: Initializing simulation data for model: IZHIKEVICH (3D)... (playback_init: False)
[2026-06-14 00:55:27][INFO] SIM_BRIDGE: RNG initialized with seed: 42
[2026-06-14 00:55:27][INFO] SIM_BRIDGE: Initializing Izhikevich model specifics for 512 neurons...
[2026-06-14 00:55:27][INFO] SIM_BRIDGE: Applying parameter heterogeneity to neuron parameters...
[2026-06-14 00:55:27][INFO] SIM_BRIDGE: Applied heterogeneity to 4 parameters.
[2026-06-14 00:55:27][INFO] SIM_BRIDGE: Initializing OU process state (tau=15.0ms, sigma=0.0pA)...
[2026-06-14 00:55:27][INFO] SIM_BRIDGE: Generating 3D neuron positions for 512 neurons...
[2026-06-14 00:55:27][INFO] SIM_BRIDGE: Generating connections (3D)...
[2026-06-14 00:55:27][INFO] SIM_BRIDGE: Simulation data initialized for 512 neurons (3D). Synapses: 0. GPU memory: 1.7GB/25.8GB (6.5%)
[2026-06-14 00:55:27][INFO] SIM_BRIDGE: CuPy using GPU: NVIDIA GeForce RTX 3090 (24.0 GB), mempool limit: 80%
[2026-06-14 00:55:27][INFO] SIM_BRIDGE: Initializing simulation data for model: IZHIKEVICH (3D)... (playback_init: False)
[2026-06-14 00:55:27][INFO] SIM_BRIDGE: RNG initialized with seed: 42
[2026-06-14 00:55:27][INFO] SIM_BRIDGE: Initializing Izhikevich model specifics for 1024 neurons...
[2026-06-14 00:55:27][INFO] SIM_BRIDGE: Applying parameter heterogeneity to neuron parameters...
[2026-06-14 00:55:27][INFO] SIM_BRIDGE: Applied heterogeneity to 4 parameters.
[2026-06-14 00:55:27][INFO] SIM_BRIDGE: Initializing OU process state (tau=15.0ms, sigma=0.0pA)...
[2026-06-14 00:55:27][INFO] SIM_BRIDGE: Generating 3D neuron positions for 1024 neurons...
[2026-06-14 00:55:27][INFO] SIM_BRIDGE: Generating connections (3D)...
[2026-06-14 00:55:27][INFO] SIM_BRIDGE: Simulation data initialized for 1024 neurons (3D). Synapses: 0. GPU memory: 1.7GB/25.8GB (6.5%)
[2026-06-14 00:56:01][INFO] SIM_BRIDGE: CuPy using GPU: NVIDIA GeForce RTX 3090 (24.0 GB), mempool limit: 80%
[2026-06-14 00:56:01][INFO] SIM_BRIDGE: Initializing simulation data for model: IZHIKEVICH (3D)... (playback_init: False)
[2026-06-14 00:56:01][INFO] SIM_BRIDGE: RNG initialized with seed: 42
[2026-06-14 00:56:01][INFO] SIM_BRIDGE: Initializing Izhikevich model specifics for 768 neurons...
[2026-06-14 00:56:01][INFO] SIM_BRIDGE: Applying parameter heterogeneity to neuron parameters...
[2026-06-14 00:56:01][INFO] SIM_BRIDGE: Applied heterogeneity to 4 parameters.
[2026-06-14 00:56:01][INFO] SIM_BRIDGE: Initializing OU process state (tau=15.0ms, sigma=0.0pA)...
[2026-06-14 00:56:01][INFO] SIM_BRIDGE: Generating 3D neuron positions for 768 neurons...
[2026-06-14 00:56:01][INFO] SIM_BRIDGE: Generating connections (3D)...
[2026-06-14 00:56:01][INFO] SIM_BRIDGE: Simulation data initialized for 768 neurons (3D). Synapses: 0. GPU memory: 1.7GB/25.8GB (6.5%)
[2026-06-14 00:59:13][INFO] SIM_BRIDGE: CuPy using GPU: NVIDIA GeForce RTX 3090 (24.0 GB), mempool limit: 80%
[2026-06-14 00:59:13][INFO] SIM_BRIDGE: Initializing simulation data for model: IZHIKEVICH (3D)... (playback_init: False)
[2026-06-14 00:59:13][INFO] SIM_BRIDGE: RNG initialized with seed: 42
[2026-06-14 00:59:13][INFO] SIM_BRIDGE: Initializing Izhikevich model specifics for 512 neurons...
[2026-06-14 00:59:13][INFO] SIM_BRIDGE: Applying parameter heterogeneity to neuron parameters...
[2026-06-14 00:59:13][INFO] SIM_BRIDGE: Applied heterogeneity to 4 parameters.
[2026-06-14 00:59:13][INFO] SIM_BRIDGE: Initializing OU process state (tau=15.0ms, sigma=0.0pA)...
[2026-06-14 00:59:13][INFO] SIM_BRIDGE: Generating 3D neuron positions for 512 neurons...
[2026-06-14 00:59:13][INFO] SIM_BRIDGE: Generating connections (3D)...
[2026-06-14 00:59:13][INFO] SIM_BRIDGE: Simulation data initialized for 512 neurons (3D). Synapses: 0. GPU memory: 1.7GB/25.8GB (6.5%)
[2026-06-14 00:59:14][INFO] SIM_BRIDGE: CuPy using GPU: NVIDIA GeForce RTX 3090 (24.0 GB), mempool limit: 80%
[2026-06-14 00:59:14][INFO] SIM_BRIDGE: Initializing simulation data for model: IZHIKEVICH (3D)... (playback_init: False)
[2026-06-14 00:59:14][INFO] SIM_BRIDGE: RNG initialized with seed: 42
[2026-06-14 00:59:14][INFO] SIM_BRIDGE: Initializing Izhikevich model specifics for 1024 neurons...
[2026-06-14 00:59:14][INFO] SIM_BRIDGE: Applying parameter heterogeneity to neuron parameters...
[2026-06-14 00:59:14][INFO] SIM_BRIDGE: Applied heterogeneity to 4 parameters.
[2026-06-14 00:59:14][INFO] SIM_BRIDGE: Initializing OU process state (tau=15.0ms, sigma=0.0pA)...
[2026-06-14 00:59:14][INFO] SIM_BRIDGE: Generating 3D neuron positions for 1024 neurons...
[2026-06-14 00:59:14][INFO] SIM_BRIDGE: Generating connections (3D)...
[2026-06-14 00:59:14][INFO] SIM_BRIDGE: Simulation data initialized for 1024 neurons (3D). Synapses: 0. GPU memory: 1.7GB/25.8GB (6.5%)
[2026-06-14 00:59:33][INFO] SIM_BRIDGE: CuPy using GPU: NVIDIA GeForce RTX 3090 (24.0 GB), mempool limit: 80%
[2026-06-14 00:59:33][INFO] SIM_BRIDGE: Initializing simulation data for model: IZHIKEVICH (3D)... (playback_init: False)
[2026-06-14 00:59:33][INFO] SIM_BRIDGE: RNG initialized with seed: 42
[2026-06-14 00:59:33][INFO] SIM_BRIDGE: Initializing Izhikevich model specifics for 768 neurons...
[2026-06-14 00:59:33][INFO] SIM_BRIDGE: Applying parameter heterogeneity to neuron parameters...
[2026-06-14 00:59:33][INFO] SIM_BRIDGE: Applied heterogeneity to 4 parameters.
[2026-06-14 00:59:33][INFO] SIM_BRIDGE: Initializing OU process state (tau=15.0ms, sigma=0.0pA)...
[2026-06-14 00:59:33][INFO] SIM_BRIDGE: Generating 3D neuron positions for 768 neurons...
[2026-06-14 00:59:33][INFO] SIM_BRIDGE: Generating connections (3D)...
[2026-06-14 00:59:33][INFO] SIM_BRIDGE: Simulation data initialized for 768 neurons (3D). Synapses: 0. GPU memory: 1.7GB/25.8GB (6.5%)
    [fish_reptiles] B1 gen acc=0.994 (chance=0.250, 4.0x)  B2 fa=0 abstains_all=True  | C1 perm B1=0.062 collapses=True
[2026-06-14 01:05:52][INFO] SIM_BRIDGE: CuPy using GPU: NVIDIA GeForce RTX 3090 (24.0 GB), mempool limit: 80%
[2026-06-14 01:05:52][INFO] SIM_BRIDGE: Initializing simulation data for model: IZHIKEVICH (3D)... (playback_init: False)
[2026-06-14 01:05:52][INFO] SIM_BRIDGE: RNG initialized with seed: 42
[2026-06-14 01:05:52][INFO] SIM_BRIDGE: Initializing Izhikevich model specifics for 512 neurons...
[2026-06-14 01:05:52][INFO] SIM_BRIDGE: Applying parameter heterogeneity to neuron parameters...
[2026-06-14 01:05:52][INFO] SIM_BRIDGE: Applied heterogeneity to 4 parameters.
[2026-06-14 01:05:52][INFO] SIM_BRIDGE: Initializing OU process state (tau=15.0ms, sigma=0.0pA)...
[2026-06-14 01:05:52][INFO] SIM_BRIDGE: Generating 3D neuron positions for 512 neurons...
[2026-06-14 01:05:52][INFO] SIM_BRIDGE: Generating connections (3D)...
[2026-06-14 01:05:52][INFO] SIM_BRIDGE: Simulation data initialized for 512 neurons (3D). Synapses: 0. GPU memory: 1.7GB/25.8GB (6.5%)
[2026-06-14 01:05:52][INFO] SIM_BRIDGE: CuPy using GPU: NVIDIA GeForce RTX 3090 (24.0 GB), mempool limit: 80%
[2026-06-14 01:05:52][INFO] SIM_BRIDGE: Initializing simulation data for model: IZHIKEVICH (3D)... (playback_init: False)
[2026-06-14 01:05:52][INFO] SIM_BRIDGE: RNG initialized with seed: 42
[2026-06-14 01:05:52][INFO] SIM_BRIDGE: Initializing Izhikevich model specifics for 1024 neurons...
[2026-06-14 01:05:52][INFO] SIM_BRIDGE: Applying parameter heterogeneity to neuron parameters...
[2026-06-14 01:05:52][INFO] SIM_BRIDGE: Applied heterogeneity to 4 parameters.
[2026-06-14 01:05:52][INFO] SIM_BRIDGE: Initializing OU process state (tau=15.0ms, sigma=0.0pA)...
[2026-06-14 01:05:52][INFO] SIM_BRIDGE: Generating 3D neuron positions for 1024 neurons...
[2026-06-14 01:05:52][INFO] SIM_BRIDGE: Generating connections (3D)...
[2026-06-14 01:05:52][INFO] SIM_BRIDGE: Simulation data initialized for 1024 neurons (3D). Synapses: 0. GPU memory: 1.7GB/25.8GB (6.5%)
[2026-06-14 01:06:25][INFO] SIM_BRIDGE: CuPy using GPU: NVIDIA GeForce RTX 3090 (24.0 GB), mempool limit: 80%
[2026-06-14 01:06:25][INFO] SIM_BRIDGE: Initializing simulation data for model: IZHIKEVICH (3D)... (playback_init: False)
[2026-06-14 01:06:25][INFO] SIM_BRIDGE: RNG initialized with seed: 42
[2026-06-14 01:06:25][INFO] SIM_BRIDGE: Initializing Izhikevich model specifics for 768 neurons...
[2026-06-14 01:06:25][INFO] SIM_BRIDGE: Applying parameter heterogeneity to neuron parameters...
[2026-06-14 01:06:25][INFO] SIM_BRIDGE: Applied heterogeneity to 4 parameters.
[2026-06-14 01:06:25][INFO] SIM_BRIDGE: Initializing OU process state (tau=15.0ms, sigma=0.0pA)...
[2026-06-14 01:06:25][INFO] SIM_BRIDGE: Generating 3D neuron positions for 768 neurons...
[2026-06-14 01:06:25][INFO] SIM_BRIDGE: Generating connections (3D)...
[2026-06-14 01:06:25][INFO] SIM_BRIDGE: Simulation data initialized for 768 neurons (3D). Synapses: 0. GPU memory: 1.7GB/25.8GB (6.5%)
[2026-06-14 01:09:33][INFO] SIM_BRIDGE: CuPy using GPU: NVIDIA GeForce RTX 3090 (24.0 GB), mempool limit: 80%
[2026-06-14 01:09:33][INFO] SIM_BRIDGE: Initializing simulation data for model: IZHIKEVICH (3D)... (playback_init: False)
[2026-06-14 01:09:33][INFO] SIM_BRIDGE: RNG initialized with seed: 42
[2026-06-14 01:09:33][INFO] SIM_BRIDGE: Initializing Izhikevich model specifics for 512 neurons...
[2026-06-14 01:09:33][INFO] SIM_BRIDGE: Applying parameter heterogeneity to neuron parameters...
[2026-06-14 01:09:33][INFO] SIM_BRIDGE: Applied heterogeneity to 4 parameters.
[2026-06-14 01:09:33][INFO] SIM_BRIDGE: Initializing OU process state (tau=15.0ms, sigma=0.0pA)...
[2026-06-14 01:09:33][INFO] SIM_BRIDGE: Generating 3D neuron positions for 512 neurons...
[2026-06-14 01:09:33][INFO] SIM_BRIDGE: Generating connections (3D)...
[2026-06-14 01:09:33][INFO] SIM_BRIDGE: Simulation data initialized for 512 neurons (3D). Synapses: 0. GPU memory: 1.7GB/25.8GB (6.5%)
[2026-06-14 01:09:33][INFO] SIM_BRIDGE: CuPy using GPU: NVIDIA GeForce RTX 3090 (24.0 GB), mempool limit: 80%
[2026-06-14 01:09:33][INFO] SIM_BRIDGE: Initializing simulation data for model: IZHIKEVICH (3D)... (playback_init: False)
[2026-06-14 01:09:33][INFO] SIM_BRIDGE: RNG initialized with seed: 42
[2026-06-14 01:09:33][INFO] SIM_BRIDGE: Initializing Izhikevich model specifics for 1024 neurons...
[2026-06-14 01:09:33][INFO] SIM_BRIDGE: Applying parameter heterogeneity to neuron parameters...
[2026-06-14 01:09:33][INFO] SIM_BRIDGE: Applied heterogeneity to 4 parameters.
[2026-06-14 01:09:33][INFO] SIM_BRIDGE: Initializing OU process state (tau=15.0ms, sigma=0.0pA)...
[2026-06-14 01:09:33][INFO] SIM_BRIDGE: Generating 3D neuron positions for 1024 neurons...
[2026-06-14 01:09:33][INFO] SIM_BRIDGE: Generating connections (3D)...
[2026-06-14 01:09:33][INFO] SIM_BRIDGE: Simulation data initialized for 1024 neurons (3D). Synapses: 0. GPU memory: 1.7GB/25.8GB (6.5%)
[2026-06-14 01:10:07][INFO] SIM_BRIDGE: CuPy using GPU: NVIDIA GeForce RTX 3090 (24.0 GB), mempool limit: 80%
[2026-06-14 01:10:07][INFO] SIM_BRIDGE: Initializing simulation data for model: IZHIKEVICH (3D)... (playback_init: False)
[2026-06-14 01:10:07][INFO] SIM_BRIDGE: RNG initialized with seed: 42
[2026-06-14 01:10:07][INFO] SIM_BRIDGE: Initializing Izhikevich model specifics for 768 neurons...
[2026-06-14 01:10:07][INFO] SIM_BRIDGE: Applying parameter heterogeneity to neuron parameters...
[2026-06-14 01:10:07][INFO] SIM_BRIDGE: Applied heterogeneity to 4 parameters.
[2026-06-14 01:10:07][INFO] SIM_BRIDGE: Initializing OU process state (tau=15.0ms, sigma=0.0pA)...
[2026-06-14 01:10:07][INFO] SIM_BRIDGE: Generating 3D neuron positions for 768 neurons...
[2026-06-14 01:10:07][INFO] SIM_BRIDGE: Generating connections (3D)...
[2026-06-14 01:10:07][INFO] SIM_BRIDGE: Simulation data initialized for 768 neurons (3D). Synapses: 0. GPU memory: 1.7GB/25.8GB (6.5%)
[2026-06-14 01:13:07][INFO] SIM_BRIDGE: CuPy using GPU: NVIDIA GeForce RTX 3090 (24.0 GB), mempool limit: 80%
[2026-06-14 01:13:07][INFO] SIM_BRIDGE: Initializing simulation data for model: IZHIKEVICH (3D)... (playback_init: False)
[2026-06-14 01:13:07][INFO] SIM_BRIDGE: RNG initialized with seed: 42
[2026-06-14 01:13:07][INFO] SIM_BRIDGE: Initializing Izhikevich model specifics for 512 neurons...
[2026-06-14 01:13:07][INFO] SIM_BRIDGE: Applying parameter heterogeneity to neuron parameters...
[2026-06-14 01:13:07][INFO] SIM_BRIDGE: Applied heterogeneity to 4 parameters.
[2026-06-14 01:13:07][INFO] SIM_BRIDGE: Initializing OU process state (tau=15.0ms, sigma=0.0pA)...
[2026-06-14 01:13:07][INFO] SIM_BRIDGE: Generating 3D neuron positions for 512 neurons...
[2026-06-14 01:13:07][INFO] SIM_BRIDGE: Generating connections (3D)...
[2026-06-14 01:13:07][INFO] SIM_BRIDGE: Simulation data initialized for 512 neurons (3D). Synapses: 0. GPU memory: 1.7GB/25.8GB (6.5%)
[2026-06-14 01:13:08][INFO] SIM_BRIDGE: CuPy using GPU: NVIDIA GeForce RTX 3090 (24.0 GB), mempool limit: 80%
[2026-06-14 01:13:08][INFO] SIM_BRIDGE: Initializing simulation data for model: IZHIKEVICH (3D)... (playback_init: False)
[2026-06-14 01:13:08][INFO] SIM_BRIDGE: RNG initialized with seed: 42
[2026-06-14 01:13:08][INFO] SIM_BRIDGE: Initializing Izhikevich model specifics for 1024 neurons...
[2026-06-14 01:13:08][INFO] SIM_BRIDGE: Applying parameter heterogeneity to neuron parameters...
[2026-06-14 01:13:08][INFO] SIM_BRIDGE: Applied heterogeneity to 4 parameters.
[2026-06-14 01:13:08][INFO] SIM_BRIDGE: Initializing OU process state (tau=15.0ms, sigma=0.0pA)...
[2026-06-14 01:13:08][INFO] SIM_BRIDGE: Generating 3D neuron positions for 1024 neurons...
[2026-06-14 01:13:08][INFO] SIM_BRIDGE: Generating connections (3D)...
[2026-06-14 01:13:08][INFO] SIM_BRIDGE: Simulation data initialized for 1024 neurons (3D). Synapses: 0. GPU memory: 1.7GB/25.8GB (6.5%)
[2026-06-14 01:13:41][INFO] SIM_BRIDGE: CuPy using GPU: NVIDIA GeForce RTX 3090 (24.0 GB), mempool limit: 80%
[2026-06-14 01:13:41][INFO] SIM_BRIDGE: Initializing simulation data for model: IZHIKEVICH (3D)... (playback_init: False)
[2026-06-14 01:13:41][INFO] SIM_BRIDGE: RNG initialized with seed: 42
[2026-06-14 01:13:41][INFO] SIM_BRIDGE: Initializing Izhikevich model specifics for 768 neurons...
[2026-06-14 01:13:41][INFO] SIM_BRIDGE: Applying parameter heterogeneity to neuron parameters...
[2026-06-14 01:13:41][INFO] SIM_BRIDGE: Applied heterogeneity to 4 parameters.
[2026-06-14 01:13:41][INFO] SIM_BRIDGE: Initializing OU process state (tau=15.0ms, sigma=0.0pA)...
[2026-06-14 01:13:41][INFO] SIM_BRIDGE: Generating 3D neuron positions for 768 neurons...
[2026-06-14 01:13:41][INFO] SIM_BRIDGE: Generating connections (3D)...
[2026-06-14 01:13:41][INFO] SIM_BRIDGE: Simulation data initialized for 768 neurons (3D). Synapses: 0. GPU memory: 1.7GB/25.8GB (6.5%)
[2026-06-14 01:16:51][INFO] SIM_BRIDGE: CuPy using GPU: NVIDIA GeForce RTX 3090 (24.0 GB), mempool limit: 80%
[2026-06-14 01:16:51][INFO] SIM_BRIDGE: Initializing simulation data for model: IZHIKEVICH (3D)... (playback_init: False)
[2026-06-14 01:16:51][INFO] SIM_BRIDGE: RNG initialized with seed: 42
[2026-06-14 01:16:51][INFO] SIM_BRIDGE: Initializing Izhikevich model specifics for 512 neurons...
[2026-06-14 01:16:51][INFO] SIM_BRIDGE: Applying parameter heterogeneity to neuron parameters...
[2026-06-14 01:16:51][INFO] SIM_BRIDGE: Applied heterogeneity to 4 parameters.
[2026-06-14 01:16:51][INFO] SIM_BRIDGE: Initializing OU process state (tau=15.0ms, sigma=0.0pA)...
[2026-06-14 01:16:51][INFO] SIM_BRIDGE: Generating 3D neuron positions for 512 neurons...
[2026-06-14 01:16:51][INFO] SIM_BRIDGE: Generating connections (3D)...
[2026-06-14 01:16:51][INFO] SIM_BRIDGE: Simulation data initialized for 512 neurons (3D). Synapses: 0. GPU memory: 1.7GB/25.8GB (6.5%)
[2026-06-14 01:16:52][INFO] SIM_BRIDGE: CuPy using GPU: NVIDIA GeForce RTX 3090 (24.0 GB), mempool limit: 80%
[2026-06-14 01:16:52][INFO] SIM_BRIDGE: Initializing simulation data for model: IZHIKEVICH (3D)... (playback_init: False)
[2026-06-14 01:16:52][INFO] SIM_BRIDGE: RNG initialized with seed: 42
[2026-06-14 01:16:52][INFO] SIM_BRIDGE: Initializing Izhikevich model specifics for 1024 neurons...
[2026-06-14 01:16:52][INFO] SIM_BRIDGE: Applying parameter heterogeneity to neuron parameters...
[2026-06-14 01:16:52][INFO] SIM_BRIDGE: Applied heterogeneity to 4 parameters.
[2026-06-14 01:16:52][INFO] SIM_BRIDGE: Initializing OU process state (tau=15.0ms, sigma=0.0pA)...
[2026-06-14 01:16:52][INFO] SIM_BRIDGE: Generating 3D neuron positions for 1024 neurons...
[2026-06-14 01:16:52][INFO] SIM_BRIDGE: Generating connections (3D)...
[2026-06-14 01:16:52][INFO] SIM_BRIDGE: Simulation data initialized for 1024 neurons (3D). Synapses: 0. GPU memory: 1.7GB/25.8GB (6.5%)
[2026-06-14 01:17:25][INFO] SIM_BRIDGE: CuPy using GPU: NVIDIA GeForce RTX 3090 (24.0 GB), mempool limit: 80%
[2026-06-14 01:17:25][INFO] SIM_BRIDGE: Initializing simulation data for model: IZHIKEVICH (3D)... (playback_init: False)
[2026-06-14 01:17:25][INFO] SIM_BRIDGE: RNG initialized with seed: 42
[2026-06-14 01:17:25][INFO] SIM_BRIDGE: Initializing Izhikevich model specifics for 768 neurons...
[2026-06-14 01:17:25][INFO] SIM_BRIDGE: Applying parameter heterogeneity to neuron parameters...
[2026-06-14 01:17:25][INFO] SIM_BRIDGE: Applied heterogeneity to 4 parameters.
[2026-06-14 01:17:25][INFO] SIM_BRIDGE: Initializing OU process state (tau=15.0ms, sigma=0.0pA)...
[2026-06-14 01:17:25][INFO] SIM_BRIDGE: Generating 3D neuron positions for 768 neurons...
[2026-06-14 01:17:25][INFO] SIM_BRIDGE: Generating connections (3D)...
[2026-06-14 01:17:25][INFO] SIM_BRIDGE: Simulation data initialized for 768 neurons (3D). Synapses: 0. GPU memory: 1.7GB/25.8GB (6.5%)
[2026-06-14 01:20:36][INFO] SIM_BRIDGE: CuPy using GPU: NVIDIA GeForce RTX 3090 (24.0 GB), mempool limit: 80%
[2026-06-14 01:20:36][INFO] SIM_BRIDGE: Initializing simulation data for model: IZHIKEVICH (3D)... (playback_init: False)
[2026-06-14 01:20:36][INFO] SIM_BRIDGE: RNG initialized with seed: 42
[2026-06-14 01:20:36][INFO] SIM_BRIDGE: Initializing Izhikevich model specifics for 512 neurons...
[2026-06-14 01:20:36][INFO] SIM_BRIDGE: Applying parameter heterogeneity to neuron parameters...
[2026-06-14 01:20:36][INFO] SIM_BRIDGE: Applied heterogeneity to 4 parameters.
[2026-06-14 01:20:36][INFO] SIM_BRIDGE: Initializing OU process state (tau=15.0ms, sigma=0.0pA)...
[2026-06-14 01:20:36][INFO] SIM_BRIDGE: Generating 3D neuron positions for 512 neurons...
[2026-06-14 01:20:36][INFO] SIM_BRIDGE: Generating connections (3D)...
[2026-06-14 01:20:36][INFO] SIM_BRIDGE: Simulation data initialized for 512 neurons (3D). Synapses: 0. GPU memory: 1.7GB/25.8GB (6.5%)
[2026-06-14 01:20:37][INFO] SIM_BRIDGE: CuPy using GPU: NVIDIA GeForce RTX 3090 (24.0 GB), mempool limit: 80%
[2026-06-14 01:20:37][INFO] SIM_BRIDGE: Initializing simulation data for model: IZHIKEVICH (3D)... (playback_init: False)
[2026-06-14 01:20:37][INFO] SIM_BRIDGE: RNG initialized with seed: 42
[2026-06-14 01:20:37][INFO] SIM_BRIDGE: Initializing Izhikevich model specifics for 1024 neurons...
[2026-06-14 01:20:37][INFO] SIM_BRIDGE: Applying parameter heterogeneity to neuron parameters...
[2026-06-14 01:20:37][INFO] SIM_BRIDGE: Applied heterogeneity to 4 parameters.
[2026-06-14 01:20:37][INFO] SIM_BRIDGE: Initializing OU process state (tau=15.0ms, sigma=0.0pA)...
[2026-06-14 01:20:37][INFO] SIM_BRIDGE: Generating 3D neuron positions for 1024 neurons...
[2026-06-14 01:20:37][INFO] SIM_BRIDGE: Generating connections (3D)...
[2026-06-14 01:20:37][INFO] SIM_BRIDGE: Simulation data initialized for 1024 neurons (3D). Synapses: 0. GPU memory: 1.7GB/25.8GB (6.5%)
[2026-06-14 01:21:10][INFO] SIM_BRIDGE: CuPy using GPU: NVIDIA GeForce RTX 3090 (24.0 GB), mempool limit: 80%
[2026-06-14 01:21:10][INFO] SIM_BRIDGE: Initializing simulation data for model: IZHIKEVICH (3D)... (playback_init: False)
[2026-06-14 01:21:10][INFO] SIM_BRIDGE: RNG initialized with seed: 42
[2026-06-14 01:21:10][INFO] SIM_BRIDGE: Initializing Izhikevich model specifics for 768 neurons...
[2026-06-14 01:21:10][INFO] SIM_BRIDGE: Applying parameter heterogeneity to neuron parameters...
[2026-06-14 01:21:10][INFO] SIM_BRIDGE: Applied heterogeneity to 4 parameters.
[2026-06-14 01:21:10][INFO] SIM_BRIDGE: Initializing OU process state (tau=15.0ms, sigma=0.0pA)...
[2026-06-14 01:21:10][INFO] SIM_BRIDGE: Generating 3D neuron positions for 768 neurons...
[2026-06-14 01:21:10][INFO] SIM_BRIDGE: Generating connections (3D)...
[2026-06-14 01:21:10][INFO] SIM_BRIDGE: Simulation data initialized for 768 neurons (3D). Synapses: 0. GPU memory: 1.7GB/25.8GB (6.5%)
[2026-06-14 01:24:21][INFO] SIM_BRIDGE: CuPy using GPU: NVIDIA GeForce RTX 3090 (24.0 GB), mempool limit: 80%
[2026-06-14 01:24:21][INFO] SIM_BRIDGE: Initializing simulation data for model: IZHIKEVICH (3D)... (playback_init: False)
[2026-06-14 01:24:21][INFO] SIM_BRIDGE: RNG initialized with seed: 42
[2026-06-14 01:24:21][INFO] SIM_BRIDGE: Initializing Izhikevich model specifics for 512 neurons...
[2026-06-14 01:24:21][INFO] SIM_BRIDGE: Applying parameter heterogeneity to neuron parameters...
[2026-06-14 01:24:21][INFO] SIM_BRIDGE: Applied heterogeneity to 4 parameters.
[2026-06-14 01:24:21][INFO] SIM_BRIDGE: Initializing OU process state (tau=15.0ms, sigma=0.0pA)...
[2026-06-14 01:24:21][INFO] SIM_BRIDGE: Generating 3D neuron positions for 512 neurons...
[2026-06-14 01:24:21][INFO] SIM_BRIDGE: Generating connections (3D)...
[2026-06-14 01:24:21][INFO] SIM_BRIDGE: Simulation data initialized for 512 neurons (3D). Synapses: 0. GPU memory: 1.7GB/25.8GB (6.5%)
[2026-06-14 01:24:21][INFO] SIM_BRIDGE: CuPy using GPU: NVIDIA GeForce RTX 3090 (24.0 GB), mempool limit: 80%
[2026-06-14 01:24:21][INFO] SIM_BRIDGE: Initializing simulation data for model: IZHIKEVICH (3D)... (playback_init: False)
[2026-06-14 01:24:21][INFO] SIM_BRIDGE: RNG initialized with seed: 42
[2026-06-14 01:24:21][INFO] SIM_BRIDGE: Initializing Izhikevich model specifics for 1024 neurons...
[2026-06-14 01:24:21][INFO] SIM_BRIDGE: Applying parameter heterogeneity to neuron parameters...
[2026-06-14 01:24:21][INFO] SIM_BRIDGE: Applied heterogeneity to 4 parameters.
[2026-06-14 01:24:21][INFO] SIM_BRIDGE: Initializing OU process state (tau=15.0ms, sigma=0.0pA)...
[2026-06-14 01:24:21][INFO] SIM_BRIDGE: Generating 3D neuron positions for 1024 neurons...
[2026-06-14 01:24:21][INFO] SIM_BRIDGE: Generating connections (3D)...
[2026-06-14 01:24:21][INFO] SIM_BRIDGE: Simulation data initialized for 1024 neurons (3D). Synapses: 0. GPU memory: 1.7GB/25.8GB (6.5%)
[2026-06-14 01:24:54][INFO] SIM_BRIDGE: CuPy using GPU: NVIDIA GeForce RTX 3090 (24.0 GB), mempool limit: 80%
[2026-06-14 01:24:54][INFO] SIM_BRIDGE: Initializing simulation data for model: IZHIKEVICH (3D)... (playback_init: False)
[2026-06-14 01:24:54][INFO] SIM_BRIDGE: RNG initialized with seed: 42
[2026-06-14 01:24:54][INFO] SIM_BRIDGE: Initializing Izhikevich model specifics for 768 neurons...
[2026-06-14 01:24:54][INFO] SIM_BRIDGE: Applying parameter heterogeneity to neuron parameters...
[2026-06-14 01:24:54][INFO] SIM_BRIDGE: Applied heterogeneity to 4 parameters.
[2026-06-14 01:24:54][INFO] SIM_BRIDGE: Initializing OU process state (tau=15.0ms, sigma=0.0pA)...
[2026-06-14 01:24:54][INFO] SIM_BRIDGE: Generating 3D neuron positions for 768 neurons...
[2026-06-14 01:24:54][INFO] SIM_BRIDGE: Generating connections (3D)...
[2026-06-14 01:24:54][INFO] SIM_BRIDGE: Simulation data initialized for 768 neurons (3D). Synapses: 0. GPU memory: 1.7GB/25.8GB (6.5%)
[2026-06-14 01:28:01][INFO] SIM_BRIDGE: CuPy using GPU: NVIDIA GeForce RTX 3090 (24.0 GB), mempool limit: 80%
[2026-06-14 01:28:01][INFO] SIM_BRIDGE: Initializing simulation data for model: IZHIKEVICH (3D)... (playback_init: False)
[2026-06-14 01:28:01][INFO] SIM_BRIDGE: RNG initialized with seed: 42
[2026-06-14 01:28:01][INFO] SIM_BRIDGE: Initializing Izhikevich model specifics for 512 neurons...
[2026-06-14 01:28:01][INFO] SIM_BRIDGE: Applying parameter heterogeneity to neuron parameters...
[2026-06-14 01:28:01][INFO] SIM_BRIDGE: Applied heterogeneity to 4 parameters.
[2026-06-14 01:28:01][INFO] SIM_BRIDGE: Initializing OU process state (tau=15.0ms, sigma=0.0pA)...
[2026-06-14 01:28:01][INFO] SIM_BRIDGE: Generating 3D neuron positions for 512 neurons...
[2026-06-14 01:28:01][INFO] SIM_BRIDGE: Generating connections (3D)...
[2026-06-14 01:28:01][INFO] SIM_BRIDGE: Simulation data initialized for 512 neurons (3D). Synapses: 0. GPU memory: 1.7GB/25.8GB (6.5%)
[2026-06-14 01:28:02][INFO] SIM_BRIDGE: CuPy using GPU: NVIDIA GeForce RTX 3090 (24.0 GB), mempool limit: 80%
[2026-06-14 01:28:02][INFO] SIM_BRIDGE: Initializing simulation data for model: IZHIKEVICH (3D)... (playback_init: False)
[2026-06-14 01:28:02][INFO] SIM_BRIDGE: RNG initialized with seed: 42
[2026-06-14 01:28:02][INFO] SIM_BRIDGE: Initializing Izhikevich model specifics for 1024 neurons...
[2026-06-14 01:28:02][INFO] SIM_BRIDGE: Applying parameter heterogeneity to neuron parameters...
[2026-06-14 01:28:02][INFO] SIM_BRIDGE: Applied heterogeneity to 4 parameters.
[2026-06-14 01:28:02][INFO] SIM_BRIDGE: Initializing OU process state (tau=15.0ms, sigma=0.0pA)...
[2026-06-14 01:28:02][INFO] SIM_BRIDGE: Generating 3D neuron positions for 1024 neurons...
[2026-06-14 01:28:02][INFO] SIM_BRIDGE: Generating connections (3D)...
[2026-06-14 01:28:02][INFO] SIM_BRIDGE: Simulation data initialized for 1024 neurons (3D). Synapses: 0. GPU memory: 1.7GB/25.8GB (6.5%)
[2026-06-14 01:28:35][INFO] SIM_BRIDGE: CuPy using GPU: NVIDIA GeForce RTX 3090 (24.0 GB), mempool limit: 80%
[2026-06-14 01:28:35][INFO] SIM_BRIDGE: Initializing simulation data for model: IZHIKEVICH (3D)... (playback_init: False)
[2026-06-14 01:28:35][INFO] SIM_BRIDGE: RNG initialized with seed: 42
[2026-06-14 01:28:35][INFO] SIM_BRIDGE: Initializing Izhikevich model specifics for 768 neurons...
[2026-06-14 01:28:35][INFO] SIM_BRIDGE: Applying parameter heterogeneity to neuron parameters...
[2026-06-14 01:28:35][INFO] SIM_BRIDGE: Applied heterogeneity to 4 parameters.
[2026-06-14 01:28:35][INFO] SIM_BRIDGE: Initializing OU process state (tau=15.0ms, sigma=0.0pA)...
[2026-06-14 01:28:35][INFO] SIM_BRIDGE: Generating 3D neuron positions for 768 neurons...
[2026-06-14 01:28:35][INFO] SIM_BRIDGE: Generating connections (3D)...
[2026-06-14 01:28:35][INFO] SIM_BRIDGE: Simulation data initialized for 768 neurons (3D). Synapses: 0. GPU memory: 1.7GB/25.8GB (6.5%)
[2026-06-14 01:31:41][INFO] SIM_BRIDGE: CuPy using GPU: NVIDIA GeForce RTX 3090 (24.0 GB), mempool limit: 80%
[2026-06-14 01:31:41][INFO] SIM_BRIDGE: Initializing simulation data for model: IZHIKEVICH (3D)... (playback_init: False)
[2026-06-14 01:31:41][INFO] SIM_BRIDGE: RNG initialized with seed: 42
[2026-06-14 01:31:41][INFO] SIM_BRIDGE: Initializing Izhikevich model specifics for 512 neurons...
[2026-06-14 01:31:41][INFO] SIM_BRIDGE: Applying parameter heterogeneity to neuron parameters...
[2026-06-14 01:31:41][INFO] SIM_BRIDGE: Applied heterogeneity to 4 parameters.
[2026-06-14 01:31:41][INFO] SIM_BRIDGE: Initializing OU process state (tau=15.0ms, sigma=0.0pA)...
[2026-06-14 01:31:41][INFO] SIM_BRIDGE: Generating 3D neuron positions for 512 neurons...
[2026-06-14 01:31:41][INFO] SIM_BRIDGE: Generating connections (3D)...
[2026-06-14 01:31:41][INFO] SIM_BRIDGE: Simulation data initialized for 512 neurons (3D). Synapses: 0. GPU memory: 1.7GB/25.8GB (6.5%)
[2026-06-14 01:31:41][INFO] SIM_BRIDGE: CuPy using GPU: NVIDIA GeForce RTX 3090 (24.0 GB), mempool limit: 80%
[2026-06-14 01:31:41][INFO] SIM_BRIDGE: Initializing simulation data for model: IZHIKEVICH (3D)... (playback_init: False)
[2026-06-14 01:31:41][INFO] SIM_BRIDGE: RNG initialized with seed: 42
[2026-06-14 01:31:41][INFO] SIM_BRIDGE: Initializing Izhikevich model specifics for 1024 neurons...
[2026-06-14 01:31:41][INFO] SIM_BRIDGE: Applying parameter heterogeneity to neuron parameters...
[2026-06-14 01:31:41][INFO] SIM_BRIDGE: Applied heterogeneity to 4 parameters.
[2026-06-14 01:31:41][INFO] SIM_BRIDGE: Initializing OU process state (tau=15.0ms, sigma=0.0pA)...
[2026-06-14 01:31:41][INFO] SIM_BRIDGE: Generating 3D neuron positions for 1024 neurons...
[2026-06-14 01:31:41][INFO] SIM_BRIDGE: Generating connections (3D)...
[2026-06-14 01:31:41][INFO] SIM_BRIDGE: Simulation data initialized for 1024 neurons (3D). Synapses: 0. GPU memory: 1.7GB/25.8GB (6.5%)
[2026-06-14 01:32:14][INFO] SIM_BRIDGE: CuPy using GPU: NVIDIA GeForce RTX 3090 (24.0 GB), mempool limit: 80%
[2026-06-14 01:32:14][INFO] SIM_BRIDGE: Initializing simulation data for model: IZHIKEVICH (3D)... (playback_init: False)
[2026-06-14 01:32:14][INFO] SIM_BRIDGE: RNG initialized with seed: 42
[2026-06-14 01:32:14][INFO] SIM_BRIDGE: Initializing Izhikevich model specifics for 768 neurons...
[2026-06-14 01:32:14][INFO] SIM_BRIDGE: Applying parameter heterogeneity to neuron parameters...
[2026-06-14 01:32:14][INFO] SIM_BRIDGE: Applied heterogeneity to 4 parameters.
[2026-06-14 01:32:14][INFO] SIM_BRIDGE: Initializing OU process state (tau=15.0ms, sigma=0.0pA)...
[2026-06-14 01:32:14][INFO] SIM_BRIDGE: Generating 3D neuron positions for 768 neurons...
[2026-06-14 01:32:14][INFO] SIM_BRIDGE: Generating connections (3D)...
[2026-06-14 01:32:14][INFO] SIM_BRIDGE: Simulation data initialized for 768 neurons (3D). Synapses: 0. GPU memory: 1.7GB/25.8GB (6.5%)
[2026-06-14 01:35:19][INFO] SIM_BRIDGE: CuPy using GPU: NVIDIA GeForce RTX 3090 (24.0 GB), mempool limit: 80%
[2026-06-14 01:35:19][INFO] SIM_BRIDGE: Initializing simulation data for model: IZHIKEVICH (3D)... (playback_init: False)
[2026-06-14 01:35:19][INFO] SIM_BRIDGE: RNG initialized with seed: 42
[2026-06-14 01:35:19][INFO] SIM_BRIDGE: Initializing Izhikevich model specifics for 512 neurons...
[2026-06-14 01:35:19][INFO] SIM_BRIDGE: Applying parameter heterogeneity to neuron parameters...
[2026-06-14 01:35:19][INFO] SIM_BRIDGE: Applied heterogeneity to 4 parameters.
[2026-06-14 01:35:19][INFO] SIM_BRIDGE: Initializing OU process state (tau=15.0ms, sigma=0.0pA)...
[2026-06-14 01:35:19][INFO] SIM_BRIDGE: Generating 3D neuron positions for 512 neurons...
[2026-06-14 01:35:19][INFO] SIM_BRIDGE: Generating connections (3D)...
[2026-06-14 01:35:19][INFO] SIM_BRIDGE: Simulation data initialized for 512 neurons (3D). Synapses: 0. GPU memory: 1.7GB/25.8GB (6.5%)
[2026-06-14 01:35:19][INFO] SIM_BRIDGE: CuPy using GPU: NVIDIA GeForce RTX 3090 (24.0 GB), mempool limit: 80%
[2026-06-14 01:35:19][INFO] SIM_BRIDGE: Initializing simulation data for model: IZHIKEVICH (3D)... (playback_init: False)
[2026-06-14 01:35:19][INFO] SIM_BRIDGE: RNG initialized with seed: 42
[2026-06-14 01:35:19][INFO] SIM_BRIDGE: Initializing Izhikevich model specifics for 1024 neurons...
[2026-06-14 01:35:19][INFO] SIM_BRIDGE: Applying parameter heterogeneity to neuron parameters...
[2026-06-14 01:35:19][INFO] SIM_BRIDGE: Applied heterogeneity to 4 parameters.
[2026-06-14 01:35:19][INFO] SIM_BRIDGE: Initializing OU process state (tau=15.0ms, sigma=0.0pA)...
[2026-06-14 01:35:19][INFO] SIM_BRIDGE: Generating 3D neuron positions for 1024 neurons...
[2026-06-14 01:35:19][INFO] SIM_BRIDGE: Generating connections (3D)...
[2026-06-14 01:35:19][INFO] SIM_BRIDGE: Simulation data initialized for 1024 neurons (3D). Synapses: 0. GPU memory: 1.7GB/25.8GB (6.5%)
[2026-06-14 01:35:38][INFO] SIM_BRIDGE: CuPy using GPU: NVIDIA GeForce RTX 3090 (24.0 GB), mempool limit: 80%
[2026-06-14 01:35:38][INFO] SIM_BRIDGE: Initializing simulation data for model: IZHIKEVICH (3D)... (playback_init: False)
[2026-06-14 01:35:38][INFO] SIM_BRIDGE: RNG initialized with seed: 42
[2026-06-14 01:35:38][INFO] SIM_BRIDGE: Initializing Izhikevich model specifics for 768 neurons...
[2026-06-14 01:35:38][INFO] SIM_BRIDGE: Applying parameter heterogeneity to neuron parameters...
[2026-06-14 01:35:38][INFO] SIM_BRIDGE: Applied heterogeneity to 4 parameters.
[2026-06-14 01:35:38][INFO] SIM_BRIDGE: Initializing OU process state (tau=15.0ms, sigma=0.0pA)...
[2026-06-14 01:35:38][INFO] SIM_BRIDGE: Generating 3D neuron positions for 768 neurons...
[2026-06-14 01:35:38][INFO] SIM_BRIDGE: Generating connections (3D)...
[2026-06-14 01:35:38][INFO] SIM_BRIDGE: Simulation data initialized for 768 neurons (3D). Synapses: 0. GPU memory: 1.7GB/25.8GB (6.5%)
    [  insects] B1 gen acc=0.988 (chance=0.250, 4.0x)  B2 fa=0 abstains_all=True  | C1 perm B1=0.106 collapses=True
    C4 random-shard: B1=0.219 collapses=True (n=64)

  ------------------------------------------------------------------------------------------------
  ROUTE A -- GATE X: cross-bridge IDENTITY (V-tag) + X-pb (per-bridge dispatch)
  ------------------------------------------------------------------------------------------------
    [authored 12 cross-bridge facts] e.g. [('mammals.hyena', 'insects.bee'), ('insects.cockroach', 'mammals.horse'), ('insects.dragonfly', 'mammals.moose')]
[2026-06-14 01:42:00][INFO] SIM_BRIDGE: CuPy using GPU: NVIDIA GeForce RTX 3090 (24.0 GB), mempool limit: 80%
[2026-06-14 01:42:00][INFO] SIM_BRIDGE: Initializing simulation data for model: IZHIKEVICH (3D)... (playback_init: False)
[2026-06-14 01:42:00][INFO] SIM_BRIDGE: RNG initialized with seed: 42
[2026-06-14 01:42:00][INFO] SIM_BRIDGE: Initializing Izhikevich model specifics for 512 neurons...
[2026-06-14 01:42:00][INFO] SIM_BRIDGE: Applying parameter heterogeneity to neuron parameters...
[2026-06-14 01:42:00][INFO] SIM_BRIDGE: Applied heterogeneity to 4 parameters.
[2026-06-14 01:42:00][INFO] SIM_BRIDGE: Initializing OU process state (tau=15.0ms, sigma=0.0pA)...
[2026-06-14 01:42:00][INFO] SIM_BRIDGE: Generating 3D neuron positions for 512 neurons...
[2026-06-14 01:42:00][INFO] SIM_BRIDGE: Generating connections (3D)...
[2026-06-14 01:42:00][INFO] SIM_BRIDGE: Simulation data initialized for 512 neurons (3D). Synapses: 0. GPU memory: 1.7GB/25.8GB (6.5%)
[2026-06-14 01:42:01][INFO] SIM_BRIDGE: CuPy using GPU: NVIDIA GeForce RTX 3090 (24.0 GB), mempool limit: 80%
[2026-06-14 01:42:01][INFO] SIM_BRIDGE: Initializing simulation data for model: IZHIKEVICH (3D)... (playback_init: False)
[2026-06-14 01:42:01][INFO] SIM_BRIDGE: RNG initialized with seed: 42
[2026-06-14 01:42:01][INFO] SIM_BRIDGE: Initializing Izhikevich model specifics for 1024 neurons...
[2026-06-14 01:42:01][INFO] SIM_BRIDGE: Applying parameter heterogeneity to neuron parameters...
[2026-06-14 01:42:01][INFO] SIM_BRIDGE: Applied heterogeneity to 4 parameters.
[2026-06-14 01:42:01][INFO] SIM_BRIDGE: Initializing OU process state (tau=15.0ms, sigma=0.0pA)...
[2026-06-14 01:42:01][INFO] SIM_BRIDGE: Generating 3D neuron positions for 1024 neurons...
[2026-06-14 01:42:01][INFO] SIM_BRIDGE: Generating connections (3D)...
[2026-06-14 01:42:01][INFO] SIM_BRIDGE: Simulation data initialized for 1024 neurons (3D). Synapses: 0. GPU memory: 1.7GB/25.8GB (6.5%)
[2026-06-14 01:42:01][INFO] SIM_BRIDGE: CuPy using GPU: NVIDIA GeForce RTX 3090 (24.0 GB), mempool limit: 80%
[2026-06-14 01:42:01][INFO] SIM_BRIDGE: Initializing simulation data for model: IZHIKEVICH (3D)... (playback_init: False)
[2026-06-14 01:42:01][INFO] SIM_BRIDGE: RNG initialized with seed: 42
[2026-06-14 01:42:01][INFO] SIM_BRIDGE: Initializing Izhikevich model specifics for 512 neurons...
[2026-06-14 01:42:01][INFO] SIM_BRIDGE: Applying parameter heterogeneity to neuron parameters...
[2026-06-14 01:42:01][INFO] SIM_BRIDGE: Applied heterogeneity to 4 parameters.
[2026-06-14 01:42:01][INFO] SIM_BRIDGE: Initializing OU process state (tau=15.0ms, sigma=0.0pA)...
[2026-06-14 01:42:01][INFO] SIM_BRIDGE: Generating 3D neuron positions for 512 neurons...
[2026-06-14 01:42:01][INFO] SIM_BRIDGE: Generating connections (3D)...
[2026-06-14 01:42:01][INFO] SIM_BRIDGE: Simulation data initialized for 512 neurons (3D). Synapses: 0. GPU memory: 1.7GB/25.8GB (6.5%)
[2026-06-14 01:42:01][INFO] SIM_BRIDGE: CuPy using GPU: NVIDIA GeForce RTX 3090 (24.0 GB), mempool limit: 80%
[2026-06-14 01:42:01][INFO] SIM_BRIDGE: Initializing simulation data for model: IZHIKEVICH (3D)... (playback_init: False)
[2026-06-14 01:42:01][INFO] SIM_BRIDGE: RNG initialized with seed: 42
[2026-06-14 01:42:01][INFO] SIM_BRIDGE: Initializing Izhikevich model specifics for 1024 neurons...
[2026-06-14 01:42:01][INFO] SIM_BRIDGE: Applying parameter heterogeneity to neuron parameters...
[2026-06-14 01:42:01][INFO] SIM_BRIDGE: Applied heterogeneity to 4 parameters.
[2026-06-14 01:42:01][INFO] SIM_BRIDGE: Initializing OU process state (tau=15.0ms, sigma=0.0pA)...
[2026-06-14 01:42:01][INFO] SIM_BRIDGE: Generating 3D neuron positions for 1024 neurons...
[2026-06-14 01:42:01][INFO] SIM_BRIDGE: Generating connections (3D)...
[2026-06-14 01:42:01][INFO] SIM_BRIDGE: Simulation data initialized for 1024 neurons (3D). Synapses: 0. GPU memory: 1.7GB/25.8GB (6.5%)
[2026-06-14 01:42:02][INFO] SIM_BRIDGE: CuPy using GPU: NVIDIA GeForce RTX 3090 (24.0 GB), mempool limit: 80%
[2026-06-14 01:42:02][INFO] SIM_BRIDGE: Initializing simulation data for model: IZHIKEVICH (3D)... (playback_init: False)
[2026-06-14 01:42:02][INFO] SIM_BRIDGE: RNG initialized with seed: 42
[2026-06-14 01:42:02][INFO] SIM_BRIDGE: Initializing Izhikevich model specifics for 512 neurons...
[2026-06-14 01:42:02][INFO] SIM_BRIDGE: Applying parameter heterogeneity to neuron parameters...
[2026-06-14 01:42:02][INFO] SIM_BRIDGE: Applied heterogeneity to 4 parameters.
[2026-06-14 01:42:02][INFO] SIM_BRIDGE: Initializing OU process state (tau=15.0ms, sigma=0.0pA)...
[2026-06-14 01:42:02][INFO] SIM_BRIDGE: Generating 3D neuron positions for 512 neurons...
[2026-06-14 01:42:02][INFO] SIM_BRIDGE: Generating connections (3D)...
[2026-06-14 01:42:02][INFO] SIM_BRIDGE: Simulation data initialized for 512 neurons (3D). Synapses: 0. GPU memory: 1.7GB/25.8GB (6.5%)
[2026-06-14 01:42:02][INFO] SIM_BRIDGE: CuPy using GPU: NVIDIA GeForce RTX 3090 (24.0 GB), mempool limit: 80%
[2026-06-14 01:42:02][INFO] SIM_BRIDGE: Initializing simulation data for model: IZHIKEVICH (3D)... (playback_init: False)
[2026-06-14 01:42:02][INFO] SIM_BRIDGE: RNG initialized with seed: 42
[2026-06-14 01:42:02][INFO] SIM_BRIDGE: Initializing Izhikevich model specifics for 1024 neurons...
[2026-06-14 01:42:02][INFO] SIM_BRIDGE: Applying parameter heterogeneity to neuron parameters...
[2026-06-14 01:42:02][INFO] SIM_BRIDGE: Applied heterogeneity to 4 parameters.
[2026-06-14 01:42:02][INFO] SIM_BRIDGE: Initializing OU process state (tau=15.0ms, sigma=0.0pA)...
[2026-06-14 01:42:02][INFO] SIM_BRIDGE: Generating 3D neuron positions for 1024 neurons...
[2026-06-14 01:42:02][INFO] SIM_BRIDGE: Generating connections (3D)...
[2026-06-14 01:42:02][INFO] SIM_BRIDGE: Simulation data initialized for 1024 neurons (3D). Synapses: 0. GPU memory: 1.7GB/25.8GB (6.5%)
[2026-06-14 01:42:02][INFO] SIM_BRIDGE: CuPy using GPU: NVIDIA GeForce RTX 3090 (24.0 GB), mempool limit: 80%
[2026-06-14 01:42:02][INFO] SIM_BRIDGE: Initializing simulation data for model: IZHIKEVICH (3D)... (playback_init: False)
[2026-06-14 01:42:02][INFO] SIM_BRIDGE: RNG initialized with seed: 42
[2026-06-14 01:42:02][INFO] SIM_BRIDGE: Initializing Izhikevich model specifics for 512 neurons...
[2026-06-14 01:42:02][INFO] SIM_BRIDGE: Applying parameter heterogeneity to neuron parameters...
[2026-06-14 01:42:02][INFO] SIM_BRIDGE: Applied heterogeneity to 4 parameters.
[2026-06-14 01:42:02][INFO] SIM_BRIDGE: Initializing OU process state (tau=15.0ms, sigma=0.0pA)...
[2026-06-14 01:42:02][INFO] SIM_BRIDGE: Generating 3D neuron positions for 512 neurons...
[2026-06-14 01:42:02][INFO] SIM_BRIDGE: Generating connections (3D)...
[2026-06-14 01:42:02][INFO] SIM_BRIDGE: Simulation data initialized for 512 neurons (3D). Synapses: 0. GPU memory: 1.7GB/25.8GB (6.5%)
[2026-06-14 01:42:03][INFO] SIM_BRIDGE: CuPy using GPU: NVIDIA GeForce RTX 3090 (24.0 GB), mempool limit: 80%
[2026-06-14 01:42:03][INFO] SIM_BRIDGE: Initializing simulation data for model: IZHIKEVICH (3D)... (playback_init: False)
[2026-06-14 01:42:03][INFO] SIM_BRIDGE: RNG initialized with seed: 42
[2026-06-14 01:42:03][INFO] SIM_BRIDGE: Initializing Izhikevich model specifics for 1024 neurons...
[2026-06-14 01:42:03][INFO] SIM_BRIDGE: Applying parameter heterogeneity to neuron parameters...
[2026-06-14 01:42:03][INFO] SIM_BRIDGE: Applied heterogeneity to 4 parameters.
[2026-06-14 01:42:03][INFO] SIM_BRIDGE: Initializing OU process state (tau=15.0ms, sigma=0.0pA)...
[2026-06-14 01:42:03][INFO] SIM_BRIDGE: Generating 3D neuron positions for 1024 neurons...
[2026-06-14 01:42:03][INFO] SIM_BRIDGE: Generating connections (3D)...
[2026-06-14 01:42:03][INFO] SIM_BRIDGE: Simulation data initialized for 1024 neurons (3D). Synapses: 0. GPU memory: 1.7GB/25.8GB (6.5%)
[2026-06-14 01:42:03][INFO] SIM_BRIDGE: CuPy using GPU: NVIDIA GeForce RTX 3090 (24.0 GB), mempool limit: 80%
[2026-06-14 01:42:03][INFO] SIM_BRIDGE: Initializing simulation data for model: IZHIKEVICH (3D)... (playback_init: False)
[2026-06-14 01:42:03][INFO] SIM_BRIDGE: RNG initialized with seed: 42
[2026-06-14 01:42:03][INFO] SIM_BRIDGE: Initializing Izhikevich model specifics for 768 neurons...
[2026-06-14 01:42:03][INFO] SIM_BRIDGE: Applying parameter heterogeneity to neuron parameters...
[2026-06-14 01:42:03][INFO] SIM_BRIDGE: Applied heterogeneity to 4 parameters.
[2026-06-14 01:42:03][INFO] SIM_BRIDGE: Initializing OU process state (tau=15.0ms, sigma=0.0pA)...
[2026-06-14 01:42:03][INFO] SIM_BRIDGE: Generating 3D neuron positions for 768 neurons...
[2026-06-14 01:42:03][INFO] SIM_BRIDGE: Generating connections (3D)...
[2026-06-14 01:42:03][INFO] SIM_BRIDGE: Simulation data initialized for 768 neurons (3D). Synapses: 0. GPU memory: 1.7GB/25.8GB (6.5%)
[2026-06-14 01:42:04][INFO] SIM_BRIDGE: CuPy using GPU: NVIDIA GeForce RTX 3090 (24.0 GB), mempool limit: 80%
[2026-06-14 01:42:04][INFO] SIM_BRIDGE: Initializing simulation data for model: IZHIKEVICH (3D)... (playback_init: False)
[2026-06-14 01:42:04][INFO] SIM_BRIDGE: RNG initialized with seed: 42
[2026-06-14 01:42:04][INFO] SIM_BRIDGE: Initializing Izhikevich model specifics for 768 neurons...
[2026-06-14 01:42:04][INFO] SIM_BRIDGE: Applying parameter heterogeneity to neuron parameters...
[2026-06-14 01:42:04][INFO] SIM_BRIDGE: Applied heterogeneity to 4 parameters.
[2026-06-14 01:42:04][INFO] SIM_BRIDGE: Initializing OU process state (tau=15.0ms, sigma=0.0pA)...
[2026-06-14 01:42:04][INFO] SIM_BRIDGE: Generating 3D neuron positions for 768 neurons...
[2026-06-14 01:42:04][INFO] SIM_BRIDGE: Generating connections (3D)...
[2026-06-14 01:42:04][INFO] SIM_BRIDGE: Simulation data initialized for 768 neurons (3D). Synapses: 0. GPU memory: 1.7GB/25.8GB (6.5%)
[2026-06-14 01:42:05][INFO] SIM_BRIDGE: CuPy using GPU: NVIDIA GeForce RTX 3090 (24.0 GB), mempool limit: 80%
[2026-06-14 01:42:05][INFO] SIM_BRIDGE: Initializing simulation data for model: IZHIKEVICH (3D)... (playback_init: False)
[2026-06-14 01:42:05][INFO] SIM_BRIDGE: RNG initialized with seed: 42
[2026-06-14 01:42:05][INFO] SIM_BRIDGE: Initializing Izhikevich model specifics for 768 neurons...
[2026-06-14 01:42:05][INFO] SIM_BRIDGE: Applying parameter heterogeneity to neuron parameters...
[2026-06-14 01:42:05][INFO] SIM_BRIDGE: Applied heterogeneity to 4 parameters.
[2026-06-14 01:42:05][INFO] SIM_BRIDGE: Initializing OU process state (tau=15.0ms, sigma=0.0pA)...
[2026-06-14 01:42:05][INFO] SIM_BRIDGE: Generating 3D neuron positions for 768 neurons...
[2026-06-14 01:42:05][INFO] SIM_BRIDGE: Generating connections (3D)...
[2026-06-14 01:42:05][INFO] SIM_BRIDGE: Simulation data initialized for 768 neurons (3D). Synapses: 0. GPU memory: 1.7GB/25.8GB (6.5%)
[2026-06-14 01:42:06][INFO] SIM_BRIDGE: CuPy using GPU: NVIDIA GeForce RTX 3090 (24.0 GB), mempool limit: 80%
[2026-06-14 01:42:06][INFO] SIM_BRIDGE: Initializing simulation data for model: IZHIKEVICH (3D)... (playback_init: False)
[2026-06-14 01:42:06][INFO] SIM_BRIDGE: RNG initialized with seed: 42
[2026-06-14 01:42:06][INFO] SIM_BRIDGE: Initializing Izhikevich model specifics for 768 neurons...
[2026-06-14 01:42:06][INFO] SIM_BRIDGE: Applying parameter heterogeneity to neuron parameters...
[2026-06-14 01:42:06][INFO] SIM_BRIDGE: Applied heterogeneity to 4 parameters.
[2026-06-14 01:42:06][INFO] SIM_BRIDGE: Initializing OU process state (tau=15.0ms, sigma=0.0pA)...
[2026-06-14 01:42:06][INFO] SIM_BRIDGE: Generating 3D neuron positions for 768 neurons...
[2026-06-14 01:42:06][INFO] SIM_BRIDGE: Generating connections (3D)...
[2026-06-14 01:42:06][INFO] SIM_BRIDGE: Simulation data initialized for 768 neurons (3D). Synapses: 0. GPU memory: 1.7GB/25.8GB (6.5%)
    X-pb (per-bridge dispatch, within-bridge SVO recall): what_acc=1.0 who_acc=1.0 (n_bridges=4) | abstention breaches=0/8
    X-vtag (spiking V-tag identity layer over the graded `pool` regions):
[2026-06-14 01:42:12][INFO] SIM_BRIDGE: CuPy using GPU: NVIDIA GeForce RTX 3090 (24.0 GB), mempool limit: 80%
[2026-06-14 01:42:12][INFO] SIM_BRIDGE: Initializing simulation data for model: IZHIKEVICH (3D)... (playback_init: False)
[2026-06-14 01:42:12][INFO] SIM_BRIDGE: Brain-region framework: 2 regions, 2700 total neurons, 3 pathways.
[2026-06-14 01:42:12][INFO] SIM_BRIDGE: RNG initialized with seed: 42
[2026-06-14 01:42:12][INFO] SIM_BRIDGE: Initializing Izhikevich model specifics for 2700 neurons...
[2026-06-14 01:42:12][INFO] SIM_BRIDGE: Applying parameter heterogeneity to neuron parameters...
[2026-06-14 01:42:12][INFO] SIM_BRIDGE: Applied heterogeneity to 4 parameters.
[2026-06-14 01:42:12][INFO] SIM_BRIDGE: Initializing OU process state (tau=15.0ms, sigma=0.0pA)...
[2026-06-14 01:42:12][INFO] SIM_BRIDGE: Generating 3D neuron positions for 2700 neurons...
[2026-06-14 01:42:12][INFO] SIM_BRIDGE: Generating connections (brain-region framework)...
[2026-06-14 01:42:16][INFO] SIM_BRIDGE: inject_explicit_wiring: installed 3888625 synapses across 3 populations.
[2026-06-14 01:42:16][INFO] SIM_BRIDGE: Simulation data initialized for 2700 neurons (3D). Synapses: 3888625. GPU memory: 1.7GB/25.8GB (6.5%)
      [built+trained   mammals graded bridge: 2700 neurons]
[2026-06-14 01:44:04][INFO] SIM_BRIDGE: CuPy using GPU: NVIDIA GeForce RTX 3090 (24.0 GB), mempool limit: 80%
[2026-06-14 01:44:04][INFO] SIM_BRIDGE: Initializing simulation data for model: IZHIKEVICH (3D)... (playback_init: False)
[2026-06-14 01:44:04][INFO] SIM_BRIDGE: Brain-region framework: 2 regions, 2700 total neurons, 3 pathways.
[2026-06-14 01:44:04][INFO] SIM_BRIDGE: RNG initialized with seed: 42
[2026-06-14 01:44:04][INFO] SIM_BRIDGE: Initializing Izhikevich model specifics for 2700 neurons...
[2026-06-14 01:44:04][INFO] SIM_BRIDGE: Applying parameter heterogeneity to neuron parameters...
[2026-06-14 01:44:04][INFO] SIM_BRIDGE: Applied heterogeneity to 4 parameters.
[2026-06-14 01:44:04][INFO] SIM_BRIDGE: Initializing OU process state (tau=15.0ms, sigma=0.0pA)...
[2026-06-14 01:44:04][INFO] SIM_BRIDGE: Generating 3D neuron positions for 2700 neurons...
[2026-06-14 01:44:04][INFO] SIM_BRIDGE: Generating connections (brain-region framework)...
[2026-06-14 01:44:07][INFO] SIM_BRIDGE: inject_explicit_wiring: installed 3888625 synapses across 3 populations.
[2026-06-14 01:44:07][INFO] SIM_BRIDGE: Simulation data initialized for 2700 neurons (3D). Synapses: 3888625. GPU memory: 1.8GB/25.8GB (7.2%)
      [built+trained     birds graded bridge: 2700 neurons]
[2026-06-14 01:45:55][INFO] SIM_BRIDGE: CuPy using GPU: NVIDIA GeForce RTX 3090 (24.0 GB), mempool limit: 80%
[2026-06-14 01:45:55][INFO] SIM_BRIDGE: Initializing simulation data for model: IZHIKEVICH (3D)... (playback_init: False)
[2026-06-14 01:45:55][INFO] SIM_BRIDGE: Brain-region framework: 2 regions, 2700 total neurons, 3 pathways.
[2026-06-14 01:45:55][INFO] SIM_BRIDGE: RNG initialized with seed: 42
[2026-06-14 01:45:55][INFO] SIM_BRIDGE: Initializing Izhikevich model specifics for 2700 neurons...
[2026-06-14 01:45:55][INFO] SIM_BRIDGE: Applying parameter heterogeneity to neuron parameters...
[2026-06-14 01:45:55][INFO] SIM_BRIDGE: Applied heterogeneity to 4 parameters.
[2026-06-14 01:45:55][INFO] SIM_BRIDGE: Initializing OU process state (tau=15.0ms, sigma=0.0pA)...
[2026-06-14 01:45:55][INFO] SIM_BRIDGE: Generating 3D neuron positions for 2700 neurons...
[2026-06-14 01:45:55][INFO] SIM_BRIDGE: Generating connections (brain-region framework)...
[2026-06-14 01:45:58][INFO] SIM_BRIDGE: inject_explicit_wiring: installed 3888625 synapses across 3 populations.
[2026-06-14 01:45:58][INFO] SIM_BRIDGE: Simulation data initialized for 2700 neurons (3D). Synapses: 3888625. GPU memory: 2.1GB/25.8GB (8.1%)
      [built+trained fish_reptiles graded bridge: 2700 neurons]
[2026-06-14 01:47:47][INFO] SIM_BRIDGE: CuPy using GPU: NVIDIA GeForce RTX 3090 (24.0 GB), mempool limit: 80%
[2026-06-14 01:47:47][INFO] SIM_BRIDGE: Initializing simulation data for model: IZHIKEVICH (3D)... (playback_init: False)
[2026-06-14 01:47:47][INFO] SIM_BRIDGE: Brain-region framework: 2 regions, 2700 total neurons, 3 pathways.
[2026-06-14 01:47:47][INFO] SIM_BRIDGE: RNG initialized with seed: 42
[2026-06-14 01:47:47][INFO] SIM_BRIDGE: Initializing Izhikevich model specifics for 2700 neurons...
[2026-06-14 01:47:47][INFO] SIM_BRIDGE: Applying parameter heterogeneity to neuron parameters...
[2026-06-14 01:47:47][INFO] SIM_BRIDGE: Applied heterogeneity to 4 parameters.
[2026-06-14 01:47:47][INFO] SIM_BRIDGE: Initializing OU process state (tau=15.0ms, sigma=0.0pA)...
[2026-06-14 01:47:47][INFO] SIM_BRIDGE: Generating 3D neuron positions for 2700 neurons...
[2026-06-14 01:47:47][INFO] SIM_BRIDGE: Generating connections (brain-region framework)...
[2026-06-14 01:47:50][INFO] SIM_BRIDGE: inject_explicit_wiring: installed 3888625 synapses across 3 populations.
[2026-06-14 01:47:51][INFO] SIM_BRIDGE: Simulation data initialized for 2700 neurons (3D). Synapses: 3888625. GPU memory: 2.3GB/25.8GB (8.9%)
      [built+trained   insects graded bridge: 2700 neurons]
      (built 4 graded bridges in 448s)
      M3 TRUE: top2=1.00 top1=1.00 signal/floor=20.10x [GO]
      Cx PERMUTED (FIXED M7, score WRONG target): top2=0.00 collapses=True
    C3 moat alongside host (over cross-bridge facts):
[2026-06-14 01:50:08][INFO] SIM_BRIDGE: CuPy using GPU: NVIDIA GeForce RTX 3090 (24.0 GB), mempool limit: 80%
[2026-06-14 01:50:08][INFO] SIM_BRIDGE: Initializing simulation data for model: IZHIKEVICH (3D)... (playback_init: False)
[2026-06-14 01:50:08][INFO] SIM_BRIDGE: RNG initialized with seed: 42
[2026-06-14 01:50:08][INFO] SIM_BRIDGE: Initializing Izhikevich model specifics for 256 neurons...
[2026-06-14 01:50:08][INFO] SIM_BRIDGE: Applying parameter heterogeneity to neuron parameters...
[2026-06-14 01:50:08][INFO] SIM_BRIDGE: Applied heterogeneity to 4 parameters.
[2026-06-14 01:50:08][INFO] SIM_BRIDGE: Initializing OU process state (tau=15.0ms, sigma=0.0pA)...
[2026-06-14 01:50:08][INFO] SIM_BRIDGE: Generating 3D neuron positions for 256 neurons...
[2026-06-14 01:50:08][INFO] SIM_BRIDGE: Generating connections (3D)...
[2026-06-14 01:50:08][INFO] SIM_BRIDGE: Simulation data initialized for 256 neurons (3D). Synapses: 0. GPU memory: 2.3GB/25.8GB (9.0%)
[2026-06-14 01:50:08][INFO] SIM_BRIDGE: CuPy using GPU: NVIDIA GeForce RTX 3090 (24.0 GB), mempool limit: 80%
[2026-06-14 01:50:08][INFO] SIM_BRIDGE: Initializing simulation data for model: IZHIKEVICH (3D)... (playback_init: False)
[2026-06-14 01:50:08][INFO] SIM_BRIDGE: RNG initialized with seed: 42
[2026-06-14 01:50:08][INFO] SIM_BRIDGE: Initializing Izhikevich model specifics for 512 neurons...
[2026-06-14 01:50:08][INFO] SIM_BRIDGE: Applying parameter heterogeneity to neuron parameters...
[2026-06-14 01:50:08][INFO] SIM_BRIDGE: Applied heterogeneity to 4 parameters.
[2026-06-14 01:50:08][INFO] SIM_BRIDGE: Initializing OU process state (tau=15.0ms, sigma=0.0pA)...
[2026-06-14 01:50:08][INFO] SIM_BRIDGE: Generating 3D neuron positions for 512 neurons...
[2026-06-14 01:50:08][INFO] SIM_BRIDGE: Generating connections (3D)...
[2026-06-14 01:50:08][INFO] SIM_BRIDGE: Simulation data initialized for 512 neurons (3D). Synapses: 0. GPU memory: 2.3GB/25.8GB (9.0%)
[2026-06-14 01:50:16][INFO] SIM_BRIDGE: CuPy using GPU: NVIDIA GeForce RTX 3090 (24.0 GB), mempool limit: 80%
[2026-06-14 01:50:16][INFO] SIM_BRIDGE: Initializing simulation data for model: IZHIKEVICH (3D)... (playback_init: False)
[2026-06-14 01:50:16][INFO] SIM_BRIDGE: RNG initialized with seed: 42
[2026-06-14 01:50:16][INFO] SIM_BRIDGE: Initializing Izhikevich model specifics for 384 neurons...
[2026-06-14 01:50:16][INFO] SIM_BRIDGE: Applying parameter heterogeneity to neuron parameters...
[2026-06-14 01:50:16][INFO] SIM_BRIDGE: Applied heterogeneity to 4 parameters.
[2026-06-14 01:50:16][INFO] SIM_BRIDGE: Initializing OU process state (tau=15.0ms, sigma=0.0pA)...
[2026-06-14 01:50:16][INFO] SIM_BRIDGE: Generating 3D neuron positions for 384 neurons...
[2026-06-14 01:50:16][INFO] SIM_BRIDGE: Generating connections (3D)...
[2026-06-14 01:50:16][INFO] SIM_BRIDGE: Simulation data initialized for 384 neurons (3D). Synapses: 0. GPU memory: 2.3GB/25.8GB (9.0%)
      agreement=1.000 host-abstain/gate-accept=0 (MUST be 0) floor-false-accepts=0 (MUST be 0) lesion-collapses=True -> moat_intact=True

  [ROUTE A COST] per-bridge D=256 x 4 bridges | total codebook=0.582 MB | per-bind RF=512 neurons | per-bundle RF=1024 | cleanup argmax width=64 | vocabulary-independent per-op=True

====================================================================================================
  PHASE-1 COMPOSER A-vs-B DE-RISK SUMMARY -- ROUTE PER-BRIDGE -- mode=full
====================================================================================================
  [gate_A] {'all_pass': True, 'per_seed': [True], 'any_abstention_breach': False, 'criterion': "every bridge's within-bridge matrix passes (>=5/6 + moat)"}
  [gate_B] {'b1_per_seed_per_bridge': {'42': {'mammals': 0.9875, 'birds': 1.0, 'fish_reptiles': 0.99375, 'insects': 0.9875}}, 'b1_all_GO': True, 'b1_above_chance': True, 'b1_boundary_band': False, 'b2_zero_false_accepts': True, 'chance': 0.25, 'C1_collapses': True, 'C4_collapses': True}
  [gate_X] {'x_pb_ok': True, 'vtag_present': True, 'x_vtag_recall_ok': True, 'x_vtag_band_ok': True, 'cx_collapses': True, 'C3_moat_intact': True, 'C3_lesion_collapses': True, 'x_abstention_breach': False, 'x_primary_ok': True}
  [cost] {'route': 'A', 'per_bridge_composer_D': 256, 'n_bridges': 4, 'per_bridge_cost': {'mammals': {'label': 'routeA[mammals]', 'D': 256, 'cleanup_argmax_width': 64, 'n_codebook_entries': 71, 'codebook_bytes': 145408, 'codebook_MB': 0.145, 'per_bind_rf_neurons': 512, 'per_bundle_rf_neurons': 1024, 'cleanup_float_ops': 16384}, 'birds': {'label': 'routeA[birds]', 'D': 256, 'cleanup_argmax_width': 64, 'n_codebook_entries': 71, 'codebook_bytes': 145408, 'codebook_MB': 0.145, 'per_bind_rf_neurons': 512, 'per_bundle_rf_neurons': 1024, 'cleanup_float_ops': 16384}, 'fish_reptiles': {'label': 'routeA[fish_reptiles]', 'D': 256, 'cleanup_argmax_width': 64, 'n_codebook_entries': 71, 'codebook_bytes': 145408, 'codebook_MB': 0.145, 'per_bind_rf_neurons': 512, 'per_bundle_rf_neurons': 1024, 'cleanup_float_ops': 16384}, 'insects': {'label': 'routeA[insects]', 'D': 256, 'cleanup_argmax_width': 64, 'n_codebook_entries': 71, 'codebook_bytes': 145408, 'codebook_MB': 0.145, 'per_bind_rf_neurons': 512, 'per_bundle_rf_neurons': 1024, 'cleanup_float_ops': 16384}}, 'total_codebook_bytes': 581632, 'total_codebook_MB': 0.582, 'per_bind_rf_neurons': 512, 'per_bundle_rf_neurons': 1024, 'cleanup_argmax_width': 64, 'vocabulary_independent_per_op': True}

  >>> ROUTE PER-BRIDGE VERDICT: GO <<<
  Total elapsed: 10017.3s
====================================================================================================

  [A-vs-B] This run measured ROUTE PER-BRIDGE. The decision (design SS5.4) compares it against the OTHER route's JSON:
    * route A wins if it passes A(within-bridge clause)+B+X(V-tag)+anti-cheats at per-shard-bounded cost (flat to 32 bridges).
    * route B is required only if route A fails a NEEDED cross-bridge generative structure AND route B's measured D/concept extrapolates feasibly to 2,048.
    * NEGATIVE (blocks the build) on any moat breach, or neither route passing the matrix, or route B infeasible at 2,048 with a real cross-bridge generative need.
  [saved] research/findings/raw/_production_cortex_4bridge.json
