[production_cortex_build] curated Option-B substrate: 32 real semantic clusters available; corpus source = build_curated_bridge_corpus (vocab g20_vocab_spec_2048 + sub-taxonomy g20_subtaxonomy_2048); architecture = ROUTE A (per-bridge composers).
[PHASE-1 COMPOSER A-vs-B de-risk] ROUTE=PER-BRIDGE mode=full seeds=[42, 43, 44] cortex=synthetic backend=numpy smoke=False
  2 bridges x 64 concepts (= 128 concepts); route-A per-bridge D=256; route-B union D=512 sweep=None; B1 bar=0.7, X bar=0.7 (chance=0.250); skip_vtag=True
  ADAPTATIONS: A1) PerBridgeCortexAgent: a {shard: RFPhasorComposer} dict (each over its 64-concept shard vocab + shared aux) + a word->shard router, replacing the ensemble's ONE union composer; within-shard facts bind in the agent-word's shard's composer, cross-shard facts go to the V-tag layer (route A does NOT bind them generatively); each shard gets its own moat (the per-bridge abstention surface). A2) route A's Gate A runs the single-shard gate_A_matrix on EACH shard's OWN cortex codebook so the clause's 3 words live in ONE shard (within-bridge clause); the ensemble's interleaved cross-bridge clause is route B's matrix. A3) route A's Gate X is the V-tag IDENTITY layer (gate_X_vtag) + X-pb (a per-bridge-composer within-bridge fact-recall plumbing check on CPU, so route A's dispatch is exercised even when --skip-vtag drops the GPU V-tag layer); route B's Gate X is the generative X-conv. A4) per-route COST logging (composer D(s), codebook bytes, per-op RF bridge neuron counts, cleanup argmax width, wall-clock per gate; route B also logs the V=512 D/concept ratio for the 2,048 extrapolation).

====================================================================================================
  PHASE-1 COMPOSER A-vs-B DE-RISK -- SEED 42 -- ROUTE PER-BRIDGE -- mode=full cortex=synthetic n_bridges=2
====================================================================================================
  [shard   mammals] 64 concepts (8 sub x 8), 424 within-shard facts
  [shard     birds] 64 concepts (8 sub x 8), 424 within-shard facts

  [building 2 cortex codebooks (synthetic)]
    [cortex   mammals synthetic] within-cos=0.400 between-cos=0.001 margin=0.399 graded=True | DG-expansion between-cos=0.017 | 0.1s
    [cortex     birds synthetic] within-cos=0.400 between-cos=0.001 margin=0.399 graded=True | DG-expansion between-cos=0.017 | 0.1s

  ------------------------------------------------------------------------------------------------
  ROUTE A -- GATE A: within-bridge conversational matrix (per shard; clause within ONE bridge)
  ------------------------------------------------------------------------------------------------
[2026-06-13 18:40:10][INFO] SIM_BRIDGE: NumPy backend (CPU (NumPy backend), 47.7 GB RAM available)
[2026-06-13 18:40:10][INFO] SIM_BRIDGE: Initializing simulation data for model: IZHIKEVICH (3D)... (playback_init: False)
[2026-06-13 18:40:10][INFO] SIM_BRIDGE: RNG initialized with seed: 42
[2026-06-13 18:40:10][INFO] SIM_BRIDGE: Initializing Izhikevich model specifics for 512 neurons...
[2026-06-13 18:40:10][INFO] SIM_BRIDGE: Applying parameter heterogeneity to neuron parameters...
[2026-06-13 18:40:10][INFO] SIM_BRIDGE: Applied heterogeneity to 4 parameters.
[2026-06-13 18:40:10][INFO] SIM_BRIDGE: Initializing OU process state (tau=15.0ms, sigma=0.0pA)...
[2026-06-13 18:40:10][INFO] SIM_BRIDGE: Generating 3D neuron positions for 512 neurons...
[2026-06-13 18:40:10][INFO] SIM_BRIDGE: Generating connections (3D)...
[2026-06-13 18:40:10][INFO] SIM_BRIDGE: Simulation data initialized for 512 neurons (3D). Synapses: 0. GPU memory: 24.5GB/51.2GB (47.8%)
[2026-06-13 18:40:10][INFO] SIM_BRIDGE: NumPy backend (CPU (NumPy backend), 47.7 GB RAM available)
[2026-06-13 18:40:10][INFO] SIM_BRIDGE: Initializing simulation data for model: IZHIKEVICH (3D)... (playback_init: False)
[2026-06-13 18:40:10][INFO] SIM_BRIDGE: RNG initialized with seed: 42
[2026-06-13 18:40:10][INFO] SIM_BRIDGE: Initializing Izhikevich model specifics for 1024 neurons...
[2026-06-13 18:40:10][INFO] SIM_BRIDGE: Applying parameter heterogeneity to neuron parameters...
[2026-06-13 18:40:10][INFO] SIM_BRIDGE: Applied heterogeneity to 4 parameters.
[2026-06-13 18:40:10][INFO] SIM_BRIDGE: Initializing OU process state (tau=15.0ms, sigma=0.0pA)...
[2026-06-13 18:40:10][INFO] SIM_BRIDGE: Generating 3D neuron positions for 1024 neurons...
[2026-06-13 18:40:10][INFO] SIM_BRIDGE: Generating connections (3D)...
[2026-06-13 18:40:10][INFO] SIM_BRIDGE: Simulation data initialized for 1024 neurons (3D). Synapses: 0. GPU memory: 24.5GB/51.2GB (47.8%)
[2026-06-13 18:40:10][INFO] SIM_BRIDGE: NumPy backend (CPU (NumPy backend), 47.7 GB RAM available)
[2026-06-13 18:40:10][INFO] SIM_BRIDGE: Initializing simulation data for model: IZHIKEVICH (3D)... (playback_init: False)
[2026-06-13 18:40:10][INFO] SIM_BRIDGE: RNG initialized with seed: 42
[2026-06-13 18:40:10][INFO] SIM_BRIDGE: Initializing Izhikevich model specifics for 512 neurons...
[2026-06-13 18:40:10][INFO] SIM_BRIDGE: Applying parameter heterogeneity to neuron parameters...
[2026-06-13 18:40:10][INFO] SIM_BRIDGE: Applied heterogeneity to 4 parameters.
[2026-06-13 18:40:10][INFO] SIM_BRIDGE: Initializing OU process state (tau=15.0ms, sigma=0.0pA)...
[2026-06-13 18:40:10][INFO] SIM_BRIDGE: Generating 3D neuron positions for 512 neurons...
[2026-06-13 18:40:10][INFO] SIM_BRIDGE: Generating connections (3D)...
[2026-06-13 18:40:10][INFO] SIM_BRIDGE: Simulation data initialized for 512 neurons (3D). Synapses: 0. GPU memory: 24.5GB/51.2GB (47.8%)
[2026-06-13 18:40:10][INFO] SIM_BRIDGE: NumPy backend (CPU (NumPy backend), 47.7 GB RAM available)
[2026-06-13 18:40:10][INFO] SIM_BRIDGE: Initializing simulation data for model: IZHIKEVICH (3D)... (playback_init: False)
[2026-06-13 18:40:10][INFO] SIM_BRIDGE: RNG initialized with seed: 42
[2026-06-13 18:40:10][INFO] SIM_BRIDGE: Initializing Izhikevich model specifics for 1280 neurons...
[2026-06-13 18:40:10][INFO] SIM_BRIDGE: Applying parameter heterogeneity to neuron parameters...
[2026-06-13 18:40:10][INFO] SIM_BRIDGE: Applied heterogeneity to 4 parameters.
[2026-06-13 18:40:10][INFO] SIM_BRIDGE: Initializing OU process state (tau=15.0ms, sigma=0.0pA)...
[2026-06-13 18:40:10][INFO] SIM_BRIDGE: Generating 3D neuron positions for 1280 neurons...
[2026-06-13 18:40:10][INFO] SIM_BRIDGE: Generating connections (3D)...
[2026-06-13 18:40:10][INFO] SIM_BRIDGE: Simulation data initialized for 1280 neurons (3D). Synapses: 0. GPU memory: 24.5GB/51.2GB (47.8%)
[2026-06-13 18:40:10][INFO] SIM_BRIDGE: NumPy backend (CPU (NumPy backend), 47.7 GB RAM available)
[2026-06-13 18:40:10][INFO] SIM_BRIDGE: Initializing simulation data for model: IZHIKEVICH (3D)... (playback_init: False)
[2026-06-13 18:40:10][INFO] SIM_BRIDGE: RNG initialized with seed: 42
[2026-06-13 18:40:10][INFO] SIM_BRIDGE: Initializing Izhikevich model specifics for 512 neurons...
[2026-06-13 18:40:10][INFO] SIM_BRIDGE: Applying parameter heterogeneity to neuron parameters...
[2026-06-13 18:40:10][INFO] SIM_BRIDGE: Applied heterogeneity to 4 parameters.
[2026-06-13 18:40:10][INFO] SIM_BRIDGE: Initializing OU process state (tau=15.0ms, sigma=0.0pA)...
[2026-06-13 18:40:10][INFO] SIM_BRIDGE: Generating 3D neuron positions for 512 neurons...
[2026-06-13 18:40:10][INFO] SIM_BRIDGE: Generating connections (3D)...
[2026-06-13 18:40:10][INFO] SIM_BRIDGE: Simulation data initialized for 512 neurons (3D). Synapses: 0. GPU memory: 24.5GB/51.2GB (47.7%)
[2026-06-13 18:40:10][INFO] SIM_BRIDGE: NumPy backend (CPU (NumPy backend), 47.7 GB RAM available)
[2026-06-13 18:40:10][INFO] SIM_BRIDGE: Initializing simulation data for model: IZHIKEVICH (3D)... (playback_init: False)
[2026-06-13 18:40:10][INFO] SIM_BRIDGE: RNG initialized with seed: 42
[2026-06-13 18:40:10][INFO] SIM_BRIDGE: Initializing Izhikevich model specifics for 1280 neurons...
[2026-06-13 18:40:10][INFO] SIM_BRIDGE: Applying parameter heterogeneity to neuron parameters...
[2026-06-13 18:40:10][INFO] SIM_BRIDGE: Applied heterogeneity to 4 parameters.
[2026-06-13 18:40:10][INFO] SIM_BRIDGE: Initializing OU process state (tau=15.0ms, sigma=0.0pA)...
[2026-06-13 18:40:10][INFO] SIM_BRIDGE: Generating 3D neuron positions for 1280 neurons...
[2026-06-13 18:40:10][INFO] SIM_BRIDGE: Generating connections (3D)...
[2026-06-13 18:40:10][INFO] SIM_BRIDGE: Simulation data initialized for 1280 neurons (3D). Synapses: 0. GPU memory: 24.5GB/51.2GB (47.7%)
[2026-06-13 18:40:10][INFO] SIM_BRIDGE: NumPy backend (CPU (NumPy backend), 47.7 GB RAM available)
[2026-06-13 18:40:10][INFO] SIM_BRIDGE: Initializing simulation data for model: IZHIKEVICH (3D)... (playback_init: False)
[2026-06-13 18:40:10][INFO] SIM_BRIDGE: RNG initialized with seed: 42
[2026-06-13 18:40:10][INFO] SIM_BRIDGE: Initializing Izhikevich model specifics for 512 neurons...
[2026-06-13 18:40:10][INFO] SIM_BRIDGE: Applying parameter heterogeneity to neuron parameters...
[2026-06-13 18:40:10][INFO] SIM_BRIDGE: Applied heterogeneity to 4 parameters.
[2026-06-13 18:40:10][INFO] SIM_BRIDGE: Initializing OU process state (tau=15.0ms, sigma=0.0pA)...
[2026-06-13 18:40:10][INFO] SIM_BRIDGE: Generating 3D neuron positions for 512 neurons...
[2026-06-13 18:40:10][INFO] SIM_BRIDGE: Generating connections (3D)...
[2026-06-13 18:40:10][INFO] SIM_BRIDGE: Simulation data initialized for 512 neurons (3D). Synapses: 0. GPU memory: 24.5GB/51.2GB (47.7%)
[2026-06-13 18:40:10][INFO] SIM_BRIDGE: NumPy backend (CPU (NumPy backend), 47.7 GB RAM available)
[2026-06-13 18:40:10][INFO] SIM_BRIDGE: Initializing simulation data for model: IZHIKEVICH (3D)... (playback_init: False)
[2026-06-13 18:40:10][INFO] SIM_BRIDGE: RNG initialized with seed: 42
[2026-06-13 18:40:10][INFO] SIM_BRIDGE: Initializing Izhikevich model specifics for 1024 neurons...
[2026-06-13 18:40:10][INFO] SIM_BRIDGE: Applying parameter heterogeneity to neuron parameters...
[2026-06-13 18:40:10][INFO] SIM_BRIDGE: Applied heterogeneity to 4 parameters.
[2026-06-13 18:40:10][INFO] SIM_BRIDGE: Initializing OU process state (tau=15.0ms, sigma=0.0pA)...
[2026-06-13 18:40:10][INFO] SIM_BRIDGE: Generating 3D neuron positions for 1024 neurons...
[2026-06-13 18:40:10][INFO] SIM_BRIDGE: Generating connections (3D)...
[2026-06-13 18:40:10][INFO] SIM_BRIDGE: Simulation data initialized for 1024 neurons (3D). Synapses: 0. GPU memory: 24.5GB/51.2GB (47.7%)
[2026-06-13 18:40:10][INFO] SIM_BRIDGE: NumPy backend (CPU (NumPy backend), 47.7 GB RAM available)
[2026-06-13 18:40:10][INFO] SIM_BRIDGE: Initializing simulation data for model: IZHIKEVICH (3D)... (playback_init: False)
[2026-06-13 18:40:10][INFO] SIM_BRIDGE: RNG initialized with seed: 42
[2026-06-13 18:40:10][INFO] SIM_BRIDGE: Initializing Izhikevich model specifics for 512 neurons...
[2026-06-13 18:40:10][INFO] SIM_BRIDGE: Applying parameter heterogeneity to neuron parameters...
[2026-06-13 18:40:10][INFO] SIM_BRIDGE: Applied heterogeneity to 4 parameters.
[2026-06-13 18:40:10][INFO] SIM_BRIDGE: Initializing OU process state (tau=15.0ms, sigma=0.0pA)...
[2026-06-13 18:40:10][INFO] SIM_BRIDGE: Generating 3D neuron positions for 512 neurons...
[2026-06-13 18:40:10][INFO] SIM_BRIDGE: Generating connections (3D)...
[2026-06-13 18:40:10][INFO] SIM_BRIDGE: Simulation data initialized for 512 neurons (3D). Synapses: 0. GPU memory: 24.5GB/51.2GB (47.7%)
[2026-06-13 18:40:10][INFO] SIM_BRIDGE: NumPy backend (CPU (NumPy backend), 47.7 GB RAM available)
[2026-06-13 18:40:10][INFO] SIM_BRIDGE: Initializing simulation data for model: IZHIKEVICH (3D)... (playback_init: False)
[2026-06-13 18:40:10][INFO] SIM_BRIDGE: RNG initialized with seed: 42
[2026-06-13 18:40:10][INFO] SIM_BRIDGE: Initializing Izhikevich model specifics for 1024 neurons...
[2026-06-13 18:40:10][INFO] SIM_BRIDGE: Applying parameter heterogeneity to neuron parameters...
[2026-06-13 18:40:10][INFO] SIM_BRIDGE: Applied heterogeneity to 4 parameters.
[2026-06-13 18:40:10][INFO] SIM_BRIDGE: Initializing OU process state (tau=15.0ms, sigma=0.0pA)...
[2026-06-13 18:40:10][INFO] SIM_BRIDGE: Generating 3D neuron positions for 1024 neurons...
[2026-06-13 18:40:10][INFO] SIM_BRIDGE: Generating connections (3D)...
[2026-06-13 18:40:10][INFO] SIM_BRIDGE: Simulation data initialized for 1024 neurons (3D). Synapses: 0. GPU memory: 24.5GB/51.2GB (47.7%)
[2026-06-13 18:40:10][INFO] SIM_BRIDGE: NumPy backend (CPU (NumPy backend), 47.7 GB RAM available)
[2026-06-13 18:40:10][INFO] SIM_BRIDGE: Initializing simulation data for model: IZHIKEVICH (3D)... (playback_init: False)
[2026-06-13 18:40:10][INFO] SIM_BRIDGE: RNG initialized with seed: 42
[2026-06-13 18:40:10][INFO] SIM_BRIDGE: Initializing Izhikevich model specifics for 512 neurons...
[2026-06-13 18:40:10][INFO] SIM_BRIDGE: Applying parameter heterogeneity to neuron parameters...
[2026-06-13 18:40:10][INFO] SIM_BRIDGE: Applied heterogeneity to 4 parameters.
[2026-06-13 18:40:10][INFO] SIM_BRIDGE: Initializing OU process state (tau=15.0ms, sigma=0.0pA)...
[2026-06-13 18:40:10][INFO] SIM_BRIDGE: Generating 3D neuron positions for 512 neurons...
[2026-06-13 18:40:10][INFO] SIM_BRIDGE: Generating connections (3D)...
[2026-06-13 18:40:10][INFO] SIM_BRIDGE: Simulation data initialized for 512 neurons (3D). Synapses: 0. GPU memory: 24.5GB/51.2GB (47.7%)
[2026-06-13 18:40:11][INFO] SIM_BRIDGE: NumPy backend (CPU (NumPy backend), 47.7 GB RAM available)
[2026-06-13 18:40:11][INFO] SIM_BRIDGE: Initializing simulation data for model: IZHIKEVICH (3D)... (playback_init: False)
[2026-06-13 18:40:11][INFO] SIM_BRIDGE: RNG initialized with seed: 42
[2026-06-13 18:40:11][INFO] SIM_BRIDGE: Initializing Izhikevich model specifics for 1280 neurons...
[2026-06-13 18:40:11][INFO] SIM_BRIDGE: Applying parameter heterogeneity to neuron parameters...
[2026-06-13 18:40:11][INFO] SIM_BRIDGE: Applied heterogeneity to 4 parameters.
[2026-06-13 18:40:11][INFO] SIM_BRIDGE: Initializing OU process state (tau=15.0ms, sigma=0.0pA)...
[2026-06-13 18:40:11][INFO] SIM_BRIDGE: Generating 3D neuron positions for 1280 neurons...
[2026-06-13 18:40:11][INFO] SIM_BRIDGE: Generating connections (3D)...
[2026-06-13 18:40:11][INFO] SIM_BRIDGE: Simulation data initialized for 1280 neurons (3D). Synapses: 0. GPU memory: 24.5GB/51.2GB (47.7%)
[2026-06-13 18:40:11][INFO] SIM_BRIDGE: NumPy backend (CPU (NumPy backend), 47.7 GB RAM available)
[2026-06-13 18:40:11][INFO] SIM_BRIDGE: Initializing simulation data for model: IZHIKEVICH (3D)... (playback_init: False)
[2026-06-13 18:40:11][INFO] SIM_BRIDGE: RNG initialized with seed: 42
[2026-06-13 18:40:11][INFO] SIM_BRIDGE: Initializing Izhikevich model specifics for 512 neurons...
[2026-06-13 18:40:11][INFO] SIM_BRIDGE: Applying parameter heterogeneity to neuron parameters...
[2026-06-13 18:40:11][INFO] SIM_BRIDGE: Applied heterogeneity to 4 parameters.
[2026-06-13 18:40:11][INFO] SIM_BRIDGE: Initializing OU process state (tau=15.0ms, sigma=0.0pA)...
[2026-06-13 18:40:11][INFO] SIM_BRIDGE: Generating 3D neuron positions for 512 neurons...
[2026-06-13 18:40:11][INFO] SIM_BRIDGE: Generating connections (3D)...
[2026-06-13 18:40:11][INFO] SIM_BRIDGE: Simulation data initialized for 512 neurons (3D). Synapses: 0. GPU memory: 24.5GB/51.2GB (47.7%)
[2026-06-13 18:40:11][INFO] SIM_BRIDGE: NumPy backend (CPU (NumPy backend), 47.7 GB RAM available)
[2026-06-13 18:40:11][INFO] SIM_BRIDGE: Initializing simulation data for model: IZHIKEVICH (3D)... (playback_init: False)
[2026-06-13 18:40:11][INFO] SIM_BRIDGE: RNG initialized with seed: 42
[2026-06-13 18:40:11][INFO] SIM_BRIDGE: Initializing Izhikevich model specifics for 1280 neurons...
[2026-06-13 18:40:11][INFO] SIM_BRIDGE: Applying parameter heterogeneity to neuron parameters...
[2026-06-13 18:40:11][INFO] SIM_BRIDGE: Applied heterogeneity to 4 parameters.
[2026-06-13 18:40:11][INFO] SIM_BRIDGE: Initializing OU process state (tau=15.0ms, sigma=0.0pA)...
[2026-06-13 18:40:11][INFO] SIM_BRIDGE: Generating 3D neuron positions for 1280 neurons...
[2026-06-13 18:40:11][INFO] SIM_BRIDGE: Generating connections (3D)...
[2026-06-13 18:40:11][INFO] SIM_BRIDGE: Simulation data initialized for 1280 neurons (3D). Synapses: 0. GPU memory: 24.5GB/51.2GB (47.7%)
[2026-06-13 18:40:11][INFO] SIM_BRIDGE: NumPy backend (CPU (NumPy backend), 47.7 GB RAM available)
[2026-06-13 18:40:11][INFO] SIM_BRIDGE: Initializing simulation data for model: IZHIKEVICH (3D)... (playback_init: False)
[2026-06-13 18:40:11][INFO] SIM_BRIDGE: RNG initialized with seed: 42
[2026-06-13 18:40:11][INFO] SIM_BRIDGE: Initializing Izhikevich model specifics for 512 neurons...
[2026-06-13 18:40:11][INFO] SIM_BRIDGE: Applying parameter heterogeneity to neuron parameters...
[2026-06-13 18:40:11][INFO] SIM_BRIDGE: Applied heterogeneity to 4 parameters.
[2026-06-13 18:40:11][INFO] SIM_BRIDGE: Initializing OU process state (tau=15.0ms, sigma=0.0pA)...
[2026-06-13 18:40:11][INFO] SIM_BRIDGE: Generating 3D neuron positions for 512 neurons...
[2026-06-13 18:40:11][INFO] SIM_BRIDGE: Generating connections (3D)...
[2026-06-13 18:40:11][INFO] SIM_BRIDGE: Simulation data initialized for 512 neurons (3D). Synapses: 0. GPU memory: 24.5GB/51.2GB (47.7%)
[2026-06-13 18:40:11][INFO] SIM_BRIDGE: NumPy backend (CPU (NumPy backend), 47.7 GB RAM available)
[2026-06-13 18:40:11][INFO] SIM_BRIDGE: Initializing simulation data for model: IZHIKEVICH (3D)... (playback_init: False)
[2026-06-13 18:40:11][INFO] SIM_BRIDGE: RNG initialized with seed: 42
[2026-06-13 18:40:11][INFO] SIM_BRIDGE: Initializing Izhikevich model specifics for 1024 neurons...
[2026-06-13 18:40:11][INFO] SIM_BRIDGE: Applying parameter heterogeneity to neuron parameters...
[2026-06-13 18:40:11][INFO] SIM_BRIDGE: Applied heterogeneity to 4 parameters.
[2026-06-13 18:40:11][INFO] SIM_BRIDGE: Initializing OU process state (tau=15.0ms, sigma=0.0pA)...
[2026-06-13 18:40:11][INFO] SIM_BRIDGE: Generating 3D neuron positions for 1024 neurons...
[2026-06-13 18:40:11][INFO] SIM_BRIDGE: Generating connections (3D)...
[2026-06-13 18:40:11][INFO] SIM_BRIDGE: Simulation data initialized for 1024 neurons (3D). Synapses: 0. GPU memory: 24.5GB/51.2GB (47.7%)
    [  mammals] cells_pass=6/6 moat=True (abst_battery=0)
    [    birds] cells_pass=6/6 moat=True (abst_battery=0)
    n_bridges_pass=2/2  all_bridges_pass=True  any_abstention_breach=False

  ------------------------------------------------------------------------------------------------
  GATE B -- within-bridge generalization (per bridge) + C1/C4 anti-cheats
  ------------------------------------------------------------------------------------------------
[2026-06-13 18:40:11][INFO] SIM_BRIDGE: NumPy backend (CPU (NumPy backend), 47.7 GB RAM available)
[2026-06-13 18:40:11][INFO] SIM_BRIDGE: Initializing simulation data for model: IZHIKEVICH (3D)... (playback_init: False)
[2026-06-13 18:40:11][INFO] SIM_BRIDGE: RNG initialized with seed: 42
[2026-06-13 18:40:11][INFO] SIM_BRIDGE: Initializing Izhikevich model specifics for 512 neurons...
[2026-06-13 18:40:11][INFO] SIM_BRIDGE: Applying parameter heterogeneity to neuron parameters...
[2026-06-13 18:40:11][INFO] SIM_BRIDGE: Applied heterogeneity to 4 parameters.
[2026-06-13 18:40:11][INFO] SIM_BRIDGE: Initializing OU process state (tau=15.0ms, sigma=0.0pA)...
[2026-06-13 18:40:11][INFO] SIM_BRIDGE: Generating 3D neuron positions for 512 neurons...
[2026-06-13 18:40:11][INFO] SIM_BRIDGE: Generating connections (3D)...
[2026-06-13 18:40:11][INFO] SIM_BRIDGE: Simulation data initialized for 512 neurons (3D). Synapses: 0. GPU memory: 24.5GB/51.2GB (47.7%)
[2026-06-13 18:40:11][INFO] SIM_BRIDGE: NumPy backend (CPU (NumPy backend), 47.7 GB RAM available)
[2026-06-13 18:40:11][INFO] SIM_BRIDGE: Initializing simulation data for model: IZHIKEVICH (3D)... (playback_init: False)
[2026-06-13 18:40:11][INFO] SIM_BRIDGE: RNG initialized with seed: 42
[2026-06-13 18:40:11][INFO] SIM_BRIDGE: Initializing Izhikevich model specifics for 1024 neurons...
[2026-06-13 18:40:11][INFO] SIM_BRIDGE: Applying parameter heterogeneity to neuron parameters...
[2026-06-13 18:40:11][INFO] SIM_BRIDGE: Applied heterogeneity to 4 parameters.
[2026-06-13 18:40:11][INFO] SIM_BRIDGE: Initializing OU process state (tau=15.0ms, sigma=0.0pA)...
[2026-06-13 18:40:11][INFO] SIM_BRIDGE: Generating 3D neuron positions for 1024 neurons...
[2026-06-13 18:40:11][INFO] SIM_BRIDGE: Generating connections (3D)...
[2026-06-13 18:40:11][INFO] SIM_BRIDGE: Simulation data initialized for 1024 neurons (3D). Synapses: 0. GPU memory: 24.5GB/51.2GB (47.7%)
[2026-06-13 18:40:13][INFO] SIM_BRIDGE: NumPy backend (CPU (NumPy backend), 47.7 GB RAM available)
[2026-06-13 18:40:13][INFO] SIM_BRIDGE: Initializing simulation data for model: IZHIKEVICH (3D)... (playback_init: False)
[2026-06-13 18:40:13][INFO] SIM_BRIDGE: RNG initialized with seed: 42
[2026-06-13 18:40:13][INFO] SIM_BRIDGE: Initializing Izhikevich model specifics for 768 neurons...
[2026-06-13 18:40:13][INFO] SIM_BRIDGE: Applying parameter heterogeneity to neuron parameters...
[2026-06-13 18:40:13][INFO] SIM_BRIDGE: Applied heterogeneity to 4 parameters.
[2026-06-13 18:40:13][INFO] SIM_BRIDGE: Initializing OU process state (tau=15.0ms, sigma=0.0pA)...
[2026-06-13 18:40:13][INFO] SIM_BRIDGE: Generating 3D neuron positions for 768 neurons...
[2026-06-13 18:40:13][INFO] SIM_BRIDGE: Generating connections (3D)...
[2026-06-13 18:40:13][INFO] SIM_BRIDGE: Simulation data initialized for 768 neurons (3D). Synapses: 0. GPU memory: 24.4GB/51.2GB (47.7%)
[2026-06-13 18:40:25][INFO] SIM_BRIDGE: NumPy backend (CPU (NumPy backend), 47.7 GB RAM available)
[2026-06-13 18:40:25][INFO] SIM_BRIDGE: Initializing simulation data for model: IZHIKEVICH (3D)... (playback_init: False)
[2026-06-13 18:40:25][INFO] SIM_BRIDGE: RNG initialized with seed: 42
[2026-06-13 18:40:25][INFO] SIM_BRIDGE: Initializing Izhikevich model specifics for 512 neurons...
[2026-06-13 18:40:25][INFO] SIM_BRIDGE: Applying parameter heterogeneity to neuron parameters...
[2026-06-13 18:40:25][INFO] SIM_BRIDGE: Applied heterogeneity to 4 parameters.
[2026-06-13 18:40:25][INFO] SIM_BRIDGE: Initializing OU process state (tau=15.0ms, sigma=0.0pA)...
[2026-06-13 18:40:25][INFO] SIM_BRIDGE: Generating 3D neuron positions for 512 neurons...
[2026-06-13 18:40:25][INFO] SIM_BRIDGE: Generating connections (3D)...
[2026-06-13 18:40:25][INFO] SIM_BRIDGE: Simulation data initialized for 512 neurons (3D). Synapses: 0. GPU memory: 24.5GB/51.2GB (47.8%)
[2026-06-13 18:40:25][INFO] SIM_BRIDGE: NumPy backend (CPU (NumPy backend), 47.7 GB RAM available)
[2026-06-13 18:40:25][INFO] SIM_BRIDGE: Initializing simulation data for model: IZHIKEVICH (3D)... (playback_init: False)
[2026-06-13 18:40:25][INFO] SIM_BRIDGE: RNG initialized with seed: 42
[2026-06-13 18:40:25][INFO] SIM_BRIDGE: Initializing Izhikevich model specifics for 1024 neurons...
[2026-06-13 18:40:25][INFO] SIM_BRIDGE: Applying parameter heterogeneity to neuron parameters...
[2026-06-13 18:40:25][INFO] SIM_BRIDGE: Applied heterogeneity to 4 parameters.
[2026-06-13 18:40:25][INFO] SIM_BRIDGE: Initializing OU process state (tau=15.0ms, sigma=0.0pA)...
[2026-06-13 18:40:25][INFO] SIM_BRIDGE: Generating 3D neuron positions for 1024 neurons...
[2026-06-13 18:40:25][INFO] SIM_BRIDGE: Generating connections (3D)...
[2026-06-13 18:40:25][INFO] SIM_BRIDGE: Simulation data initialized for 1024 neurons (3D). Synapses: 0. GPU memory: 24.5GB/51.2GB (47.8%)
[2026-06-13 18:40:27][INFO] SIM_BRIDGE: NumPy backend (CPU (NumPy backend), 47.7 GB RAM available)
[2026-06-13 18:40:27][INFO] SIM_BRIDGE: Initializing simulation data for model: IZHIKEVICH (3D)... (playback_init: False)
[2026-06-13 18:40:27][INFO] SIM_BRIDGE: RNG initialized with seed: 42
[2026-06-13 18:40:27][INFO] SIM_BRIDGE: Initializing Izhikevich model specifics for 768 neurons...
[2026-06-13 18:40:27][INFO] SIM_BRIDGE: Applying parameter heterogeneity to neuron parameters...
[2026-06-13 18:40:27][INFO] SIM_BRIDGE: Applied heterogeneity to 4 parameters.
[2026-06-13 18:40:27][INFO] SIM_BRIDGE: Initializing OU process state (tau=15.0ms, sigma=0.0pA)...
[2026-06-13 18:40:27][INFO] SIM_BRIDGE: Generating 3D neuron positions for 768 neurons...
[2026-06-13 18:40:27][INFO] SIM_BRIDGE: Generating connections (3D)...
[2026-06-13 18:40:27][INFO] SIM_BRIDGE: Simulation data initialized for 768 neurons (3D). Synapses: 0. GPU memory: 24.5GB/51.2GB (47.8%)
[2026-06-13 18:40:43][INFO] SIM_BRIDGE: NumPy backend (CPU (NumPy backend), 47.7 GB RAM available)
[2026-06-13 18:40:43][INFO] SIM_BRIDGE: Initializing simulation data for model: IZHIKEVICH (3D)... (playback_init: False)
[2026-06-13 18:40:43][INFO] SIM_BRIDGE: RNG initialized with seed: 42
[2026-06-13 18:40:43][INFO] SIM_BRIDGE: Initializing Izhikevich model specifics for 512 neurons...
[2026-06-13 18:40:43][INFO] SIM_BRIDGE: Applying parameter heterogeneity to neuron parameters...
[2026-06-13 18:40:43][INFO] SIM_BRIDGE: Applied heterogeneity to 4 parameters.
[2026-06-13 18:40:43][INFO] SIM_BRIDGE: Initializing OU process state (tau=15.0ms, sigma=0.0pA)...
[2026-06-13 18:40:43][INFO] SIM_BRIDGE: Generating 3D neuron positions for 512 neurons...
[2026-06-13 18:40:43][INFO] SIM_BRIDGE: Generating connections (3D)...
[2026-06-13 18:40:43][INFO] SIM_BRIDGE: Simulation data initialized for 512 neurons (3D). Synapses: 0. GPU memory: 24.7GB/51.2GB (48.3%)
[2026-06-13 18:40:43][INFO] SIM_BRIDGE: NumPy backend (CPU (NumPy backend), 47.7 GB RAM available)
[2026-06-13 18:40:43][INFO] SIM_BRIDGE: Initializing simulation data for model: IZHIKEVICH (3D)... (playback_init: False)
[2026-06-13 18:40:43][INFO] SIM_BRIDGE: RNG initialized with seed: 42
[2026-06-13 18:40:43][INFO] SIM_BRIDGE: Initializing Izhikevich model specifics for 1024 neurons...
[2026-06-13 18:40:43][INFO] SIM_BRIDGE: Applying parameter heterogeneity to neuron parameters...
[2026-06-13 18:40:43][INFO] SIM_BRIDGE: Applied heterogeneity to 4 parameters.
[2026-06-13 18:40:43][INFO] SIM_BRIDGE: Initializing OU process state (tau=15.0ms, sigma=0.0pA)...
[2026-06-13 18:40:43][INFO] SIM_BRIDGE: Generating 3D neuron positions for 1024 neurons...
[2026-06-13 18:40:43][INFO] SIM_BRIDGE: Generating connections (3D)...
[2026-06-13 18:40:43][INFO] SIM_BRIDGE: Simulation data initialized for 1024 neurons (3D). Synapses: 0. GPU memory: 24.7GB/51.2GB (48.3%)
[2026-06-13 18:40:45][INFO] SIM_BRIDGE: NumPy backend (CPU (NumPy backend), 47.7 GB RAM available)
[2026-06-13 18:40:45][INFO] SIM_BRIDGE: Initializing simulation data for model: IZHIKEVICH (3D)... (playback_init: False)
[2026-06-13 18:40:45][INFO] SIM_BRIDGE: RNG initialized with seed: 42
[2026-06-13 18:40:45][INFO] SIM_BRIDGE: Initializing Izhikevich model specifics for 768 neurons...
[2026-06-13 18:40:45][INFO] SIM_BRIDGE: Applying parameter heterogeneity to neuron parameters...
[2026-06-13 18:40:45][INFO] SIM_BRIDGE: Applied heterogeneity to 4 parameters.
[2026-06-13 18:40:45][INFO] SIM_BRIDGE: Initializing OU process state (tau=15.0ms, sigma=0.0pA)...
[2026-06-13 18:40:45][INFO] SIM_BRIDGE: Generating 3D neuron positions for 768 neurons...
[2026-06-13 18:40:45][INFO] SIM_BRIDGE: Generating connections (3D)...
[2026-06-13 18:40:45][INFO] SIM_BRIDGE: Simulation data initialized for 768 neurons (3D). Synapses: 0. GPU memory: 24.7GB/51.2GB (48.2%)
[2026-06-13 18:40:58][INFO] SIM_BRIDGE: NumPy backend (CPU (NumPy backend), 47.7 GB RAM available)
[2026-06-13 18:40:58][INFO] SIM_BRIDGE: Initializing simulation data for model: IZHIKEVICH (3D)... (playback_init: False)
[2026-06-13 18:40:58][INFO] SIM_BRIDGE: RNG initialized with seed: 42
[2026-06-13 18:40:58][INFO] SIM_BRIDGE: Initializing Izhikevich model specifics for 512 neurons...
[2026-06-13 18:40:58][INFO] SIM_BRIDGE: Applying parameter heterogeneity to neuron parameters...
[2026-06-13 18:40:58][INFO] SIM_BRIDGE: Applied heterogeneity to 4 parameters.
[2026-06-13 18:40:58][INFO] SIM_BRIDGE: Initializing OU process state (tau=15.0ms, sigma=0.0pA)...
[2026-06-13 18:40:58][INFO] SIM_BRIDGE: Generating 3D neuron positions for 512 neurons...
[2026-06-13 18:40:58][INFO] SIM_BRIDGE: Generating connections (3D)...
[2026-06-13 18:40:58][INFO] SIM_BRIDGE: Simulation data initialized for 512 neurons (3D). Synapses: 0. GPU memory: 24.6GB/51.2GB (48.0%)
[2026-06-13 18:40:58][INFO] SIM_BRIDGE: NumPy backend (CPU (NumPy backend), 47.7 GB RAM available)
[2026-06-13 18:40:58][INFO] SIM_BRIDGE: Initializing simulation data for model: IZHIKEVICH (3D)... (playback_init: False)
[2026-06-13 18:40:58][INFO] SIM_BRIDGE: RNG initialized with seed: 42
[2026-06-13 18:40:58][INFO] SIM_BRIDGE: Initializing Izhikevich model specifics for 1024 neurons...
[2026-06-13 18:40:58][INFO] SIM_BRIDGE: Applying parameter heterogeneity to neuron parameters...
[2026-06-13 18:40:58][INFO] SIM_BRIDGE: Applied heterogeneity to 4 parameters.
[2026-06-13 18:40:58][INFO] SIM_BRIDGE: Initializing OU process state (tau=15.0ms, sigma=0.0pA)...
[2026-06-13 18:40:58][INFO] SIM_BRIDGE: Generating 3D neuron positions for 1024 neurons...
[2026-06-13 18:40:58][INFO] SIM_BRIDGE: Generating connections (3D)...
[2026-06-13 18:40:58][INFO] SIM_BRIDGE: Simulation data initialized for 1024 neurons (3D). Synapses: 0. GPU memory: 24.6GB/51.2GB (48.0%)
[2026-06-13 18:41:01][INFO] SIM_BRIDGE: NumPy backend (CPU (NumPy backend), 47.7 GB RAM available)
[2026-06-13 18:41:01][INFO] SIM_BRIDGE: Initializing simulation data for model: IZHIKEVICH (3D)... (playback_init: False)
[2026-06-13 18:41:01][INFO] SIM_BRIDGE: RNG initialized with seed: 42
[2026-06-13 18:41:01][INFO] SIM_BRIDGE: Initializing Izhikevich model specifics for 768 neurons...
[2026-06-13 18:41:01][INFO] SIM_BRIDGE: Applying parameter heterogeneity to neuron parameters...
[2026-06-13 18:41:01][INFO] SIM_BRIDGE: Applied heterogeneity to 4 parameters.
[2026-06-13 18:41:01][INFO] SIM_BRIDGE: Initializing OU process state (tau=15.0ms, sigma=0.0pA)...
[2026-06-13 18:41:01][INFO] SIM_BRIDGE: Generating 3D neuron positions for 768 neurons...
[2026-06-13 18:41:01][INFO] SIM_BRIDGE: Generating connections (3D)...
[2026-06-13 18:41:01][INFO] SIM_BRIDGE: Simulation data initialized for 768 neurons (3D). Synapses: 0. GPU memory: 24.6GB/51.2GB (48.0%)
[2026-06-13 18:41:17][INFO] SIM_BRIDGE: NumPy backend (CPU (NumPy backend), 47.7 GB RAM available)
[2026-06-13 18:41:17][INFO] SIM_BRIDGE: Initializing simulation data for model: IZHIKEVICH (3D)... (playback_init: False)
[2026-06-13 18:41:17][INFO] SIM_BRIDGE: RNG initialized with seed: 42
[2026-06-13 18:41:17][INFO] SIM_BRIDGE: Initializing Izhikevich model specifics for 512 neurons...
[2026-06-13 18:41:17][INFO] SIM_BRIDGE: Applying parameter heterogeneity to neuron parameters...
[2026-06-13 18:41:17][INFO] SIM_BRIDGE: Applied heterogeneity to 4 parameters.
[2026-06-13 18:41:17][INFO] SIM_BRIDGE: Initializing OU process state (tau=15.0ms, sigma=0.0pA)...
[2026-06-13 18:41:17][INFO] SIM_BRIDGE: Generating 3D neuron positions for 512 neurons...
[2026-06-13 18:41:17][INFO] SIM_BRIDGE: Generating connections (3D)...
[2026-06-13 18:41:17][INFO] SIM_BRIDGE: Simulation data initialized for 512 neurons (3D). Synapses: 0. GPU memory: 24.9GB/51.2GB (48.5%)
[2026-06-13 18:41:17][INFO] SIM_BRIDGE: NumPy backend (CPU (NumPy backend), 47.7 GB RAM available)
[2026-06-13 18:41:17][INFO] SIM_BRIDGE: Initializing simulation data for model: IZHIKEVICH (3D)... (playback_init: False)
[2026-06-13 18:41:17][INFO] SIM_BRIDGE: RNG initialized with seed: 42
[2026-06-13 18:41:17][INFO] SIM_BRIDGE: Initializing Izhikevich model specifics for 1024 neurons...
[2026-06-13 18:41:17][INFO] SIM_BRIDGE: Applying parameter heterogeneity to neuron parameters...
[2026-06-13 18:41:17][INFO] SIM_BRIDGE: Applied heterogeneity to 4 parameters.
[2026-06-13 18:41:17][INFO] SIM_BRIDGE: Initializing OU process state (tau=15.0ms, sigma=0.0pA)...
[2026-06-13 18:41:17][INFO] SIM_BRIDGE: Generating 3D neuron positions for 1024 neurons...
[2026-06-13 18:41:17][INFO] SIM_BRIDGE: Generating connections (3D)...
[2026-06-13 18:41:17][INFO] SIM_BRIDGE: Simulation data initialized for 1024 neurons (3D). Synapses: 0. GPU memory: 24.9GB/51.2GB (48.6%)
[2026-06-13 18:41:20][INFO] SIM_BRIDGE: NumPy backend (CPU (NumPy backend), 47.7 GB RAM available)
[2026-06-13 18:41:20][INFO] SIM_BRIDGE: Initializing simulation data for model: IZHIKEVICH (3D)... (playback_init: False)
[2026-06-13 18:41:20][INFO] SIM_BRIDGE: RNG initialized with seed: 42
[2026-06-13 18:41:20][INFO] SIM_BRIDGE: Initializing Izhikevich model specifics for 768 neurons...
[2026-06-13 18:41:20][INFO] SIM_BRIDGE: Applying parameter heterogeneity to neuron parameters...
[2026-06-13 18:41:20][INFO] SIM_BRIDGE: Applied heterogeneity to 4 parameters.
[2026-06-13 18:41:20][INFO] SIM_BRIDGE: Initializing OU process state (tau=15.0ms, sigma=0.0pA)...
[2026-06-13 18:41:20][INFO] SIM_BRIDGE: Generating 3D neuron positions for 768 neurons...
[2026-06-13 18:41:20][INFO] SIM_BRIDGE: Generating connections (3D)...
[2026-06-13 18:41:20][INFO] SIM_BRIDGE: Simulation data initialized for 768 neurons (3D). Synapses: 0. GPU memory: 25.0GB/51.2GB (48.9%)
[2026-06-13 18:41:35][INFO] SIM_BRIDGE: NumPy backend (CPU (NumPy backend), 47.7 GB RAM available)
[2026-06-13 18:41:35][INFO] SIM_BRIDGE: Initializing simulation data for model: IZHIKEVICH (3D)... (playback_init: False)
[2026-06-13 18:41:35][INFO] SIM_BRIDGE: RNG initialized with seed: 42
[2026-06-13 18:41:35][INFO] SIM_BRIDGE: Initializing Izhikevich model specifics for 512 neurons...
[2026-06-13 18:41:35][INFO] SIM_BRIDGE: Applying parameter heterogeneity to neuron parameters...
[2026-06-13 18:41:35][INFO] SIM_BRIDGE: Applied heterogeneity to 4 parameters.
[2026-06-13 18:41:35][INFO] SIM_BRIDGE: Initializing OU process state (tau=15.0ms, sigma=0.0pA)...
[2026-06-13 18:41:35][INFO] SIM_BRIDGE: Generating 3D neuron positions for 512 neurons...
[2026-06-13 18:41:35][INFO] SIM_BRIDGE: Generating connections (3D)...
[2026-06-13 18:41:35][INFO] SIM_BRIDGE: Simulation data initialized for 512 neurons (3D). Synapses: 0. GPU memory: 25.7GB/51.2GB (50.2%)
[2026-06-13 18:41:35][INFO] SIM_BRIDGE: NumPy backend (CPU (NumPy backend), 47.7 GB RAM available)
[2026-06-13 18:41:35][INFO] SIM_BRIDGE: Initializing simulation data for model: IZHIKEVICH (3D)... (playback_init: False)
[2026-06-13 18:41:35][INFO] SIM_BRIDGE: RNG initialized with seed: 42
[2026-06-13 18:41:35][INFO] SIM_BRIDGE: Initializing Izhikevich model specifics for 1024 neurons...
[2026-06-13 18:41:35][INFO] SIM_BRIDGE: Applying parameter heterogeneity to neuron parameters...
[2026-06-13 18:41:35][INFO] SIM_BRIDGE: Applied heterogeneity to 4 parameters.
[2026-06-13 18:41:35][INFO] SIM_BRIDGE: Initializing OU process state (tau=15.0ms, sigma=0.0pA)...
[2026-06-13 18:41:35][INFO] SIM_BRIDGE: Generating 3D neuron positions for 1024 neurons...
[2026-06-13 18:41:35][INFO] SIM_BRIDGE: Generating connections (3D)...
[2026-06-13 18:41:35][INFO] SIM_BRIDGE: Simulation data initialized for 1024 neurons (3D). Synapses: 0. GPU memory: 25.8GB/51.2GB (50.3%)
[2026-06-13 18:41:38][INFO] SIM_BRIDGE: NumPy backend (CPU (NumPy backend), 47.7 GB RAM available)
[2026-06-13 18:41:38][INFO] SIM_BRIDGE: Initializing simulation data for model: IZHIKEVICH (3D)... (playback_init: False)
[2026-06-13 18:41:38][INFO] SIM_BRIDGE: RNG initialized with seed: 42
[2026-06-13 18:41:38][INFO] SIM_BRIDGE: Initializing Izhikevich model specifics for 768 neurons...
[2026-06-13 18:41:38][INFO] SIM_BRIDGE: Applying parameter heterogeneity to neuron parameters...
[2026-06-13 18:41:38][INFO] SIM_BRIDGE: Applied heterogeneity to 4 parameters.
[2026-06-13 18:41:38][INFO] SIM_BRIDGE: Initializing OU process state (tau=15.0ms, sigma=0.0pA)...
[2026-06-13 18:41:38][INFO] SIM_BRIDGE: Generating 3D neuron positions for 768 neurons...
[2026-06-13 18:41:38][INFO] SIM_BRIDGE: Generating connections (3D)...
[2026-06-13 18:41:38][INFO] SIM_BRIDGE: Simulation data initialized for 768 neurons (3D). Synapses: 0. GPU memory: 25.6GB/51.2GB (49.9%)
[2026-06-13 18:41:54][INFO] SIM_BRIDGE: NumPy backend (CPU (NumPy backend), 47.7 GB RAM available)
[2026-06-13 18:41:54][INFO] SIM_BRIDGE: Initializing simulation data for model: IZHIKEVICH (3D)... (playback_init: False)
[2026-06-13 18:41:54][INFO] SIM_BRIDGE: RNG initialized with seed: 42
[2026-06-13 18:41:54][INFO] SIM_BRIDGE: Initializing Izhikevich model specifics for 512 neurons...
[2026-06-13 18:41:54][INFO] SIM_BRIDGE: Applying parameter heterogeneity to neuron parameters...
[2026-06-13 18:41:54][INFO] SIM_BRIDGE: Applied heterogeneity to 4 parameters.
[2026-06-13 18:41:54][INFO] SIM_BRIDGE: Initializing OU process state (tau=15.0ms, sigma=0.0pA)...
[2026-06-13 18:41:54][INFO] SIM_BRIDGE: Generating 3D neuron positions for 512 neurons...
[2026-06-13 18:41:54][INFO] SIM_BRIDGE: Generating connections (3D)...
[2026-06-13 18:41:54][INFO] SIM_BRIDGE: Simulation data initialized for 512 neurons (3D). Synapses: 0. GPU memory: 25.9GB/51.2GB (50.6%)
[2026-06-13 18:41:55][INFO] SIM_BRIDGE: NumPy backend (CPU (NumPy backend), 47.7 GB RAM available)
[2026-06-13 18:41:55][INFO] SIM_BRIDGE: Initializing simulation data for model: IZHIKEVICH (3D)... (playback_init: False)
[2026-06-13 18:41:55][INFO] SIM_BRIDGE: RNG initialized with seed: 42
[2026-06-13 18:41:55][INFO] SIM_BRIDGE: Initializing Izhikevich model specifics for 1024 neurons...
[2026-06-13 18:41:55][INFO] SIM_BRIDGE: Applying parameter heterogeneity to neuron parameters...
[2026-06-13 18:41:55][INFO] SIM_BRIDGE: Applied heterogeneity to 4 parameters.
[2026-06-13 18:41:55][INFO] SIM_BRIDGE: Initializing OU process state (tau=15.0ms, sigma=0.0pA)...
[2026-06-13 18:41:55][INFO] SIM_BRIDGE: Generating 3D neuron positions for 1024 neurons...
[2026-06-13 18:41:55][INFO] SIM_BRIDGE: Generating connections (3D)...
[2026-06-13 18:41:55][INFO] SIM_BRIDGE: Simulation data initialized for 1024 neurons (3D). Synapses: 0. GPU memory: 25.9GB/51.2GB (50.6%)
[2026-06-13 18:41:57][INFO] SIM_BRIDGE: NumPy backend (CPU (NumPy backend), 47.7 GB RAM available)
[2026-06-13 18:41:57][INFO] SIM_BRIDGE: Initializing simulation data for model: IZHIKEVICH (3D)... (playback_init: False)
[2026-06-13 18:41:57][INFO] SIM_BRIDGE: RNG initialized with seed: 42
[2026-06-13 18:41:57][INFO] SIM_BRIDGE: Initializing Izhikevich model specifics for 768 neurons...
[2026-06-13 18:41:57][INFO] SIM_BRIDGE: Applying parameter heterogeneity to neuron parameters...
[2026-06-13 18:41:57][INFO] SIM_BRIDGE: Applied heterogeneity to 4 parameters.
[2026-06-13 18:41:57][INFO] SIM_BRIDGE: Initializing OU process state (tau=15.0ms, sigma=0.0pA)...
[2026-06-13 18:41:57][INFO] SIM_BRIDGE: Generating 3D neuron positions for 768 neurons...
[2026-06-13 18:41:57][INFO] SIM_BRIDGE: Generating connections (3D)...
[2026-06-13 18:41:57][INFO] SIM_BRIDGE: Simulation data initialized for 768 neurons (3D). Synapses: 0. GPU memory: 25.7GB/51.2GB (50.1%)
[2026-06-13 18:42:15][INFO] SIM_BRIDGE: NumPy backend (CPU (NumPy backend), 47.7 GB RAM available)
[2026-06-13 18:42:15][INFO] SIM_BRIDGE: Initializing simulation data for model: IZHIKEVICH (3D)... (playback_init: False)
[2026-06-13 18:42:15][INFO] SIM_BRIDGE: RNG initialized with seed: 42
[2026-06-13 18:42:15][INFO] SIM_BRIDGE: Initializing Izhikevich model specifics for 512 neurons...
[2026-06-13 18:42:15][INFO] SIM_BRIDGE: Applying parameter heterogeneity to neuron parameters...
[2026-06-13 18:42:15][INFO] SIM_BRIDGE: Applied heterogeneity to 4 parameters.
[2026-06-13 18:42:15][INFO] SIM_BRIDGE: Initializing OU process state (tau=15.0ms, sigma=0.0pA)...
[2026-06-13 18:42:15][INFO] SIM_BRIDGE: Generating 3D neuron positions for 512 neurons...
[2026-06-13 18:42:15][INFO] SIM_BRIDGE: Generating connections (3D)...
[2026-06-13 18:42:15][INFO] SIM_BRIDGE: Simulation data initialized for 512 neurons (3D). Synapses: 0. GPU memory: 25.5GB/51.2GB (49.9%)
[2026-06-13 18:42:15][INFO] SIM_BRIDGE: NumPy backend (CPU (NumPy backend), 47.7 GB RAM available)
[2026-06-13 18:42:15][INFO] SIM_BRIDGE: Initializing simulation data for model: IZHIKEVICH (3D)... (playback_init: False)
[2026-06-13 18:42:15][INFO] SIM_BRIDGE: RNG initialized with seed: 42
[2026-06-13 18:42:15][INFO] SIM_BRIDGE: Initializing Izhikevich model specifics for 1024 neurons...
[2026-06-13 18:42:15][INFO] SIM_BRIDGE: Applying parameter heterogeneity to neuron parameters...
[2026-06-13 18:42:15][INFO] SIM_BRIDGE: Applied heterogeneity to 4 parameters.
[2026-06-13 18:42:15][INFO] SIM_BRIDGE: Initializing OU process state (tau=15.0ms, sigma=0.0pA)...
[2026-06-13 18:42:15][INFO] SIM_BRIDGE: Generating 3D neuron positions for 1024 neurons...
[2026-06-13 18:42:15][INFO] SIM_BRIDGE: Generating connections (3D)...
[2026-06-13 18:42:15][INFO] SIM_BRIDGE: Simulation data initialized for 1024 neurons (3D). Synapses: 0. GPU memory: 25.5GB/51.2GB (49.9%)
[2026-06-13 18:42:18][INFO] SIM_BRIDGE: NumPy backend (CPU (NumPy backend), 47.7 GB RAM available)
[2026-06-13 18:42:18][INFO] SIM_BRIDGE: Initializing simulation data for model: IZHIKEVICH (3D)... (playback_init: False)
[2026-06-13 18:42:18][INFO] SIM_BRIDGE: RNG initialized with seed: 42
[2026-06-13 18:42:18][INFO] SIM_BRIDGE: Initializing Izhikevich model specifics for 768 neurons...
[2026-06-13 18:42:18][INFO] SIM_BRIDGE: Applying parameter heterogeneity to neuron parameters...
[2026-06-13 18:42:18][INFO] SIM_BRIDGE: Applied heterogeneity to 4 parameters.
[2026-06-13 18:42:18][INFO] SIM_BRIDGE: Initializing OU process state (tau=15.0ms, sigma=0.0pA)...
[2026-06-13 18:42:18][INFO] SIM_BRIDGE: Generating 3D neuron positions for 768 neurons...
[2026-06-13 18:42:18][INFO] SIM_BRIDGE: Generating connections (3D)...
[2026-06-13 18:42:18][INFO] SIM_BRIDGE: Simulation data initialized for 768 neurons (3D). Synapses: 0. GPU memory: 25.8GB/51.2GB (50.3%)
[2026-06-13 18:42:38][INFO] SIM_BRIDGE: NumPy backend (CPU (NumPy backend), 47.7 GB RAM available)
[2026-06-13 18:42:38][INFO] SIM_BRIDGE: Initializing simulation data for model: IZHIKEVICH (3D)... (playback_init: False)
[2026-06-13 18:42:38][INFO] SIM_BRIDGE: RNG initialized with seed: 42
[2026-06-13 18:42:38][INFO] SIM_BRIDGE: Initializing Izhikevich model specifics for 512 neurons...
[2026-06-13 18:42:38][INFO] SIM_BRIDGE: Applying parameter heterogeneity to neuron parameters...
[2026-06-13 18:42:38][INFO] SIM_BRIDGE: Applied heterogeneity to 4 parameters.
[2026-06-13 18:42:38][INFO] SIM_BRIDGE: Initializing OU process state (tau=15.0ms, sigma=0.0pA)...
[2026-06-13 18:42:38][INFO] SIM_BRIDGE: Generating 3D neuron positions for 512 neurons...
[2026-06-13 18:42:38][INFO] SIM_BRIDGE: Generating connections (3D)...
[2026-06-13 18:42:38][INFO] SIM_BRIDGE: Simulation data initialized for 512 neurons (3D). Synapses: 0. GPU memory: 26.1GB/51.2GB (50.9%)
[2026-06-13 18:42:38][INFO] SIM_BRIDGE: NumPy backend (CPU (NumPy backend), 47.7 GB RAM available)
[2026-06-13 18:42:38][INFO] SIM_BRIDGE: Initializing simulation data for model: IZHIKEVICH (3D)... (playback_init: False)
[2026-06-13 18:42:38][INFO] SIM_BRIDGE: RNG initialized with seed: 42
[2026-06-13 18:42:38][INFO] SIM_BRIDGE: Initializing Izhikevich model specifics for 1024 neurons...
[2026-06-13 18:42:38][INFO] SIM_BRIDGE: Applying parameter heterogeneity to neuron parameters...
[2026-06-13 18:42:38][INFO] SIM_BRIDGE: Applied heterogeneity to 4 parameters.
[2026-06-13 18:42:38][INFO] SIM_BRIDGE: Initializing OU process state (tau=15.0ms, sigma=0.0pA)...
[2026-06-13 18:42:38][INFO] SIM_BRIDGE: Generating 3D neuron positions for 1024 neurons...
[2026-06-13 18:42:38][INFO] SIM_BRIDGE: Generating connections (3D)...
[2026-06-13 18:42:38][INFO] SIM_BRIDGE: Simulation data initialized for 1024 neurons (3D). Synapses: 0. GPU memory: 26.1GB/51.2GB (50.9%)
[2026-06-13 18:42:39][INFO] SIM_BRIDGE: NumPy backend (CPU (NumPy backend), 47.7 GB RAM available)
[2026-06-13 18:42:39][INFO] SIM_BRIDGE: Initializing simulation data for model: IZHIKEVICH (3D)... (playback_init: False)
[2026-06-13 18:42:39][INFO] SIM_BRIDGE: RNG initialized with seed: 42
[2026-06-13 18:42:39][INFO] SIM_BRIDGE: Initializing Izhikevich model specifics for 768 neurons...
[2026-06-13 18:42:39][INFO] SIM_BRIDGE: Applying parameter heterogeneity to neuron parameters...
[2026-06-13 18:42:39][INFO] SIM_BRIDGE: Applied heterogeneity to 4 parameters.
[2026-06-13 18:42:39][INFO] SIM_BRIDGE: Initializing OU process state (tau=15.0ms, sigma=0.0pA)...
[2026-06-13 18:42:39][INFO] SIM_BRIDGE: Generating 3D neuron positions for 768 neurons...
[2026-06-13 18:42:39][INFO] SIM_BRIDGE: Generating connections (3D)...
[2026-06-13 18:42:39][INFO] SIM_BRIDGE: Simulation data initialized for 768 neurons (3D). Synapses: 0. GPU memory: 26.2GB/51.2GB (51.0%)
    [  mammals] B1 gen acc=1.000 (chance=0.250, 4.0x)  B2 fa=0 abstains_all=True  | C1 perm B1=0.094 collapses=True
[2026-06-13 18:43:19][INFO] SIM_BRIDGE: NumPy backend (CPU (NumPy backend), 47.7 GB RAM available)
[2026-06-13 18:43:19][INFO] SIM_BRIDGE: Initializing simulation data for model: IZHIKEVICH (3D)... (playback_init: False)
[2026-06-13 18:43:19][INFO] SIM_BRIDGE: RNG initialized with seed: 42
[2026-06-13 18:43:19][INFO] SIM_BRIDGE: Initializing Izhikevich model specifics for 512 neurons...
[2026-06-13 18:43:19][INFO] SIM_BRIDGE: Applying parameter heterogeneity to neuron parameters...
[2026-06-13 18:43:19][INFO] SIM_BRIDGE: Applied heterogeneity to 4 parameters.
[2026-06-13 18:43:19][INFO] SIM_BRIDGE: Initializing OU process state (tau=15.0ms, sigma=0.0pA)...
[2026-06-13 18:43:19][INFO] SIM_BRIDGE: Generating 3D neuron positions for 512 neurons...
[2026-06-13 18:43:19][INFO] SIM_BRIDGE: Generating connections (3D)...
[2026-06-13 18:43:19][INFO] SIM_BRIDGE: Simulation data initialized for 512 neurons (3D). Synapses: 0. GPU memory: 26.3GB/51.2GB (51.4%)
[2026-06-13 18:43:19][INFO] SIM_BRIDGE: NumPy backend (CPU (NumPy backend), 47.7 GB RAM available)
[2026-06-13 18:43:19][INFO] SIM_BRIDGE: Initializing simulation data for model: IZHIKEVICH (3D)... (playback_init: False)
[2026-06-13 18:43:19][INFO] SIM_BRIDGE: RNG initialized with seed: 42
[2026-06-13 18:43:19][INFO] SIM_BRIDGE: Initializing Izhikevich model specifics for 1024 neurons...
[2026-06-13 18:43:19][INFO] SIM_BRIDGE: Applying parameter heterogeneity to neuron parameters...
[2026-06-13 18:43:19][INFO] SIM_BRIDGE: Applied heterogeneity to 4 parameters.
[2026-06-13 18:43:19][INFO] SIM_BRIDGE: Initializing OU process state (tau=15.0ms, sigma=0.0pA)...
[2026-06-13 18:43:19][INFO] SIM_BRIDGE: Generating 3D neuron positions for 1024 neurons...
[2026-06-13 18:43:19][INFO] SIM_BRIDGE: Generating connections (3D)...
[2026-06-13 18:43:19][INFO] SIM_BRIDGE: Simulation data initialized for 1024 neurons (3D). Synapses: 0. GPU memory: 26.3GB/51.2GB (51.4%)
[2026-06-13 18:43:21][INFO] SIM_BRIDGE: NumPy backend (CPU (NumPy backend), 47.7 GB RAM available)
[2026-06-13 18:43:21][INFO] SIM_BRIDGE: Initializing simulation data for model: IZHIKEVICH (3D)... (playback_init: False)
[2026-06-13 18:43:21][INFO] SIM_BRIDGE: RNG initialized with seed: 42
[2026-06-13 18:43:21][INFO] SIM_BRIDGE: Initializing Izhikevich model specifics for 768 neurons...
[2026-06-13 18:43:21][INFO] SIM_BRIDGE: Applying parameter heterogeneity to neuron parameters...
[2026-06-13 18:43:21][INFO] SIM_BRIDGE: Applied heterogeneity to 4 parameters.
[2026-06-13 18:43:21][INFO] SIM_BRIDGE: Initializing OU process state (tau=15.0ms, sigma=0.0pA)...
[2026-06-13 18:43:21][INFO] SIM_BRIDGE: Generating 3D neuron positions for 768 neurons...
[2026-06-13 18:43:21][INFO] SIM_BRIDGE: Generating connections (3D)...
[2026-06-13 18:43:21][INFO] SIM_BRIDGE: Simulation data initialized for 768 neurons (3D). Synapses: 0. GPU memory: 26.0GB/51.2GB (50.8%)
[2026-06-13 18:43:35][INFO] SIM_BRIDGE: NumPy backend (CPU (NumPy backend), 47.7 GB RAM available)
[2026-06-13 18:43:35][INFO] SIM_BRIDGE: Initializing simulation data for model: IZHIKEVICH (3D)... (playback_init: False)
[2026-06-13 18:43:35][INFO] SIM_BRIDGE: RNG initialized with seed: 42
[2026-06-13 18:43:35][INFO] SIM_BRIDGE: Initializing Izhikevich model specifics for 512 neurons...
[2026-06-13 18:43:35][INFO] SIM_BRIDGE: Applying parameter heterogeneity to neuron parameters...
[2026-06-13 18:43:35][INFO] SIM_BRIDGE: Applied heterogeneity to 4 parameters.
[2026-06-13 18:43:35][INFO] SIM_BRIDGE: Initializing OU process state (tau=15.0ms, sigma=0.0pA)...
[2026-06-13 18:43:35][INFO] SIM_BRIDGE: Generating 3D neuron positions for 512 neurons...
[2026-06-13 18:43:35][INFO] SIM_BRIDGE: Generating connections (3D)...
[2026-06-13 18:43:35][INFO] SIM_BRIDGE: Simulation data initialized for 512 neurons (3D). Synapses: 0. GPU memory: 26.0GB/51.2GB (50.7%)
[2026-06-13 18:43:35][INFO] SIM_BRIDGE: NumPy backend (CPU (NumPy backend), 47.7 GB RAM available)
[2026-06-13 18:43:35][INFO] SIM_BRIDGE: Initializing simulation data for model: IZHIKEVICH (3D)... (playback_init: False)
[2026-06-13 18:43:35][INFO] SIM_BRIDGE: RNG initialized with seed: 42
[2026-06-13 18:43:35][INFO] SIM_BRIDGE: Initializing Izhikevich model specifics for 1024 neurons...
[2026-06-13 18:43:35][INFO] SIM_BRIDGE: Applying parameter heterogeneity to neuron parameters...
[2026-06-13 18:43:35][INFO] SIM_BRIDGE: Applied heterogeneity to 4 parameters.
[2026-06-13 18:43:35][INFO] SIM_BRIDGE: Initializing OU process state (tau=15.0ms, sigma=0.0pA)...
[2026-06-13 18:43:35][INFO] SIM_BRIDGE: Generating 3D neuron positions for 1024 neurons...
[2026-06-13 18:43:35][INFO] SIM_BRIDGE: Generating connections (3D)...
[2026-06-13 18:43:35][INFO] SIM_BRIDGE: Simulation data initialized for 1024 neurons (3D). Synapses: 0. GPU memory: 26.1GB/51.2GB (50.8%)
[2026-06-13 18:43:38][INFO] SIM_BRIDGE: NumPy backend (CPU (NumPy backend), 47.7 GB RAM available)
[2026-06-13 18:43:38][INFO] SIM_BRIDGE: Initializing simulation data for model: IZHIKEVICH (3D)... (playback_init: False)
[2026-06-13 18:43:38][INFO] SIM_BRIDGE: RNG initialized with seed: 42
[2026-06-13 18:43:38][INFO] SIM_BRIDGE: Initializing Izhikevich model specifics for 768 neurons...
[2026-06-13 18:43:38][INFO] SIM_BRIDGE: Applying parameter heterogeneity to neuron parameters...
[2026-06-13 18:43:38][INFO] SIM_BRIDGE: Applied heterogeneity to 4 parameters.
[2026-06-13 18:43:38][INFO] SIM_BRIDGE: Initializing OU process state (tau=15.0ms, sigma=0.0pA)...
[2026-06-13 18:43:38][INFO] SIM_BRIDGE: Generating 3D neuron positions for 768 neurons...
[2026-06-13 18:43:38][INFO] SIM_BRIDGE: Generating connections (3D)...
[2026-06-13 18:43:38][INFO] SIM_BRIDGE: Simulation data initialized for 768 neurons (3D). Synapses: 0. GPU memory: 26.3GB/51.2GB (51.2%)
[2026-06-13 18:43:55][INFO] SIM_BRIDGE: NumPy backend (CPU (NumPy backend), 47.7 GB RAM available)
[2026-06-13 18:43:55][INFO] SIM_BRIDGE: Initializing simulation data for model: IZHIKEVICH (3D)... (playback_init: False)
[2026-06-13 18:43:55][INFO] SIM_BRIDGE: RNG initialized with seed: 42
[2026-06-13 18:43:55][INFO] SIM_BRIDGE: Initializing Izhikevich model specifics for 512 neurons...
[2026-06-13 18:43:55][INFO] SIM_BRIDGE: Applying parameter heterogeneity to neuron parameters...
[2026-06-13 18:43:55][INFO] SIM_BRIDGE: Applied heterogeneity to 4 parameters.
[2026-06-13 18:43:55][INFO] SIM_BRIDGE: Initializing OU process state (tau=15.0ms, sigma=0.0pA)...
[2026-06-13 18:43:55][INFO] SIM_BRIDGE: Generating 3D neuron positions for 512 neurons...
[2026-06-13 18:43:55][INFO] SIM_BRIDGE: Generating connections (3D)...
[2026-06-13 18:43:56][INFO] SIM_BRIDGE: Simulation data initialized for 512 neurons (3D). Synapses: 0. GPU memory: 26.3GB/51.2GB (51.4%)
[2026-06-13 18:43:56][INFO] SIM_BRIDGE: NumPy backend (CPU (NumPy backend), 47.7 GB RAM available)
[2026-06-13 18:43:56][INFO] SIM_BRIDGE: Initializing simulation data for model: IZHIKEVICH (3D)... (playback_init: False)
[2026-06-13 18:43:56][INFO] SIM_BRIDGE: RNG initialized with seed: 42
[2026-06-13 18:43:56][INFO] SIM_BRIDGE: Initializing Izhikevich model specifics for 1024 neurons...
[2026-06-13 18:43:56][INFO] SIM_BRIDGE: Applying parameter heterogeneity to neuron parameters...
[2026-06-13 18:43:56][INFO] SIM_BRIDGE: Applied heterogeneity to 4 parameters.
[2026-06-13 18:43:56][INFO] SIM_BRIDGE: Initializing OU process state (tau=15.0ms, sigma=0.0pA)...
[2026-06-13 18:43:56][INFO] SIM_BRIDGE: Generating 3D neuron positions for 1024 neurons...
[2026-06-13 18:43:56][INFO] SIM_BRIDGE: Generating connections (3D)...
[2026-06-13 18:43:56][INFO] SIM_BRIDGE: Simulation data initialized for 1024 neurons (3D). Synapses: 0. GPU memory: 26.3GB/51.2GB (51.4%)
[2026-06-13 18:43:58][INFO] SIM_BRIDGE: NumPy backend (CPU (NumPy backend), 47.7 GB RAM available)
[2026-06-13 18:43:58][INFO] SIM_BRIDGE: Initializing simulation data for model: IZHIKEVICH (3D)... (playback_init: False)
[2026-06-13 18:43:58][INFO] SIM_BRIDGE: RNG initialized with seed: 42
[2026-06-13 18:43:58][INFO] SIM_BRIDGE: Initializing Izhikevich model specifics for 768 neurons...
[2026-06-13 18:43:58][INFO] SIM_BRIDGE: Applying parameter heterogeneity to neuron parameters...
[2026-06-13 18:43:58][INFO] SIM_BRIDGE: Applied heterogeneity to 4 parameters.
[2026-06-13 18:43:58][INFO] SIM_BRIDGE: Initializing OU process state (tau=15.0ms, sigma=0.0pA)...
[2026-06-13 18:43:58][INFO] SIM_BRIDGE: Generating 3D neuron positions for 768 neurons...
[2026-06-13 18:43:58][INFO] SIM_BRIDGE: Generating connections (3D)...
[2026-06-13 18:43:58][INFO] SIM_BRIDGE: Simulation data initialized for 768 neurons (3D). Synapses: 0. GPU memory: 26.4GB/51.2GB (51.6%)
[2026-06-13 18:44:15][INFO] SIM_BRIDGE: NumPy backend (CPU (NumPy backend), 47.7 GB RAM available)
[2026-06-13 18:44:15][INFO] SIM_BRIDGE: Initializing simulation data for model: IZHIKEVICH (3D)... (playback_init: False)
[2026-06-13 18:44:15][INFO] SIM_BRIDGE: RNG initialized with seed: 42
[2026-06-13 18:44:15][INFO] SIM_BRIDGE: Initializing Izhikevich model specifics for 512 neurons...
[2026-06-13 18:44:15][INFO] SIM_BRIDGE: Applying parameter heterogeneity to neuron parameters...
[2026-06-13 18:44:15][INFO] SIM_BRIDGE: Applied heterogeneity to 4 parameters.
[2026-06-13 18:44:15][INFO] SIM_BRIDGE: Initializing OU process state (tau=15.0ms, sigma=0.0pA)...
[2026-06-13 18:44:15][INFO] SIM_BRIDGE: Generating 3D neuron positions for 512 neurons...
[2026-06-13 18:44:15][INFO] SIM_BRIDGE: Generating connections (3D)...
[2026-06-13 18:44:15][INFO] SIM_BRIDGE: Simulation data initialized for 512 neurons (3D). Synapses: 0. GPU memory: 26.7GB/51.2GB (52.2%)
[2026-06-13 18:44:15][INFO] SIM_BRIDGE: NumPy backend (CPU (NumPy backend), 47.7 GB RAM available)
[2026-06-13 18:44:15][INFO] SIM_BRIDGE: Initializing simulation data for model: IZHIKEVICH (3D)... (playback_init: False)
[2026-06-13 18:44:15][INFO] SIM_BRIDGE: RNG initialized with seed: 42
[2026-06-13 18:44:15][INFO] SIM_BRIDGE: Initializing Izhikevich model specifics for 1024 neurons...
[2026-06-13 18:44:15][INFO] SIM_BRIDGE: Applying parameter heterogeneity to neuron parameters...
[2026-06-13 18:44:15][INFO] SIM_BRIDGE: Applied heterogeneity to 4 parameters.
[2026-06-13 18:44:15][INFO] SIM_BRIDGE: Initializing OU process state (tau=15.0ms, sigma=0.0pA)...
[2026-06-13 18:44:15][INFO] SIM_BRIDGE: Generating 3D neuron positions for 1024 neurons...
[2026-06-13 18:44:15][INFO] SIM_BRIDGE: Generating connections (3D)...
[2026-06-13 18:44:15][INFO] SIM_BRIDGE: Simulation data initialized for 1024 neurons (3D). Synapses: 0. GPU memory: 26.8GB/51.2GB (52.2%)
[2026-06-13 18:44:18][INFO] SIM_BRIDGE: NumPy backend (CPU (NumPy backend), 47.7 GB RAM available)
[2026-06-13 18:44:18][INFO] SIM_BRIDGE: Initializing simulation data for model: IZHIKEVICH (3D)... (playback_init: False)
[2026-06-13 18:44:18][INFO] SIM_BRIDGE: RNG initialized with seed: 42
[2026-06-13 18:44:18][INFO] SIM_BRIDGE: Initializing Izhikevich model specifics for 768 neurons...
[2026-06-13 18:44:18][INFO] SIM_BRIDGE: Applying parameter heterogeneity to neuron parameters...
[2026-06-13 18:44:18][INFO] SIM_BRIDGE: Applied heterogeneity to 4 parameters.
[2026-06-13 18:44:18][INFO] SIM_BRIDGE: Initializing OU process state (tau=15.0ms, sigma=0.0pA)...
[2026-06-13 18:44:18][INFO] SIM_BRIDGE: Generating 3D neuron positions for 768 neurons...
[2026-06-13 18:44:18][INFO] SIM_BRIDGE: Generating connections (3D)...
[2026-06-13 18:44:18][INFO] SIM_BRIDGE: Simulation data initialized for 768 neurons (3D). Synapses: 0. GPU memory: 27.5GB/51.2GB (53.7%)
[2026-06-13 18:44:36][INFO] SIM_BRIDGE: NumPy backend (CPU (NumPy backend), 47.7 GB RAM available)
[2026-06-13 18:44:36][INFO] SIM_BRIDGE: Initializing simulation data for model: IZHIKEVICH (3D)... (playback_init: False)
[2026-06-13 18:44:36][INFO] SIM_BRIDGE: RNG initialized with seed: 42
[2026-06-13 18:44:36][INFO] SIM_BRIDGE: Initializing Izhikevich model specifics for 512 neurons...
[2026-06-13 18:44:36][INFO] SIM_BRIDGE: Applying parameter heterogeneity to neuron parameters...
[2026-06-13 18:44:36][INFO] SIM_BRIDGE: Applied heterogeneity to 4 parameters.
[2026-06-13 18:44:36][INFO] SIM_BRIDGE: Initializing OU process state (tau=15.0ms, sigma=0.0pA)...
[2026-06-13 18:44:36][INFO] SIM_BRIDGE: Generating 3D neuron positions for 512 neurons...
[2026-06-13 18:44:36][INFO] SIM_BRIDGE: Generating connections (3D)...
[2026-06-13 18:44:36][INFO] SIM_BRIDGE: Simulation data initialized for 512 neurons (3D). Synapses: 0. GPU memory: 26.9GB/51.2GB (52.4%)
[2026-06-13 18:44:36][INFO] SIM_BRIDGE: NumPy backend (CPU (NumPy backend), 47.7 GB RAM available)
[2026-06-13 18:44:36][INFO] SIM_BRIDGE: Initializing simulation data for model: IZHIKEVICH (3D)... (playback_init: False)
[2026-06-13 18:44:36][INFO] SIM_BRIDGE: RNG initialized with seed: 42
[2026-06-13 18:44:36][INFO] SIM_BRIDGE: Initializing Izhikevich model specifics for 1024 neurons...
[2026-06-13 18:44:36][INFO] SIM_BRIDGE: Applying parameter heterogeneity to neuron parameters...
[2026-06-13 18:44:36][INFO] SIM_BRIDGE: Applied heterogeneity to 4 parameters.
[2026-06-13 18:44:36][INFO] SIM_BRIDGE: Initializing OU process state (tau=15.0ms, sigma=0.0pA)...
[2026-06-13 18:44:36][INFO] SIM_BRIDGE: Generating 3D neuron positions for 1024 neurons...
[2026-06-13 18:44:36][INFO] SIM_BRIDGE: Generating connections (3D)...
[2026-06-13 18:44:36][INFO] SIM_BRIDGE: Simulation data initialized for 1024 neurons (3D). Synapses: 0. GPU memory: 26.9GB/51.2GB (52.4%)
[2026-06-13 18:44:39][INFO] SIM_BRIDGE: NumPy backend (CPU (NumPy backend), 47.7 GB RAM available)
[2026-06-13 18:44:39][INFO] SIM_BRIDGE: Initializing simulation data for model: IZHIKEVICH (3D)... (playback_init: False)
[2026-06-13 18:44:39][INFO] SIM_BRIDGE: RNG initialized with seed: 42
[2026-06-13 18:44:39][INFO] SIM_BRIDGE: Initializing Izhikevich model specifics for 768 neurons...
[2026-06-13 18:44:39][INFO] SIM_BRIDGE: Applying parameter heterogeneity to neuron parameters...
[2026-06-13 18:44:39][INFO] SIM_BRIDGE: Applied heterogeneity to 4 parameters.
[2026-06-13 18:44:39][INFO] SIM_BRIDGE: Initializing OU process state (tau=15.0ms, sigma=0.0pA)...
[2026-06-13 18:44:39][INFO] SIM_BRIDGE: Generating 3D neuron positions for 768 neurons...
[2026-06-13 18:44:39][INFO] SIM_BRIDGE: Generating connections (3D)...
[2026-06-13 18:44:39][INFO] SIM_BRIDGE: Simulation data initialized for 768 neurons (3D). Synapses: 0. GPU memory: 26.8GB/51.2GB (52.3%)
[2026-06-13 18:44:59][INFO] SIM_BRIDGE: NumPy backend (CPU (NumPy backend), 47.7 GB RAM available)
[2026-06-13 18:44:59][INFO] SIM_BRIDGE: Initializing simulation data for model: IZHIKEVICH (3D)... (playback_init: False)
[2026-06-13 18:44:59][INFO] SIM_BRIDGE: RNG initialized with seed: 42
[2026-06-13 18:44:59][INFO] SIM_BRIDGE: Initializing Izhikevich model specifics for 512 neurons...
[2026-06-13 18:44:59][INFO] SIM_BRIDGE: Applying parameter heterogeneity to neuron parameters...
[2026-06-13 18:44:59][INFO] SIM_BRIDGE: Applied heterogeneity to 4 parameters.
[2026-06-13 18:44:59][INFO] SIM_BRIDGE: Initializing OU process state (tau=15.0ms, sigma=0.0pA)...
[2026-06-13 18:44:59][INFO] SIM_BRIDGE: Generating 3D neuron positions for 512 neurons...
[2026-06-13 18:44:59][INFO] SIM_BRIDGE: Generating connections (3D)...
[2026-06-13 18:44:59][INFO] SIM_BRIDGE: Simulation data initialized for 512 neurons (3D). Synapses: 0. GPU memory: 28.7GB/51.2GB (56.0%)
[2026-06-13 18:44:59][INFO] SIM_BRIDGE: NumPy backend (CPU (NumPy backend), 47.7 GB RAM available)
[2026-06-13 18:44:59][INFO] SIM_BRIDGE: Initializing simulation data for model: IZHIKEVICH (3D)... (playback_init: False)
[2026-06-13 18:44:59][INFO] SIM_BRIDGE: RNG initialized with seed: 42
[2026-06-13 18:44:59][INFO] SIM_BRIDGE: Initializing Izhikevich model specifics for 1024 neurons...
[2026-06-13 18:44:59][INFO] SIM_BRIDGE: Applying parameter heterogeneity to neuron parameters...
[2026-06-13 18:44:59][INFO] SIM_BRIDGE: Applied heterogeneity to 4 parameters.
[2026-06-13 18:44:59][INFO] SIM_BRIDGE: Initializing OU process state (tau=15.0ms, sigma=0.0pA)...
[2026-06-13 18:44:59][INFO] SIM_BRIDGE: Generating 3D neuron positions for 1024 neurons...
[2026-06-13 18:44:59][INFO] SIM_BRIDGE: Generating connections (3D)...
[2026-06-13 18:44:59][INFO] SIM_BRIDGE: Simulation data initialized for 1024 neurons (3D). Synapses: 0. GPU memory: 28.8GB/51.2GB (56.2%)
[2026-06-13 18:45:02][INFO] SIM_BRIDGE: NumPy backend (CPU (NumPy backend), 47.7 GB RAM available)
[2026-06-13 18:45:02][INFO] SIM_BRIDGE: Initializing simulation data for model: IZHIKEVICH (3D)... (playback_init: False)
[2026-06-13 18:45:02][INFO] SIM_BRIDGE: RNG initialized with seed: 42
[2026-06-13 18:45:02][INFO] SIM_BRIDGE: Initializing Izhikevich model specifics for 768 neurons...
[2026-06-13 18:45:02][INFO] SIM_BRIDGE: Applying parameter heterogeneity to neuron parameters...
[2026-06-13 18:45:02][INFO] SIM_BRIDGE: Applied heterogeneity to 4 parameters.
[2026-06-13 18:45:02][INFO] SIM_BRIDGE: Initializing OU process state (tau=15.0ms, sigma=0.0pA)...
[2026-06-13 18:45:02][INFO] SIM_BRIDGE: Generating 3D neuron positions for 768 neurons...
[2026-06-13 18:45:02][INFO] SIM_BRIDGE: Generating connections (3D)...
[2026-06-13 18:45:02][INFO] SIM_BRIDGE: Simulation data initialized for 768 neurons (3D). Synapses: 0. GPU memory: 28.6GB/51.2GB (55.9%)
[2026-06-13 18:45:21][INFO] SIM_BRIDGE: NumPy backend (CPU (NumPy backend), 47.7 GB RAM available)
[2026-06-13 18:45:21][INFO] SIM_BRIDGE: Initializing simulation data for model: IZHIKEVICH (3D)... (playback_init: False)
[2026-06-13 18:45:21][INFO] SIM_BRIDGE: RNG initialized with seed: 42
[2026-06-13 18:45:21][INFO] SIM_BRIDGE: Initializing Izhikevich model specifics for 512 neurons...
[2026-06-13 18:45:21][INFO] SIM_BRIDGE: Applying parameter heterogeneity to neuron parameters...
[2026-06-13 18:45:21][INFO] SIM_BRIDGE: Applied heterogeneity to 4 parameters.
[2026-06-13 18:45:21][INFO] SIM_BRIDGE: Initializing OU process state (tau=15.0ms, sigma=0.0pA)...
[2026-06-13 18:45:21][INFO] SIM_BRIDGE: Generating 3D neuron positions for 512 neurons...
[2026-06-13 18:45:21][INFO] SIM_BRIDGE: Generating connections (3D)...
[2026-06-13 18:45:21][INFO] SIM_BRIDGE: Simulation data initialized for 512 neurons (3D). Synapses: 0. GPU memory: 28.1GB/51.2GB (54.8%)
[2026-06-13 18:45:21][INFO] SIM_BRIDGE: NumPy backend (CPU (NumPy backend), 47.7 GB RAM available)
[2026-06-13 18:45:21][INFO] SIM_BRIDGE: Initializing simulation data for model: IZHIKEVICH (3D)... (playback_init: False)
[2026-06-13 18:45:21][INFO] SIM_BRIDGE: RNG initialized with seed: 42
[2026-06-13 18:45:21][INFO] SIM_BRIDGE: Initializing Izhikevich model specifics for 1024 neurons...
[2026-06-13 18:45:21][INFO] SIM_BRIDGE: Applying parameter heterogeneity to neuron parameters...
[2026-06-13 18:45:21][INFO] SIM_BRIDGE: Applied heterogeneity to 4 parameters.
[2026-06-13 18:45:21][INFO] SIM_BRIDGE: Initializing OU process state (tau=15.0ms, sigma=0.0pA)...
[2026-06-13 18:45:21][INFO] SIM_BRIDGE: Generating 3D neuron positions for 1024 neurons...
[2026-06-13 18:45:21][INFO] SIM_BRIDGE: Generating connections (3D)...
[2026-06-13 18:45:21][INFO] SIM_BRIDGE: Simulation data initialized for 1024 neurons (3D). Synapses: 0. GPU memory: 28.2GB/51.2GB (55.0%)
[2026-06-13 18:45:24][INFO] SIM_BRIDGE: NumPy backend (CPU (NumPy backend), 47.7 GB RAM available)
[2026-06-13 18:45:24][INFO] SIM_BRIDGE: Initializing simulation data for model: IZHIKEVICH (3D)... (playback_init: False)
[2026-06-13 18:45:24][INFO] SIM_BRIDGE: RNG initialized with seed: 42
[2026-06-13 18:45:24][INFO] SIM_BRIDGE: Initializing Izhikevich model specifics for 768 neurons...
[2026-06-13 18:45:24][INFO] SIM_BRIDGE: Applying parameter heterogeneity to neuron parameters...
[2026-06-13 18:45:24][INFO] SIM_BRIDGE: Applied heterogeneity to 4 parameters.
[2026-06-13 18:45:24][INFO] SIM_BRIDGE: Initializing OU process state (tau=15.0ms, sigma=0.0pA)...
[2026-06-13 18:45:24][INFO] SIM_BRIDGE: Generating 3D neuron positions for 768 neurons...
[2026-06-13 18:45:24][INFO] SIM_BRIDGE: Generating connections (3D)...
[2026-06-13 18:45:24][INFO] SIM_BRIDGE: Simulation data initialized for 768 neurons (3D). Synapses: 0. GPU memory: 28.3GB/51.2GB (55.3%)
[2026-06-13 18:45:40][INFO] SIM_BRIDGE: NumPy backend (CPU (NumPy backend), 47.7 GB RAM available)
[2026-06-13 18:45:40][INFO] SIM_BRIDGE: Initializing simulation data for model: IZHIKEVICH (3D)... (playback_init: False)
[2026-06-13 18:45:40][INFO] SIM_BRIDGE: RNG initialized with seed: 42
[2026-06-13 18:45:40][INFO] SIM_BRIDGE: Initializing Izhikevich model specifics for 512 neurons...
[2026-06-13 18:45:40][INFO] SIM_BRIDGE: Applying parameter heterogeneity to neuron parameters...
[2026-06-13 18:45:40][INFO] SIM_BRIDGE: Applied heterogeneity to 4 parameters.
[2026-06-13 18:45:40][INFO] SIM_BRIDGE: Initializing OU process state (tau=15.0ms, sigma=0.0pA)...
[2026-06-13 18:45:40][INFO] SIM_BRIDGE: Generating 3D neuron positions for 512 neurons...
[2026-06-13 18:45:40][INFO] SIM_BRIDGE: Generating connections (3D)...
[2026-06-13 18:45:40][INFO] SIM_BRIDGE: Simulation data initialized for 512 neurons (3D). Synapses: 0. GPU memory: 28.2GB/51.2GB (55.1%)
[2026-06-13 18:45:40][INFO] SIM_BRIDGE: NumPy backend (CPU (NumPy backend), 47.7 GB RAM available)
[2026-06-13 18:45:40][INFO] SIM_BRIDGE: Initializing simulation data for model: IZHIKEVICH (3D)... (playback_init: False)
[2026-06-13 18:45:40][INFO] SIM_BRIDGE: RNG initialized with seed: 42
[2026-06-13 18:45:40][INFO] SIM_BRIDGE: Initializing Izhikevich model specifics for 1024 neurons...
[2026-06-13 18:45:40][INFO] SIM_BRIDGE: Applying parameter heterogeneity to neuron parameters...
[2026-06-13 18:45:40][INFO] SIM_BRIDGE: Applied heterogeneity to 4 parameters.
[2026-06-13 18:45:40][INFO] SIM_BRIDGE: Initializing OU process state (tau=15.0ms, sigma=0.0pA)...
[2026-06-13 18:45:40][INFO] SIM_BRIDGE: Generating 3D neuron positions for 1024 neurons...
[2026-06-13 18:45:40][INFO] SIM_BRIDGE: Generating connections (3D)...
[2026-06-13 18:45:40][INFO] SIM_BRIDGE: Simulation data initialized for 1024 neurons (3D). Synapses: 0. GPU memory: 28.2GB/51.2GB (55.1%)
[2026-06-13 18:45:42][INFO] SIM_BRIDGE: NumPy backend (CPU (NumPy backend), 47.7 GB RAM available)
[2026-06-13 18:45:42][INFO] SIM_BRIDGE: Initializing simulation data for model: IZHIKEVICH (3D)... (playback_init: False)
[2026-06-13 18:45:42][INFO] SIM_BRIDGE: RNG initialized with seed: 42
[2026-06-13 18:45:42][INFO] SIM_BRIDGE: Initializing Izhikevich model specifics for 768 neurons...
[2026-06-13 18:45:42][INFO] SIM_BRIDGE: Applying parameter heterogeneity to neuron parameters...
[2026-06-13 18:45:42][INFO] SIM_BRIDGE: Applied heterogeneity to 4 parameters.
[2026-06-13 18:45:42][INFO] SIM_BRIDGE: Initializing OU process state (tau=15.0ms, sigma=0.0pA)...
[2026-06-13 18:45:42][INFO] SIM_BRIDGE: Generating 3D neuron positions for 768 neurons...
[2026-06-13 18:45:42][INFO] SIM_BRIDGE: Generating connections (3D)...
[2026-06-13 18:45:42][INFO] SIM_BRIDGE: Simulation data initialized for 768 neurons (3D). Synapses: 0. GPU memory: 27.9GB/51.2GB (54.4%)
[2026-06-13 18:45:58][INFO] SIM_BRIDGE: NumPy backend (CPU (NumPy backend), 47.7 GB RAM available)
[2026-06-13 18:45:58][INFO] SIM_BRIDGE: Initializing simulation data for model: IZHIKEVICH (3D)... (playback_init: False)
[2026-06-13 18:45:58][INFO] SIM_BRIDGE: RNG initialized with seed: 42
[2026-06-13 18:45:58][INFO] SIM_BRIDGE: Initializing Izhikevich model specifics for 512 neurons...
[2026-06-13 18:45:58][INFO] SIM_BRIDGE: Applying parameter heterogeneity to neuron parameters...
[2026-06-13 18:45:58][INFO] SIM_BRIDGE: Applied heterogeneity to 4 parameters.
[2026-06-13 18:45:58][INFO] SIM_BRIDGE: Initializing OU process state (tau=15.0ms, sigma=0.0pA)...
[2026-06-13 18:45:58][INFO] SIM_BRIDGE: Generating 3D neuron positions for 512 neurons...
[2026-06-13 18:45:58][INFO] SIM_BRIDGE: Generating connections (3D)...
[2026-06-13 18:45:58][INFO] SIM_BRIDGE: Simulation data initialized for 512 neurons (3D). Synapses: 0. GPU memory: 27.7GB/51.2GB (54.0%)
[2026-06-13 18:45:58][INFO] SIM_BRIDGE: NumPy backend (CPU (NumPy backend), 47.7 GB RAM available)
[2026-06-13 18:45:58][INFO] SIM_BRIDGE: Initializing simulation data for model: IZHIKEVICH (3D)... (playback_init: False)
[2026-06-13 18:45:58][INFO] SIM_BRIDGE: RNG initialized with seed: 42
[2026-06-13 18:45:58][INFO] SIM_BRIDGE: Initializing Izhikevich model specifics for 1024 neurons...
[2026-06-13 18:45:58][INFO] SIM_BRIDGE: Applying parameter heterogeneity to neuron parameters...
[2026-06-13 18:45:58][INFO] SIM_BRIDGE: Applied heterogeneity to 4 parameters.
[2026-06-13 18:45:58][INFO] SIM_BRIDGE: Initializing OU process state (tau=15.0ms, sigma=0.0pA)...
[2026-06-13 18:45:58][INFO] SIM_BRIDGE: Generating 3D neuron positions for 1024 neurons...
[2026-06-13 18:45:58][INFO] SIM_BRIDGE: Generating connections (3D)...
[2026-06-13 18:45:58][INFO] SIM_BRIDGE: Simulation data initialized for 1024 neurons (3D). Synapses: 0. GPU memory: 27.7GB/51.2GB (54.0%)
[2026-06-13 18:45:59][INFO] SIM_BRIDGE: NumPy backend (CPU (NumPy backend), 47.7 GB RAM available)
[2026-06-13 18:45:59][INFO] SIM_BRIDGE: Initializing simulation data for model: IZHIKEVICH (3D)... (playback_init: False)
[2026-06-13 18:45:59][INFO] SIM_BRIDGE: RNG initialized with seed: 42
[2026-06-13 18:45:59][INFO] SIM_BRIDGE: Initializing Izhikevich model specifics for 768 neurons...
[2026-06-13 18:45:59][INFO] SIM_BRIDGE: Applying parameter heterogeneity to neuron parameters...
[2026-06-13 18:45:59][INFO] SIM_BRIDGE: Applied heterogeneity to 4 parameters.
[2026-06-13 18:45:59][INFO] SIM_BRIDGE: Initializing OU process state (tau=15.0ms, sigma=0.0pA)...
[2026-06-13 18:45:59][INFO] SIM_BRIDGE: Generating 3D neuron positions for 768 neurons...
[2026-06-13 18:45:59][INFO] SIM_BRIDGE: Generating connections (3D)...
[2026-06-13 18:45:59][INFO] SIM_BRIDGE: Simulation data initialized for 768 neurons (3D). Synapses: 0. GPU memory: 27.8GB/51.2GB (54.2%)
    [    birds] B1 gen acc=1.000 (chance=0.250, 4.0x)  B2 fa=0 abstains_all=True  | C1 perm B1=0.094 collapses=True
    C4 random-shard: B1=0.287 collapses=True (n=64)

  ------------------------------------------------------------------------------------------------
  ROUTE A -- GATE X: cross-bridge IDENTITY (V-tag) + X-pb (per-bridge dispatch)
  ------------------------------------------------------------------------------------------------
    [authored 12 cross-bridge facts] e.g. [('mammals.kitten', 'birds.toucan'), ('mammals.dog', 'birds.magpie'), ('mammals.dolphin', 'birds.parrot')]
[2026-06-13 18:46:31][INFO] SIM_BRIDGE: NumPy backend (CPU (NumPy backend), 47.7 GB RAM available)
[2026-06-13 18:46:31][INFO] SIM_BRIDGE: Initializing simulation data for model: IZHIKEVICH (3D)... (playback_init: False)
[2026-06-13 18:46:31][INFO] SIM_BRIDGE: RNG initialized with seed: 42
[2026-06-13 18:46:31][INFO] SIM_BRIDGE: Initializing Izhikevich model specifics for 512 neurons...
[2026-06-13 18:46:31][INFO] SIM_BRIDGE: Applying parameter heterogeneity to neuron parameters...
[2026-06-13 18:46:31][INFO] SIM_BRIDGE: Applied heterogeneity to 4 parameters.
[2026-06-13 18:46:31][INFO] SIM_BRIDGE: Initializing OU process state (tau=15.0ms, sigma=0.0pA)...
[2026-06-13 18:46:31][INFO] SIM_BRIDGE: Generating 3D neuron positions for 512 neurons...
[2026-06-13 18:46:31][INFO] SIM_BRIDGE: Generating connections (3D)...
[2026-06-13 18:46:31][INFO] SIM_BRIDGE: Simulation data initialized for 512 neurons (3D). Synapses: 0. GPU memory: 28.0GB/51.2GB (54.6%)
[2026-06-13 18:46:31][INFO] SIM_BRIDGE: NumPy backend (CPU (NumPy backend), 47.7 GB RAM available)
[2026-06-13 18:46:31][INFO] SIM_BRIDGE: Initializing simulation data for model: IZHIKEVICH (3D)... (playback_init: False)
[2026-06-13 18:46:31][INFO] SIM_BRIDGE: RNG initialized with seed: 42
[2026-06-13 18:46:31][INFO] SIM_BRIDGE: Initializing Izhikevich model specifics for 1024 neurons...
[2026-06-13 18:46:31][INFO] SIM_BRIDGE: Applying parameter heterogeneity to neuron parameters...
[2026-06-13 18:46:31][INFO] SIM_BRIDGE: Applied heterogeneity to 4 parameters.
[2026-06-13 18:46:31][INFO] SIM_BRIDGE: Initializing OU process state (tau=15.0ms, sigma=0.0pA)...
[2026-06-13 18:46:31][INFO] SIM_BRIDGE: Generating 3D neuron positions for 1024 neurons...
[2026-06-13 18:46:31][INFO] SIM_BRIDGE: Generating connections (3D)...
[2026-06-13 18:46:31][INFO] SIM_BRIDGE: Simulation data initialized for 1024 neurons (3D). Synapses: 0. GPU memory: 28.0GB/51.2GB (54.6%)
[2026-06-13 18:46:31][INFO] SIM_BRIDGE: NumPy backend (CPU (NumPy backend), 47.7 GB RAM available)
[2026-06-13 18:46:31][INFO] SIM_BRIDGE: Initializing simulation data for model: IZHIKEVICH (3D)... (playback_init: False)
[2026-06-13 18:46:31][INFO] SIM_BRIDGE: RNG initialized with seed: 42
[2026-06-13 18:46:31][INFO] SIM_BRIDGE: Initializing Izhikevich model specifics for 512 neurons...
[2026-06-13 18:46:31][INFO] SIM_BRIDGE: Applying parameter heterogeneity to neuron parameters...
[2026-06-13 18:46:31][INFO] SIM_BRIDGE: Applied heterogeneity to 4 parameters.
[2026-06-13 18:46:31][INFO] SIM_BRIDGE: Initializing OU process state (tau=15.0ms, sigma=0.0pA)...
[2026-06-13 18:46:31][INFO] SIM_BRIDGE: Generating 3D neuron positions for 512 neurons...
[2026-06-13 18:46:31][INFO] SIM_BRIDGE: Generating connections (3D)...
[2026-06-13 18:46:31][INFO] SIM_BRIDGE: Simulation data initialized for 512 neurons (3D). Synapses: 0. GPU memory: 28.0GB/51.2GB (54.6%)
[2026-06-13 18:46:31][INFO] SIM_BRIDGE: NumPy backend (CPU (NumPy backend), 47.7 GB RAM available)
[2026-06-13 18:46:31][INFO] SIM_BRIDGE: Initializing simulation data for model: IZHIKEVICH (3D)... (playback_init: False)
[2026-06-13 18:46:31][INFO] SIM_BRIDGE: RNG initialized with seed: 42
[2026-06-13 18:46:31][INFO] SIM_BRIDGE: Initializing Izhikevich model specifics for 1024 neurons...
[2026-06-13 18:46:31][INFO] SIM_BRIDGE: Applying parameter heterogeneity to neuron parameters...
[2026-06-13 18:46:31][INFO] SIM_BRIDGE: Applied heterogeneity to 4 parameters.
[2026-06-13 18:46:31][INFO] SIM_BRIDGE: Initializing OU process state (tau=15.0ms, sigma=0.0pA)...
[2026-06-13 18:46:31][INFO] SIM_BRIDGE: Generating 3D neuron positions for 1024 neurons...
[2026-06-13 18:46:31][INFO] SIM_BRIDGE: Generating connections (3D)...
[2026-06-13 18:46:31][INFO] SIM_BRIDGE: Simulation data initialized for 1024 neurons (3D). Synapses: 0. GPU memory: 28.0GB/51.2GB (54.6%)
[2026-06-13 18:46:31][INFO] SIM_BRIDGE: NumPy backend (CPU (NumPy backend), 47.7 GB RAM available)
[2026-06-13 18:46:31][INFO] SIM_BRIDGE: Initializing simulation data for model: IZHIKEVICH (3D)... (playback_init: False)
[2026-06-13 18:46:31][INFO] SIM_BRIDGE: RNG initialized with seed: 42
[2026-06-13 18:46:31][INFO] SIM_BRIDGE: Initializing Izhikevich model specifics for 768 neurons...
[2026-06-13 18:46:31][INFO] SIM_BRIDGE: Applying parameter heterogeneity to neuron parameters...
[2026-06-13 18:46:31][INFO] SIM_BRIDGE: Applied heterogeneity to 4 parameters.
[2026-06-13 18:46:31][INFO] SIM_BRIDGE: Initializing OU process state (tau=15.0ms, sigma=0.0pA)...
[2026-06-13 18:46:31][INFO] SIM_BRIDGE: Generating 3D neuron positions for 768 neurons...
[2026-06-13 18:46:31][INFO] SIM_BRIDGE: Generating connections (3D)...
[2026-06-13 18:46:31][INFO] SIM_BRIDGE: Simulation data initialized for 768 neurons (3D). Synapses: 0. GPU memory: 28.0GB/51.2GB (54.6%)
[2026-06-13 18:46:31][INFO] SIM_BRIDGE: NumPy backend (CPU (NumPy backend), 47.7 GB RAM available)
[2026-06-13 18:46:31][INFO] SIM_BRIDGE: Initializing simulation data for model: IZHIKEVICH (3D)... (playback_init: False)
[2026-06-13 18:46:31][INFO] SIM_BRIDGE: RNG initialized with seed: 42
[2026-06-13 18:46:31][INFO] SIM_BRIDGE: Initializing Izhikevich model specifics for 768 neurons...
[2026-06-13 18:46:31][INFO] SIM_BRIDGE: Applying parameter heterogeneity to neuron parameters...
[2026-06-13 18:46:31][INFO] SIM_BRIDGE: Applied heterogeneity to 4 parameters.
[2026-06-13 18:46:31][INFO] SIM_BRIDGE: Initializing OU process state (tau=15.0ms, sigma=0.0pA)...
[2026-06-13 18:46:31][INFO] SIM_BRIDGE: Generating 3D neuron positions for 768 neurons...
[2026-06-13 18:46:31][INFO] SIM_BRIDGE: Generating connections (3D)...
[2026-06-13 18:46:31][INFO] SIM_BRIDGE: Simulation data initialized for 768 neurons (3D). Synapses: 0. GPU memory: 28.0GB/51.2GB (54.7%)
    X-pb (per-bridge dispatch, within-bridge SVO recall): what_acc=1.0 who_acc=1.0 (n_bridges=2) | abstention breaches=0/4
    X-vtag: SKIPPED (--skip-vtag; the live-spiking V-tag layer needs GPU bridges)
    C3 moat alongside host (over cross-bridge facts):
[2026-06-13 18:46:31][INFO] SIM_BRIDGE: NumPy backend (CPU (NumPy backend), 47.7 GB RAM available)
[2026-06-13 18:46:31][INFO] SIM_BRIDGE: Initializing simulation data for model: IZHIKEVICH (3D)... (playback_init: False)
[2026-06-13 18:46:31][INFO] SIM_BRIDGE: RNG initialized with seed: 42
[2026-06-13 18:46:31][INFO] SIM_BRIDGE: Initializing Izhikevich model specifics for 256 neurons...
[2026-06-13 18:46:31][INFO] SIM_BRIDGE: Applying parameter heterogeneity to neuron parameters...
[2026-06-13 18:46:31][INFO] SIM_BRIDGE: Applied heterogeneity to 4 parameters.
[2026-06-13 18:46:31][INFO] SIM_BRIDGE: Initializing OU process state (tau=15.0ms, sigma=0.0pA)...
[2026-06-13 18:46:31][INFO] SIM_BRIDGE: Generating 3D neuron positions for 256 neurons...
[2026-06-13 18:46:31][INFO] SIM_BRIDGE: Generating connections (3D)...
[2026-06-13 18:46:31][INFO] SIM_BRIDGE: Simulation data initialized for 256 neurons (3D). Synapses: 0. GPU memory: 28.0GB/51.2GB (54.6%)
[2026-06-13 18:46:31][INFO] SIM_BRIDGE: NumPy backend (CPU (NumPy backend), 47.7 GB RAM available)
[2026-06-13 18:46:31][INFO] SIM_BRIDGE: Initializing simulation data for model: IZHIKEVICH (3D)... (playback_init: False)
[2026-06-13 18:46:31][INFO] SIM_BRIDGE: RNG initialized with seed: 42
[2026-06-13 18:46:31][INFO] SIM_BRIDGE: Initializing Izhikevich model specifics for 512 neurons...
[2026-06-13 18:46:31][INFO] SIM_BRIDGE: Applying parameter heterogeneity to neuron parameters...
[2026-06-13 18:46:31][INFO] SIM_BRIDGE: Applied heterogeneity to 4 parameters.
[2026-06-13 18:46:31][INFO] SIM_BRIDGE: Initializing OU process state (tau=15.0ms, sigma=0.0pA)...
[2026-06-13 18:46:31][INFO] SIM_BRIDGE: Generating 3D neuron positions for 512 neurons...
[2026-06-13 18:46:31][INFO] SIM_BRIDGE: Generating connections (3D)...
[2026-06-13 18:46:31][INFO] SIM_BRIDGE: Simulation data initialized for 512 neurons (3D). Synapses: 0. GPU memory: 28.0GB/51.2GB (54.6%)
[2026-06-13 18:46:32][INFO] SIM_BRIDGE: NumPy backend (CPU (NumPy backend), 47.7 GB RAM available)
[2026-06-13 18:46:32][INFO] SIM_BRIDGE: Initializing simulation data for model: IZHIKEVICH (3D)... (playback_init: False)
[2026-06-13 18:46:32][INFO] SIM_BRIDGE: RNG initialized with seed: 42
[2026-06-13 18:46:32][INFO] SIM_BRIDGE: Initializing Izhikevich model specifics for 384 neurons...
[2026-06-13 18:46:32][INFO] SIM_BRIDGE: Applying parameter heterogeneity to neuron parameters...
[2026-06-13 18:46:32][INFO] SIM_BRIDGE: Applied heterogeneity to 4 parameters.
[2026-06-13 18:46:32][INFO] SIM_BRIDGE: Initializing OU process state (tau=15.0ms, sigma=0.0pA)...
[2026-06-13 18:46:32][INFO] SIM_BRIDGE: Generating 3D neuron positions for 384 neurons...
[2026-06-13 18:46:32][INFO] SIM_BRIDGE: Generating connections (3D)...
[2026-06-13 18:46:32][INFO] SIM_BRIDGE: Simulation data initialized for 384 neurons (3D). Synapses: 0. GPU memory: 28.0GB/51.2GB (54.6%)
      agreement=1.000 host-abstain/gate-accept=0 (MUST be 0) floor-false-accepts=0 (MUST be 0) lesion-collapses=True -> moat_intact=True

  [ROUTE A COST] per-bridge D=256 x 2 bridges | total codebook=0.291 MB | per-bind RF=512 neurons | per-bundle RF=1024 | cleanup argmax width=64 | vocabulary-independent per-op=True

====================================================================================================
  PHASE-1 COMPOSER A-vs-B DE-RISK -- SEED 43 -- ROUTE PER-BRIDGE -- mode=full cortex=synthetic n_bridges=2
====================================================================================================
  [shard   mammals] 64 concepts (8 sub x 8), 424 within-shard facts
  [shard     birds] 64 concepts (8 sub x 8), 424 within-shard facts

  [building 2 cortex codebooks (synthetic)]
    [cortex   mammals synthetic] within-cos=0.393 between-cos=-0.006 margin=0.399 graded=True | DG-expansion between-cos=0.013 | 0.1s
    [cortex     birds synthetic] within-cos=0.393 between-cos=-0.006 margin=0.399 graded=True | DG-expansion between-cos=0.013 | 0.1s

  ------------------------------------------------------------------------------------------------
  ROUTE A -- GATE A: within-bridge conversational matrix (per shard; clause within ONE bridge)
  ------------------------------------------------------------------------------------------------
[2026-06-13 18:46:43][INFO] SIM_BRIDGE: NumPy backend (CPU (NumPy backend), 47.7 GB RAM available)
[2026-06-13 18:46:43][INFO] SIM_BRIDGE: Initializing simulation data for model: IZHIKEVICH (3D)... (playback_init: False)
[2026-06-13 18:46:43][INFO] SIM_BRIDGE: RNG initialized with seed: 43
[2026-06-13 18:46:43][INFO] SIM_BRIDGE: Initializing Izhikevich model specifics for 512 neurons...
[2026-06-13 18:46:43][INFO] SIM_BRIDGE: Applying parameter heterogeneity to neuron parameters...
[2026-06-13 18:46:43][INFO] SIM_BRIDGE: Applied heterogeneity to 4 parameters.
[2026-06-13 18:46:43][INFO] SIM_BRIDGE: Initializing OU process state (tau=15.0ms, sigma=0.0pA)...
[2026-06-13 18:46:43][INFO] SIM_BRIDGE: Generating 3D neuron positions for 512 neurons...
[2026-06-13 18:46:43][INFO] SIM_BRIDGE: Generating connections (3D)...
[2026-06-13 18:46:43][INFO] SIM_BRIDGE: Simulation data initialized for 512 neurons (3D). Synapses: 0. GPU memory: 27.7GB/51.2GB (54.1%)
[2026-06-13 18:46:43][INFO] SIM_BRIDGE: NumPy backend (CPU (NumPy backend), 47.7 GB RAM available)
[2026-06-13 18:46:43][INFO] SIM_BRIDGE: Initializing simulation data for model: IZHIKEVICH (3D)... (playback_init: False)
[2026-06-13 18:46:43][INFO] SIM_BRIDGE: RNG initialized with seed: 43
[2026-06-13 18:46:43][INFO] SIM_BRIDGE: Initializing Izhikevich model specifics for 1024 neurons...
[2026-06-13 18:46:43][INFO] SIM_BRIDGE: Applying parameter heterogeneity to neuron parameters...
[2026-06-13 18:46:43][INFO] SIM_BRIDGE: Applied heterogeneity to 4 parameters.
[2026-06-13 18:46:43][INFO] SIM_BRIDGE: Initializing OU process state (tau=15.0ms, sigma=0.0pA)...
[2026-06-13 18:46:43][INFO] SIM_BRIDGE: Generating 3D neuron positions for 1024 neurons...
[2026-06-13 18:46:43][INFO] SIM_BRIDGE: Generating connections (3D)...
[2026-06-13 18:46:43][INFO] SIM_BRIDGE: Simulation data initialized for 1024 neurons (3D). Synapses: 0. GPU memory: 27.7GB/51.2GB (54.1%)
[2026-06-13 18:46:43][INFO] SIM_BRIDGE: NumPy backend (CPU (NumPy backend), 47.7 GB RAM available)
[2026-06-13 18:46:43][INFO] SIM_BRIDGE: Initializing simulation data for model: IZHIKEVICH (3D)... (playback_init: False)
[2026-06-13 18:46:43][INFO] SIM_BRIDGE: RNG initialized with seed: 43
[2026-06-13 18:46:43][INFO] SIM_BRIDGE: Initializing Izhikevich model specifics for 512 neurons...
[2026-06-13 18:46:43][INFO] SIM_BRIDGE: Applying parameter heterogeneity to neuron parameters...
[2026-06-13 18:46:43][INFO] SIM_BRIDGE: Applied heterogeneity to 4 parameters.
[2026-06-13 18:46:43][INFO] SIM_BRIDGE: Initializing OU process state (tau=15.0ms, sigma=0.0pA)...
[2026-06-13 18:46:43][INFO] SIM_BRIDGE: Generating 3D neuron positions for 512 neurons...
[2026-06-13 18:46:43][INFO] SIM_BRIDGE: Generating connections (3D)...
[2026-06-13 18:46:43][INFO] SIM_BRIDGE: Simulation data initialized for 512 neurons (3D). Synapses: 0. GPU memory: 27.8GB/51.2GB (54.3%)
[2026-06-13 18:46:43][INFO] SIM_BRIDGE: NumPy backend (CPU (NumPy backend), 47.7 GB RAM available)
[2026-06-13 18:46:43][INFO] SIM_BRIDGE: Initializing simulation data for model: IZHIKEVICH (3D)... (playback_init: False)
[2026-06-13 18:46:43][INFO] SIM_BRIDGE: RNG initialized with seed: 43
[2026-06-13 18:46:43][INFO] SIM_BRIDGE: Initializing Izhikevich model specifics for 1280 neurons...
[2026-06-13 18:46:43][INFO] SIM_BRIDGE: Applying parameter heterogeneity to neuron parameters...
[2026-06-13 18:46:43][INFO] SIM_BRIDGE: Applied heterogeneity to 4 parameters.
[2026-06-13 18:46:43][INFO] SIM_BRIDGE: Initializing OU process state (tau=15.0ms, sigma=0.0pA)...
[2026-06-13 18:46:43][INFO] SIM_BRIDGE: Generating 3D neuron positions for 1280 neurons...
[2026-06-13 18:46:43][INFO] SIM_BRIDGE: Generating connections (3D)...
[2026-06-13 18:46:43][INFO] SIM_BRIDGE: Simulation data initialized for 1280 neurons (3D). Synapses: 0. GPU memory: 27.8GB/51.2GB (54.3%)
[2026-06-13 18:46:43][INFO] SIM_BRIDGE: NumPy backend (CPU (NumPy backend), 47.7 GB RAM available)
[2026-06-13 18:46:43][INFO] SIM_BRIDGE: Initializing simulation data for model: IZHIKEVICH (3D)... (playback_init: False)
[2026-06-13 18:46:43][INFO] SIM_BRIDGE: RNG initialized with seed: 43
[2026-06-13 18:46:43][INFO] SIM_BRIDGE: Initializing Izhikevich model specifics for 512 neurons...
[2026-06-13 18:46:43][INFO] SIM_BRIDGE: Applying parameter heterogeneity to neuron parameters...
[2026-06-13 18:46:43][INFO] SIM_BRIDGE: Applied heterogeneity to 4 parameters.
[2026-06-13 18:46:43][INFO] SIM_BRIDGE: Initializing OU process state (tau=15.0ms, sigma=0.0pA)...
[2026-06-13 18:46:43][INFO] SIM_BRIDGE: Generating 3D neuron positions for 512 neurons...
[2026-06-13 18:46:43][INFO] SIM_BRIDGE: Generating connections (3D)...
[2026-06-13 18:46:43][INFO] SIM_BRIDGE: Simulation data initialized for 512 neurons (3D). Synapses: 0. GPU memory: 27.8GB/51.2GB (54.3%)
[2026-06-13 18:46:43][INFO] SIM_BRIDGE: NumPy backend (CPU (NumPy backend), 47.7 GB RAM available)
[2026-06-13 18:46:43][INFO] SIM_BRIDGE: Initializing simulation data for model: IZHIKEVICH (3D)... (playback_init: False)
[2026-06-13 18:46:43][INFO] SIM_BRIDGE: RNG initialized with seed: 43
[2026-06-13 18:46:43][INFO] SIM_BRIDGE: Initializing Izhikevich model specifics for 1280 neurons...
[2026-06-13 18:46:43][INFO] SIM_BRIDGE: Applying parameter heterogeneity to neuron parameters...
[2026-06-13 18:46:43][INFO] SIM_BRIDGE: Applied heterogeneity to 4 parameters.
[2026-06-13 18:46:43][INFO] SIM_BRIDGE: Initializing OU process state (tau=15.0ms, sigma=0.0pA)...
[2026-06-13 18:46:43][INFO] SIM_BRIDGE: Generating 3D neuron positions for 1280 neurons...
[2026-06-13 18:46:43][INFO] SIM_BRIDGE: Generating connections (3D)...
[2026-06-13 18:46:43][INFO] SIM_BRIDGE: Simulation data initialized for 1280 neurons (3D). Synapses: 0. GPU memory: 27.8GB/51.2GB (54.3%)
[2026-06-13 18:46:43][INFO] SIM_BRIDGE: NumPy backend (CPU (NumPy backend), 47.7 GB RAM available)
[2026-06-13 18:46:43][INFO] SIM_BRIDGE: Initializing simulation data for model: IZHIKEVICH (3D)... (playback_init: False)
[2026-06-13 18:46:43][INFO] SIM_BRIDGE: RNG initialized with seed: 43
[2026-06-13 18:46:43][INFO] SIM_BRIDGE: Initializing Izhikevich model specifics for 512 neurons...
[2026-06-13 18:46:43][INFO] SIM_BRIDGE: Applying parameter heterogeneity to neuron parameters...
[2026-06-13 18:46:43][INFO] SIM_BRIDGE: Applied heterogeneity to 4 parameters.
[2026-06-13 18:46:43][INFO] SIM_BRIDGE: Initializing OU process state (tau=15.0ms, sigma=0.0pA)...
[2026-06-13 18:46:43][INFO] SIM_BRIDGE: Generating 3D neuron positions for 512 neurons...
[2026-06-13 18:46:43][INFO] SIM_BRIDGE: Generating connections (3D)...
[2026-06-13 18:46:43][INFO] SIM_BRIDGE: Simulation data initialized for 512 neurons (3D). Synapses: 0. GPU memory: 27.8GB/51.2GB (54.3%)
[2026-06-13 18:46:43][INFO] SIM_BRIDGE: NumPy backend (CPU (NumPy backend), 47.7 GB RAM available)
[2026-06-13 18:46:43][INFO] SIM_BRIDGE: Initializing simulation data for model: IZHIKEVICH (3D)... (playback_init: False)
[2026-06-13 18:46:43][INFO] SIM_BRIDGE: RNG initialized with seed: 43
[2026-06-13 18:46:43][INFO] SIM_BRIDGE: Initializing Izhikevich model specifics for 1024 neurons...
[2026-06-13 18:46:43][INFO] SIM_BRIDGE: Applying parameter heterogeneity to neuron parameters...
[2026-06-13 18:46:43][INFO] SIM_BRIDGE: Applied heterogeneity to 4 parameters.
[2026-06-13 18:46:43][INFO] SIM_BRIDGE: Initializing OU process state (tau=15.0ms, sigma=0.0pA)...
[2026-06-13 18:46:43][INFO] SIM_BRIDGE: Generating 3D neuron positions for 1024 neurons...
[2026-06-13 18:46:43][INFO] SIM_BRIDGE: Generating connections (3D)...
[2026-06-13 18:46:43][INFO] SIM_BRIDGE: Simulation data initialized for 1024 neurons (3D). Synapses: 0. GPU memory: 27.8GB/51.2GB (54.3%)
[2026-06-13 18:46:44][INFO] SIM_BRIDGE: NumPy backend (CPU (NumPy backend), 47.7 GB RAM available)
[2026-06-13 18:46:44][INFO] SIM_BRIDGE: Initializing simulation data for model: IZHIKEVICH (3D)... (playback_init: False)
[2026-06-13 18:46:44][INFO] SIM_BRIDGE: RNG initialized with seed: 43
[2026-06-13 18:46:44][INFO] SIM_BRIDGE: Initializing Izhikevich model specifics for 512 neurons...
[2026-06-13 18:46:44][INFO] SIM_BRIDGE: Applying parameter heterogeneity to neuron parameters...
[2026-06-13 18:46:44][INFO] SIM_BRIDGE: Applied heterogeneity to 4 parameters.
[2026-06-13 18:46:44][INFO] SIM_BRIDGE: Initializing OU process state (tau=15.0ms, sigma=0.0pA)...
[2026-06-13 18:46:44][INFO] SIM_BRIDGE: Generating 3D neuron positions for 512 neurons...
[2026-06-13 18:46:44][INFO] SIM_BRIDGE: Generating connections (3D)...
[2026-06-13 18:46:44][INFO] SIM_BRIDGE: Simulation data initialized for 512 neurons (3D). Synapses: 0. GPU memory: 27.8GB/51.2GB (54.3%)
[2026-06-13 18:46:44][INFO] SIM_BRIDGE: NumPy backend (CPU (NumPy backend), 47.7 GB RAM available)
[2026-06-13 18:46:44][INFO] SIM_BRIDGE: Initializing simulation data for model: IZHIKEVICH (3D)... (playback_init: False)
[2026-06-13 18:46:44][INFO] SIM_BRIDGE: RNG initialized with seed: 43
[2026-06-13 18:46:44][INFO] SIM_BRIDGE: Initializing Izhikevich model specifics for 1024 neurons...
[2026-06-13 18:46:44][INFO] SIM_BRIDGE: Applying parameter heterogeneity to neuron parameters...
[2026-06-13 18:46:44][INFO] SIM_BRIDGE: Applied heterogeneity to 4 parameters.
[2026-06-13 18:46:44][INFO] SIM_BRIDGE: Initializing OU process state (tau=15.0ms, sigma=0.0pA)...
[2026-06-13 18:46:44][INFO] SIM_BRIDGE: Generating 3D neuron positions for 1024 neurons...
[2026-06-13 18:46:44][INFO] SIM_BRIDGE: Generating connections (3D)...
[2026-06-13 18:46:44][INFO] SIM_BRIDGE: Simulation data initialized for 1024 neurons (3D). Synapses: 0. GPU memory: 27.8GB/51.2GB (54.3%)
[2026-06-13 18:46:44][INFO] SIM_BRIDGE: NumPy backend (CPU (NumPy backend), 47.7 GB RAM available)
[2026-06-13 18:46:44][INFO] SIM_BRIDGE: Initializing simulation data for model: IZHIKEVICH (3D)... (playback_init: False)
[2026-06-13 18:46:44][INFO] SIM_BRIDGE: RNG initialized with seed: 43
[2026-06-13 18:46:44][INFO] SIM_BRIDGE: Initializing Izhikevich model specifics for 512 neurons...
[2026-06-13 18:46:44][INFO] SIM_BRIDGE: Applying parameter heterogeneity to neuron parameters...
[2026-06-13 18:46:44][INFO] SIM_BRIDGE: Applied heterogeneity to 4 parameters.
[2026-06-13 18:46:44][INFO] SIM_BRIDGE: Initializing OU process state (tau=15.0ms, sigma=0.0pA)...
[2026-06-13 18:46:44][INFO] SIM_BRIDGE: Generating 3D neuron positions for 512 neurons...
[2026-06-13 18:46:44][INFO] SIM_BRIDGE: Generating connections (3D)...
[2026-06-13 18:46:44][INFO] SIM_BRIDGE: Simulation data initialized for 512 neurons (3D). Synapses: 0. GPU memory: 27.8GB/51.2GB (54.3%)
[2026-06-13 18:46:44][INFO] SIM_BRIDGE: NumPy backend (CPU (NumPy backend), 47.7 GB RAM available)
[2026-06-13 18:46:44][INFO] SIM_BRIDGE: Initializing simulation data for model: IZHIKEVICH (3D)... (playback_init: False)
[2026-06-13 18:46:44][INFO] SIM_BRIDGE: RNG initialized with seed: 43
[2026-06-13 18:46:44][INFO] SIM_BRIDGE: Initializing Izhikevich model specifics for 1280 neurons...
[2026-06-13 18:46:44][INFO] SIM_BRIDGE: Applying parameter heterogeneity to neuron parameters...
[2026-06-13 18:46:44][INFO] SIM_BRIDGE: Applied heterogeneity to 4 parameters.
[2026-06-13 18:46:44][INFO] SIM_BRIDGE: Initializing OU process state (tau=15.0ms, sigma=0.0pA)...
[2026-06-13 18:46:44][INFO] SIM_BRIDGE: Generating 3D neuron positions for 1280 neurons...
[2026-06-13 18:46:44][INFO] SIM_BRIDGE: Generating connections (3D)...
[2026-06-13 18:46:44][INFO] SIM_BRIDGE: Simulation data initialized for 1280 neurons (3D). Synapses: 0. GPU memory: 27.8GB/51.2GB (54.3%)
[2026-06-13 18:46:44][INFO] SIM_BRIDGE: NumPy backend (CPU (NumPy backend), 47.7 GB RAM available)
[2026-06-13 18:46:44][INFO] SIM_BRIDGE: Initializing simulation data for model: IZHIKEVICH (3D)... (playback_init: False)
[2026-06-13 18:46:44][INFO] SIM_BRIDGE: RNG initialized with seed: 43
[2026-06-13 18:46:44][INFO] SIM_BRIDGE: Initializing Izhikevich model specifics for 512 neurons...
[2026-06-13 18:46:44][INFO] SIM_BRIDGE: Applying parameter heterogeneity to neuron parameters...
[2026-06-13 18:46:44][INFO] SIM_BRIDGE: Applied heterogeneity to 4 parameters.
[2026-06-13 18:46:44][INFO] SIM_BRIDGE: Initializing OU process state (tau=15.0ms, sigma=0.0pA)...
[2026-06-13 18:46:44][INFO] SIM_BRIDGE: Generating 3D neuron positions for 512 neurons...
[2026-06-13 18:46:44][INFO] SIM_BRIDGE: Generating connections (3D)...
[2026-06-13 18:46:44][INFO] SIM_BRIDGE: Simulation data initialized for 512 neurons (3D). Synapses: 0. GPU memory: 27.8GB/51.2GB (54.3%)
[2026-06-13 18:46:44][INFO] SIM_BRIDGE: NumPy backend (CPU (NumPy backend), 47.7 GB RAM available)
[2026-06-13 18:46:44][INFO] SIM_BRIDGE: Initializing simulation data for model: IZHIKEVICH (3D)... (playback_init: False)
[2026-06-13 18:46:44][INFO] SIM_BRIDGE: RNG initialized with seed: 43
[2026-06-13 18:46:44][INFO] SIM_BRIDGE: Initializing Izhikevich model specifics for 1280 neurons...
[2026-06-13 18:46:44][INFO] SIM_BRIDGE: Applying parameter heterogeneity to neuron parameters...
[2026-06-13 18:46:44][INFO] SIM_BRIDGE: Applied heterogeneity to 4 parameters.
[2026-06-13 18:46:44][INFO] SIM_BRIDGE: Initializing OU process state (tau=15.0ms, sigma=0.0pA)...
[2026-06-13 18:46:44][INFO] SIM_BRIDGE: Generating 3D neuron positions for 1280 neurons...
[2026-06-13 18:46:44][INFO] SIM_BRIDGE: Generating connections (3D)...
[2026-06-13 18:46:44][INFO] SIM_BRIDGE: Simulation data initialized for 1280 neurons (3D). Synapses: 0. GPU memory: 27.8GB/51.2GB (54.3%)
[2026-06-13 18:46:44][INFO] SIM_BRIDGE: NumPy backend (CPU (NumPy backend), 47.7 GB RAM available)
[2026-06-13 18:46:44][INFO] SIM_BRIDGE: Initializing simulation data for model: IZHIKEVICH (3D)... (playback_init: False)
[2026-06-13 18:46:44][INFO] SIM_BRIDGE: RNG initialized with seed: 43
[2026-06-13 18:46:44][INFO] SIM_BRIDGE: Initializing Izhikevich model specifics for 512 neurons...
[2026-06-13 18:46:44][INFO] SIM_BRIDGE: Applying parameter heterogeneity to neuron parameters...
[2026-06-13 18:46:44][INFO] SIM_BRIDGE: Applied heterogeneity to 4 parameters.
[2026-06-13 18:46:44][INFO] SIM_BRIDGE: Initializing OU process state (tau=15.0ms, sigma=0.0pA)...
[2026-06-13 18:46:44][INFO] SIM_BRIDGE: Generating 3D neuron positions for 512 neurons...
[2026-06-13 18:46:44][INFO] SIM_BRIDGE: Generating connections (3D)...
[2026-06-13 18:46:44][INFO] SIM_BRIDGE: Simulation data initialized for 512 neurons (3D). Synapses: 0. GPU memory: 27.8GB/51.2GB (54.3%)
[2026-06-13 18:46:44][INFO] SIM_BRIDGE: NumPy backend (CPU (NumPy backend), 47.7 GB RAM available)
[2026-06-13 18:46:44][INFO] SIM_BRIDGE: Initializing simulation data for model: IZHIKEVICH (3D)... (playback_init: False)
[2026-06-13 18:46:44][INFO] SIM_BRIDGE: RNG initialized with seed: 43
[2026-06-13 18:46:44][INFO] SIM_BRIDGE: Initializing Izhikevich model specifics for 1024 neurons...
[2026-06-13 18:46:44][INFO] SIM_BRIDGE: Applying parameter heterogeneity to neuron parameters...
[2026-06-13 18:46:44][INFO] SIM_BRIDGE: Applied heterogeneity to 4 parameters.
[2026-06-13 18:46:44][INFO] SIM_BRIDGE: Initializing OU process state (tau=15.0ms, sigma=0.0pA)...
[2026-06-13 18:46:44][INFO] SIM_BRIDGE: Generating 3D neuron positions for 1024 neurons...
[2026-06-13 18:46:44][INFO] SIM_BRIDGE: Generating connections (3D)...
[2026-06-13 18:46:44][INFO] SIM_BRIDGE: Simulation data initialized for 1024 neurons (3D). Synapses: 0. GPU memory: 27.8GB/51.2GB (54.3%)
    [  mammals] cells_pass=6/6 moat=True (abst_battery=0)
    [    birds] cells_pass=6/6 moat=True (abst_battery=0)
    n_bridges_pass=2/2  all_bridges_pass=True  any_abstention_breach=False

  ------------------------------------------------------------------------------------------------
  GATE B -- within-bridge generalization (per bridge) + C1/C4 anti-cheats
  ------------------------------------------------------------------------------------------------
[2026-06-13 18:46:44][INFO] SIM_BRIDGE: NumPy backend (CPU (NumPy backend), 47.7 GB RAM available)
[2026-06-13 18:46:44][INFO] SIM_BRIDGE: Initializing simulation data for model: IZHIKEVICH (3D)... (playback_init: False)
[2026-06-13 18:46:44][INFO] SIM_BRIDGE: RNG initialized with seed: 43
[2026-06-13 18:46:44][INFO] SIM_BRIDGE: Initializing Izhikevich model specifics for 512 neurons...
[2026-06-13 18:46:44][INFO] SIM_BRIDGE: Applying parameter heterogeneity to neuron parameters...
[2026-06-13 18:46:44][INFO] SIM_BRIDGE: Applied heterogeneity to 4 parameters.
[2026-06-13 18:46:44][INFO] SIM_BRIDGE: Initializing OU process state (tau=15.0ms, sigma=0.0pA)...
[2026-06-13 18:46:44][INFO] SIM_BRIDGE: Generating 3D neuron positions for 512 neurons...
[2026-06-13 18:46:44][INFO] SIM_BRIDGE: Generating connections (3D)...
[2026-06-13 18:46:44][INFO] SIM_BRIDGE: Simulation data initialized for 512 neurons (3D). Synapses: 0. GPU memory: 27.8GB/51.2GB (54.3%)
[2026-06-13 18:46:45][INFO] SIM_BRIDGE: NumPy backend (CPU (NumPy backend), 47.7 GB RAM available)
[2026-06-13 18:46:45][INFO] SIM_BRIDGE: Initializing simulation data for model: IZHIKEVICH (3D)... (playback_init: False)
[2026-06-13 18:46:45][INFO] SIM_BRIDGE: RNG initialized with seed: 43
[2026-06-13 18:46:45][INFO] SIM_BRIDGE: Initializing Izhikevich model specifics for 1024 neurons...
[2026-06-13 18:46:45][INFO] SIM_BRIDGE: Applying parameter heterogeneity to neuron parameters...
[2026-06-13 18:46:45][INFO] SIM_BRIDGE: Applied heterogeneity to 4 parameters.
[2026-06-13 18:46:45][INFO] SIM_BRIDGE: Initializing OU process state (tau=15.0ms, sigma=0.0pA)...
[2026-06-13 18:46:45][INFO] SIM_BRIDGE: Generating 3D neuron positions for 1024 neurons...
[2026-06-13 18:46:45][INFO] SIM_BRIDGE: Generating connections (3D)...
[2026-06-13 18:46:45][INFO] SIM_BRIDGE: Simulation data initialized for 1024 neurons (3D). Synapses: 0. GPU memory: 27.8GB/51.2GB (54.3%)
[2026-06-13 18:46:47][INFO] SIM_BRIDGE: NumPy backend (CPU (NumPy backend), 47.7 GB RAM available)
[2026-06-13 18:46:47][INFO] SIM_BRIDGE: Initializing simulation data for model: IZHIKEVICH (3D)... (playback_init: False)
[2026-06-13 18:46:47][INFO] SIM_BRIDGE: RNG initialized with seed: 43
[2026-06-13 18:46:47][INFO] SIM_BRIDGE: Initializing Izhikevich model specifics for 768 neurons...
[2026-06-13 18:46:47][INFO] SIM_BRIDGE: Applying parameter heterogeneity to neuron parameters...
[2026-06-13 18:46:47][INFO] SIM_BRIDGE: Applied heterogeneity to 4 parameters.
[2026-06-13 18:46:47][INFO] SIM_BRIDGE: Initializing OU process state (tau=15.0ms, sigma=0.0pA)...
[2026-06-13 18:46:47][INFO] SIM_BRIDGE: Generating 3D neuron positions for 768 neurons...
[2026-06-13 18:46:47][INFO] SIM_BRIDGE: Generating connections (3D)...
[2026-06-13 18:46:47][INFO] SIM_BRIDGE: Simulation data initialized for 768 neurons (3D). Synapses: 0. GPU memory: 27.9GB/51.2GB (54.4%)
[2026-06-13 18:47:03][INFO] SIM_BRIDGE: NumPy backend (CPU (NumPy backend), 47.7 GB RAM available)
[2026-06-13 18:47:03][INFO] SIM_BRIDGE: Initializing simulation data for model: IZHIKEVICH (3D)... (playback_init: False)
[2026-06-13 18:47:03][INFO] SIM_BRIDGE: RNG initialized with seed: 43
[2026-06-13 18:47:03][INFO] SIM_BRIDGE: Initializing Izhikevich model specifics for 512 neurons...
[2026-06-13 18:47:03][INFO] SIM_BRIDGE: Applying parameter heterogeneity to neuron parameters...
[2026-06-13 18:47:03][INFO] SIM_BRIDGE: Applied heterogeneity to 4 parameters.
[2026-06-13 18:47:03][INFO] SIM_BRIDGE: Initializing OU process state (tau=15.0ms, sigma=0.0pA)...
[2026-06-13 18:47:03][INFO] SIM_BRIDGE: Generating 3D neuron positions for 512 neurons...
[2026-06-13 18:47:03][INFO] SIM_BRIDGE: Generating connections (3D)...
[2026-06-13 18:47:03][INFO] SIM_BRIDGE: Simulation data initialized for 512 neurons (3D). Synapses: 0. GPU memory: 28.5GB/51.2GB (55.6%)
[2026-06-13 18:47:03][INFO] SIM_BRIDGE: NumPy backend (CPU (NumPy backend), 47.7 GB RAM available)
[2026-06-13 18:47:03][INFO] SIM_BRIDGE: Initializing simulation data for model: IZHIKEVICH (3D)... (playback_init: False)
[2026-06-13 18:47:03][INFO] SIM_BRIDGE: RNG initialized with seed: 43
[2026-06-13 18:47:03][INFO] SIM_BRIDGE: Initializing Izhikevich model specifics for 1024 neurons...
[2026-06-13 18:47:03][INFO] SIM_BRIDGE: Applying parameter heterogeneity to neuron parameters...
[2026-06-13 18:47:03][INFO] SIM_BRIDGE: Applied heterogeneity to 4 parameters.
[2026-06-13 18:47:03][INFO] SIM_BRIDGE: Initializing OU process state (tau=15.0ms, sigma=0.0pA)...
[2026-06-13 18:47:03][INFO] SIM_BRIDGE: Generating 3D neuron positions for 1024 neurons...
[2026-06-13 18:47:03][INFO] SIM_BRIDGE: Generating connections (3D)...
[2026-06-13 18:47:03][INFO] SIM_BRIDGE: Simulation data initialized for 1024 neurons (3D). Synapses: 0. GPU memory: 28.5GB/51.2GB (55.6%)
[2026-06-13 18:47:05][INFO] SIM_BRIDGE: NumPy backend (CPU (NumPy backend), 47.7 GB RAM available)
[2026-06-13 18:47:05][INFO] SIM_BRIDGE: Initializing simulation data for model: IZHIKEVICH (3D)... (playback_init: False)
[2026-06-13 18:47:05][INFO] SIM_BRIDGE: RNG initialized with seed: 43
[2026-06-13 18:47:05][INFO] SIM_BRIDGE: Initializing Izhikevich model specifics for 768 neurons...
[2026-06-13 18:47:05][INFO] SIM_BRIDGE: Applying parameter heterogeneity to neuron parameters...
[2026-06-13 18:47:05][INFO] SIM_BRIDGE: Applied heterogeneity to 4 parameters.
[2026-06-13 18:47:05][INFO] SIM_BRIDGE: Initializing OU process state (tau=15.0ms, sigma=0.0pA)...
[2026-06-13 18:47:05][INFO] SIM_BRIDGE: Generating 3D neuron positions for 768 neurons...
[2026-06-13 18:47:05][INFO] SIM_BRIDGE: Generating connections (3D)...
[2026-06-13 18:47:05][INFO] SIM_BRIDGE: Simulation data initialized for 768 neurons (3D). Synapses: 0. GPU memory: 28.3GB/51.2GB (55.2%)
[2026-06-13 18:47:21][INFO] SIM_BRIDGE: NumPy backend (CPU (NumPy backend), 47.7 GB RAM available)
[2026-06-13 18:47:21][INFO] SIM_BRIDGE: Initializing simulation data for model: IZHIKEVICH (3D)... (playback_init: False)
[2026-06-13 18:47:21][INFO] SIM_BRIDGE: RNG initialized with seed: 43
[2026-06-13 18:47:21][INFO] SIM_BRIDGE: Initializing Izhikevich model specifics for 512 neurons...
[2026-06-13 18:47:21][INFO] SIM_BRIDGE: Applying parameter heterogeneity to neuron parameters...
[2026-06-13 18:47:21][INFO] SIM_BRIDGE: Applied heterogeneity to 4 parameters.
[2026-06-13 18:47:21][INFO] SIM_BRIDGE: Initializing OU process state (tau=15.0ms, sigma=0.0pA)...
[2026-06-13 18:47:21][INFO] SIM_BRIDGE: Generating 3D neuron positions for 512 neurons...
[2026-06-13 18:47:21][INFO] SIM_BRIDGE: Generating connections (3D)...
[2026-06-13 18:47:21][INFO] SIM_BRIDGE: Simulation data initialized for 512 neurons (3D). Synapses: 0. GPU memory: 28.2GB/51.2GB (55.0%)
[2026-06-13 18:47:21][INFO] SIM_BRIDGE: NumPy backend (CPU (NumPy backend), 47.7 GB RAM available)
[2026-06-13 18:47:21][INFO] SIM_BRIDGE: Initializing simulation data for model: IZHIKEVICH (3D)... (playback_init: False)
[2026-06-13 18:47:21][INFO] SIM_BRIDGE: RNG initialized with seed: 43
[2026-06-13 18:47:21][INFO] SIM_BRIDGE: Initializing Izhikevich model specifics for 1024 neurons...
[2026-06-13 18:47:21][INFO] SIM_BRIDGE: Applying parameter heterogeneity to neuron parameters...
[2026-06-13 18:47:21][INFO] SIM_BRIDGE: Applied heterogeneity to 4 parameters.
[2026-06-13 18:47:21][INFO] SIM_BRIDGE: Initializing OU process state (tau=15.0ms, sigma=0.0pA)...
[2026-06-13 18:47:21][INFO] SIM_BRIDGE: Generating 3D neuron positions for 1024 neurons...
[2026-06-13 18:47:21][INFO] SIM_BRIDGE: Generating connections (3D)...
[2026-06-13 18:47:21][INFO] SIM_BRIDGE: Simulation data initialized for 1024 neurons (3D). Synapses: 0. GPU memory: 28.2GB/51.2GB (55.0%)
[2026-06-13 18:47:24][INFO] SIM_BRIDGE: NumPy backend (CPU (NumPy backend), 47.7 GB RAM available)
[2026-06-13 18:47:24][INFO] SIM_BRIDGE: Initializing simulation data for model: IZHIKEVICH (3D)... (playback_init: False)
[2026-06-13 18:47:24][INFO] SIM_BRIDGE: RNG initialized with seed: 43
[2026-06-13 18:47:24][INFO] SIM_BRIDGE: Initializing Izhikevich model specifics for 768 neurons...
[2026-06-13 18:47:24][INFO] SIM_BRIDGE: Applying parameter heterogeneity to neuron parameters...
[2026-06-13 18:47:24][INFO] SIM_BRIDGE: Applied heterogeneity to 4 parameters.
[2026-06-13 18:47:24][INFO] SIM_BRIDGE: Initializing OU process state (tau=15.0ms, sigma=0.0pA)...
[2026-06-13 18:47:24][INFO] SIM_BRIDGE: Generating 3D neuron positions for 768 neurons...
[2026-06-13 18:47:24][INFO] SIM_BRIDGE: Generating connections (3D)...
[2026-06-13 18:47:24][INFO] SIM_BRIDGE: Simulation data initialized for 768 neurons (3D). Synapses: 0. GPU memory: 28.4GB/51.2GB (55.3%)
[2026-06-13 18:47:40][INFO] SIM_BRIDGE: NumPy backend (CPU (NumPy backend), 47.7 GB RAM available)
[2026-06-13 18:47:40][INFO] SIM_BRIDGE: Initializing simulation data for model: IZHIKEVICH (3D)... (playback_init: False)
[2026-06-13 18:47:40][INFO] SIM_BRIDGE: RNG initialized with seed: 43
[2026-06-13 18:47:40][INFO] SIM_BRIDGE: Initializing Izhikevich model specifics for 512 neurons...
[2026-06-13 18:47:40][INFO] SIM_BRIDGE: Applying parameter heterogeneity to neuron parameters...
[2026-06-13 18:47:40][INFO] SIM_BRIDGE: Applied heterogeneity to 4 parameters.
[2026-06-13 18:47:40][INFO] SIM_BRIDGE: Initializing OU process state (tau=15.0ms, sigma=0.0pA)...
[2026-06-13 18:47:40][INFO] SIM_BRIDGE: Generating 3D neuron positions for 512 neurons...
[2026-06-13 18:47:40][INFO] SIM_BRIDGE: Generating connections (3D)...
[2026-06-13 18:47:40][INFO] SIM_BRIDGE: Simulation data initialized for 512 neurons (3D). Synapses: 0. GPU memory: 28.5GB/51.2GB (55.7%)
[2026-06-13 18:47:40][INFO] SIM_BRIDGE: NumPy backend (CPU (NumPy backend), 47.7 GB RAM available)
[2026-06-13 18:47:40][INFO] SIM_BRIDGE: Initializing simulation data for model: IZHIKEVICH (3D)... (playback_init: False)
[2026-06-13 18:47:40][INFO] SIM_BRIDGE: RNG initialized with seed: 43
[2026-06-13 18:47:40][INFO] SIM_BRIDGE: Initializing Izhikevich model specifics for 1024 neurons...
[2026-06-13 18:47:40][INFO] SIM_BRIDGE: Applying parameter heterogeneity to neuron parameters...
[2026-06-13 18:47:40][INFO] SIM_BRIDGE: Applied heterogeneity to 4 parameters.
[2026-06-13 18:47:40][INFO] SIM_BRIDGE: Initializing OU process state (tau=15.0ms, sigma=0.0pA)...
[2026-06-13 18:47:40][INFO] SIM_BRIDGE: Generating 3D neuron positions for 1024 neurons...
[2026-06-13 18:47:40][INFO] SIM_BRIDGE: Generating connections (3D)...
[2026-06-13 18:47:40][INFO] SIM_BRIDGE: Simulation data initialized for 1024 neurons (3D). Synapses: 0. GPU memory: 28.5GB/51.2GB (55.5%)
[2026-06-13 18:47:43][INFO] SIM_BRIDGE: NumPy backend (CPU (NumPy backend), 47.7 GB RAM available)
[2026-06-13 18:47:43][INFO] SIM_BRIDGE: Initializing simulation data for model: IZHIKEVICH (3D)... (playback_init: False)
[2026-06-13 18:47:43][INFO] SIM_BRIDGE: RNG initialized with seed: 43
[2026-06-13 18:47:43][INFO] SIM_BRIDGE: Initializing Izhikevich model specifics for 768 neurons...
[2026-06-13 18:47:43][INFO] SIM_BRIDGE: Applying parameter heterogeneity to neuron parameters...
[2026-06-13 18:47:43][INFO] SIM_BRIDGE: Applied heterogeneity to 4 parameters.
[2026-06-13 18:47:43][INFO] SIM_BRIDGE: Initializing OU process state (tau=15.0ms, sigma=0.0pA)...
[2026-06-13 18:47:43][INFO] SIM_BRIDGE: Generating 3D neuron positions for 768 neurons...
[2026-06-13 18:47:43][INFO] SIM_BRIDGE: Generating connections (3D)...
[2026-06-13 18:47:43][INFO] SIM_BRIDGE: Simulation data initialized for 768 neurons (3D). Synapses: 0. GPU memory: 28.5GB/51.2GB (55.7%)
[2026-06-13 18:47:59][INFO] SIM_BRIDGE: NumPy backend (CPU (NumPy backend), 47.7 GB RAM available)
[2026-06-13 18:47:59][INFO] SIM_BRIDGE: Initializing simulation data for model: IZHIKEVICH (3D)... (playback_init: False)
[2026-06-13 18:47:59][INFO] SIM_BRIDGE: RNG initialized with seed: 43
[2026-06-13 18:47:59][INFO] SIM_BRIDGE: Initializing Izhikevich model specifics for 512 neurons...
[2026-06-13 18:47:59][INFO] SIM_BRIDGE: Applying parameter heterogeneity to neuron parameters...
[2026-06-13 18:47:59][INFO] SIM_BRIDGE: Applied heterogeneity to 4 parameters.
[2026-06-13 18:47:59][INFO] SIM_BRIDGE: Initializing OU process state (tau=15.0ms, sigma=0.0pA)...
[2026-06-13 18:47:59][INFO] SIM_BRIDGE: Generating 3D neuron positions for 512 neurons...
[2026-06-13 18:47:59][INFO] SIM_BRIDGE: Generating connections (3D)...
[2026-06-13 18:47:59][INFO] SIM_BRIDGE: Simulation data initialized for 512 neurons (3D). Synapses: 0. GPU memory: 27.8GB/51.2GB (54.3%)
[2026-06-13 18:47:59][INFO] SIM_BRIDGE: NumPy backend (CPU (NumPy backend), 47.7 GB RAM available)
[2026-06-13 18:47:59][INFO] SIM_BRIDGE: Initializing simulation data for model: IZHIKEVICH (3D)... (playback_init: False)
[2026-06-13 18:47:59][INFO] SIM_BRIDGE: RNG initialized with seed: 43
[2026-06-13 18:47:59][INFO] SIM_BRIDGE: Initializing Izhikevich model specifics for 1024 neurons...
[2026-06-13 18:47:59][INFO] SIM_BRIDGE: Applying parameter heterogeneity to neuron parameters...
[2026-06-13 18:47:59][INFO] SIM_BRIDGE: Applied heterogeneity to 4 parameters.
[2026-06-13 18:47:59][INFO] SIM_BRIDGE: Initializing OU process state (tau=15.0ms, sigma=0.0pA)...
[2026-06-13 18:47:59][INFO] SIM_BRIDGE: Generating 3D neuron positions for 1024 neurons...
[2026-06-13 18:47:59][INFO] SIM_BRIDGE: Generating connections (3D)...
[2026-06-13 18:47:59][INFO] SIM_BRIDGE: Simulation data initialized for 1024 neurons (3D). Synapses: 0. GPU memory: 27.8GB/51.2GB (54.3%)
[2026-06-13 18:48:02][INFO] SIM_BRIDGE: NumPy backend (CPU (NumPy backend), 47.7 GB RAM available)
[2026-06-13 18:48:02][INFO] SIM_BRIDGE: Initializing simulation data for model: IZHIKEVICH (3D)... (playback_init: False)
[2026-06-13 18:48:02][INFO] SIM_BRIDGE: RNG initialized with seed: 43
[2026-06-13 18:48:02][INFO] SIM_BRIDGE: Initializing Izhikevich model specifics for 768 neurons...
[2026-06-13 18:48:02][INFO] SIM_BRIDGE: Applying parameter heterogeneity to neuron parameters...
[2026-06-13 18:48:02][INFO] SIM_BRIDGE: Applied heterogeneity to 4 parameters.
[2026-06-13 18:48:02][INFO] SIM_BRIDGE: Initializing OU process state (tau=15.0ms, sigma=0.0pA)...
[2026-06-13 18:48:02][INFO] SIM_BRIDGE: Generating 3D neuron positions for 768 neurons...
[2026-06-13 18:48:02][INFO] SIM_BRIDGE: Generating connections (3D)...
[2026-06-13 18:48:02][INFO] SIM_BRIDGE: Simulation data initialized for 768 neurons (3D). Synapses: 0. GPU memory: 28.1GB/51.2GB (54.9%)
[2026-06-13 18:48:18][INFO] SIM_BRIDGE: NumPy backend (CPU (NumPy backend), 47.7 GB RAM available)
[2026-06-13 18:48:18][INFO] SIM_BRIDGE: Initializing simulation data for model: IZHIKEVICH (3D)... (playback_init: False)
[2026-06-13 18:48:18][INFO] SIM_BRIDGE: RNG initialized with seed: 43
[2026-06-13 18:48:18][INFO] SIM_BRIDGE: Initializing Izhikevich model specifics for 512 neurons...
[2026-06-13 18:48:18][INFO] SIM_BRIDGE: Applying parameter heterogeneity to neuron parameters...
[2026-06-13 18:48:18][INFO] SIM_BRIDGE: Applied heterogeneity to 4 parameters.
[2026-06-13 18:48:18][INFO] SIM_BRIDGE: Initializing OU process state (tau=15.0ms, sigma=0.0pA)...
[2026-06-13 18:48:18][INFO] SIM_BRIDGE: Generating 3D neuron positions for 512 neurons...
[2026-06-13 18:48:18][INFO] SIM_BRIDGE: Generating connections (3D)...
[2026-06-13 18:48:18][INFO] SIM_BRIDGE: Simulation data initialized for 512 neurons (3D). Synapses: 0. GPU memory: 27.6GB/51.2GB (53.8%)
[2026-06-13 18:48:18][INFO] SIM_BRIDGE: NumPy backend (CPU (NumPy backend), 47.7 GB RAM available)
[2026-06-13 18:48:18][INFO] SIM_BRIDGE: Initializing simulation data for model: IZHIKEVICH (3D)... (playback_init: False)
[2026-06-13 18:48:18][INFO] SIM_BRIDGE: RNG initialized with seed: 43
[2026-06-13 18:48:18][INFO] SIM_BRIDGE: Initializing Izhikevich model specifics for 1024 neurons...
[2026-06-13 18:48:18][INFO] SIM_BRIDGE: Applying parameter heterogeneity to neuron parameters...
[2026-06-13 18:48:18][INFO] SIM_BRIDGE: Applied heterogeneity to 4 parameters.
[2026-06-13 18:48:18][INFO] SIM_BRIDGE: Initializing OU process state (tau=15.0ms, sigma=0.0pA)...
[2026-06-13 18:48:18][INFO] SIM_BRIDGE: Generating 3D neuron positions for 1024 neurons...
[2026-06-13 18:48:18][INFO] SIM_BRIDGE: Generating connections (3D)...
[2026-06-13 18:48:18][INFO] SIM_BRIDGE: Simulation data initialized for 1024 neurons (3D). Synapses: 0. GPU memory: 27.6GB/51.2GB (53.9%)
[2026-06-13 18:48:21][INFO] SIM_BRIDGE: NumPy backend (CPU (NumPy backend), 47.7 GB RAM available)
[2026-06-13 18:48:21][INFO] SIM_BRIDGE: Initializing simulation data for model: IZHIKEVICH (3D)... (playback_init: False)
[2026-06-13 18:48:21][INFO] SIM_BRIDGE: RNG initialized with seed: 43
[2026-06-13 18:48:21][INFO] SIM_BRIDGE: Initializing Izhikevich model specifics for 768 neurons...
[2026-06-13 18:48:21][INFO] SIM_BRIDGE: Applying parameter heterogeneity to neuron parameters...
[2026-06-13 18:48:21][INFO] SIM_BRIDGE: Applied heterogeneity to 4 parameters.
[2026-06-13 18:48:21][INFO] SIM_BRIDGE: Initializing OU process state (tau=15.0ms, sigma=0.0pA)...
[2026-06-13 18:48:21][INFO] SIM_BRIDGE: Generating 3D neuron positions for 768 neurons...
[2026-06-13 18:48:21][INFO] SIM_BRIDGE: Generating connections (3D)...
[2026-06-13 18:48:21][INFO] SIM_BRIDGE: Simulation data initialized for 768 neurons (3D). Synapses: 0. GPU memory: 28.1GB/51.2GB (54.8%)
[2026-06-13 18:48:37][INFO] SIM_BRIDGE: NumPy backend (CPU (NumPy backend), 47.7 GB RAM available)
[2026-06-13 18:48:37][INFO] SIM_BRIDGE: Initializing simulation data for model: IZHIKEVICH (3D)... (playback_init: False)
[2026-06-13 18:48:37][INFO] SIM_BRIDGE: RNG initialized with seed: 43
[2026-06-13 18:48:37][INFO] SIM_BRIDGE: Initializing Izhikevich model specifics for 512 neurons...
[2026-06-13 18:48:37][INFO] SIM_BRIDGE: Applying parameter heterogeneity to neuron parameters...
[2026-06-13 18:48:37][INFO] SIM_BRIDGE: Applied heterogeneity to 4 parameters.
[2026-06-13 18:48:37][INFO] SIM_BRIDGE: Initializing OU process state (tau=15.0ms, sigma=0.0pA)...
[2026-06-13 18:48:37][INFO] SIM_BRIDGE: Generating 3D neuron positions for 512 neurons...
[2026-06-13 18:48:37][INFO] SIM_BRIDGE: Generating connections (3D)...
[2026-06-13 18:48:37][INFO] SIM_BRIDGE: Simulation data initialized for 512 neurons (3D). Synapses: 0. GPU memory: 27.4GB/51.2GB (53.5%)
[2026-06-13 18:48:37][INFO] SIM_BRIDGE: NumPy backend (CPU (NumPy backend), 47.7 GB RAM available)
[2026-06-13 18:48:37][INFO] SIM_BRIDGE: Initializing simulation data for model: IZHIKEVICH (3D)... (playback_init: False)
[2026-06-13 18:48:37][INFO] SIM_BRIDGE: RNG initialized with seed: 43
[2026-06-13 18:48:37][INFO] SIM_BRIDGE: Initializing Izhikevich model specifics for 1024 neurons...
[2026-06-13 18:48:37][INFO] SIM_BRIDGE: Applying parameter heterogeneity to neuron parameters...
[2026-06-13 18:48:37][INFO] SIM_BRIDGE: Applied heterogeneity to 4 parameters.
[2026-06-13 18:48:37][INFO] SIM_BRIDGE: Initializing OU process state (tau=15.0ms, sigma=0.0pA)...
[2026-06-13 18:48:37][INFO] SIM_BRIDGE: Generating 3D neuron positions for 1024 neurons...
[2026-06-13 18:48:37][INFO] SIM_BRIDGE: Generating connections (3D)...
[2026-06-13 18:48:37][INFO] SIM_BRIDGE: Simulation data initialized for 1024 neurons (3D). Synapses: 0. GPU memory: 27.4GB/51.2GB (53.5%)
[2026-06-13 18:48:40][INFO] SIM_BRIDGE: NumPy backend (CPU (NumPy backend), 47.7 GB RAM available)
[2026-06-13 18:48:40][INFO] SIM_BRIDGE: Initializing simulation data for model: IZHIKEVICH (3D)... (playback_init: False)
[2026-06-13 18:48:40][INFO] SIM_BRIDGE: RNG initialized with seed: 43
[2026-06-13 18:48:40][INFO] SIM_BRIDGE: Initializing Izhikevich model specifics for 768 neurons...
[2026-06-13 18:48:40][INFO] SIM_BRIDGE: Applying parameter heterogeneity to neuron parameters...
[2026-06-13 18:48:40][INFO] SIM_BRIDGE: Applied heterogeneity to 4 parameters.
[2026-06-13 18:48:40][INFO] SIM_BRIDGE: Initializing OU process state (tau=15.0ms, sigma=0.0pA)...
[2026-06-13 18:48:40][INFO] SIM_BRIDGE: Generating 3D neuron positions for 768 neurons...
[2026-06-13 18:48:40][INFO] SIM_BRIDGE: Generating connections (3D)...
[2026-06-13 18:48:40][INFO] SIM_BRIDGE: Simulation data initialized for 768 neurons (3D). Synapses: 0. GPU memory: 27.5GB/51.2GB (53.7%)
[2026-06-13 18:48:55][INFO] SIM_BRIDGE: NumPy backend (CPU (NumPy backend), 47.7 GB RAM available)
[2026-06-13 18:48:55][INFO] SIM_BRIDGE: Initializing simulation data for model: IZHIKEVICH (3D)... (playback_init: False)
[2026-06-13 18:48:55][INFO] SIM_BRIDGE: RNG initialized with seed: 43
[2026-06-13 18:48:55][INFO] SIM_BRIDGE: Initializing Izhikevich model specifics for 512 neurons...
[2026-06-13 18:48:55][INFO] SIM_BRIDGE: Applying parameter heterogeneity to neuron parameters...
[2026-06-13 18:48:55][INFO] SIM_BRIDGE: Applied heterogeneity to 4 parameters.
[2026-06-13 18:48:55][INFO] SIM_BRIDGE: Initializing OU process state (tau=15.0ms, sigma=0.0pA)...
[2026-06-13 18:48:55][INFO] SIM_BRIDGE: Generating 3D neuron positions for 512 neurons...
[2026-06-13 18:48:55][INFO] SIM_BRIDGE: Generating connections (3D)...
[2026-06-13 18:48:55][INFO] SIM_BRIDGE: Simulation data initialized for 512 neurons (3D). Synapses: 0. GPU memory: 27.5GB/51.2GB (53.7%)
[2026-06-13 18:48:55][INFO] SIM_BRIDGE: NumPy backend (CPU (NumPy backend), 47.7 GB RAM available)
[2026-06-13 18:48:55][INFO] SIM_BRIDGE: Initializing simulation data for model: IZHIKEVICH (3D)... (playback_init: False)
[2026-06-13 18:48:55][INFO] SIM_BRIDGE: RNG initialized with seed: 43
[2026-06-13 18:48:55][INFO] SIM_BRIDGE: Initializing Izhikevich model specifics for 1024 neurons...
[2026-06-13 18:48:55][INFO] SIM_BRIDGE: Applying parameter heterogeneity to neuron parameters...
[2026-06-13 18:48:55][INFO] SIM_BRIDGE: Applied heterogeneity to 4 parameters.
[2026-06-13 18:48:55][INFO] SIM_BRIDGE: Initializing OU process state (tau=15.0ms, sigma=0.0pA)...
[2026-06-13 18:48:55][INFO] SIM_BRIDGE: Generating 3D neuron positions for 1024 neurons...
[2026-06-13 18:48:55][INFO] SIM_BRIDGE: Generating connections (3D)...
[2026-06-13 18:48:55][INFO] SIM_BRIDGE: Simulation data initialized for 1024 neurons (3D). Synapses: 0. GPU memory: 27.5GB/51.2GB (53.7%)
[2026-06-13 18:48:58][INFO] SIM_BRIDGE: NumPy backend (CPU (NumPy backend), 47.7 GB RAM available)
[2026-06-13 18:48:58][INFO] SIM_BRIDGE: Initializing simulation data for model: IZHIKEVICH (3D)... (playback_init: False)
[2026-06-13 18:48:58][INFO] SIM_BRIDGE: RNG initialized with seed: 43
[2026-06-13 18:48:58][INFO] SIM_BRIDGE: Initializing Izhikevich model specifics for 768 neurons...
[2026-06-13 18:48:58][INFO] SIM_BRIDGE: Applying parameter heterogeneity to neuron parameters...
[2026-06-13 18:48:58][INFO] SIM_BRIDGE: Applied heterogeneity to 4 parameters.
[2026-06-13 18:48:58][INFO] SIM_BRIDGE: Initializing OU process state (tau=15.0ms, sigma=0.0pA)...
[2026-06-13 18:48:58][INFO] SIM_BRIDGE: Generating 3D neuron positions for 768 neurons...
[2026-06-13 18:48:58][INFO] SIM_BRIDGE: Generating connections (3D)...
[2026-06-13 18:48:58][INFO] SIM_BRIDGE: Simulation data initialized for 768 neurons (3D). Synapses: 0. GPU memory: 27.6GB/51.2GB (53.9%)
[2026-06-13 18:49:14][INFO] SIM_BRIDGE: NumPy backend (CPU (NumPy backend), 47.7 GB RAM available)
[2026-06-13 18:49:14][INFO] SIM_BRIDGE: Initializing simulation data for model: IZHIKEVICH (3D)... (playback_init: False)
[2026-06-13 18:49:14][INFO] SIM_BRIDGE: RNG initialized with seed: 43
[2026-06-13 18:49:14][INFO] SIM_BRIDGE: Initializing Izhikevich model specifics for 512 neurons...
[2026-06-13 18:49:14][INFO] SIM_BRIDGE: Applying parameter heterogeneity to neuron parameters...
[2026-06-13 18:49:14][INFO] SIM_BRIDGE: Applied heterogeneity to 4 parameters.
[2026-06-13 18:49:14][INFO] SIM_BRIDGE: Initializing OU process state (tau=15.0ms, sigma=0.0pA)...
[2026-06-13 18:49:14][INFO] SIM_BRIDGE: Generating 3D neuron positions for 512 neurons...
[2026-06-13 18:49:14][INFO] SIM_BRIDGE: Generating connections (3D)...
[2026-06-13 18:49:14][INFO] SIM_BRIDGE: Simulation data initialized for 512 neurons (3D). Synapses: 0. GPU memory: 27.8GB/51.2GB (54.2%)
[2026-06-13 18:49:14][INFO] SIM_BRIDGE: NumPy backend (CPU (NumPy backend), 47.7 GB RAM available)
[2026-06-13 18:49:14][INFO] SIM_BRIDGE: Initializing simulation data for model: IZHIKEVICH (3D)... (playback_init: False)
[2026-06-13 18:49:14][INFO] SIM_BRIDGE: RNG initialized with seed: 43
[2026-06-13 18:49:14][INFO] SIM_BRIDGE: Initializing Izhikevich model specifics for 1024 neurons...
[2026-06-13 18:49:14][INFO] SIM_BRIDGE: Applying parameter heterogeneity to neuron parameters...
[2026-06-13 18:49:14][INFO] SIM_BRIDGE: Applied heterogeneity to 4 parameters.
[2026-06-13 18:49:14][INFO] SIM_BRIDGE: Initializing OU process state (tau=15.0ms, sigma=0.0pA)...
[2026-06-13 18:49:14][INFO] SIM_BRIDGE: Generating 3D neuron positions for 1024 neurons...
[2026-06-13 18:49:14][INFO] SIM_BRIDGE: Generating connections (3D)...
[2026-06-13 18:49:14][INFO] SIM_BRIDGE: Simulation data initialized for 1024 neurons (3D). Synapses: 0. GPU memory: 27.8GB/51.2GB (54.2%)
[2026-06-13 18:49:15][INFO] SIM_BRIDGE: NumPy backend (CPU (NumPy backend), 47.7 GB RAM available)
[2026-06-13 18:49:15][INFO] SIM_BRIDGE: Initializing simulation data for model: IZHIKEVICH (3D)... (playback_init: False)
[2026-06-13 18:49:15][INFO] SIM_BRIDGE: RNG initialized with seed: 43
[2026-06-13 18:49:15][INFO] SIM_BRIDGE: Initializing Izhikevich model specifics for 768 neurons...
[2026-06-13 18:49:15][INFO] SIM_BRIDGE: Applying parameter heterogeneity to neuron parameters...
[2026-06-13 18:49:15][INFO] SIM_BRIDGE: Applied heterogeneity to 4 parameters.
[2026-06-13 18:49:15][INFO] SIM_BRIDGE: Initializing OU process state (tau=15.0ms, sigma=0.0pA)...
[2026-06-13 18:49:15][INFO] SIM_BRIDGE: Generating 3D neuron positions for 768 neurons...
[2026-06-13 18:49:15][INFO] SIM_BRIDGE: Generating connections (3D)...
[2026-06-13 18:49:15][INFO] SIM_BRIDGE: Simulation data initialized for 768 neurons (3D). Synapses: 0. GPU memory: 27.8GB/51.2GB (54.3%)
    [  mammals] B1 gen acc=1.000 (chance=0.250, 4.0x)  B2 fa=0 abstains_all=True  | C1 perm B1=0.219 collapses=True
[2026-06-13 18:49:47][INFO] SIM_BRIDGE: NumPy backend (CPU (NumPy backend), 47.7 GB RAM available)
[2026-06-13 18:49:47][INFO] SIM_BRIDGE: Initializing simulation data for model: IZHIKEVICH (3D)... (playback_init: False)
[2026-06-13 18:49:47][INFO] SIM_BRIDGE: RNG initialized with seed: 43
[2026-06-13 18:49:47][INFO] SIM_BRIDGE: Initializing Izhikevich model specifics for 512 neurons...
[2026-06-13 18:49:47][INFO] SIM_BRIDGE: Applying parameter heterogeneity to neuron parameters...
[2026-06-13 18:49:47][INFO] SIM_BRIDGE: Applied heterogeneity to 4 parameters.
[2026-06-13 18:49:47][INFO] SIM_BRIDGE: Initializing OU process state (tau=15.0ms, sigma=0.0pA)...
[2026-06-13 18:49:47][INFO] SIM_BRIDGE: Generating 3D neuron positions for 512 neurons...
[2026-06-13 18:49:47][INFO] SIM_BRIDGE: Generating connections (3D)...
[2026-06-13 18:49:47][INFO] SIM_BRIDGE: Simulation data initialized for 512 neurons (3D). Synapses: 0. GPU memory: 27.6GB/51.2GB (53.9%)
[2026-06-13 18:49:47][INFO] SIM_BRIDGE: NumPy backend (CPU (NumPy backend), 47.7 GB RAM available)
[2026-06-13 18:49:47][INFO] SIM_BRIDGE: Initializing simulation data for model: IZHIKEVICH (3D)... (playback_init: False)
[2026-06-13 18:49:47][INFO] SIM_BRIDGE: RNG initialized with seed: 43
[2026-06-13 18:49:47][INFO] SIM_BRIDGE: Initializing Izhikevich model specifics for 1024 neurons...
[2026-06-13 18:49:47][INFO] SIM_BRIDGE: Applying parameter heterogeneity to neuron parameters...
[2026-06-13 18:49:47][INFO] SIM_BRIDGE: Applied heterogeneity to 4 parameters.
[2026-06-13 18:49:47][INFO] SIM_BRIDGE: Initializing OU process state (tau=15.0ms, sigma=0.0pA)...
[2026-06-13 18:49:47][INFO] SIM_BRIDGE: Generating 3D neuron positions for 1024 neurons...
[2026-06-13 18:49:47][INFO] SIM_BRIDGE: Generating connections (3D)...
[2026-06-13 18:49:47][INFO] SIM_BRIDGE: Simulation data initialized for 1024 neurons (3D). Synapses: 0. GPU memory: 27.6GB/51.2GB (53.9%)
[2026-06-13 18:49:50][INFO] SIM_BRIDGE: NumPy backend (CPU (NumPy backend), 47.7 GB RAM available)
[2026-06-13 18:49:50][INFO] SIM_BRIDGE: Initializing simulation data for model: IZHIKEVICH (3D)... (playback_init: False)
[2026-06-13 18:49:50][INFO] SIM_BRIDGE: RNG initialized with seed: 43
[2026-06-13 18:49:50][INFO] SIM_BRIDGE: Initializing Izhikevich model specifics for 768 neurons...
[2026-06-13 18:49:50][INFO] SIM_BRIDGE: Applying parameter heterogeneity to neuron parameters...
[2026-06-13 18:49:50][INFO] SIM_BRIDGE: Applied heterogeneity to 4 parameters.
[2026-06-13 18:49:50][INFO] SIM_BRIDGE: Initializing OU process state (tau=15.0ms, sigma=0.0pA)...
[2026-06-13 18:49:50][INFO] SIM_BRIDGE: Generating 3D neuron positions for 768 neurons...
[2026-06-13 18:49:50][INFO] SIM_BRIDGE: Generating connections (3D)...
[2026-06-13 18:49:50][INFO] SIM_BRIDGE: Simulation data initialized for 768 neurons (3D). Synapses: 0. GPU memory: 27.7GB/51.2GB (54.1%)
[2026-06-13 18:50:06][INFO] SIM_BRIDGE: NumPy backend (CPU (NumPy backend), 47.7 GB RAM available)
[2026-06-13 18:50:06][INFO] SIM_BRIDGE: Initializing simulation data for model: IZHIKEVICH (3D)... (playback_init: False)
[2026-06-13 18:50:06][INFO] SIM_BRIDGE: RNG initialized with seed: 43
[2026-06-13 18:50:06][INFO] SIM_BRIDGE: Initializing Izhikevich model specifics for 512 neurons...
[2026-06-13 18:50:06][INFO] SIM_BRIDGE: Applying parameter heterogeneity to neuron parameters...
[2026-06-13 18:50:06][INFO] SIM_BRIDGE: Applied heterogeneity to 4 parameters.
[2026-06-13 18:50:06][INFO] SIM_BRIDGE: Initializing OU process state (tau=15.0ms, sigma=0.0pA)...
[2026-06-13 18:50:06][INFO] SIM_BRIDGE: Generating 3D neuron positions for 512 neurons...
[2026-06-13 18:50:06][INFO] SIM_BRIDGE: Generating connections (3D)...
[2026-06-13 18:50:06][INFO] SIM_BRIDGE: Simulation data initialized for 512 neurons (3D). Synapses: 0. GPU memory: 27.7GB/51.2GB (54.1%)
[2026-06-13 18:50:06][INFO] SIM_BRIDGE: NumPy backend (CPU (NumPy backend), 47.7 GB RAM available)
[2026-06-13 18:50:06][INFO] SIM_BRIDGE: Initializing simulation data for model: IZHIKEVICH (3D)... (playback_init: False)
[2026-06-13 18:50:06][INFO] SIM_BRIDGE: RNG initialized with seed: 43
[2026-06-13 18:50:06][INFO] SIM_BRIDGE: Initializing Izhikevich model specifics for 1024 neurons...
[2026-06-13 18:50:06][INFO] SIM_BRIDGE: Applying parameter heterogeneity to neuron parameters...
[2026-06-13 18:50:06][INFO] SIM_BRIDGE: Applied heterogeneity to 4 parameters.
[2026-06-13 18:50:06][INFO] SIM_BRIDGE: Initializing OU process state (tau=15.0ms, sigma=0.0pA)...
[2026-06-13 18:50:06][INFO] SIM_BRIDGE: Generating 3D neuron positions for 1024 neurons...
[2026-06-13 18:50:06][INFO] SIM_BRIDGE: Generating connections (3D)...
[2026-06-13 18:50:06][INFO] SIM_BRIDGE: Simulation data initialized for 1024 neurons (3D). Synapses: 0. GPU memory: 27.7GB/51.2GB (54.1%)
[2026-06-13 18:50:09][INFO] SIM_BRIDGE: NumPy backend (CPU (NumPy backend), 47.7 GB RAM available)
[2026-06-13 18:50:09][INFO] SIM_BRIDGE: Initializing simulation data for model: IZHIKEVICH (3D)... (playback_init: False)
[2026-06-13 18:50:09][INFO] SIM_BRIDGE: RNG initialized with seed: 43
[2026-06-13 18:50:09][INFO] SIM_BRIDGE: Initializing Izhikevich model specifics for 768 neurons...
[2026-06-13 18:50:09][INFO] SIM_BRIDGE: Applying parameter heterogeneity to neuron parameters...
[2026-06-13 18:50:09][INFO] SIM_BRIDGE: Applied heterogeneity to 4 parameters.
[2026-06-13 18:50:09][INFO] SIM_BRIDGE: Initializing OU process state (tau=15.0ms, sigma=0.0pA)...
[2026-06-13 18:50:09][INFO] SIM_BRIDGE: Generating 3D neuron positions for 768 neurons...
[2026-06-13 18:50:09][INFO] SIM_BRIDGE: Generating connections (3D)...
[2026-06-13 18:50:09][INFO] SIM_BRIDGE: Simulation data initialized for 768 neurons (3D). Synapses: 0. GPU memory: 28.0GB/51.2GB (54.7%)
[2026-06-13 18:50:25][INFO] SIM_BRIDGE: NumPy backend (CPU (NumPy backend), 47.7 GB RAM available)
[2026-06-13 18:50:25][INFO] SIM_BRIDGE: Initializing simulation data for model: IZHIKEVICH (3D)... (playback_init: False)
[2026-06-13 18:50:25][INFO] SIM_BRIDGE: RNG initialized with seed: 43
[2026-06-13 18:50:25][INFO] SIM_BRIDGE: Initializing Izhikevich model specifics for 512 neurons...
[2026-06-13 18:50:25][INFO] SIM_BRIDGE: Applying parameter heterogeneity to neuron parameters...
[2026-06-13 18:50:25][INFO] SIM_BRIDGE: Applied heterogeneity to 4 parameters.
[2026-06-13 18:50:25][INFO] SIM_BRIDGE: Initializing OU process state (tau=15.0ms, sigma=0.0pA)...
[2026-06-13 18:50:25][INFO] SIM_BRIDGE: Generating 3D neuron positions for 512 neurons...
[2026-06-13 18:50:25][INFO] SIM_BRIDGE: Generating connections (3D)...
[2026-06-13 18:50:25][INFO] SIM_BRIDGE: Simulation data initialized for 512 neurons (3D). Synapses: 0. GPU memory: 27.8GB/51.2GB (54.3%)
[2026-06-13 18:50:25][INFO] SIM_BRIDGE: NumPy backend (CPU (NumPy backend), 47.7 GB RAM available)
[2026-06-13 18:50:25][INFO] SIM_BRIDGE: Initializing simulation data for model: IZHIKEVICH (3D)... (playback_init: False)
[2026-06-13 18:50:25][INFO] SIM_BRIDGE: RNG initialized with seed: 43
[2026-06-13 18:50:25][INFO] SIM_BRIDGE: Initializing Izhikevich model specifics for 1024 neurons...
[2026-06-13 18:50:25][INFO] SIM_BRIDGE: Applying parameter heterogeneity to neuron parameters...
[2026-06-13 18:50:25][INFO] SIM_BRIDGE: Applied heterogeneity to 4 parameters.
[2026-06-13 18:50:25][INFO] SIM_BRIDGE: Initializing OU process state (tau=15.0ms, sigma=0.0pA)...
[2026-06-13 18:50:25][INFO] SIM_BRIDGE: Generating 3D neuron positions for 1024 neurons...
[2026-06-13 18:50:25][INFO] SIM_BRIDGE: Generating connections (3D)...
[2026-06-13 18:50:25][INFO] SIM_BRIDGE: Simulation data initialized for 1024 neurons (3D). Synapses: 0. GPU memory: 27.8GB/51.2GB (54.3%)
[2026-06-13 18:50:27][INFO] SIM_BRIDGE: NumPy backend (CPU (NumPy backend), 47.7 GB RAM available)
[2026-06-13 18:50:27][INFO] SIM_BRIDGE: Initializing simulation data for model: IZHIKEVICH (3D)... (playback_init: False)
[2026-06-13 18:50:27][INFO] SIM_BRIDGE: RNG initialized with seed: 43
[2026-06-13 18:50:27][INFO] SIM_BRIDGE: Initializing Izhikevich model specifics for 768 neurons...
[2026-06-13 18:50:27][INFO] SIM_BRIDGE: Applying parameter heterogeneity to neuron parameters...
[2026-06-13 18:50:27][INFO] SIM_BRIDGE: Applied heterogeneity to 4 parameters.
[2026-06-13 18:50:27][INFO] SIM_BRIDGE: Initializing OU process state (tau=15.0ms, sigma=0.0pA)...
[2026-06-13 18:50:27][INFO] SIM_BRIDGE: Generating 3D neuron positions for 768 neurons...
[2026-06-13 18:50:27][INFO] SIM_BRIDGE: Generating connections (3D)...
[2026-06-13 18:50:27][INFO] SIM_BRIDGE: Simulation data initialized for 768 neurons (3D). Synapses: 0. GPU memory: 27.6GB/51.2GB (53.8%)
[2026-06-13 18:50:43][INFO] SIM_BRIDGE: NumPy backend (CPU (NumPy backend), 47.7 GB RAM available)
[2026-06-13 18:50:43][INFO] SIM_BRIDGE: Initializing simulation data for model: IZHIKEVICH (3D)... (playback_init: False)
[2026-06-13 18:50:43][INFO] SIM_BRIDGE: RNG initialized with seed: 43
[2026-06-13 18:50:43][INFO] SIM_BRIDGE: Initializing Izhikevich model specifics for 512 neurons...
[2026-06-13 18:50:43][INFO] SIM_BRIDGE: Applying parameter heterogeneity to neuron parameters...
[2026-06-13 18:50:43][INFO] SIM_BRIDGE: Applied heterogeneity to 4 parameters.
[2026-06-13 18:50:43][INFO] SIM_BRIDGE: Initializing OU process state (tau=15.0ms, sigma=0.0pA)...
[2026-06-13 18:50:43][INFO] SIM_BRIDGE: Generating 3D neuron positions for 512 neurons...
[2026-06-13 18:50:43][INFO] SIM_BRIDGE: Generating connections (3D)...
[2026-06-13 18:50:43][INFO] SIM_BRIDGE: Simulation data initialized for 512 neurons (3D). Synapses: 0. GPU memory: 27.5GB/51.2GB (53.7%)
[2026-06-13 18:50:43][INFO] SIM_BRIDGE: NumPy backend (CPU (NumPy backend), 47.7 GB RAM available)
[2026-06-13 18:50:43][INFO] SIM_BRIDGE: Initializing simulation data for model: IZHIKEVICH (3D)... (playback_init: False)
[2026-06-13 18:50:43][INFO] SIM_BRIDGE: RNG initialized with seed: 43
[2026-06-13 18:50:43][INFO] SIM_BRIDGE: Initializing Izhikevich model specifics for 1024 neurons...
[2026-06-13 18:50:43][INFO] SIM_BRIDGE: Applying parameter heterogeneity to neuron parameters...
[2026-06-13 18:50:43][INFO] SIM_BRIDGE: Applied heterogeneity to 4 parameters.
[2026-06-13 18:50:43][INFO] SIM_BRIDGE: Initializing OU process state (tau=15.0ms, sigma=0.0pA)...
[2026-06-13 18:50:43][INFO] SIM_BRIDGE: Generating 3D neuron positions for 1024 neurons...
[2026-06-13 18:50:43][INFO] SIM_BRIDGE: Generating connections (3D)...
[2026-06-13 18:50:43][INFO] SIM_BRIDGE: Simulation data initialized for 1024 neurons (3D). Synapses: 0. GPU memory: 27.6GB/51.2GB (53.8%)
[2026-06-13 18:50:45][INFO] SIM_BRIDGE: NumPy backend (CPU (NumPy backend), 47.7 GB RAM available)
[2026-06-13 18:50:45][INFO] SIM_BRIDGE: Initializing simulation data for model: IZHIKEVICH (3D)... (playback_init: False)
[2026-06-13 18:50:45][INFO] SIM_BRIDGE: RNG initialized with seed: 43
[2026-06-13 18:50:45][INFO] SIM_BRIDGE: Initializing Izhikevich model specifics for 768 neurons...
[2026-06-13 18:50:45][INFO] SIM_BRIDGE: Applying parameter heterogeneity to neuron parameters...
[2026-06-13 18:50:45][INFO] SIM_BRIDGE: Applied heterogeneity to 4 parameters.
[2026-06-13 18:50:45][INFO] SIM_BRIDGE: Initializing OU process state (tau=15.0ms, sigma=0.0pA)...
[2026-06-13 18:50:45][INFO] SIM_BRIDGE: Generating 3D neuron positions for 768 neurons...
[2026-06-13 18:50:45][INFO] SIM_BRIDGE: Generating connections (3D)...
[2026-06-13 18:50:45][INFO] SIM_BRIDGE: Simulation data initialized for 768 neurons (3D). Synapses: 0. GPU memory: 27.7GB/51.2GB (54.0%)
[2026-06-13 18:51:01][INFO] SIM_BRIDGE: NumPy backend (CPU (NumPy backend), 47.7 GB RAM available)
[2026-06-13 18:51:01][INFO] SIM_BRIDGE: Initializing simulation data for model: IZHIKEVICH (3D)... (playback_init: False)
[2026-06-13 18:51:01][INFO] SIM_BRIDGE: RNG initialized with seed: 43
[2026-06-13 18:51:01][INFO] SIM_BRIDGE: Initializing Izhikevich model specifics for 512 neurons...
[2026-06-13 18:51:01][INFO] SIM_BRIDGE: Applying parameter heterogeneity to neuron parameters...
[2026-06-13 18:51:01][INFO] SIM_BRIDGE: Applied heterogeneity to 4 parameters.
[2026-06-13 18:51:01][INFO] SIM_BRIDGE: Initializing OU process state (tau=15.0ms, sigma=0.0pA)...
[2026-06-13 18:51:01][INFO] SIM_BRIDGE: Generating 3D neuron positions for 512 neurons...
[2026-06-13 18:51:01][INFO] SIM_BRIDGE: Generating connections (3D)...
[2026-06-13 18:51:01][INFO] SIM_BRIDGE: Simulation data initialized for 512 neurons (3D). Synapses: 0. GPU memory: 27.8GB/51.2GB (54.2%)
[2026-06-13 18:51:01][INFO] SIM_BRIDGE: NumPy backend (CPU (NumPy backend), 47.7 GB RAM available)
[2026-06-13 18:51:01][INFO] SIM_BRIDGE: Initializing simulation data for model: IZHIKEVICH (3D)... (playback_init: False)
[2026-06-13 18:51:01][INFO] SIM_BRIDGE: RNG initialized with seed: 43
[2026-06-13 18:51:01][INFO] SIM_BRIDGE: Initializing Izhikevich model specifics for 1024 neurons...
[2026-06-13 18:51:01][INFO] SIM_BRIDGE: Applying parameter heterogeneity to neuron parameters...
[2026-06-13 18:51:01][INFO] SIM_BRIDGE: Applied heterogeneity to 4 parameters.
[2026-06-13 18:51:01][INFO] SIM_BRIDGE: Initializing OU process state (tau=15.0ms, sigma=0.0pA)...
[2026-06-13 18:51:01][INFO] SIM_BRIDGE: Generating 3D neuron positions for 1024 neurons...
[2026-06-13 18:51:01][INFO] SIM_BRIDGE: Generating connections (3D)...
[2026-06-13 18:51:01][INFO] SIM_BRIDGE: Simulation data initialized for 1024 neurons (3D). Synapses: 0. GPU memory: 27.8GB/51.2GB (54.2%)
[2026-06-13 18:51:04][INFO] SIM_BRIDGE: NumPy backend (CPU (NumPy backend), 47.7 GB RAM available)
[2026-06-13 18:51:04][INFO] SIM_BRIDGE: Initializing simulation data for model: IZHIKEVICH (3D)... (playback_init: False)
[2026-06-13 18:51:04][INFO] SIM_BRIDGE: RNG initialized with seed: 43
[2026-06-13 18:51:04][INFO] SIM_BRIDGE: Initializing Izhikevich model specifics for 768 neurons...
[2026-06-13 18:51:04][INFO] SIM_BRIDGE: Applying parameter heterogeneity to neuron parameters...
[2026-06-13 18:51:04][INFO] SIM_BRIDGE: Applied heterogeneity to 4 parameters.
[2026-06-13 18:51:04][INFO] SIM_BRIDGE: Initializing OU process state (tau=15.0ms, sigma=0.0pA)...
[2026-06-13 18:51:04][INFO] SIM_BRIDGE: Generating 3D neuron positions for 768 neurons...
[2026-06-13 18:51:04][INFO] SIM_BRIDGE: Generating connections (3D)...
[2026-06-13 18:51:04][INFO] SIM_BRIDGE: Simulation data initialized for 768 neurons (3D). Synapses: 0. GPU memory: 28.1GB/51.2GB (54.8%)
[2026-06-13 18:51:20][INFO] SIM_BRIDGE: NumPy backend (CPU (NumPy backend), 47.7 GB RAM available)
[2026-06-13 18:51:20][INFO] SIM_BRIDGE: Initializing simulation data for model: IZHIKEVICH (3D)... (playback_init: False)
[2026-06-13 18:51:20][INFO] SIM_BRIDGE: RNG initialized with seed: 43
[2026-06-13 18:51:20][INFO] SIM_BRIDGE: Initializing Izhikevich model specifics for 512 neurons...
[2026-06-13 18:51:20][INFO] SIM_BRIDGE: Applying parameter heterogeneity to neuron parameters...
[2026-06-13 18:51:20][INFO] SIM_BRIDGE: Applied heterogeneity to 4 parameters.
[2026-06-13 18:51:20][INFO] SIM_BRIDGE: Initializing OU process state (tau=15.0ms, sigma=0.0pA)...
[2026-06-13 18:51:20][INFO] SIM_BRIDGE: Generating 3D neuron positions for 512 neurons...
[2026-06-13 18:51:20][INFO] SIM_BRIDGE: Generating connections (3D)...
[2026-06-13 18:51:20][INFO] SIM_BRIDGE: Simulation data initialized for 512 neurons (3D). Synapses: 0. GPU memory: 27.7GB/51.2GB (54.1%)
[2026-06-13 18:51:20][INFO] SIM_BRIDGE: NumPy backend (CPU (NumPy backend), 47.7 GB RAM available)
[2026-06-13 18:51:20][INFO] SIM_BRIDGE: Initializing simulation data for model: IZHIKEVICH (3D)... (playback_init: False)
[2026-06-13 18:51:20][INFO] SIM_BRIDGE: RNG initialized with seed: 43
[2026-06-13 18:51:20][INFO] SIM_BRIDGE: Initializing Izhikevich model specifics for 1024 neurons...
[2026-06-13 18:51:20][INFO] SIM_BRIDGE: Applying parameter heterogeneity to neuron parameters...
[2026-06-13 18:51:20][INFO] SIM_BRIDGE: Applied heterogeneity to 4 parameters.
[2026-06-13 18:51:20][INFO] SIM_BRIDGE: Initializing OU process state (tau=15.0ms, sigma=0.0pA)...
[2026-06-13 18:51:20][INFO] SIM_BRIDGE: Generating 3D neuron positions for 1024 neurons...
[2026-06-13 18:51:20][INFO] SIM_BRIDGE: Generating connections (3D)...
[2026-06-13 18:51:20][INFO] SIM_BRIDGE: Simulation data initialized for 1024 neurons (3D). Synapses: 0. GPU memory: 27.7GB/51.2GB (54.1%)
[2026-06-13 18:51:23][INFO] SIM_BRIDGE: NumPy backend (CPU (NumPy backend), 47.7 GB RAM available)
[2026-06-13 18:51:23][INFO] SIM_BRIDGE: Initializing simulation data for model: IZHIKEVICH (3D)... (playback_init: False)
[2026-06-13 18:51:23][INFO] SIM_BRIDGE: RNG initialized with seed: 43
[2026-06-13 18:51:23][INFO] SIM_BRIDGE: Initializing Izhikevich model specifics for 768 neurons...
[2026-06-13 18:51:23][INFO] SIM_BRIDGE: Applying parameter heterogeneity to neuron parameters...
[2026-06-13 18:51:23][INFO] SIM_BRIDGE: Applied heterogeneity to 4 parameters.
[2026-06-13 18:51:23][INFO] SIM_BRIDGE: Initializing OU process state (tau=15.0ms, sigma=0.0pA)...
[2026-06-13 18:51:23][INFO] SIM_BRIDGE: Generating 3D neuron positions for 768 neurons...
[2026-06-13 18:51:23][INFO] SIM_BRIDGE: Generating connections (3D)...
[2026-06-13 18:51:23][INFO] SIM_BRIDGE: Simulation data initialized for 768 neurons (3D). Synapses: 0. GPU memory: 27.4GB/51.2GB (53.5%)
[2026-06-13 18:51:39][INFO] SIM_BRIDGE: NumPy backend (CPU (NumPy backend), 47.7 GB RAM available)
[2026-06-13 18:51:39][INFO] SIM_BRIDGE: Initializing simulation data for model: IZHIKEVICH (3D)... (playback_init: False)
[2026-06-13 18:51:39][INFO] SIM_BRIDGE: RNG initialized with seed: 43
[2026-06-13 18:51:39][INFO] SIM_BRIDGE: Initializing Izhikevich model specifics for 512 neurons...
[2026-06-13 18:51:39][INFO] SIM_BRIDGE: Applying parameter heterogeneity to neuron parameters...
[2026-06-13 18:51:39][INFO] SIM_BRIDGE: Applied heterogeneity to 4 parameters.
[2026-06-13 18:51:39][INFO] SIM_BRIDGE: Initializing OU process state (tau=15.0ms, sigma=0.0pA)...
[2026-06-13 18:51:39][INFO] SIM_BRIDGE: Generating 3D neuron positions for 512 neurons...
[2026-06-13 18:51:39][INFO] SIM_BRIDGE: Generating connections (3D)...
[2026-06-13 18:51:39][INFO] SIM_BRIDGE: Simulation data initialized for 512 neurons (3D). Synapses: 0. GPU memory: 27.9GB/51.2GB (54.4%)
[2026-06-13 18:51:39][INFO] SIM_BRIDGE: NumPy backend (CPU (NumPy backend), 47.7 GB RAM available)
[2026-06-13 18:51:39][INFO] SIM_BRIDGE: Initializing simulation data for model: IZHIKEVICH (3D)... (playback_init: False)
[2026-06-13 18:51:39][INFO] SIM_BRIDGE: RNG initialized with seed: 43
[2026-06-13 18:51:39][INFO] SIM_BRIDGE: Initializing Izhikevich model specifics for 1024 neurons...
[2026-06-13 18:51:39][INFO] SIM_BRIDGE: Applying parameter heterogeneity to neuron parameters...
[2026-06-13 18:51:39][INFO] SIM_BRIDGE: Applied heterogeneity to 4 parameters.
[2026-06-13 18:51:39][INFO] SIM_BRIDGE: Initializing OU process state (tau=15.0ms, sigma=0.0pA)...
[2026-06-13 18:51:39][INFO] SIM_BRIDGE: Generating 3D neuron positions for 1024 neurons...
[2026-06-13 18:51:39][INFO] SIM_BRIDGE: Generating connections (3D)...
[2026-06-13 18:51:39][INFO] SIM_BRIDGE: Simulation data initialized for 1024 neurons (3D). Synapses: 0. GPU memory: 27.9GB/51.2GB (54.4%)
[2026-06-13 18:51:42][INFO] SIM_BRIDGE: NumPy backend (CPU (NumPy backend), 47.7 GB RAM available)
[2026-06-13 18:51:42][INFO] SIM_BRIDGE: Initializing simulation data for model: IZHIKEVICH (3D)... (playback_init: False)
[2026-06-13 18:51:42][INFO] SIM_BRIDGE: RNG initialized with seed: 43
[2026-06-13 18:51:42][INFO] SIM_BRIDGE: Initializing Izhikevich model specifics for 768 neurons...
[2026-06-13 18:51:42][INFO] SIM_BRIDGE: Applying parameter heterogeneity to neuron parameters...
[2026-06-13 18:51:42][INFO] SIM_BRIDGE: Applied heterogeneity to 4 parameters.
[2026-06-13 18:51:42][INFO] SIM_BRIDGE: Initializing OU process state (tau=15.0ms, sigma=0.0pA)...
[2026-06-13 18:51:42][INFO] SIM_BRIDGE: Generating 3D neuron positions for 768 neurons...
[2026-06-13 18:51:42][INFO] SIM_BRIDGE: Generating connections (3D)...
[2026-06-13 18:51:42][INFO] SIM_BRIDGE: Simulation data initialized for 768 neurons (3D). Synapses: 0. GPU memory: 27.9GB/51.2GB (54.5%)
[2026-06-13 18:52:00][INFO] SIM_BRIDGE: NumPy backend (CPU (NumPy backend), 47.7 GB RAM available)
[2026-06-13 18:52:00][INFO] SIM_BRIDGE: Initializing simulation data for model: IZHIKEVICH (3D)... (playback_init: False)
[2026-06-13 18:52:00][INFO] SIM_BRIDGE: RNG initialized with seed: 43
[2026-06-13 18:52:00][INFO] SIM_BRIDGE: Initializing Izhikevich model specifics for 512 neurons...
[2026-06-13 18:52:00][INFO] SIM_BRIDGE: Applying parameter heterogeneity to neuron parameters...
[2026-06-13 18:52:00][INFO] SIM_BRIDGE: Applied heterogeneity to 4 parameters.
[2026-06-13 18:52:00][INFO] SIM_BRIDGE: Initializing OU process state (tau=15.0ms, sigma=0.0pA)...
[2026-06-13 18:52:00][INFO] SIM_BRIDGE: Generating 3D neuron positions for 512 neurons...
[2026-06-13 18:52:00][INFO] SIM_BRIDGE: Generating connections (3D)...
[2026-06-13 18:52:00][INFO] SIM_BRIDGE: Simulation data initialized for 512 neurons (3D). Synapses: 0. GPU memory: 27.8GB/51.2GB (54.3%)
[2026-06-13 18:52:00][INFO] SIM_BRIDGE: NumPy backend (CPU (NumPy backend), 47.7 GB RAM available)
[2026-06-13 18:52:00][INFO] SIM_BRIDGE: Initializing simulation data for model: IZHIKEVICH (3D)... (playback_init: False)
[2026-06-13 18:52:00][INFO] SIM_BRIDGE: RNG initialized with seed: 43
[2026-06-13 18:52:00][INFO] SIM_BRIDGE: Initializing Izhikevich model specifics for 1024 neurons...
[2026-06-13 18:52:00][INFO] SIM_BRIDGE: Applying parameter heterogeneity to neuron parameters...
[2026-06-13 18:52:00][INFO] SIM_BRIDGE: Applied heterogeneity to 4 parameters.
[2026-06-13 18:52:00][INFO] SIM_BRIDGE: Initializing OU process state (tau=15.0ms, sigma=0.0pA)...
[2026-06-13 18:52:00][INFO] SIM_BRIDGE: Generating 3D neuron positions for 1024 neurons...
[2026-06-13 18:52:00][INFO] SIM_BRIDGE: Generating connections (3D)...
[2026-06-13 18:52:00][INFO] SIM_BRIDGE: Simulation data initialized for 1024 neurons (3D). Synapses: 0. GPU memory: 27.8GB/51.2GB (54.3%)
[2026-06-13 18:52:03][INFO] SIM_BRIDGE: NumPy backend (CPU (NumPy backend), 47.7 GB RAM available)
[2026-06-13 18:52:03][INFO] SIM_BRIDGE: Initializing simulation data for model: IZHIKEVICH (3D)... (playback_init: False)
[2026-06-13 18:52:03][INFO] SIM_BRIDGE: RNG initialized with seed: 43
[2026-06-13 18:52:03][INFO] SIM_BRIDGE: Initializing Izhikevich model specifics for 768 neurons...
[2026-06-13 18:52:03][INFO] SIM_BRIDGE: Applying parameter heterogeneity to neuron parameters...
[2026-06-13 18:52:03][INFO] SIM_BRIDGE: Applied heterogeneity to 4 parameters.
[2026-06-13 18:52:03][INFO] SIM_BRIDGE: Initializing OU process state (tau=15.0ms, sigma=0.0pA)...
[2026-06-13 18:52:03][INFO] SIM_BRIDGE: Generating 3D neuron positions for 768 neurons...
[2026-06-13 18:52:03][INFO] SIM_BRIDGE: Generating connections (3D)...
[2026-06-13 18:52:03][INFO] SIM_BRIDGE: Simulation data initialized for 768 neurons (3D). Synapses: 0. GPU memory: 27.7GB/51.2GB (54.1%)
[2026-06-13 18:52:21][INFO] SIM_BRIDGE: NumPy backend (CPU (NumPy backend), 47.7 GB RAM available)
[2026-06-13 18:52:21][INFO] SIM_BRIDGE: Initializing simulation data for model: IZHIKEVICH (3D)... (playback_init: False)
[2026-06-13 18:52:21][INFO] SIM_BRIDGE: RNG initialized with seed: 43
[2026-06-13 18:52:21][INFO] SIM_BRIDGE: Initializing Izhikevich model specifics for 512 neurons...
[2026-06-13 18:52:21][INFO] SIM_BRIDGE: Applying parameter heterogeneity to neuron parameters...
[2026-06-13 18:52:21][INFO] SIM_BRIDGE: Applied heterogeneity to 4 parameters.
[2026-06-13 18:52:21][INFO] SIM_BRIDGE: Initializing OU process state (tau=15.0ms, sigma=0.0pA)...
[2026-06-13 18:52:21][INFO] SIM_BRIDGE: Generating 3D neuron positions for 512 neurons...
[2026-06-13 18:52:21][INFO] SIM_BRIDGE: Generating connections (3D)...
[2026-06-13 18:52:21][INFO] SIM_BRIDGE: Simulation data initialized for 512 neurons (3D). Synapses: 0. GPU memory: 27.8GB/51.2GB (54.2%)
[2026-06-13 18:52:21][INFO] SIM_BRIDGE: NumPy backend (CPU (NumPy backend), 47.7 GB RAM available)
[2026-06-13 18:52:21][INFO] SIM_BRIDGE: Initializing simulation data for model: IZHIKEVICH (3D)... (playback_init: False)
[2026-06-13 18:52:21][INFO] SIM_BRIDGE: RNG initialized with seed: 43
[2026-06-13 18:52:21][INFO] SIM_BRIDGE: Initializing Izhikevich model specifics for 1024 neurons...
[2026-06-13 18:52:21][INFO] SIM_BRIDGE: Applying parameter heterogeneity to neuron parameters...
[2026-06-13 18:52:21][INFO] SIM_BRIDGE: Applied heterogeneity to 4 parameters.
[2026-06-13 18:52:21][INFO] SIM_BRIDGE: Initializing OU process state (tau=15.0ms, sigma=0.0pA)...
[2026-06-13 18:52:21][INFO] SIM_BRIDGE: Generating 3D neuron positions for 1024 neurons...
[2026-06-13 18:52:21][INFO] SIM_BRIDGE: Generating connections (3D)...
[2026-06-13 18:52:21][INFO] SIM_BRIDGE: Simulation data initialized for 1024 neurons (3D). Synapses: 0. GPU memory: 27.8GB/51.2GB (54.2%)
[2026-06-13 18:52:22][INFO] SIM_BRIDGE: NumPy backend (CPU (NumPy backend), 47.7 GB RAM available)
[2026-06-13 18:52:22][INFO] SIM_BRIDGE: Initializing simulation data for model: IZHIKEVICH (3D)... (playback_init: False)
[2026-06-13 18:52:22][INFO] SIM_BRIDGE: RNG initialized with seed: 43
[2026-06-13 18:52:22][INFO] SIM_BRIDGE: Initializing Izhikevich model specifics for 768 neurons...
[2026-06-13 18:52:22][INFO] SIM_BRIDGE: Applying parameter heterogeneity to neuron parameters...
[2026-06-13 18:52:22][INFO] SIM_BRIDGE: Applied heterogeneity to 4 parameters.
[2026-06-13 18:52:22][INFO] SIM_BRIDGE: Initializing OU process state (tau=15.0ms, sigma=0.0pA)...
[2026-06-13 18:52:22][INFO] SIM_BRIDGE: Generating 3D neuron positions for 768 neurons...
[2026-06-13 18:52:22][INFO] SIM_BRIDGE: Generating connections (3D)...
[2026-06-13 18:52:22][INFO] SIM_BRIDGE: Simulation data initialized for 768 neurons (3D). Synapses: 0. GPU memory: 27.5GB/51.2GB (53.6%)
    [    birds] B1 gen acc=1.000 (chance=0.250, 4.0x)  B2 fa=0 abstains_all=True  | C1 perm B1=0.219 collapses=True
    C4 random-shard: B1=0.163 collapses=True (n=64)

  ------------------------------------------------------------------------------------------------
  ROUTE A -- GATE X: cross-bridge IDENTITY (V-tag) + X-pb (per-bridge dispatch)
  ------------------------------------------------------------------------------------------------
    [authored 12 cross-bridge facts] e.g. [('mammals.bison', 'birds.parakeet'), ('birds.crane', 'mammals.whale'), ('birds.emu', 'mammals.lynx')]
[2026-06-13 18:52:59][INFO] SIM_BRIDGE: NumPy backend (CPU (NumPy backend), 47.7 GB RAM available)
[2026-06-13 18:52:59][INFO] SIM_BRIDGE: Initializing simulation data for model: IZHIKEVICH (3D)... (playback_init: False)
[2026-06-13 18:52:59][INFO] SIM_BRIDGE: RNG initialized with seed: 43
[2026-06-13 18:52:59][INFO] SIM_BRIDGE: Initializing Izhikevich model specifics for 512 neurons...
[2026-06-13 18:52:59][INFO] SIM_BRIDGE: Applying parameter heterogeneity to neuron parameters...
[2026-06-13 18:52:59][INFO] SIM_BRIDGE: Applied heterogeneity to 4 parameters.
[2026-06-13 18:52:59][INFO] SIM_BRIDGE: Initializing OU process state (tau=15.0ms, sigma=0.0pA)...
[2026-06-13 18:52:59][INFO] SIM_BRIDGE: Generating 3D neuron positions for 512 neurons...
[2026-06-13 18:52:59][INFO] SIM_BRIDGE: Generating connections (3D)...
[2026-06-13 18:52:59][INFO] SIM_BRIDGE: Simulation data initialized for 512 neurons (3D). Synapses: 0. GPU memory: 27.0GB/51.2GB (52.8%)
[2026-06-13 18:52:59][INFO] SIM_BRIDGE: NumPy backend (CPU (NumPy backend), 47.7 GB RAM available)
[2026-06-13 18:52:59][INFO] SIM_BRIDGE: Initializing simulation data for model: IZHIKEVICH (3D)... (playback_init: False)
[2026-06-13 18:52:59][INFO] SIM_BRIDGE: RNG initialized with seed: 43
[2026-06-13 18:52:59][INFO] SIM_BRIDGE: Initializing Izhikevich model specifics for 1024 neurons...
[2026-06-13 18:52:59][INFO] SIM_BRIDGE: Applying parameter heterogeneity to neuron parameters...
[2026-06-13 18:52:59][INFO] SIM_BRIDGE: Applied heterogeneity to 4 parameters.
[2026-06-13 18:52:59][INFO] SIM_BRIDGE: Initializing OU process state (tau=15.0ms, sigma=0.0pA)...
[2026-06-13 18:52:59][INFO] SIM_BRIDGE: Generating 3D neuron positions for 1024 neurons...
[2026-06-13 18:52:59][INFO] SIM_BRIDGE: Generating connections (3D)...
[2026-06-13 18:52:59][INFO] SIM_BRIDGE: Simulation data initialized for 1024 neurons (3D). Synapses: 0. GPU memory: 27.0GB/51.2GB (52.8%)
[2026-06-13 18:52:59][INFO] SIM_BRIDGE: NumPy backend (CPU (NumPy backend), 47.7 GB RAM available)
[2026-06-13 18:52:59][INFO] SIM_BRIDGE: Initializing simulation data for model: IZHIKEVICH (3D)... (playback_init: False)
[2026-06-13 18:52:59][INFO] SIM_BRIDGE: RNG initialized with seed: 43
[2026-06-13 18:52:59][INFO] SIM_BRIDGE: Initializing Izhikevich model specifics for 512 neurons...
[2026-06-13 18:52:59][INFO] SIM_BRIDGE: Applying parameter heterogeneity to neuron parameters...
[2026-06-13 18:52:59][INFO] SIM_BRIDGE: Applied heterogeneity to 4 parameters.
[2026-06-13 18:52:59][INFO] SIM_BRIDGE: Initializing OU process state (tau=15.0ms, sigma=0.0pA)...
[2026-06-13 18:52:59][INFO] SIM_BRIDGE: Generating 3D neuron positions for 512 neurons...
[2026-06-13 18:52:59][INFO] SIM_BRIDGE: Generating connections (3D)...
[2026-06-13 18:52:59][INFO] SIM_BRIDGE: Simulation data initialized for 512 neurons (3D). Synapses: 0. GPU memory: 27.0GB/51.2GB (52.8%)
[2026-06-13 18:52:59][INFO] SIM_BRIDGE: NumPy backend (CPU (NumPy backend), 47.7 GB RAM available)
[2026-06-13 18:52:59][INFO] SIM_BRIDGE: Initializing simulation data for model: IZHIKEVICH (3D)... (playback_init: False)
[2026-06-13 18:52:59][INFO] SIM_BRIDGE: RNG initialized with seed: 43
[2026-06-13 18:52:59][INFO] SIM_BRIDGE: Initializing Izhikevich model specifics for 1024 neurons...
[2026-06-13 18:52:59][INFO] SIM_BRIDGE: Applying parameter heterogeneity to neuron parameters...
[2026-06-13 18:52:59][INFO] SIM_BRIDGE: Applied heterogeneity to 4 parameters.
[2026-06-13 18:52:59][INFO] SIM_BRIDGE: Initializing OU process state (tau=15.0ms, sigma=0.0pA)...
[2026-06-13 18:52:59][INFO] SIM_BRIDGE: Generating 3D neuron positions for 1024 neurons...
[2026-06-13 18:52:59][INFO] SIM_BRIDGE: Generating connections (3D)...
[2026-06-13 18:52:59][INFO] SIM_BRIDGE: Simulation data initialized for 1024 neurons (3D). Synapses: 0. GPU memory: 27.0GB/51.2GB (52.8%)
[2026-06-13 18:53:00][INFO] SIM_BRIDGE: NumPy backend (CPU (NumPy backend), 47.7 GB RAM available)
[2026-06-13 18:53:00][INFO] SIM_BRIDGE: Initializing simulation data for model: IZHIKEVICH (3D)... (playback_init: False)
[2026-06-13 18:53:00][INFO] SIM_BRIDGE: RNG initialized with seed: 43
[2026-06-13 18:53:00][INFO] SIM_BRIDGE: Initializing Izhikevich model specifics for 768 neurons...
[2026-06-13 18:53:00][INFO] SIM_BRIDGE: Applying parameter heterogeneity to neuron parameters...
[2026-06-13 18:53:00][INFO] SIM_BRIDGE: Applied heterogeneity to 4 parameters.
[2026-06-13 18:53:00][INFO] SIM_BRIDGE: Initializing OU process state (tau=15.0ms, sigma=0.0pA)...
[2026-06-13 18:53:00][INFO] SIM_BRIDGE: Generating 3D neuron positions for 768 neurons...
[2026-06-13 18:53:00][INFO] SIM_BRIDGE: Generating connections (3D)...
[2026-06-13 18:53:00][INFO] SIM_BRIDGE: Simulation data initialized for 768 neurons (3D). Synapses: 0. GPU memory: 27.0GB/51.2GB (52.8%)
[2026-06-13 18:53:00][INFO] SIM_BRIDGE: NumPy backend (CPU (NumPy backend), 47.7 GB RAM available)
[2026-06-13 18:53:00][INFO] SIM_BRIDGE: Initializing simulation data for model: IZHIKEVICH (3D)... (playback_init: False)
[2026-06-13 18:53:00][INFO] SIM_BRIDGE: RNG initialized with seed: 43
[2026-06-13 18:53:00][INFO] SIM_BRIDGE: Initializing Izhikevich model specifics for 768 neurons...
[2026-06-13 18:53:00][INFO] SIM_BRIDGE: Applying parameter heterogeneity to neuron parameters...
[2026-06-13 18:53:00][INFO] SIM_BRIDGE: Applied heterogeneity to 4 parameters.
[2026-06-13 18:53:00][INFO] SIM_BRIDGE: Initializing OU process state (tau=15.0ms, sigma=0.0pA)...
[2026-06-13 18:53:00][INFO] SIM_BRIDGE: Generating 3D neuron positions for 768 neurons...
[2026-06-13 18:53:00][INFO] SIM_BRIDGE: Generating connections (3D)...
[2026-06-13 18:53:00][INFO] SIM_BRIDGE: Simulation data initialized for 768 neurons (3D). Synapses: 0. GPU memory: 27.0GB/51.2GB (52.8%)
    X-pb (per-bridge dispatch, within-bridge SVO recall): what_acc=1.0 who_acc=1.0 (n_bridges=2) | abstention breaches=0/4
    X-vtag: SKIPPED (--skip-vtag; the live-spiking V-tag layer needs GPU bridges)
    C3 moat alongside host (over cross-bridge facts):
[2026-06-13 18:53:00][INFO] SIM_BRIDGE: NumPy backend (CPU (NumPy backend), 47.7 GB RAM available)
[2026-06-13 18:53:00][INFO] SIM_BRIDGE: Initializing simulation data for model: IZHIKEVICH (3D)... (playback_init: False)
[2026-06-13 18:53:00][INFO] SIM_BRIDGE: RNG initialized with seed: 43
[2026-06-13 18:53:00][INFO] SIM_BRIDGE: Initializing Izhikevich model specifics for 256 neurons...
[2026-06-13 18:53:00][INFO] SIM_BRIDGE: Applying parameter heterogeneity to neuron parameters...
[2026-06-13 18:53:00][INFO] SIM_BRIDGE: Applied heterogeneity to 4 parameters.
[2026-06-13 18:53:00][INFO] SIM_BRIDGE: Initializing OU process state (tau=15.0ms, sigma=0.0pA)...
[2026-06-13 18:53:00][INFO] SIM_BRIDGE: Generating 3D neuron positions for 256 neurons...
[2026-06-13 18:53:00][INFO] SIM_BRIDGE: Generating connections (3D)...
[2026-06-13 18:53:00][INFO] SIM_BRIDGE: Simulation data initialized for 256 neurons (3D). Synapses: 0. GPU memory: 27.0GB/51.2GB (52.8%)
[2026-06-13 18:53:00][INFO] SIM_BRIDGE: NumPy backend (CPU (NumPy backend), 47.7 GB RAM available)
[2026-06-13 18:53:00][INFO] SIM_BRIDGE: Initializing simulation data for model: IZHIKEVICH (3D)... (playback_init: False)
[2026-06-13 18:53:00][INFO] SIM_BRIDGE: RNG initialized with seed: 43
[2026-06-13 18:53:00][INFO] SIM_BRIDGE: Initializing Izhikevich model specifics for 512 neurons...
[2026-06-13 18:53:00][INFO] SIM_BRIDGE: Applying parameter heterogeneity to neuron parameters...
[2026-06-13 18:53:00][INFO] SIM_BRIDGE: Applied heterogeneity to 4 parameters.
[2026-06-13 18:53:00][INFO] SIM_BRIDGE: Initializing OU process state (tau=15.0ms, sigma=0.0pA)...
[2026-06-13 18:53:00][INFO] SIM_BRIDGE: Generating 3D neuron positions for 512 neurons...
[2026-06-13 18:53:00][INFO] SIM_BRIDGE: Generating connections (3D)...
[2026-06-13 18:53:00][INFO] SIM_BRIDGE: Simulation data initialized for 512 neurons (3D). Synapses: 0. GPU memory: 27.0GB/51.2GB (52.7%)
[2026-06-13 18:53:00][INFO] SIM_BRIDGE: NumPy backend (CPU (NumPy backend), 47.7 GB RAM available)
[2026-06-13 18:53:00][INFO] SIM_BRIDGE: Initializing simulation data for model: IZHIKEVICH (3D)... (playback_init: False)
[2026-06-13 18:53:00][INFO] SIM_BRIDGE: RNG initialized with seed: 43
[2026-06-13 18:53:00][INFO] SIM_BRIDGE: Initializing Izhikevich model specifics for 384 neurons...
[2026-06-13 18:53:00][INFO] SIM_BRIDGE: Applying parameter heterogeneity to neuron parameters...
[2026-06-13 18:53:00][INFO] SIM_BRIDGE: Applied heterogeneity to 4 parameters.
[2026-06-13 18:53:00][INFO] SIM_BRIDGE: Initializing OU process state (tau=15.0ms, sigma=0.0pA)...
[2026-06-13 18:53:00][INFO] SIM_BRIDGE: Generating 3D neuron positions for 384 neurons...
[2026-06-13 18:53:00][INFO] SIM_BRIDGE: Generating connections (3D)...
[2026-06-13 18:53:00][INFO] SIM_BRIDGE: Simulation data initialized for 384 neurons (3D). Synapses: 0. GPU memory: 27.0GB/51.2GB (52.8%)
      agreement=1.000 host-abstain/gate-accept=0 (MUST be 0) floor-false-accepts=0 (MUST be 0) lesion-collapses=True -> moat_intact=True

  [ROUTE A COST] per-bridge D=256 x 2 bridges | total codebook=0.291 MB | per-bind RF=512 neurons | per-bundle RF=1024 | cleanup argmax width=64 | vocabulary-independent per-op=True

====================================================================================================
  PHASE-1 COMPOSER A-vs-B DE-RISK -- SEED 44 -- ROUTE PER-BRIDGE -- mode=full cortex=synthetic n_bridges=2
====================================================================================================
  [shard   mammals] 64 concepts (8 sub x 8), 424 within-shard facts
  [shard     birds] 64 concepts (8 sub x 8), 424 within-shard facts

  [building 2 cortex codebooks (synthetic)]
    [cortex   mammals synthetic] within-cos=0.404 between-cos=0.002 margin=0.402 graded=True | DG-expansion between-cos=0.017 | 0.2s
    [cortex     birds synthetic] within-cos=0.404 between-cos=0.002 margin=0.402 graded=True | DG-expansion between-cos=0.017 | 0.1s

  ------------------------------------------------------------------------------------------------
  ROUTE A -- GATE A: within-bridge conversational matrix (per shard; clause within ONE bridge)
  ------------------------------------------------------------------------------------------------
[2026-06-13 18:53:10][INFO] SIM_BRIDGE: NumPy backend (CPU (NumPy backend), 47.7 GB RAM available)
[2026-06-13 18:53:10][INFO] SIM_BRIDGE: Initializing simulation data for model: IZHIKEVICH (3D)... (playback_init: False)
[2026-06-13 18:53:10][INFO] SIM_BRIDGE: RNG initialized with seed: 44
[2026-06-13 18:53:10][INFO] SIM_BRIDGE: Initializing Izhikevich model specifics for 512 neurons...
[2026-06-13 18:53:10][INFO] SIM_BRIDGE: Applying parameter heterogeneity to neuron parameters...
[2026-06-13 18:53:10][INFO] SIM_BRIDGE: Applied heterogeneity to 4 parameters.
[2026-06-13 18:53:10][INFO] SIM_BRIDGE: Initializing OU process state (tau=15.0ms, sigma=0.0pA)...
[2026-06-13 18:53:10][INFO] SIM_BRIDGE: Generating 3D neuron positions for 512 neurons...
[2026-06-13 18:53:10][INFO] SIM_BRIDGE: Generating connections (3D)...
[2026-06-13 18:53:10][INFO] SIM_BRIDGE: Simulation data initialized for 512 neurons (3D). Synapses: 0. GPU memory: 27.1GB/51.2GB (52.8%)
[2026-06-13 18:53:10][INFO] SIM_BRIDGE: NumPy backend (CPU (NumPy backend), 47.7 GB RAM available)
[2026-06-13 18:53:10][INFO] SIM_BRIDGE: Initializing simulation data for model: IZHIKEVICH (3D)... (playback_init: False)
[2026-06-13 18:53:10][INFO] SIM_BRIDGE: RNG initialized with seed: 44
[2026-06-13 18:53:10][INFO] SIM_BRIDGE: Initializing Izhikevich model specifics for 1024 neurons...
[2026-06-13 18:53:10][INFO] SIM_BRIDGE: Applying parameter heterogeneity to neuron parameters...
[2026-06-13 18:53:10][INFO] SIM_BRIDGE: Applied heterogeneity to 4 parameters.
[2026-06-13 18:53:10][INFO] SIM_BRIDGE: Initializing OU process state (tau=15.0ms, sigma=0.0pA)...
[2026-06-13 18:53:10][INFO] SIM_BRIDGE: Generating 3D neuron positions for 1024 neurons...
[2026-06-13 18:53:10][INFO] SIM_BRIDGE: Generating connections (3D)...
[2026-06-13 18:53:10][INFO] SIM_BRIDGE: Simulation data initialized for 1024 neurons (3D). Synapses: 0. GPU memory: 27.0GB/51.2GB (52.7%)
[2026-06-13 18:53:10][INFO] SIM_BRIDGE: NumPy backend (CPU (NumPy backend), 47.7 GB RAM available)
[2026-06-13 18:53:10][INFO] SIM_BRIDGE: Initializing simulation data for model: IZHIKEVICH (3D)... (playback_init: False)
[2026-06-13 18:53:10][INFO] SIM_BRIDGE: RNG initialized with seed: 44
[2026-06-13 18:53:10][INFO] SIM_BRIDGE: Initializing Izhikevich model specifics for 512 neurons...
[2026-06-13 18:53:10][INFO] SIM_BRIDGE: Applying parameter heterogeneity to neuron parameters...
[2026-06-13 18:53:10][INFO] SIM_BRIDGE: Applied heterogeneity to 4 parameters.
[2026-06-13 18:53:10][INFO] SIM_BRIDGE: Initializing OU process state (tau=15.0ms, sigma=0.0pA)...
[2026-06-13 18:53:10][INFO] SIM_BRIDGE: Generating 3D neuron positions for 512 neurons...
[2026-06-13 18:53:10][INFO] SIM_BRIDGE: Generating connections (3D)...
[2026-06-13 18:53:10][INFO] SIM_BRIDGE: Simulation data initialized for 512 neurons (3D). Synapses: 0. GPU memory: 26.8GB/51.2GB (52.3%)
[2026-06-13 18:53:10][INFO] SIM_BRIDGE: NumPy backend (CPU (NumPy backend), 47.7 GB RAM available)
[2026-06-13 18:53:10][INFO] SIM_BRIDGE: Initializing simulation data for model: IZHIKEVICH (3D)... (playback_init: False)
[2026-06-13 18:53:10][INFO] SIM_BRIDGE: RNG initialized with seed: 44
[2026-06-13 18:53:10][INFO] SIM_BRIDGE: Initializing Izhikevich model specifics for 1280 neurons...
[2026-06-13 18:53:10][INFO] SIM_BRIDGE: Applying parameter heterogeneity to neuron parameters...
[2026-06-13 18:53:10][INFO] SIM_BRIDGE: Applied heterogeneity to 4 parameters.
[2026-06-13 18:53:10][INFO] SIM_BRIDGE: Initializing OU process state (tau=15.0ms, sigma=0.0pA)...
[2026-06-13 18:53:10][INFO] SIM_BRIDGE: Generating 3D neuron positions for 1280 neurons...
[2026-06-13 18:53:10][INFO] SIM_BRIDGE: Generating connections (3D)...
[2026-06-13 18:53:10][INFO] SIM_BRIDGE: Simulation data initialized for 1280 neurons (3D). Synapses: 0. GPU memory: 26.8GB/51.2GB (52.3%)
[2026-06-13 18:53:10][INFO] SIM_BRIDGE: NumPy backend (CPU (NumPy backend), 47.7 GB RAM available)
[2026-06-13 18:53:10][INFO] SIM_BRIDGE: Initializing simulation data for model: IZHIKEVICH (3D)... (playback_init: False)
[2026-06-13 18:53:10][INFO] SIM_BRIDGE: RNG initialized with seed: 44
[2026-06-13 18:53:10][INFO] SIM_BRIDGE: Initializing Izhikevich model specifics for 512 neurons...
[2026-06-13 18:53:10][INFO] SIM_BRIDGE: Applying parameter heterogeneity to neuron parameters...
[2026-06-13 18:53:10][INFO] SIM_BRIDGE: Applied heterogeneity to 4 parameters.
[2026-06-13 18:53:10][INFO] SIM_BRIDGE: Initializing OU process state (tau=15.0ms, sigma=0.0pA)...
[2026-06-13 18:53:10][INFO] SIM_BRIDGE: Generating 3D neuron positions for 512 neurons...
[2026-06-13 18:53:10][INFO] SIM_BRIDGE: Generating connections (3D)...
[2026-06-13 18:53:10][INFO] SIM_BRIDGE: Simulation data initialized for 512 neurons (3D). Synapses: 0. GPU memory: 26.8GB/51.2GB (52.3%)
[2026-06-13 18:53:11][INFO] SIM_BRIDGE: NumPy backend (CPU (NumPy backend), 47.7 GB RAM available)
[2026-06-13 18:53:11][INFO] SIM_BRIDGE: Initializing simulation data for model: IZHIKEVICH (3D)... (playback_init: False)
[2026-06-13 18:53:11][INFO] SIM_BRIDGE: RNG initialized with seed: 44
[2026-06-13 18:53:11][INFO] SIM_BRIDGE: Initializing Izhikevich model specifics for 1280 neurons...
[2026-06-13 18:53:11][INFO] SIM_BRIDGE: Applying parameter heterogeneity to neuron parameters...
[2026-06-13 18:53:11][INFO] SIM_BRIDGE: Applied heterogeneity to 4 parameters.
[2026-06-13 18:53:11][INFO] SIM_BRIDGE: Initializing OU process state (tau=15.0ms, sigma=0.0pA)...
[2026-06-13 18:53:11][INFO] SIM_BRIDGE: Generating 3D neuron positions for 1280 neurons...
[2026-06-13 18:53:11][INFO] SIM_BRIDGE: Generating connections (3D)...
[2026-06-13 18:53:11][INFO] SIM_BRIDGE: Simulation data initialized for 1280 neurons (3D). Synapses: 0. GPU memory: 26.8GB/51.2GB (52.3%)
[2026-06-13 18:53:11][INFO] SIM_BRIDGE: NumPy backend (CPU (NumPy backend), 47.7 GB RAM available)
[2026-06-13 18:53:11][INFO] SIM_BRIDGE: Initializing simulation data for model: IZHIKEVICH (3D)... (playback_init: False)
[2026-06-13 18:53:11][INFO] SIM_BRIDGE: RNG initialized with seed: 44
[2026-06-13 18:53:11][INFO] SIM_BRIDGE: Initializing Izhikevich model specifics for 512 neurons...
[2026-06-13 18:53:11][INFO] SIM_BRIDGE: Applying parameter heterogeneity to neuron parameters...
[2026-06-13 18:53:11][INFO] SIM_BRIDGE: Applied heterogeneity to 4 parameters.
[2026-06-13 18:53:11][INFO] SIM_BRIDGE: Initializing OU process state (tau=15.0ms, sigma=0.0pA)...
[2026-06-13 18:53:11][INFO] SIM_BRIDGE: Generating 3D neuron positions for 512 neurons...
[2026-06-13 18:53:11][INFO] SIM_BRIDGE: Generating connections (3D)...
[2026-06-13 18:53:11][INFO] SIM_BRIDGE: Simulation data initialized for 512 neurons (3D). Synapses: 0. GPU memory: 26.9GB/51.2GB (52.5%)
[2026-06-13 18:53:11][INFO] SIM_BRIDGE: NumPy backend (CPU (NumPy backend), 47.7 GB RAM available)
[2026-06-13 18:53:11][INFO] SIM_BRIDGE: Initializing simulation data for model: IZHIKEVICH (3D)... (playback_init: False)
[2026-06-13 18:53:11][INFO] SIM_BRIDGE: RNG initialized with seed: 44
[2026-06-13 18:53:11][INFO] SIM_BRIDGE: Initializing Izhikevich model specifics for 1024 neurons...
[2026-06-13 18:53:11][INFO] SIM_BRIDGE: Applying parameter heterogeneity to neuron parameters...
[2026-06-13 18:53:11][INFO] SIM_BRIDGE: Applied heterogeneity to 4 parameters.
[2026-06-13 18:53:11][INFO] SIM_BRIDGE: Initializing OU process state (tau=15.0ms, sigma=0.0pA)...
[2026-06-13 18:53:11][INFO] SIM_BRIDGE: Generating 3D neuron positions for 1024 neurons...
[2026-06-13 18:53:11][INFO] SIM_BRIDGE: Generating connections (3D)...
[2026-06-13 18:53:11][INFO] SIM_BRIDGE: Simulation data initialized for 1024 neurons (3D). Synapses: 0. GPU memory: 26.9GB/51.2GB (52.5%)
[2026-06-13 18:53:11][INFO] SIM_BRIDGE: NumPy backend (CPU (NumPy backend), 47.7 GB RAM available)
[2026-06-13 18:53:11][INFO] SIM_BRIDGE: Initializing simulation data for model: IZHIKEVICH (3D)... (playback_init: False)
[2026-06-13 18:53:11][INFO] SIM_BRIDGE: RNG initialized with seed: 44
[2026-06-13 18:53:11][INFO] SIM_BRIDGE: Initializing Izhikevich model specifics for 512 neurons...
[2026-06-13 18:53:11][INFO] SIM_BRIDGE: Applying parameter heterogeneity to neuron parameters...
[2026-06-13 18:53:11][INFO] SIM_BRIDGE: Applied heterogeneity to 4 parameters.
[2026-06-13 18:53:11][INFO] SIM_BRIDGE: Initializing OU process state (tau=15.0ms, sigma=0.0pA)...
[2026-06-13 18:53:11][INFO] SIM_BRIDGE: Generating 3D neuron positions for 512 neurons...
[2026-06-13 18:53:11][INFO] SIM_BRIDGE: Generating connections (3D)...
[2026-06-13 18:53:11][INFO] SIM_BRIDGE: Simulation data initialized for 512 neurons (3D). Synapses: 0. GPU memory: 26.9GB/51.2GB (52.5%)
[2026-06-13 18:53:11][INFO] SIM_BRIDGE: NumPy backend (CPU (NumPy backend), 47.7 GB RAM available)
[2026-06-13 18:53:11][INFO] SIM_BRIDGE: Initializing simulation data for model: IZHIKEVICH (3D)... (playback_init: False)
[2026-06-13 18:53:11][INFO] SIM_BRIDGE: RNG initialized with seed: 44
[2026-06-13 18:53:11][INFO] SIM_BRIDGE: Initializing Izhikevich model specifics for 1024 neurons...
[2026-06-13 18:53:11][INFO] SIM_BRIDGE: Applying parameter heterogeneity to neuron parameters...
[2026-06-13 18:53:11][INFO] SIM_BRIDGE: Applied heterogeneity to 4 parameters.
[2026-06-13 18:53:11][INFO] SIM_BRIDGE: Initializing OU process state (tau=15.0ms, sigma=0.0pA)...
[2026-06-13 18:53:11][INFO] SIM_BRIDGE: Generating 3D neuron positions for 1024 neurons...
[2026-06-13 18:53:11][INFO] SIM_BRIDGE: Generating connections (3D)...
[2026-06-13 18:53:11][INFO] SIM_BRIDGE: Simulation data initialized for 1024 neurons (3D). Synapses: 0. GPU memory: 26.9GB/51.2GB (52.5%)
[2026-06-13 18:53:11][INFO] SIM_BRIDGE: NumPy backend (CPU (NumPy backend), 47.7 GB RAM available)
[2026-06-13 18:53:11][INFO] SIM_BRIDGE: Initializing simulation data for model: IZHIKEVICH (3D)... (playback_init: False)
[2026-06-13 18:53:11][INFO] SIM_BRIDGE: RNG initialized with seed: 44
[2026-06-13 18:53:11][INFO] SIM_BRIDGE: Initializing Izhikevich model specifics for 512 neurons...
[2026-06-13 18:53:11][INFO] SIM_BRIDGE: Applying parameter heterogeneity to neuron parameters...
[2026-06-13 18:53:11][INFO] SIM_BRIDGE: Applied heterogeneity to 4 parameters.
[2026-06-13 18:53:11][INFO] SIM_BRIDGE: Initializing OU process state (tau=15.0ms, sigma=0.0pA)...
[2026-06-13 18:53:11][INFO] SIM_BRIDGE: Generating 3D neuron positions for 512 neurons...
[2026-06-13 18:53:11][INFO] SIM_BRIDGE: Generating connections (3D)...
[2026-06-13 18:53:11][INFO] SIM_BRIDGE: Simulation data initialized for 512 neurons (3D). Synapses: 0. GPU memory: 26.9GB/51.2GB (52.5%)
[2026-06-13 18:53:11][INFO] SIM_BRIDGE: NumPy backend (CPU (NumPy backend), 47.7 GB RAM available)
[2026-06-13 18:53:11][INFO] SIM_BRIDGE: Initializing simulation data for model: IZHIKEVICH (3D)... (playback_init: False)
[2026-06-13 18:53:11][INFO] SIM_BRIDGE: RNG initialized with seed: 44
[2026-06-13 18:53:11][INFO] SIM_BRIDGE: Initializing Izhikevich model specifics for 1280 neurons...
[2026-06-13 18:53:11][INFO] SIM_BRIDGE: Applying parameter heterogeneity to neuron parameters...
[2026-06-13 18:53:11][INFO] SIM_BRIDGE: Applied heterogeneity to 4 parameters.
[2026-06-13 18:53:11][INFO] SIM_BRIDGE: Initializing OU process state (tau=15.0ms, sigma=0.0pA)...
[2026-06-13 18:53:11][INFO] SIM_BRIDGE: Generating 3D neuron positions for 1280 neurons...
[2026-06-13 18:53:11][INFO] SIM_BRIDGE: Generating connections (3D)...
[2026-06-13 18:53:11][INFO] SIM_BRIDGE: Simulation data initialized for 1280 neurons (3D). Synapses: 0. GPU memory: 26.9GB/51.2GB (52.5%)
[2026-06-13 18:53:12][INFO] SIM_BRIDGE: NumPy backend (CPU (NumPy backend), 47.7 GB RAM available)
[2026-06-13 18:53:12][INFO] SIM_BRIDGE: Initializing simulation data for model: IZHIKEVICH (3D)... (playback_init: False)
[2026-06-13 18:53:12][INFO] SIM_BRIDGE: RNG initialized with seed: 44
[2026-06-13 18:53:12][INFO] SIM_BRIDGE: Initializing Izhikevich model specifics for 512 neurons...
[2026-06-13 18:53:12][INFO] SIM_BRIDGE: Applying parameter heterogeneity to neuron parameters...
[2026-06-13 18:53:12][INFO] SIM_BRIDGE: Applied heterogeneity to 4 parameters.
[2026-06-13 18:53:12][INFO] SIM_BRIDGE: Initializing OU process state (tau=15.0ms, sigma=0.0pA)...
[2026-06-13 18:53:12][INFO] SIM_BRIDGE: Generating 3D neuron positions for 512 neurons...
[2026-06-13 18:53:12][INFO] SIM_BRIDGE: Generating connections (3D)...
[2026-06-13 18:53:12][INFO] SIM_BRIDGE: Simulation data initialized for 512 neurons (3D). Synapses: 0. GPU memory: 26.9GB/51.2GB (52.5%)
[2026-06-13 18:53:12][INFO] SIM_BRIDGE: NumPy backend (CPU (NumPy backend), 47.7 GB RAM available)
[2026-06-13 18:53:12][INFO] SIM_BRIDGE: Initializing simulation data for model: IZHIKEVICH (3D)... (playback_init: False)
[2026-06-13 18:53:12][INFO] SIM_BRIDGE: RNG initialized with seed: 44
[2026-06-13 18:53:12][INFO] SIM_BRIDGE: Initializing Izhikevich model specifics for 1280 neurons...
[2026-06-13 18:53:12][INFO] SIM_BRIDGE: Applying parameter heterogeneity to neuron parameters...
[2026-06-13 18:53:12][INFO] SIM_BRIDGE: Applied heterogeneity to 4 parameters.
[2026-06-13 18:53:12][INFO] SIM_BRIDGE: Initializing OU process state (tau=15.0ms, sigma=0.0pA)...
[2026-06-13 18:53:12][INFO] SIM_BRIDGE: Generating 3D neuron positions for 1280 neurons...
[2026-06-13 18:53:12][INFO] SIM_BRIDGE: Generating connections (3D)...
[2026-06-13 18:53:12][INFO] SIM_BRIDGE: Simulation data initialized for 1280 neurons (3D). Synapses: 0. GPU memory: 26.9GB/51.2GB (52.5%)
[2026-06-13 18:53:12][INFO] SIM_BRIDGE: NumPy backend (CPU (NumPy backend), 47.7 GB RAM available)
[2026-06-13 18:53:12][INFO] SIM_BRIDGE: Initializing simulation data for model: IZHIKEVICH (3D)... (playback_init: False)
[2026-06-13 18:53:12][INFO] SIM_BRIDGE: RNG initialized with seed: 44
[2026-06-13 18:53:12][INFO] SIM_BRIDGE: Initializing Izhikevich model specifics for 512 neurons...
[2026-06-13 18:53:12][INFO] SIM_BRIDGE: Applying parameter heterogeneity to neuron parameters...
[2026-06-13 18:53:12][INFO] SIM_BRIDGE: Applied heterogeneity to 4 parameters.
[2026-06-13 18:53:12][INFO] SIM_BRIDGE: Initializing OU process state (tau=15.0ms, sigma=0.0pA)...
[2026-06-13 18:53:12][INFO] SIM_BRIDGE: Generating 3D neuron positions for 512 neurons...
[2026-06-13 18:53:12][INFO] SIM_BRIDGE: Generating connections (3D)...
[2026-06-13 18:53:12][INFO] SIM_BRIDGE: Simulation data initialized for 512 neurons (3D). Synapses: 0. GPU memory: 26.9GB/51.2GB (52.6%)
[2026-06-13 18:53:12][INFO] SIM_BRIDGE: NumPy backend (CPU (NumPy backend), 47.7 GB RAM available)
[2026-06-13 18:53:12][INFO] SIM_BRIDGE: Initializing simulation data for model: IZHIKEVICH (3D)... (playback_init: False)
[2026-06-13 18:53:12][INFO] SIM_BRIDGE: RNG initialized with seed: 44
[2026-06-13 18:53:12][INFO] SIM_BRIDGE: Initializing Izhikevich model specifics for 1024 neurons...
[2026-06-13 18:53:12][INFO] SIM_BRIDGE: Applying parameter heterogeneity to neuron parameters...
[2026-06-13 18:53:12][INFO] SIM_BRIDGE: Applied heterogeneity to 4 parameters.
[2026-06-13 18:53:12][INFO] SIM_BRIDGE: Initializing OU process state (tau=15.0ms, sigma=0.0pA)...
[2026-06-13 18:53:12][INFO] SIM_BRIDGE: Generating 3D neuron positions for 1024 neurons...
[2026-06-13 18:53:12][INFO] SIM_BRIDGE: Generating connections (3D)...
[2026-06-13 18:53:12][INFO] SIM_BRIDGE: Simulation data initialized for 1024 neurons (3D). Synapses: 0. GPU memory: 26.9GB/51.2GB (52.5%)
    [  mammals] cells_pass=6/6 moat=True (abst_battery=0)
    [    birds] cells_pass=6/6 moat=True (abst_battery=0)
    n_bridges_pass=2/2  all_bridges_pass=True  any_abstention_breach=False

  ------------------------------------------------------------------------------------------------
  GATE B -- within-bridge generalization (per bridge) + C1/C4 anti-cheats
  ------------------------------------------------------------------------------------------------
[2026-06-13 18:53:12][INFO] SIM_BRIDGE: NumPy backend (CPU (NumPy backend), 47.7 GB RAM available)
[2026-06-13 18:53:12][INFO] SIM_BRIDGE: Initializing simulation data for model: IZHIKEVICH (3D)... (playback_init: False)
[2026-06-13 18:53:12][INFO] SIM_BRIDGE: RNG initialized with seed: 44
[2026-06-13 18:53:12][INFO] SIM_BRIDGE: Initializing Izhikevich model specifics for 512 neurons...
[2026-06-13 18:53:12][INFO] SIM_BRIDGE: Applying parameter heterogeneity to neuron parameters...
[2026-06-13 18:53:12][INFO] SIM_BRIDGE: Applied heterogeneity to 4 parameters.
[2026-06-13 18:53:12][INFO] SIM_BRIDGE: Initializing OU process state (tau=15.0ms, sigma=0.0pA)...
[2026-06-13 18:53:12][INFO] SIM_BRIDGE: Generating 3D neuron positions for 512 neurons...
[2026-06-13 18:53:12][INFO] SIM_BRIDGE: Generating connections (3D)...
[2026-06-13 18:53:12][INFO] SIM_BRIDGE: Simulation data initialized for 512 neurons (3D). Synapses: 0. GPU memory: 26.9GB/51.2GB (52.6%)
[2026-06-13 18:53:12][INFO] SIM_BRIDGE: NumPy backend (CPU (NumPy backend), 47.7 GB RAM available)
[2026-06-13 18:53:12][INFO] SIM_BRIDGE: Initializing simulation data for model: IZHIKEVICH (3D)... (playback_init: False)
[2026-06-13 18:53:12][INFO] SIM_BRIDGE: RNG initialized with seed: 44
[2026-06-13 18:53:12][INFO] SIM_BRIDGE: Initializing Izhikevich model specifics for 1024 neurons...
[2026-06-13 18:53:12][INFO] SIM_BRIDGE: Applying parameter heterogeneity to neuron parameters...
[2026-06-13 18:53:12][INFO] SIM_BRIDGE: Applied heterogeneity to 4 parameters.
[2026-06-13 18:53:12][INFO] SIM_BRIDGE: Initializing OU process state (tau=15.0ms, sigma=0.0pA)...
[2026-06-13 18:53:12][INFO] SIM_BRIDGE: Generating 3D neuron positions for 1024 neurons...
[2026-06-13 18:53:12][INFO] SIM_BRIDGE: Generating connections (3D)...
[2026-06-13 18:53:12][INFO] SIM_BRIDGE: Simulation data initialized for 1024 neurons (3D). Synapses: 0. GPU memory: 26.9GB/51.2GB (52.6%)
[2026-06-13 18:53:15][INFO] SIM_BRIDGE: NumPy backend (CPU (NumPy backend), 47.7 GB RAM available)
[2026-06-13 18:53:15][INFO] SIM_BRIDGE: Initializing simulation data for model: IZHIKEVICH (3D)... (playback_init: False)
[2026-06-13 18:53:15][INFO] SIM_BRIDGE: RNG initialized with seed: 44
[2026-06-13 18:53:15][INFO] SIM_BRIDGE: Initializing Izhikevich model specifics for 768 neurons...
[2026-06-13 18:53:15][INFO] SIM_BRIDGE: Applying parameter heterogeneity to neuron parameters...
[2026-06-13 18:53:15][INFO] SIM_BRIDGE: Applied heterogeneity to 4 parameters.
[2026-06-13 18:53:15][INFO] SIM_BRIDGE: Initializing OU process state (tau=15.0ms, sigma=0.0pA)...
[2026-06-13 18:53:15][INFO] SIM_BRIDGE: Generating 3D neuron positions for 768 neurons...
[2026-06-13 18:53:15][INFO] SIM_BRIDGE: Generating connections (3D)...
[2026-06-13 18:53:15][INFO] SIM_BRIDGE: Simulation data initialized for 768 neurons (3D). Synapses: 0. GPU memory: 27.0GB/51.2GB (52.7%)
[2026-06-13 18:53:32][INFO] SIM_BRIDGE: NumPy backend (CPU (NumPy backend), 47.7 GB RAM available)
[2026-06-13 18:53:32][INFO] SIM_BRIDGE: Initializing simulation data for model: IZHIKEVICH (3D)... (playback_init: False)
[2026-06-13 18:53:32][INFO] SIM_BRIDGE: RNG initialized with seed: 44
[2026-06-13 18:53:32][INFO] SIM_BRIDGE: Initializing Izhikevich model specifics for 512 neurons...
[2026-06-13 18:53:32][INFO] SIM_BRIDGE: Applying parameter heterogeneity to neuron parameters...
[2026-06-13 18:53:32][INFO] SIM_BRIDGE: Applied heterogeneity to 4 parameters.
[2026-06-13 18:53:32][INFO] SIM_BRIDGE: Initializing OU process state (tau=15.0ms, sigma=0.0pA)...
[2026-06-13 18:53:32][INFO] SIM_BRIDGE: Generating 3D neuron positions for 512 neurons...
[2026-06-13 18:53:32][INFO] SIM_BRIDGE: Generating connections (3D)...
[2026-06-13 18:53:32][INFO] SIM_BRIDGE: Simulation data initialized for 512 neurons (3D). Synapses: 0. GPU memory: 26.9GB/51.2GB (52.5%)
[2026-06-13 18:53:32][INFO] SIM_BRIDGE: NumPy backend (CPU (NumPy backend), 47.7 GB RAM available)
[2026-06-13 18:53:32][INFO] SIM_BRIDGE: Initializing simulation data for model: IZHIKEVICH (3D)... (playback_init: False)
[2026-06-13 18:53:32][INFO] SIM_BRIDGE: RNG initialized with seed: 44
[2026-06-13 18:53:32][INFO] SIM_BRIDGE: Initializing Izhikevich model specifics for 1024 neurons...
[2026-06-13 18:53:32][INFO] SIM_BRIDGE: Applying parameter heterogeneity to neuron parameters...
[2026-06-13 18:53:32][INFO] SIM_BRIDGE: Applied heterogeneity to 4 parameters.
[2026-06-13 18:53:32][INFO] SIM_BRIDGE: Initializing OU process state (tau=15.0ms, sigma=0.0pA)...
[2026-06-13 18:53:32][INFO] SIM_BRIDGE: Generating 3D neuron positions for 1024 neurons...
[2026-06-13 18:53:32][INFO] SIM_BRIDGE: Generating connections (3D)...
[2026-06-13 18:53:32][INFO] SIM_BRIDGE: Simulation data initialized for 1024 neurons (3D). Synapses: 0. GPU memory: 26.9GB/51.2GB (52.5%)
[2026-06-13 18:53:35][INFO] SIM_BRIDGE: NumPy backend (CPU (NumPy backend), 47.7 GB RAM available)
[2026-06-13 18:53:35][INFO] SIM_BRIDGE: Initializing simulation data for model: IZHIKEVICH (3D)... (playback_init: False)
[2026-06-13 18:53:35][INFO] SIM_BRIDGE: RNG initialized with seed: 44
[2026-06-13 18:53:35][INFO] SIM_BRIDGE: Initializing Izhikevich model specifics for 768 neurons...
[2026-06-13 18:53:35][INFO] SIM_BRIDGE: Applying parameter heterogeneity to neuron parameters...
[2026-06-13 18:53:35][INFO] SIM_BRIDGE: Applied heterogeneity to 4 parameters.
[2026-06-13 18:53:35][INFO] SIM_BRIDGE: Initializing OU process state (tau=15.0ms, sigma=0.0pA)...
[2026-06-13 18:53:35][INFO] SIM_BRIDGE: Generating 3D neuron positions for 768 neurons...
[2026-06-13 18:53:35][INFO] SIM_BRIDGE: Generating connections (3D)...
[2026-06-13 18:53:35][INFO] SIM_BRIDGE: Simulation data initialized for 768 neurons (3D). Synapses: 0. GPU memory: 27.1GB/51.2GB (52.8%)
[2026-06-13 18:53:52][INFO] SIM_BRIDGE: NumPy backend (CPU (NumPy backend), 47.7 GB RAM available)
[2026-06-13 18:53:52][INFO] SIM_BRIDGE: Initializing simulation data for model: IZHIKEVICH (3D)... (playback_init: False)
[2026-06-13 18:53:52][INFO] SIM_BRIDGE: RNG initialized with seed: 44
[2026-06-13 18:53:52][INFO] SIM_BRIDGE: Initializing Izhikevich model specifics for 512 neurons...
[2026-06-13 18:53:52][INFO] SIM_BRIDGE: Applying parameter heterogeneity to neuron parameters...
[2026-06-13 18:53:52][INFO] SIM_BRIDGE: Applied heterogeneity to 4 parameters.
[2026-06-13 18:53:52][INFO] SIM_BRIDGE: Initializing OU process state (tau=15.0ms, sigma=0.0pA)...
[2026-06-13 18:53:52][INFO] SIM_BRIDGE: Generating 3D neuron positions for 512 neurons...
[2026-06-13 18:53:52][INFO] SIM_BRIDGE: Generating connections (3D)...
[2026-06-13 18:53:52][INFO] SIM_BRIDGE: Simulation data initialized for 512 neurons (3D). Synapses: 0. GPU memory: 26.9GB/51.2GB (52.6%)
[2026-06-13 18:53:52][INFO] SIM_BRIDGE: NumPy backend (CPU (NumPy backend), 47.7 GB RAM available)
[2026-06-13 18:53:52][INFO] SIM_BRIDGE: Initializing simulation data for model: IZHIKEVICH (3D)... (playback_init: False)
[2026-06-13 18:53:52][INFO] SIM_BRIDGE: RNG initialized with seed: 44
[2026-06-13 18:53:52][INFO] SIM_BRIDGE: Initializing Izhikevich model specifics for 1024 neurons...
[2026-06-13 18:53:52][INFO] SIM_BRIDGE: Applying parameter heterogeneity to neuron parameters...
[2026-06-13 18:53:52][INFO] SIM_BRIDGE: Applied heterogeneity to 4 parameters.
[2026-06-13 18:53:52][INFO] SIM_BRIDGE: Initializing OU process state (tau=15.0ms, sigma=0.0pA)...
[2026-06-13 18:53:52][INFO] SIM_BRIDGE: Generating 3D neuron positions for 1024 neurons...
[2026-06-13 18:53:52][INFO] SIM_BRIDGE: Generating connections (3D)...
[2026-06-13 18:53:52][INFO] SIM_BRIDGE: Simulation data initialized for 1024 neurons (3D). Synapses: 0. GPU memory: 26.9GB/51.2GB (52.6%)
[2026-06-13 18:53:55][INFO] SIM_BRIDGE: NumPy backend (CPU (NumPy backend), 47.7 GB RAM available)
[2026-06-13 18:53:55][INFO] SIM_BRIDGE: Initializing simulation data for model: IZHIKEVICH (3D)... (playback_init: False)
[2026-06-13 18:53:55][INFO] SIM_BRIDGE: RNG initialized with seed: 44
[2026-06-13 18:53:55][INFO] SIM_BRIDGE: Initializing Izhikevich model specifics for 768 neurons...
[2026-06-13 18:53:55][INFO] SIM_BRIDGE: Applying parameter heterogeneity to neuron parameters...
[2026-06-13 18:53:55][INFO] SIM_BRIDGE: Applied heterogeneity to 4 parameters.
[2026-06-13 18:53:55][INFO] SIM_BRIDGE: Initializing OU process state (tau=15.0ms, sigma=0.0pA)...
[2026-06-13 18:53:55][INFO] SIM_BRIDGE: Generating 3D neuron positions for 768 neurons...
[2026-06-13 18:53:55][INFO] SIM_BRIDGE: Generating connections (3D)...
[2026-06-13 18:53:55][INFO] SIM_BRIDGE: Simulation data initialized for 768 neurons (3D). Synapses: 0. GPU memory: 27.1GB/51.2GB (53.0%)
[2026-06-13 18:54:11][INFO] SIM_BRIDGE: NumPy backend (CPU (NumPy backend), 47.7 GB RAM available)
[2026-06-13 18:54:11][INFO] SIM_BRIDGE: Initializing simulation data for model: IZHIKEVICH (3D)... (playback_init: False)
[2026-06-13 18:54:11][INFO] SIM_BRIDGE: RNG initialized with seed: 44
[2026-06-13 18:54:11][INFO] SIM_BRIDGE: Initializing Izhikevich model specifics for 512 neurons...
[2026-06-13 18:54:11][INFO] SIM_BRIDGE: Applying parameter heterogeneity to neuron parameters...
[2026-06-13 18:54:11][INFO] SIM_BRIDGE: Applied heterogeneity to 4 parameters.
[2026-06-13 18:54:11][INFO] SIM_BRIDGE: Initializing OU process state (tau=15.0ms, sigma=0.0pA)...
[2026-06-13 18:54:11][INFO] SIM_BRIDGE: Generating 3D neuron positions for 512 neurons...
[2026-06-13 18:54:11][INFO] SIM_BRIDGE: Generating connections (3D)...
[2026-06-13 18:54:11][INFO] SIM_BRIDGE: Simulation data initialized for 512 neurons (3D). Synapses: 0. GPU memory: 27.1GB/51.2GB (53.0%)
[2026-06-13 18:54:11][INFO] SIM_BRIDGE: NumPy backend (CPU (NumPy backend), 47.7 GB RAM available)
[2026-06-13 18:54:11][INFO] SIM_BRIDGE: Initializing simulation data for model: IZHIKEVICH (3D)... (playback_init: False)
[2026-06-13 18:54:11][INFO] SIM_BRIDGE: RNG initialized with seed: 44
[2026-06-13 18:54:11][INFO] SIM_BRIDGE: Initializing Izhikevich model specifics for 1024 neurons...
[2026-06-13 18:54:11][INFO] SIM_BRIDGE: Applying parameter heterogeneity to neuron parameters...
[2026-06-13 18:54:11][INFO] SIM_BRIDGE: Applied heterogeneity to 4 parameters.
[2026-06-13 18:54:11][INFO] SIM_BRIDGE: Initializing OU process state (tau=15.0ms, sigma=0.0pA)...
[2026-06-13 18:54:11][INFO] SIM_BRIDGE: Generating 3D neuron positions for 1024 neurons...
[2026-06-13 18:54:11][INFO] SIM_BRIDGE: Generating connections (3D)...
[2026-06-13 18:54:11][INFO] SIM_BRIDGE: Simulation data initialized for 1024 neurons (3D). Synapses: 0. GPU memory: 27.1GB/51.2GB (53.0%)
[2026-06-13 18:54:14][INFO] SIM_BRIDGE: NumPy backend (CPU (NumPy backend), 47.7 GB RAM available)
[2026-06-13 18:54:14][INFO] SIM_BRIDGE: Initializing simulation data for model: IZHIKEVICH (3D)... (playback_init: False)
[2026-06-13 18:54:14][INFO] SIM_BRIDGE: RNG initialized with seed: 44
[2026-06-13 18:54:14][INFO] SIM_BRIDGE: Initializing Izhikevich model specifics for 768 neurons...
[2026-06-13 18:54:14][INFO] SIM_BRIDGE: Applying parameter heterogeneity to neuron parameters...
[2026-06-13 18:54:14][INFO] SIM_BRIDGE: Applied heterogeneity to 4 parameters.
[2026-06-13 18:54:14][INFO] SIM_BRIDGE: Initializing OU process state (tau=15.0ms, sigma=0.0pA)...
[2026-06-13 18:54:14][INFO] SIM_BRIDGE: Generating 3D neuron positions for 768 neurons...
[2026-06-13 18:54:14][INFO] SIM_BRIDGE: Generating connections (3D)...
[2026-06-13 18:54:14][INFO] SIM_BRIDGE: Simulation data initialized for 768 neurons (3D). Synapses: 0. GPU memory: 26.8GB/51.2GB (52.3%)
[2026-06-13 18:54:31][INFO] SIM_BRIDGE: NumPy backend (CPU (NumPy backend), 47.7 GB RAM available)
[2026-06-13 18:54:31][INFO] SIM_BRIDGE: Initializing simulation data for model: IZHIKEVICH (3D)... (playback_init: False)
[2026-06-13 18:54:31][INFO] SIM_BRIDGE: RNG initialized with seed: 44
[2026-06-13 18:54:31][INFO] SIM_BRIDGE: Initializing Izhikevich model specifics for 512 neurons...
[2026-06-13 18:54:31][INFO] SIM_BRIDGE: Applying parameter heterogeneity to neuron parameters...
[2026-06-13 18:54:31][INFO] SIM_BRIDGE: Applied heterogeneity to 4 parameters.
[2026-06-13 18:54:31][INFO] SIM_BRIDGE: Initializing OU process state (tau=15.0ms, sigma=0.0pA)...
[2026-06-13 18:54:31][INFO] SIM_BRIDGE: Generating 3D neuron positions for 512 neurons...
[2026-06-13 18:54:31][INFO] SIM_BRIDGE: Generating connections (3D)...
[2026-06-13 18:54:31][INFO] SIM_BRIDGE: Simulation data initialized for 512 neurons (3D). Synapses: 0. GPU memory: 27.1GB/51.2GB (52.9%)
[2026-06-13 18:54:31][INFO] SIM_BRIDGE: NumPy backend (CPU (NumPy backend), 47.7 GB RAM available)
[2026-06-13 18:54:31][INFO] SIM_BRIDGE: Initializing simulation data for model: IZHIKEVICH (3D)... (playback_init: False)
[2026-06-13 18:54:31][INFO] SIM_BRIDGE: RNG initialized with seed: 44
[2026-06-13 18:54:31][INFO] SIM_BRIDGE: Initializing Izhikevich model specifics for 1024 neurons...
[2026-06-13 18:54:31][INFO] SIM_BRIDGE: Applying parameter heterogeneity to neuron parameters...
[2026-06-13 18:54:31][INFO] SIM_BRIDGE: Applied heterogeneity to 4 parameters.
[2026-06-13 18:54:31][INFO] SIM_BRIDGE: Initializing OU process state (tau=15.0ms, sigma=0.0pA)...
[2026-06-13 18:54:31][INFO] SIM_BRIDGE: Generating 3D neuron positions for 1024 neurons...
[2026-06-13 18:54:31][INFO] SIM_BRIDGE: Generating connections (3D)...
[2026-06-13 18:54:31][INFO] SIM_BRIDGE: Simulation data initialized for 1024 neurons (3D). Synapses: 0. GPU memory: 27.1GB/51.2GB (52.9%)
[2026-06-13 18:54:34][INFO] SIM_BRIDGE: NumPy backend (CPU (NumPy backend), 47.7 GB RAM available)
[2026-06-13 18:54:34][INFO] SIM_BRIDGE: Initializing simulation data for model: IZHIKEVICH (3D)... (playback_init: False)
[2026-06-13 18:54:34][INFO] SIM_BRIDGE: RNG initialized with seed: 44
[2026-06-13 18:54:34][INFO] SIM_BRIDGE: Initializing Izhikevich model specifics for 768 neurons...
[2026-06-13 18:54:34][INFO] SIM_BRIDGE: Applying parameter heterogeneity to neuron parameters...
[2026-06-13 18:54:34][INFO] SIM_BRIDGE: Applied heterogeneity to 4 parameters.
[2026-06-13 18:54:34][INFO] SIM_BRIDGE: Initializing OU process state (tau=15.0ms, sigma=0.0pA)...
[2026-06-13 18:54:34][INFO] SIM_BRIDGE: Generating 3D neuron positions for 768 neurons...
[2026-06-13 18:54:34][INFO] SIM_BRIDGE: Generating connections (3D)...
[2026-06-13 18:54:34][INFO] SIM_BRIDGE: Simulation data initialized for 768 neurons (3D). Synapses: 0. GPU memory: 26.9GB/51.2GB (52.5%)
[2026-06-13 18:54:50][INFO] SIM_BRIDGE: NumPy backend (CPU (NumPy backend), 47.7 GB RAM available)
[2026-06-13 18:54:50][INFO] SIM_BRIDGE: Initializing simulation data for model: IZHIKEVICH (3D)... (playback_init: False)
[2026-06-13 18:54:50][INFO] SIM_BRIDGE: RNG initialized with seed: 44
[2026-06-13 18:54:50][INFO] SIM_BRIDGE: Initializing Izhikevich model specifics for 512 neurons...
[2026-06-13 18:54:50][INFO] SIM_BRIDGE: Applying parameter heterogeneity to neuron parameters...
[2026-06-13 18:54:50][INFO] SIM_BRIDGE: Applied heterogeneity to 4 parameters.
[2026-06-13 18:54:50][INFO] SIM_BRIDGE: Initializing OU process state (tau=15.0ms, sigma=0.0pA)...
[2026-06-13 18:54:50][INFO] SIM_BRIDGE: Generating 3D neuron positions for 512 neurons...
[2026-06-13 18:54:50][INFO] SIM_BRIDGE: Generating connections (3D)...
[2026-06-13 18:54:50][INFO] SIM_BRIDGE: Simulation data initialized for 512 neurons (3D). Synapses: 0. GPU memory: 27.0GB/51.2GB (52.8%)
[2026-06-13 18:54:50][INFO] SIM_BRIDGE: NumPy backend (CPU (NumPy backend), 47.7 GB RAM available)
[2026-06-13 18:54:50][INFO] SIM_BRIDGE: Initializing simulation data for model: IZHIKEVICH (3D)... (playback_init: False)
[2026-06-13 18:54:50][INFO] SIM_BRIDGE: RNG initialized with seed: 44
[2026-06-13 18:54:50][INFO] SIM_BRIDGE: Initializing Izhikevich model specifics for 1024 neurons...
[2026-06-13 18:54:50][INFO] SIM_BRIDGE: Applying parameter heterogeneity to neuron parameters...
[2026-06-13 18:54:50][INFO] SIM_BRIDGE: Applied heterogeneity to 4 parameters.
[2026-06-13 18:54:50][INFO] SIM_BRIDGE: Initializing OU process state (tau=15.0ms, sigma=0.0pA)...
[2026-06-13 18:54:50][INFO] SIM_BRIDGE: Generating 3D neuron positions for 1024 neurons...
[2026-06-13 18:54:50][INFO] SIM_BRIDGE: Generating connections (3D)...
[2026-06-13 18:54:50][INFO] SIM_BRIDGE: Simulation data initialized for 1024 neurons (3D). Synapses: 0. GPU memory: 27.0GB/51.2GB (52.8%)
[2026-06-13 18:54:53][INFO] SIM_BRIDGE: NumPy backend (CPU (NumPy backend), 47.7 GB RAM available)
[2026-06-13 18:54:53][INFO] SIM_BRIDGE: Initializing simulation data for model: IZHIKEVICH (3D)... (playback_init: False)
[2026-06-13 18:54:53][INFO] SIM_BRIDGE: RNG initialized with seed: 44
[2026-06-13 18:54:53][INFO] SIM_BRIDGE: Initializing Izhikevich model specifics for 768 neurons...
[2026-06-13 18:54:53][INFO] SIM_BRIDGE: Applying parameter heterogeneity to neuron parameters...
[2026-06-13 18:54:53][INFO] SIM_BRIDGE: Applied heterogeneity to 4 parameters.
[2026-06-13 18:54:53][INFO] SIM_BRIDGE: Initializing OU process state (tau=15.0ms, sigma=0.0pA)...
[2026-06-13 18:54:53][INFO] SIM_BRIDGE: Generating 3D neuron positions for 768 neurons...
[2026-06-13 18:54:53][INFO] SIM_BRIDGE: Generating connections (3D)...
[2026-06-13 18:54:53][INFO] SIM_BRIDGE: Simulation data initialized for 768 neurons (3D). Synapses: 0. GPU memory: 27.2GB/51.2GB (53.2%)
[2026-06-13 18:55:09][INFO] SIM_BRIDGE: NumPy backend (CPU (NumPy backend), 47.7 GB RAM available)
[2026-06-13 18:55:09][INFO] SIM_BRIDGE: Initializing simulation data for model: IZHIKEVICH (3D)... (playback_init: False)
[2026-06-13 18:55:09][INFO] SIM_BRIDGE: RNG initialized with seed: 44
[2026-06-13 18:55:09][INFO] SIM_BRIDGE: Initializing Izhikevich model specifics for 512 neurons...
[2026-06-13 18:55:09][INFO] SIM_BRIDGE: Applying parameter heterogeneity to neuron parameters...
[2026-06-13 18:55:09][INFO] SIM_BRIDGE: Applied heterogeneity to 4 parameters.
[2026-06-13 18:55:09][INFO] SIM_BRIDGE: Initializing OU process state (tau=15.0ms, sigma=0.0pA)...
[2026-06-13 18:55:09][INFO] SIM_BRIDGE: Generating 3D neuron positions for 512 neurons...
[2026-06-13 18:55:09][INFO] SIM_BRIDGE: Generating connections (3D)...
[2026-06-13 18:55:10][INFO] SIM_BRIDGE: Simulation data initialized for 512 neurons (3D). Synapses: 0. GPU memory: 26.9GB/51.2GB (52.4%)
[2026-06-13 18:55:10][INFO] SIM_BRIDGE: NumPy backend (CPU (NumPy backend), 47.7 GB RAM available)
[2026-06-13 18:55:10][INFO] SIM_BRIDGE: Initializing simulation data for model: IZHIKEVICH (3D)... (playback_init: False)
[2026-06-13 18:55:10][INFO] SIM_BRIDGE: RNG initialized with seed: 44
[2026-06-13 18:55:10][INFO] SIM_BRIDGE: Initializing Izhikevich model specifics for 1024 neurons...
[2026-06-13 18:55:10][INFO] SIM_BRIDGE: Applying parameter heterogeneity to neuron parameters...
[2026-06-13 18:55:10][INFO] SIM_BRIDGE: Applied heterogeneity to 4 parameters.
[2026-06-13 18:55:10][INFO] SIM_BRIDGE: Initializing OU process state (tau=15.0ms, sigma=0.0pA)...
[2026-06-13 18:55:10][INFO] SIM_BRIDGE: Generating 3D neuron positions for 1024 neurons...
[2026-06-13 18:55:10][INFO] SIM_BRIDGE: Generating connections (3D)...
[2026-06-13 18:55:10][INFO] SIM_BRIDGE: Simulation data initialized for 1024 neurons (3D). Synapses: 0. GPU memory: 26.9GB/51.2GB (52.4%)
[2026-06-13 18:55:12][INFO] SIM_BRIDGE: NumPy backend (CPU (NumPy backend), 47.7 GB RAM available)
[2026-06-13 18:55:12][INFO] SIM_BRIDGE: Initializing simulation data for model: IZHIKEVICH (3D)... (playback_init: False)
[2026-06-13 18:55:12][INFO] SIM_BRIDGE: RNG initialized with seed: 44
[2026-06-13 18:55:12][INFO] SIM_BRIDGE: Initializing Izhikevich model specifics for 768 neurons...
[2026-06-13 18:55:12][INFO] SIM_BRIDGE: Applying parameter heterogeneity to neuron parameters...
[2026-06-13 18:55:12][INFO] SIM_BRIDGE: Applied heterogeneity to 4 parameters.
[2026-06-13 18:55:12][INFO] SIM_BRIDGE: Initializing OU process state (tau=15.0ms, sigma=0.0pA)...
[2026-06-13 18:55:12][INFO] SIM_BRIDGE: Generating 3D neuron positions for 768 neurons...
[2026-06-13 18:55:12][INFO] SIM_BRIDGE: Generating connections (3D)...
[2026-06-13 18:55:12][INFO] SIM_BRIDGE: Simulation data initialized for 768 neurons (3D). Synapses: 0. GPU memory: 27.0GB/51.2GB (52.6%)
[2026-06-13 18:55:29][INFO] SIM_BRIDGE: NumPy backend (CPU (NumPy backend), 47.7 GB RAM available)
[2026-06-13 18:55:29][INFO] SIM_BRIDGE: Initializing simulation data for model: IZHIKEVICH (3D)... (playback_init: False)
[2026-06-13 18:55:29][INFO] SIM_BRIDGE: RNG initialized with seed: 44
[2026-06-13 18:55:29][INFO] SIM_BRIDGE: Initializing Izhikevich model specifics for 512 neurons...
[2026-06-13 18:55:29][INFO] SIM_BRIDGE: Applying parameter heterogeneity to neuron parameters...
[2026-06-13 18:55:29][INFO] SIM_BRIDGE: Applied heterogeneity to 4 parameters.
[2026-06-13 18:55:29][INFO] SIM_BRIDGE: Initializing OU process state (tau=15.0ms, sigma=0.0pA)...
[2026-06-13 18:55:29][INFO] SIM_BRIDGE: Generating 3D neuron positions for 512 neurons...
[2026-06-13 18:55:29][INFO] SIM_BRIDGE: Generating connections (3D)...
[2026-06-13 18:55:29][INFO] SIM_BRIDGE: Simulation data initialized for 512 neurons (3D). Synapses: 0. GPU memory: 27.0GB/51.2GB (52.6%)
[2026-06-13 18:55:29][INFO] SIM_BRIDGE: NumPy backend (CPU (NumPy backend), 47.7 GB RAM available)
[2026-06-13 18:55:29][INFO] SIM_BRIDGE: Initializing simulation data for model: IZHIKEVICH (3D)... (playback_init: False)
[2026-06-13 18:55:29][INFO] SIM_BRIDGE: RNG initialized with seed: 44
[2026-06-13 18:55:29][INFO] SIM_BRIDGE: Initializing Izhikevich model specifics for 1024 neurons...
[2026-06-13 18:55:29][INFO] SIM_BRIDGE: Applying parameter heterogeneity to neuron parameters...
[2026-06-13 18:55:29][INFO] SIM_BRIDGE: Applied heterogeneity to 4 parameters.
[2026-06-13 18:55:29][INFO] SIM_BRIDGE: Initializing OU process state (tau=15.0ms, sigma=0.0pA)...
[2026-06-13 18:55:29][INFO] SIM_BRIDGE: Generating 3D neuron positions for 1024 neurons...
[2026-06-13 18:55:29][INFO] SIM_BRIDGE: Generating connections (3D)...
[2026-06-13 18:55:29][INFO] SIM_BRIDGE: Simulation data initialized for 1024 neurons (3D). Synapses: 0. GPU memory: 27.0GB/51.2GB (52.6%)
[2026-06-13 18:55:32][INFO] SIM_BRIDGE: NumPy backend (CPU (NumPy backend), 47.7 GB RAM available)
[2026-06-13 18:55:32][INFO] SIM_BRIDGE: Initializing simulation data for model: IZHIKEVICH (3D)... (playback_init: False)
[2026-06-13 18:55:32][INFO] SIM_BRIDGE: RNG initialized with seed: 44
[2026-06-13 18:55:32][INFO] SIM_BRIDGE: Initializing Izhikevich model specifics for 768 neurons...
[2026-06-13 18:55:32][INFO] SIM_BRIDGE: Applying parameter heterogeneity to neuron parameters...
[2026-06-13 18:55:32][INFO] SIM_BRIDGE: Applied heterogeneity to 4 parameters.
[2026-06-13 18:55:32][INFO] SIM_BRIDGE: Initializing OU process state (tau=15.0ms, sigma=0.0pA)...
[2026-06-13 18:55:32][INFO] SIM_BRIDGE: Generating 3D neuron positions for 768 neurons...
[2026-06-13 18:55:32][INFO] SIM_BRIDGE: Generating connections (3D)...
[2026-06-13 18:55:32][INFO] SIM_BRIDGE: Simulation data initialized for 768 neurons (3D). Synapses: 0. GPU memory: 27.1GB/51.2GB (52.8%)
[2026-06-13 18:55:49][INFO] SIM_BRIDGE: NumPy backend (CPU (NumPy backend), 47.7 GB RAM available)
[2026-06-13 18:55:49][INFO] SIM_BRIDGE: Initializing simulation data for model: IZHIKEVICH (3D)... (playback_init: False)
[2026-06-13 18:55:49][INFO] SIM_BRIDGE: RNG initialized with seed: 44
[2026-06-13 18:55:49][INFO] SIM_BRIDGE: Initializing Izhikevich model specifics for 512 neurons...
[2026-06-13 18:55:49][INFO] SIM_BRIDGE: Applying parameter heterogeneity to neuron parameters...
[2026-06-13 18:55:49][INFO] SIM_BRIDGE: Applied heterogeneity to 4 parameters.
[2026-06-13 18:55:49][INFO] SIM_BRIDGE: Initializing OU process state (tau=15.0ms, sigma=0.0pA)...
[2026-06-13 18:55:49][INFO] SIM_BRIDGE: Generating 3D neuron positions for 512 neurons...
[2026-06-13 18:55:49][INFO] SIM_BRIDGE: Generating connections (3D)...
[2026-06-13 18:55:49][INFO] SIM_BRIDGE: Simulation data initialized for 512 neurons (3D). Synapses: 0. GPU memory: 27.2GB/51.2GB (53.0%)
[2026-06-13 18:55:49][INFO] SIM_BRIDGE: NumPy backend (CPU (NumPy backend), 47.7 GB RAM available)
[2026-06-13 18:55:49][INFO] SIM_BRIDGE: Initializing simulation data for model: IZHIKEVICH (3D)... (playback_init: False)
[2026-06-13 18:55:49][INFO] SIM_BRIDGE: RNG initialized with seed: 44
[2026-06-13 18:55:49][INFO] SIM_BRIDGE: Initializing Izhikevich model specifics for 1024 neurons...
[2026-06-13 18:55:49][INFO] SIM_BRIDGE: Applying parameter heterogeneity to neuron parameters...
[2026-06-13 18:55:49][INFO] SIM_BRIDGE: Applied heterogeneity to 4 parameters.
[2026-06-13 18:55:49][INFO] SIM_BRIDGE: Initializing OU process state (tau=15.0ms, sigma=0.0pA)...
[2026-06-13 18:55:49][INFO] SIM_BRIDGE: Generating 3D neuron positions for 1024 neurons...
[2026-06-13 18:55:49][INFO] SIM_BRIDGE: Generating connections (3D)...
[2026-06-13 18:55:49][INFO] SIM_BRIDGE: Simulation data initialized for 1024 neurons (3D). Synapses: 0. GPU memory: 27.2GB/51.2GB (53.0%)
[2026-06-13 18:55:50][INFO] SIM_BRIDGE: NumPy backend (CPU (NumPy backend), 47.7 GB RAM available)
[2026-06-13 18:55:50][INFO] SIM_BRIDGE: Initializing simulation data for model: IZHIKEVICH (3D)... (playback_init: False)
[2026-06-13 18:55:50][INFO] SIM_BRIDGE: RNG initialized with seed: 44
[2026-06-13 18:55:50][INFO] SIM_BRIDGE: Initializing Izhikevich model specifics for 768 neurons...
[2026-06-13 18:55:50][INFO] SIM_BRIDGE: Applying parameter heterogeneity to neuron parameters...
[2026-06-13 18:55:50][INFO] SIM_BRIDGE: Applied heterogeneity to 4 parameters.
[2026-06-13 18:55:50][INFO] SIM_BRIDGE: Initializing OU process state (tau=15.0ms, sigma=0.0pA)...
[2026-06-13 18:55:50][INFO] SIM_BRIDGE: Generating 3D neuron positions for 768 neurons...
[2026-06-13 18:55:50][INFO] SIM_BRIDGE: Generating connections (3D)...
[2026-06-13 18:55:50][INFO] SIM_BRIDGE: Simulation data initialized for 768 neurons (3D). Synapses: 0. GPU memory: 27.3GB/51.2GB (53.3%)
    [  mammals] B1 gen acc=1.000 (chance=0.250, 4.0x)  B2 fa=0 abstains_all=True  | C1 perm B1=0.219 collapses=True
[2026-06-13 18:56:24][INFO] SIM_BRIDGE: NumPy backend (CPU (NumPy backend), 47.7 GB RAM available)
[2026-06-13 18:56:24][INFO] SIM_BRIDGE: Initializing simulation data for model: IZHIKEVICH (3D)... (playback_init: False)
[2026-06-13 18:56:24][INFO] SIM_BRIDGE: RNG initialized with seed: 44
[2026-06-13 18:56:24][INFO] SIM_BRIDGE: Initializing Izhikevich model specifics for 512 neurons...
[2026-06-13 18:56:24][INFO] SIM_BRIDGE: Applying parameter heterogeneity to neuron parameters...
[2026-06-13 18:56:24][INFO] SIM_BRIDGE: Applied heterogeneity to 4 parameters.
[2026-06-13 18:56:24][INFO] SIM_BRIDGE: Initializing OU process state (tau=15.0ms, sigma=0.0pA)...
[2026-06-13 18:56:24][INFO] SIM_BRIDGE: Generating 3D neuron positions for 512 neurons...
[2026-06-13 18:56:24][INFO] SIM_BRIDGE: Generating connections (3D)...
[2026-06-13 18:56:24][INFO] SIM_BRIDGE: Simulation data initialized for 512 neurons (3D). Synapses: 0. GPU memory: 26.8GB/51.2GB (52.3%)
[2026-06-13 18:56:24][INFO] SIM_BRIDGE: NumPy backend (CPU (NumPy backend), 47.7 GB RAM available)
[2026-06-13 18:56:24][INFO] SIM_BRIDGE: Initializing simulation data for model: IZHIKEVICH (3D)... (playback_init: False)
[2026-06-13 18:56:24][INFO] SIM_BRIDGE: RNG initialized with seed: 44
[2026-06-13 18:56:24][INFO] SIM_BRIDGE: Initializing Izhikevich model specifics for 1024 neurons...
[2026-06-13 18:56:24][INFO] SIM_BRIDGE: Applying parameter heterogeneity to neuron parameters...
[2026-06-13 18:56:24][INFO] SIM_BRIDGE: Applied heterogeneity to 4 parameters.
[2026-06-13 18:56:24][INFO] SIM_BRIDGE: Initializing OU process state (tau=15.0ms, sigma=0.0pA)...
[2026-06-13 18:56:24][INFO] SIM_BRIDGE: Generating 3D neuron positions for 1024 neurons...
[2026-06-13 18:56:24][INFO] SIM_BRIDGE: Generating connections (3D)...
[2026-06-13 18:56:24][INFO] SIM_BRIDGE: Simulation data initialized for 1024 neurons (3D). Synapses: 0. GPU memory: 26.8GB/51.2GB (52.3%)
[2026-06-13 18:56:27][INFO] SIM_BRIDGE: NumPy backend (CPU (NumPy backend), 47.7 GB RAM available)
[2026-06-13 18:56:27][INFO] SIM_BRIDGE: Initializing simulation data for model: IZHIKEVICH (3D)... (playback_init: False)
[2026-06-13 18:56:27][INFO] SIM_BRIDGE: RNG initialized with seed: 44
[2026-06-13 18:56:27][INFO] SIM_BRIDGE: Initializing Izhikevich model specifics for 768 neurons...
[2026-06-13 18:56:27][INFO] SIM_BRIDGE: Applying parameter heterogeneity to neuron parameters...
[2026-06-13 18:56:27][INFO] SIM_BRIDGE: Applied heterogeneity to 4 parameters.
[2026-06-13 18:56:27][INFO] SIM_BRIDGE: Initializing OU process state (tau=15.0ms, sigma=0.0pA)...
[2026-06-13 18:56:27][INFO] SIM_BRIDGE: Generating 3D neuron positions for 768 neurons...
[2026-06-13 18:56:27][INFO] SIM_BRIDGE: Generating connections (3D)...
[2026-06-13 18:56:27][INFO] SIM_BRIDGE: Simulation data initialized for 768 neurons (3D). Synapses: 0. GPU memory: 27.0GB/51.2GB (52.7%)
[2026-06-13 18:56:44][INFO] SIM_BRIDGE: NumPy backend (CPU (NumPy backend), 47.7 GB RAM available)
[2026-06-13 18:56:44][INFO] SIM_BRIDGE: Initializing simulation data for model: IZHIKEVICH (3D)... (playback_init: False)
[2026-06-13 18:56:44][INFO] SIM_BRIDGE: RNG initialized with seed: 44
[2026-06-13 18:56:44][INFO] SIM_BRIDGE: Initializing Izhikevich model specifics for 512 neurons...
[2026-06-13 18:56:44][INFO] SIM_BRIDGE: Applying parameter heterogeneity to neuron parameters...
[2026-06-13 18:56:44][INFO] SIM_BRIDGE: Applied heterogeneity to 4 parameters.
[2026-06-13 18:56:44][INFO] SIM_BRIDGE: Initializing OU process state (tau=15.0ms, sigma=0.0pA)...
[2026-06-13 18:56:44][INFO] SIM_BRIDGE: Generating 3D neuron positions for 512 neurons...
[2026-06-13 18:56:44][INFO] SIM_BRIDGE: Generating connections (3D)...
[2026-06-13 18:56:44][INFO] SIM_BRIDGE: Simulation data initialized for 512 neurons (3D). Synapses: 0. GPU memory: 26.9GB/51.2GB (52.4%)
[2026-06-13 18:56:44][INFO] SIM_BRIDGE: NumPy backend (CPU (NumPy backend), 47.7 GB RAM available)
[2026-06-13 18:56:44][INFO] SIM_BRIDGE: Initializing simulation data for model: IZHIKEVICH (3D)... (playback_init: False)
[2026-06-13 18:56:44][INFO] SIM_BRIDGE: RNG initialized with seed: 44
[2026-06-13 18:56:44][INFO] SIM_BRIDGE: Initializing Izhikevich model specifics for 1024 neurons...
[2026-06-13 18:56:44][INFO] SIM_BRIDGE: Applying parameter heterogeneity to neuron parameters...
[2026-06-13 18:56:44][INFO] SIM_BRIDGE: Applied heterogeneity to 4 parameters.
[2026-06-13 18:56:44][INFO] SIM_BRIDGE: Initializing OU process state (tau=15.0ms, sigma=0.0pA)...
[2026-06-13 18:56:44][INFO] SIM_BRIDGE: Generating 3D neuron positions for 1024 neurons...
[2026-06-13 18:56:44][INFO] SIM_BRIDGE: Generating connections (3D)...
[2026-06-13 18:56:44][INFO] SIM_BRIDGE: Simulation data initialized for 1024 neurons (3D). Synapses: 0. GPU memory: 26.9GB/51.2GB (52.4%)
[2026-06-13 18:56:47][INFO] SIM_BRIDGE: NumPy backend (CPU (NumPy backend), 47.7 GB RAM available)
[2026-06-13 18:56:47][INFO] SIM_BRIDGE: Initializing simulation data for model: IZHIKEVICH (3D)... (playback_init: False)
[2026-06-13 18:56:47][INFO] SIM_BRIDGE: RNG initialized with seed: 44
[2026-06-13 18:56:47][INFO] SIM_BRIDGE: Initializing Izhikevich model specifics for 768 neurons...
[2026-06-13 18:56:47][INFO] SIM_BRIDGE: Applying parameter heterogeneity to neuron parameters...
[2026-06-13 18:56:47][INFO] SIM_BRIDGE: Applied heterogeneity to 4 parameters.
[2026-06-13 18:56:47][INFO] SIM_BRIDGE: Initializing OU process state (tau=15.0ms, sigma=0.0pA)...
[2026-06-13 18:56:47][INFO] SIM_BRIDGE: Generating 3D neuron positions for 768 neurons...
[2026-06-13 18:56:47][INFO] SIM_BRIDGE: Generating connections (3D)...
[2026-06-13 18:56:47][INFO] SIM_BRIDGE: Simulation data initialized for 768 neurons (3D). Synapses: 0. GPU memory: 26.7GB/51.2GB (52.1%)
[2026-06-13 18:57:03][INFO] SIM_BRIDGE: NumPy backend (CPU (NumPy backend), 47.7 GB RAM available)
[2026-06-13 18:57:03][INFO] SIM_BRIDGE: Initializing simulation data for model: IZHIKEVICH (3D)... (playback_init: False)
[2026-06-13 18:57:03][INFO] SIM_BRIDGE: RNG initialized with seed: 44
[2026-06-13 18:57:03][INFO] SIM_BRIDGE: Initializing Izhikevich model specifics for 512 neurons...
[2026-06-13 18:57:03][INFO] SIM_BRIDGE: Applying parameter heterogeneity to neuron parameters...
[2026-06-13 18:57:03][INFO] SIM_BRIDGE: Applied heterogeneity to 4 parameters.
[2026-06-13 18:57:03][INFO] SIM_BRIDGE: Initializing OU process state (tau=15.0ms, sigma=0.0pA)...
[2026-06-13 18:57:03][INFO] SIM_BRIDGE: Generating 3D neuron positions for 512 neurons...
[2026-06-13 18:57:03][INFO] SIM_BRIDGE: Generating connections (3D)...
[2026-06-13 18:57:03][INFO] SIM_BRIDGE: Simulation data initialized for 512 neurons (3D). Synapses: 0. GPU memory: 26.9GB/51.2GB (52.4%)
[2026-06-13 18:57:03][INFO] SIM_BRIDGE: NumPy backend (CPU (NumPy backend), 47.7 GB RAM available)
[2026-06-13 18:57:03][INFO] SIM_BRIDGE: Initializing simulation data for model: IZHIKEVICH (3D)... (playback_init: False)
[2026-06-13 18:57:03][INFO] SIM_BRIDGE: RNG initialized with seed: 44
[2026-06-13 18:57:03][INFO] SIM_BRIDGE: Initializing Izhikevich model specifics for 1024 neurons...
[2026-06-13 18:57:03][INFO] SIM_BRIDGE: Applying parameter heterogeneity to neuron parameters...
[2026-06-13 18:57:03][INFO] SIM_BRIDGE: Applied heterogeneity to 4 parameters.
[2026-06-13 18:57:03][INFO] SIM_BRIDGE: Initializing OU process state (tau=15.0ms, sigma=0.0pA)...
[2026-06-13 18:57:03][INFO] SIM_BRIDGE: Generating 3D neuron positions for 1024 neurons...
[2026-06-13 18:57:03][INFO] SIM_BRIDGE: Generating connections (3D)...
[2026-06-13 18:57:03][INFO] SIM_BRIDGE: Simulation data initialized for 1024 neurons (3D). Synapses: 0. GPU memory: 26.9GB/51.2GB (52.4%)
[2026-06-13 18:57:06][INFO] SIM_BRIDGE: NumPy backend (CPU (NumPy backend), 47.7 GB RAM available)
[2026-06-13 18:57:06][INFO] SIM_BRIDGE: Initializing simulation data for model: IZHIKEVICH (3D)... (playback_init: False)
[2026-06-13 18:57:06][INFO] SIM_BRIDGE: RNG initialized with seed: 44
[2026-06-13 18:57:06][INFO] SIM_BRIDGE: Initializing Izhikevich model specifics for 768 neurons...
[2026-06-13 18:57:06][INFO] SIM_BRIDGE: Applying parameter heterogeneity to neuron parameters...
[2026-06-13 18:57:06][INFO] SIM_BRIDGE: Applied heterogeneity to 4 parameters.
[2026-06-13 18:57:06][INFO] SIM_BRIDGE: Initializing OU process state (tau=15.0ms, sigma=0.0pA)...
[2026-06-13 18:57:06][INFO] SIM_BRIDGE: Generating 3D neuron positions for 768 neurons...
[2026-06-13 18:57:06][INFO] SIM_BRIDGE: Generating connections (3D)...
[2026-06-13 18:57:06][INFO] SIM_BRIDGE: Simulation data initialized for 768 neurons (3D). Synapses: 0. GPU memory: 27.0GB/51.2GB (52.7%)
[2026-06-13 18:57:23][INFO] SIM_BRIDGE: NumPy backend (CPU (NumPy backend), 47.7 GB RAM available)
[2026-06-13 18:57:23][INFO] SIM_BRIDGE: Initializing simulation data for model: IZHIKEVICH (3D)... (playback_init: False)
[2026-06-13 18:57:23][INFO] SIM_BRIDGE: RNG initialized with seed: 44
[2026-06-13 18:57:23][INFO] SIM_BRIDGE: Initializing Izhikevich model specifics for 512 neurons...
[2026-06-13 18:57:23][INFO] SIM_BRIDGE: Applying parameter heterogeneity to neuron parameters...
[2026-06-13 18:57:23][INFO] SIM_BRIDGE: Applied heterogeneity to 4 parameters.
[2026-06-13 18:57:23][INFO] SIM_BRIDGE: Initializing OU process state (tau=15.0ms, sigma=0.0pA)...
[2026-06-13 18:57:23][INFO] SIM_BRIDGE: Generating 3D neuron positions for 512 neurons...
[2026-06-13 18:57:23][INFO] SIM_BRIDGE: Generating connections (3D)...
[2026-06-13 18:57:23][INFO] SIM_BRIDGE: Simulation data initialized for 512 neurons (3D). Synapses: 0. GPU memory: 27.1GB/51.2GB (52.8%)
[2026-06-13 18:57:23][INFO] SIM_BRIDGE: NumPy backend (CPU (NumPy backend), 47.7 GB RAM available)
[2026-06-13 18:57:23][INFO] SIM_BRIDGE: Initializing simulation data for model: IZHIKEVICH (3D)... (playback_init: False)
[2026-06-13 18:57:23][INFO] SIM_BRIDGE: RNG initialized with seed: 44
[2026-06-13 18:57:23][INFO] SIM_BRIDGE: Initializing Izhikevich model specifics for 1024 neurons...
[2026-06-13 18:57:23][INFO] SIM_BRIDGE: Applying parameter heterogeneity to neuron parameters...
[2026-06-13 18:57:23][INFO] SIM_BRIDGE: Applied heterogeneity to 4 parameters.
[2026-06-13 18:57:23][INFO] SIM_BRIDGE: Initializing OU process state (tau=15.0ms, sigma=0.0pA)...
[2026-06-13 18:57:23][INFO] SIM_BRIDGE: Generating 3D neuron positions for 1024 neurons...
[2026-06-13 18:57:23][INFO] SIM_BRIDGE: Generating connections (3D)...
[2026-06-13 18:57:23][INFO] SIM_BRIDGE: Simulation data initialized for 1024 neurons (3D). Synapses: 0. GPU memory: 27.1GB/51.2GB (52.8%)
[2026-06-13 18:57:26][INFO] SIM_BRIDGE: NumPy backend (CPU (NumPy backend), 47.7 GB RAM available)
[2026-06-13 18:57:26][INFO] SIM_BRIDGE: Initializing simulation data for model: IZHIKEVICH (3D)... (playback_init: False)
[2026-06-13 18:57:26][INFO] SIM_BRIDGE: RNG initialized with seed: 44
[2026-06-13 18:57:26][INFO] SIM_BRIDGE: Initializing Izhikevich model specifics for 768 neurons...
[2026-06-13 18:57:26][INFO] SIM_BRIDGE: Applying parameter heterogeneity to neuron parameters...
[2026-06-13 18:57:26][INFO] SIM_BRIDGE: Applied heterogeneity to 4 parameters.
[2026-06-13 18:57:26][INFO] SIM_BRIDGE: Initializing OU process state (tau=15.0ms, sigma=0.0pA)...
[2026-06-13 18:57:26][INFO] SIM_BRIDGE: Generating 3D neuron positions for 768 neurons...
[2026-06-13 18:57:26][INFO] SIM_BRIDGE: Generating connections (3D)...
[2026-06-13 18:57:26][INFO] SIM_BRIDGE: Simulation data initialized for 768 neurons (3D). Synapses: 0. GPU memory: 27.2GB/51.2GB (53.0%)
[2026-06-13 18:57:43][INFO] SIM_BRIDGE: NumPy backend (CPU (NumPy backend), 47.7 GB RAM available)
[2026-06-13 18:57:43][INFO] SIM_BRIDGE: Initializing simulation data for model: IZHIKEVICH (3D)... (playback_init: False)
[2026-06-13 18:57:43][INFO] SIM_BRIDGE: RNG initialized with seed: 44
[2026-06-13 18:57:43][INFO] SIM_BRIDGE: Initializing Izhikevich model specifics for 512 neurons...
[2026-06-13 18:57:43][INFO] SIM_BRIDGE: Applying parameter heterogeneity to neuron parameters...
[2026-06-13 18:57:43][INFO] SIM_BRIDGE: Applied heterogeneity to 4 parameters.
[2026-06-13 18:57:43][INFO] SIM_BRIDGE: Initializing OU process state (tau=15.0ms, sigma=0.0pA)...
[2026-06-13 18:57:43][INFO] SIM_BRIDGE: Generating 3D neuron positions for 512 neurons...
[2026-06-13 18:57:43][INFO] SIM_BRIDGE: Generating connections (3D)...
[2026-06-13 18:57:43][INFO] SIM_BRIDGE: Simulation data initialized for 512 neurons (3D). Synapses: 0. GPU memory: 26.9GB/51.2GB (52.5%)
[2026-06-13 18:57:43][INFO] SIM_BRIDGE: NumPy backend (CPU (NumPy backend), 47.7 GB RAM available)
[2026-06-13 18:57:43][INFO] SIM_BRIDGE: Initializing simulation data for model: IZHIKEVICH (3D)... (playback_init: False)
[2026-06-13 18:57:43][INFO] SIM_BRIDGE: RNG initialized with seed: 44
[2026-06-13 18:57:43][INFO] SIM_BRIDGE: Initializing Izhikevich model specifics for 1024 neurons...
[2026-06-13 18:57:43][INFO] SIM_BRIDGE: Applying parameter heterogeneity to neuron parameters...
[2026-06-13 18:57:43][INFO] SIM_BRIDGE: Applied heterogeneity to 4 parameters.
[2026-06-13 18:57:43][INFO] SIM_BRIDGE: Initializing OU process state (tau=15.0ms, sigma=0.0pA)...
[2026-06-13 18:57:43][INFO] SIM_BRIDGE: Generating 3D neuron positions for 1024 neurons...
[2026-06-13 18:57:43][INFO] SIM_BRIDGE: Generating connections (3D)...
[2026-06-13 18:57:43][INFO] SIM_BRIDGE: Simulation data initialized for 1024 neurons (3D). Synapses: 0. GPU memory: 26.9GB/51.2GB (52.5%)
[2026-06-13 18:57:46][INFO] SIM_BRIDGE: NumPy backend (CPU (NumPy backend), 47.7 GB RAM available)
[2026-06-13 18:57:46][INFO] SIM_BRIDGE: Initializing simulation data for model: IZHIKEVICH (3D)... (playback_init: False)
[2026-06-13 18:57:46][INFO] SIM_BRIDGE: RNG initialized with seed: 44
[2026-06-13 18:57:46][INFO] SIM_BRIDGE: Initializing Izhikevich model specifics for 768 neurons...
[2026-06-13 18:57:46][INFO] SIM_BRIDGE: Applying parameter heterogeneity to neuron parameters...
[2026-06-13 18:57:46][INFO] SIM_BRIDGE: Applied heterogeneity to 4 parameters.
[2026-06-13 18:57:46][INFO] SIM_BRIDGE: Initializing OU process state (tau=15.0ms, sigma=0.0pA)...
[2026-06-13 18:57:46][INFO] SIM_BRIDGE: Generating 3D neuron positions for 768 neurons...
[2026-06-13 18:57:46][INFO] SIM_BRIDGE: Generating connections (3D)...
[2026-06-13 18:57:46][INFO] SIM_BRIDGE: Simulation data initialized for 768 neurons (3D). Synapses: 0. GPU memory: 26.6GB/51.2GB (52.0%)
[2026-06-13 18:58:03][INFO] SIM_BRIDGE: NumPy backend (CPU (NumPy backend), 47.7 GB RAM available)
[2026-06-13 18:58:03][INFO] SIM_BRIDGE: Initializing simulation data for model: IZHIKEVICH (3D)... (playback_init: False)
[2026-06-13 18:58:03][INFO] SIM_BRIDGE: RNG initialized with seed: 44
[2026-06-13 18:58:03][INFO] SIM_BRIDGE: Initializing Izhikevich model specifics for 512 neurons...
[2026-06-13 18:58:03][INFO] SIM_BRIDGE: Applying parameter heterogeneity to neuron parameters...
[2026-06-13 18:58:03][INFO] SIM_BRIDGE: Applied heterogeneity to 4 parameters.
[2026-06-13 18:58:03][INFO] SIM_BRIDGE: Initializing OU process state (tau=15.0ms, sigma=0.0pA)...
[2026-06-13 18:58:03][INFO] SIM_BRIDGE: Generating 3D neuron positions for 512 neurons...
[2026-06-13 18:58:03][INFO] SIM_BRIDGE: Generating connections (3D)...
[2026-06-13 18:58:03][INFO] SIM_BRIDGE: Simulation data initialized for 512 neurons (3D). Synapses: 0. GPU memory: 27.0GB/51.2GB (52.6%)
[2026-06-13 18:58:03][INFO] SIM_BRIDGE: NumPy backend (CPU (NumPy backend), 47.7 GB RAM available)
[2026-06-13 18:58:03][INFO] SIM_BRIDGE: Initializing simulation data for model: IZHIKEVICH (3D)... (playback_init: False)
[2026-06-13 18:58:03][INFO] SIM_BRIDGE: RNG initialized with seed: 44
[2026-06-13 18:58:03][INFO] SIM_BRIDGE: Initializing Izhikevich model specifics for 1024 neurons...
[2026-06-13 18:58:03][INFO] SIM_BRIDGE: Applying parameter heterogeneity to neuron parameters...
[2026-06-13 18:58:03][INFO] SIM_BRIDGE: Applied heterogeneity to 4 parameters.
[2026-06-13 18:58:03][INFO] SIM_BRIDGE: Initializing OU process state (tau=15.0ms, sigma=0.0pA)...
[2026-06-13 18:58:03][INFO] SIM_BRIDGE: Generating 3D neuron positions for 1024 neurons...
[2026-06-13 18:58:03][INFO] SIM_BRIDGE: Generating connections (3D)...
[2026-06-13 18:58:03][INFO] SIM_BRIDGE: Simulation data initialized for 1024 neurons (3D). Synapses: 0. GPU memory: 27.0GB/51.2GB (52.6%)
[2026-06-13 18:58:06][INFO] SIM_BRIDGE: NumPy backend (CPU (NumPy backend), 47.7 GB RAM available)
[2026-06-13 18:58:06][INFO] SIM_BRIDGE: Initializing simulation data for model: IZHIKEVICH (3D)... (playback_init: False)
[2026-06-13 18:58:06][INFO] SIM_BRIDGE: RNG initialized with seed: 44
[2026-06-13 18:58:06][INFO] SIM_BRIDGE: Initializing Izhikevich model specifics for 768 neurons...
[2026-06-13 18:58:06][INFO] SIM_BRIDGE: Applying parameter heterogeneity to neuron parameters...
[2026-06-13 18:58:06][INFO] SIM_BRIDGE: Applied heterogeneity to 4 parameters.
[2026-06-13 18:58:06][INFO] SIM_BRIDGE: Initializing OU process state (tau=15.0ms, sigma=0.0pA)...
[2026-06-13 18:58:06][INFO] SIM_BRIDGE: Generating 3D neuron positions for 768 neurons...
[2026-06-13 18:58:06][INFO] SIM_BRIDGE: Generating connections (3D)...
[2026-06-13 18:58:06][INFO] SIM_BRIDGE: Simulation data initialized for 768 neurons (3D). Synapses: 0. GPU memory: 26.6GB/51.2GB (52.0%)
[2026-06-13 18:58:23][INFO] SIM_BRIDGE: NumPy backend (CPU (NumPy backend), 47.7 GB RAM available)
[2026-06-13 18:58:23][INFO] SIM_BRIDGE: Initializing simulation data for model: IZHIKEVICH (3D)... (playback_init: False)
[2026-06-13 18:58:23][INFO] SIM_BRIDGE: RNG initialized with seed: 44
[2026-06-13 18:58:23][INFO] SIM_BRIDGE: Initializing Izhikevich model specifics for 512 neurons...
[2026-06-13 18:58:23][INFO] SIM_BRIDGE: Applying parameter heterogeneity to neuron parameters...
[2026-06-13 18:58:23][INFO] SIM_BRIDGE: Applied heterogeneity to 4 parameters.
[2026-06-13 18:58:23][INFO] SIM_BRIDGE: Initializing OU process state (tau=15.0ms, sigma=0.0pA)...
[2026-06-13 18:58:23][INFO] SIM_BRIDGE: Generating 3D neuron positions for 512 neurons...
[2026-06-13 18:58:23][INFO] SIM_BRIDGE: Generating connections (3D)...
[2026-06-13 18:58:23][INFO] SIM_BRIDGE: Simulation data initialized for 512 neurons (3D). Synapses: 0. GPU memory: 26.7GB/51.2GB (52.1%)
[2026-06-13 18:58:23][INFO] SIM_BRIDGE: NumPy backend (CPU (NumPy backend), 47.7 GB RAM available)
[2026-06-13 18:58:23][INFO] SIM_BRIDGE: Initializing simulation data for model: IZHIKEVICH (3D)... (playback_init: False)
[2026-06-13 18:58:23][INFO] SIM_BRIDGE: RNG initialized with seed: 44
[2026-06-13 18:58:23][INFO] SIM_BRIDGE: Initializing Izhikevich model specifics for 1024 neurons...
[2026-06-13 18:58:23][INFO] SIM_BRIDGE: Applying parameter heterogeneity to neuron parameters...
[2026-06-13 18:58:23][INFO] SIM_BRIDGE: Applied heterogeneity to 4 parameters.
[2026-06-13 18:58:23][INFO] SIM_BRIDGE: Initializing OU process state (tau=15.0ms, sigma=0.0pA)...
[2026-06-13 18:58:23][INFO] SIM_BRIDGE: Generating 3D neuron positions for 1024 neurons...
[2026-06-13 18:58:23][INFO] SIM_BRIDGE: Generating connections (3D)...
[2026-06-13 18:58:23][INFO] SIM_BRIDGE: Simulation data initialized for 1024 neurons (3D). Synapses: 0. GPU memory: 26.7GB/51.2GB (52.1%)
[2026-06-13 18:58:26][INFO] SIM_BRIDGE: NumPy backend (CPU (NumPy backend), 47.7 GB RAM available)
[2026-06-13 18:58:26][INFO] SIM_BRIDGE: Initializing simulation data for model: IZHIKEVICH (3D)... (playback_init: False)
[2026-06-13 18:58:26][INFO] SIM_BRIDGE: RNG initialized with seed: 44
[2026-06-13 18:58:26][INFO] SIM_BRIDGE: Initializing Izhikevich model specifics for 768 neurons...
[2026-06-13 18:58:26][INFO] SIM_BRIDGE: Applying parameter heterogeneity to neuron parameters...
[2026-06-13 18:58:26][INFO] SIM_BRIDGE: Applied heterogeneity to 4 parameters.
[2026-06-13 18:58:26][INFO] SIM_BRIDGE: Initializing OU process state (tau=15.0ms, sigma=0.0pA)...
[2026-06-13 18:58:26][INFO] SIM_BRIDGE: Generating 3D neuron positions for 768 neurons...
[2026-06-13 18:58:26][INFO] SIM_BRIDGE: Generating connections (3D)...
[2026-06-13 18:58:26][INFO] SIM_BRIDGE: Simulation data initialized for 768 neurons (3D). Synapses: 0. GPU memory: 26.8GB/51.2GB (52.3%)
[2026-06-13 18:58:43][INFO] SIM_BRIDGE: NumPy backend (CPU (NumPy backend), 47.7 GB RAM available)
[2026-06-13 18:58:43][INFO] SIM_BRIDGE: Initializing simulation data for model: IZHIKEVICH (3D)... (playback_init: False)
[2026-06-13 18:58:43][INFO] SIM_BRIDGE: RNG initialized with seed: 44
[2026-06-13 18:58:43][INFO] SIM_BRIDGE: Initializing Izhikevich model specifics for 512 neurons...
[2026-06-13 18:58:43][INFO] SIM_BRIDGE: Applying parameter heterogeneity to neuron parameters...
[2026-06-13 18:58:43][INFO] SIM_BRIDGE: Applied heterogeneity to 4 parameters.
[2026-06-13 18:58:43][INFO] SIM_BRIDGE: Initializing OU process state (tau=15.0ms, sigma=0.0pA)...
[2026-06-13 18:58:43][INFO] SIM_BRIDGE: Generating 3D neuron positions for 512 neurons...
[2026-06-13 18:58:43][INFO] SIM_BRIDGE: Generating connections (3D)...
[2026-06-13 18:58:43][INFO] SIM_BRIDGE: Simulation data initialized for 512 neurons (3D). Synapses: 0. GPU memory: 27.1GB/51.2GB (52.8%)
[2026-06-13 18:58:43][INFO] SIM_BRIDGE: NumPy backend (CPU (NumPy backend), 47.7 GB RAM available)
[2026-06-13 18:58:43][INFO] SIM_BRIDGE: Initializing simulation data for model: IZHIKEVICH (3D)... (playback_init: False)
[2026-06-13 18:58:43][INFO] SIM_BRIDGE: RNG initialized with seed: 44
[2026-06-13 18:58:43][INFO] SIM_BRIDGE: Initializing Izhikevich model specifics for 1024 neurons...
[2026-06-13 18:58:43][INFO] SIM_BRIDGE: Applying parameter heterogeneity to neuron parameters...
[2026-06-13 18:58:43][INFO] SIM_BRIDGE: Applied heterogeneity to 4 parameters.
[2026-06-13 18:58:43][INFO] SIM_BRIDGE: Initializing OU process state (tau=15.0ms, sigma=0.0pA)...
[2026-06-13 18:58:43][INFO] SIM_BRIDGE: Generating 3D neuron positions for 1024 neurons...
[2026-06-13 18:58:43][INFO] SIM_BRIDGE: Generating connections (3D)...
[2026-06-13 18:58:43][INFO] SIM_BRIDGE: Simulation data initialized for 1024 neurons (3D). Synapses: 0. GPU memory: 27.0GB/51.2GB (52.8%)
[2026-06-13 18:58:46][INFO] SIM_BRIDGE: NumPy backend (CPU (NumPy backend), 47.7 GB RAM available)
[2026-06-13 18:58:46][INFO] SIM_BRIDGE: Initializing simulation data for model: IZHIKEVICH (3D)... (playback_init: False)
[2026-06-13 18:58:46][INFO] SIM_BRIDGE: RNG initialized with seed: 44
[2026-06-13 18:58:46][INFO] SIM_BRIDGE: Initializing Izhikevich model specifics for 768 neurons...
[2026-06-13 18:58:46][INFO] SIM_BRIDGE: Applying parameter heterogeneity to neuron parameters...
[2026-06-13 18:58:46][INFO] SIM_BRIDGE: Applied heterogeneity to 4 parameters.
[2026-06-13 18:58:46][INFO] SIM_BRIDGE: Initializing OU process state (tau=15.0ms, sigma=0.0pA)...
[2026-06-13 18:58:46][INFO] SIM_BRIDGE: Generating 3D neuron positions for 768 neurons...
[2026-06-13 18:58:46][INFO] SIM_BRIDGE: Generating connections (3D)...
[2026-06-13 18:58:46][INFO] SIM_BRIDGE: Simulation data initialized for 768 neurons (3D). Synapses: 0. GPU memory: 27.0GB/51.2GB (52.6%)
[2026-06-13 18:59:03][INFO] SIM_BRIDGE: NumPy backend (CPU (NumPy backend), 47.7 GB RAM available)
[2026-06-13 18:59:03][INFO] SIM_BRIDGE: Initializing simulation data for model: IZHIKEVICH (3D)... (playback_init: False)
[2026-06-13 18:59:03][INFO] SIM_BRIDGE: RNG initialized with seed: 44
[2026-06-13 18:59:03][INFO] SIM_BRIDGE: Initializing Izhikevich model specifics for 512 neurons...
[2026-06-13 18:59:03][INFO] SIM_BRIDGE: Applying parameter heterogeneity to neuron parameters...
[2026-06-13 18:59:03][INFO] SIM_BRIDGE: Applied heterogeneity to 4 parameters.
[2026-06-13 18:59:03][INFO] SIM_BRIDGE: Initializing OU process state (tau=15.0ms, sigma=0.0pA)...
[2026-06-13 18:59:03][INFO] SIM_BRIDGE: Generating 3D neuron positions for 512 neurons...
[2026-06-13 18:59:03][INFO] SIM_BRIDGE: Generating connections (3D)...
[2026-06-13 18:59:03][INFO] SIM_BRIDGE: Simulation data initialized for 512 neurons (3D). Synapses: 0. GPU memory: 26.8GB/51.2GB (52.3%)
[2026-06-13 18:59:03][INFO] SIM_BRIDGE: NumPy backend (CPU (NumPy backend), 47.7 GB RAM available)
[2026-06-13 18:59:03][INFO] SIM_BRIDGE: Initializing simulation data for model: IZHIKEVICH (3D)... (playback_init: False)
[2026-06-13 18:59:03][INFO] SIM_BRIDGE: RNG initialized with seed: 44
[2026-06-13 18:59:03][INFO] SIM_BRIDGE: Initializing Izhikevich model specifics for 1024 neurons...
[2026-06-13 18:59:03][INFO] SIM_BRIDGE: Applying parameter heterogeneity to neuron parameters...
[2026-06-13 18:59:03][INFO] SIM_BRIDGE: Applied heterogeneity to 4 parameters.
[2026-06-13 18:59:03][INFO] SIM_BRIDGE: Initializing OU process state (tau=15.0ms, sigma=0.0pA)...
[2026-06-13 18:59:03][INFO] SIM_BRIDGE: Generating 3D neuron positions for 1024 neurons...
[2026-06-13 18:59:03][INFO] SIM_BRIDGE: Generating connections (3D)...
[2026-06-13 18:59:03][INFO] SIM_BRIDGE: Simulation data initialized for 1024 neurons (3D). Synapses: 0. GPU memory: 26.8GB/51.2GB (52.3%)
[2026-06-13 18:59:05][INFO] SIM_BRIDGE: NumPy backend (CPU (NumPy backend), 47.7 GB RAM available)
[2026-06-13 18:59:05][INFO] SIM_BRIDGE: Initializing simulation data for model: IZHIKEVICH (3D)... (playback_init: False)
[2026-06-13 18:59:05][INFO] SIM_BRIDGE: RNG initialized with seed: 44
[2026-06-13 18:59:05][INFO] SIM_BRIDGE: Initializing Izhikevich model specifics for 768 neurons...
[2026-06-13 18:59:05][INFO] SIM_BRIDGE: Applying parameter heterogeneity to neuron parameters...
[2026-06-13 18:59:05][INFO] SIM_BRIDGE: Applied heterogeneity to 4 parameters.
[2026-06-13 18:59:05][INFO] SIM_BRIDGE: Initializing OU process state (tau=15.0ms, sigma=0.0pA)...
[2026-06-13 18:59:05][INFO] SIM_BRIDGE: Generating 3D neuron positions for 768 neurons...
[2026-06-13 18:59:05][INFO] SIM_BRIDGE: Generating connections (3D)...
[2026-06-13 18:59:05][INFO] SIM_BRIDGE: Simulation data initialized for 768 neurons (3D). Synapses: 0. GPU memory: 26.8GB/51.2GB (52.3%)
    [    birds] B1 gen acc=1.000 (chance=0.250, 4.0x)  B2 fa=0 abstains_all=True  | C1 perm B1=0.219 collapses=True
    C4 random-shard: B1=0.181 collapses=True (n=64)

  ------------------------------------------------------------------------------------------------
  ROUTE A -- GATE X: cross-bridge IDENTITY (V-tag) + X-pb (per-bridge dispatch)
  ------------------------------------------------------------------------------------------------
    [authored 12 cross-bridge facts] e.g. [('mammals.dolphin', 'birds.partridge'), ('mammals.panther', 'birds.raven'), ('birds.oriole', 'mammals.monkey')]
[2026-06-13 18:59:39][INFO] SIM_BRIDGE: NumPy backend (CPU (NumPy backend), 47.7 GB RAM available)
[2026-06-13 18:59:39][INFO] SIM_BRIDGE: Initializing simulation data for model: IZHIKEVICH (3D)... (playback_init: False)
[2026-06-13 18:59:39][INFO] SIM_BRIDGE: RNG initialized with seed: 44
[2026-06-13 18:59:39][INFO] SIM_BRIDGE: Initializing Izhikevich model specifics for 512 neurons...
[2026-06-13 18:59:39][INFO] SIM_BRIDGE: Applying parameter heterogeneity to neuron parameters...
[2026-06-13 18:59:39][INFO] SIM_BRIDGE: Applied heterogeneity to 4 parameters.
[2026-06-13 18:59:39][INFO] SIM_BRIDGE: Initializing OU process state (tau=15.0ms, sigma=0.0pA)...
[2026-06-13 18:59:39][INFO] SIM_BRIDGE: Generating 3D neuron positions for 512 neurons...
[2026-06-13 18:59:39][INFO] SIM_BRIDGE: Generating connections (3D)...
[2026-06-13 18:59:39][INFO] SIM_BRIDGE: Simulation data initialized for 512 neurons (3D). Synapses: 0. GPU memory: 26.9GB/51.2GB (52.6%)
[2026-06-13 18:59:39][INFO] SIM_BRIDGE: NumPy backend (CPU (NumPy backend), 47.7 GB RAM available)
[2026-06-13 18:59:39][INFO] SIM_BRIDGE: Initializing simulation data for model: IZHIKEVICH (3D)... (playback_init: False)
[2026-06-13 18:59:39][INFO] SIM_BRIDGE: RNG initialized with seed: 44
[2026-06-13 18:59:39][INFO] SIM_BRIDGE: Initializing Izhikevich model specifics for 1024 neurons...
[2026-06-13 18:59:39][INFO] SIM_BRIDGE: Applying parameter heterogeneity to neuron parameters...
[2026-06-13 18:59:39][INFO] SIM_BRIDGE: Applied heterogeneity to 4 parameters.
[2026-06-13 18:59:39][INFO] SIM_BRIDGE: Initializing OU process state (tau=15.0ms, sigma=0.0pA)...
[2026-06-13 18:59:39][INFO] SIM_BRIDGE: Generating 3D neuron positions for 1024 neurons...
[2026-06-13 18:59:39][INFO] SIM_BRIDGE: Generating connections (3D)...
[2026-06-13 18:59:39][INFO] SIM_BRIDGE: Simulation data initialized for 1024 neurons (3D). Synapses: 0. GPU memory: 27.0GB/51.2GB (52.6%)
[2026-06-13 18:59:39][INFO] SIM_BRIDGE: NumPy backend (CPU (NumPy backend), 47.7 GB RAM available)
[2026-06-13 18:59:39][INFO] SIM_BRIDGE: Initializing simulation data for model: IZHIKEVICH (3D)... (playback_init: False)
[2026-06-13 18:59:39][INFO] SIM_BRIDGE: RNG initialized with seed: 44
[2026-06-13 18:59:39][INFO] SIM_BRIDGE: Initializing Izhikevich model specifics for 512 neurons...
[2026-06-13 18:59:39][INFO] SIM_BRIDGE: Applying parameter heterogeneity to neuron parameters...
[2026-06-13 18:59:39][INFO] SIM_BRIDGE: Applied heterogeneity to 4 parameters.
[2026-06-13 18:59:39][INFO] SIM_BRIDGE: Initializing OU process state (tau=15.0ms, sigma=0.0pA)...
[2026-06-13 18:59:39][INFO] SIM_BRIDGE: Generating 3D neuron positions for 512 neurons...
[2026-06-13 18:59:39][INFO] SIM_BRIDGE: Generating connections (3D)...
[2026-06-13 18:59:39][INFO] SIM_BRIDGE: Simulation data initialized for 512 neurons (3D). Synapses: 0. GPU memory: 27.0GB/51.2GB (52.7%)
[2026-06-13 18:59:39][INFO] SIM_BRIDGE: NumPy backend (CPU (NumPy backend), 47.7 GB RAM available)
[2026-06-13 18:59:39][INFO] SIM_BRIDGE: Initializing simulation data for model: IZHIKEVICH (3D)... (playback_init: False)
[2026-06-13 18:59:39][INFO] SIM_BRIDGE: RNG initialized with seed: 44
[2026-06-13 18:59:39][INFO] SIM_BRIDGE: Initializing Izhikevich model specifics for 1024 neurons...
[2026-06-13 18:59:39][INFO] SIM_BRIDGE: Applying parameter heterogeneity to neuron parameters...
[2026-06-13 18:59:39][INFO] SIM_BRIDGE: Applied heterogeneity to 4 parameters.
[2026-06-13 18:59:39][INFO] SIM_BRIDGE: Initializing OU process state (tau=15.0ms, sigma=0.0pA)...
[2026-06-13 18:59:39][INFO] SIM_BRIDGE: Generating 3D neuron positions for 1024 neurons...
[2026-06-13 18:59:39][INFO] SIM_BRIDGE: Generating connections (3D)...
[2026-06-13 18:59:39][INFO] SIM_BRIDGE: Simulation data initialized for 1024 neurons (3D). Synapses: 0. GPU memory: 27.0GB/51.2GB (52.7%)
[2026-06-13 18:59:39][INFO] SIM_BRIDGE: NumPy backend (CPU (NumPy backend), 47.7 GB RAM available)
[2026-06-13 18:59:39][INFO] SIM_BRIDGE: Initializing simulation data for model: IZHIKEVICH (3D)... (playback_init: False)
[2026-06-13 18:59:39][INFO] SIM_BRIDGE: RNG initialized with seed: 44
[2026-06-13 18:59:39][INFO] SIM_BRIDGE: Initializing Izhikevich model specifics for 768 neurons...
[2026-06-13 18:59:39][INFO] SIM_BRIDGE: Applying parameter heterogeneity to neuron parameters...
[2026-06-13 18:59:39][INFO] SIM_BRIDGE: Applied heterogeneity to 4 parameters.
[2026-06-13 18:59:39][INFO] SIM_BRIDGE: Initializing OU process state (tau=15.0ms, sigma=0.0pA)...
[2026-06-13 18:59:39][INFO] SIM_BRIDGE: Generating 3D neuron positions for 768 neurons...
[2026-06-13 18:59:39][INFO] SIM_BRIDGE: Generating connections (3D)...
[2026-06-13 18:59:39][INFO] SIM_BRIDGE: Simulation data initialized for 768 neurons (3D). Synapses: 0. GPU memory: 27.0GB/51.2GB (52.8%)
[2026-06-13 18:59:39][INFO] SIM_BRIDGE: NumPy backend (CPU (NumPy backend), 47.7 GB RAM available)
[2026-06-13 18:59:39][INFO] SIM_BRIDGE: Initializing simulation data for model: IZHIKEVICH (3D)... (playback_init: False)
[2026-06-13 18:59:39][INFO] SIM_BRIDGE: RNG initialized with seed: 44
[2026-06-13 18:59:39][INFO] SIM_BRIDGE: Initializing Izhikevich model specifics for 768 neurons...
[2026-06-13 18:59:39][INFO] SIM_BRIDGE: Applying parameter heterogeneity to neuron parameters...
[2026-06-13 18:59:39][INFO] SIM_BRIDGE: Applied heterogeneity to 4 parameters.
[2026-06-13 18:59:39][INFO] SIM_BRIDGE: Initializing OU process state (tau=15.0ms, sigma=0.0pA)...
[2026-06-13 18:59:39][INFO] SIM_BRIDGE: Generating 3D neuron positions for 768 neurons...
[2026-06-13 18:59:39][INFO] SIM_BRIDGE: Generating connections (3D)...
[2026-06-13 18:59:39][INFO] SIM_BRIDGE: Simulation data initialized for 768 neurons (3D). Synapses: 0. GPU memory: 27.0GB/51.2GB (52.8%)
    X-pb (per-bridge dispatch, within-bridge SVO recall): what_acc=1.0 who_acc=1.0 (n_bridges=2) | abstention breaches=0/4
    X-vtag: SKIPPED (--skip-vtag; the live-spiking V-tag layer needs GPU bridges)
    C3 moat alongside host (over cross-bridge facts):
[2026-06-13 18:59:39][INFO] SIM_BRIDGE: NumPy backend (CPU (NumPy backend), 47.7 GB RAM available)
[2026-06-13 18:59:39][INFO] SIM_BRIDGE: Initializing simulation data for model: IZHIKEVICH (3D)... (playback_init: False)
[2026-06-13 18:59:39][INFO] SIM_BRIDGE: RNG initialized with seed: 44
[2026-06-13 18:59:39][INFO] SIM_BRIDGE: Initializing Izhikevich model specifics for 256 neurons...
[2026-06-13 18:59:39][INFO] SIM_BRIDGE: Applying parameter heterogeneity to neuron parameters...
[2026-06-13 18:59:39][INFO] SIM_BRIDGE: Applied heterogeneity to 4 parameters.
[2026-06-13 18:59:39][INFO] SIM_BRIDGE: Initializing OU process state (tau=15.0ms, sigma=0.0pA)...
[2026-06-13 18:59:39][INFO] SIM_BRIDGE: Generating 3D neuron positions for 256 neurons...
[2026-06-13 18:59:39][INFO] SIM_BRIDGE: Generating connections (3D)...
[2026-06-13 18:59:39][INFO] SIM_BRIDGE: Simulation data initialized for 256 neurons (3D). Synapses: 0. GPU memory: 26.6GB/51.2GB (52.0%)
[2026-06-13 18:59:39][INFO] SIM_BRIDGE: NumPy backend (CPU (NumPy backend), 47.7 GB RAM available)
[2026-06-13 18:59:39][INFO] SIM_BRIDGE: Initializing simulation data for model: IZHIKEVICH (3D)... (playback_init: False)
[2026-06-13 18:59:39][INFO] SIM_BRIDGE: RNG initialized with seed: 44
[2026-06-13 18:59:39][INFO] SIM_BRIDGE: Initializing Izhikevich model specifics for 512 neurons...
[2026-06-13 18:59:39][INFO] SIM_BRIDGE: Applying parameter heterogeneity to neuron parameters...
[2026-06-13 18:59:39][INFO] SIM_BRIDGE: Applied heterogeneity to 4 parameters.
[2026-06-13 18:59:39][INFO] SIM_BRIDGE: Initializing OU process state (tau=15.0ms, sigma=0.0pA)...
[2026-06-13 18:59:39][INFO] SIM_BRIDGE: Generating 3D neuron positions for 512 neurons...
[2026-06-13 18:59:39][INFO] SIM_BRIDGE: Generating connections (3D)...
[2026-06-13 18:59:39][INFO] SIM_BRIDGE: Simulation data initialized for 512 neurons (3D). Synapses: 0. GPU memory: 26.6GB/51.2GB (52.0%)
[2026-06-13 18:59:40][INFO] SIM_BRIDGE: NumPy backend (CPU (NumPy backend), 47.7 GB RAM available)
[2026-06-13 18:59:40][INFO] SIM_BRIDGE: Initializing simulation data for model: IZHIKEVICH (3D)... (playback_init: False)
[2026-06-13 18:59:40][INFO] SIM_BRIDGE: RNG initialized with seed: 44
[2026-06-13 18:59:40][INFO] SIM_BRIDGE: Initializing Izhikevich model specifics for 384 neurons...
[2026-06-13 18:59:40][INFO] SIM_BRIDGE: Applying parameter heterogeneity to neuron parameters...
[2026-06-13 18:59:40][INFO] SIM_BRIDGE: Applied heterogeneity to 4 parameters.
[2026-06-13 18:59:40][INFO] SIM_BRIDGE: Initializing OU process state (tau=15.0ms, sigma=0.0pA)...
[2026-06-13 18:59:40][INFO] SIM_BRIDGE: Generating 3D neuron positions for 384 neurons...
[2026-06-13 18:59:40][INFO] SIM_BRIDGE: Generating connections (3D)...
[2026-06-13 18:59:40][INFO] SIM_BRIDGE: Simulation data initialized for 384 neurons (3D). Synapses: 0. GPU memory: 26.6GB/51.2GB (52.0%)
      agreement=1.000 host-abstain/gate-accept=0 (MUST be 0) floor-false-accepts=0 (MUST be 0) lesion-collapses=True -> moat_intact=True

  [ROUTE A COST] per-bridge D=256 x 2 bridges | total codebook=0.291 MB | per-bind RF=512 neurons | per-bundle RF=1024 | cleanup argmax width=64 | vocabulary-independent per-op=True

====================================================================================================
  PHASE-1 COMPOSER A-vs-B DE-RISK SUMMARY -- ROUTE PER-BRIDGE -- mode=full
====================================================================================================
  [gate_A] {'all_pass': True, 'per_seed': [True, True, True], 'any_abstention_breach': False, 'criterion': "every bridge's within-bridge matrix passes (>=5/6 + moat)"}
  [gate_B] {'b1_per_seed_per_bridge': {'42': {'mammals': 1.0, 'birds': 1.0}, '43': {'mammals': 1.0, 'birds': 1.0}, '44': {'mammals': 1.0, 'birds': 1.0}}, 'b1_all_GO': True, 'b1_above_chance': True, 'b1_boundary_band': False, 'b2_zero_false_accepts': True, 'chance': 0.25, 'C1_collapses': True, 'C4_collapses': True}
  [gate_X] {'x_pb_ok': True, 'vtag_present': False, 'x_vtag_recall_ok': None, 'x_vtag_band_ok': None, 'cx_collapses': None, 'C3_moat_intact': True, 'C3_lesion_collapses': True, 'x_abstention_breach': False, 'x_primary_ok': True}
  [cost] {'route': 'A', 'per_bridge_composer_D': 256, 'n_bridges': 2, 'per_bridge_cost': {'mammals': {'label': 'routeA[mammals]', 'D': 256, 'cleanup_argmax_width': 64, 'n_codebook_entries': 71, 'codebook_bytes': 145408, 'codebook_MB': 0.145, 'per_bind_rf_neurons': 512, 'per_bundle_rf_neurons': 1024, 'cleanup_float_ops': 16384}, 'birds': {'label': 'routeA[birds]', 'D': 256, 'cleanup_argmax_width': 64, 'n_codebook_entries': 71, 'codebook_bytes': 145408, 'codebook_MB': 0.145, 'per_bind_rf_neurons': 512, 'per_bundle_rf_neurons': 1024, 'cleanup_float_ops': 16384}}, 'total_codebook_bytes': 290816, 'total_codebook_MB': 0.291, 'per_bind_rf_neurons': 512, 'per_bundle_rf_neurons': 1024, 'cleanup_argmax_width': 64, 'vocabulary_independent_per_op': True}

  >>> ROUTE PER-BRIDGE VERDICT: GO <<<
  Total elapsed: 1180.9s
====================================================================================================

  [A-vs-B] This run measured ROUTE PER-BRIDGE. The decision (design SS5.4) compares it against the OTHER route's JSON:
    * route A wins if it passes A(within-bridge clause)+B+X(V-tag)+anti-cheats at per-shard-bounded cost (flat to 32 bridges).
    * route B is required only if route A fails a NEEDED cross-bridge generative structure AND route B's measured D/concept extrapolates feasibly to 2,048.
    * NEGATIVE (blocks the build) on any moat breach, or neither route passing the matrix, or route B infeasible at 2,048 with a real cross-bridge generative need.
  [saved] research/findings/raw/_prod_smoke_routeA.json
