[SPOKEN relational SVO Q&A] reason (FHRR) + speak (A->W), one numpy process | K=256 verb='eat'
[2026-07-08 07:28:56][INFO] SIM_BRIDGE: NumPy backend (CPU (NumPy backend), 47.7 GB RAM available)
[2026-07-08 07:28:56][INFO] SIM_BRIDGE: Initializing simulation data for model: IZHIKEVICH (3D)... (playback_init: False)
[2026-07-08 07:28:56][INFO] SIM_BRIDGE: Brain-region framework: 34 regions, 7680 total neurons, 112 pathways.
[2026-07-08 07:28:56][INFO] SIM_BRIDGE: RNG initialized with seed: 44
[2026-07-08 07:28:56][INFO] SIM_BRIDGE: Initializing Izhikevich model specifics for 7680 neurons...
[2026-07-08 07:28:56][INFO] SIM_BRIDGE: Region 'language_input' (2048 neurons): using Izh type IZH2007_RS_CORTICAL_PYRAMIDAL
[2026-07-08 07:28:56][INFO] SIM_BRIDGE: Region 'motor_N' (200 neurons): using Izh type IZH2007_RS_CORTICAL_PYRAMIDAL
[2026-07-08 07:28:56][INFO] SIM_BRIDGE: Region 'motor_E' (200 neurons): using Izh type IZH2007_RS_CORTICAL_PYRAMIDAL
[2026-07-08 07:28:56][INFO] SIM_BRIDGE: Region 'motor_S' (200 neurons): using Izh type IZH2007_RS_CORTICAL_PYRAMIDAL
[2026-07-08 07:28:56][INFO] SIM_BRIDGE: Region 'motor_W' (200 neurons): using Izh type IZH2007_RS_CORTICAL_PYRAMIDAL
[2026-07-08 07:28:56][INFO] SIM_BRIDGE: Region 'language_output' (2048 neurons): using Izh type IZH2007_RS_CORTICAL_PYRAMIDAL
[2026-07-08 07:28:56][INFO] SIM_BRIDGE: Region 'motor_FS_N' (24 neurons): using Izh type IZH2007_FS_CORTICAL_INTERNEURON
[2026-07-08 07:28:56][INFO] SIM_BRIDGE: Region 'motor_FS_E' (24 neurons): using Izh type IZH2007_FS_CORTICAL_INTERNEURON
[2026-07-08 07:28:56][INFO] SIM_BRIDGE: Region 'motor_FS_S' (24 neurons): using Izh type IZH2007_FS_CORTICAL_INTERNEURON
[2026-07-08 07:28:56][INFO] SIM_BRIDGE: Region 'motor_FS_W' (24 neurons): using Izh type IZH2007_FS_CORTICAL_INTERNEURON
[2026-07-08 07:28:56][INFO] SIM_BRIDGE: Region 'noun_pool_APPLE' (200 neurons): using Izh type IZH2007_RS_CORTICAL_PYRAMIDAL
[2026-07-08 07:28:56][INFO] SIM_BRIDGE: Region 'noun_pool_RIVER' (200 neurons): using Izh type IZH2007_RS_CORTICAL_PYRAMIDAL
[2026-07-08 07:28:56][INFO] SIM_BRIDGE: Region 'noun_pool_DOG' (200 neurons): using Izh type IZH2007_RS_CORTICAL_PYRAMIDAL
[2026-07-08 07:28:56][INFO] SIM_BRIDGE: Region 'noun_pool_CAT' (200 neurons): using Izh type IZH2007_RS_CORTICAL_PYRAMIDAL
[2026-07-08 07:28:56][INFO] SIM_BRIDGE: Region 'noun_pool_APPLE_fs' (24 neurons): using Izh type IZH2007_FS_CORTICAL_INTERNEURON
[2026-07-08 07:28:56][INFO] SIM_BRIDGE: Region 'noun_pool_RIVER_fs' (24 neurons): using Izh type IZH2007_FS_CORTICAL_INTERNEURON
[2026-07-08 07:28:56][INFO] SIM_BRIDGE: Region 'noun_pool_DOG_fs' (24 neurons): using Izh type IZH2007_FS_CORTICAL_INTERNEURON
[2026-07-08 07:28:56][INFO] SIM_BRIDGE: Region 'noun_pool_CAT_fs' (24 neurons): using Izh type IZH2007_FS_CORTICAL_INTERNEURON
[2026-07-08 07:28:56][INFO] SIM_BRIDGE: Region 'verb_pool_GO' (200 neurons): using Izh type IZH2007_RS_CORTICAL_PYRAMIDAL
[2026-07-08 07:28:56][INFO] SIM_BRIDGE: Region 'verb_pool_COME' (200 neurons): using Izh type IZH2007_RS_CORTICAL_PYRAMIDAL
[2026-07-08 07:28:56][INFO] SIM_BRIDGE: Region 'verb_pool_STOP' (200 neurons): using Izh type IZH2007_RS_CORTICAL_PYRAMIDAL
[2026-07-08 07:28:56][INFO] SIM_BRIDGE: Region 'verb_pool_LOOK' (200 neurons): using Izh type IZH2007_RS_CORTICAL_PYRAMIDAL
[2026-07-08 07:28:56][INFO] SIM_BRIDGE: Region 'verb_pool_GO_fs' (24 neurons): using Izh type IZH2007_FS_CORTICAL_INTERNEURON
[2026-07-08 07:28:56][INFO] SIM_BRIDGE: Region 'verb_pool_COME_fs' (24 neurons): using Izh type IZH2007_FS_CORTICAL_INTERNEURON
[2026-07-08 07:28:56][INFO] SIM_BRIDGE: Region 'verb_pool_STOP_fs' (24 neurons): using Izh type IZH2007_FS_CORTICAL_INTERNEURON
[2026-07-08 07:28:56][INFO] SIM_BRIDGE: Region 'verb_pool_LOOK_fs' (24 neurons): using Izh type IZH2007_FS_CORTICAL_INTERNEURON
[2026-07-08 07:28:56][INFO] SIM_BRIDGE: Region 'adjective_pool_BIG' (200 neurons): using Izh type IZH2007_RS_CORTICAL_PYRAMIDAL
[2026-07-08 07:28:56][INFO] SIM_BRIDGE: Region 'adjective_pool_SMALL' (200 neurons): using Izh type IZH2007_RS_CORTICAL_PYRAMIDAL
[2026-07-08 07:28:56][INFO] SIM_BRIDGE: Region 'adjective_pool_HOT' (200 neurons): using Izh type IZH2007_RS_CORTICAL_PYRAMIDAL
[2026-07-08 07:28:56][INFO] SIM_BRIDGE: Region 'adjective_pool_COLD' (200 neurons): using Izh type IZH2007_RS_CORTICAL_PYRAMIDAL
[2026-07-08 07:28:56][INFO] SIM_BRIDGE: Region 'adjective_pool_BIG_fs' (24 neurons): using Izh type IZH2007_FS_CORTICAL_INTERNEURON
[2026-07-08 07:28:56][INFO] SIM_BRIDGE: Region 'adjective_pool_SMALL_fs' (24 neurons): using Izh type IZH2007_FS_CORTICAL_INTERNEURON
[2026-07-08 07:28:56][INFO] SIM_BRIDGE: Region 'adjective_pool_HOT_fs' (24 neurons): using Izh type IZH2007_FS_CORTICAL_INTERNEURON
[2026-07-08 07:28:56][INFO] SIM_BRIDGE: Region 'adjective_pool_COLD_fs' (24 neurons): using Izh type IZH2007_FS_CORTICAL_INTERNEURON
[2026-07-08 07:28:56][INFO] SIM_BRIDGE: Applying parameter heterogeneity to neuron parameters...
[2026-07-08 07:28:56][INFO] SIM_BRIDGE: Applied heterogeneity to 4 parameters.
[2026-07-08 07:28:56][INFO] SIM_BRIDGE: Initializing OU process state (tau=15.0ms, sigma=100.0pA)...
[2026-07-08 07:28:56][INFO] SIM_BRIDGE: Generating 3D neuron positions for 7680 neurons...
[2026-07-08 07:28:56][INFO] SIM_BRIDGE: Generating connections (brain-region framework)...
[2026-07-08 07:29:05][INFO] SIM_BRIDGE: inject_explicit_wiring: installed 4670517 synapses across 130 populations.
[2026-07-08 07:29:05][INFO] SIM_BRIDGE: Initializing eligibility traces for 4670517 synapses (capacity: 7005775, dtype: float32)...
[2026-07-08 07:29:05][INFO] SIM_BRIDGE: Initializing STDP state for 7680 neurons...
[2026-07-08 07:29:05][INFO] SIM_BRIDGE: Simulation data initialized for 7680 neurons (3D). Synapses: 4670517. GPU memory: 23.9GB/51.2GB (46.7%)
[2026-07-08 07:29:05][INFO] SIM_BRIDGE: Loading checkpoint from bridges/breadth_aw/seed42.simstate.h5...
[2026-07-08 07:29:05][INFO] SIM_BRIDGE: Clearing simulation state and GPU memory...
[2026-07-08 07:29:05][INFO] SIM_BRIDGE: Cleared simulation state and GPU memory.
[2026-07-08 07:29:05][DEBUG] SIM_BRIDGE: Checkpoint: Dataset for 'cp_adex_w' not found or was empty. Using default.
[2026-07-08 07:29:06][DEBUG] SIM_BRIDGE: Checkpoint: Dataset for 'cp_stp_u' not found or was empty. Using default.
[2026-07-08 07:29:06][DEBUG] SIM_BRIDGE: Checkpoint: Dataset for 'cp_stp_x' not found or was empty. Using default.
[2026-07-08 07:29:06][SUCCESS] SIM_BRIDGE: Checkpoint loaded. Sim time: 0.0ms, Step: 0, Model: IZHIKEVICH
  STORED facts: 'the bear eats fish', 'the bird eats cat', 'the frog eats dog'
[2026-07-08 07:29:06][CRITICAL] SIM_BRIDGE: Error during simulation step: index 4671515 is out of bounds for axis 0 with size 4670517
Traceback (most recent call last):
  File "E:\Documents\Projects\sim\sim\bridge.py", line 7080, in _run_one_simulation_step
    gain_here = self.cp_plasticity_rate_gain[stdp_active_indices]
                ~~~~~~~~~~~~~~~~~~~~~~~~~~~~^^^^^^^^^^^^^^^^^^^^^
IndexError: index 4671515 is out of bounds for axis 0 with size 4670517
[2026-07-08 07:29:06][CRITICAL] SIM_BRIDGE: Error during simulation step: index 4670556 is out of bounds for axis 0 with size 4670517
Traceback (most recent call last):
  File "E:\Documents\Projects\sim\sim\bridge.py", line 7080, in _run_one_simulation_step
    gain_here = self.cp_plasticity_rate_gain[stdp_active_indices]
                ~~~~~~~~~~~~~~~~~~~~~~~~~~~~^^^^^^^^^^^^^^^^^^^^^
IndexError: index 4670556 is out of bounds for axis 0 with size 4670517
[2026-07-08 07:29:06][CRITICAL] SIM_BRIDGE: Error during simulation step: index 4670520 is out of bounds for axis 0 with size 4670517
Traceback (most recent call last):
  File "E:\Documents\Projects\sim\sim\bridge.py", line 7080, in _run_one_simulation_step
    gain_here = self.cp_plasticity_rate_gain[stdp_active_indices]
                ~~~~~~~~~~~~~~~~~~~~~~~~~~~~^^^^^^^^^^^^^^^^^^^^^
IndexError: index 4670520 is out of bounds for axis 0 with size 4670517
[2026-07-08 07:29:06][CRITICAL] SIM_BRIDGE: Error during simulation step: index 4671057 is out of bounds for axis 0 with size 4670517
Traceback (most recent call last):
  File "E:\Documents\Projects\sim\sim\bridge.py", line 7080, in _run_one_simulation_step
    gain_here = self.cp_plasticity_rate_gain[stdp_active_indices]
                ~~~~~~~~~~~~~~~~~~~~~~~~~~~~^^^^^^^^^^^^^^^^^^^^^
IndexError: index 4671057 is out of bounds for axis 0 with size 4670517
[2026-07-08 07:29:06][CRITICAL] SIM_BRIDGE: Error during simulation step: index 4670604 is out of bounds for axis 0 with size 4670517
Traceback (most recent call last):
  File "E:\Documents\Projects\sim\sim\bridge.py", line 7080, in _run_one_simulation_step
    gain_here = self.cp_plasticity_rate_gain[stdp_active_indices]
                ~~~~~~~~~~~~~~~~~~~~~~~~~~~~^^^^^^^^^^^^^^^^^^^^^
IndexError: index 4670604 is out of bounds for axis 0 with size 4670517
[2026-07-08 07:29:06][CRITICAL] SIM_BRIDGE: Error during simulation step: index 4670604 is out of bounds for axis 0 with size 4670517
Traceback (most recent call last):
  File "E:\Documents\Projects\sim\sim\bridge.py", line 7080, in _run_one_simulation_step
    gain_here = self.cp_plasticity_rate_gain[stdp_active_indices]
                ~~~~~~~~~~~~~~~~~~~~~~~~~~~~^^^^^^^^^^^^^^^^^^^^^
IndexError: index 4670604 is out of bounds for axis 0 with size 4670517
[2026-07-08 07:29:07][CRITICAL] SIM_BRIDGE: Error during simulation step: index 4670556 is out of bounds for axis 0 with size 4670517
Traceback (most recent call last):
  File "E:\Documents\Projects\sim\sim\bridge.py", line 7080, in _run_one_simulation_step
    gain_here = self.cp_plasticity_rate_gain[stdp_active_indices]
                ~~~~~~~~~~~~~~~~~~~~~~~~~~~~^^^^^^^^^^^^^^^^^^^^^
IndexError: index 4670556 is out of bounds for axis 0 with size 4670517
[2026-07-08 07:29:07][CRITICAL] SIM_BRIDGE: Error during simulation step: index 4671515 is out of bounds for axis 0 with size 4670517
Traceback (most recent call last):
  File "E:\Documents\Projects\sim\sim\bridge.py", line 7080, in _run_one_simulation_step
    gain_here = self.cp_plasticity_rate_gain[stdp_active_indices]
                ~~~~~~~~~~~~~~~~~~~~~~~~~~~~^^^^^^^^^^^^^^^^^^^^^
IndexError: index 4671515 is out of bounds for axis 0 with size 4670517
[2026-07-08 07:29:07][CRITICAL] SIM_BRIDGE: Error during simulation step: index 4670623 is out of bounds for axis 0 with size 4670517
Traceback (most recent call last):
  File "E:\Documents\Projects\sim\sim\bridge.py", line 7080, in _run_one_simulation_step
    gain_here = self.cp_plasticity_rate_gain[stdp_active_indices]
                ~~~~~~~~~~~~~~~~~~~~~~~~~~~~^^^^^^^^^^^^^^^^^^^^^
IndexError: index 4670623 is out of bounds for axis 0 with size 4670517
[2026-07-08 07:29:07][CRITICAL] SIM_BRIDGE: Error during simulation step: index 4670958 is out of bounds for axis 0 with size 4670517
Traceback (most recent call last):
  File "E:\Documents\Projects\sim\sim\bridge.py", line 7080, in _run_one_simulation_step
    gain_here = self.cp_plasticity_rate_gain[stdp_active_indices]
                ~~~~~~~~~~~~~~~~~~~~~~~~~~~~^^^^^^^^^^^^^^^^^^^^^
IndexError: index 4670958 is out of bounds for axis 0 with size 4670517
[2026-07-08 07:29:07][CRITICAL] SIM_BRIDGE: Error during simulation step: index 4670557 is out of bounds for axis 0 with size 4670517
Traceback (most recent call last):
  File "E:\Documents\Projects\sim\sim\bridge.py", line 7080, in _run_one_simulation_step
    gain_here = self.cp_plasticity_rate_gain[stdp_active_indices]
                ~~~~~~~~~~~~~~~~~~~~~~~~~~~~^^^^^^^^^^^^^^^^^^^^^
IndexError: index 4670557 is out of bounds for axis 0 with size 4670517
[2026-07-08 07:29:07][CRITICAL] SIM_BRIDGE: Error during simulation step: index 4670572 is out of bounds for axis 0 with size 4670517
Traceback (most recent call last):
  File "E:\Documents\Projects\sim\sim\bridge.py", line 7080, in _run_one_simulation_step
    gain_here = self.cp_plasticity_rate_gain[stdp_active_indices]
                ~~~~~~~~~~~~~~~~~~~~~~~~~~~~^^^^^^^^^^^^^^^^^^^^^
IndexError: index 4670572 is out of bounds for axis 0 with size 4670517
[2026-07-08 07:29:07][CRITICAL] SIM_BRIDGE: Error during simulation step: index 4670557 is out of bounds for axis 0 with size 4670517
Traceback (most recent call last):
  File "E:\Documents\Projects\sim\sim\bridge.py", line 7080, in _run_one_simulation_step
    gain_here = self.cp_plasticity_rate_gain[stdp_active_indices]
                ~~~~~~~~~~~~~~~~~~~~~~~~~~~~^^^^^^^^^^^^^^^^^^^^^
IndexError: index 4670557 is out of bounds for axis 0 with size 4670517
[2026-07-08 07:29:08][CRITICAL] SIM_BRIDGE: Error during simulation step: index 4670572 is out of bounds for axis 0 with size 4670517
Traceback (most recent call last):
  File "E:\Documents\Projects\sim\sim\bridge.py", line 7080, in _run_one_simulation_step
    gain_here = self.cp_plasticity_rate_gain[stdp_active_indices]
                ~~~~~~~~~~~~~~~~~~~~~~~~~~~~^^^^^^^^^^^^^^^^^^^^^
IndexError: index 4670572 is out of bounds for axis 0 with size 4670517
[2026-07-08 07:29:08][CRITICAL] SIM_BRIDGE: Error during simulation step: index 4670557 is out of bounds for axis 0 with size 4670517
Traceback (most recent call last):
  File "E:\Documents\Projects\sim\sim\bridge.py", line 7080, in _run_one_simulation_step
    gain_here = self.cp_plasticity_rate_gain[stdp_active_indices]
                ~~~~~~~~~~~~~~~~~~~~~~~~~~~~^^^^^^^^^^^^^^^^^^^^^
IndexError: index 4670557 is out of bounds for axis 0 with size 4670517
[2026-07-08 07:29:08][CRITICAL] SIM_BRIDGE: Error during simulation step: index 4671597 is out of bounds for axis 0 with size 4670517
Traceback (most recent call last):
  File "E:\Documents\Projects\sim\sim\bridge.py", line 7080, in _run_one_simulation_step
    gain_here = self.cp_plasticity_rate_gain[stdp_active_indices]
                ~~~~~~~~~~~~~~~~~~~~~~~~~~~~^^^^^^^^^^^^^^^^^^^^^
IndexError: index 4671597 is out of bounds for axis 0 with size 4670517
[2026-07-08 07:29:08][CRITICAL] SIM_BRIDGE: Error during simulation step: index 4670557 is out of bounds for axis 0 with size 4670517
Traceback (most recent call last):
  File "E:\Documents\Projects\sim\sim\bridge.py", line 7080, in _run_one_simulation_step
    gain_here = self.cp_plasticity_rate_gain[stdp_active_indices]
                ~~~~~~~~~~~~~~~~~~~~~~~~~~~~^^^^^^^^^^^^^^^^^^^^^
IndexError: index 4670557 is out of bounds for axis 0 with size 4670517
[2026-07-08 07:29:08][CRITICAL] SIM_BRIDGE: Error during simulation step: index 4670789 is out of bounds for axis 0 with size 4670517
Traceback (most recent call last):
  File "E:\Documents\Projects\sim\sim\bridge.py", line 7080, in _run_one_simulation_step
    gain_here = self.cp_plasticity_rate_gain[stdp_active_indices]
                ~~~~~~~~~~~~~~~~~~~~~~~~~~~~^^^^^^^^^^^^^^^^^^^^^
IndexError: index 4670789 is out of bounds for axis 0 with size 4670517
[2026-07-08 07:29:08][CRITICAL] SIM_BRIDGE: Error during simulation step: index 4670787 is out of bounds for axis 0 with size 4670517
Traceback (most recent call last):
  File "E:\Documents\Projects\sim\sim\bridge.py", line 7080, in _run_one_simulation_step
    gain_here = self.cp_plasticity_rate_gain[stdp_active_indices]
                ~~~~~~~~~~~~~~~~~~~~~~~~~~~~^^^^^^^^^^^^^^^^^^^^^
IndexError: index 4670787 is out of bounds for axis 0 with size 4670517
[2026-07-08 07:29:08][CRITICAL] SIM_BRIDGE: Error during simulation step: index 4670690 is out of bounds for axis 0 with size 4670517
Traceback (most recent call last):
  File "E:\Documents\Projects\sim\sim\bridge.py", line 7080, in _run_one_simulation_step
    gain_here = self.cp_plasticity_rate_gain[stdp_active_indices]
                ~~~~~~~~~~~~~~~~~~~~~~~~~~~~^^^^^^^^^^^^^^^^^^^^^
IndexError: index 4670690 is out of bounds for axis 0 with size 4670517
[2026-07-08 07:29:08][CRITICAL] SIM_BRIDGE: Error during simulation step: index 4670787 is out of bounds for axis 0 with size 4670517
Traceback (most recent call last):
  File "E:\Documents\Projects\sim\sim\bridge.py", line 7080, in _run_one_simulation_step
    gain_here = self.cp_plasticity_rate_gain[stdp_active_indices]
                ~~~~~~~~~~~~~~~~~~~~~~~~~~~~^^^^^^^^^^^^^^^^^^^^^
IndexError: index 4670787 is out of bounds for axis 0 with size 4670517
[2026-07-08 07:29:08][CRITICAL] SIM_BRIDGE: Error during simulation step: index 4670564 is out of bounds for axis 0 with size 4670517
Traceback (most recent call last):
  File "E:\Documents\Projects\sim\sim\bridge.py", line 7080, in _run_one_simulation_step
    gain_here = self.cp_plasticity_rate_gain[stdp_active_indices]
                ~~~~~~~~~~~~~~~~~~~~~~~~~~~~^^^^^^^^^^^^^^^^^^^^^
IndexError: index 4670564 is out of bounds for axis 0 with size 4670517
[2026-07-08 07:29:08][CRITICAL] SIM_BRIDGE: Error during simulation step: index 4670521 is out of bounds for axis 0 with size 4670517
Traceback (most recent call last):
  File "E:\Documents\Projects\sim\sim\bridge.py", line 7080, in _run_one_simulation_step
    gain_here = self.cp_plasticity_rate_gain[stdp_active_indices]
                ~~~~~~~~~~~~~~~~~~~~~~~~~~~~^^^^^^^^^^^^^^^^^^^^^
IndexError: index 4670521 is out of bounds for axis 0 with size 4670517
[2026-07-08 07:29:08][CRITICAL] SIM_BRIDGE: Error during simulation step: index 4670610 is out of bounds for axis 0 with size 4670517
Traceback (most recent call last):
  File "E:\Documents\Projects\sim\sim\bridge.py", line 7080, in _run_one_simulation_step
    gain_here = self.cp_plasticity_rate_gain[stdp_active_indices]
                ~~~~~~~~~~~~~~~~~~~~~~~~~~~~^^^^^^^^^^^^^^^^^^^^^
IndexError: index 4670610 is out of bounds for axis 0 with size 4670517
[2026-07-08 07:29:08][CRITICAL] SIM_BRIDGE: Error during simulation step: index 4670712 is out of bounds for axis 0 with size 4670517
Traceback (most recent call last):
  File "E:\Documents\Projects\sim\sim\bridge.py", line 7080, in _run_one_simulation_step
    gain_here = self.cp_plasticity_rate_gain[stdp_active_indices]
                ~~~~~~~~~~~~~~~~~~~~~~~~~~~~^^^^^^^^^^^^^^^^^^^^^
IndexError: index 4670712 is out of bounds for axis 0 with size 4670517
[2026-07-08 07:29:08][CRITICAL] SIM_BRIDGE: Error during simulation step: index 4670794 is out of bounds for axis 0 with size 4670517
Traceback (most recent call last):
  File "E:\Documents\Projects\sim\sim\bridge.py", line 7080, in _run_one_simulation_step
    gain_here = self.cp_plasticity_rate_gain[stdp_active_indices]
                ~~~~~~~~~~~~~~~~~~~~~~~~~~~~^^^^^^^^^^^^^^^^^^^^^
IndexError: index 4670794 is out of bounds for axis 0 with size 4670517
[2026-07-08 07:29:08][CRITICAL] SIM_BRIDGE: Error during simulation step: index 4670722 is out of bounds for axis 0 with size 4670517
Traceback (most recent call last):
  File "E:\Documents\Projects\sim\sim\bridge.py", line 7080, in _run_one_simulation_step
    gain_here = self.cp_plasticity_rate_gain[stdp_active_indices]
                ~~~~~~~~~~~~~~~~~~~~~~~~~~~~^^^^^^^^^^^^^^^^^^^^^
IndexError: index 4670722 is out of bounds for axis 0 with size 4670517
[2026-07-08 07:29:08][CRITICAL] SIM_BRIDGE: Error during simulation step: index 4670783 is out of bounds for axis 0 with size 4670517
Traceback (most recent call last):
  File "E:\Documents\Projects\sim\sim\bridge.py", line 7080, in _run_one_simulation_step
    gain_here = self.cp_plasticity_rate_gain[stdp_active_indices]
                ~~~~~~~~~~~~~~~~~~~~~~~~~~~~^^^^^^^^^^^^^^^^^^^^^
IndexError: index 4670783 is out of bounds for axis 0 with size 4670517
[2026-07-08 07:29:08][CRITICAL] SIM_BRIDGE: Error during simulation step: index 4670521 is out of bounds for axis 0 with size 4670517
Traceback (most recent call last):
  File "E:\Documents\Projects\sim\sim\bridge.py", line 7080, in _run_one_simulation_step
    gain_here = self.cp_plasticity_rate_gain[stdp_active_indices]
                ~~~~~~~~~~~~~~~~~~~~~~~~~~~~^^^^^^^^^^^^^^^^^^^^^
IndexError: index 4670521 is out of bounds for axis 0 with size 4670517
[2026-07-08 07:29:08][CRITICAL] SIM_BRIDGE: Error during simulation step: index 4670623 is out of bounds for axis 0 with size 4670517
Traceback (most recent call last):
  File "E:\Documents\Projects\sim\sim\bridge.py", line 7080, in _run_one_simulation_step
    gain_here = self.cp_plasticity_rate_gain[stdp_active_indices]
                ~~~~~~~~~~~~~~~~~~~~~~~~~~~~^^^^^^^^^^^^^^^^^^^^^
IndexError: index 4670623 is out of bounds for axis 0 with size 4670517
[2026-07-08 07:29:08][CRITICAL] SIM_BRIDGE: Error during simulation step: index 4670722 is out of bounds for axis 0 with size 4670517
Traceback (most recent call last):
  File "E:\Documents\Projects\sim\sim\bridge.py", line 7080, in _run_one_simulation_step
    gain_here = self.cp_plasticity_rate_gain[stdp_active_indices]
                ~~~~~~~~~~~~~~~~~~~~~~~~~~~~^^^^^^^^^^^^^^^^^^^^^
IndexError: index 4670722 is out of bounds for axis 0 with size 4670517
[2026-07-08 07:29:08][CRITICAL] SIM_BRIDGE: Error during simulation step: index 4671101 is out of bounds for axis 0 with size 4670517
Traceback (most recent call last):
  File "E:\Documents\Projects\sim\sim\bridge.py", line 7080, in _run_one_simulation_step
    gain_here = self.cp_plasticity_rate_gain[stdp_active_indices]
                ~~~~~~~~~~~~~~~~~~~~~~~~~~~~^^^^^^^^^^^^^^^^^^^^^
IndexError: index 4671101 is out of bounds for axis 0 with size 4670517
[2026-07-08 07:29:08][CRITICAL] SIM_BRIDGE: Error during simulation step: index 4670575 is out of bounds for axis 0 with size 4670517
Traceback (most recent call last):
  File "E:\Documents\Projects\sim\sim\bridge.py", line 7080, in _run_one_simulation_step
    gain_here = self.cp_plasticity_rate_gain[stdp_active_indices]
                ~~~~~~~~~~~~~~~~~~~~~~~~~~~~^^^^^^^^^^^^^^^^^^^^^
IndexError: index 4670575 is out of bounds for axis 0 with size 4670517
[2026-07-08 07:29:08][CRITICAL] SIM_BRIDGE: Error during simulation step: index 4670783 is out of bounds for axis 0 with size 4670517
Traceback (most recent call last):
  File "E:\Documents\Projects\sim\sim\bridge.py", line 7080, in _run_one_simulation_step
    gain_here = self.cp_plasticity_rate_gain[stdp_active_indices]
                ~~~~~~~~~~~~~~~~~~~~~~~~~~~~^^^^^^^^^^^^^^^^^^^^^
IndexError: index 4670783 is out of bounds for axis 0 with size 4670517
[2026-07-08 07:29:08][CRITICAL] SIM_BRIDGE: Error during simulation step: index 4670603 is out of bounds for axis 0 with size 4670517
Traceback (most recent call last):
  File "E:\Documents\Projects\sim\sim\bridge.py", line 7080, in _run_one_simulation_step
    gain_here = self.cp_plasticity_rate_gain[stdp_active_indices]
                ~~~~~~~~~~~~~~~~~~~~~~~~~~~~^^^^^^^^^^^^^^^^^^^^^
IndexError: index 4670603 is out of bounds for axis 0 with size 4670517
[2026-07-08 07:29:09][CRITICAL] SIM_BRIDGE: Error during simulation step: index 4670640 is out of bounds for axis 0 with size 4670517
Traceback (most recent call last):
  File "E:\Documents\Projects\sim\sim\bridge.py", line 7080, in _run_one_simulation_step
    gain_here = self.cp_plasticity_rate_gain[stdp_active_indices]
                ~~~~~~~~~~~~~~~~~~~~~~~~~~~~^^^^^^^^^^^^^^^^^^^^^
IndexError: index 4670640 is out of bounds for axis 0 with size 4670517
[2026-07-08 07:29:09][CRITICAL] SIM_BRIDGE: Error during simulation step: index 4670603 is out of bounds for axis 0 with size 4670517
Traceback (most recent call last):
  File "E:\Documents\Projects\sim\sim\bridge.py", line 7080, in _run_one_simulation_step
    gain_here = self.cp_plasticity_rate_gain[stdp_active_indices]
                ~~~~~~~~~~~~~~~~~~~~~~~~~~~~^^^^^^^^^^^^^^^^^^^^^
IndexError: index 4670603 is out of bounds for axis 0 with size 4670517
[2026-07-08 07:29:09][CRITICAL] SIM_BRIDGE: Error during simulation step: index 4670627 is out of bounds for axis 0 with size 4670517
Traceback (most recent call last):
  File "E:\Documents\Projects\sim\sim\bridge.py", line 7080, in _run_one_simulation_step
    gain_here = self.cp_plasticity_rate_gain[stdp_active_indices]
                ~~~~~~~~~~~~~~~~~~~~~~~~~~~~^^^^^^^^^^^^^^^^^^^^^
IndexError: index 4670627 is out of bounds for axis 0 with size 4670517
[2026-07-08 07:29:09][CRITICAL] SIM_BRIDGE: Error during simulation step: index 4670652 is out of bounds for axis 0 with size 4670517
Traceback (most recent call last):
  File "E:\Documents\Projects\sim\sim\bridge.py", line 7080, in _run_one_simulation_step
    gain_here = self.cp_plasticity_rate_gain[stdp_active_indices]
                ~~~~~~~~~~~~~~~~~~~~~~~~~~~~^^^^^^^^^^^^^^^^^^^^^
IndexError: index 4670652 is out of bounds for axis 0 with size 4670517
[2026-07-08 07:29:09][CRITICAL] SIM_BRIDGE: Error during simulation step: index 4670627 is out of bounds for axis 0 with size 4670517
Traceback (most recent call last):
  File "E:\Documents\Projects\sim\sim\bridge.py", line 7080, in _run_one_simulation_step
    gain_here = self.cp_plasticity_rate_gain[stdp_active_indices]
                ~~~~~~~~~~~~~~~~~~~~~~~~~~~~^^^^^^^^^^^^^^^^^^^^^
IndexError: index 4670627 is out of bounds for axis 0 with size 4670517
[2026-07-08 07:29:09][CRITICAL] SIM_BRIDGE: Error during simulation step: index 4670652 is out of bounds for axis 0 with size 4670517
Traceback (most recent call last):
  File "E:\Documents\Projects\sim\sim\bridge.py", line 7080, in _run_one_simulation_step
    gain_here = self.cp_plasticity_rate_gain[stdp_active_indices]
                ~~~~~~~~~~~~~~~~~~~~~~~~~~~~^^^^^^^^^^^^^^^^^^^^^
IndexError: index 4670652 is out of bounds for axis 0 with size 4670517
[2026-07-08 07:29:09][CRITICAL] SIM_BRIDGE: Error during simulation step: index 4670539 is out of bounds for axis 0 with size 4670517
Traceback (most recent call last):
  File "E:\Documents\Projects\sim\sim\bridge.py", line 7080, in _run_one_simulation_step
    gain_here = self.cp_plasticity_rate_gain[stdp_active_indices]
                ~~~~~~~~~~~~~~~~~~~~~~~~~~~~^^^^^^^^^^^^^^^^^^^^^
IndexError: index 4670539 is out of bounds for axis 0 with size 4670517
[2026-07-08 07:29:09][CRITICAL] SIM_BRIDGE: Error during simulation step: index 4670636 is out of bounds for axis 0 with size 4670517
Traceback (most recent call last):
  File "E:\Documents\Projects\sim\sim\bridge.py", line 7080, in _run_one_simulation_step
    gain_here = self.cp_plasticity_rate_gain[stdp_active_indices]
                ~~~~~~~~~~~~~~~~~~~~~~~~~~~~^^^^^^^^^^^^^^^^^^^^^
IndexError: index 4670636 is out of bounds for axis 0 with size 4670517
[2026-07-08 07:29:09][CRITICAL] SIM_BRIDGE: Error during simulation step: index 4670564 is out of bounds for axis 0 with size 4670517
Traceback (most recent call last):
  File "E:\Documents\Projects\sim\sim\bridge.py", line 7080, in _run_one_simulation_step
    gain_here = self.cp_plasticity_rate_gain[stdp_active_indices]
                ~~~~~~~~~~~~~~~~~~~~~~~~~~~~^^^^^^^^^^^^^^^^^^^^^
IndexError: index 4670564 is out of bounds for axis 0 with size 4670517
[2026-07-08 07:29:09][CRITICAL] SIM_BRIDGE: Error during simulation step: index 4673975 is out of bounds for axis 0 with size 4670517
Traceback (most recent call last):
  File "E:\Documents\Projects\sim\sim\bridge.py", line 7080, in _run_one_simulation_step
    gain_here = self.cp_plasticity_rate_gain[stdp_active_indices]
                ~~~~~~~~~~~~~~~~~~~~~~~~~~~~^^^^^^^^^^^^^^^^^^^^^
IndexError: index 4673975 is out of bounds for axis 0 with size 4670517
[2026-07-08 07:29:09][CRITICAL] SIM_BRIDGE: Error during simulation step: index 4670877 is out of bounds for axis 0 with size 4670517
Traceback (most recent call last):
  File "E:\Documents\Projects\sim\sim\bridge.py", line 7080, in _run_one_simulation_step
    gain_here = self.cp_plasticity_rate_gain[stdp_active_indices]
                ~~~~~~~~~~~~~~~~~~~~~~~~~~~~^^^^^^^^^^^^^^^^^^^^^
IndexError: index 4670877 is out of bounds for axis 0 with size 4670517
[2026-07-08 07:29:09][CRITICAL] SIM_BRIDGE: Error during simulation step: index 4670767 is out of bounds for axis 0 with size 4670517
Traceback (most recent call last):
  File "E:\Documents\Projects\sim\sim\bridge.py", line 7080, in _run_one_simulation_step
    gain_here = self.cp_plasticity_rate_gain[stdp_active_indices]
                ~~~~~~~~~~~~~~~~~~~~~~~~~~~~^^^^^^^^^^^^^^^^^^^^^
IndexError: index 4670767 is out of bounds for axis 0 with size 4670517
[2026-07-08 07:29:09][CRITICAL] SIM_BRIDGE: Error during simulation step: index 4670756 is out of bounds for axis 0 with size 4670517
Traceback (most recent call last):
  File "E:\Documents\Projects\sim\sim\bridge.py", line 7080, in _run_one_simulation_step
    gain_here = self.cp_plasticity_rate_gain[stdp_active_indices]
                ~~~~~~~~~~~~~~~~~~~~~~~~~~~~^^^^^^^^^^^^^^^^^^^^^
IndexError: index 4670756 is out of bounds for axis 0 with size 4670517
[2026-07-08 07:29:09][CRITICAL] SIM_BRIDGE: Error during simulation step: index 4670797 is out of bounds for axis 0 with size 4670517
Traceback (most recent call last):
  File "E:\Documents\Projects\sim\sim\bridge.py", line 7080, in _run_one_simulation_step
    gain_here = self.cp_plasticity_rate_gain[stdp_active_indices]
                ~~~~~~~~~~~~~~~~~~~~~~~~~~~~^^^^^^^^^^^^^^^^^^^^^
IndexError: index 4670797 is out of bounds for axis 0 with size 4670517
[2026-07-08 07:29:09][CRITICAL] SIM_BRIDGE: Error during simulation step: index 4671099 is out of bounds for axis 0 with size 4670517
Traceback (most recent call last):
  File "E:\Documents\Projects\sim\sim\bridge.py", line 7080, in _run_one_simulation_step
    gain_here = self.cp_plasticity_rate_gain[stdp_active_indices]
                ~~~~~~~~~~~~~~~~~~~~~~~~~~~~^^^^^^^^^^^^^^^^^^^^^
IndexError: index 4671099 is out of bounds for axis 0 with size 4670517
[2026-07-08 07:29:09][CRITICAL] SIM_BRIDGE: Error during simulation step: index 4670572 is out of bounds for axis 0 with size 4670517
Traceback (most recent call last):
  File "E:\Documents\Projects\sim\sim\bridge.py", line 7080, in _run_one_simulation_step
    gain_here = self.cp_plasticity_rate_gain[stdp_active_indices]
                ~~~~~~~~~~~~~~~~~~~~~~~~~~~~^^^^^^^^^^^^^^^^^^^^^
IndexError: index 4670572 is out of bounds for axis 0 with size 4670517
[2026-07-08 07:29:09][CRITICAL] SIM_BRIDGE: Error during simulation step: index 4670522 is out of bounds for axis 0 with size 4670517
Traceback (most recent call last):
  File "E:\Documents\Projects\sim\sim\bridge.py", line 7080, in _run_one_simulation_step
    gain_here = self.cp_plasticity_rate_gain[stdp_active_indices]
                ~~~~~~~~~~~~~~~~~~~~~~~~~~~~^^^^^^^^^^^^^^^^^^^^^
IndexError: index 4670522 is out of bounds for axis 0 with size 4670517
[2026-07-08 07:29:09][CRITICAL] SIM_BRIDGE: Error during simulation step: index 4670521 is out of bounds for axis 0 with size 4670517
Traceback (most recent call last):
  File "E:\Documents\Projects\sim\sim\bridge.py", line 7080, in _run_one_simulation_step
    gain_here = self.cp_plasticity_rate_gain[stdp_active_indices]
                ~~~~~~~~~~~~~~~~~~~~~~~~~~~~^^^^^^^^^^^^^^^^^^^^^
IndexError: index 4670521 is out of bounds for axis 0 with size 4670517
[2026-07-08 07:29:09][CRITICAL] SIM_BRIDGE: Error during simulation step: index 4670636 is out of bounds for axis 0 with size 4670517
Traceback (most recent call last):
  File "E:\Documents\Projects\sim\sim\bridge.py", line 7080, in _run_one_simulation_step
    gain_here = self.cp_plasticity_rate_gain[stdp_active_indices]
                ~~~~~~~~~~~~~~~~~~~~~~~~~~~~^^^^^^^^^^^^^^^^^^^^^
IndexError: index 4670636 is out of bounds for axis 0 with size 4670517
[2026-07-08 07:29:10][CRITICAL] SIM_BRIDGE: Error during simulation step: index 4670690 is out of bounds for axis 0 with size 4670517
Traceback (most recent call last):
  File "E:\Documents\Projects\sim\sim\bridge.py", line 7080, in _run_one_simulation_step
    gain_here = self.cp_plasticity_rate_gain[stdp_active_indices]
                ~~~~~~~~~~~~~~~~~~~~~~~~~~~~^^^^^^^^^^^^^^^^^^^^^
IndexError: index 4670690 is out of bounds for axis 0 with size 4670517
[2026-07-08 07:29:10][CRITICAL] SIM_BRIDGE: Error during simulation step: index 4670630 is out of bounds for axis 0 with size 4670517
Traceback (most recent call last):
  File "E:\Documents\Projects\sim\sim\bridge.py", line 7080, in _run_one_simulation_step
    gain_here = self.cp_plasticity_rate_gain[stdp_active_indices]
                ~~~~~~~~~~~~~~~~~~~~~~~~~~~~^^^^^^^^^^^^^^^^^^^^^
IndexError: index 4670630 is out of bounds for axis 0 with size 4670517
[2026-07-08 07:29:10][CRITICAL] SIM_BRIDGE: Error during simulation step: index 4670521 is out of bounds for axis 0 with size 4670517
Traceback (most recent call last):
  File "E:\Documents\Projects\sim\sim\bridge.py", line 7080, in _run_one_simulation_step
    gain_here = self.cp_plasticity_rate_gain[stdp_active_indices]
                ~~~~~~~~~~~~~~~~~~~~~~~~~~~~^^^^^^^^^^^^^^^^^^^^^
IndexError: index 4670521 is out of bounds for axis 0 with size 4670517
[2026-07-08 07:29:10][CRITICAL] SIM_BRIDGE: Error during simulation step: index 4670630 is out of bounds for axis 0 with size 4670517
Traceback (most recent call last):
  File "E:\Documents\Projects\sim\sim\bridge.py", line 7080, in _run_one_simulation_step
    gain_here = self.cp_plasticity_rate_gain[stdp_active_indices]
                ~~~~~~~~~~~~~~~~~~~~~~~~~~~~^^^^^^^^^^^^^^^^^^^^^
IndexError: index 4670630 is out of bounds for axis 0 with size 4670517
[2026-07-08 07:29:10][CRITICAL] SIM_BRIDGE: Error during simulation step: index 4670679 is out of bounds for axis 0 with size 4670517
Traceback (most recent call last):
  File "E:\Documents\Projects\sim\sim\bridge.py", line 7080, in _run_one_simulation_step
    gain_here = self.cp_plasticity_rate_gain[stdp_active_indices]
                ~~~~~~~~~~~~~~~~~~~~~~~~~~~~^^^^^^^^^^^^^^^^^^^^^
IndexError: index 4670679 is out of bounds for axis 0 with size 4670517
[2026-07-08 07:29:10][CRITICAL] SIM_BRIDGE: Error during simulation step: index 4670630 is out of bounds for axis 0 with size 4670517
Traceback (most recent call last):
  File "E:\Documents\Projects\sim\sim\bridge.py", line 7080, in _run_one_simulation_step
    gain_here = self.cp_plasticity_rate_gain[stdp_active_indices]
                ~~~~~~~~~~~~~~~~~~~~~~~~~~~~^^^^^^^^^^^^^^^^^^^^^
IndexError: index 4670630 is out of bounds for axis 0 with size 4670517
[2026-07-08 07:29:10][CRITICAL] SIM_BRIDGE: Error during simulation step: index 4670527 is out of bounds for axis 0 with size 4670517
Traceback (most recent call last):
  File "E:\Documents\Projects\sim\sim\bridge.py", line 7080, in _run_one_simulation_step
    gain_here = self.cp_plasticity_rate_gain[stdp_active_indices]
                ~~~~~~~~~~~~~~~~~~~~~~~~~~~~^^^^^^^^^^^^^^^^^^^^^
IndexError: index 4670527 is out of bounds for axis 0 with size 4670517
[2026-07-08 07:29:10][CRITICAL] SIM_BRIDGE: Error during simulation step: index 4670630 is out of bounds for axis 0 with size 4670517
Traceback (most recent call last):
  File "E:\Documents\Projects\sim\sim\bridge.py", line 7080, in _run_one_simulation_step
    gain_here = self.cp_plasticity_rate_gain[stdp_active_indices]
                ~~~~~~~~~~~~~~~~~~~~~~~~~~~~^^^^^^^^^^^^^^^^^^^^^
IndexError: index 4670630 is out of bounds for axis 0 with size 4670517
[2026-07-08 07:29:10][CRITICAL] SIM_BRIDGE: Error during simulation step: index 4670527 is out of bounds for axis 0 with size 4670517
Traceback (most recent call last):
  File "E:\Documents\Projects\sim\sim\bridge.py", line 7080, in _run_one_simulation_step
    gain_here = self.cp_plasticity_rate_gain[stdp_active_indices]
                ~~~~~~~~~~~~~~~~~~~~~~~~~~~~^^^^^^^^^^^^^^^^^^^^^
IndexError: index 4670527 is out of bounds for axis 0 with size 4670517
[2026-07-08 07:29:10][CRITICAL] SIM_BRIDGE: Error during simulation step: index 4670521 is out of bounds for axis 0 with size 4670517
Traceback (most recent call last):
  File "E:\Documents\Projects\sim\sim\bridge.py", line 7080, in _run_one_simulation_step
    gain_here = self.cp_plasticity_rate_gain[stdp_active_indices]
                ~~~~~~~~~~~~~~~~~~~~~~~~~~~~^^^^^^^^^^^^^^^^^^^^^
IndexError: index 4670521 is out of bounds for axis 0 with size 4670517
[2026-07-08 07:29:10][CRITICAL] SIM_BRIDGE: Error during simulation step: index 4670527 is out of bounds for axis 0 with size 4670517
Traceback (most recent call last):
  File "E:\Documents\Projects\sim\sim\bridge.py", line 7080, in _run_one_simulation_step
    gain_here = self.cp_plasticity_rate_gain[stdp_active_indices]
                ~~~~~~~~~~~~~~~~~~~~~~~~~~~~^^^^^^^^^^^^^^^^^^^^^
IndexError: index 4670527 is out of bounds for axis 0 with size 4670517
[2026-07-08 07:29:10][CRITICAL] SIM_BRIDGE: Error during simulation step: index 4670844 is out of bounds for axis 0 with size 4670517
Traceback (most recent call last):
  File "E:\Documents\Projects\sim\sim\bridge.py", line 7080, in _run_one_simulation_step
    gain_here = self.cp_plasticity_rate_gain[stdp_active_indices]
                ~~~~~~~~~~~~~~~~~~~~~~~~~~~~^^^^^^^^^^^^^^^^^^^^^
IndexError: index 4670844 is out of bounds for axis 0 with size 4670517
[2026-07-08 07:29:10][CRITICAL] SIM_BRIDGE: Error during simulation step: index 4670527 is out of bounds for axis 0 with size 4670517
Traceback (most recent call last):
  File "E:\Documents\Projects\sim\sim\bridge.py", line 7080, in _run_one_simulation_step
    gain_here = self.cp_plasticity_rate_gain[stdp_active_indices]
                ~~~~~~~~~~~~~~~~~~~~~~~~~~~~^^^^^^^^^^^^^^^^^^^^^
IndexError: index 4670527 is out of bounds for axis 0 with size 4670517
[2026-07-08 07:29:10][CRITICAL] SIM_BRIDGE: Error during simulation step: index 4670539 is out of bounds for axis 0 with size 4670517
Traceback (most recent call last):
  File "E:\Documents\Projects\sim\sim\bridge.py", line 7080, in _run_one_simulation_step
    gain_here = self.cp_plasticity_rate_gain[stdp_active_indices]
                ~~~~~~~~~~~~~~~~~~~~~~~~~~~~^^^^^^^^^^^^^^^^^^^^^
IndexError: index 4670539 is out of bounds for axis 0 with size 4670517
[2026-07-08 07:29:10][CRITICAL] SIM_BRIDGE: Error during simulation step: index 4670527 is out of bounds for axis 0 with size 4670517
Traceback (most recent call last):
  File "E:\Documents\Projects\sim\sim\bridge.py", line 7080, in _run_one_simulation_step
    gain_here = self.cp_plasticity_rate_gain[stdp_active_indices]
                ~~~~~~~~~~~~~~~~~~~~~~~~~~~~^^^^^^^^^^^^^^^^^^^^^
IndexError: index 4670527 is out of bounds for axis 0 with size 4670517
[2026-07-08 07:29:10][CRITICAL] SIM_BRIDGE: Error during simulation step: index 4670540 is out of bounds for axis 0 with size 4670517
Traceback (most recent call last):
  File "E:\Documents\Projects\sim\sim\bridge.py", line 7080, in _run_one_simulation_step
    gain_here = self.cp_plasticity_rate_gain[stdp_active_indices]
                ~~~~~~~~~~~~~~~~~~~~~~~~~~~~^^^^^^^^^^^^^^^^^^^^^
IndexError: index 4670540 is out of bounds for axis 0 with size 4670517
[2026-07-08 07:29:10][CRITICAL] SIM_BRIDGE: Error during simulation step: index 4670527 is out of bounds for axis 0 with size 4670517
Traceback (most recent call last):
  File "E:\Documents\Projects\sim\sim\bridge.py", line 7080, in _run_one_simulation_step
    gain_here = self.cp_plasticity_rate_gain[stdp_active_indices]
                ~~~~~~~~~~~~~~~~~~~~~~~~~~~~^^^^^^^^^^^^^^^^^^^^^
IndexError: index 4670527 is out of bounds for axis 0 with size 4670517
[2026-07-08 07:29:10][CRITICAL] SIM_BRIDGE: Error during simulation step: index 4670820 is out of bounds for axis 0 with size 4670517
Traceback (most recent call last):
  File "E:\Documents\Projects\sim\sim\bridge.py", line 7080, in _run_one_simulation_step
    gain_here = self.cp_plasticity_rate_gain[stdp_active_indices]
                ~~~~~~~~~~~~~~~~~~~~~~~~~~~~^^^^^^^^^^^^^^^^^^^^^
IndexError: index 4670820 is out of bounds for axis 0 with size 4670517
[2026-07-08 07:29:10][CRITICAL] SIM_BRIDGE: Error during simulation step: index 4670576 is out of bounds for axis 0 with size 4670517
Traceback (most recent call last):
  File "E:\Documents\Projects\sim\sim\bridge.py", line 7080, in _run_one_simulation_step
    gain_here = self.cp_plasticity_rate_gain[stdp_active_indices]
                ~~~~~~~~~~~~~~~~~~~~~~~~~~~~^^^^^^^^^^^^^^^^^^^^^
IndexError: index 4670576 is out of bounds for axis 0 with size 4670517
[2026-07-08 07:29:10][CRITICAL] SIM_BRIDGE: Error during simulation step: index 4670642 is out of bounds for axis 0 with size 4670517
Traceback (most recent call last):
  File "E:\Documents\Projects\sim\sim\bridge.py", line 7080, in _run_one_simulation_step
    gain_here = self.cp_plasticity_rate_gain[stdp_active_indices]
                ~~~~~~~~~~~~~~~~~~~~~~~~~~~~^^^^^^^^^^^^^^^^^^^^^
IndexError: index 4670642 is out of bounds for axis 0 with size 4670517
[2026-07-08 07:29:10][CRITICAL] SIM_BRIDGE: Error during simulation step: index 4670559 is out of bounds for axis 0 with size 4670517
Traceback (most recent call last):
  File "E:\Documents\Projects\sim\sim\bridge.py", line 7080, in _run_one_simulation_step
    gain_here = self.cp_plasticity_rate_gain[stdp_active_indices]
                ~~~~~~~~~~~~~~~~~~~~~~~~~~~~^^^^^^^^^^^^^^^^^^^^^
IndexError: index 4670559 is out of bounds for axis 0 with size 4670517
[2026-07-08 07:29:11][CRITICAL] SIM_BRIDGE: Error during simulation step: index 4670770 is out of bounds for axis 0 with size 4670517
Traceback (most recent call last):
  File "E:\Documents\Projects\sim\sim\bridge.py", line 7080, in _run_one_simulation_step
    gain_here = self.cp_plasticity_rate_gain[stdp_active_indices]
                ~~~~~~~~~~~~~~~~~~~~~~~~~~~~^^^^^^^^^^^^^^^^^^^^^
IndexError: index 4670770 is out of bounds for axis 0 with size 4670517
[2026-07-08 07:29:11][CRITICAL] SIM_BRIDGE: Error during simulation step: index 4670576 is out of bounds for axis 0 with size 4670517
Traceback (most recent call last):
  File "E:\Documents\Projects\sim\sim\bridge.py", line 7080, in _run_one_simulation_step
    gain_here = self.cp_plasticity_rate_gain[stdp_active_indices]
                ~~~~~~~~~~~~~~~~~~~~~~~~~~~~^^^^^^^^^^^^^^^^^^^^^
IndexError: index 4670576 is out of bounds for axis 0 with size 4670517
[2026-07-08 07:29:11][CRITICAL] SIM_BRIDGE: Error during simulation step: index 4670700 is out of bounds for axis 0 with size 4670517
Traceback (most recent call last):
  File "E:\Documents\Projects\sim\sim\bridge.py", line 7080, in _run_one_simulation_step
    gain_here = self.cp_plasticity_rate_gain[stdp_active_indices]
                ~~~~~~~~~~~~~~~~~~~~~~~~~~~~^^^^^^^^^^^^^^^^^^^^^
IndexError: index 4670700 is out of bounds for axis 0 with size 4670517
[2026-07-08 07:29:11][CRITICAL] SIM_BRIDGE: Error during simulation step: index 4670576 is out of bounds for axis 0 with size 4670517
Traceback (most recent call last):
  File "E:\Documents\Projects\sim\sim\bridge.py", line 7080, in _run_one_simulation_step
    gain_here = self.cp_plasticity_rate_gain[stdp_active_indices]
                ~~~~~~~~~~~~~~~~~~~~~~~~~~~~^^^^^^^^^^^^^^^^^^^^^
IndexError: index 4670576 is out of bounds for axis 0 with size 4670517
[2026-07-08 07:29:11][CRITICAL] SIM_BRIDGE: Error during simulation step: index 4670728 is out of bounds for axis 0 with size 4670517
Traceback (most recent call last):
  File "E:\Documents\Projects\sim\sim\bridge.py", line 7080, in _run_one_simulation_step
    gain_here = self.cp_plasticity_rate_gain[stdp_active_indices]
                ~~~~~~~~~~~~~~~~~~~~~~~~~~~~^^^^^^^^^^^^^^^^^^^^^
IndexError: index 4670728 is out of bounds for axis 0 with size 4670517
[2026-07-08 07:29:11][CRITICAL] SIM_BRIDGE: Error during simulation step: index 4670687 is out of bounds for axis 0 with size 4670517
Traceback (most recent call last):
  File "E:\Documents\Projects\sim\sim\bridge.py", line 7080, in _run_one_simulation_step
    gain_here = self.cp_plasticity_rate_gain[stdp_active_indices]
                ~~~~~~~~~~~~~~~~~~~~~~~~~~~~^^^^^^^^^^^^^^^^^^^^^
IndexError: index 4670687 is out of bounds for axis 0 with size 4670517
[2026-07-08 07:29:11][CRITICAL] SIM_BRIDGE: Error during simulation step: index 4670652 is out of bounds for axis 0 with size 4670517
Traceback (most recent call last):
  File "E:\Documents\Projects\sim\sim\bridge.py", line 7080, in _run_one_simulation_step
    gain_here = self.cp_plasticity_rate_gain[stdp_active_indices]
                ~~~~~~~~~~~~~~~~~~~~~~~~~~~~^^^^^^^^^^^^^^^^^^^^^
IndexError: index 4670652 is out of bounds for axis 0 with size 4670517
[2026-07-08 07:29:11][CRITICAL] SIM_BRIDGE: Error during simulation step: index 4670616 is out of bounds for axis 0 with size 4670517
Traceback (most recent call last):
  File "E:\Documents\Projects\sim\sim\bridge.py", line 7080, in _run_one_simulation_step
    gain_here = self.cp_plasticity_rate_gain[stdp_active_indices]
                ~~~~~~~~~~~~~~~~~~~~~~~~~~~~^^^^^^^^^^^^^^^^^^^^^
IndexError: index 4670616 is out of bounds for axis 0 with size 4670517
[2026-07-08 07:29:11][CRITICAL] SIM_BRIDGE: Error during simulation step: index 4670652 is out of bounds for axis 0 with size 4670517
Traceback (most recent call last):
  File "E:\Documents\Projects\sim\sim\bridge.py", line 7080, in _run_one_simulation_step
    gain_here = self.cp_plasticity_rate_gain[stdp_active_indices]
                ~~~~~~~~~~~~~~~~~~~~~~~~~~~~^^^^^^^^^^^^^^^^^^^^^
IndexError: index 4670652 is out of bounds for axis 0 with size 4670517
[2026-07-08 07:29:11][CRITICAL] SIM_BRIDGE: Error during simulation step: index 4670556 is out of bounds for axis 0 with size 4670517
Traceback (most recent call last):
  File "E:\Documents\Projects\sim\sim\bridge.py", line 7080, in _run_one_simulation_step
    gain_here = self.cp_plasticity_rate_gain[stdp_active_indices]
                ~~~~~~~~~~~~~~~~~~~~~~~~~~~~^^^^^^^^^^^^^^^^^^^^^
IndexError: index 4670556 is out of bounds for axis 0 with size 4670517
[2026-07-08 07:29:11][CRITICAL] SIM_BRIDGE: Error during simulation step: index 4670549 is out of bounds for axis 0 with size 4670517
Traceback (most recent call last):
  File "E:\Documents\Projects\sim\sim\bridge.py", line 7080, in _run_one_simulation_step
    gain_here = self.cp_plasticity_rate_gain[stdp_active_indices]
                ~~~~~~~~~~~~~~~~~~~~~~~~~~~~^^^^^^^^^^^^^^^^^^^^^
IndexError: index 4670549 is out of bounds for axis 0 with size 4670517
[2026-07-08 07:29:11][CRITICAL] SIM_BRIDGE: Error during simulation step: index 4670781 is out of bounds for axis 0 with size 4670517
Traceback (most recent call last):
  File "E:\Documents\Projects\sim\sim\bridge.py", line 7080, in _run_one_simulation_step
    gain_here = self.cp_plasticity_rate_gain[stdp_active_indices]
                ~~~~~~~~~~~~~~~~~~~~~~~~~~~~^^^^^^^^^^^^^^^^^^^^^
IndexError: index 4670781 is out of bounds for axis 0 with size 4670517
[2026-07-08 07:29:11][CRITICAL] SIM_BRIDGE: Error during simulation step: index 4670549 is out of bounds for axis 0 with size 4670517
Traceback (most recent call last):
  File "E:\Documents\Projects\sim\sim\bridge.py", line 7080, in _run_one_simulation_step
    gain_here = self.cp_plasticity_rate_gain[stdp_active_indices]
                ~~~~~~~~~~~~~~~~~~~~~~~~~~~~^^^^^^^^^^^^^^^^^^^^^
IndexError: index 4670549 is out of bounds for axis 0 with size 4670517
[2026-07-08 07:29:11][CRITICAL] SIM_BRIDGE: Error during simulation step: index 4670644 is out of bounds for axis 0 with size 4670517
Traceback (most recent call last):
  File "E:\Documents\Projects\sim\sim\bridge.py", line 7080, in _run_one_simulation_step
    gain_here = self.cp_plasticity_rate_gain[stdp_active_indices]
                ~~~~~~~~~~~~~~~~~~~~~~~~~~~~^^^^^^^^^^^^^^^^^^^^^
IndexError: index 4670644 is out of bounds for axis 0 with size 4670517
[2026-07-08 07:29:11][CRITICAL] SIM_BRIDGE: Error during simulation step: index 4670521 is out of bounds for axis 0 with size 4670517
Traceback (most recent call last):
  File "E:\Documents\Projects\sim\sim\bridge.py", line 7080, in _run_one_simulation_step
    gain_here = self.cp_plasticity_rate_gain[stdp_active_indices]
                ~~~~~~~~~~~~~~~~~~~~~~~~~~~~^^^^^^^^^^^^^^^^^^^^^
IndexError: index 4670521 is out of bounds for axis 0 with size 4670517
[2026-07-08 07:29:11][CRITICAL] SIM_BRIDGE: Error during simulation step: index 4670977 is out of bounds for axis 0 with size 4670517
Traceback (most recent call last):
  File "E:\Documents\Projects\sim\sim\bridge.py", line 7080, in _run_one_simulation_step
    gain_here = self.cp_plasticity_rate_gain[stdp_active_indices]
                ~~~~~~~~~~~~~~~~~~~~~~~~~~~~^^^^^^^^^^^^^^^^^^^^^
IndexError: index 4670977 is out of bounds for axis 0 with size 4670517
[2026-07-08 07:29:11][CRITICAL] SIM_BRIDGE: Error during simulation step: index 4670528 is out of bounds for axis 0 with size 4670517
Traceback (most recent call last):
  File "E:\Documents\Projects\sim\sim\bridge.py", line 7080, in _run_one_simulation_step
    gain_here = self.cp_plasticity_rate_gain[stdp_active_indices]
                ~~~~~~~~~~~~~~~~~~~~~~~~~~~~^^^^^^^^^^^^^^^^^^^^^
IndexError: index 4670528 is out of bounds for axis 0 with size 4670517
[2026-07-08 07:29:11][CRITICAL] SIM_BRIDGE: Error during simulation step: index 4671095 is out of bounds for axis 0 with size 4670517
Traceback (most recent call last):
  File "E:\Documents\Projects\sim\sim\bridge.py", line 7080, in _run_one_simulation_step
    gain_here = self.cp_plasticity_rate_gain[stdp_active_indices]
                ~~~~~~~~~~~~~~~~~~~~~~~~~~~~^^^^^^^^^^^^^^^^^^^^^
IndexError: index 4671095 is out of bounds for axis 0 with size 4670517
[2026-07-08 07:29:11][CRITICAL] SIM_BRIDGE: Error during simulation step: index 4670713 is out of bounds for axis 0 with size 4670517
Traceback (most recent call last):
  File "E:\Documents\Projects\sim\sim\bridge.py", line 7080, in _run_one_simulation_step
    gain_here = self.cp_plasticity_rate_gain[stdp_active_indices]
                ~~~~~~~~~~~~~~~~~~~~~~~~~~~~^^^^^^^^^^^^^^^^^^^^^
IndexError: index 4670713 is out of bounds for axis 0 with size 4670517
[2026-07-08 07:29:11][CRITICAL] SIM_BRIDGE: Error during simulation step: index 4670552 is out of bounds for axis 0 with size 4670517
Traceback (most recent call last):
  File "E:\Documents\Projects\sim\sim\bridge.py", line 7080, in _run_one_simulation_step
    gain_here = self.cp_plasticity_rate_gain[stdp_active_indices]
                ~~~~~~~~~~~~~~~~~~~~~~~~~~~~^^^^^^^^^^^^^^^^^^^^^
IndexError: index 4670552 is out of bounds for axis 0 with size 4670517
[2026-07-08 07:29:11][CRITICAL] SIM_BRIDGE: Error during simulation step: index 4670752 is out of bounds for axis 0 with size 4670517
Traceback (most recent call last):
  File "E:\Documents\Projects\sim\sim\bridge.py", line 7080, in _run_one_simulation_step
    gain_here = self.cp_plasticity_rate_gain[stdp_active_indices]
                ~~~~~~~~~~~~~~~~~~~~~~~~~~~~^^^^^^^^^^^^^^^^^^^^^
IndexError: index 4670752 is out of bounds for axis 0 with size 4670517
[2026-07-08 07:29:12][CRITICAL] SIM_BRIDGE: Error during simulation step: index 4670539 is out of bounds for axis 0 with size 4670517
Traceback (most recent call last):
  File "E:\Documents\Projects\sim\sim\bridge.py", line 7080, in _run_one_simulation_step
    gain_here = self.cp_plasticity_rate_gain[stdp_active_indices]
                ~~~~~~~~~~~~~~~~~~~~~~~~~~~~^^^^^^^^^^^^^^^^^^^^^
IndexError: index 4670539 is out of bounds for axis 0 with size 4670517
[2026-07-08 07:29:12][CRITICAL] SIM_BRIDGE: Error during simulation step: index 4670537 is out of bounds for axis 0 with size 4670517
Traceback (most recent call last):
  File "E:\Documents\Projects\sim\sim\bridge.py", line 7080, in _run_one_simulation_step
    gain_here = self.cp_plasticity_rate_gain[stdp_active_indices]
                ~~~~~~~~~~~~~~~~~~~~~~~~~~~~^^^^^^^^^^^^^^^^^^^^^
IndexError: index 4670537 is out of bounds for axis 0 with size 4670517
[2026-07-08 07:29:12][CRITICAL] SIM_BRIDGE: Error during simulation step: index 4670556 is out of bounds for axis 0 with size 4670517
Traceback (most recent call last):
  File "E:\Documents\Projects\sim\sim\bridge.py", line 7080, in _run_one_simulation_step
    gain_here = self.cp_plasticity_rate_gain[stdp_active_indices]
                ~~~~~~~~~~~~~~~~~~~~~~~~~~~~^^^^^^^^^^^^^^^^^^^^^
IndexError: index 4670556 is out of bounds for axis 0 with size 4670517
[2026-07-08 07:29:12][CRITICAL] SIM_BRIDGE: Error during simulation step: index 4670600 is out of bounds for axis 0 with size 4670517
Traceback (most recent call last):
  File "E:\Documents\Projects\sim\sim\bridge.py", line 7080, in _run_one_simulation_step
    gain_here = self.cp_plasticity_rate_gain[stdp_active_indices]
                ~~~~~~~~~~~~~~~~~~~~~~~~~~~~^^^^^^^^^^^^^^^^^^^^^
IndexError: index 4670600 is out of bounds for axis 0 with size 4670517
[2026-07-08 07:29:12][CRITICAL] SIM_BRIDGE: Error during simulation step: index 4670610 is out of bounds for axis 0 with size 4670517
Traceback (most recent call last):
  File "E:\Documents\Projects\sim\sim\bridge.py", line 7080, in _run_one_simulation_step
    gain_here = self.cp_plasticity_rate_gain[stdp_active_indices]
                ~~~~~~~~~~~~~~~~~~~~~~~~~~~~^^^^^^^^^^^^^^^^^^^^^
IndexError: index 4670610 is out of bounds for axis 0 with size 4670517
[2026-07-08 07:29:12][CRITICAL] SIM_BRIDGE: Error during simulation step: index 4670594 is out of bounds for axis 0 with size 4670517
Traceback (most recent call last):
  File "E:\Documents\Projects\sim\sim\bridge.py", line 7080, in _run_one_simulation_step
    gain_here = self.cp_plasticity_rate_gain[stdp_active_indices]
                ~~~~~~~~~~~~~~~~~~~~~~~~~~~~^^^^^^^^^^^^^^^^^^^^^
IndexError: index 4670594 is out of bounds for axis 0 with size 4670517
[2026-07-08 07:29:12][CRITICAL] SIM_BRIDGE: Error during simulation step: index 4670746 is out of bounds for axis 0 with size 4670517
Traceback (most recent call last):
  File "E:\Documents\Projects\sim\sim\bridge.py", line 7080, in _run_one_simulation_step
    gain_here = self.cp_plasticity_rate_gain[stdp_active_indices]
                ~~~~~~~~~~~~~~~~~~~~~~~~~~~~^^^^^^^^^^^^^^^^^^^^^
IndexError: index 4670746 is out of bounds for axis 0 with size 4670517
[2026-07-08 07:29:12][CRITICAL] SIM_BRIDGE: Error during simulation step: index 4670597 is out of bounds for axis 0 with size 4670517
Traceback (most recent call last):
  File "E:\Documents\Projects\sim\sim\bridge.py", line 7080, in _run_one_simulation_step
    gain_here = self.cp_plasticity_rate_gain[stdp_active_indices]
                ~~~~~~~~~~~~~~~~~~~~~~~~~~~~^^^^^^^^^^^^^^^^^^^^^
IndexError: index 4670597 is out of bounds for axis 0 with size 4670517
[2026-07-08 07:29:12][CRITICAL] SIM_BRIDGE: Error during simulation step: index 4670542 is out of bounds for axis 0 with size 4670517
Traceback (most recent call last):
  File "E:\Documents\Projects\sim\sim\bridge.py", line 7080, in _run_one_simulation_step
    gain_here = self.cp_plasticity_rate_gain[stdp_active_indices]
                ~~~~~~~~~~~~~~~~~~~~~~~~~~~~^^^^^^^^^^^^^^^^^^^^^
IndexError: index 4670542 is out of bounds for axis 0 with size 4670517
[2026-07-08 07:29:12][CRITICAL] SIM_BRIDGE: Error during simulation step: index 4670597 is out of bounds for axis 0 with size 4670517
Traceback (most recent call last):
  File "E:\Documents\Projects\sim\sim\bridge.py", line 7080, in _run_one_simulation_step
    gain_here = self.cp_plasticity_rate_gain[stdp_active_indices]
                ~~~~~~~~~~~~~~~~~~~~~~~~~~~~^^^^^^^^^^^^^^^^^^^^^
IndexError: index 4670597 is out of bounds for axis 0 with size 4670517
[2026-07-08 07:29:12][CRITICAL] SIM_BRIDGE: Error during simulation step: index 4670819 is out of bounds for axis 0 with size 4670517
Traceback (most recent call last):
  File "E:\Documents\Projects\sim\sim\bridge.py", line 7080, in _run_one_simulation_step
    gain_here = self.cp_plasticity_rate_gain[stdp_active_indices]
                ~~~~~~~~~~~~~~~~~~~~~~~~~~~~^^^^^^^^^^^^^^^^^^^^^
IndexError: index 4670819 is out of bounds for axis 0 with size 4670517
[2026-07-08 07:29:12][CRITICAL] SIM_BRIDGE: Error during simulation step: index 4670581 is out of bounds for axis 0 with size 4670517
Traceback (most recent call last):
  File "E:\Documents\Projects\sim\sim\bridge.py", line 7080, in _run_one_simulation_step
    gain_here = self.cp_plasticity_rate_gain[stdp_active_indices]
                ~~~~~~~~~~~~~~~~~~~~~~~~~~~~^^^^^^^^^^^^^^^^^^^^^
IndexError: index 4670581 is out of bounds for axis 0 with size 4670517
[2026-07-08 07:29:12][CRITICAL] SIM_BRIDGE: Error during simulation step: index 4670606 is out of bounds for axis 0 with size 4670517
Traceback (most recent call last):
  File "E:\Documents\Projects\sim\sim\bridge.py", line 7080, in _run_one_simulation_step
    gain_here = self.cp_plasticity_rate_gain[stdp_active_indices]
                ~~~~~~~~~~~~~~~~~~~~~~~~~~~~^^^^^^^^^^^^^^^^^^^^^
IndexError: index 4670606 is out of bounds for axis 0 with size 4670517
[2026-07-08 07:29:12][CRITICAL] SIM_BRIDGE: Error during simulation step: index 4670521 is out of bounds for axis 0 with size 4670517
Traceback (most recent call last):
  File "E:\Documents\Projects\sim\sim\bridge.py", line 7080, in _run_one_simulation_step
    gain_here = self.cp_plasticity_rate_gain[stdp_active_indices]
                ~~~~~~~~~~~~~~~~~~~~~~~~~~~~^^^^^^^^^^^^^^^^^^^^^
IndexError: index 4670521 is out of bounds for axis 0 with size 4670517
[2026-07-08 07:29:12][CRITICAL] SIM_BRIDGE: Error during simulation step: index 4670819 is out of bounds for axis 0 with size 4670517
Traceback (most recent call last):
  File "E:\Documents\Projects\sim\sim\bridge.py", line 7080, in _run_one_simulation_step
    gain_here = self.cp_plasticity_rate_gain[stdp_active_indices]
                ~~~~~~~~~~~~~~~~~~~~~~~~~~~~^^^^^^^^^^^^^^^^^^^^^
IndexError: index 4670819 is out of bounds for axis 0 with size 4670517
[2026-07-08 07:29:12][CRITICAL] SIM_BRIDGE: Error during simulation step: index 4670581 is out of bounds for axis 0 with size 4670517
Traceback (most recent call last):
  File "E:\Documents\Projects\sim\sim\bridge.py", line 7080, in _run_one_simulation_step
    gain_here = self.cp_plasticity_rate_gain[stdp_active_indices]
                ~~~~~~~~~~~~~~~~~~~~~~~~~~~~^^^^^^^^^^^^^^^^^^^^^
IndexError: index 4670581 is out of bounds for axis 0 with size 4670517
[2026-07-08 07:29:12][CRITICAL] SIM_BRIDGE: Error during simulation step: index 4670662 is out of bounds for axis 0 with size 4670517
Traceback (most recent call last):
  File "E:\Documents\Projects\sim\sim\bridge.py", line 7080, in _run_one_simulation_step
    gain_here = self.cp_plasticity_rate_gain[stdp_active_indices]
                ~~~~~~~~~~~~~~~~~~~~~~~~~~~~^^^^^^^^^^^^^^^^^^^^^
IndexError: index 4670662 is out of bounds for axis 0 with size 4670517
[2026-07-08 07:29:12][CRITICAL] SIM_BRIDGE: Error during simulation step: index 4671140 is out of bounds for axis 0 with size 4670517
Traceback (most recent call last):
  File "E:\Documents\Projects\sim\sim\bridge.py", line 7080, in _run_one_simulation_step
    gain_here = self.cp_plasticity_rate_gain[stdp_active_indices]
                ~~~~~~~~~~~~~~~~~~~~~~~~~~~~^^^^^^^^^^^^^^^^^^^^^
IndexError: index 4671140 is out of bounds for axis 0 with size 4670517
[2026-07-08 07:29:12][CRITICAL] SIM_BRIDGE: Error during simulation step: index 4670582 is out of bounds for axis 0 with size 4670517
Traceback (most recent call last):
  File "E:\Documents\Projects\sim\sim\bridge.py", line 7080, in _run_one_simulation_step
    gain_here = self.cp_plasticity_rate_gain[stdp_active_indices]
                ~~~~~~~~~~~~~~~~~~~~~~~~~~~~^^^^^^^^^^^^^^^^^^^^^
IndexError: index 4670582 is out of bounds for axis 0 with size 4670517
[2026-07-08 07:29:12][CRITICAL] SIM_BRIDGE: Error during simulation step: index 4670535 is out of bounds for axis 0 with size 4670517
Traceback (most recent call last):
  File "E:\Documents\Projects\sim\sim\bridge.py", line 7080, in _run_one_simulation_step
    gain_here = self.cp_plasticity_rate_gain[stdp_active_indices]
                ~~~~~~~~~~~~~~~~~~~~~~~~~~~~^^^^^^^^^^^^^^^^^^^^^
IndexError: index 4670535 is out of bounds for axis 0 with size 4670517
[2026-07-08 07:29:12][CRITICAL] SIM_BRIDGE: Error during simulation step: index 4670616 is out of bounds for axis 0 with size 4670517
Traceback (most recent call last):
  File "E:\Documents\Projects\sim\sim\bridge.py", line 7080, in _run_one_simulation_step
    gain_here = self.cp_plasticity_rate_gain[stdp_active_indices]
                ~~~~~~~~~~~~~~~~~~~~~~~~~~~~^^^^^^^^^^^^^^^^^^^^^
IndexError: index 4670616 is out of bounds for axis 0 with size 4670517
[2026-07-08 07:29:12][CRITICAL] SIM_BRIDGE: Error during simulation step: index 4670754 is out of bounds for axis 0 with size 4670517
Traceback (most recent call last):
  File "E:\Documents\Projects\sim\sim\bridge.py", line 7080, in _run_one_simulation_step
    gain_here = self.cp_plasticity_rate_gain[stdp_active_indices]
                ~~~~~~~~~~~~~~~~~~~~~~~~~~~~^^^^^^^^^^^^^^^^^^^^^
IndexError: index 4670754 is out of bounds for axis 0 with size 4670517
[2026-07-08 07:29:13][CRITICAL] SIM_BRIDGE: Error during simulation step: index 4670805 is out of bounds for axis 0 with size 4670517
Traceback (most recent call last):
  File "E:\Documents\Projects\sim\sim\bridge.py", line 7080, in _run_one_simulation_step
    gain_here = self.cp_plasticity_rate_gain[stdp_active_indices]
                ~~~~~~~~~~~~~~~~~~~~~~~~~~~~^^^^^^^^^^^^^^^^^^^^^
IndexError: index 4670805 is out of bounds for axis 0 with size 4670517
[2026-07-08 07:29:13][CRITICAL] SIM_BRIDGE: Error during simulation step: index 4670706 is out of bounds for axis 0 with size 4670517
Traceback (most recent call last):
  File "E:\Documents\Projects\sim\sim\bridge.py", line 7080, in _run_one_simulation_step
    gain_here = self.cp_plasticity_rate_gain[stdp_active_indices]
                ~~~~~~~~~~~~~~~~~~~~~~~~~~~~^^^^^^^^^^^^^^^^^^^^^
IndexError: index 4670706 is out of bounds for axis 0 with size 4670517
[2026-07-08 07:29:13][CRITICAL] SIM_BRIDGE: Error during simulation step: index 4670726 is out of bounds for axis 0 with size 4670517
Traceback (most recent call last):
  File "E:\Documents\Projects\sim\sim\bridge.py", line 7080, in _run_one_simulation_step
    gain_here = self.cp_plasticity_rate_gain[stdp_active_indices]
                ~~~~~~~~~~~~~~~~~~~~~~~~~~~~^^^^^^^^^^^^^^^^^^^^^
IndexError: index 4670726 is out of bounds for axis 0 with size 4670517
[2026-07-08 07:29:13][CRITICAL] SIM_BRIDGE: Error during simulation step: index 4670624 is out of bounds for axis 0 with size 4670517
Traceback (most recent call last):
  File "E:\Documents\Projects\sim\sim\bridge.py", line 7080, in _run_one_simulation_step
    gain_here = self.cp_plasticity_rate_gain[stdp_active_indices]
                ~~~~~~~~~~~~~~~~~~~~~~~~~~~~^^^^^^^^^^^^^^^^^^^^^
IndexError: index 4670624 is out of bounds for axis 0 with size 4670517
[2026-07-08 07:29:13][CRITICAL] SIM_BRIDGE: Error during simulation step: index 4670642 is out of bounds for axis 0 with size 4670517
Traceback (most recent call last):
  File "E:\Documents\Projects\sim\sim\bridge.py", line 7080, in _run_one_simulation_step
    gain_here = self.cp_plasticity_rate_gain[stdp_active_indices]
                ~~~~~~~~~~~~~~~~~~~~~~~~~~~~^^^^^^^^^^^^^^^^^^^^^
IndexError: index 4670642 is out of bounds for axis 0 with size 4670517
[2026-07-08 07:29:13][CRITICAL] SIM_BRIDGE: Error during simulation step: index 4670588 is out of bounds for axis 0 with size 4670517
Traceback (most recent call last):
  File "E:\Documents\Projects\sim\sim\bridge.py", line 7080, in _run_one_simulation_step
    gain_here = self.cp_plasticity_rate_gain[stdp_active_indices]
                ~~~~~~~~~~~~~~~~~~~~~~~~~~~~^^^^^^^^^^^^^^^^^^^^^
IndexError: index 4670588 is out of bounds for axis 0 with size 4670517
[2026-07-08 07:29:13][CRITICAL] SIM_BRIDGE: Error during simulation step: index 4670609 is out of bounds for axis 0 with size 4670517
Traceback (most recent call last):
  File "E:\Documents\Projects\sim\sim\bridge.py", line 7080, in _run_one_simulation_step
    gain_here = self.cp_plasticity_rate_gain[stdp_active_indices]
                ~~~~~~~~~~~~~~~~~~~~~~~~~~~~^^^^^^^^^^^^^^^^^^^^^
IndexError: index 4670609 is out of bounds for axis 0 with size 4670517
[2026-07-08 07:29:13][CRITICAL] SIM_BRIDGE: Error during simulation step: index 4670775 is out of bounds for axis 0 with size 4670517
Traceback (most recent call last):
  File "E:\Documents\Projects\sim\sim\bridge.py", line 7080, in _run_one_simulation_step
    gain_here = self.cp_plasticity_rate_gain[stdp_active_indices]
                ~~~~~~~~~~~~~~~~~~~~~~~~~~~~^^^^^^^^^^^^^^^^^^^^^
IndexError: index 4670775 is out of bounds for axis 0 with size 4670517
  ask 'what does the bear eat?' -> "sleep"  -> SPOKE OBJECT ON SPIKES [expected fish]
[2026-07-08 07:29:13][CRITICAL] SIM_BRIDGE: Error during simulation step: index 4670594 is out of bounds for axis 0 with size 4670517
Traceback (most recent call last):
  File "E:\Documents\Projects\sim\sim\bridge.py", line 7080, in _run_one_simulation_step
    gain_here = self.cp_plasticity_rate_gain[stdp_active_indices]
                ~~~~~~~~~~~~~~~~~~~~~~~~~~~~^^^^^^^^^^^^^^^^^^^^^
IndexError: index 4670594 is out of bounds for axis 0 with size 4670517
[2026-07-08 07:29:13][CRITICAL] SIM_BRIDGE: Error during simulation step: index 4670850 is out of bounds for axis 0 with size 4670517
Traceback (most recent call last):
  File "E:\Documents\Projects\sim\sim\bridge.py", line 7080, in _run_one_simulation_step
    gain_here = self.cp_plasticity_rate_gain[stdp_active_indices]
                ~~~~~~~~~~~~~~~~~~~~~~~~~~~~^^^^^^^^^^^^^^^^^^^^^
IndexError: index 4670850 is out of bounds for axis 0 with size 4670517
[2026-07-08 07:29:13][CRITICAL] SIM_BRIDGE: Error during simulation step: index 4670564 is out of bounds for axis 0 with size 4670517
Traceback (most recent call last):
  File "E:\Documents\Projects\sim\sim\bridge.py", line 7080, in _run_one_simulation_step
    gain_here = self.cp_plasticity_rate_gain[stdp_active_indices]
                ~~~~~~~~~~~~~~~~~~~~~~~~~~~~^^^^^^^^^^^^^^^^^^^^^
IndexError: index 4670564 is out of bounds for axis 0 with size 4670517
[2026-07-08 07:29:13][CRITICAL] SIM_BRIDGE: Error during simulation step: index 4670634 is out of bounds for axis 0 with size 4670517
Traceback (most recent call last):
  File "E:\Documents\Projects\sim\sim\bridge.py", line 7080, in _run_one_simulation_step
    gain_here = self.cp_plasticity_rate_gain[stdp_active_indices]
                ~~~~~~~~~~~~~~~~~~~~~~~~~~~~^^^^^^^^^^^^^^^^^^^^^
IndexError: index 4670634 is out of bounds for axis 0 with size 4670517
[2026-07-08 07:29:13][CRITICAL] SIM_BRIDGE: Error during simulation step: index 4670712 is out of bounds for axis 0 with size 4670517
Traceback (most recent call last):
  File "E:\Documents\Projects\sim\sim\bridge.py", line 7080, in _run_one_simulation_step
    gain_here = self.cp_plasticity_rate_gain[stdp_active_indices]
                ~~~~~~~~~~~~~~~~~~~~~~~~~~~~^^^^^^^^^^^^^^^^^^^^^
IndexError: index 4670712 is out of bounds for axis 0 with size 4670517
[2026-07-08 07:29:13][CRITICAL] SIM_BRIDGE: Error during simulation step: index 4670634 is out of bounds for axis 0 with size 4670517
Traceback (most recent call last):
  File "E:\Documents\Projects\sim\sim\bridge.py", line 7080, in _run_one_simulation_step
    gain_here = self.cp_plasticity_rate_gain[stdp_active_indices]
                ~~~~~~~~~~~~~~~~~~~~~~~~~~~~^^^^^^^^^^^^^^^^^^^^^
IndexError: index 4670634 is out of bounds for axis 0 with size 4670517
[2026-07-08 07:29:13][CRITICAL] SIM_BRIDGE: Error during simulation step: index 4670712 is out of bounds for axis 0 with size 4670517
Traceback (most recent call last):
  File "E:\Documents\Projects\sim\sim\bridge.py", line 7080, in _run_one_simulation_step
    gain_here = self.cp_plasticity_rate_gain[stdp_active_indices]
                ~~~~~~~~~~~~~~~~~~~~~~~~~~~~^^^^^^^^^^^^^^^^^^^^^
IndexError: index 4670712 is out of bounds for axis 0 with size 4670517
[2026-07-08 07:29:13][CRITICAL] SIM_BRIDGE: Error during simulation step: index 4670634 is out of bounds for axis 0 with size 4670517
Traceback (most recent call last):
  File "E:\Documents\Projects\sim\sim\bridge.py", line 7080, in _run_one_simulation_step
    gain_here = self.cp_plasticity_rate_gain[stdp_active_indices]
                ~~~~~~~~~~~~~~~~~~~~~~~~~~~~^^^^^^^^^^^^^^^^^^^^^
IndexError: index 4670634 is out of bounds for axis 0 with size 4670517
[2026-07-08 07:29:13][CRITICAL] SIM_BRIDGE: Error during simulation step: index 4670680 is out of bounds for axis 0 with size 4670517
Traceback (most recent call last):
  File "E:\Documents\Projects\sim\sim\bridge.py", line 7080, in _run_one_simulation_step
    gain_here = self.cp_plasticity_rate_gain[stdp_active_indices]
                ~~~~~~~~~~~~~~~~~~~~~~~~~~~~^^^^^^^^^^^^^^^^^^^^^
IndexError: index 4670680 is out of bounds for axis 0 with size 4670517
[2026-07-08 07:29:13][CRITICAL] SIM_BRIDGE: Error during simulation step: index 4670634 is out of bounds for axis 0 with size 4670517
Traceback (most recent call last):
  File "E:\Documents\Projects\sim\sim\bridge.py", line 7080, in _run_one_simulation_step
    gain_here = self.cp_plasticity_rate_gain[stdp_active_indices]
                ~~~~~~~~~~~~~~~~~~~~~~~~~~~~^^^^^^^^^^^^^^^^^^^^^
IndexError: index 4670634 is out of bounds for axis 0 with size 4670517
[2026-07-08 07:29:13][CRITICAL] SIM_BRIDGE: Error during simulation step: index 4670572 is out of bounds for axis 0 with size 4670517
Traceback (most recent call last):
  File "E:\Documents\Projects\sim\sim\bridge.py", line 7080, in _run_one_simulation_step
    gain_here = self.cp_plasticity_rate_gain[stdp_active_indices]
                ~~~~~~~~~~~~~~~~~~~~~~~~~~~~^^^^^^^^^^^^^^^^^^^^^
IndexError: index 4670572 is out of bounds for axis 0 with size 4670517
[2026-07-08 07:29:13][CRITICAL] SIM_BRIDGE: Error during simulation step: index 4670521 is out of bounds for axis 0 with size 4670517
Traceback (most recent call last):
  File "E:\Documents\Projects\sim\sim\bridge.py", line 7080, in _run_one_simulation_step
    gain_here = self.cp_plasticity_rate_gain[stdp_active_indices]
                ~~~~~~~~~~~~~~~~~~~~~~~~~~~~^^^^^^^^^^^^^^^^^^^^^
IndexError: index 4670521 is out of bounds for axis 0 with size 4670517
[2026-07-08 07:29:13][CRITICAL] SIM_BRIDGE: Error during simulation step: index 4670572 is out of bounds for axis 0 with size 4670517
Traceback (most recent call last):
  File "E:\Documents\Projects\sim\sim\bridge.py", line 7080, in _run_one_simulation_step
    gain_here = self.cp_plasticity_rate_gain[stdp_active_indices]
                ~~~~~~~~~~~~~~~~~~~~~~~~~~~~^^^^^^^^^^^^^^^^^^^^^
IndexError: index 4670572 is out of bounds for axis 0 with size 4670517
[2026-07-08 07:29:13][CRITICAL] SIM_BRIDGE: Error during simulation step: index 4670559 is out of bounds for axis 0 with size 4670517
Traceback (most recent call last):
  File "E:\Documents\Projects\sim\sim\bridge.py", line 7080, in _run_one_simulation_step
    gain_here = self.cp_plasticity_rate_gain[stdp_active_indices]
                ~~~~~~~~~~~~~~~~~~~~~~~~~~~~^^^^^^^^^^^^^^^^^^^^^
IndexError: index 4670559 is out of bounds for axis 0 with size 4670517
[2026-07-08 07:29:13][CRITICAL] SIM_BRIDGE: Error during simulation step: index 4670607 is out of bounds for axis 0 with size 4670517
Traceback (most recent call last):
  File "E:\Documents\Projects\sim\sim\bridge.py", line 7080, in _run_one_simulation_step
    gain_here = self.cp_plasticity_rate_gain[stdp_active_indices]
                ~~~~~~~~~~~~~~~~~~~~~~~~~~~~^^^^^^^^^^^^^^^^^^^^^
IndexError: index 4670607 is out of bounds for axis 0 with size 4670517
[2026-07-08 07:29:14][CRITICAL] SIM_BRIDGE: Error during simulation step: index 4670521 is out of bounds for axis 0 with size 4670517
Traceback (most recent call last):
  File "E:\Documents\Projects\sim\sim\bridge.py", line 7080, in _run_one_simulation_step
    gain_here = self.cp_plasticity_rate_gain[stdp_active_indices]
                ~~~~~~~~~~~~~~~~~~~~~~~~~~~~^^^^^^^^^^^^^^^^^^^^^
IndexError: index 4670521 is out of bounds for axis 0 with size 4670517
[2026-07-08 07:29:14][CRITICAL] SIM_BRIDGE: Error during simulation step: index 4670652 is out of bounds for axis 0 with size 4670517
Traceback (most recent call last):
  File "E:\Documents\Projects\sim\sim\bridge.py", line 7080, in _run_one_simulation_step
    gain_here = self.cp_plasticity_rate_gain[stdp_active_indices]
                ~~~~~~~~~~~~~~~~~~~~~~~~~~~~^^^^^^^^^^^^^^^^^^^^^
IndexError: index 4670652 is out of bounds for axis 0 with size 4670517
[2026-07-08 07:29:14][CRITICAL] SIM_BRIDGE: Error during simulation step: index 4670548 is out of bounds for axis 0 with size 4670517
Traceback (most recent call last):
  File "E:\Documents\Projects\sim\sim\bridge.py", line 7080, in _run_one_simulation_step
    gain_here = self.cp_plasticity_rate_gain[stdp_active_indices]
                ~~~~~~~~~~~~~~~~~~~~~~~~~~~~^^^^^^^^^^^^^^^^^^^^^
IndexError: index 4670548 is out of bounds for axis 0 with size 4670517
[2026-07-08 07:29:14][CRITICAL] SIM_BRIDGE: Error during simulation step: index 4670600 is out of bounds for axis 0 with size 4670517
Traceback (most recent call last):
  File "E:\Documents\Projects\sim\sim\bridge.py", line 7080, in _run_one_simulation_step
    gain_here = self.cp_plasticity_rate_gain[stdp_active_indices]
                ~~~~~~~~~~~~~~~~~~~~~~~~~~~~^^^^^^^^^^^^^^^^^^^^^
IndexError: index 4670600 is out of bounds for axis 0 with size 4670517
[2026-07-08 07:29:14][CRITICAL] SIM_BRIDGE: Error during simulation step: index 4670548 is out of bounds for axis 0 with size 4670517
Traceback (most recent call last):
  File "E:\Documents\Projects\sim\sim\bridge.py", line 7080, in _run_one_simulation_step
    gain_here = self.cp_plasticity_rate_gain[stdp_active_indices]
                ~~~~~~~~~~~~~~~~~~~~~~~~~~~~^^^^^^^^^^^^^^^^^^^^^
IndexError: index 4670548 is out of bounds for axis 0 with size 4670517
[2026-07-08 07:29:14][CRITICAL] SIM_BRIDGE: Error during simulation step: index 4670683 is out of bounds for axis 0 with size 4670517
Traceback (most recent call last):
  File "E:\Documents\Projects\sim\sim\bridge.py", line 7080, in _run_one_simulation_step
    gain_here = self.cp_plasticity_rate_gain[stdp_active_indices]
                ~~~~~~~~~~~~~~~~~~~~~~~~~~~~^^^^^^^^^^^^^^^^^^^^^
IndexError: index 4670683 is out of bounds for axis 0 with size 4670517
[2026-07-08 07:29:14][CRITICAL] SIM_BRIDGE: Error during simulation step: index 4670656 is out of bounds for axis 0 with size 4670517
Traceback (most recent call last):
  File "E:\Documents\Projects\sim\sim\bridge.py", line 7080, in _run_one_simulation_step
    gain_here = self.cp_plasticity_rate_gain[stdp_active_indices]
                ~~~~~~~~~~~~~~~~~~~~~~~~~~~~^^^^^^^^^^^^^^^^^^^^^
IndexError: index 4670656 is out of bounds for axis 0 with size 4670517
[2026-07-08 07:29:14][CRITICAL] SIM_BRIDGE: Error during simulation step: index 4670594 is out of bounds for axis 0 with size 4670517
Traceback (most recent call last):
  File "E:\Documents\Projects\sim\sim\bridge.py", line 7080, in _run_one_simulation_step
    gain_here = self.cp_plasticity_rate_gain[stdp_active_indices]
                ~~~~~~~~~~~~~~~~~~~~~~~~~~~~^^^^^^^^^^^^^^^^^^^^^
IndexError: index 4670594 is out of bounds for axis 0 with size 4670517
[2026-07-08 07:29:14][CRITICAL] SIM_BRIDGE: Error during simulation step: index 4670818 is out of bounds for axis 0 with size 4670517
Traceback (most recent call last):
  File "E:\Documents\Projects\sim\sim\bridge.py", line 7080, in _run_one_simulation_step
    gain_here = self.cp_plasticity_rate_gain[stdp_active_indices]
                ~~~~~~~~~~~~~~~~~~~~~~~~~~~~^^^^^^^^^^^^^^^^^^^^^
IndexError: index 4670818 is out of bounds for axis 0 with size 4670517
[2026-07-08 07:29:14][CRITICAL] SIM_BRIDGE: Error during simulation step: index 4670636 is out of bounds for axis 0 with size 4670517
Traceback (most recent call last):
  File "E:\Documents\Projects\sim\sim\bridge.py", line 7080, in _run_one_simulation_step
    gain_here = self.cp_plasticity_rate_gain[stdp_active_indices]
                ~~~~~~~~~~~~~~~~~~~~~~~~~~~~^^^^^^^^^^^^^^^^^^^^^
IndexError: index 4670636 is out of bounds for axis 0 with size 4670517
[2026-07-08 07:29:14][CRITICAL] SIM_BRIDGE: Error during simulation step: index 4670558 is out of bounds for axis 0 with size 4670517
Traceback (most recent call last):
  File "E:\Documents\Projects\sim\sim\bridge.py", line 7080, in _run_one_simulation_step
    gain_here = self.cp_plasticity_rate_gain[stdp_active_indices]
                ~~~~~~~~~~~~~~~~~~~~~~~~~~~~^^^^^^^^^^^^^^^^^^^^^
IndexError: index 4670558 is out of bounds for axis 0 with size 4670517
[2026-07-08 07:29:14][CRITICAL] SIM_BRIDGE: Error during simulation step: index 4670992 is out of bounds for axis 0 with size 4670517
Traceback (most recent call last):
  File "E:\Documents\Projects\sim\sim\bridge.py", line 7080, in _run_one_simulation_step
    gain_here = self.cp_plasticity_rate_gain[stdp_active_indices]
                ~~~~~~~~~~~~~~~~~~~~~~~~~~~~^^^^^^^^^^^^^^^^^^^^^
IndexError: index 4670992 is out of bounds for axis 0 with size 4670517
[2026-07-08 07:29:14][CRITICAL] SIM_BRIDGE: Error during simulation step: index 4670749 is out of bounds for axis 0 with size 4670517
Traceback (most recent call last):
  File "E:\Documents\Projects\sim\sim\bridge.py", line 7080, in _run_one_simulation_step
    gain_here = self.cp_plasticity_rate_gain[stdp_active_indices]
                ~~~~~~~~~~~~~~~~~~~~~~~~~~~~^^^^^^^^^^^^^^^^^^^^^
IndexError: index 4670749 is out of bounds for axis 0 with size 4670517
[2026-07-08 07:29:14][CRITICAL] SIM_BRIDGE: Error during simulation step: index 4670992 is out of bounds for axis 0 with size 4670517
Traceback (most recent call last):
  File "E:\Documents\Projects\sim\sim\bridge.py", line 7080, in _run_one_simulation_step
    gain_here = self.cp_plasticity_rate_gain[stdp_active_indices]
                ~~~~~~~~~~~~~~~~~~~~~~~~~~~~^^^^^^^^^^^^^^^^^^^^^
IndexError: index 4670992 is out of bounds for axis 0 with size 4670517
[2026-07-08 07:29:14][CRITICAL] SIM_BRIDGE: Error during simulation step: index 4670582 is out of bounds for axis 0 with size 4670517
Traceback (most recent call last):
  File "E:\Documents\Projects\sim\sim\bridge.py", line 7080, in _run_one_simulation_step
    gain_here = self.cp_plasticity_rate_gain[stdp_active_indices]
                ~~~~~~~~~~~~~~~~~~~~~~~~~~~~^^^^^^^^^^^^^^^^^^^^^
IndexError: index 4670582 is out of bounds for axis 0 with size 4670517
[2026-07-08 07:29:14][CRITICAL] SIM_BRIDGE: Error during simulation step: index 4670643 is out of bounds for axis 0 with size 4670517
Traceback (most recent call last):
  File "E:\Documents\Projects\sim\sim\bridge.py", line 7080, in _run_one_simulation_step
    gain_here = self.cp_plasticity_rate_gain[stdp_active_indices]
                ~~~~~~~~~~~~~~~~~~~~~~~~~~~~^^^^^^^^^^^^^^^^^^^^^
IndexError: index 4670643 is out of bounds for axis 0 with size 4670517
[2026-07-08 07:29:14][CRITICAL] SIM_BRIDGE: Error during simulation step: index 4670518 is out of bounds for axis 0 with size 4670517
Traceback (most recent call last):
  File "E:\Documents\Projects\sim\sim\bridge.py", line 7080, in _run_one_simulation_step
    gain_here = self.cp_plasticity_rate_gain[stdp_active_indices]
                ~~~~~~~~~~~~~~~~~~~~~~~~~~~~^^^^^^^^^^^^^^^^^^^^^
IndexError: index 4670518 is out of bounds for axis 0 with size 4670517
[2026-07-08 07:29:14][CRITICAL] SIM_BRIDGE: Error during simulation step: index 4670643 is out of bounds for axis 0 with size 4670517
Traceback (most recent call last):
  File "E:\Documents\Projects\sim\sim\bridge.py", line 7080, in _run_one_simulation_step
    gain_here = self.cp_plasticity_rate_gain[stdp_active_indices]
                ~~~~~~~~~~~~~~~~~~~~~~~~~~~~^^^^^^^^^^^^^^^^^^^^^
IndexError: index 4670643 is out of bounds for axis 0 with size 4670517
[2026-07-08 07:29:14][CRITICAL] SIM_BRIDGE: Error during simulation step: index 4670525 is out of bounds for axis 0 with size 4670517
Traceback (most recent call last):
  File "E:\Documents\Projects\sim\sim\bridge.py", line 7080, in _run_one_simulation_step
    gain_here = self.cp_plasticity_rate_gain[stdp_active_indices]
                ~~~~~~~~~~~~~~~~~~~~~~~~~~~~^^^^^^^^^^^^^^^^^^^^^
IndexError: index 4670525 is out of bounds for axis 0 with size 4670517
[2026-07-08 07:29:14][CRITICAL] SIM_BRIDGE: Error during simulation step: index 4670643 is out of bounds for axis 0 with size 4670517
Traceback (most recent call last):
  File "E:\Documents\Projects\sim\sim\bridge.py", line 7080, in _run_one_simulation_step
    gain_here = self.cp_plasticity_rate_gain[stdp_active_indices]
                ~~~~~~~~~~~~~~~~~~~~~~~~~~~~^^^^^^^^^^^^^^^^^^^^^
IndexError: index 4670643 is out of bounds for axis 0 with size 4670517
[2026-07-08 07:29:14][CRITICAL] SIM_BRIDGE: Error during simulation step: index 4670525 is out of bounds for axis 0 with size 4670517
Traceback (most recent call last):
  File "E:\Documents\Projects\sim\sim\bridge.py", line 7080, in _run_one_simulation_step
    gain_here = self.cp_plasticity_rate_gain[stdp_active_indices]
                ~~~~~~~~~~~~~~~~~~~~~~~~~~~~^^^^^^^^^^^^^^^^^^^^^
IndexError: index 4670525 is out of bounds for axis 0 with size 4670517
[2026-07-08 07:29:14][CRITICAL] SIM_BRIDGE: Error during simulation step: index 4670559 is out of bounds for axis 0 with size 4670517
Traceback (most recent call last):
  File "E:\Documents\Projects\sim\sim\bridge.py", line 7080, in _run_one_simulation_step
    gain_here = self.cp_plasticity_rate_gain[stdp_active_indices]
                ~~~~~~~~~~~~~~~~~~~~~~~~~~~~^^^^^^^^^^^^^^^^^^^^^
IndexError: index 4670559 is out of bounds for axis 0 with size 4670517
[2026-07-08 07:29:14][CRITICAL] SIM_BRIDGE: Error during simulation step: index 4670771 is out of bounds for axis 0 with size 4670517
Traceback (most recent call last):
  File "E:\Documents\Projects\sim\sim\bridge.py", line 7080, in _run_one_simulation_step
    gain_here = self.cp_plasticity_rate_gain[stdp_active_indices]
                ~~~~~~~~~~~~~~~~~~~~~~~~~~~~^^^^^^^^^^^^^^^^^^^^^
IndexError: index 4670771 is out of bounds for axis 0 with size 4670517
[2026-07-08 07:29:14][CRITICAL] SIM_BRIDGE: Error during simulation step: index 4670945 is out of bounds for axis 0 with size 4670517
Traceback (most recent call last):
  File "E:\Documents\Projects\sim\sim\bridge.py", line 7080, in _run_one_simulation_step
    gain_here = self.cp_plasticity_rate_gain[stdp_active_indices]
                ~~~~~~~~~~~~~~~~~~~~~~~~~~~~^^^^^^^^^^^^^^^^^^^^^
IndexError: index 4670945 is out of bounds for axis 0 with size 4670517
[2026-07-08 07:29:15][CRITICAL] SIM_BRIDGE: Error during simulation step: index 4670635 is out of bounds for axis 0 with size 4670517
Traceback (most recent call last):
  File "E:\Documents\Projects\sim\sim\bridge.py", line 7080, in _run_one_simulation_step
    gain_here = self.cp_plasticity_rate_gain[stdp_active_indices]
                ~~~~~~~~~~~~~~~~~~~~~~~~~~~~^^^^^^^^^^^^^^^^^^^^^
IndexError: index 4670635 is out of bounds for axis 0 with size 4670517
[2026-07-08 07:29:15][CRITICAL] SIM_BRIDGE: Error during simulation step: index 4670614 is out of bounds for axis 0 with size 4670517
Traceback (most recent call last):
  File "E:\Documents\Projects\sim\sim\bridge.py", line 7080, in _run_one_simulation_step
    gain_here = self.cp_plasticity_rate_gain[stdp_active_indices]
                ~~~~~~~~~~~~~~~~~~~~~~~~~~~~^^^^^^^^^^^^^^^^^^^^^
IndexError: index 4670614 is out of bounds for axis 0 with size 4670517
[2026-07-08 07:29:15][CRITICAL] SIM_BRIDGE: Error during simulation step: index 4670677 is out of bounds for axis 0 with size 4670517
Traceback (most recent call last):
  File "E:\Documents\Projects\sim\sim\bridge.py", line 7080, in _run_one_simulation_step
    gain_here = self.cp_plasticity_rate_gain[stdp_active_indices]
                ~~~~~~~~~~~~~~~~~~~~~~~~~~~~^^^^^^^^^^^^^^^^^^^^^
IndexError: index 4670677 is out of bounds for axis 0 with size 4670517
[2026-07-08 07:29:15][CRITICAL] SIM_BRIDGE: Error during simulation step: index 4670583 is out of bounds for axis 0 with size 4670517
Traceback (most recent call last):
  File "E:\Documents\Projects\sim\sim\bridge.py", line 7080, in _run_one_simulation_step
    gain_here = self.cp_plasticity_rate_gain[stdp_active_indices]
                ~~~~~~~~~~~~~~~~~~~~~~~~~~~~^^^^^^^^^^^^^^^^^^^^^
IndexError: index 4670583 is out of bounds for axis 0 with size 4670517
[2026-07-08 07:29:15][CRITICAL] SIM_BRIDGE: Error during simulation step: index 4670535 is out of bounds for axis 0 with size 4670517
Traceback (most recent call last):
  File "E:\Documents\Projects\sim\sim\bridge.py", line 7080, in _run_one_simulation_step
    gain_here = self.cp_plasticity_rate_gain[stdp_active_indices]
                ~~~~~~~~~~~~~~~~~~~~~~~~~~~~^^^^^^^^^^^^^^^^^^^^^
IndexError: index 4670535 is out of bounds for axis 0 with size 4670517
[2026-07-08 07:29:15][CRITICAL] SIM_BRIDGE: Error during simulation step: index 4670577 is out of bounds for axis 0 with size 4670517
Traceback (most recent call last):
  File "E:\Documents\Projects\sim\sim\bridge.py", line 7080, in _run_one_simulation_step
    gain_here = self.cp_plasticity_rate_gain[stdp_active_indices]
                ~~~~~~~~~~~~~~~~~~~~~~~~~~~~^^^^^^^^^^^^^^^^^^^^^
IndexError: index 4670577 is out of bounds for axis 0 with size 4670517
[2026-07-08 07:29:15][CRITICAL] SIM_BRIDGE: Error during simulation step: index 4670627 is out of bounds for axis 0 with size 4670517
Traceback (most recent call last):
  File "E:\Documents\Projects\sim\sim\bridge.py", line 7080, in _run_one_simulation_step
    gain_here = self.cp_plasticity_rate_gain[stdp_active_indices]
                ~~~~~~~~~~~~~~~~~~~~~~~~~~~~^^^^^^^^^^^^^^^^^^^^^
IndexError: index 4670627 is out of bounds for axis 0 with size 4670517
[2026-07-08 07:29:15][CRITICAL] SIM_BRIDGE: Error during simulation step: index 4670654 is out of bounds for axis 0 with size 4670517
Traceback (most recent call last):
  File "E:\Documents\Projects\sim\sim\bridge.py", line 7080, in _run_one_simulation_step
    gain_here = self.cp_plasticity_rate_gain[stdp_active_indices]
                ~~~~~~~~~~~~~~~~~~~~~~~~~~~~^^^^^^^^^^^^^^^^^^^^^
IndexError: index 4670654 is out of bounds for axis 0 with size 4670517
[2026-07-08 07:29:15][CRITICAL] SIM_BRIDGE: Error during simulation step: index 4670621 is out of bounds for axis 0 with size 4670517
Traceback (most recent call last):
  File "E:\Documents\Projects\sim\sim\bridge.py", line 7080, in _run_one_simulation_step
    gain_here = self.cp_plasticity_rate_gain[stdp_active_indices]
                ~~~~~~~~~~~~~~~~~~~~~~~~~~~~^^^^^^^^^^^^^^^^^^^^^
IndexError: index 4670621 is out of bounds for axis 0 with size 4670517
[2026-07-08 07:29:15][CRITICAL] SIM_BRIDGE: Error during simulation step: index 4670701 is out of bounds for axis 0 with size 4670517
Traceback (most recent call last):
  File "E:\Documents\Projects\sim\sim\bridge.py", line 7080, in _run_one_simulation_step
    gain_here = self.cp_plasticity_rate_gain[stdp_active_indices]
                ~~~~~~~~~~~~~~~~~~~~~~~~~~~~^^^^^^^^^^^^^^^^^^^^^
IndexError: index 4670701 is out of bounds for axis 0 with size 4670517
[2026-07-08 07:29:15][CRITICAL] SIM_BRIDGE: Error during simulation step: index 4670517 is out of bounds for axis 0 with size 4670517
Traceback (most recent call last):
  File "E:\Documents\Projects\sim\sim\bridge.py", line 7080, in _run_one_simulation_step
    gain_here = self.cp_plasticity_rate_gain[stdp_active_indices]
                ~~~~~~~~~~~~~~~~~~~~~~~~~~~~^^^^^^^^^^^^^^^^^^^^^
IndexError: index 4670517 is out of bounds for axis 0 with size 4670517
[2026-07-08 07:29:15][CRITICAL] SIM_BRIDGE: Error during simulation step: index 4670534 is out of bounds for axis 0 with size 4670517
Traceback (most recent call last):
  File "E:\Documents\Projects\sim\sim\bridge.py", line 7080, in _run_one_simulation_step
    gain_here = self.cp_plasticity_rate_gain[stdp_active_indices]
                ~~~~~~~~~~~~~~~~~~~~~~~~~~~~^^^^^^^^^^^^^^^^^^^^^
IndexError: index 4670534 is out of bounds for axis 0 with size 4670517
[2026-07-08 07:29:15][CRITICAL] SIM_BRIDGE: Error during simulation step: index 4670517 is out of bounds for axis 0 with size 4670517
Traceback (most recent call last):
  File "E:\Documents\Projects\sim\sim\bridge.py", line 7080, in _run_one_simulation_step
    gain_here = self.cp_plasticity_rate_gain[stdp_active_indices]
                ~~~~~~~~~~~~~~~~~~~~~~~~~~~~^^^^^^^^^^^^^^^^^^^^^
IndexError: index 4670517 is out of bounds for axis 0 with size 4670517
[2026-07-08 07:29:15][CRITICAL] SIM_BRIDGE: Error during simulation step: index 4670615 is out of bounds for axis 0 with size 4670517
Traceback (most recent call last):
  File "E:\Documents\Projects\sim\sim\bridge.py", line 7080, in _run_one_simulation_step
    gain_here = self.cp_plasticity_rate_gain[stdp_active_indices]
                ~~~~~~~~~~~~~~~~~~~~~~~~~~~~^^^^^^^^^^^^^^^^^^^^^
IndexError: index 4670615 is out of bounds for axis 0 with size 4670517
[2026-07-08 07:29:15][CRITICAL] SIM_BRIDGE: Error during simulation step: index 4670517 is out of bounds for axis 0 with size 4670517
Traceback (most recent call last):
  File "E:\Documents\Projects\sim\sim\bridge.py", line 7080, in _run_one_simulation_step
    gain_here = self.cp_plasticity_rate_gain[stdp_active_indices]
                ~~~~~~~~~~~~~~~~~~~~~~~~~~~~^^^^^^^^^^^^^^^^^^^^^
IndexError: index 4670517 is out of bounds for axis 0 with size 4670517
[2026-07-08 07:29:15][CRITICAL] SIM_BRIDGE: Error during simulation step: index 4670699 is out of bounds for axis 0 with size 4670517
Traceback (most recent call last):
  File "E:\Documents\Projects\sim\sim\bridge.py", line 7080, in _run_one_simulation_step
    gain_here = self.cp_plasticity_rate_gain[stdp_active_indices]
                ~~~~~~~~~~~~~~~~~~~~~~~~~~~~^^^^^^^^^^^^^^^^^^^^^
IndexError: index 4670699 is out of bounds for axis 0 with size 4670517
[2026-07-08 07:29:15][CRITICAL] SIM_BRIDGE: Error during simulation step: index 4670635 is out of bounds for axis 0 with size 4670517
Traceback (most recent call last):
  File "E:\Documents\Projects\sim\sim\bridge.py", line 7080, in _run_one_simulation_step
    gain_here = self.cp_plasticity_rate_gain[stdp_active_indices]
                ~~~~~~~~~~~~~~~~~~~~~~~~~~~~^^^^^^^^^^^^^^^^^^^^^
IndexError: index 4670635 is out of bounds for axis 0 with size 4670517
[2026-07-08 07:29:15][CRITICAL] SIM_BRIDGE: Error during simulation step: index 4670590 is out of bounds for axis 0 with size 4670517
Traceback (most recent call last):
  File "E:\Documents\Projects\sim\sim\bridge.py", line 7080, in _run_one_simulation_step
    gain_here = self.cp_plasticity_rate_gain[stdp_active_indices]
                ~~~~~~~~~~~~~~~~~~~~~~~~~~~~^^^^^^^^^^^^^^^^^^^^^
IndexError: index 4670590 is out of bounds for axis 0 with size 4670517
[2026-07-08 07:29:15][CRITICAL] SIM_BRIDGE: Error during simulation step: index 4670655 is out of bounds for axis 0 with size 4670517
Traceback (most recent call last):
  File "E:\Documents\Projects\sim\sim\bridge.py", line 7080, in _run_one_simulation_step
    gain_here = self.cp_plasticity_rate_gain[stdp_active_indices]
                ~~~~~~~~~~~~~~~~~~~~~~~~~~~~^^^^^^^^^^^^^^^^^^^^^
IndexError: index 4670655 is out of bounds for axis 0 with size 4670517
[2026-07-08 07:29:15][CRITICAL] SIM_BRIDGE: Error during simulation step: index 4670590 is out of bounds for axis 0 with size 4670517
Traceback (most recent call last):
  File "E:\Documents\Projects\sim\sim\bridge.py", line 7080, in _run_one_simulation_step
    gain_here = self.cp_plasticity_rate_gain[stdp_active_indices]
                ~~~~~~~~~~~~~~~~~~~~~~~~~~~~^^^^^^^^^^^^^^^^^^^^^
IndexError: index 4670590 is out of bounds for axis 0 with size 4670517
[2026-07-08 07:29:15][CRITICAL] SIM_BRIDGE: Error during simulation step: index 4670674 is out of bounds for axis 0 with size 4670517
Traceback (most recent call last):
  File "E:\Documents\Projects\sim\sim\bridge.py", line 7080, in _run_one_simulation_step
    gain_here = self.cp_plasticity_rate_gain[stdp_active_indices]
                ~~~~~~~~~~~~~~~~~~~~~~~~~~~~^^^^^^^^^^^^^^^^^^^^^
IndexError: index 4670674 is out of bounds for axis 0 with size 4670517
[2026-07-08 07:29:16][CRITICAL] SIM_BRIDGE: Error during simulation step: index 4670613 is out of bounds for axis 0 with size 4670517
Traceback (most recent call last):
  File "E:\Documents\Projects\sim\sim\bridge.py", line 7080, in _run_one_simulation_step
    gain_here = self.cp_plasticity_rate_gain[stdp_active_indices]
                ~~~~~~~~~~~~~~~~~~~~~~~~~~~~^^^^^^^^^^^^^^^^^^^^^
IndexError: index 4670613 is out of bounds for axis 0 with size 4670517
[2026-07-08 07:29:16][CRITICAL] SIM_BRIDGE: Error during simulation step: index 4670602 is out of bounds for axis 0 with size 4670517
Traceback (most recent call last):
  File "E:\Documents\Projects\sim\sim\bridge.py", line 7080, in _run_one_simulation_step
    gain_here = self.cp_plasticity_rate_gain[stdp_active_indices]
                ~~~~~~~~~~~~~~~~~~~~~~~~~~~~^^^^^^^^^^^^^^^^^^^^^
IndexError: index 4670602 is out of bounds for axis 0 with size 4670517
[2026-07-08 07:29:16][CRITICAL] SIM_BRIDGE: Error during simulation step: index 4670932 is out of bounds for axis 0 with size 4670517
Traceback (most recent call last):
  File "E:\Documents\Projects\sim\sim\bridge.py", line 7080, in _run_one_simulation_step
    gain_here = self.cp_plasticity_rate_gain[stdp_active_indices]
                ~~~~~~~~~~~~~~~~~~~~~~~~~~~~^^^^^^^^^^^^^^^^^^^^^
IndexError: index 4670932 is out of bounds for axis 0 with size 4670517
[2026-07-08 07:29:16][CRITICAL] SIM_BRIDGE: Error during simulation step: index 4670941 is out of bounds for axis 0 with size 4670517
Traceback (most recent call last):
  File "E:\Documents\Projects\sim\sim\bridge.py", line 7080, in _run_one_simulation_step
    gain_here = self.cp_plasticity_rate_gain[stdp_active_indices]
                ~~~~~~~~~~~~~~~~~~~~~~~~~~~~^^^^^^^^^^^^^^^^^^^^^
IndexError: index 4670941 is out of bounds for axis 0 with size 4670517
[2026-07-08 07:29:16][CRITICAL] SIM_BRIDGE: Error during simulation step: index 4670621 is out of bounds for axis 0 with size 4670517
Traceback (most recent call last):
  File "E:\Documents\Projects\sim\sim\bridge.py", line 7080, in _run_one_simulation_step
    gain_here = self.cp_plasticity_rate_gain[stdp_active_indices]
                ~~~~~~~~~~~~~~~~~~~~~~~~~~~~^^^^^^^^^^^^^^^^^^^^^
IndexError: index 4670621 is out of bounds for axis 0 with size 4670517
[2026-07-08 07:29:16][CRITICAL] SIM_BRIDGE: Error during simulation step: index 4670641 is out of bounds for axis 0 with size 4670517
Traceback (most recent call last):
  File "E:\Documents\Projects\sim\sim\bridge.py", line 7080, in _run_one_simulation_step
    gain_here = self.cp_plasticity_rate_gain[stdp_active_indices]
                ~~~~~~~~~~~~~~~~~~~~~~~~~~~~^^^^^^^^^^^^^^^^^^^^^
IndexError: index 4670641 is out of bounds for axis 0 with size 4670517
[2026-07-08 07:29:16][CRITICAL] SIM_BRIDGE: Error during simulation step: index 4670677 is out of bounds for axis 0 with size 4670517
Traceback (most recent call last):
  File "E:\Documents\Projects\sim\sim\bridge.py", line 7080, in _run_one_simulation_step
    gain_here = self.cp_plasticity_rate_gain[stdp_active_indices]
                ~~~~~~~~~~~~~~~~~~~~~~~~~~~~^^^^^^^^^^^^^^^^^^^^^
IndexError: index 4670677 is out of bounds for axis 0 with size 4670517
[2026-07-08 07:29:16][CRITICAL] SIM_BRIDGE: Error during simulation step: index 4670615 is out of bounds for axis 0 with size 4670517
Traceback (most recent call last):
  File "E:\Documents\Projects\sim\sim\bridge.py", line 7080, in _run_one_simulation_step
    gain_here = self.cp_plasticity_rate_gain[stdp_active_indices]
                ~~~~~~~~~~~~~~~~~~~~~~~~~~~~^^^^^^^^^^^^^^^^^^^^^
IndexError: index 4670615 is out of bounds for axis 0 with size 4670517
[2026-07-08 07:29:16][CRITICAL] SIM_BRIDGE: Error during simulation step: index 4670728 is out of bounds for axis 0 with size 4670517
Traceback (most recent call last):
  File "E:\Documents\Projects\sim\sim\bridge.py", line 7080, in _run_one_simulation_step
    gain_here = self.cp_plasticity_rate_gain[stdp_active_indices]
                ~~~~~~~~~~~~~~~~~~~~~~~~~~~~^^^^^^^^^^^^^^^^^^^^^
IndexError: index 4670728 is out of bounds for axis 0 with size 4670517
[2026-07-08 07:29:16][CRITICAL] SIM_BRIDGE: Error during simulation step: index 4670635 is out of bounds for axis 0 with size 4670517
Traceback (most recent call last):
  File "E:\Documents\Projects\sim\sim\bridge.py", line 7080, in _run_one_simulation_step
    gain_here = self.cp_plasticity_rate_gain[stdp_active_indices]
                ~~~~~~~~~~~~~~~~~~~~~~~~~~~~^^^^^^^^^^^^^^^^^^^^^
IndexError: index 4670635 is out of bounds for axis 0 with size 4670517
[2026-07-08 07:29:16][CRITICAL] SIM_BRIDGE: Error during simulation step: index 4670696 is out of bounds for axis 0 with size 4670517
Traceback (most recent call last):
  File "E:\Documents\Projects\sim\sim\bridge.py", line 7080, in _run_one_simulation_step
    gain_here = self.cp_plasticity_rate_gain[stdp_active_indices]
                ~~~~~~~~~~~~~~~~~~~~~~~~~~~~^^^^^^^^^^^^^^^^^^^^^
IndexError: index 4670696 is out of bounds for axis 0 with size 4670517
[2026-07-08 07:29:16][CRITICAL] SIM_BRIDGE: Error during simulation step: index 4670747 is out of bounds for axis 0 with size 4670517
Traceback (most recent call last):
  File "E:\Documents\Projects\sim\sim\bridge.py", line 7080, in _run_one_simulation_step
    gain_here = self.cp_plasticity_rate_gain[stdp_active_indices]
                ~~~~~~~~~~~~~~~~~~~~~~~~~~~~^^^^^^^^^^^^^^^^^^^^^
IndexError: index 4670747 is out of bounds for axis 0 with size 4670517
[2026-07-08 07:29:16][CRITICAL] SIM_BRIDGE: Error during simulation step: index 4670757 is out of bounds for axis 0 with size 4670517
Traceback (most recent call last):
  File "E:\Documents\Projects\sim\sim\bridge.py", line 7080, in _run_one_simulation_step
    gain_here = self.cp_plasticity_rate_gain[stdp_active_indices]
                ~~~~~~~~~~~~~~~~~~~~~~~~~~~~^^^^^^^^^^^^^^^^^^^^^
IndexError: index 4670757 is out of bounds for axis 0 with size 4670517
[2026-07-08 07:29:16][CRITICAL] SIM_BRIDGE: Error during simulation step: index 4671284 is out of bounds for axis 0 with size 4670517
Traceback (most recent call last):
  File "E:\Documents\Projects\sim\sim\bridge.py", line 7080, in _run_one_simulation_step
    gain_here = self.cp_plasticity_rate_gain[stdp_active_indices]
                ~~~~~~~~~~~~~~~~~~~~~~~~~~~~^^^^^^^^^^^^^^^^^^^^^
IndexError: index 4671284 is out of bounds for axis 0 with size 4670517
[2026-07-08 07:29:16][CRITICAL] SIM_BRIDGE: Error during simulation step: index 4670577 is out of bounds for axis 0 with size 4670517
Traceback (most recent call last):
  File "E:\Documents\Projects\sim\sim\bridge.py", line 7080, in _run_one_simulation_step
    gain_here = self.cp_plasticity_rate_gain[stdp_active_indices]
                ~~~~~~~~~~~~~~~~~~~~~~~~~~~~^^^^^^^^^^^^^^^^^^^^^
IndexError: index 4670577 is out of bounds for axis 0 with size 4670517
[2026-07-08 07:29:16][CRITICAL] SIM_BRIDGE: Error during simulation step: index 4670676 is out of bounds for axis 0 with size 4670517
Traceback (most recent call last):
  File "E:\Documents\Projects\sim\sim\bridge.py", line 7080, in _run_one_simulation_step
    gain_here = self.cp_plasticity_rate_gain[stdp_active_indices]
                ~~~~~~~~~~~~~~~~~~~~~~~~~~~~^^^^^^^^^^^^^^^^^^^^^
IndexError: index 4670676 is out of bounds for axis 0 with size 4670517
[2026-07-08 07:29:16][CRITICAL] SIM_BRIDGE: Error during simulation step: index 4670587 is out of bounds for axis 0 with size 4670517
Traceback (most recent call last):
  File "E:\Documents\Projects\sim\sim\bridge.py", line 7080, in _run_one_simulation_step
    gain_here = self.cp_plasticity_rate_gain[stdp_active_indices]
                ~~~~~~~~~~~~~~~~~~~~~~~~~~~~^^^^^^^^^^^^^^^^^^^^^
IndexError: index 4670587 is out of bounds for axis 0 with size 4670517
[2026-07-08 07:29:16][CRITICAL] SIM_BRIDGE: Error during simulation step: index 4670583 is out of bounds for axis 0 with size 4670517
Traceback (most recent call last):
  File "E:\Documents\Projects\sim\sim\bridge.py", line 7080, in _run_one_simulation_step
    gain_here = self.cp_plasticity_rate_gain[stdp_active_indices]
                ~~~~~~~~~~~~~~~~~~~~~~~~~~~~^^^^^^^^^^^^^^^^^^^^^
IndexError: index 4670583 is out of bounds for axis 0 with size 4670517
[2026-07-08 07:29:16][CRITICAL] SIM_BRIDGE: Error during simulation step: index 4670519 is out of bounds for axis 0 with size 4670517
Traceback (most recent call last):
  File "E:\Documents\Projects\sim\sim\bridge.py", line 7080, in _run_one_simulation_step
    gain_here = self.cp_plasticity_rate_gain[stdp_active_indices]
                ~~~~~~~~~~~~~~~~~~~~~~~~~~~~^^^^^^^^^^^^^^^^^^^^^
IndexError: index 4670519 is out of bounds for axis 0 with size 4670517
[2026-07-08 07:29:16][CRITICAL] SIM_BRIDGE: Error during simulation step: index 4670583 is out of bounds for axis 0 with size 4670517
Traceback (most recent call last):
  File "E:\Documents\Projects\sim\sim\bridge.py", line 7080, in _run_one_simulation_step
    gain_here = self.cp_plasticity_rate_gain[stdp_active_indices]
                ~~~~~~~~~~~~~~~~~~~~~~~~~~~~^^^^^^^^^^^^^^^^^^^^^
IndexError: index 4670583 is out of bounds for axis 0 with size 4670517
[2026-07-08 07:29:17][CRITICAL] SIM_BRIDGE: Error during simulation step: index 4670674 is out of bounds for axis 0 with size 4670517
Traceback (most recent call last):
  File "E:\Documents\Projects\sim\sim\bridge.py", line 7080, in _run_one_simulation_step
    gain_here = self.cp_plasticity_rate_gain[stdp_active_indices]
                ~~~~~~~~~~~~~~~~~~~~~~~~~~~~^^^^^^^^^^^^^^^^^^^^^
IndexError: index 4670674 is out of bounds for axis 0 with size 4670517
[2026-07-08 07:29:17][CRITICAL] SIM_BRIDGE: Error during simulation step: index 4671413 is out of bounds for axis 0 with size 4670517
Traceback (most recent call last):
  File "E:\Documents\Projects\sim\sim\bridge.py", line 7080, in _run_one_simulation_step
    gain_here = self.cp_plasticity_rate_gain[stdp_active_indices]
                ~~~~~~~~~~~~~~~~~~~~~~~~~~~~^^^^^^^^^^^^^^^^^^^^^
IndexError: index 4671413 is out of bounds for axis 0 with size 4670517
[2026-07-08 07:29:17][CRITICAL] SIM_BRIDGE: Error during simulation step: index 4670770 is out of bounds for axis 0 with size 4670517
Traceback (most recent call last):
  File "E:\Documents\Projects\sim\sim\bridge.py", line 7080, in _run_one_simulation_step
    gain_here = self.cp_plasticity_rate_gain[stdp_active_indices]
                ~~~~~~~~~~~~~~~~~~~~~~~~~~~~^^^^^^^^^^^^^^^^^^^^^
IndexError: index 4670770 is out of bounds for axis 0 with size 4670517
[2026-07-08 07:29:17][CRITICAL] SIM_BRIDGE: Error during simulation step: index 4670572 is out of bounds for axis 0 with size 4670517
Traceback (most recent call last):
  File "E:\Documents\Projects\sim\sim\bridge.py", line 7080, in _run_one_simulation_step
    gain_here = self.cp_plasticity_rate_gain[stdp_active_indices]
                ~~~~~~~~~~~~~~~~~~~~~~~~~~~~^^^^^^^^^^^^^^^^^^^^^
IndexError: index 4670572 is out of bounds for axis 0 with size 4670517
[2026-07-08 07:29:17][CRITICAL] SIM_BRIDGE: Error during simulation step: index 4670653 is out of bounds for axis 0 with size 4670517
Traceback (most recent call last):
  File "E:\Documents\Projects\sim\sim\bridge.py", line 7080, in _run_one_simulation_step
    gain_here = self.cp_plasticity_rate_gain[stdp_active_indices]
                ~~~~~~~~~~~~~~~~~~~~~~~~~~~~^^^^^^^^^^^^^^^^^^^^^
IndexError: index 4670653 is out of bounds for axis 0 with size 4670517
[2026-07-08 07:29:17][CRITICAL] SIM_BRIDGE: Error during simulation step: index 4670572 is out of bounds for axis 0 with size 4670517
Traceback (most recent call last):
  File "E:\Documents\Projects\sim\sim\bridge.py", line 7080, in _run_one_simulation_step
    gain_here = self.cp_plasticity_rate_gain[stdp_active_indices]
                ~~~~~~~~~~~~~~~~~~~~~~~~~~~~^^^^^^^^^^^^^^^^^^^^^
IndexError: index 4670572 is out of bounds for axis 0 with size 4670517
[2026-07-08 07:29:17][CRITICAL] SIM_BRIDGE: Error during simulation step: index 4670558 is out of bounds for axis 0 with size 4670517
Traceback (most recent call last):
  File "E:\Documents\Projects\sim\sim\bridge.py", line 7080, in _run_one_simulation_step
    gain_here = self.cp_plasticity_rate_gain[stdp_active_indices]
                ~~~~~~~~~~~~~~~~~~~~~~~~~~~~^^^^^^^^^^^^^^^^^^^^^
IndexError: index 4670558 is out of bounds for axis 0 with size 4670517
[2026-07-08 07:29:17][CRITICAL] SIM_BRIDGE: Error during simulation step: index 4670693 is out of bounds for axis 0 with size 4670517
Traceback (most recent call last):
  File "E:\Documents\Projects\sim\sim\bridge.py", line 7080, in _run_one_simulation_step
    gain_here = self.cp_plasticity_rate_gain[stdp_active_indices]
                ~~~~~~~~~~~~~~~~~~~~~~~~~~~~^^^^^^^^^^^^^^^^^^^^^
IndexError: index 4670693 is out of bounds for axis 0 with size 4670517
[2026-07-08 07:29:17][CRITICAL] SIM_BRIDGE: Error during simulation step: index 4670779 is out of bounds for axis 0 with size 4670517
Traceback (most recent call last):
  File "E:\Documents\Projects\sim\sim\bridge.py", line 7080, in _run_one_simulation_step
    gain_here = self.cp_plasticity_rate_gain[stdp_active_indices]
                ~~~~~~~~~~~~~~~~~~~~~~~~~~~~^^^^^^^^^^^^^^^^^^^^^
IndexError: index 4670779 is out of bounds for axis 0 with size 4670517
[2026-07-08 07:29:17][CRITICAL] SIM_BRIDGE: Error during simulation step: index 4670641 is out of bounds for axis 0 with size 4670517
Traceback (most recent call last):
  File "E:\Documents\Projects\sim\sim\bridge.py", line 7080, in _run_one_simulation_step
    gain_here = self.cp_plasticity_rate_gain[stdp_active_indices]
                ~~~~~~~~~~~~~~~~~~~~~~~~~~~~^^^^^^^^^^^^^^^^^^^^^
IndexError: index 4670641 is out of bounds for axis 0 with size 4670517
[2026-07-08 07:29:17][CRITICAL] SIM_BRIDGE: Error during simulation step: index 4670605 is out of bounds for axis 0 with size 4670517
Traceback (most recent call last):
  File "E:\Documents\Projects\sim\sim\bridge.py", line 7080, in _run_one_simulation_step
    gain_here = self.cp_plasticity_rate_gain[stdp_active_indices]
                ~~~~~~~~~~~~~~~~~~~~~~~~~~~~^^^^^^^^^^^^^^^^^^^^^
IndexError: index 4670605 is out of bounds for axis 0 with size 4670517
[2026-07-08 07:29:17][CRITICAL] SIM_BRIDGE: Error during simulation step: index 4670665 is out of bounds for axis 0 with size 4670517
Traceback (most recent call last):
  File "E:\Documents\Projects\sim\sim\bridge.py", line 7080, in _run_one_simulation_step
    gain_here = self.cp_plasticity_rate_gain[stdp_active_indices]
                ~~~~~~~~~~~~~~~~~~~~~~~~~~~~^^^^^^^^^^^^^^^^^^^^^
IndexError: index 4670665 is out of bounds for axis 0 with size 4670517
[2026-07-08 07:29:17][CRITICAL] SIM_BRIDGE: Error during simulation step: index 4670635 is out of bounds for axis 0 with size 4670517
Traceback (most recent call last):
  File "E:\Documents\Projects\sim\sim\bridge.py", line 7080, in _run_one_simulation_step
    gain_here = self.cp_plasticity_rate_gain[stdp_active_indices]
                ~~~~~~~~~~~~~~~~~~~~~~~~~~~~^^^^^^^^^^^^^^^^^^^^^
IndexError: index 4670635 is out of bounds for axis 0 with size 4670517
[2026-07-08 07:29:17][CRITICAL] SIM_BRIDGE: Error during simulation step: index 4670693 is out of bounds for axis 0 with size 4670517
Traceback (most recent call last):
  File "E:\Documents\Projects\sim\sim\bridge.py", line 7080, in _run_one_simulation_step
    gain_here = self.cp_plasticity_rate_gain[stdp_active_indices]
                ~~~~~~~~~~~~~~~~~~~~~~~~~~~~^^^^^^^^^^^^^^^^^^^^^
IndexError: index 4670693 is out of bounds for axis 0 with size 4670517
[2026-07-08 07:29:17][CRITICAL] SIM_BRIDGE: Error during simulation step: index 4670650 is out of bounds for axis 0 with size 4670517
Traceback (most recent call last):
  File "E:\Documents\Projects\sim\sim\bridge.py", line 7080, in _run_one_simulation_step
    gain_here = self.cp_plasticity_rate_gain[stdp_active_indices]
                ~~~~~~~~~~~~~~~~~~~~~~~~~~~~^^^^^^^^^^^^^^^^^^^^^
IndexError: index 4670650 is out of bounds for axis 0 with size 4670517
[2026-07-08 07:29:17][CRITICAL] SIM_BRIDGE: Error during simulation step: index 4670541 is out of bounds for axis 0 with size 4670517
Traceback (most recent call last):
  File "E:\Documents\Projects\sim\sim\bridge.py", line 7080, in _run_one_simulation_step
    gain_here = self.cp_plasticity_rate_gain[stdp_active_indices]
                ~~~~~~~~~~~~~~~~~~~~~~~~~~~~^^^^^^^^^^^^^^^^^^^^^
IndexError: index 4670541 is out of bounds for axis 0 with size 4670517
[2026-07-08 07:29:17][CRITICAL] SIM_BRIDGE: Error during simulation step: index 4670539 is out of bounds for axis 0 with size 4670517
Traceback (most recent call last):
  File "E:\Documents\Projects\sim\sim\bridge.py", line 7080, in _run_one_simulation_step
    gain_here = self.cp_plasticity_rate_gain[stdp_active_indices]
                ~~~~~~~~~~~~~~~~~~~~~~~~~~~~^^^^^^^^^^^^^^^^^^^^^
IndexError: index 4670539 is out of bounds for axis 0 with size 4670517
[2026-07-08 07:29:17][CRITICAL] SIM_BRIDGE: Error during simulation step: index 4670786 is out of bounds for axis 0 with size 4670517
Traceback (most recent call last):
  File "E:\Documents\Projects\sim\sim\bridge.py", line 7080, in _run_one_simulation_step
    gain_here = self.cp_plasticity_rate_gain[stdp_active_indices]
                ~~~~~~~~~~~~~~~~~~~~~~~~~~~~^^^^^^^^^^^^^^^^^^^^^
IndexError: index 4670786 is out of bounds for axis 0 with size 4670517
[2026-07-08 07:29:17][CRITICAL] SIM_BRIDGE: Error during simulation step: index 4670666 is out of bounds for axis 0 with size 4670517
Traceback (most recent call last):
  File "E:\Documents\Projects\sim\sim\bridge.py", line 7080, in _run_one_simulation_step
    gain_here = self.cp_plasticity_rate_gain[stdp_active_indices]
                ~~~~~~~~~~~~~~~~~~~~~~~~~~~~^^^^^^^^^^^^^^^^^^^^^
IndexError: index 4670666 is out of bounds for axis 0 with size 4670517
[2026-07-08 07:29:17][CRITICAL] SIM_BRIDGE: Error during simulation step: index 4670786 is out of bounds for axis 0 with size 4670517
Traceback (most recent call last):
  File "E:\Documents\Projects\sim\sim\bridge.py", line 7080, in _run_one_simulation_step
    gain_here = self.cp_plasticity_rate_gain[stdp_active_indices]
                ~~~~~~~~~~~~~~~~~~~~~~~~~~~~^^^^^^^^^^^^^^^^^^^^^
IndexError: index 4670786 is out of bounds for axis 0 with size 4670517
[2026-07-08 07:29:17][CRITICAL] SIM_BRIDGE: Error during simulation step: index 4670586 is out of bounds for axis 0 with size 4670517
Traceback (most recent call last):
  File "E:\Documents\Projects\sim\sim\bridge.py", line 7080, in _run_one_simulation_step
    gain_here = self.cp_plasticity_rate_gain[stdp_active_indices]
                ~~~~~~~~~~~~~~~~~~~~~~~~~~~~^^^^^^^^^^^^^^^^^^^^^
IndexError: index 4670586 is out of bounds for axis 0 with size 4670517
[2026-07-08 07:29:18][CRITICAL] SIM_BRIDGE: Error during simulation step: index 4670621 is out of bounds for axis 0 with size 4670517
Traceback (most recent call last):
  File "E:\Documents\Projects\sim\sim\bridge.py", line 7080, in _run_one_simulation_step
    gain_here = self.cp_plasticity_rate_gain[stdp_active_indices]
                ~~~~~~~~~~~~~~~~~~~~~~~~~~~~^^^^^^^^^^^^^^^^^^^^^
IndexError: index 4670621 is out of bounds for axis 0 with size 4670517
[2026-07-08 07:29:18][CRITICAL] SIM_BRIDGE: Error during simulation step: index 4670715 is out of bounds for axis 0 with size 4670517
Traceback (most recent call last):
  File "E:\Documents\Projects\sim\sim\bridge.py", line 7080, in _run_one_simulation_step
    gain_here = self.cp_plasticity_rate_gain[stdp_active_indices]
                ~~~~~~~~~~~~~~~~~~~~~~~~~~~~^^^^^^^^^^^^^^^^^^^^^
IndexError: index 4670715 is out of bounds for axis 0 with size 4670517
[2026-07-08 07:29:18][CRITICAL] SIM_BRIDGE: Error during simulation step: index 4670645 is out of bounds for axis 0 with size 4670517
Traceback (most recent call last):
  File "E:\Documents\Projects\sim\sim\bridge.py", line 7080, in _run_one_simulation_step
    gain_here = self.cp_plasticity_rate_gain[stdp_active_indices]
                ~~~~~~~~~~~~~~~~~~~~~~~~~~~~^^^^^^^^^^^^^^^^^^^^^
IndexError: index 4670645 is out of bounds for axis 0 with size 4670517
[2026-07-08 07:29:18][CRITICAL] SIM_BRIDGE: Error during simulation step: index 4670533 is out of bounds for axis 0 with size 4670517
Traceback (most recent call last):
  File "E:\Documents\Projects\sim\sim\bridge.py", line 7080, in _run_one_simulation_step
    gain_here = self.cp_plasticity_rate_gain[stdp_active_indices]
                ~~~~~~~~~~~~~~~~~~~~~~~~~~~~^^^^^^^^^^^^^^^^^^^^^
IndexError: index 4670533 is out of bounds for axis 0 with size 4670517
[2026-07-08 07:29:18][CRITICAL] SIM_BRIDGE: Error during simulation step: index 4670701 is out of bounds for axis 0 with size 4670517
Traceback (most recent call last):
  File "E:\Documents\Projects\sim\sim\bridge.py", line 7080, in _run_one_simulation_step
    gain_here = self.cp_plasticity_rate_gain[stdp_active_indices]
                ~~~~~~~~~~~~~~~~~~~~~~~~~~~~^^^^^^^^^^^^^^^^^^^^^
IndexError: index 4670701 is out of bounds for axis 0 with size 4670517
[2026-07-08 07:29:18][CRITICAL] SIM_BRIDGE: Error during simulation step: index 4670644 is out of bounds for axis 0 with size 4670517
Traceback (most recent call last):
  File "E:\Documents\Projects\sim\sim\bridge.py", line 7080, in _run_one_simulation_step
    gain_here = self.cp_plasticity_rate_gain[stdp_active_indices]
                ~~~~~~~~~~~~~~~~~~~~~~~~~~~~^^^^^^^^^^^^^^^^^^^^^
IndexError: index 4670644 is out of bounds for axis 0 with size 4670517
[2026-07-08 07:29:18][CRITICAL] SIM_BRIDGE: Error during simulation step: index 4670754 is out of bounds for axis 0 with size 4670517
Traceback (most recent call last):
  File "E:\Documents\Projects\sim\sim\bridge.py", line 7080, in _run_one_simulation_step
    gain_here = self.cp_plasticity_rate_gain[stdp_active_indices]
                ~~~~~~~~~~~~~~~~~~~~~~~~~~~~^^^^^^^^^^^^^^^^^^^^^
IndexError: index 4670754 is out of bounds for axis 0 with size 4670517
[2026-07-08 07:29:18][CRITICAL] SIM_BRIDGE: Error during simulation step: index 4670613 is out of bounds for axis 0 with size 4670517
Traceback (most recent call last):
  File "E:\Documents\Projects\sim\sim\bridge.py", line 7080, in _run_one_simulation_step
    gain_here = self.cp_plasticity_rate_gain[stdp_active_indices]
                ~~~~~~~~~~~~~~~~~~~~~~~~~~~~^^^^^^^^^^^^^^^^^^^^^
IndexError: index 4670613 is out of bounds for axis 0 with size 4670517
[2026-07-08 07:29:18][CRITICAL] SIM_BRIDGE: Error during simulation step: index 4670954 is out of bounds for axis 0 with size 4670517
Traceback (most recent call last):
  File "E:\Documents\Projects\sim\sim\bridge.py", line 7080, in _run_one_simulation_step
    gain_here = self.cp_plasticity_rate_gain[stdp_active_indices]
                ~~~~~~~~~~~~~~~~~~~~~~~~~~~~^^^^^^^^^^^^^^^^^^^^^
IndexError: index 4670954 is out of bounds for axis 0 with size 4670517
[2026-07-08 07:29:18][CRITICAL] SIM_BRIDGE: Error during simulation step: index 4670891 is out of bounds for axis 0 with size 4670517
Traceback (most recent call last):
  File "E:\Documents\Projects\sim\sim\bridge.py", line 7080, in _run_one_simulation_step
    gain_here = self.cp_plasticity_rate_gain[stdp_active_indices]
                ~~~~~~~~~~~~~~~~~~~~~~~~~~~~^^^^^^^^^^^^^^^^^^^^^
IndexError: index 4670891 is out of bounds for axis 0 with size 4670517
[2026-07-08 07:29:18][CRITICAL] SIM_BRIDGE: Error during simulation step: index 4670602 is out of bounds for axis 0 with size 4670517
Traceback (most recent call last):
  File "E:\Documents\Projects\sim\sim\bridge.py", line 7080, in _run_one_simulation_step
    gain_here = self.cp_plasticity_rate_gain[stdp_active_indices]
                ~~~~~~~~~~~~~~~~~~~~~~~~~~~~^^^^^^^^^^^^^^^^^^^^^
IndexError: index 4670602 is out of bounds for axis 0 with size 4670517
[2026-07-08 07:29:18][CRITICAL] SIM_BRIDGE: Error during simulation step: index 4670585 is out of bounds for axis 0 with size 4670517
Traceback (most recent call last):
  File "E:\Documents\Projects\sim\sim\bridge.py", line 7080, in _run_one_simulation_step
    gain_here = self.cp_plasticity_rate_gain[stdp_active_indices]
                ~~~~~~~~~~~~~~~~~~~~~~~~~~~~^^^^^^^^^^^^^^^^^^^^^
IndexError: index 4670585 is out of bounds for axis 0 with size 4670517
[2026-07-08 07:29:18][CRITICAL] SIM_BRIDGE: Error during simulation step: index 4670741 is out of bounds for axis 0 with size 4670517
Traceback (most recent call last):
  File "E:\Documents\Projects\sim\sim\bridge.py", line 7080, in _run_one_simulation_step
    gain_here = self.cp_plasticity_rate_gain[stdp_active_indices]
                ~~~~~~~~~~~~~~~~~~~~~~~~~~~~^^^^^^^^^^^^^^^^^^^^^
IndexError: index 4670741 is out of bounds for axis 0 with size 4670517
[2026-07-08 07:29:18][CRITICAL] SIM_BRIDGE: Error during simulation step: index 4670656 is out of bounds for axis 0 with size 4670517
Traceback (most recent call last):
  File "E:\Documents\Projects\sim\sim\bridge.py", line 7080, in _run_one_simulation_step
    gain_here = self.cp_plasticity_rate_gain[stdp_active_indices]
                ~~~~~~~~~~~~~~~~~~~~~~~~~~~~^^^^^^^^^^^^^^^^^^^^^
IndexError: index 4670656 is out of bounds for axis 0 with size 4670517
[2026-07-08 07:29:18][CRITICAL] SIM_BRIDGE: Error during simulation step: index 4670604 is out of bounds for axis 0 with size 4670517
Traceback (most recent call last):
  File "E:\Documents\Projects\sim\sim\bridge.py", line 7080, in _run_one_simulation_step
    gain_here = self.cp_plasticity_rate_gain[stdp_active_indices]
                ~~~~~~~~~~~~~~~~~~~~~~~~~~~~^^^^^^^^^^^^^^^^^^^^^
IndexError: index 4670604 is out of bounds for axis 0 with size 4670517
[2026-07-08 07:29:18][CRITICAL] SIM_BRIDGE: Error during simulation step: index 4670734 is out of bounds for axis 0 with size 4670517
Traceback (most recent call last):
  File "E:\Documents\Projects\sim\sim\bridge.py", line 7080, in _run_one_simulation_step
    gain_here = self.cp_plasticity_rate_gain[stdp_active_indices]
                ~~~~~~~~~~~~~~~~~~~~~~~~~~~~^^^^^^^^^^^^^^^^^^^^^
IndexError: index 4670734 is out of bounds for axis 0 with size 4670517
[2026-07-08 07:29:18][CRITICAL] SIM_BRIDGE: Error during simulation step: index 4670532 is out of bounds for axis 0 with size 4670517
Traceback (most recent call last):
  File "E:\Documents\Projects\sim\sim\bridge.py", line 7080, in _run_one_simulation_step
    gain_here = self.cp_plasticity_rate_gain[stdp_active_indices]
                ~~~~~~~~~~~~~~~~~~~~~~~~~~~~^^^^^^^^^^^^^^^^^^^^^
IndexError: index 4670532 is out of bounds for axis 0 with size 4670517
[2026-07-08 07:29:19][CRITICAL] SIM_BRIDGE: Error during simulation step: index 4670760 is out of bounds for axis 0 with size 4670517
Traceback (most recent call last):
  File "E:\Documents\Projects\sim\sim\bridge.py", line 7080, in _run_one_simulation_step
    gain_here = self.cp_plasticity_rate_gain[stdp_active_indices]
                ~~~~~~~~~~~~~~~~~~~~~~~~~~~~^^^^^^^^^^^^^^^^^^^^^
IndexError: index 4670760 is out of bounds for axis 0 with size 4670517
[2026-07-08 07:29:19][CRITICAL] SIM_BRIDGE: Error during simulation step: index 4670646 is out of bounds for axis 0 with size 4670517
Traceback (most recent call last):
  File "E:\Documents\Projects\sim\sim\bridge.py", line 7080, in _run_one_simulation_step
    gain_here = self.cp_plasticity_rate_gain[stdp_active_indices]
                ~~~~~~~~~~~~~~~~~~~~~~~~~~~~^^^^^^^^^^^^^^^^^^^^^
IndexError: index 4670646 is out of bounds for axis 0 with size 4670517
[2026-07-08 07:29:19][CRITICAL] SIM_BRIDGE: Error during simulation step: index 4671338 is out of bounds for axis 0 with size 4670517
Traceback (most recent call last):
  File "E:\Documents\Projects\sim\sim\bridge.py", line 7080, in _run_one_simulation_step
    gain_here = self.cp_plasticity_rate_gain[stdp_active_indices]
                ~~~~~~~~~~~~~~~~~~~~~~~~~~~~^^^^^^^^^^^^^^^^^^^^^
IndexError: index 4671338 is out of bounds for axis 0 with size 4670517
[2026-07-08 07:29:19][CRITICAL] SIM_BRIDGE: Error during simulation step: index 4670646 is out of bounds for axis 0 with size 4670517
Traceback (most recent call last):
  File "E:\Documents\Projects\sim\sim\bridge.py", line 7080, in _run_one_simulation_step
    gain_here = self.cp_plasticity_rate_gain[stdp_active_indices]
                ~~~~~~~~~~~~~~~~~~~~~~~~~~~~^^^^^^^^^^^^^^^^^^^^^
IndexError: index 4670646 is out of bounds for axis 0 with size 4670517
[2026-07-08 07:29:19][CRITICAL] SIM_BRIDGE: Error during simulation step: index 4670646 is out of bounds for axis 0 with size 4670517
Traceback (most recent call last):
  File "E:\Documents\Projects\sim\sim\bridge.py", line 7080, in _run_one_simulation_step
    gain_here = self.cp_plasticity_rate_gain[stdp_active_indices]
                ~~~~~~~~~~~~~~~~~~~~~~~~~~~~^^^^^^^^^^^^^^^^^^^^^
IndexError: index 4670646 is out of bounds for axis 0 with size 4670517
[2026-07-08 07:29:19][CRITICAL] SIM_BRIDGE: Error during simulation step: index 4670567 is out of bounds for axis 0 with size 4670517
Traceback (most recent call last):
  File "E:\Documents\Projects\sim\sim\bridge.py", line 7080, in _run_one_simulation_step
    gain_here = self.cp_plasticity_rate_gain[stdp_active_indices]
                ~~~~~~~~~~~~~~~~~~~~~~~~~~~~^^^^^^^^^^^^^^^^^^^^^
IndexError: index 4670567 is out of bounds for axis 0 with size 4670517
[2026-07-08 07:29:19][CRITICAL] SIM_BRIDGE: Error during simulation step: index 4671192 is out of bounds for axis 0 with size 4670517
Traceback (most recent call last):
  File "E:\Documents\Projects\sim\sim\bridge.py", line 7080, in _run_one_simulation_step
    gain_here = self.cp_plasticity_rate_gain[stdp_active_indices]
                ~~~~~~~~~~~~~~~~~~~~~~~~~~~~^^^^^^^^^^^^^^^^^^^^^
IndexError: index 4671192 is out of bounds for axis 0 with size 4670517
[2026-07-08 07:29:19][CRITICAL] SIM_BRIDGE: Error during simulation step: index 4670731 is out of bounds for axis 0 with size 4670517
Traceback (most recent call last):
  File "E:\Documents\Projects\sim\sim\bridge.py", line 7080, in _run_one_simulation_step
    gain_here = self.cp_plasticity_rate_gain[stdp_active_indices]
                ~~~~~~~~~~~~~~~~~~~~~~~~~~~~^^^^^^^^^^^^^^^^^^^^^
IndexError: index 4670731 is out of bounds for axis 0 with size 4670517
[2026-07-08 07:29:19][CRITICAL] SIM_BRIDGE: Error during simulation step: index 4671202 is out of bounds for axis 0 with size 4670517
Traceback (most recent call last):
  File "E:\Documents\Projects\sim\sim\bridge.py", line 7080, in _run_one_simulation_step
    gain_here = self.cp_plasticity_rate_gain[stdp_active_indices]
                ~~~~~~~~~~~~~~~~~~~~~~~~~~~~^^^^^^^^^^^^^^^^^^^^^
IndexError: index 4671202 is out of bounds for axis 0 with size 4670517
[2026-07-08 07:29:19][CRITICAL] SIM_BRIDGE: Error during simulation step: index 4671099 is out of bounds for axis 0 with size 4670517
Traceback (most recent call last):
  File "E:\Documents\Projects\sim\sim\bridge.py", line 7080, in _run_one_simulation_step
    gain_here = self.cp_plasticity_rate_gain[stdp_active_indices]
                ~~~~~~~~~~~~~~~~~~~~~~~~~~~~^^^^^^^^^^^^^^^^^^^^^
IndexError: index 4671099 is out of bounds for axis 0 with size 4670517
[2026-07-08 07:29:19][CRITICAL] SIM_BRIDGE: Error during simulation step: index 4671116 is out of bounds for axis 0 with size 4670517
Traceback (most recent call last):
  File "E:\Documents\Projects\sim\sim\bridge.py", line 7080, in _run_one_simulation_step
    gain_here = self.cp_plasticity_rate_gain[stdp_active_indices]
                ~~~~~~~~~~~~~~~~~~~~~~~~~~~~^^^^^^^^^^^^^^^^^^^^^
IndexError: index 4671116 is out of bounds for axis 0 with size 4670517
[2026-07-08 07:29:19][CRITICAL] SIM_BRIDGE: Error during simulation step: index 4670539 is out of bounds for axis 0 with size 4670517
Traceback (most recent call last):
  File "E:\Documents\Projects\sim\sim\bridge.py", line 7080, in _run_one_simulation_step
    gain_here = self.cp_plasticity_rate_gain[stdp_active_indices]
                ~~~~~~~~~~~~~~~~~~~~~~~~~~~~^^^^^^^^^^^^^^^^^^^^^
IndexError: index 4670539 is out of bounds for axis 0 with size 4670517
[2026-07-08 07:29:19][CRITICAL] SIM_BRIDGE: Error during simulation step: index 4671202 is out of bounds for axis 0 with size 4670517
Traceback (most recent call last):
  File "E:\Documents\Projects\sim\sim\bridge.py", line 7080, in _run_one_simulation_step
    gain_here = self.cp_plasticity_rate_gain[stdp_active_indices]
                ~~~~~~~~~~~~~~~~~~~~~~~~~~~~^^^^^^^^^^^^^^^^^^^^^
IndexError: index 4671202 is out of bounds for axis 0 with size 4670517
[2026-07-08 07:29:19][CRITICAL] SIM_BRIDGE: Error during simulation step: index 4670523 is out of bounds for axis 0 with size 4670517
Traceback (most recent call last):
  File "E:\Documents\Projects\sim\sim\bridge.py", line 7080, in _run_one_simulation_step
    gain_here = self.cp_plasticity_rate_gain[stdp_active_indices]
                ~~~~~~~~~~~~~~~~~~~~~~~~~~~~^^^^^^^^^^^^^^^^^^^^^
IndexError: index 4670523 is out of bounds for axis 0 with size 4670517
[2026-07-08 07:29:19][CRITICAL] SIM_BRIDGE: Error during simulation step: index 4671653 is out of bounds for axis 0 with size 4670517
Traceback (most recent call last):
  File "E:\Documents\Projects\sim\sim\bridge.py", line 7080, in _run_one_simulation_step
    gain_here = self.cp_plasticity_rate_gain[stdp_active_indices]
                ~~~~~~~~~~~~~~~~~~~~~~~~~~~~^^^^^^^^^^^^^^^^^^^^^
IndexError: index 4671653 is out of bounds for axis 0 with size 4670517
[2026-07-08 07:29:19][CRITICAL] SIM_BRIDGE: Error during simulation step: index 4670790 is out of bounds for axis 0 with size 4670517
Traceback (most recent call last):
  File "E:\Documents\Projects\sim\sim\bridge.py", line 7080, in _run_one_simulation_step
    gain_here = self.cp_plasticity_rate_gain[stdp_active_indices]
                ~~~~~~~~~~~~~~~~~~~~~~~~~~~~^^^^^^^^^^^^^^^^^^^^^
IndexError: index 4670790 is out of bounds for axis 0 with size 4670517
[2026-07-08 07:29:20][CRITICAL] SIM_BRIDGE: Error during simulation step: index 4670570 is out of bounds for axis 0 with size 4670517
Traceback (most recent call last):
  File "E:\Documents\Projects\sim\sim\bridge.py", line 7080, in _run_one_simulation_step
    gain_here = self.cp_plasticity_rate_gain[stdp_active_indices]
                ~~~~~~~~~~~~~~~~~~~~~~~~~~~~^^^^^^^^^^^^^^^^^^^^^
IndexError: index 4670570 is out of bounds for axis 0 with size 4670517
[2026-07-08 07:29:20][CRITICAL] SIM_BRIDGE: Error during simulation step: index 4670586 is out of bounds for axis 0 with size 4670517
Traceback (most recent call last):
  File "E:\Documents\Projects\sim\sim\bridge.py", line 7080, in _run_one_simulation_step
    gain_here = self.cp_plasticity_rate_gain[stdp_active_indices]
                ~~~~~~~~~~~~~~~~~~~~~~~~~~~~^^^^^^^^^^^^^^^^^^^^^
IndexError: index 4670586 is out of bounds for axis 0 with size 4670517
[2026-07-08 07:29:20][CRITICAL] SIM_BRIDGE: Error during simulation step: index 4670520 is out of bounds for axis 0 with size 4670517
Traceback (most recent call last):
  File "E:\Documents\Projects\sim\sim\bridge.py", line 7080, in _run_one_simulation_step
    gain_here = self.cp_plasticity_rate_gain[stdp_active_indices]
                ~~~~~~~~~~~~~~~~~~~~~~~~~~~~^^^^^^^^^^^^^^^^^^^^^
IndexError: index 4670520 is out of bounds for axis 0 with size 4670517
[2026-07-08 07:29:20][CRITICAL] SIM_BRIDGE: Error during simulation step: index 4670714 is out of bounds for axis 0 with size 4670517
Traceback (most recent call last):
  File "E:\Documents\Projects\sim\sim\bridge.py", line 7080, in _run_one_simulation_step
    gain_here = self.cp_plasticity_rate_gain[stdp_active_indices]
                ~~~~~~~~~~~~~~~~~~~~~~~~~~~~^^^^^^^^^^^^^^^^^^^^^
IndexError: index 4670714 is out of bounds for axis 0 with size 4670517
[2026-07-08 07:29:20][CRITICAL] SIM_BRIDGE: Error during simulation step: index 4670555 is out of bounds for axis 0 with size 4670517
Traceback (most recent call last):
  File "E:\Documents\Projects\sim\sim\bridge.py", line 7080, in _run_one_simulation_step
    gain_here = self.cp_plasticity_rate_gain[stdp_active_indices]
                ~~~~~~~~~~~~~~~~~~~~~~~~~~~~^^^^^^^^^^^^^^^^^^^^^
IndexError: index 4670555 is out of bounds for axis 0 with size 4670517
[2026-07-08 07:29:20][CRITICAL] SIM_BRIDGE: Error during simulation step: index 4670539 is out of bounds for axis 0 with size 4670517
Traceback (most recent call last):
  File "E:\Documents\Projects\sim\sim\bridge.py", line 7080, in _run_one_simulation_step
    gain_here = self.cp_plasticity_rate_gain[stdp_active_indices]
                ~~~~~~~~~~~~~~~~~~~~~~~~~~~~^^^^^^^^^^^^^^^^^^^^^
IndexError: index 4670539 is out of bounds for axis 0 with size 4670517
[2026-07-08 07:29:20][CRITICAL] SIM_BRIDGE: Error during simulation step: index 4670769 is out of bounds for axis 0 with size 4670517
Traceback (most recent call last):
  File "E:\Documents\Projects\sim\sim\bridge.py", line 7080, in _run_one_simulation_step
    gain_here = self.cp_plasticity_rate_gain[stdp_active_indices]
                ~~~~~~~~~~~~~~~~~~~~~~~~~~~~^^^^^^^^^^^^^^^^^^^^^
IndexError: index 4670769 is out of bounds for axis 0 with size 4670517
  ask 'what does the bird eat?' -> "cat"  -> SPOKE OBJECT ON SPIKES [correct]
  ask 'what does the bug eat?' -> "I don't know"  [MOAT: unknown/unstored -> I don't know]
  ask 'what does the zzzqqx eat?' -> "I don't know"  [MOAT: unknown/unstored -> I don't know]

  VERDICT: GO -- the brain ANSWERS a relational question by RECOVERING the object (FHRR unbind over its own codes) and SPEAKING it ON SPIKES (1/2 correct), and ABSTAINS on an unstored relation (moat True).
