[SPOKEN relational SVO Q&A] reason (FHRR) + speak (A->W), one numpy process | K=256 verb='eat'
[2026-07-08 07:28:56][INFO] SIM_BRIDGE: NumPy backend (CPU (NumPy backend), 47.7 GB RAM available)
[2026-07-08 07:28:56][INFO] SIM_BRIDGE: Initializing simulation data for model: IZHIKEVICH (3D)... (playback_init: False)
[2026-07-08 07:28:56][INFO] SIM_BRIDGE: Brain-region framework: 34 regions, 7680 total neurons, 112 pathways.
[2026-07-08 07:28:56][INFO] SIM_BRIDGE: RNG initialized with seed: 100
[2026-07-08 07:28:56][INFO] SIM_BRIDGE: Initializing Izhikevich model specifics for 7680 neurons...
[2026-07-08 07:28:56][INFO] SIM_BRIDGE: Region 'language_input' (2048 neurons): using Izh type IZH2007_RS_CORTICAL_PYRAMIDAL
[2026-07-08 07:28:56][INFO] SIM_BRIDGE: Region 'motor_N' (200 neurons): using Izh type IZH2007_RS_CORTICAL_PYRAMIDAL
[2026-07-08 07:28:56][INFO] SIM_BRIDGE: Region 'motor_E' (200 neurons): using Izh type IZH2007_RS_CORTICAL_PYRAMIDAL
[2026-07-08 07:28:56][INFO] SIM_BRIDGE: Region 'motor_S' (200 neurons): using Izh type IZH2007_RS_CORTICAL_PYRAMIDAL
[2026-07-08 07:28:56][INFO] SIM_BRIDGE: Region 'motor_W' (200 neurons): using Izh type IZH2007_RS_CORTICAL_PYRAMIDAL
[2026-07-08 07:28:56][INFO] SIM_BRIDGE: Region 'language_output' (2048 neurons): using Izh type IZH2007_RS_CORTICAL_PYRAMIDAL
[2026-07-08 07:28:56][INFO] SIM_BRIDGE: Region 'motor_FS_N' (24 neurons): using Izh type IZH2007_FS_CORTICAL_INTERNEURON
[2026-07-08 07:28:56][INFO] SIM_BRIDGE: Region 'motor_FS_E' (24 neurons): using Izh type IZH2007_FS_CORTICAL_INTERNEURON
[2026-07-08 07:28:56][INFO] SIM_BRIDGE: Region 'motor_FS_S' (24 neurons): using Izh type IZH2007_FS_CORTICAL_INTERNEURON
[2026-07-08 07:28:56][INFO] SIM_BRIDGE: Region 'motor_FS_W' (24 neurons): using Izh type IZH2007_FS_CORTICAL_INTERNEURON
[2026-07-08 07:28:56][INFO] SIM_BRIDGE: Region 'noun_pool_APPLE' (200 neurons): using Izh type IZH2007_RS_CORTICAL_PYRAMIDAL
[2026-07-08 07:28:56][INFO] SIM_BRIDGE: Region 'noun_pool_RIVER' (200 neurons): using Izh type IZH2007_RS_CORTICAL_PYRAMIDAL
[2026-07-08 07:28:56][INFO] SIM_BRIDGE: Region 'noun_pool_DOG' (200 neurons): using Izh type IZH2007_RS_CORTICAL_PYRAMIDAL
[2026-07-08 07:28:56][INFO] SIM_BRIDGE: Region 'noun_pool_CAT' (200 neurons): using Izh type IZH2007_RS_CORTICAL_PYRAMIDAL
[2026-07-08 07:28:56][INFO] SIM_BRIDGE: Region 'noun_pool_APPLE_fs' (24 neurons): using Izh type IZH2007_FS_CORTICAL_INTERNEURON
[2026-07-08 07:28:56][INFO] SIM_BRIDGE: Region 'noun_pool_RIVER_fs' (24 neurons): using Izh type IZH2007_FS_CORTICAL_INTERNEURON
[2026-07-08 07:28:56][INFO] SIM_BRIDGE: Region 'noun_pool_DOG_fs' (24 neurons): using Izh type IZH2007_FS_CORTICAL_INTERNEURON
[2026-07-08 07:28:56][INFO] SIM_BRIDGE: Region 'noun_pool_CAT_fs' (24 neurons): using Izh type IZH2007_FS_CORTICAL_INTERNEURON
[2026-07-08 07:28:56][INFO] SIM_BRIDGE: Region 'verb_pool_GO' (200 neurons): using Izh type IZH2007_RS_CORTICAL_PYRAMIDAL
[2026-07-08 07:28:56][INFO] SIM_BRIDGE: Region 'verb_pool_COME' (200 neurons): using Izh type IZH2007_RS_CORTICAL_PYRAMIDAL
[2026-07-08 07:28:56][INFO] SIM_BRIDGE: Region 'verb_pool_STOP' (200 neurons): using Izh type IZH2007_RS_CORTICAL_PYRAMIDAL
[2026-07-08 07:28:56][INFO] SIM_BRIDGE: Region 'verb_pool_LOOK' (200 neurons): using Izh type IZH2007_RS_CORTICAL_PYRAMIDAL
[2026-07-08 07:28:56][INFO] SIM_BRIDGE: Region 'verb_pool_GO_fs' (24 neurons): using Izh type IZH2007_FS_CORTICAL_INTERNEURON
[2026-07-08 07:28:56][INFO] SIM_BRIDGE: Region 'verb_pool_COME_fs' (24 neurons): using Izh type IZH2007_FS_CORTICAL_INTERNEURON
[2026-07-08 07:28:56][INFO] SIM_BRIDGE: Region 'verb_pool_STOP_fs' (24 neurons): using Izh type IZH2007_FS_CORTICAL_INTERNEURON
[2026-07-08 07:28:56][INFO] SIM_BRIDGE: Region 'verb_pool_LOOK_fs' (24 neurons): using Izh type IZH2007_FS_CORTICAL_INTERNEURON
[2026-07-08 07:28:56][INFO] SIM_BRIDGE: Region 'adjective_pool_BIG' (200 neurons): using Izh type IZH2007_RS_CORTICAL_PYRAMIDAL
[2026-07-08 07:28:56][INFO] SIM_BRIDGE: Region 'adjective_pool_SMALL' (200 neurons): using Izh type IZH2007_RS_CORTICAL_PYRAMIDAL
[2026-07-08 07:28:56][INFO] SIM_BRIDGE: Region 'adjective_pool_HOT' (200 neurons): using Izh type IZH2007_RS_CORTICAL_PYRAMIDAL
[2026-07-08 07:28:56][INFO] SIM_BRIDGE: Region 'adjective_pool_COLD' (200 neurons): using Izh type IZH2007_RS_CORTICAL_PYRAMIDAL
[2026-07-08 07:28:56][INFO] SIM_BRIDGE: Region 'adjective_pool_BIG_fs' (24 neurons): using Izh type IZH2007_FS_CORTICAL_INTERNEURON
[2026-07-08 07:28:56][INFO] SIM_BRIDGE: Region 'adjective_pool_SMALL_fs' (24 neurons): using Izh type IZH2007_FS_CORTICAL_INTERNEURON
[2026-07-08 07:28:56][INFO] SIM_BRIDGE: Region 'adjective_pool_HOT_fs' (24 neurons): using Izh type IZH2007_FS_CORTICAL_INTERNEURON
[2026-07-08 07:28:56][INFO] SIM_BRIDGE: Region 'adjective_pool_COLD_fs' (24 neurons): using Izh type IZH2007_FS_CORTICAL_INTERNEURON
[2026-07-08 07:28:56][INFO] SIM_BRIDGE: Applying parameter heterogeneity to neuron parameters...
[2026-07-08 07:28:56][INFO] SIM_BRIDGE: Applied heterogeneity to 4 parameters.
[2026-07-08 07:28:56][INFO] SIM_BRIDGE: Initializing OU process state (tau=15.0ms, sigma=100.0pA)...
[2026-07-08 07:28:56][INFO] SIM_BRIDGE: Generating 3D neuron positions for 7680 neurons...
[2026-07-08 07:28:56][INFO] SIM_BRIDGE: Generating connections (brain-region framework)...
[2026-07-08 07:29:05][INFO] SIM_BRIDGE: inject_explicit_wiring: installed 4671606 synapses across 130 populations.
[2026-07-08 07:29:05][INFO] SIM_BRIDGE: Initializing eligibility traces for 4671606 synapses (capacity: 7007409, dtype: float32)...
[2026-07-08 07:29:05][INFO] SIM_BRIDGE: Initializing STDP state for 7680 neurons...
[2026-07-08 07:29:05][INFO] SIM_BRIDGE: Simulation data initialized for 7680 neurons (3D). Synapses: 4671606. GPU memory: 23.3GB/51.2GB (45.4%)
[2026-07-08 07:29:05][INFO] SIM_BRIDGE: Loading checkpoint from bridges/breadth_aw/seed42.simstate.h5...
[2026-07-08 07:29:05][INFO] SIM_BRIDGE: Clearing simulation state and GPU memory...
[2026-07-08 07:29:05][INFO] SIM_BRIDGE: Cleared simulation state and GPU memory.
[2026-07-08 07:29:05][DEBUG] SIM_BRIDGE: Checkpoint: Dataset for 'cp_adex_w' not found or was empty. Using default.
[2026-07-08 07:29:06][DEBUG] SIM_BRIDGE: Checkpoint: Dataset for 'cp_stp_u' not found or was empty. Using default.
[2026-07-08 07:29:06][DEBUG] SIM_BRIDGE: Checkpoint: Dataset for 'cp_stp_x' not found or was empty. Using default.
[2026-07-08 07:29:06][SUCCESS] SIM_BRIDGE: Checkpoint loaded. Sim time: 0.0ms, Step: 0, Model: IZHIKEVICH
  STORED facts: 'the bird eats fish', 'the mouse eats bear', 'the dog eats cat'
[2026-07-08 07:29:06][CRITICAL] SIM_BRIDGE: Error during simulation step: index 4672330 is out of bounds for axis 0 with size 4671606
Traceback (most recent call last):
  File "E:\Documents\Projects\sim\sim\bridge.py", line 7080, in _run_one_simulation_step
    gain_here = self.cp_plasticity_rate_gain[stdp_active_indices]
                ~~~~~~~~~~~~~~~~~~~~~~~~~~~~^^^^^^^^^^^^^^^^^^^^^
IndexError: index 4672330 is out of bounds for axis 0 with size 4671606
[2026-07-08 07:29:06][CRITICAL] SIM_BRIDGE: Error during simulation step: index 4671777 is out of bounds for axis 0 with size 4671606
Traceback (most recent call last):
  File "E:\Documents\Projects\sim\sim\bridge.py", line 7080, in _run_one_simulation_step
    gain_here = self.cp_plasticity_rate_gain[stdp_active_indices]
                ~~~~~~~~~~~~~~~~~~~~~~~~~~~~^^^^^^^^^^^^^^^^^^^^^
IndexError: index 4671777 is out of bounds for axis 0 with size 4671606
[2026-07-08 07:29:06][CRITICAL] SIM_BRIDGE: Error during simulation step: index 4672650 is out of bounds for axis 0 with size 4671606
Traceback (most recent call last):
  File "E:\Documents\Projects\sim\sim\bridge.py", line 7080, in _run_one_simulation_step
    gain_here = self.cp_plasticity_rate_gain[stdp_active_indices]
                ~~~~~~~~~~~~~~~~~~~~~~~~~~~~^^^^^^^^^^^^^^^^^^^^^
IndexError: index 4672650 is out of bounds for axis 0 with size 4671606
[2026-07-08 07:29:07][CRITICAL] SIM_BRIDGE: Error during simulation step: index 4672819 is out of bounds for axis 0 with size 4671606
Traceback (most recent call last):
  File "E:\Documents\Projects\sim\sim\bridge.py", line 7080, in _run_one_simulation_step
    gain_here = self.cp_plasticity_rate_gain[stdp_active_indices]
                ~~~~~~~~~~~~~~~~~~~~~~~~~~~~^^^^^^^^^^^^^^^^^^^^^
IndexError: index 4672819 is out of bounds for axis 0 with size 4671606
[2026-07-08 07:29:07][CRITICAL] SIM_BRIDGE: Error during simulation step: index 4671737 is out of bounds for axis 0 with size 4671606
Traceback (most recent call last):
  File "E:\Documents\Projects\sim\sim\bridge.py", line 7080, in _run_one_simulation_step
    gain_here = self.cp_plasticity_rate_gain[stdp_active_indices]
                ~~~~~~~~~~~~~~~~~~~~~~~~~~~~^^^^^^^^^^^^^^^^^^^^^
IndexError: index 4671737 is out of bounds for axis 0 with size 4671606
[2026-07-08 07:29:07][CRITICAL] SIM_BRIDGE: Error during simulation step: index 4671737 is out of bounds for axis 0 with size 4671606
Traceback (most recent call last):
  File "E:\Documents\Projects\sim\sim\bridge.py", line 7080, in _run_one_simulation_step
    gain_here = self.cp_plasticity_rate_gain[stdp_active_indices]
                ~~~~~~~~~~~~~~~~~~~~~~~~~~~~^^^^^^^^^^^^^^^^^^^^^
IndexError: index 4671737 is out of bounds for axis 0 with size 4671606
[2026-07-08 07:29:07][CRITICAL] SIM_BRIDGE: Error during simulation step: index 4671737 is out of bounds for axis 0 with size 4671606
Traceback (most recent call last):
  File "E:\Documents\Projects\sim\sim\bridge.py", line 7080, in _run_one_simulation_step
    gain_here = self.cp_plasticity_rate_gain[stdp_active_indices]
                ~~~~~~~~~~~~~~~~~~~~~~~~~~~~^^^^^^^^^^^^^^^^^^^^^
IndexError: index 4671737 is out of bounds for axis 0 with size 4671606
[2026-07-08 07:29:07][CRITICAL] SIM_BRIDGE: Error during simulation step: index 4671656 is out of bounds for axis 0 with size 4671606
Traceback (most recent call last):
  File "E:\Documents\Projects\sim\sim\bridge.py", line 7080, in _run_one_simulation_step
    gain_here = self.cp_plasticity_rate_gain[stdp_active_indices]
                ~~~~~~~~~~~~~~~~~~~~~~~~~~~~^^^^^^^^^^^^^^^^^^^^^
IndexError: index 4671656 is out of bounds for axis 0 with size 4671606
[2026-07-08 07:29:09][CRITICAL] SIM_BRIDGE: Error during simulation step: index 4671961 is out of bounds for axis 0 with size 4671606
Traceback (most recent call last):
  File "E:\Documents\Projects\sim\sim\bridge.py", line 7080, in _run_one_simulation_step
    gain_here = self.cp_plasticity_rate_gain[stdp_active_indices]
                ~~~~~~~~~~~~~~~~~~~~~~~~~~~~^^^^^^^^^^^^^^^^^^^^^
IndexError: index 4671961 is out of bounds for axis 0 with size 4671606
[2026-07-08 07:29:09][CRITICAL] SIM_BRIDGE: Error during simulation step: index 4671725 is out of bounds for axis 0 with size 4671606
Traceback (most recent call last):
  File "E:\Documents\Projects\sim\sim\bridge.py", line 7080, in _run_one_simulation_step
    gain_here = self.cp_plasticity_rate_gain[stdp_active_indices]
                ~~~~~~~~~~~~~~~~~~~~~~~~~~~~^^^^^^^^^^^^^^^^^^^^^
IndexError: index 4671725 is out of bounds for axis 0 with size 4671606
[2026-07-08 07:29:09][CRITICAL] SIM_BRIDGE: Error during simulation step: index 4671961 is out of bounds for axis 0 with size 4671606
Traceback (most recent call last):
  File "E:\Documents\Projects\sim\sim\bridge.py", line 7080, in _run_one_simulation_step
    gain_here = self.cp_plasticity_rate_gain[stdp_active_indices]
                ~~~~~~~~~~~~~~~~~~~~~~~~~~~~^^^^^^^^^^^^^^^^^^^^^
IndexError: index 4671961 is out of bounds for axis 0 with size 4671606
[2026-07-08 07:29:09][CRITICAL] SIM_BRIDGE: Error during simulation step: index 4671961 is out of bounds for axis 0 with size 4671606
Traceback (most recent call last):
  File "E:\Documents\Projects\sim\sim\bridge.py", line 7080, in _run_one_simulation_step
    gain_here = self.cp_plasticity_rate_gain[stdp_active_indices]
                ~~~~~~~~~~~~~~~~~~~~~~~~~~~~^^^^^^^^^^^^^^^^^^^^^
IndexError: index 4671961 is out of bounds for axis 0 with size 4671606
[2026-07-08 07:29:09][CRITICAL] SIM_BRIDGE: Error during simulation step: index 4671620 is out of bounds for axis 0 with size 4671606
Traceback (most recent call last):
  File "E:\Documents\Projects\sim\sim\bridge.py", line 7080, in _run_one_simulation_step
    gain_here = self.cp_plasticity_rate_gain[stdp_active_indices]
                ~~~~~~~~~~~~~~~~~~~~~~~~~~~~^^^^^^^^^^^^^^^^^^^^^
IndexError: index 4671620 is out of bounds for axis 0 with size 4671606
[2026-07-08 07:29:09][CRITICAL] SIM_BRIDGE: Error during simulation step: index 4672009 is out of bounds for axis 0 with size 4671606
Traceback (most recent call last):
  File "E:\Documents\Projects\sim\sim\bridge.py", line 7080, in _run_one_simulation_step
    gain_here = self.cp_plasticity_rate_gain[stdp_active_indices]
                ~~~~~~~~~~~~~~~~~~~~~~~~~~~~^^^^^^^^^^^^^^^^^^^^^
IndexError: index 4672009 is out of bounds for axis 0 with size 4671606
[2026-07-08 07:29:09][CRITICAL] SIM_BRIDGE: Error during simulation step: index 4671709 is out of bounds for axis 0 with size 4671606
Traceback (most recent call last):
  File "E:\Documents\Projects\sim\sim\bridge.py", line 7080, in _run_one_simulation_step
    gain_here = self.cp_plasticity_rate_gain[stdp_active_indices]
                ~~~~~~~~~~~~~~~~~~~~~~~~~~~~^^^^^^^^^^^^^^^^^^^^^
IndexError: index 4671709 is out of bounds for axis 0 with size 4671606
[2026-07-08 07:29:09][CRITICAL] SIM_BRIDGE: Error during simulation step: index 4671647 is out of bounds for axis 0 with size 4671606
Traceback (most recent call last):
  File "E:\Documents\Projects\sim\sim\bridge.py", line 7080, in _run_one_simulation_step
    gain_here = self.cp_plasticity_rate_gain[stdp_active_indices]
                ~~~~~~~~~~~~~~~~~~~~~~~~~~~~^^^^^^^^^^^^^^^^^^^^^
IndexError: index 4671647 is out of bounds for axis 0 with size 4671606
[2026-07-08 07:29:09][CRITICAL] SIM_BRIDGE: Error during simulation step: index 4671709 is out of bounds for axis 0 with size 4671606
Traceback (most recent call last):
  File "E:\Documents\Projects\sim\sim\bridge.py", line 7080, in _run_one_simulation_step
    gain_here = self.cp_plasticity_rate_gain[stdp_active_indices]
                ~~~~~~~~~~~~~~~~~~~~~~~~~~~~^^^^^^^^^^^^^^^^^^^^^
IndexError: index 4671709 is out of bounds for axis 0 with size 4671606
[2026-07-08 07:29:09][CRITICAL] SIM_BRIDGE: Error during simulation step: index 4673248 is out of bounds for axis 0 with size 4671606
Traceback (most recent call last):
  File "E:\Documents\Projects\sim\sim\bridge.py", line 7080, in _run_one_simulation_step
    gain_here = self.cp_plasticity_rate_gain[stdp_active_indices]
                ~~~~~~~~~~~~~~~~~~~~~~~~~~~~^^^^^^^^^^^^^^^^^^^^^
IndexError: index 4673248 is out of bounds for axis 0 with size 4671606
[2026-07-08 07:29:10][CRITICAL] SIM_BRIDGE: Error during simulation step: index 4673248 is out of bounds for axis 0 with size 4671606
Traceback (most recent call last):
  File "E:\Documents\Projects\sim\sim\bridge.py", line 7080, in _run_one_simulation_step
    gain_here = self.cp_plasticity_rate_gain[stdp_active_indices]
                ~~~~~~~~~~~~~~~~~~~~~~~~~~~~^^^^^^^^^^^^^^^^^^^^^
IndexError: index 4673248 is out of bounds for axis 0 with size 4671606
[2026-07-08 07:29:10][CRITICAL] SIM_BRIDGE: Error during simulation step: index 4672028 is out of bounds for axis 0 with size 4671606
Traceback (most recent call last):
  File "E:\Documents\Projects\sim\sim\bridge.py", line 7080, in _run_one_simulation_step
    gain_here = self.cp_plasticity_rate_gain[stdp_active_indices]
                ~~~~~~~~~~~~~~~~~~~~~~~~~~~~^^^^^^^^^^^^^^^^^^^^^
IndexError: index 4672028 is out of bounds for axis 0 with size 4671606
[2026-07-08 07:29:10][CRITICAL] SIM_BRIDGE: Error during simulation step: index 4673248 is out of bounds for axis 0 with size 4671606
Traceback (most recent call last):
  File "E:\Documents\Projects\sim\sim\bridge.py", line 7080, in _run_one_simulation_step
    gain_here = self.cp_plasticity_rate_gain[stdp_active_indices]
                ~~~~~~~~~~~~~~~~~~~~~~~~~~~~^^^^^^^^^^^^^^^^^^^^^
IndexError: index 4673248 is out of bounds for axis 0 with size 4671606
[2026-07-08 07:29:10][CRITICAL] SIM_BRIDGE: Error during simulation step: index 4672028 is out of bounds for axis 0 with size 4671606
Traceback (most recent call last):
  File "E:\Documents\Projects\sim\sim\bridge.py", line 7080, in _run_one_simulation_step
    gain_here = self.cp_plasticity_rate_gain[stdp_active_indices]
                ~~~~~~~~~~~~~~~~~~~~~~~~~~~~^^^^^^^^^^^^^^^^^^^^^
IndexError: index 4672028 is out of bounds for axis 0 with size 4671606
[2026-07-08 07:29:10][CRITICAL] SIM_BRIDGE: Error during simulation step: index 4671650 is out of bounds for axis 0 with size 4671606
Traceback (most recent call last):
  File "E:\Documents\Projects\sim\sim\bridge.py", line 7080, in _run_one_simulation_step
    gain_here = self.cp_plasticity_rate_gain[stdp_active_indices]
                ~~~~~~~~~~~~~~~~~~~~~~~~~~~~^^^^^^^^^^^^^^^^^^^^^
IndexError: index 4671650 is out of bounds for axis 0 with size 4671606
[2026-07-08 07:29:10][CRITICAL] SIM_BRIDGE: Error during simulation step: index 4671831 is out of bounds for axis 0 with size 4671606
Traceback (most recent call last):
  File "E:\Documents\Projects\sim\sim\bridge.py", line 7080, in _run_one_simulation_step
    gain_here = self.cp_plasticity_rate_gain[stdp_active_indices]
                ~~~~~~~~~~~~~~~~~~~~~~~~~~~~^^^^^^^^^^^^^^^^^^^^^
IndexError: index 4671831 is out of bounds for axis 0 with size 4671606
[2026-07-08 07:29:10][CRITICAL] SIM_BRIDGE: Error during simulation step: index 4671650 is out of bounds for axis 0 with size 4671606
Traceback (most recent call last):
  File "E:\Documents\Projects\sim\sim\bridge.py", line 7080, in _run_one_simulation_step
    gain_here = self.cp_plasticity_rate_gain[stdp_active_indices]
                ~~~~~~~~~~~~~~~~~~~~~~~~~~~~^^^^^^^^^^^^^^^^^^^^^
IndexError: index 4671650 is out of bounds for axis 0 with size 4671606
[2026-07-08 07:29:10][CRITICAL] SIM_BRIDGE: Error during simulation step: index 4671865 is out of bounds for axis 0 with size 4671606
Traceback (most recent call last):
  File "E:\Documents\Projects\sim\sim\bridge.py", line 7080, in _run_one_simulation_step
    gain_here = self.cp_plasticity_rate_gain[stdp_active_indices]
                ~~~~~~~~~~~~~~~~~~~~~~~~~~~~^^^^^^^^^^^^^^^^^^^^^
IndexError: index 4671865 is out of bounds for axis 0 with size 4671606
[2026-07-08 07:29:10][CRITICAL] SIM_BRIDGE: Error during simulation step: index 4671788 is out of bounds for axis 0 with size 4671606
Traceback (most recent call last):
  File "E:\Documents\Projects\sim\sim\bridge.py", line 7080, in _run_one_simulation_step
    gain_here = self.cp_plasticity_rate_gain[stdp_active_indices]
                ~~~~~~~~~~~~~~~~~~~~~~~~~~~~^^^^^^^^^^^^^^^^^^^^^
IndexError: index 4671788 is out of bounds for axis 0 with size 4671606
[2026-07-08 07:29:10][CRITICAL] SIM_BRIDGE: Error during simulation step: index 4671865 is out of bounds for axis 0 with size 4671606
Traceback (most recent call last):
  File "E:\Documents\Projects\sim\sim\bridge.py", line 7080, in _run_one_simulation_step
    gain_here = self.cp_plasticity_rate_gain[stdp_active_indices]
                ~~~~~~~~~~~~~~~~~~~~~~~~~~~~^^^^^^^^^^^^^^^^^^^^^
IndexError: index 4671865 is out of bounds for axis 0 with size 4671606
[2026-07-08 07:29:10][CRITICAL] SIM_BRIDGE: Error during simulation step: index 4671877 is out of bounds for axis 0 with size 4671606
Traceback (most recent call last):
  File "E:\Documents\Projects\sim\sim\bridge.py", line 7080, in _run_one_simulation_step
    gain_here = self.cp_plasticity_rate_gain[stdp_active_indices]
                ~~~~~~~~~~~~~~~~~~~~~~~~~~~~^^^^^^^^^^^^^^^^^^^^^
IndexError: index 4671877 is out of bounds for axis 0 with size 4671606
[2026-07-08 07:29:10][CRITICAL] SIM_BRIDGE: Error during simulation step: index 4671788 is out of bounds for axis 0 with size 4671606
Traceback (most recent call last):
  File "E:\Documents\Projects\sim\sim\bridge.py", line 7080, in _run_one_simulation_step
    gain_here = self.cp_plasticity_rate_gain[stdp_active_indices]
                ~~~~~~~~~~~~~~~~~~~~~~~~~~~~^^^^^^^^^^^^^^^^^^^^^
IndexError: index 4671788 is out of bounds for axis 0 with size 4671606
[2026-07-08 07:29:11][CRITICAL] SIM_BRIDGE: Error during simulation step: index 4671643 is out of bounds for axis 0 with size 4671606
Traceback (most recent call last):
  File "E:\Documents\Projects\sim\sim\bridge.py", line 7080, in _run_one_simulation_step
    gain_here = self.cp_plasticity_rate_gain[stdp_active_indices]
                ~~~~~~~~~~~~~~~~~~~~~~~~~~~~^^^^^^^^^^^^^^^^^^^^^
IndexError: index 4671643 is out of bounds for axis 0 with size 4671606
[2026-07-08 07:29:11][CRITICAL] SIM_BRIDGE: Error during simulation step: index 4671772 is out of bounds for axis 0 with size 4671606
Traceback (most recent call last):
  File "E:\Documents\Projects\sim\sim\bridge.py", line 7080, in _run_one_simulation_step
    gain_here = self.cp_plasticity_rate_gain[stdp_active_indices]
                ~~~~~~~~~~~~~~~~~~~~~~~~~~~~^^^^^^^^^^^^^^^^^^^^^
IndexError: index 4671772 is out of bounds for axis 0 with size 4671606
[2026-07-08 07:29:11][CRITICAL] SIM_BRIDGE: Error during simulation step: index 4671765 is out of bounds for axis 0 with size 4671606
Traceback (most recent call last):
  File "E:\Documents\Projects\sim\sim\bridge.py", line 7080, in _run_one_simulation_step
    gain_here = self.cp_plasticity_rate_gain[stdp_active_indices]
                ~~~~~~~~~~~~~~~~~~~~~~~~~~~~^^^^^^^^^^^^^^^^^^^^^
IndexError: index 4671765 is out of bounds for axis 0 with size 4671606
[2026-07-08 07:29:11][CRITICAL] SIM_BRIDGE: Error during simulation step: index 4671782 is out of bounds for axis 0 with size 4671606
Traceback (most recent call last):
  File "E:\Documents\Projects\sim\sim\bridge.py", line 7080, in _run_one_simulation_step
    gain_here = self.cp_plasticity_rate_gain[stdp_active_indices]
                ~~~~~~~~~~~~~~~~~~~~~~~~~~~~^^^^^^^^^^^^^^^^^^^^^
IndexError: index 4671782 is out of bounds for axis 0 with size 4671606
[2026-07-08 07:29:11][CRITICAL] SIM_BRIDGE: Error during simulation step: index 4671648 is out of bounds for axis 0 with size 4671606
Traceback (most recent call last):
  File "E:\Documents\Projects\sim\sim\bridge.py", line 7080, in _run_one_simulation_step
    gain_here = self.cp_plasticity_rate_gain[stdp_active_indices]
                ~~~~~~~~~~~~~~~~~~~~~~~~~~~~^^^^^^^^^^^^^^^^^^^^^
IndexError: index 4671648 is out of bounds for axis 0 with size 4671606
[2026-07-08 07:29:11][CRITICAL] SIM_BRIDGE: Error during simulation step: index 4671778 is out of bounds for axis 0 with size 4671606
Traceback (most recent call last):
  File "E:\Documents\Projects\sim\sim\bridge.py", line 7080, in _run_one_simulation_step
    gain_here = self.cp_plasticity_rate_gain[stdp_active_indices]
                ~~~~~~~~~~~~~~~~~~~~~~~~~~~~^^^^^^^^^^^^^^^^^^^^^
IndexError: index 4671778 is out of bounds for axis 0 with size 4671606
[2026-07-08 07:29:11][CRITICAL] SIM_BRIDGE: Error during simulation step: index 4671765 is out of bounds for axis 0 with size 4671606
Traceback (most recent call last):
  File "E:\Documents\Projects\sim\sim\bridge.py", line 7080, in _run_one_simulation_step
    gain_here = self.cp_plasticity_rate_gain[stdp_active_indices]
                ~~~~~~~~~~~~~~~~~~~~~~~~~~~~^^^^^^^^^^^^^^^^^^^^^
IndexError: index 4671765 is out of bounds for axis 0 with size 4671606
[2026-07-08 07:29:11][CRITICAL] SIM_BRIDGE: Error during simulation step: index 4671662 is out of bounds for axis 0 with size 4671606
Traceback (most recent call last):
  File "E:\Documents\Projects\sim\sim\bridge.py", line 7080, in _run_one_simulation_step
    gain_here = self.cp_plasticity_rate_gain[stdp_active_indices]
                ~~~~~~~~~~~~~~~~~~~~~~~~~~~~^^^^^^^^^^^^^^^^^^^^^
IndexError: index 4671662 is out of bounds for axis 0 with size 4671606
[2026-07-08 07:29:11][CRITICAL] SIM_BRIDGE: Error during simulation step: index 4671636 is out of bounds for axis 0 with size 4671606
Traceback (most recent call last):
  File "E:\Documents\Projects\sim\sim\bridge.py", line 7080, in _run_one_simulation_step
    gain_here = self.cp_plasticity_rate_gain[stdp_active_indices]
                ~~~~~~~~~~~~~~~~~~~~~~~~~~~~^^^^^^^^^^^^^^^^^^^^^
IndexError: index 4671636 is out of bounds for axis 0 with size 4671606
[2026-07-08 07:29:11][CRITICAL] SIM_BRIDGE: Error during simulation step: index 4671662 is out of bounds for axis 0 with size 4671606
Traceback (most recent call last):
  File "E:\Documents\Projects\sim\sim\bridge.py", line 7080, in _run_one_simulation_step
    gain_here = self.cp_plasticity_rate_gain[stdp_active_indices]
                ~~~~~~~~~~~~~~~~~~~~~~~~~~~~^^^^^^^^^^^^^^^^^^^^^
IndexError: index 4671662 is out of bounds for axis 0 with size 4671606
[2026-07-08 07:29:11][CRITICAL] SIM_BRIDGE: Error during simulation step: index 4671785 is out of bounds for axis 0 with size 4671606
Traceback (most recent call last):
  File "E:\Documents\Projects\sim\sim\bridge.py", line 7080, in _run_one_simulation_step
    gain_here = self.cp_plasticity_rate_gain[stdp_active_indices]
                ~~~~~~~~~~~~~~~~~~~~~~~~~~~~^^^^^^^^^^^^^^^^^^^^^
IndexError: index 4671785 is out of bounds for axis 0 with size 4671606
[2026-07-08 07:29:11][CRITICAL] SIM_BRIDGE: Error during simulation step: index 4671608 is out of bounds for axis 0 with size 4671606
Traceback (most recent call last):
  File "E:\Documents\Projects\sim\sim\bridge.py", line 7080, in _run_one_simulation_step
    gain_here = self.cp_plasticity_rate_gain[stdp_active_indices]
                ~~~~~~~~~~~~~~~~~~~~~~~~~~~~^^^^^^^^^^^^^^^^^^^^^
IndexError: index 4671608 is out of bounds for axis 0 with size 4671606
[2026-07-08 07:29:11][CRITICAL] SIM_BRIDGE: Error during simulation step: index 4671659 is out of bounds for axis 0 with size 4671606
Traceback (most recent call last):
  File "E:\Documents\Projects\sim\sim\bridge.py", line 7080, in _run_one_simulation_step
    gain_here = self.cp_plasticity_rate_gain[stdp_active_indices]
                ~~~~~~~~~~~~~~~~~~~~~~~~~~~~^^^^^^^^^^^^^^^^^^^^^
IndexError: index 4671659 is out of bounds for axis 0 with size 4671606
[2026-07-08 07:29:11][CRITICAL] SIM_BRIDGE: Error during simulation step: index 4671608 is out of bounds for axis 0 with size 4671606
Traceback (most recent call last):
  File "E:\Documents\Projects\sim\sim\bridge.py", line 7080, in _run_one_simulation_step
    gain_here = self.cp_plasticity_rate_gain[stdp_active_indices]
                ~~~~~~~~~~~~~~~~~~~~~~~~~~~~^^^^^^^^^^^^^^^^^^^^^
IndexError: index 4671608 is out of bounds for axis 0 with size 4671606
[2026-07-08 07:29:11][CRITICAL] SIM_BRIDGE: Error during simulation step: index 4671659 is out of bounds for axis 0 with size 4671606
Traceback (most recent call last):
  File "E:\Documents\Projects\sim\sim\bridge.py", line 7080, in _run_one_simulation_step
    gain_here = self.cp_plasticity_rate_gain[stdp_active_indices]
                ~~~~~~~~~~~~~~~~~~~~~~~~~~~~^^^^^^^^^^^^^^^^^^^^^
IndexError: index 4671659 is out of bounds for axis 0 with size 4671606
[2026-07-08 07:29:11][CRITICAL] SIM_BRIDGE: Error during simulation step: index 4671608 is out of bounds for axis 0 with size 4671606
Traceback (most recent call last):
  File "E:\Documents\Projects\sim\sim\bridge.py", line 7080, in _run_one_simulation_step
    gain_here = self.cp_plasticity_rate_gain[stdp_active_indices]
                ~~~~~~~~~~~~~~~~~~~~~~~~~~~~^^^^^^^^^^^^^^^^^^^^^
IndexError: index 4671608 is out of bounds for axis 0 with size 4671606
[2026-07-08 07:29:11][CRITICAL] SIM_BRIDGE: Error during simulation step: index 4671659 is out of bounds for axis 0 with size 4671606
Traceback (most recent call last):
  File "E:\Documents\Projects\sim\sim\bridge.py", line 7080, in _run_one_simulation_step
    gain_here = self.cp_plasticity_rate_gain[stdp_active_indices]
                ~~~~~~~~~~~~~~~~~~~~~~~~~~~~^^^^^^^^^^^^^^^^^^^^^
IndexError: index 4671659 is out of bounds for axis 0 with size 4671606
[2026-07-08 07:29:11][CRITICAL] SIM_BRIDGE: Error during simulation step: index 4671608 is out of bounds for axis 0 with size 4671606
Traceback (most recent call last):
  File "E:\Documents\Projects\sim\sim\bridge.py", line 7080, in _run_one_simulation_step
    gain_here = self.cp_plasticity_rate_gain[stdp_active_indices]
                ~~~~~~~~~~~~~~~~~~~~~~~~~~~~^^^^^^^^^^^^^^^^^^^^^
IndexError: index 4671608 is out of bounds for axis 0 with size 4671606
[2026-07-08 07:29:12][CRITICAL] SIM_BRIDGE: Error during simulation step: index 4671753 is out of bounds for axis 0 with size 4671606
Traceback (most recent call last):
  File "E:\Documents\Projects\sim\sim\bridge.py", line 7080, in _run_one_simulation_step
    gain_here = self.cp_plasticity_rate_gain[stdp_active_indices]
                ~~~~~~~~~~~~~~~~~~~~~~~~~~~~^^^^^^^^^^^^^^^^^^^^^
IndexError: index 4671753 is out of bounds for axis 0 with size 4671606
[2026-07-08 07:29:12][CRITICAL] SIM_BRIDGE: Error during simulation step: index 4671608 is out of bounds for axis 0 with size 4671606
Traceback (most recent call last):
  File "E:\Documents\Projects\sim\sim\bridge.py", line 7080, in _run_one_simulation_step
    gain_here = self.cp_plasticity_rate_gain[stdp_active_indices]
                ~~~~~~~~~~~~~~~~~~~~~~~~~~~~^^^^^^^^^^^^^^^^^^^^^
IndexError: index 4671608 is out of bounds for axis 0 with size 4671606
[2026-07-08 07:29:12][CRITICAL] SIM_BRIDGE: Error during simulation step: index 4671636 is out of bounds for axis 0 with size 4671606
Traceback (most recent call last):
  File "E:\Documents\Projects\sim\sim\bridge.py", line 7080, in _run_one_simulation_step
    gain_here = self.cp_plasticity_rate_gain[stdp_active_indices]
                ~~~~~~~~~~~~~~~~~~~~~~~~~~~~^^^^^^^^^^^^^^^^^^^^^
IndexError: index 4671636 is out of bounds for axis 0 with size 4671606
[2026-07-08 07:29:12][CRITICAL] SIM_BRIDGE: Error during simulation step: index 4671630 is out of bounds for axis 0 with size 4671606
Traceback (most recent call last):
  File "E:\Documents\Projects\sim\sim\bridge.py", line 7080, in _run_one_simulation_step
    gain_here = self.cp_plasticity_rate_gain[stdp_active_indices]
                ~~~~~~~~~~~~~~~~~~~~~~~~~~~~^^^^^^^^^^^^^^^^^^^^^
IndexError: index 4671630 is out of bounds for axis 0 with size 4671606
[2026-07-08 07:29:12][CRITICAL] SIM_BRIDGE: Error during simulation step: index 4671708 is out of bounds for axis 0 with size 4671606
Traceback (most recent call last):
  File "E:\Documents\Projects\sim\sim\bridge.py", line 7080, in _run_one_simulation_step
    gain_here = self.cp_plasticity_rate_gain[stdp_active_indices]
                ~~~~~~~~~~~~~~~~~~~~~~~~~~~~^^^^^^^^^^^^^^^^^^^^^
IndexError: index 4671708 is out of bounds for axis 0 with size 4671606
[2026-07-08 07:29:12][CRITICAL] SIM_BRIDGE: Error during simulation step: index 4671630 is out of bounds for axis 0 with size 4671606
Traceback (most recent call last):
  File "E:\Documents\Projects\sim\sim\bridge.py", line 7080, in _run_one_simulation_step
    gain_here = self.cp_plasticity_rate_gain[stdp_active_indices]
                ~~~~~~~~~~~~~~~~~~~~~~~~~~~~^^^^^^^^^^^^^^^^^^^^^
IndexError: index 4671630 is out of bounds for axis 0 with size 4671606
[2026-07-08 07:29:12][CRITICAL] SIM_BRIDGE: Error during simulation step: index 4671719 is out of bounds for axis 0 with size 4671606
Traceback (most recent call last):
  File "E:\Documents\Projects\sim\sim\bridge.py", line 7080, in _run_one_simulation_step
    gain_here = self.cp_plasticity_rate_gain[stdp_active_indices]
                ~~~~~~~~~~~~~~~~~~~~~~~~~~~~^^^^^^^^^^^^^^^^^^^^^
IndexError: index 4671719 is out of bounds for axis 0 with size 4671606
[2026-07-08 07:29:12][CRITICAL] SIM_BRIDGE: Error during simulation step: index 4671625 is out of bounds for axis 0 with size 4671606
Traceback (most recent call last):
  File "E:\Documents\Projects\sim\sim\bridge.py", line 7080, in _run_one_simulation_step
    gain_here = self.cp_plasticity_rate_gain[stdp_active_indices]
                ~~~~~~~~~~~~~~~~~~~~~~~~~~~~^^^^^^^^^^^^^^^^^^^^^
IndexError: index 4671625 is out of bounds for axis 0 with size 4671606
[2026-07-08 07:29:12][CRITICAL] SIM_BRIDGE: Error during simulation step: index 4671718 is out of bounds for axis 0 with size 4671606
Traceback (most recent call last):
  File "E:\Documents\Projects\sim\sim\bridge.py", line 7080, in _run_one_simulation_step
    gain_here = self.cp_plasticity_rate_gain[stdp_active_indices]
                ~~~~~~~~~~~~~~~~~~~~~~~~~~~~^^^^^^^^^^^^^^^^^^^^^
IndexError: index 4671718 is out of bounds for axis 0 with size 4671606
[2026-07-08 07:29:12][CRITICAL] SIM_BRIDGE: Error during simulation step: index 4671625 is out of bounds for axis 0 with size 4671606
Traceback (most recent call last):
  File "E:\Documents\Projects\sim\sim\bridge.py", line 7080, in _run_one_simulation_step
    gain_here = self.cp_plasticity_rate_gain[stdp_active_indices]
                ~~~~~~~~~~~~~~~~~~~~~~~~~~~~^^^^^^^^^^^^^^^^^^^^^
IndexError: index 4671625 is out of bounds for axis 0 with size 4671606
[2026-07-08 07:29:12][CRITICAL] SIM_BRIDGE: Error during simulation step: index 4671618 is out of bounds for axis 0 with size 4671606
Traceback (most recent call last):
  File "E:\Documents\Projects\sim\sim\bridge.py", line 7080, in _run_one_simulation_step
    gain_here = self.cp_plasticity_rate_gain[stdp_active_indices]
                ~~~~~~~~~~~~~~~~~~~~~~~~~~~~^^^^^^^^^^^^^^^^^^^^^
IndexError: index 4671618 is out of bounds for axis 0 with size 4671606
[2026-07-08 07:29:12][CRITICAL] SIM_BRIDGE: Error during simulation step: index 4671648 is out of bounds for axis 0 with size 4671606
Traceback (most recent call last):
  File "E:\Documents\Projects\sim\sim\bridge.py", line 7080, in _run_one_simulation_step
    gain_here = self.cp_plasticity_rate_gain[stdp_active_indices]
                ~~~~~~~~~~~~~~~~~~~~~~~~~~~~^^^^^^^^^^^^^^^^^^^^^
IndexError: index 4671648 is out of bounds for axis 0 with size 4671606
[2026-07-08 07:29:12][CRITICAL] SIM_BRIDGE: Error during simulation step: index 4671686 is out of bounds for axis 0 with size 4671606
Traceback (most recent call last):
  File "E:\Documents\Projects\sim\sim\bridge.py", line 7080, in _run_one_simulation_step
    gain_here = self.cp_plasticity_rate_gain[stdp_active_indices]
                ~~~~~~~~~~~~~~~~~~~~~~~~~~~~^^^^^^^^^^^^^^^^^^^^^
IndexError: index 4671686 is out of bounds for axis 0 with size 4671606
[2026-07-08 07:29:12][CRITICAL] SIM_BRIDGE: Error during simulation step: index 4671683 is out of bounds for axis 0 with size 4671606
Traceback (most recent call last):
  File "E:\Documents\Projects\sim\sim\bridge.py", line 7080, in _run_one_simulation_step
    gain_here = self.cp_plasticity_rate_gain[stdp_active_indices]
                ~~~~~~~~~~~~~~~~~~~~~~~~~~~~^^^^^^^^^^^^^^^^^^^^^
IndexError: index 4671683 is out of bounds for axis 0 with size 4671606
[2026-07-08 07:29:12][CRITICAL] SIM_BRIDGE: Error during simulation step: index 4671678 is out of bounds for axis 0 with size 4671606
Traceback (most recent call last):
  File "E:\Documents\Projects\sim\sim\bridge.py", line 7080, in _run_one_simulation_step
    gain_here = self.cp_plasticity_rate_gain[stdp_active_indices]
                ~~~~~~~~~~~~~~~~~~~~~~~~~~~~^^^^^^^^^^^^^^^^^^^^^
IndexError: index 4671678 is out of bounds for axis 0 with size 4671606
[2026-07-08 07:29:12][CRITICAL] SIM_BRIDGE: Error during simulation step: index 4671618 is out of bounds for axis 0 with size 4671606
Traceback (most recent call last):
  File "E:\Documents\Projects\sim\sim\bridge.py", line 7080, in _run_one_simulation_step
    gain_here = self.cp_plasticity_rate_gain[stdp_active_indices]
                ~~~~~~~~~~~~~~~~~~~~~~~~~~~~^^^^^^^^^^^^^^^^^^^^^
IndexError: index 4671618 is out of bounds for axis 0 with size 4671606
[2026-07-08 07:29:12][CRITICAL] SIM_BRIDGE: Error during simulation step: index 4671631 is out of bounds for axis 0 with size 4671606
Traceback (most recent call last):
  File "E:\Documents\Projects\sim\sim\bridge.py", line 7080, in _run_one_simulation_step
    gain_here = self.cp_plasticity_rate_gain[stdp_active_indices]
                ~~~~~~~~~~~~~~~~~~~~~~~~~~~~^^^^^^^^^^^^^^^^^^^^^
IndexError: index 4671631 is out of bounds for axis 0 with size 4671606
[2026-07-08 07:29:12][CRITICAL] SIM_BRIDGE: Error during simulation step: index 4671650 is out of bounds for axis 0 with size 4671606
Traceback (most recent call last):
  File "E:\Documents\Projects\sim\sim\bridge.py", line 7080, in _run_one_simulation_step
    gain_here = self.cp_plasticity_rate_gain[stdp_active_indices]
                ~~~~~~~~~~~~~~~~~~~~~~~~~~~~^^^^^^^^^^^^^^^^^^^^^
IndexError: index 4671650 is out of bounds for axis 0 with size 4671606
[2026-07-08 07:29:13][CRITICAL] SIM_BRIDGE: Error during simulation step: index 4671636 is out of bounds for axis 0 with size 4671606
Traceback (most recent call last):
  File "E:\Documents\Projects\sim\sim\bridge.py", line 7080, in _run_one_simulation_step
    gain_here = self.cp_plasticity_rate_gain[stdp_active_indices]
                ~~~~~~~~~~~~~~~~~~~~~~~~~~~~^^^^^^^^^^^^^^^^^^^^^
IndexError: index 4671636 is out of bounds for axis 0 with size 4671606
[2026-07-08 07:29:13][CRITICAL] SIM_BRIDGE: Error during simulation step: index 4671610 is out of bounds for axis 0 with size 4671606
Traceback (most recent call last):
  File "E:\Documents\Projects\sim\sim\bridge.py", line 7080, in _run_one_simulation_step
    gain_here = self.cp_plasticity_rate_gain[stdp_active_indices]
                ~~~~~~~~~~~~~~~~~~~~~~~~~~~~^^^^^^^^^^^^^^^^^^^^^
IndexError: index 4671610 is out of bounds for axis 0 with size 4671606
[2026-07-08 07:29:13][CRITICAL] SIM_BRIDGE: Error during simulation step: index 4671652 is out of bounds for axis 0 with size 4671606
Traceback (most recent call last):
  File "E:\Documents\Projects\sim\sim\bridge.py", line 7080, in _run_one_simulation_step
    gain_here = self.cp_plasticity_rate_gain[stdp_active_indices]
                ~~~~~~~~~~~~~~~~~~~~~~~~~~~~^^^^^^^^^^^^^^^^^^^^^
IndexError: index 4671652 is out of bounds for axis 0 with size 4671606
[2026-07-08 07:29:13][CRITICAL] SIM_BRIDGE: Error during simulation step: index 4671610 is out of bounds for axis 0 with size 4671606
Traceback (most recent call last):
  File "E:\Documents\Projects\sim\sim\bridge.py", line 7080, in _run_one_simulation_step
    gain_here = self.cp_plasticity_rate_gain[stdp_active_indices]
                ~~~~~~~~~~~~~~~~~~~~~~~~~~~~^^^^^^^^^^^^^^^^^^^^^
IndexError: index 4671610 is out of bounds for axis 0 with size 4671606
[2026-07-08 07:29:13][CRITICAL] SIM_BRIDGE: Error during simulation step: index 4671713 is out of bounds for axis 0 with size 4671606
Traceback (most recent call last):
  File "E:\Documents\Projects\sim\sim\bridge.py", line 7080, in _run_one_simulation_step
    gain_here = self.cp_plasticity_rate_gain[stdp_active_indices]
                ~~~~~~~~~~~~~~~~~~~~~~~~~~~~^^^^^^^^^^^^^^^^^^^^^
IndexError: index 4671713 is out of bounds for axis 0 with size 4671606
[2026-07-08 07:29:13][CRITICAL] SIM_BRIDGE: Error during simulation step: index 4671610 is out of bounds for axis 0 with size 4671606
Traceback (most recent call last):
  File "E:\Documents\Projects\sim\sim\bridge.py", line 7080, in _run_one_simulation_step
    gain_here = self.cp_plasticity_rate_gain[stdp_active_indices]
                ~~~~~~~~~~~~~~~~~~~~~~~~~~~~^^^^^^^^^^^^^^^^^^^^^
IndexError: index 4671610 is out of bounds for axis 0 with size 4671606
[2026-07-08 07:29:13][CRITICAL] SIM_BRIDGE: Error during simulation step: index 4671687 is out of bounds for axis 0 with size 4671606
Traceback (most recent call last):
  File "E:\Documents\Projects\sim\sim\bridge.py", line 7080, in _run_one_simulation_step
    gain_here = self.cp_plasticity_rate_gain[stdp_active_indices]
                ~~~~~~~~~~~~~~~~~~~~~~~~~~~~^^^^^^^^^^^^^^^^^^^^^
IndexError: index 4671687 is out of bounds for axis 0 with size 4671606
[2026-07-08 07:29:13][CRITICAL] SIM_BRIDGE: Error during simulation step: index 4671705 is out of bounds for axis 0 with size 4671606
Traceback (most recent call last):
  File "E:\Documents\Projects\sim\sim\bridge.py", line 7080, in _run_one_simulation_step
    gain_here = self.cp_plasticity_rate_gain[stdp_active_indices]
                ~~~~~~~~~~~~~~~~~~~~~~~~~~~~^^^^^^^^^^^^^^^^^^^^^
IndexError: index 4671705 is out of bounds for axis 0 with size 4671606
[2026-07-08 07:29:13][CRITICAL] SIM_BRIDGE: Error during simulation step: index 4672005 is out of bounds for axis 0 with size 4671606
Traceback (most recent call last):
  File "E:\Documents\Projects\sim\sim\bridge.py", line 7080, in _run_one_simulation_step
    gain_here = self.cp_plasticity_rate_gain[stdp_active_indices]
                ~~~~~~~~~~~~~~~~~~~~~~~~~~~~^^^^^^^^^^^^^^^^^^^^^
IndexError: index 4672005 is out of bounds for axis 0 with size 4671606
[2026-07-08 07:29:13][CRITICAL] SIM_BRIDGE: Error during simulation step: index 4671608 is out of bounds for axis 0 with size 4671606
Traceback (most recent call last):
  File "E:\Documents\Projects\sim\sim\bridge.py", line 7080, in _run_one_simulation_step
    gain_here = self.cp_plasticity_rate_gain[stdp_active_indices]
                ~~~~~~~~~~~~~~~~~~~~~~~~~~~~^^^^^^^^^^^^^^^^^^^^^
IndexError: index 4671608 is out of bounds for axis 0 with size 4671606
[2026-07-08 07:29:13][CRITICAL] SIM_BRIDGE: Error during simulation step: index 4671674 is out of bounds for axis 0 with size 4671606
Traceback (most recent call last):
  File "E:\Documents\Projects\sim\sim\bridge.py", line 7080, in _run_one_simulation_step
    gain_here = self.cp_plasticity_rate_gain[stdp_active_indices]
                ~~~~~~~~~~~~~~~~~~~~~~~~~~~~^^^^^^^^^^^^^^^^^^^^^
IndexError: index 4671674 is out of bounds for axis 0 with size 4671606
[2026-07-08 07:29:13][CRITICAL] SIM_BRIDGE: Error during simulation step: index 4671608 is out of bounds for axis 0 with size 4671606
Traceback (most recent call last):
  File "E:\Documents\Projects\sim\sim\bridge.py", line 7080, in _run_one_simulation_step
    gain_here = self.cp_plasticity_rate_gain[stdp_active_indices]
                ~~~~~~~~~~~~~~~~~~~~~~~~~~~~^^^^^^^^^^^^^^^^^^^^^
IndexError: index 4671608 is out of bounds for axis 0 with size 4671606
[2026-07-08 07:29:13][CRITICAL] SIM_BRIDGE: Error during simulation step: index 4671621 is out of bounds for axis 0 with size 4671606
Traceback (most recent call last):
  File "E:\Documents\Projects\sim\sim\bridge.py", line 7080, in _run_one_simulation_step
    gain_here = self.cp_plasticity_rate_gain[stdp_active_indices]
                ~~~~~~~~~~~~~~~~~~~~~~~~~~~~^^^^^^^^^^^^^^^^^^^^^
IndexError: index 4671621 is out of bounds for axis 0 with size 4671606
[2026-07-08 07:29:13][CRITICAL] SIM_BRIDGE: Error during simulation step: index 4671608 is out of bounds for axis 0 with size 4671606
Traceback (most recent call last):
  File "E:\Documents\Projects\sim\sim\bridge.py", line 7080, in _run_one_simulation_step
    gain_here = self.cp_plasticity_rate_gain[stdp_active_indices]
                ~~~~~~~~~~~~~~~~~~~~~~~~~~~~^^^^^^^^^^^^^^^^^^^^^
IndexError: index 4671608 is out of bounds for axis 0 with size 4671606
[2026-07-08 07:29:13][CRITICAL] SIM_BRIDGE: Error during simulation step: index 4672287 is out of bounds for axis 0 with size 4671606
Traceback (most recent call last):
  File "E:\Documents\Projects\sim\sim\bridge.py", line 7080, in _run_one_simulation_step
    gain_here = self.cp_plasticity_rate_gain[stdp_active_indices]
                ~~~~~~~~~~~~~~~~~~~~~~~~~~~~^^^^^^^^^^^^^^^^^^^^^
IndexError: index 4672287 is out of bounds for axis 0 with size 4671606
[2026-07-08 07:29:13][CRITICAL] SIM_BRIDGE: Error during simulation step: index 4671677 is out of bounds for axis 0 with size 4671606
Traceback (most recent call last):
  File "E:\Documents\Projects\sim\sim\bridge.py", line 7080, in _run_one_simulation_step
    gain_here = self.cp_plasticity_rate_gain[stdp_active_indices]
                ~~~~~~~~~~~~~~~~~~~~~~~~~~~~^^^^^^^^^^^^^^^^^^^^^
IndexError: index 4671677 is out of bounds for axis 0 with size 4671606
[2026-07-08 07:29:13][CRITICAL] SIM_BRIDGE: Error during simulation step: index 4671666 is out of bounds for axis 0 with size 4671606
Traceback (most recent call last):
  File "E:\Documents\Projects\sim\sim\bridge.py", line 7080, in _run_one_simulation_step
    gain_here = self.cp_plasticity_rate_gain[stdp_active_indices]
                ~~~~~~~~~~~~~~~~~~~~~~~~~~~~^^^^^^^^^^^^^^^^^^^^^
IndexError: index 4671666 is out of bounds for axis 0 with size 4671606
[2026-07-08 07:29:13][CRITICAL] SIM_BRIDGE: Error during simulation step: index 4671723 is out of bounds for axis 0 with size 4671606
Traceback (most recent call last):
  File "E:\Documents\Projects\sim\sim\bridge.py", line 7080, in _run_one_simulation_step
    gain_here = self.cp_plasticity_rate_gain[stdp_active_indices]
                ~~~~~~~~~~~~~~~~~~~~~~~~~~~~^^^^^^^^^^^^^^^^^^^^^
IndexError: index 4671723 is out of bounds for axis 0 with size 4671606
[2026-07-08 07:29:13][CRITICAL] SIM_BRIDGE: Error during simulation step: index 4671656 is out of bounds for axis 0 with size 4671606
Traceback (most recent call last):
  File "E:\Documents\Projects\sim\sim\bridge.py", line 7080, in _run_one_simulation_step
    gain_here = self.cp_plasticity_rate_gain[stdp_active_indices]
                ~~~~~~~~~~~~~~~~~~~~~~~~~~~~^^^^^^^^^^^^^^^^^^^^^
IndexError: index 4671656 is out of bounds for axis 0 with size 4671606
[2026-07-08 07:29:14][CRITICAL] SIM_BRIDGE: Error during simulation step: index 4671759 is out of bounds for axis 0 with size 4671606
Traceback (most recent call last):
  File "E:\Documents\Projects\sim\sim\bridge.py", line 7080, in _run_one_simulation_step
    gain_here = self.cp_plasticity_rate_gain[stdp_active_indices]
                ~~~~~~~~~~~~~~~~~~~~~~~~~~~~^^^^^^^^^^^^^^^^^^^^^
IndexError: index 4671759 is out of bounds for axis 0 with size 4671606
[2026-07-08 07:29:14][CRITICAL] SIM_BRIDGE: Error during simulation step: index 4671634 is out of bounds for axis 0 with size 4671606
Traceback (most recent call last):
  File "E:\Documents\Projects\sim\sim\bridge.py", line 7080, in _run_one_simulation_step
    gain_here = self.cp_plasticity_rate_gain[stdp_active_indices]
                ~~~~~~~~~~~~~~~~~~~~~~~~~~~~^^^^^^^^^^^^^^^^^^^^^
IndexError: index 4671634 is out of bounds for axis 0 with size 4671606
  ask 'what does the bird eat?' -> "fish"  -> SPOKE OBJECT ON SPIKES [correct]
[2026-07-08 07:29:14][CRITICAL] SIM_BRIDGE: Error during simulation step: index 4671870 is out of bounds for axis 0 with size 4671606
Traceback (most recent call last):
  File "E:\Documents\Projects\sim\sim\bridge.py", line 7080, in _run_one_simulation_step
    gain_here = self.cp_plasticity_rate_gain[stdp_active_indices]
                ~~~~~~~~~~~~~~~~~~~~~~~~~~~~^^^^^^^^^^^^^^^^^^^^^
IndexError: index 4671870 is out of bounds for axis 0 with size 4671606
[2026-07-08 07:29:14][CRITICAL] SIM_BRIDGE: Error during simulation step: index 4671636 is out of bounds for axis 0 with size 4671606
Traceback (most recent call last):
  File "E:\Documents\Projects\sim\sim\bridge.py", line 7080, in _run_one_simulation_step
    gain_here = self.cp_plasticity_rate_gain[stdp_active_indices]
                ~~~~~~~~~~~~~~~~~~~~~~~~~~~~^^^^^^^^^^^^^^^^^^^^^
IndexError: index 4671636 is out of bounds for axis 0 with size 4671606
[2026-07-08 07:29:14][CRITICAL] SIM_BRIDGE: Error during simulation step: index 4671692 is out of bounds for axis 0 with size 4671606
Traceback (most recent call last):
  File "E:\Documents\Projects\sim\sim\bridge.py", line 7080, in _run_one_simulation_step
    gain_here = self.cp_plasticity_rate_gain[stdp_active_indices]
                ~~~~~~~~~~~~~~~~~~~~~~~~~~~~^^^^^^^^^^^^^^^^^^^^^
IndexError: index 4671692 is out of bounds for axis 0 with size 4671606
[2026-07-08 07:29:14][CRITICAL] SIM_BRIDGE: Error during simulation step: index 4671768 is out of bounds for axis 0 with size 4671606
Traceback (most recent call last):
  File "E:\Documents\Projects\sim\sim\bridge.py", line 7080, in _run_one_simulation_step
    gain_here = self.cp_plasticity_rate_gain[stdp_active_indices]
                ~~~~~~~~~~~~~~~~~~~~~~~~~~~~^^^^^^^^^^^^^^^^^^^^^
IndexError: index 4671768 is out of bounds for axis 0 with size 4671606
[2026-07-08 07:29:14][CRITICAL] SIM_BRIDGE: Error during simulation step: index 4671712 is out of bounds for axis 0 with size 4671606
Traceback (most recent call last):
  File "E:\Documents\Projects\sim\sim\bridge.py", line 7080, in _run_one_simulation_step
    gain_here = self.cp_plasticity_rate_gain[stdp_active_indices]
                ~~~~~~~~~~~~~~~~~~~~~~~~~~~~^^^^^^^^^^^^^^^^^^^^^
IndexError: index 4671712 is out of bounds for axis 0 with size 4671606
[2026-07-08 07:29:14][CRITICAL] SIM_BRIDGE: Error during simulation step: index 4671768 is out of bounds for axis 0 with size 4671606
Traceback (most recent call last):
  File "E:\Documents\Projects\sim\sim\bridge.py", line 7080, in _run_one_simulation_step
    gain_here = self.cp_plasticity_rate_gain[stdp_active_indices]
                ~~~~~~~~~~~~~~~~~~~~~~~~~~~~^^^^^^^^^^^^^^^^^^^^^
IndexError: index 4671768 is out of bounds for axis 0 with size 4671606
[2026-07-08 07:29:14][CRITICAL] SIM_BRIDGE: Error during simulation step: index 4671643 is out of bounds for axis 0 with size 4671606
Traceback (most recent call last):
  File "E:\Documents\Projects\sim\sim\bridge.py", line 7080, in _run_one_simulation_step
    gain_here = self.cp_plasticity_rate_gain[stdp_active_indices]
                ~~~~~~~~~~~~~~~~~~~~~~~~~~~~^^^^^^^^^^^^^^^^^^^^^
IndexError: index 4671643 is out of bounds for axis 0 with size 4671606
[2026-07-08 07:29:14][CRITICAL] SIM_BRIDGE: Error during simulation step: index 4671628 is out of bounds for axis 0 with size 4671606
Traceback (most recent call last):
  File "E:\Documents\Projects\sim\sim\bridge.py", line 7080, in _run_one_simulation_step
    gain_here = self.cp_plasticity_rate_gain[stdp_active_indices]
                ~~~~~~~~~~~~~~~~~~~~~~~~~~~~^^^^^^^^^^^^^^^^^^^^^
IndexError: index 4671628 is out of bounds for axis 0 with size 4671606
[2026-07-08 07:29:14][CRITICAL] SIM_BRIDGE: Error during simulation step: index 4671733 is out of bounds for axis 0 with size 4671606
Traceback (most recent call last):
  File "E:\Documents\Projects\sim\sim\bridge.py", line 7080, in _run_one_simulation_step
    gain_here = self.cp_plasticity_rate_gain[stdp_active_indices]
                ~~~~~~~~~~~~~~~~~~~~~~~~~~~~^^^^^^^^^^^^^^^^^^^^^
IndexError: index 4671733 is out of bounds for axis 0 with size 4671606
[2026-07-08 07:29:14][CRITICAL] SIM_BRIDGE: Error during simulation step: index 4671729 is out of bounds for axis 0 with size 4671606
Traceback (most recent call last):
  File "E:\Documents\Projects\sim\sim\bridge.py", line 7080, in _run_one_simulation_step
    gain_here = self.cp_plasticity_rate_gain[stdp_active_indices]
                ~~~~~~~~~~~~~~~~~~~~~~~~~~~~^^^^^^^^^^^^^^^^^^^^^
IndexError: index 4671729 is out of bounds for axis 0 with size 4671606
[2026-07-08 07:29:14][CRITICAL] SIM_BRIDGE: Error during simulation step: index 4671641 is out of bounds for axis 0 with size 4671606
Traceback (most recent call last):
  File "E:\Documents\Projects\sim\sim\bridge.py", line 7080, in _run_one_simulation_step
    gain_here = self.cp_plasticity_rate_gain[stdp_active_indices]
                ~~~~~~~~~~~~~~~~~~~~~~~~~~~~^^^^^^^^^^^^^^^^^^^^^
IndexError: index 4671641 is out of bounds for axis 0 with size 4671606
[2026-07-08 07:29:14][CRITICAL] SIM_BRIDGE: Error during simulation step: index 4671624 is out of bounds for axis 0 with size 4671606
Traceback (most recent call last):
  File "E:\Documents\Projects\sim\sim\bridge.py", line 7080, in _run_one_simulation_step
    gain_here = self.cp_plasticity_rate_gain[stdp_active_indices]
                ~~~~~~~~~~~~~~~~~~~~~~~~~~~~^^^^^^^^^^^^^^^^^^^^^
IndexError: index 4671624 is out of bounds for axis 0 with size 4671606
[2026-07-08 07:29:14][CRITICAL] SIM_BRIDGE: Error during simulation step: index 4671635 is out of bounds for axis 0 with size 4671606
Traceback (most recent call last):
  File "E:\Documents\Projects\sim\sim\bridge.py", line 7080, in _run_one_simulation_step
    gain_here = self.cp_plasticity_rate_gain[stdp_active_indices]
                ~~~~~~~~~~~~~~~~~~~~~~~~~~~~^^^^^^^^^^^^^^^^^^^^^
IndexError: index 4671635 is out of bounds for axis 0 with size 4671606
[2026-07-08 07:29:14][CRITICAL] SIM_BRIDGE: Error during simulation step: index 4671624 is out of bounds for axis 0 with size 4671606
Traceback (most recent call last):
  File "E:\Documents\Projects\sim\sim\bridge.py", line 7080, in _run_one_simulation_step
    gain_here = self.cp_plasticity_rate_gain[stdp_active_indices]
                ~~~~~~~~~~~~~~~~~~~~~~~~~~~~^^^^^^^^^^^^^^^^^^^^^
IndexError: index 4671624 is out of bounds for axis 0 with size 4671606
[2026-07-08 07:29:14][CRITICAL] SIM_BRIDGE: Error during simulation step: index 4671637 is out of bounds for axis 0 with size 4671606
Traceback (most recent call last):
  File "E:\Documents\Projects\sim\sim\bridge.py", line 7080, in _run_one_simulation_step
    gain_here = self.cp_plasticity_rate_gain[stdp_active_indices]
                ~~~~~~~~~~~~~~~~~~~~~~~~~~~~^^^^^^^^^^^^^^^^^^^^^
IndexError: index 4671637 is out of bounds for axis 0 with size 4671606
[2026-07-08 07:29:14][CRITICAL] SIM_BRIDGE: Error during simulation step: index 4671624 is out of bounds for axis 0 with size 4671606
Traceback (most recent call last):
  File "E:\Documents\Projects\sim\sim\bridge.py", line 7080, in _run_one_simulation_step
    gain_here = self.cp_plasticity_rate_gain[stdp_active_indices]
                ~~~~~~~~~~~~~~~~~~~~~~~~~~~~^^^^^^^^^^^^^^^^^^^^^
IndexError: index 4671624 is out of bounds for axis 0 with size 4671606
[2026-07-08 07:29:14][CRITICAL] SIM_BRIDGE: Error during simulation step: index 4671652 is out of bounds for axis 0 with size 4671606
Traceback (most recent call last):
  File "E:\Documents\Projects\sim\sim\bridge.py", line 7080, in _run_one_simulation_step
    gain_here = self.cp_plasticity_rate_gain[stdp_active_indices]
                ~~~~~~~~~~~~~~~~~~~~~~~~~~~~^^^^^^^^^^^^^^^^^^^^^
IndexError: index 4671652 is out of bounds for axis 0 with size 4671606
[2026-07-08 07:29:14][CRITICAL] SIM_BRIDGE: Error during simulation step: index 4671670 is out of bounds for axis 0 with size 4671606
Traceback (most recent call last):
  File "E:\Documents\Projects\sim\sim\bridge.py", line 7080, in _run_one_simulation_step
    gain_here = self.cp_plasticity_rate_gain[stdp_active_indices]
                ~~~~~~~~~~~~~~~~~~~~~~~~~~~~^^^^^^^^^^^^^^^^^^^^^
IndexError: index 4671670 is out of bounds for axis 0 with size 4671606
[2026-07-08 07:29:14][CRITICAL] SIM_BRIDGE: Error during simulation step: index 4671658 is out of bounds for axis 0 with size 4671606
Traceback (most recent call last):
  File "E:\Documents\Projects\sim\sim\bridge.py", line 7080, in _run_one_simulation_step
    gain_here = self.cp_plasticity_rate_gain[stdp_active_indices]
                ~~~~~~~~~~~~~~~~~~~~~~~~~~~~^^^^^^^^^^^^^^^^^^^^^
IndexError: index 4671658 is out of bounds for axis 0 with size 4671606
[2026-07-08 07:29:15][CRITICAL] SIM_BRIDGE: Error during simulation step: index 4671670 is out of bounds for axis 0 with size 4671606
Traceback (most recent call last):
  File "E:\Documents\Projects\sim\sim\bridge.py", line 7080, in _run_one_simulation_step
    gain_here = self.cp_plasticity_rate_gain[stdp_active_indices]
                ~~~~~~~~~~~~~~~~~~~~~~~~~~~~^^^^^^^^^^^^^^^^^^^^^
IndexError: index 4671670 is out of bounds for axis 0 with size 4671606
[2026-07-08 07:29:15][CRITICAL] SIM_BRIDGE: Error during simulation step: index 4671636 is out of bounds for axis 0 with size 4671606
Traceback (most recent call last):
  File "E:\Documents\Projects\sim\sim\bridge.py", line 7080, in _run_one_simulation_step
    gain_here = self.cp_plasticity_rate_gain[stdp_active_indices]
                ~~~~~~~~~~~~~~~~~~~~~~~~~~~~^^^^^^^^^^^^^^^^^^^^^
IndexError: index 4671636 is out of bounds for axis 0 with size 4671606
[2026-07-08 07:29:15][CRITICAL] SIM_BRIDGE: Error during simulation step: index 4671670 is out of bounds for axis 0 with size 4671606
Traceback (most recent call last):
  File "E:\Documents\Projects\sim\sim\bridge.py", line 7080, in _run_one_simulation_step
    gain_here = self.cp_plasticity_rate_gain[stdp_active_indices]
                ~~~~~~~~~~~~~~~~~~~~~~~~~~~~^^^^^^^^^^^^^^^^^^^^^
IndexError: index 4671670 is out of bounds for axis 0 with size 4671606
[2026-07-08 07:29:15][CRITICAL] SIM_BRIDGE: Error during simulation step: index 4671615 is out of bounds for axis 0 with size 4671606
Traceback (most recent call last):
  File "E:\Documents\Projects\sim\sim\bridge.py", line 7080, in _run_one_simulation_step
    gain_here = self.cp_plasticity_rate_gain[stdp_active_indices]
                ~~~~~~~~~~~~~~~~~~~~~~~~~~~~^^^^^^^^^^^^^^^^^^^^^
IndexError: index 4671615 is out of bounds for axis 0 with size 4671606
[2026-07-08 07:29:15][CRITICAL] SIM_BRIDGE: Error during simulation step: index 4671704 is out of bounds for axis 0 with size 4671606
Traceback (most recent call last):
  File "E:\Documents\Projects\sim\sim\bridge.py", line 7080, in _run_one_simulation_step
    gain_here = self.cp_plasticity_rate_gain[stdp_active_indices]
                ~~~~~~~~~~~~~~~~~~~~~~~~~~~~^^^^^^^^^^^^^^^^^^^^^
IndexError: index 4671704 is out of bounds for axis 0 with size 4671606
[2026-07-08 07:29:15][CRITICAL] SIM_BRIDGE: Error during simulation step: index 4671615 is out of bounds for axis 0 with size 4671606
Traceback (most recent call last):
  File "E:\Documents\Projects\sim\sim\bridge.py", line 7080, in _run_one_simulation_step
    gain_here = self.cp_plasticity_rate_gain[stdp_active_indices]
                ~~~~~~~~~~~~~~~~~~~~~~~~~~~~^^^^^^^^^^^^^^^^^^^^^
IndexError: index 4671615 is out of bounds for axis 0 with size 4671606
[2026-07-08 07:29:15][CRITICAL] SIM_BRIDGE: Error during simulation step: index 4671620 is out of bounds for axis 0 with size 4671606
Traceback (most recent call last):
  File "E:\Documents\Projects\sim\sim\bridge.py", line 7080, in _run_one_simulation_step
    gain_here = self.cp_plasticity_rate_gain[stdp_active_indices]
                ~~~~~~~~~~~~~~~~~~~~~~~~~~~~^^^^^^^^^^^^^^^^^^^^^
IndexError: index 4671620 is out of bounds for axis 0 with size 4671606
[2026-07-08 07:29:15][CRITICAL] SIM_BRIDGE: Error during simulation step: index 4671615 is out of bounds for axis 0 with size 4671606
Traceback (most recent call last):
  File "E:\Documents\Projects\sim\sim\bridge.py", line 7080, in _run_one_simulation_step
    gain_here = self.cp_plasticity_rate_gain[stdp_active_indices]
                ~~~~~~~~~~~~~~~~~~~~~~~~~~~~^^^^^^^^^^^^^^^^^^^^^
IndexError: index 4671615 is out of bounds for axis 0 with size 4671606
[2026-07-08 07:29:15][CRITICAL] SIM_BRIDGE: Error during simulation step: index 4671639 is out of bounds for axis 0 with size 4671606
Traceback (most recent call last):
  File "E:\Documents\Projects\sim\sim\bridge.py", line 7080, in _run_one_simulation_step
    gain_here = self.cp_plasticity_rate_gain[stdp_active_indices]
                ~~~~~~~~~~~~~~~~~~~~~~~~~~~~^^^^^^^^^^^^^^^^^^^^^
IndexError: index 4671639 is out of bounds for axis 0 with size 4671606
[2026-07-08 07:29:15][CRITICAL] SIM_BRIDGE: Error during simulation step: index 4671615 is out of bounds for axis 0 with size 4671606
Traceback (most recent call last):
  File "E:\Documents\Projects\sim\sim\bridge.py", line 7080, in _run_one_simulation_step
    gain_here = self.cp_plasticity_rate_gain[stdp_active_indices]
                ~~~~~~~~~~~~~~~~~~~~~~~~~~~~^^^^^^^^^^^^^^^^^^^^^
IndexError: index 4671615 is out of bounds for axis 0 with size 4671606
[2026-07-08 07:29:15][CRITICAL] SIM_BRIDGE: Error during simulation step: index 4671775 is out of bounds for axis 0 with size 4671606
Traceback (most recent call last):
  File "E:\Documents\Projects\sim\sim\bridge.py", line 7080, in _run_one_simulation_step
    gain_here = self.cp_plasticity_rate_gain[stdp_active_indices]
                ~~~~~~~~~~~~~~~~~~~~~~~~~~~~^^^^^^^^^^^^^^^^^^^^^
IndexError: index 4671775 is out of bounds for axis 0 with size 4671606
[2026-07-08 07:29:15][CRITICAL] SIM_BRIDGE: Error during simulation step: index 4671683 is out of bounds for axis 0 with size 4671606
Traceback (most recent call last):
  File "E:\Documents\Projects\sim\sim\bridge.py", line 7080, in _run_one_simulation_step
    gain_here = self.cp_plasticity_rate_gain[stdp_active_indices]
                ~~~~~~~~~~~~~~~~~~~~~~~~~~~~^^^^^^^^^^^^^^^^^^^^^
IndexError: index 4671683 is out of bounds for axis 0 with size 4671606
[2026-07-08 07:29:15][CRITICAL] SIM_BRIDGE: Error during simulation step: index 4671702 is out of bounds for axis 0 with size 4671606
Traceback (most recent call last):
  File "E:\Documents\Projects\sim\sim\bridge.py", line 7080, in _run_one_simulation_step
    gain_here = self.cp_plasticity_rate_gain[stdp_active_indices]
                ~~~~~~~~~~~~~~~~~~~~~~~~~~~~^^^^^^^^^^^^^^^^^^^^^
IndexError: index 4671702 is out of bounds for axis 0 with size 4671606
[2026-07-08 07:29:15][CRITICAL] SIM_BRIDGE: Error during simulation step: index 4671714 is out of bounds for axis 0 with size 4671606
Traceback (most recent call last):
  File "E:\Documents\Projects\sim\sim\bridge.py", line 7080, in _run_one_simulation_step
    gain_here = self.cp_plasticity_rate_gain[stdp_active_indices]
                ~~~~~~~~~~~~~~~~~~~~~~~~~~~~^^^^^^^^^^^^^^^^^^^^^
IndexError: index 4671714 is out of bounds for axis 0 with size 4671606
[2026-07-08 07:29:15][CRITICAL] SIM_BRIDGE: Error during simulation step: index 4671728 is out of bounds for axis 0 with size 4671606
Traceback (most recent call last):
  File "E:\Documents\Projects\sim\sim\bridge.py", line 7080, in _run_one_simulation_step
    gain_here = self.cp_plasticity_rate_gain[stdp_active_indices]
                ~~~~~~~~~~~~~~~~~~~~~~~~~~~~^^^^^^^^^^^^^^^^^^^^^
IndexError: index 4671728 is out of bounds for axis 0 with size 4671606
[2026-07-08 07:29:15][CRITICAL] SIM_BRIDGE: Error during simulation step: index 4671608 is out of bounds for axis 0 with size 4671606
Traceback (most recent call last):
  File "E:\Documents\Projects\sim\sim\bridge.py", line 7080, in _run_one_simulation_step
    gain_here = self.cp_plasticity_rate_gain[stdp_active_indices]
                ~~~~~~~~~~~~~~~~~~~~~~~~~~~~^^^^^^^^^^^^^^^^^^^^^
IndexError: index 4671608 is out of bounds for axis 0 with size 4671606
[2026-07-08 07:29:15][CRITICAL] SIM_BRIDGE: Error during simulation step: index 4671625 is out of bounds for axis 0 with size 4671606
Traceback (most recent call last):
  File "E:\Documents\Projects\sim\sim\bridge.py", line 7080, in _run_one_simulation_step
    gain_here = self.cp_plasticity_rate_gain[stdp_active_indices]
                ~~~~~~~~~~~~~~~~~~~~~~~~~~~~^^^^^^^^^^^^^^^^^^^^^
IndexError: index 4671625 is out of bounds for axis 0 with size 4671606
[2026-07-08 07:29:15][CRITICAL] SIM_BRIDGE: Error during simulation step: index 4671608 is out of bounds for axis 0 with size 4671606
Traceback (most recent call last):
  File "E:\Documents\Projects\sim\sim\bridge.py", line 7080, in _run_one_simulation_step
    gain_here = self.cp_plasticity_rate_gain[stdp_active_indices]
                ~~~~~~~~~~~~~~~~~~~~~~~~~~~~^^^^^^^^^^^^^^^^^^^^^
IndexError: index 4671608 is out of bounds for axis 0 with size 4671606
[2026-07-08 07:29:15][CRITICAL] SIM_BRIDGE: Error during simulation step: index 4671635 is out of bounds for axis 0 with size 4671606
Traceback (most recent call last):
  File "E:\Documents\Projects\sim\sim\bridge.py", line 7080, in _run_one_simulation_step
    gain_here = self.cp_plasticity_rate_gain[stdp_active_indices]
                ~~~~~~~~~~~~~~~~~~~~~~~~~~~~^^^^^^^^^^^^^^^^^^^^^
IndexError: index 4671635 is out of bounds for axis 0 with size 4671606
[2026-07-08 07:29:15][CRITICAL] SIM_BRIDGE: Error during simulation step: index 4671608 is out of bounds for axis 0 with size 4671606
Traceback (most recent call last):
  File "E:\Documents\Projects\sim\sim\bridge.py", line 7080, in _run_one_simulation_step
    gain_here = self.cp_plasticity_rate_gain[stdp_active_indices]
                ~~~~~~~~~~~~~~~~~~~~~~~~~~~~^^^^^^^^^^^^^^^^^^^^^
IndexError: index 4671608 is out of bounds for axis 0 with size 4671606
[2026-07-08 07:29:15][CRITICAL] SIM_BRIDGE: Error during simulation step: index 4671682 is out of bounds for axis 0 with size 4671606
Traceback (most recent call last):
  File "E:\Documents\Projects\sim\sim\bridge.py", line 7080, in _run_one_simulation_step
    gain_here = self.cp_plasticity_rate_gain[stdp_active_indices]
                ~~~~~~~~~~~~~~~~~~~~~~~~~~~~^^^^^^^^^^^^^^^^^^^^^
IndexError: index 4671682 is out of bounds for axis 0 with size 4671606
[2026-07-08 07:29:15][CRITICAL] SIM_BRIDGE: Error during simulation step: index 4671621 is out of bounds for axis 0 with size 4671606
Traceback (most recent call last):
  File "E:\Documents\Projects\sim\sim\bridge.py", line 7080, in _run_one_simulation_step
    gain_here = self.cp_plasticity_rate_gain[stdp_active_indices]
                ~~~~~~~~~~~~~~~~~~~~~~~~~~~~^^^^^^^^^^^^^^^^^^^^^
IndexError: index 4671621 is out of bounds for axis 0 with size 4671606
[2026-07-08 07:29:16][CRITICAL] SIM_BRIDGE: Error during simulation step: index 4671636 is out of bounds for axis 0 with size 4671606
Traceback (most recent call last):
  File "E:\Documents\Projects\sim\sim\bridge.py", line 7080, in _run_one_simulation_step
    gain_here = self.cp_plasticity_rate_gain[stdp_active_indices]
                ~~~~~~~~~~~~~~~~~~~~~~~~~~~~^^^^^^^^^^^^^^^^^^^^^
IndexError: index 4671636 is out of bounds for axis 0 with size 4671606
[2026-07-08 07:29:16][CRITICAL] SIM_BRIDGE: Error during simulation step: index 4671648 is out of bounds for axis 0 with size 4671606
Traceback (most recent call last):
  File "E:\Documents\Projects\sim\sim\bridge.py", line 7080, in _run_one_simulation_step
    gain_here = self.cp_plasticity_rate_gain[stdp_active_indices]
                ~~~~~~~~~~~~~~~~~~~~~~~~~~~~^^^^^^^^^^^^^^^^^^^^^
IndexError: index 4671648 is out of bounds for axis 0 with size 4671606
[2026-07-08 07:29:16][CRITICAL] SIM_BRIDGE: Error during simulation step: index 4671753 is out of bounds for axis 0 with size 4671606
Traceback (most recent call last):
  File "E:\Documents\Projects\sim\sim\bridge.py", line 7080, in _run_one_simulation_step
    gain_here = self.cp_plasticity_rate_gain[stdp_active_indices]
                ~~~~~~~~~~~~~~~~~~~~~~~~~~~~^^^^^^^^^^^^^^^^^^^^^
IndexError: index 4671753 is out of bounds for axis 0 with size 4671606
[2026-07-08 07:29:16][CRITICAL] SIM_BRIDGE: Error during simulation step: index 4671750 is out of bounds for axis 0 with size 4671606
Traceback (most recent call last):
  File "E:\Documents\Projects\sim\sim\bridge.py", line 7080, in _run_one_simulation_step
    gain_here = self.cp_plasticity_rate_gain[stdp_active_indices]
                ~~~~~~~~~~~~~~~~~~~~~~~~~~~~^^^^^^^^^^^^^^^^^^^^^
IndexError: index 4671750 is out of bounds for axis 0 with size 4671606
[2026-07-08 07:29:16][CRITICAL] SIM_BRIDGE: Error during simulation step: index 4671884 is out of bounds for axis 0 with size 4671606
Traceback (most recent call last):
  File "E:\Documents\Projects\sim\sim\bridge.py", line 7080, in _run_one_simulation_step
    gain_here = self.cp_plasticity_rate_gain[stdp_active_indices]
                ~~~~~~~~~~~~~~~~~~~~~~~~~~~~^^^^^^^^^^^^^^^^^^^^^
IndexError: index 4671884 is out of bounds for axis 0 with size 4671606
[2026-07-08 07:29:16][CRITICAL] SIM_BRIDGE: Error during simulation step: index 4671617 is out of bounds for axis 0 with size 4671606
Traceback (most recent call last):
  File "E:\Documents\Projects\sim\sim\bridge.py", line 7080, in _run_one_simulation_step
    gain_here = self.cp_plasticity_rate_gain[stdp_active_indices]
                ~~~~~~~~~~~~~~~~~~~~~~~~~~~~^^^^^^^^^^^^^^^^^^^^^
IndexError: index 4671617 is out of bounds for axis 0 with size 4671606
[2026-07-08 07:29:16][CRITICAL] SIM_BRIDGE: Error during simulation step: index 4671622 is out of bounds for axis 0 with size 4671606
Traceback (most recent call last):
  File "E:\Documents\Projects\sim\sim\bridge.py", line 7080, in _run_one_simulation_step
    gain_here = self.cp_plasticity_rate_gain[stdp_active_indices]
                ~~~~~~~~~~~~~~~~~~~~~~~~~~~~^^^^^^^^^^^^^^^^^^^^^
IndexError: index 4671622 is out of bounds for axis 0 with size 4671606
[2026-07-08 07:29:16][CRITICAL] SIM_BRIDGE: Error during simulation step: index 4671772 is out of bounds for axis 0 with size 4671606
Traceback (most recent call last):
  File "E:\Documents\Projects\sim\sim\bridge.py", line 7080, in _run_one_simulation_step
    gain_here = self.cp_plasticity_rate_gain[stdp_active_indices]
                ~~~~~~~~~~~~~~~~~~~~~~~~~~~~^^^^^^^^^^^^^^^^^^^^^
IndexError: index 4671772 is out of bounds for axis 0 with size 4671606
[2026-07-08 07:29:16][CRITICAL] SIM_BRIDGE: Error during simulation step: index 4671622 is out of bounds for axis 0 with size 4671606
Traceback (most recent call last):
  File "E:\Documents\Projects\sim\sim\bridge.py", line 7080, in _run_one_simulation_step
    gain_here = self.cp_plasticity_rate_gain[stdp_active_indices]
                ~~~~~~~~~~~~~~~~~~~~~~~~~~~~^^^^^^^^^^^^^^^^^^^^^
IndexError: index 4671622 is out of bounds for axis 0 with size 4671606
[2026-07-08 07:29:16][CRITICAL] SIM_BRIDGE: Error during simulation step: index 4671608 is out of bounds for axis 0 with size 4671606
Traceback (most recent call last):
  File "E:\Documents\Projects\sim\sim\bridge.py", line 7080, in _run_one_simulation_step
    gain_here = self.cp_plasticity_rate_gain[stdp_active_indices]
                ~~~~~~~~~~~~~~~~~~~~~~~~~~~~^^^^^^^^^^^^^^^^^^^^^
IndexError: index 4671608 is out of bounds for axis 0 with size 4671606
[2026-07-08 07:29:16][CRITICAL] SIM_BRIDGE: Error during simulation step: index 4671614 is out of bounds for axis 0 with size 4671606
Traceback (most recent call last):
  File "E:\Documents\Projects\sim\sim\bridge.py", line 7080, in _run_one_simulation_step
    gain_here = self.cp_plasticity_rate_gain[stdp_active_indices]
                ~~~~~~~~~~~~~~~~~~~~~~~~~~~~^^^^^^^^^^^^^^^^^^^^^
IndexError: index 4671614 is out of bounds for axis 0 with size 4671606
[2026-07-08 07:29:16][CRITICAL] SIM_BRIDGE: Error during simulation step: index 4671608 is out of bounds for axis 0 with size 4671606
Traceback (most recent call last):
  File "E:\Documents\Projects\sim\sim\bridge.py", line 7080, in _run_one_simulation_step
    gain_here = self.cp_plasticity_rate_gain[stdp_active_indices]
                ~~~~~~~~~~~~~~~~~~~~~~~~~~~~^^^^^^^^^^^^^^^^^^^^^
IndexError: index 4671608 is out of bounds for axis 0 with size 4671606
[2026-07-08 07:29:16][CRITICAL] SIM_BRIDGE: Error during simulation step: index 4671614 is out of bounds for axis 0 with size 4671606
Traceback (most recent call last):
  File "E:\Documents\Projects\sim\sim\bridge.py", line 7080, in _run_one_simulation_step
    gain_here = self.cp_plasticity_rate_gain[stdp_active_indices]
                ~~~~~~~~~~~~~~~~~~~~~~~~~~~~^^^^^^^^^^^^^^^^^^^^^
IndexError: index 4671614 is out of bounds for axis 0 with size 4671606
[2026-07-08 07:29:16][CRITICAL] SIM_BRIDGE: Error during simulation step: index 4671615 is out of bounds for axis 0 with size 4671606
Traceback (most recent call last):
  File "E:\Documents\Projects\sim\sim\bridge.py", line 7080, in _run_one_simulation_step
    gain_here = self.cp_plasticity_rate_gain[stdp_active_indices]
                ~~~~~~~~~~~~~~~~~~~~~~~~~~~~^^^^^^^^^^^^^^^^^^^^^
IndexError: index 4671615 is out of bounds for axis 0 with size 4671606
[2026-07-08 07:29:16][CRITICAL] SIM_BRIDGE: Error during simulation step: index 4671614 is out of bounds for axis 0 with size 4671606
Traceback (most recent call last):
  File "E:\Documents\Projects\sim\sim\bridge.py", line 7080, in _run_one_simulation_step
    gain_here = self.cp_plasticity_rate_gain[stdp_active_indices]
                ~~~~~~~~~~~~~~~~~~~~~~~~~~~~^^^^^^^^^^^^^^^^^^^^^
IndexError: index 4671614 is out of bounds for axis 0 with size 4671606
[2026-07-08 07:29:16][CRITICAL] SIM_BRIDGE: Error during simulation step: index 4671615 is out of bounds for axis 0 with size 4671606
Traceback (most recent call last):
  File "E:\Documents\Projects\sim\sim\bridge.py", line 7080, in _run_one_simulation_step
    gain_here = self.cp_plasticity_rate_gain[stdp_active_indices]
                ~~~~~~~~~~~~~~~~~~~~~~~~~~~~^^^^^^^^^^^^^^^^^^^^^
IndexError: index 4671615 is out of bounds for axis 0 with size 4671606
[2026-07-08 07:29:16][CRITICAL] SIM_BRIDGE: Error during simulation step: index 4671614 is out of bounds for axis 0 with size 4671606
Traceback (most recent call last):
  File "E:\Documents\Projects\sim\sim\bridge.py", line 7080, in _run_one_simulation_step
    gain_here = self.cp_plasticity_rate_gain[stdp_active_indices]
                ~~~~~~~~~~~~~~~~~~~~~~~~~~~~^^^^^^^^^^^^^^^^^^^^^
IndexError: index 4671614 is out of bounds for axis 0 with size 4671606
[2026-07-08 07:29:16][CRITICAL] SIM_BRIDGE: Error during simulation step: index 4671615 is out of bounds for axis 0 with size 4671606
Traceback (most recent call last):
  File "E:\Documents\Projects\sim\sim\bridge.py", line 7080, in _run_one_simulation_step
    gain_here = self.cp_plasticity_rate_gain[stdp_active_indices]
                ~~~~~~~~~~~~~~~~~~~~~~~~~~~~^^^^^^^^^^^^^^^^^^^^^
IndexError: index 4671615 is out of bounds for axis 0 with size 4671606
[2026-07-08 07:29:16][CRITICAL] SIM_BRIDGE: Error during simulation step: index 4671614 is out of bounds for axis 0 with size 4671606
Traceback (most recent call last):
  File "E:\Documents\Projects\sim\sim\bridge.py", line 7080, in _run_one_simulation_step
    gain_here = self.cp_plasticity_rate_gain[stdp_active_indices]
                ~~~~~~~~~~~~~~~~~~~~~~~~~~~~^^^^^^^^^^^^^^^^^^^^^
IndexError: index 4671614 is out of bounds for axis 0 with size 4671606
[2026-07-08 07:29:17][CRITICAL] SIM_BRIDGE: Error during simulation step: index 4671615 is out of bounds for axis 0 with size 4671606
Traceback (most recent call last):
  File "E:\Documents\Projects\sim\sim\bridge.py", line 7080, in _run_one_simulation_step
    gain_here = self.cp_plasticity_rate_gain[stdp_active_indices]
                ~~~~~~~~~~~~~~~~~~~~~~~~~~~~^^^^^^^^^^^^^^^^^^^^^
IndexError: index 4671615 is out of bounds for axis 0 with size 4671606
[2026-07-08 07:29:17][CRITICAL] SIM_BRIDGE: Error during simulation step: index 4671614 is out of bounds for axis 0 with size 4671606
Traceback (most recent call last):
  File "E:\Documents\Projects\sim\sim\bridge.py", line 7080, in _run_one_simulation_step
    gain_here = self.cp_plasticity_rate_gain[stdp_active_indices]
                ~~~~~~~~~~~~~~~~~~~~~~~~~~~~^^^^^^^^^^^^^^^^^^^^^
IndexError: index 4671614 is out of bounds for axis 0 with size 4671606
[2026-07-08 07:29:17][CRITICAL] SIM_BRIDGE: Error during simulation step: index 4671615 is out of bounds for axis 0 with size 4671606
Traceback (most recent call last):
  File "E:\Documents\Projects\sim\sim\bridge.py", line 7080, in _run_one_simulation_step
    gain_here = self.cp_plasticity_rate_gain[stdp_active_indices]
                ~~~~~~~~~~~~~~~~~~~~~~~~~~~~^^^^^^^^^^^^^^^^^^^^^
IndexError: index 4671615 is out of bounds for axis 0 with size 4671606
[2026-07-08 07:29:17][CRITICAL] SIM_BRIDGE: Error during simulation step: index 4671614 is out of bounds for axis 0 with size 4671606
Traceback (most recent call last):
  File "E:\Documents\Projects\sim\sim\bridge.py", line 7080, in _run_one_simulation_step
    gain_here = self.cp_plasticity_rate_gain[stdp_active_indices]
                ~~~~~~~~~~~~~~~~~~~~~~~~~~~~^^^^^^^^^^^^^^^^^^^^^
IndexError: index 4671614 is out of bounds for axis 0 with size 4671606
[2026-07-08 07:29:17][CRITICAL] SIM_BRIDGE: Error during simulation step: index 4671615 is out of bounds for axis 0 with size 4671606
Traceback (most recent call last):
  File "E:\Documents\Projects\sim\sim\bridge.py", line 7080, in _run_one_simulation_step
    gain_here = self.cp_plasticity_rate_gain[stdp_active_indices]
                ~~~~~~~~~~~~~~~~~~~~~~~~~~~~^^^^^^^^^^^^^^^^^^^^^
IndexError: index 4671615 is out of bounds for axis 0 with size 4671606
[2026-07-08 07:29:17][CRITICAL] SIM_BRIDGE: Error during simulation step: index 4671614 is out of bounds for axis 0 with size 4671606
Traceback (most recent call last):
  File "E:\Documents\Projects\sim\sim\bridge.py", line 7080, in _run_one_simulation_step
    gain_here = self.cp_plasticity_rate_gain[stdp_active_indices]
                ~~~~~~~~~~~~~~~~~~~~~~~~~~~~^^^^^^^^^^^^^^^^^^^^^
IndexError: index 4671614 is out of bounds for axis 0 with size 4671606
[2026-07-08 07:29:17][CRITICAL] SIM_BRIDGE: Error during simulation step: index 4671615 is out of bounds for axis 0 with size 4671606
Traceback (most recent call last):
  File "E:\Documents\Projects\sim\sim\bridge.py", line 7080, in _run_one_simulation_step
    gain_here = self.cp_plasticity_rate_gain[stdp_active_indices]
                ~~~~~~~~~~~~~~~~~~~~~~~~~~~~^^^^^^^^^^^^^^^^^^^^^
IndexError: index 4671615 is out of bounds for axis 0 with size 4671606
[2026-07-08 07:29:17][CRITICAL] SIM_BRIDGE: Error during simulation step: index 4671614 is out of bounds for axis 0 with size 4671606
Traceback (most recent call last):
  File "E:\Documents\Projects\sim\sim\bridge.py", line 7080, in _run_one_simulation_step
    gain_here = self.cp_plasticity_rate_gain[stdp_active_indices]
                ~~~~~~~~~~~~~~~~~~~~~~~~~~~~^^^^^^^^^^^^^^^^^^^^^
IndexError: index 4671614 is out of bounds for axis 0 with size 4671606
[2026-07-08 07:29:17][CRITICAL] SIM_BRIDGE: Error during simulation step: index 4671615 is out of bounds for axis 0 with size 4671606
Traceback (most recent call last):
  File "E:\Documents\Projects\sim\sim\bridge.py", line 7080, in _run_one_simulation_step
    gain_here = self.cp_plasticity_rate_gain[stdp_active_indices]
                ~~~~~~~~~~~~~~~~~~~~~~~~~~~~^^^^^^^^^^^^^^^^^^^^^
IndexError: index 4671615 is out of bounds for axis 0 with size 4671606
[2026-07-08 07:29:17][CRITICAL] SIM_BRIDGE: Error during simulation step: index 4671618 is out of bounds for axis 0 with size 4671606
Traceback (most recent call last):
  File "E:\Documents\Projects\sim\sim\bridge.py", line 7080, in _run_one_simulation_step
    gain_here = self.cp_plasticity_rate_gain[stdp_active_indices]
                ~~~~~~~~~~~~~~~~~~~~~~~~~~~~^^^^^^^^^^^^^^^^^^^^^
IndexError: index 4671618 is out of bounds for axis 0 with size 4671606
[2026-07-08 07:29:17][CRITICAL] SIM_BRIDGE: Error during simulation step: index 4671614 is out of bounds for axis 0 with size 4671606
Traceback (most recent call last):
  File "E:\Documents\Projects\sim\sim\bridge.py", line 7080, in _run_one_simulation_step
    gain_here = self.cp_plasticity_rate_gain[stdp_active_indices]
                ~~~~~~~~~~~~~~~~~~~~~~~~~~~~^^^^^^^^^^^^^^^^^^^^^
IndexError: index 4671614 is out of bounds for axis 0 with size 4671606
[2026-07-08 07:29:17][CRITICAL] SIM_BRIDGE: Error during simulation step: index 4671618 is out of bounds for axis 0 with size 4671606
Traceback (most recent call last):
  File "E:\Documents\Projects\sim\sim\bridge.py", line 7080, in _run_one_simulation_step
    gain_here = self.cp_plasticity_rate_gain[stdp_active_indices]
                ~~~~~~~~~~~~~~~~~~~~~~~~~~~~^^^^^^^^^^^^^^^^^^^^^
IndexError: index 4671618 is out of bounds for axis 0 with size 4671606
[2026-07-08 07:29:17][CRITICAL] SIM_BRIDGE: Error during simulation step: index 4671615 is out of bounds for axis 0 with size 4671606
Traceback (most recent call last):
  File "E:\Documents\Projects\sim\sim\bridge.py", line 7080, in _run_one_simulation_step
    gain_here = self.cp_plasticity_rate_gain[stdp_active_indices]
                ~~~~~~~~~~~~~~~~~~~~~~~~~~~~^^^^^^^^^^^^^^^^^^^^^
IndexError: index 4671615 is out of bounds for axis 0 with size 4671606
[2026-07-08 07:29:17][CRITICAL] SIM_BRIDGE: Error during simulation step: index 4671614 is out of bounds for axis 0 with size 4671606
Traceback (most recent call last):
  File "E:\Documents\Projects\sim\sim\bridge.py", line 7080, in _run_one_simulation_step
    gain_here = self.cp_plasticity_rate_gain[stdp_active_indices]
                ~~~~~~~~~~~~~~~~~~~~~~~~~~~~^^^^^^^^^^^^^^^^^^^^^
IndexError: index 4671614 is out of bounds for axis 0 with size 4671606
[2026-07-08 07:29:17][CRITICAL] SIM_BRIDGE: Error during simulation step: index 4671615 is out of bounds for axis 0 with size 4671606
Traceback (most recent call last):
  File "E:\Documents\Projects\sim\sim\bridge.py", line 7080, in _run_one_simulation_step
    gain_here = self.cp_plasticity_rate_gain[stdp_active_indices]
                ~~~~~~~~~~~~~~~~~~~~~~~~~~~~^^^^^^^^^^^^^^^^^^^^^
IndexError: index 4671615 is out of bounds for axis 0 with size 4671606
[2026-07-08 07:29:17][CRITICAL] SIM_BRIDGE: Error during simulation step: index 4671618 is out of bounds for axis 0 with size 4671606
Traceback (most recent call last):
  File "E:\Documents\Projects\sim\sim\bridge.py", line 7080, in _run_one_simulation_step
    gain_here = self.cp_plasticity_rate_gain[stdp_active_indices]
                ~~~~~~~~~~~~~~~~~~~~~~~~~~~~^^^^^^^^^^^^^^^^^^^^^
IndexError: index 4671618 is out of bounds for axis 0 with size 4671606
[2026-07-08 07:29:17][CRITICAL] SIM_BRIDGE: Error during simulation step: index 4671614 is out of bounds for axis 0 with size 4671606
Traceback (most recent call last):
  File "E:\Documents\Projects\sim\sim\bridge.py", line 7080, in _run_one_simulation_step
    gain_here = self.cp_plasticity_rate_gain[stdp_active_indices]
                ~~~~~~~~~~~~~~~~~~~~~~~~~~~~^^^^^^^^^^^^^^^^^^^^^
IndexError: index 4671614 is out of bounds for axis 0 with size 4671606
[2026-07-08 07:29:18][CRITICAL] SIM_BRIDGE: Error during simulation step: index 4671618 is out of bounds for axis 0 with size 4671606
Traceback (most recent call last):
  File "E:\Documents\Projects\sim\sim\bridge.py", line 7080, in _run_one_simulation_step
    gain_here = self.cp_plasticity_rate_gain[stdp_active_indices]
                ~~~~~~~~~~~~~~~~~~~~~~~~~~~~^^^^^^^^^^^^^^^^^^^^^
IndexError: index 4671618 is out of bounds for axis 0 with size 4671606
[2026-07-08 07:29:18][CRITICAL] SIM_BRIDGE: Error during simulation step: index 4671615 is out of bounds for axis 0 with size 4671606
Traceback (most recent call last):
  File "E:\Documents\Projects\sim\sim\bridge.py", line 7080, in _run_one_simulation_step
    gain_here = self.cp_plasticity_rate_gain[stdp_active_indices]
                ~~~~~~~~~~~~~~~~~~~~~~~~~~~~^^^^^^^^^^^^^^^^^^^^^
IndexError: index 4671615 is out of bounds for axis 0 with size 4671606
[2026-07-08 07:29:18][CRITICAL] SIM_BRIDGE: Error during simulation step: index 4671614 is out of bounds for axis 0 with size 4671606
Traceback (most recent call last):
  File "E:\Documents\Projects\sim\sim\bridge.py", line 7080, in _run_one_simulation_step
    gain_here = self.cp_plasticity_rate_gain[stdp_active_indices]
                ~~~~~~~~~~~~~~~~~~~~~~~~~~~~^^^^^^^^^^^^^^^^^^^^^
IndexError: index 4671614 is out of bounds for axis 0 with size 4671606
[2026-07-08 07:29:18][CRITICAL] SIM_BRIDGE: Error during simulation step: index 4671615 is out of bounds for axis 0 with size 4671606
Traceback (most recent call last):
  File "E:\Documents\Projects\sim\sim\bridge.py", line 7080, in _run_one_simulation_step
    gain_here = self.cp_plasticity_rate_gain[stdp_active_indices]
                ~~~~~~~~~~~~~~~~~~~~~~~~~~~~^^^^^^^^^^^^^^^^^^^^^
IndexError: index 4671615 is out of bounds for axis 0 with size 4671606
[2026-07-08 07:29:18][CRITICAL] SIM_BRIDGE: Error during simulation step: index 4671618 is out of bounds for axis 0 with size 4671606
Traceback (most recent call last):
  File "E:\Documents\Projects\sim\sim\bridge.py", line 7080, in _run_one_simulation_step
    gain_here = self.cp_plasticity_rate_gain[stdp_active_indices]
                ~~~~~~~~~~~~~~~~~~~~~~~~~~~~^^^^^^^^^^^^^^^^^^^^^
IndexError: index 4671618 is out of bounds for axis 0 with size 4671606
[2026-07-08 07:29:18][CRITICAL] SIM_BRIDGE: Error during simulation step: index 4671614 is out of bounds for axis 0 with size 4671606
Traceback (most recent call last):
  File "E:\Documents\Projects\sim\sim\bridge.py", line 7080, in _run_one_simulation_step
    gain_here = self.cp_plasticity_rate_gain[stdp_active_indices]
                ~~~~~~~~~~~~~~~~~~~~~~~~~~~~^^^^^^^^^^^^^^^^^^^^^
IndexError: index 4671614 is out of bounds for axis 0 with size 4671606
[2026-07-08 07:29:18][CRITICAL] SIM_BRIDGE: Error during simulation step: index 4671618 is out of bounds for axis 0 with size 4671606
Traceback (most recent call last):
  File "E:\Documents\Projects\sim\sim\bridge.py", line 7080, in _run_one_simulation_step
    gain_here = self.cp_plasticity_rate_gain[stdp_active_indices]
                ~~~~~~~~~~~~~~~~~~~~~~~~~~~~^^^^^^^^^^^^^^^^^^^^^
IndexError: index 4671618 is out of bounds for axis 0 with size 4671606
[2026-07-08 07:29:18][CRITICAL] SIM_BRIDGE: Error during simulation step: index 4671615 is out of bounds for axis 0 with size 4671606
Traceback (most recent call last):
  File "E:\Documents\Projects\sim\sim\bridge.py", line 7080, in _run_one_simulation_step
    gain_here = self.cp_plasticity_rate_gain[stdp_active_indices]
                ~~~~~~~~~~~~~~~~~~~~~~~~~~~~^^^^^^^^^^^^^^^^^^^^^
IndexError: index 4671615 is out of bounds for axis 0 with size 4671606
[2026-07-08 07:29:18][CRITICAL] SIM_BRIDGE: Error during simulation step: index 4671618 is out of bounds for axis 0 with size 4671606
Traceback (most recent call last):
  File "E:\Documents\Projects\sim\sim\bridge.py", line 7080, in _run_one_simulation_step
    gain_here = self.cp_plasticity_rate_gain[stdp_active_indices]
                ~~~~~~~~~~~~~~~~~~~~~~~~~~~~^^^^^^^^^^^^^^^^^^^^^
IndexError: index 4671618 is out of bounds for axis 0 with size 4671606
[2026-07-08 07:29:18][CRITICAL] SIM_BRIDGE: Error during simulation step: index 4671614 is out of bounds for axis 0 with size 4671606
Traceback (most recent call last):
  File "E:\Documents\Projects\sim\sim\bridge.py", line 7080, in _run_one_simulation_step
    gain_here = self.cp_plasticity_rate_gain[stdp_active_indices]
                ~~~~~~~~~~~~~~~~~~~~~~~~~~~~^^^^^^^^^^^^^^^^^^^^^
IndexError: index 4671614 is out of bounds for axis 0 with size 4671606
[2026-07-08 07:29:18][CRITICAL] SIM_BRIDGE: Error during simulation step: index 4671618 is out of bounds for axis 0 with size 4671606
Traceback (most recent call last):
  File "E:\Documents\Projects\sim\sim\bridge.py", line 7080, in _run_one_simulation_step
    gain_here = self.cp_plasticity_rate_gain[stdp_active_indices]
                ~~~~~~~~~~~~~~~~~~~~~~~~~~~~^^^^^^^^^^^^^^^^^^^^^
IndexError: index 4671618 is out of bounds for axis 0 with size 4671606
[2026-07-08 07:29:18][CRITICAL] SIM_BRIDGE: Error during simulation step: index 4671608 is out of bounds for axis 0 with size 4671606
Traceback (most recent call last):
  File "E:\Documents\Projects\sim\sim\bridge.py", line 7080, in _run_one_simulation_step
    gain_here = self.cp_plasticity_rate_gain[stdp_active_indices]
                ~~~~~~~~~~~~~~~~~~~~~~~~~~~~^^^^^^^^^^^^^^^^^^^^^
IndexError: index 4671608 is out of bounds for axis 0 with size 4671606
[2026-07-08 07:29:18][CRITICAL] SIM_BRIDGE: Error during simulation step: index 4671618 is out of bounds for axis 0 with size 4671606
Traceback (most recent call last):
  File "E:\Documents\Projects\sim\sim\bridge.py", line 7080, in _run_one_simulation_step
    gain_here = self.cp_plasticity_rate_gain[stdp_active_indices]
                ~~~~~~~~~~~~~~~~~~~~~~~~~~~~^^^^^^^^^^^^^^^^^^^^^
IndexError: index 4671618 is out of bounds for axis 0 with size 4671606
[2026-07-08 07:29:18][CRITICAL] SIM_BRIDGE: Error during simulation step: index 4671608 is out of bounds for axis 0 with size 4671606
Traceback (most recent call last):
  File "E:\Documents\Projects\sim\sim\bridge.py", line 7080, in _run_one_simulation_step
    gain_here = self.cp_plasticity_rate_gain[stdp_active_indices]
                ~~~~~~~~~~~~~~~~~~~~~~~~~~~~^^^^^^^^^^^^^^^^^^^^^
IndexError: index 4671608 is out of bounds for axis 0 with size 4671606
[2026-07-08 07:29:18][CRITICAL] SIM_BRIDGE: Error during simulation step: index 4671618 is out of bounds for axis 0 with size 4671606
Traceback (most recent call last):
  File "E:\Documents\Projects\sim\sim\bridge.py", line 7080, in _run_one_simulation_step
    gain_here = self.cp_plasticity_rate_gain[stdp_active_indices]
                ~~~~~~~~~~~~~~~~~~~~~~~~~~~~^^^^^^^^^^^^^^^^^^^^^
IndexError: index 4671618 is out of bounds for axis 0 with size 4671606
[2026-07-08 07:29:18][CRITICAL] SIM_BRIDGE: Error during simulation step: index 4671608 is out of bounds for axis 0 with size 4671606
Traceback (most recent call last):
  File "E:\Documents\Projects\sim\sim\bridge.py", line 7080, in _run_one_simulation_step
    gain_here = self.cp_plasticity_rate_gain[stdp_active_indices]
                ~~~~~~~~~~~~~~~~~~~~~~~~~~~~^^^^^^^^^^^^^^^^^^^^^
IndexError: index 4671608 is out of bounds for axis 0 with size 4671606
[2026-07-08 07:29:18][CRITICAL] SIM_BRIDGE: Error during simulation step: index 4671618 is out of bounds for axis 0 with size 4671606
Traceback (most recent call last):
  File "E:\Documents\Projects\sim\sim\bridge.py", line 7080, in _run_one_simulation_step
    gain_here = self.cp_plasticity_rate_gain[stdp_active_indices]
                ~~~~~~~~~~~~~~~~~~~~~~~~~~~~^^^^^^^^^^^^^^^^^^^^^
IndexError: index 4671618 is out of bounds for axis 0 with size 4671606
[2026-07-08 07:29:18][CRITICAL] SIM_BRIDGE: Error during simulation step: index 4671608 is out of bounds for axis 0 with size 4671606
Traceback (most recent call last):
  File "E:\Documents\Projects\sim\sim\bridge.py", line 7080, in _run_one_simulation_step
    gain_here = self.cp_plasticity_rate_gain[stdp_active_indices]
                ~~~~~~~~~~~~~~~~~~~~~~~~~~~~^^^^^^^^^^^^^^^^^^^^^
IndexError: index 4671608 is out of bounds for axis 0 with size 4671606
[2026-07-08 07:29:19][CRITICAL] SIM_BRIDGE: Error during simulation step: index 4671618 is out of bounds for axis 0 with size 4671606
Traceback (most recent call last):
  File "E:\Documents\Projects\sim\sim\bridge.py", line 7080, in _run_one_simulation_step
    gain_here = self.cp_plasticity_rate_gain[stdp_active_indices]
                ~~~~~~~~~~~~~~~~~~~~~~~~~~~~^^^^^^^^^^^^^^^^^^^^^
IndexError: index 4671618 is out of bounds for axis 0 with size 4671606
[2026-07-08 07:29:19][CRITICAL] SIM_BRIDGE: Error during simulation step: index 4671615 is out of bounds for axis 0 with size 4671606
Traceback (most recent call last):
  File "E:\Documents\Projects\sim\sim\bridge.py", line 7080, in _run_one_simulation_step
    gain_here = self.cp_plasticity_rate_gain[stdp_active_indices]
                ~~~~~~~~~~~~~~~~~~~~~~~~~~~~^^^^^^^^^^^^^^^^^^^^^
IndexError: index 4671615 is out of bounds for axis 0 with size 4671606
[2026-07-08 07:29:19][CRITICAL] SIM_BRIDGE: Error during simulation step: index 4671620 is out of bounds for axis 0 with size 4671606
Traceback (most recent call last):
  File "E:\Documents\Projects\sim\sim\bridge.py", line 7080, in _run_one_simulation_step
    gain_here = self.cp_plasticity_rate_gain[stdp_active_indices]
                ~~~~~~~~~~~~~~~~~~~~~~~~~~~~^^^^^^^^^^^^^^^^^^^^^
IndexError: index 4671620 is out of bounds for axis 0 with size 4671606
[2026-07-08 07:29:19][CRITICAL] SIM_BRIDGE: Error during simulation step: index 4671614 is out of bounds for axis 0 with size 4671606
Traceback (most recent call last):
  File "E:\Documents\Projects\sim\sim\bridge.py", line 7080, in _run_one_simulation_step
    gain_here = self.cp_plasticity_rate_gain[stdp_active_indices]
                ~~~~~~~~~~~~~~~~~~~~~~~~~~~~^^^^^^^^^^^^^^^^^^^^^
IndexError: index 4671614 is out of bounds for axis 0 with size 4671606
[2026-07-08 07:29:19][CRITICAL] SIM_BRIDGE: Error during simulation step: index 4671618 is out of bounds for axis 0 with size 4671606
Traceback (most recent call last):
  File "E:\Documents\Projects\sim\sim\bridge.py", line 7080, in _run_one_simulation_step
    gain_here = self.cp_plasticity_rate_gain[stdp_active_indices]
                ~~~~~~~~~~~~~~~~~~~~~~~~~~~~^^^^^^^^^^^^^^^^^^^^^
IndexError: index 4671618 is out of bounds for axis 0 with size 4671606
[2026-07-08 07:29:19][CRITICAL] SIM_BRIDGE: Error during simulation step: index 4671615 is out of bounds for axis 0 with size 4671606
Traceback (most recent call last):
  File "E:\Documents\Projects\sim\sim\bridge.py", line 7080, in _run_one_simulation_step
    gain_here = self.cp_plasticity_rate_gain[stdp_active_indices]
                ~~~~~~~~~~~~~~~~~~~~~~~~~~~~^^^^^^^^^^^^^^^^^^^^^
IndexError: index 4671615 is out of bounds for axis 0 with size 4671606
[2026-07-08 07:29:19][CRITICAL] SIM_BRIDGE: Error during simulation step: index 4671620 is out of bounds for axis 0 with size 4671606
Traceback (most recent call last):
  File "E:\Documents\Projects\sim\sim\bridge.py", line 7080, in _run_one_simulation_step
    gain_here = self.cp_plasticity_rate_gain[stdp_active_indices]
                ~~~~~~~~~~~~~~~~~~~~~~~~~~~~^^^^^^^^^^^^^^^^^^^^^
IndexError: index 4671620 is out of bounds for axis 0 with size 4671606
[2026-07-08 07:29:19][CRITICAL] SIM_BRIDGE: Error during simulation step: index 4671615 is out of bounds for axis 0 with size 4671606
Traceback (most recent call last):
  File "E:\Documents\Projects\sim\sim\bridge.py", line 7080, in _run_one_simulation_step
    gain_here = self.cp_plasticity_rate_gain[stdp_active_indices]
                ~~~~~~~~~~~~~~~~~~~~~~~~~~~~^^^^^^^^^^^^^^^^^^^^^
IndexError: index 4671615 is out of bounds for axis 0 with size 4671606
[2026-07-08 07:29:19][CRITICAL] SIM_BRIDGE: Error during simulation step: index 4671614 is out of bounds for axis 0 with size 4671606
Traceback (most recent call last):
  File "E:\Documents\Projects\sim\sim\bridge.py", line 7080, in _run_one_simulation_step
    gain_here = self.cp_plasticity_rate_gain[stdp_active_indices]
                ~~~~~~~~~~~~~~~~~~~~~~~~~~~~^^^^^^^^^^^^^^^^^^^^^
IndexError: index 4671614 is out of bounds for axis 0 with size 4671606
[2026-07-08 07:29:19][CRITICAL] SIM_BRIDGE: Error during simulation step: index 4671615 is out of bounds for axis 0 with size 4671606
Traceback (most recent call last):
  File "E:\Documents\Projects\sim\sim\bridge.py", line 7080, in _run_one_simulation_step
    gain_here = self.cp_plasticity_rate_gain[stdp_active_indices]
                ~~~~~~~~~~~~~~~~~~~~~~~~~~~~^^^^^^^^^^^^^^^^^^^^^
IndexError: index 4671615 is out of bounds for axis 0 with size 4671606
[2026-07-08 07:29:19][CRITICAL] SIM_BRIDGE: Error during simulation step: index 4671620 is out of bounds for axis 0 with size 4671606
Traceback (most recent call last):
  File "E:\Documents\Projects\sim\sim\bridge.py", line 7080, in _run_one_simulation_step
    gain_here = self.cp_plasticity_rate_gain[stdp_active_indices]
                ~~~~~~~~~~~~~~~~~~~~~~~~~~~~^^^^^^^^^^^^^^^^^^^^^
IndexError: index 4671620 is out of bounds for axis 0 with size 4671606
[2026-07-08 07:29:19][CRITICAL] SIM_BRIDGE: Error during simulation step: index 4671615 is out of bounds for axis 0 with size 4671606
Traceback (most recent call last):
  File "E:\Documents\Projects\sim\sim\bridge.py", line 7080, in _run_one_simulation_step
    gain_here = self.cp_plasticity_rate_gain[stdp_active_indices]
                ~~~~~~~~~~~~~~~~~~~~~~~~~~~~^^^^^^^^^^^^^^^^^^^^^
IndexError: index 4671615 is out of bounds for axis 0 with size 4671606
[2026-07-08 07:29:19][CRITICAL] SIM_BRIDGE: Error during simulation step: index 4671621 is out of bounds for axis 0 with size 4671606
Traceback (most recent call last):
  File "E:\Documents\Projects\sim\sim\bridge.py", line 7080, in _run_one_simulation_step
    gain_here = self.cp_plasticity_rate_gain[stdp_active_indices]
                ~~~~~~~~~~~~~~~~~~~~~~~~~~~~^^^^^^^^^^^^^^^^^^^^^
IndexError: index 4671621 is out of bounds for axis 0 with size 4671606
[2026-07-08 07:29:19][CRITICAL] SIM_BRIDGE: Error during simulation step: index 4671615 is out of bounds for axis 0 with size 4671606
Traceback (most recent call last):
  File "E:\Documents\Projects\sim\sim\bridge.py", line 7080, in _run_one_simulation_step
    gain_here = self.cp_plasticity_rate_gain[stdp_active_indices]
                ~~~~~~~~~~~~~~~~~~~~~~~~~~~~^^^^^^^^^^^^^^^^^^^^^
IndexError: index 4671615 is out of bounds for axis 0 with size 4671606
[2026-07-08 07:29:19][CRITICAL] SIM_BRIDGE: Error during simulation step: index 4671614 is out of bounds for axis 0 with size 4671606
Traceback (most recent call last):
  File "E:\Documents\Projects\sim\sim\bridge.py", line 7080, in _run_one_simulation_step
    gain_here = self.cp_plasticity_rate_gain[stdp_active_indices]
                ~~~~~~~~~~~~~~~~~~~~~~~~~~~~^^^^^^^^^^^^^^^^^^^^^
IndexError: index 4671614 is out of bounds for axis 0 with size 4671606
[2026-07-08 07:29:19][CRITICAL] SIM_BRIDGE: Error during simulation step: index 4671616 is out of bounds for axis 0 with size 4671606
Traceback (most recent call last):
  File "E:\Documents\Projects\sim\sim\bridge.py", line 7080, in _run_one_simulation_step
    gain_here = self.cp_plasticity_rate_gain[stdp_active_indices]
                ~~~~~~~~~~~~~~~~~~~~~~~~~~~~^^^^^^^^^^^^^^^^^^^^^
IndexError: index 4671616 is out of bounds for axis 0 with size 4671606
[2026-07-08 07:29:19][CRITICAL] SIM_BRIDGE: Error during simulation step: index 4671619 is out of bounds for axis 0 with size 4671606
Traceback (most recent call last):
  File "E:\Documents\Projects\sim\sim\bridge.py", line 7080, in _run_one_simulation_step
    gain_here = self.cp_plasticity_rate_gain[stdp_active_indices]
                ~~~~~~~~~~~~~~~~~~~~~~~~~~~~^^^^^^^^^^^^^^^^^^^^^
IndexError: index 4671619 is out of bounds for axis 0 with size 4671606
[2026-07-08 07:29:19][CRITICAL] SIM_BRIDGE: Error during simulation step: index 4671608 is out of bounds for axis 0 with size 4671606
Traceback (most recent call last):
  File "E:\Documents\Projects\sim\sim\bridge.py", line 7080, in _run_one_simulation_step
    gain_here = self.cp_plasticity_rate_gain[stdp_active_indices]
                ~~~~~~~~~~~~~~~~~~~~~~~~~~~~^^^^^^^^^^^^^^^^^^^^^
IndexError: index 4671608 is out of bounds for axis 0 with size 4671606
[2026-07-08 07:29:20][CRITICAL] SIM_BRIDGE: Error during simulation step: index 4671618 is out of bounds for axis 0 with size 4671606
Traceback (most recent call last):
  File "E:\Documents\Projects\sim\sim\bridge.py", line 7080, in _run_one_simulation_step
    gain_here = self.cp_plasticity_rate_gain[stdp_active_indices]
                ~~~~~~~~~~~~~~~~~~~~~~~~~~~~^^^^^^^^^^^^^^^^^^^^^
IndexError: index 4671618 is out of bounds for axis 0 with size 4671606
[2026-07-08 07:29:20][CRITICAL] SIM_BRIDGE: Error during simulation step: index 4671608 is out of bounds for axis 0 with size 4671606
Traceback (most recent call last):
  File "E:\Documents\Projects\sim\sim\bridge.py", line 7080, in _run_one_simulation_step
    gain_here = self.cp_plasticity_rate_gain[stdp_active_indices]
                ~~~~~~~~~~~~~~~~~~~~~~~~~~~~^^^^^^^^^^^^^^^^^^^^^
IndexError: index 4671608 is out of bounds for axis 0 with size 4671606
[2026-07-08 07:29:20][CRITICAL] SIM_BRIDGE: Error during simulation step: index 4671614 is out of bounds for axis 0 with size 4671606
Traceback (most recent call last):
  File "E:\Documents\Projects\sim\sim\bridge.py", line 7080, in _run_one_simulation_step
    gain_here = self.cp_plasticity_rate_gain[stdp_active_indices]
                ~~~~~~~~~~~~~~~~~~~~~~~~~~~~^^^^^^^^^^^^^^^^^^^^^
IndexError: index 4671614 is out of bounds for axis 0 with size 4671606
[2026-07-08 07:29:20][CRITICAL] SIM_BRIDGE: Error during simulation step: index 4671608 is out of bounds for axis 0 with size 4671606
Traceback (most recent call last):
  File "E:\Documents\Projects\sim\sim\bridge.py", line 7080, in _run_one_simulation_step
    gain_here = self.cp_plasticity_rate_gain[stdp_active_indices]
                ~~~~~~~~~~~~~~~~~~~~~~~~~~~~^^^^^^^^^^^^^^^^^^^^^
IndexError: index 4671608 is out of bounds for axis 0 with size 4671606
[2026-07-08 07:29:20][CRITICAL] SIM_BRIDGE: Error during simulation step: index 4671618 is out of bounds for axis 0 with size 4671606
Traceback (most recent call last):
  File "E:\Documents\Projects\sim\sim\bridge.py", line 7080, in _run_one_simulation_step
    gain_here = self.cp_plasticity_rate_gain[stdp_active_indices]
                ~~~~~~~~~~~~~~~~~~~~~~~~~~~~^^^^^^^^^^^^^^^^^^^^^
IndexError: index 4671618 is out of bounds for axis 0 with size 4671606
[2026-07-08 07:29:20][CRITICAL] SIM_BRIDGE: Error during simulation step: index 4671608 is out of bounds for axis 0 with size 4671606
Traceback (most recent call last):
  File "E:\Documents\Projects\sim\sim\bridge.py", line 7080, in _run_one_simulation_step
    gain_here = self.cp_plasticity_rate_gain[stdp_active_indices]
                ~~~~~~~~~~~~~~~~~~~~~~~~~~~~^^^^^^^^^^^^^^^^^^^^^
IndexError: index 4671608 is out of bounds for axis 0 with size 4671606
[2026-07-08 07:29:20][CRITICAL] SIM_BRIDGE: Error during simulation step: index 4671624 is out of bounds for axis 0 with size 4671606
Traceback (most recent call last):
  File "E:\Documents\Projects\sim\sim\bridge.py", line 7080, in _run_one_simulation_step
    gain_here = self.cp_plasticity_rate_gain[stdp_active_indices]
                ~~~~~~~~~~~~~~~~~~~~~~~~~~~~^^^^^^^^^^^^^^^^^^^^^
IndexError: index 4671624 is out of bounds for axis 0 with size 4671606
[2026-07-08 07:29:20][CRITICAL] SIM_BRIDGE: Error during simulation step: index 4671614 is out of bounds for axis 0 with size 4671606
Traceback (most recent call last):
  File "E:\Documents\Projects\sim\sim\bridge.py", line 7080, in _run_one_simulation_step
    gain_here = self.cp_plasticity_rate_gain[stdp_active_indices]
                ~~~~~~~~~~~~~~~~~~~~~~~~~~~~^^^^^^^^^^^^^^^^^^^^^
IndexError: index 4671614 is out of bounds for axis 0 with size 4671606
[2026-07-08 07:29:20][CRITICAL] SIM_BRIDGE: Error during simulation step: index 4671619 is out of bounds for axis 0 with size 4671606
Traceback (most recent call last):
  File "E:\Documents\Projects\sim\sim\bridge.py", line 7080, in _run_one_simulation_step
    gain_here = self.cp_plasticity_rate_gain[stdp_active_indices]
                ~~~~~~~~~~~~~~~~~~~~~~~~~~~~^^^^^^^^^^^^^^^^^^^^^
IndexError: index 4671619 is out of bounds for axis 0 with size 4671606
[2026-07-08 07:29:20][CRITICAL] SIM_BRIDGE: Error during simulation step: index 4671617 is out of bounds for axis 0 with size 4671606
Traceback (most recent call last):
  File "E:\Documents\Projects\sim\sim\bridge.py", line 7080, in _run_one_simulation_step
    gain_here = self.cp_plasticity_rate_gain[stdp_active_indices]
                ~~~~~~~~~~~~~~~~~~~~~~~~~~~~^^^^^^^^^^^^^^^^^^^^^
IndexError: index 4671617 is out of bounds for axis 0 with size 4671606
[2026-07-08 07:29:20][CRITICAL] SIM_BRIDGE: Error during simulation step: index 4671621 is out of bounds for axis 0 with size 4671606
Traceback (most recent call last):
  File "E:\Documents\Projects\sim\sim\bridge.py", line 7080, in _run_one_simulation_step
    gain_here = self.cp_plasticity_rate_gain[stdp_active_indices]
                ~~~~~~~~~~~~~~~~~~~~~~~~~~~~^^^^^^^^^^^^^^^^^^^^^
IndexError: index 4671621 is out of bounds for axis 0 with size 4671606
[2026-07-08 07:29:20][CRITICAL] SIM_BRIDGE: Error during simulation step: index 4671619 is out of bounds for axis 0 with size 4671606
Traceback (most recent call last):
  File "E:\Documents\Projects\sim\sim\bridge.py", line 7080, in _run_one_simulation_step
    gain_here = self.cp_plasticity_rate_gain[stdp_active_indices]
                ~~~~~~~~~~~~~~~~~~~~~~~~~~~~^^^^^^^^^^^^^^^^^^^^^
IndexError: index 4671619 is out of bounds for axis 0 with size 4671606
[2026-07-08 07:29:20][CRITICAL] SIM_BRIDGE: Error during simulation step: index 4671614 is out of bounds for axis 0 with size 4671606
Traceback (most recent call last):
  File "E:\Documents\Projects\sim\sim\bridge.py", line 7080, in _run_one_simulation_step
    gain_here = self.cp_plasticity_rate_gain[stdp_active_indices]
                ~~~~~~~~~~~~~~~~~~~~~~~~~~~~^^^^^^^^^^^^^^^^^^^^^
IndexError: index 4671614 is out of bounds for axis 0 with size 4671606
[2026-07-08 07:29:20][CRITICAL] SIM_BRIDGE: Error during simulation step: index 4671617 is out of bounds for axis 0 with size 4671606
Traceback (most recent call last):
  File "E:\Documents\Projects\sim\sim\bridge.py", line 7080, in _run_one_simulation_step
    gain_here = self.cp_plasticity_rate_gain[stdp_active_indices]
                ~~~~~~~~~~~~~~~~~~~~~~~~~~~~^^^^^^^^^^^^^^^^^^^^^
IndexError: index 4671617 is out of bounds for axis 0 with size 4671606
[2026-07-08 07:29:20][CRITICAL] SIM_BRIDGE: Error during simulation step: index 4671619 is out of bounds for axis 0 with size 4671606
Traceback (most recent call last):
  File "E:\Documents\Projects\sim\sim\bridge.py", line 7080, in _run_one_simulation_step
    gain_here = self.cp_plasticity_rate_gain[stdp_active_indices]
                ~~~~~~~~~~~~~~~~~~~~~~~~~~~~^^^^^^^^^^^^^^^^^^^^^
IndexError: index 4671619 is out of bounds for axis 0 with size 4671606
[2026-07-08 07:29:20][CRITICAL] SIM_BRIDGE: Error during simulation step: index 4671616 is out of bounds for axis 0 with size 4671606
Traceback (most recent call last):
  File "E:\Documents\Projects\sim\sim\bridge.py", line 7080, in _run_one_simulation_step
    gain_here = self.cp_plasticity_rate_gain[stdp_active_indices]
                ~~~~~~~~~~~~~~~~~~~~~~~~~~~~^^^^^^^^^^^^^^^^^^^^^
IndexError: index 4671616 is out of bounds for axis 0 with size 4671606
[2026-07-08 07:29:20][CRITICAL] SIM_BRIDGE: Error during simulation step: index 4671617 is out of bounds for axis 0 with size 4671606
Traceback (most recent call last):
  File "E:\Documents\Projects\sim\sim\bridge.py", line 7080, in _run_one_simulation_step
    gain_here = self.cp_plasticity_rate_gain[stdp_active_indices]
                ~~~~~~~~~~~~~~~~~~~~~~~~~~~~^^^^^^^^^^^^^^^^^^^^^
IndexError: index 4671617 is out of bounds for axis 0 with size 4671606
[2026-07-08 07:29:20][CRITICAL] SIM_BRIDGE: Error during simulation step: index 4671614 is out of bounds for axis 0 with size 4671606
Traceback (most recent call last):
  File "E:\Documents\Projects\sim\sim\bridge.py", line 7080, in _run_one_simulation_step
    gain_here = self.cp_plasticity_rate_gain[stdp_active_indices]
                ~~~~~~~~~~~~~~~~~~~~~~~~~~~~^^^^^^^^^^^^^^^^^^^^^
IndexError: index 4671614 is out of bounds for axis 0 with size 4671606
[2026-07-08 07:29:20][CRITICAL] SIM_BRIDGE: Error during simulation step: index 4671617 is out of bounds for axis 0 with size 4671606
Traceback (most recent call last):
  File "E:\Documents\Projects\sim\sim\bridge.py", line 7080, in _run_one_simulation_step
    gain_here = self.cp_plasticity_rate_gain[stdp_active_indices]
                ~~~~~~~~~~~~~~~~~~~~~~~~~~~~^^^^^^^^^^^^^^^^^^^^^
IndexError: index 4671617 is out of bounds for axis 0 with size 4671606
[2026-07-08 07:29:20][CRITICAL] SIM_BRIDGE: Error during simulation step: index 4671620 is out of bounds for axis 0 with size 4671606
Traceback (most recent call last):
  File "E:\Documents\Projects\sim\sim\bridge.py", line 7080, in _run_one_simulation_step
    gain_here = self.cp_plasticity_rate_gain[stdp_active_indices]
                ~~~~~~~~~~~~~~~~~~~~~~~~~~~~^^^^^^^^^^^^^^^^^^^^^
IndexError: index 4671620 is out of bounds for axis 0 with size 4671606
[2026-07-08 07:29:21][CRITICAL] SIM_BRIDGE: Error during simulation step: index 4671623 is out of bounds for axis 0 with size 4671606
Traceback (most recent call last):
  File "E:\Documents\Projects\sim\sim\bridge.py", line 7080, in _run_one_simulation_step
    gain_here = self.cp_plasticity_rate_gain[stdp_active_indices]
                ~~~~~~~~~~~~~~~~~~~~~~~~~~~~^^^^^^^^^^^^^^^^^^^^^
IndexError: index 4671623 is out of bounds for axis 0 with size 4671606
[2026-07-08 07:29:21][CRITICAL] SIM_BRIDGE: Error during simulation step: index 4671619 is out of bounds for axis 0 with size 4671606
Traceback (most recent call last):
  File "E:\Documents\Projects\sim\sim\bridge.py", line 7080, in _run_one_simulation_step
    gain_here = self.cp_plasticity_rate_gain[stdp_active_indices]
                ~~~~~~~~~~~~~~~~~~~~~~~~~~~~^^^^^^^^^^^^^^^^^^^^^
IndexError: index 4671619 is out of bounds for axis 0 with size 4671606
[2026-07-08 07:29:21][CRITICAL] SIM_BRIDGE: Error during simulation step: index 4671614 is out of bounds for axis 0 with size 4671606
Traceback (most recent call last):
  File "E:\Documents\Projects\sim\sim\bridge.py", line 7080, in _run_one_simulation_step
    gain_here = self.cp_plasticity_rate_gain[stdp_active_indices]
                ~~~~~~~~~~~~~~~~~~~~~~~~~~~~^^^^^^^^^^^^^^^^^^^^^
IndexError: index 4671614 is out of bounds for axis 0 with size 4671606
[2026-07-08 07:29:21][CRITICAL] SIM_BRIDGE: Error during simulation step: index 4671615 is out of bounds for axis 0 with size 4671606
Traceback (most recent call last):
  File "E:\Documents\Projects\sim\sim\bridge.py", line 7080, in _run_one_simulation_step
    gain_here = self.cp_plasticity_rate_gain[stdp_active_indices]
                ~~~~~~~~~~~~~~~~~~~~~~~~~~~~^^^^^^^^^^^^^^^^^^^^^
IndexError: index 4671615 is out of bounds for axis 0 with size 4671606
[2026-07-08 07:29:21][CRITICAL] SIM_BRIDGE: Error during simulation step: index 4671617 is out of bounds for axis 0 with size 4671606
Traceback (most recent call last):
  File "E:\Documents\Projects\sim\sim\bridge.py", line 7080, in _run_one_simulation_step
    gain_here = self.cp_plasticity_rate_gain[stdp_active_indices]
                ~~~~~~~~~~~~~~~~~~~~~~~~~~~~^^^^^^^^^^^^^^^^^^^^^
IndexError: index 4671617 is out of bounds for axis 0 with size 4671606
[2026-07-08 07:29:21][CRITICAL] SIM_BRIDGE: Error during simulation step: index 4671615 is out of bounds for axis 0 with size 4671606
Traceback (most recent call last):
  File "E:\Documents\Projects\sim\sim\bridge.py", line 7080, in _run_one_simulation_step
    gain_here = self.cp_plasticity_rate_gain[stdp_active_indices]
                ~~~~~~~~~~~~~~~~~~~~~~~~~~~~^^^^^^^^^^^^^^^^^^^^^
IndexError: index 4671615 is out of bounds for axis 0 with size 4671606
[2026-07-08 07:29:21][CRITICAL] SIM_BRIDGE: Error during simulation step: index 4671618 is out of bounds for axis 0 with size 4671606
Traceback (most recent call last):
  File "E:\Documents\Projects\sim\sim\bridge.py", line 7080, in _run_one_simulation_step
    gain_here = self.cp_plasticity_rate_gain[stdp_active_indices]
                ~~~~~~~~~~~~~~~~~~~~~~~~~~~~^^^^^^^^^^^^^^^^^^^^^
IndexError: index 4671618 is out of bounds for axis 0 with size 4671606
[2026-07-08 07:29:21][CRITICAL] SIM_BRIDGE: Error during simulation step: index 4671614 is out of bounds for axis 0 with size 4671606
Traceback (most recent call last):
  File "E:\Documents\Projects\sim\sim\bridge.py", line 7080, in _run_one_simulation_step
    gain_here = self.cp_plasticity_rate_gain[stdp_active_indices]
                ~~~~~~~~~~~~~~~~~~~~~~~~~~~~^^^^^^^^^^^^^^^^^^^^^
IndexError: index 4671614 is out of bounds for axis 0 with size 4671606
[2026-07-08 07:29:21][CRITICAL] SIM_BRIDGE: Error during simulation step: index 4671620 is out of bounds for axis 0 with size 4671606
Traceback (most recent call last):
  File "E:\Documents\Projects\sim\sim\bridge.py", line 7080, in _run_one_simulation_step
    gain_here = self.cp_plasticity_rate_gain[stdp_active_indices]
                ~~~~~~~~~~~~~~~~~~~~~~~~~~~~^^^^^^^^^^^^^^^^^^^^^
IndexError: index 4671620 is out of bounds for axis 0 with size 4671606
[2026-07-08 07:29:21][CRITICAL] SIM_BRIDGE: Error during simulation step: index 4671615 is out of bounds for axis 0 with size 4671606
Traceback (most recent call last):
  File "E:\Documents\Projects\sim\sim\bridge.py", line 7080, in _run_one_simulation_step
    gain_here = self.cp_plasticity_rate_gain[stdp_active_indices]
                ~~~~~~~~~~~~~~~~~~~~~~~~~~~~^^^^^^^^^^^^^^^^^^^^^
IndexError: index 4671615 is out of bounds for axis 0 with size 4671606
[2026-07-08 07:29:21][CRITICAL] SIM_BRIDGE: Error during simulation step: index 4671617 is out of bounds for axis 0 with size 4671606
Traceback (most recent call last):
  File "E:\Documents\Projects\sim\sim\bridge.py", line 7080, in _run_one_simulation_step
    gain_here = self.cp_plasticity_rate_gain[stdp_active_indices]
                ~~~~~~~~~~~~~~~~~~~~~~~~~~~~^^^^^^^^^^^^^^^^^^^^^
IndexError: index 4671617 is out of bounds for axis 0 with size 4671606
[2026-07-08 07:29:21][CRITICAL] SIM_BRIDGE: Error during simulation step: index 4671615 is out of bounds for axis 0 with size 4671606
Traceback (most recent call last):
  File "E:\Documents\Projects\sim\sim\bridge.py", line 7080, in _run_one_simulation_step
    gain_here = self.cp_plasticity_rate_gain[stdp_active_indices]
                ~~~~~~~~~~~~~~~~~~~~~~~~~~~~^^^^^^^^^^^^^^^^^^^^^
IndexError: index 4671615 is out of bounds for axis 0 with size 4671606
[2026-07-08 07:29:21][CRITICAL] SIM_BRIDGE: Error during simulation step: index 4671619 is out of bounds for axis 0 with size 4671606
Traceback (most recent call last):
  File "E:\Documents\Projects\sim\sim\bridge.py", line 7080, in _run_one_simulation_step
    gain_here = self.cp_plasticity_rate_gain[stdp_active_indices]
                ~~~~~~~~~~~~~~~~~~~~~~~~~~~~^^^^^^^^^^^^^^^^^^^^^
IndexError: index 4671619 is out of bounds for axis 0 with size 4671606
[2026-07-08 07:29:21][CRITICAL] SIM_BRIDGE: Error during simulation step: index 4671615 is out of bounds for axis 0 with size 4671606
Traceback (most recent call last):
  File "E:\Documents\Projects\sim\sim\bridge.py", line 7080, in _run_one_simulation_step
    gain_here = self.cp_plasticity_rate_gain[stdp_active_indices]
                ~~~~~~~~~~~~~~~~~~~~~~~~~~~~^^^^^^^^^^^^^^^^^^^^^
IndexError: index 4671615 is out of bounds for axis 0 with size 4671606
[2026-07-08 07:29:21][CRITICAL] SIM_BRIDGE: Error during simulation step: index 4671614 is out of bounds for axis 0 with size 4671606
Traceback (most recent call last):
  File "E:\Documents\Projects\sim\sim\bridge.py", line 7080, in _run_one_simulation_step
    gain_here = self.cp_plasticity_rate_gain[stdp_active_indices]
                ~~~~~~~~~~~~~~~~~~~~~~~~~~~~^^^^^^^^^^^^^^^^^^^^^
IndexError: index 4671614 is out of bounds for axis 0 with size 4671606
[2026-07-08 07:29:21][CRITICAL] SIM_BRIDGE: Error during simulation step: index 4671615 is out of bounds for axis 0 with size 4671606
Traceback (most recent call last):
  File "E:\Documents\Projects\sim\sim\bridge.py", line 7080, in _run_one_simulation_step
    gain_here = self.cp_plasticity_rate_gain[stdp_active_indices]
                ~~~~~~~~~~~~~~~~~~~~~~~~~~~~^^^^^^^^^^^^^^^^^^^^^
IndexError: index 4671615 is out of bounds for axis 0 with size 4671606
[2026-07-08 07:29:21][CRITICAL] SIM_BRIDGE: Error during simulation step: index 4671616 is out of bounds for axis 0 with size 4671606
Traceback (most recent call last):
  File "E:\Documents\Projects\sim\sim\bridge.py", line 7080, in _run_one_simulation_step
    gain_here = self.cp_plasticity_rate_gain[stdp_active_indices]
                ~~~~~~~~~~~~~~~~~~~~~~~~~~~~^^^^^^^^^^^^^^^^^^^^^
IndexError: index 4671616 is out of bounds for axis 0 with size 4671606
  ask 'what does the mouse eat?' -> "fish"  -> SPOKE OBJECT ON SPIKES [expected bear]
  ask 'what does the fish eat?' -> "I don't know"  [MOAT: unknown/unstored -> I don't know]
  ask 'what does the zzzqqx eat?' -> "I don't know"  [MOAT: unknown/unstored -> I don't know]

  VERDICT: GO -- the brain ANSWERS a relational question by RECOVERING the object (FHRR unbind over its own codes) and SPEAKING it ON SPIKES (1/2 correct), and ABSTAINS on an unstored relation (moat True).
