[SPOKEN relational SVO Q&A] reason (FHRR) + speak (A->W), one numpy process | K=256 verb='eat'
[2026-07-08 07:28:56][INFO] SIM_BRIDGE: NumPy backend (CPU (NumPy backend), 47.7 GB RAM available)
[2026-07-08 07:28:56][INFO] SIM_BRIDGE: Initializing simulation data for model: IZHIKEVICH (3D)... (playback_init: False)
[2026-07-08 07:28:56][INFO] SIM_BRIDGE: Brain-region framework: 34 regions, 7680 total neurons, 112 pathways.
[2026-07-08 07:28:56][INFO] SIM_BRIDGE: RNG initialized with seed: 43
[2026-07-08 07:28:56][INFO] SIM_BRIDGE: Initializing Izhikevich model specifics for 7680 neurons...
[2026-07-08 07:28:56][INFO] SIM_BRIDGE: Region 'language_input' (2048 neurons): using Izh type IZH2007_RS_CORTICAL_PYRAMIDAL
[2026-07-08 07:28:56][INFO] SIM_BRIDGE: Region 'motor_N' (200 neurons): using Izh type IZH2007_RS_CORTICAL_PYRAMIDAL
[2026-07-08 07:28:56][INFO] SIM_BRIDGE: Region 'motor_E' (200 neurons): using Izh type IZH2007_RS_CORTICAL_PYRAMIDAL
[2026-07-08 07:28:56][INFO] SIM_BRIDGE: Region 'motor_S' (200 neurons): using Izh type IZH2007_RS_CORTICAL_PYRAMIDAL
[2026-07-08 07:28:56][INFO] SIM_BRIDGE: Region 'motor_W' (200 neurons): using Izh type IZH2007_RS_CORTICAL_PYRAMIDAL
[2026-07-08 07:28:56][INFO] SIM_BRIDGE: Region 'language_output' (2048 neurons): using Izh type IZH2007_RS_CORTICAL_PYRAMIDAL
[2026-07-08 07:28:56][INFO] SIM_BRIDGE: Region 'motor_FS_N' (24 neurons): using Izh type IZH2007_FS_CORTICAL_INTERNEURON
[2026-07-08 07:28:56][INFO] SIM_BRIDGE: Region 'motor_FS_E' (24 neurons): using Izh type IZH2007_FS_CORTICAL_INTERNEURON
[2026-07-08 07:28:56][INFO] SIM_BRIDGE: Region 'motor_FS_S' (24 neurons): using Izh type IZH2007_FS_CORTICAL_INTERNEURON
[2026-07-08 07:28:56][INFO] SIM_BRIDGE: Region 'motor_FS_W' (24 neurons): using Izh type IZH2007_FS_CORTICAL_INTERNEURON
[2026-07-08 07:28:56][INFO] SIM_BRIDGE: Region 'noun_pool_APPLE' (200 neurons): using Izh type IZH2007_RS_CORTICAL_PYRAMIDAL
[2026-07-08 07:28:56][INFO] SIM_BRIDGE: Region 'noun_pool_RIVER' (200 neurons): using Izh type IZH2007_RS_CORTICAL_PYRAMIDAL
[2026-07-08 07:28:56][INFO] SIM_BRIDGE: Region 'noun_pool_DOG' (200 neurons): using Izh type IZH2007_RS_CORTICAL_PYRAMIDAL
[2026-07-08 07:28:56][INFO] SIM_BRIDGE: Region 'noun_pool_CAT' (200 neurons): using Izh type IZH2007_RS_CORTICAL_PYRAMIDAL
[2026-07-08 07:28:56][INFO] SIM_BRIDGE: Region 'noun_pool_APPLE_fs' (24 neurons): using Izh type IZH2007_FS_CORTICAL_INTERNEURON
[2026-07-08 07:28:56][INFO] SIM_BRIDGE: Region 'noun_pool_RIVER_fs' (24 neurons): using Izh type IZH2007_FS_CORTICAL_INTERNEURON
[2026-07-08 07:28:56][INFO] SIM_BRIDGE: Region 'noun_pool_DOG_fs' (24 neurons): using Izh type IZH2007_FS_CORTICAL_INTERNEURON
[2026-07-08 07:28:56][INFO] SIM_BRIDGE: Region 'noun_pool_CAT_fs' (24 neurons): using Izh type IZH2007_FS_CORTICAL_INTERNEURON
[2026-07-08 07:28:56][INFO] SIM_BRIDGE: Region 'verb_pool_GO' (200 neurons): using Izh type IZH2007_RS_CORTICAL_PYRAMIDAL
[2026-07-08 07:28:56][INFO] SIM_BRIDGE: Region 'verb_pool_COME' (200 neurons): using Izh type IZH2007_RS_CORTICAL_PYRAMIDAL
[2026-07-08 07:28:56][INFO] SIM_BRIDGE: Region 'verb_pool_STOP' (200 neurons): using Izh type IZH2007_RS_CORTICAL_PYRAMIDAL
[2026-07-08 07:28:56][INFO] SIM_BRIDGE: Region 'verb_pool_LOOK' (200 neurons): using Izh type IZH2007_RS_CORTICAL_PYRAMIDAL
[2026-07-08 07:28:56][INFO] SIM_BRIDGE: Region 'verb_pool_GO_fs' (24 neurons): using Izh type IZH2007_FS_CORTICAL_INTERNEURON
[2026-07-08 07:28:56][INFO] SIM_BRIDGE: Region 'verb_pool_COME_fs' (24 neurons): using Izh type IZH2007_FS_CORTICAL_INTERNEURON
[2026-07-08 07:28:56][INFO] SIM_BRIDGE: Region 'verb_pool_STOP_fs' (24 neurons): using Izh type IZH2007_FS_CORTICAL_INTERNEURON
[2026-07-08 07:28:56][INFO] SIM_BRIDGE: Region 'verb_pool_LOOK_fs' (24 neurons): using Izh type IZH2007_FS_CORTICAL_INTERNEURON
[2026-07-08 07:28:56][INFO] SIM_BRIDGE: Region 'adjective_pool_BIG' (200 neurons): using Izh type IZH2007_RS_CORTICAL_PYRAMIDAL
[2026-07-08 07:28:56][INFO] SIM_BRIDGE: Region 'adjective_pool_SMALL' (200 neurons): using Izh type IZH2007_RS_CORTICAL_PYRAMIDAL
[2026-07-08 07:28:56][INFO] SIM_BRIDGE: Region 'adjective_pool_HOT' (200 neurons): using Izh type IZH2007_RS_CORTICAL_PYRAMIDAL
[2026-07-08 07:28:56][INFO] SIM_BRIDGE: Region 'adjective_pool_COLD' (200 neurons): using Izh type IZH2007_RS_CORTICAL_PYRAMIDAL
[2026-07-08 07:28:56][INFO] SIM_BRIDGE: Region 'adjective_pool_BIG_fs' (24 neurons): using Izh type IZH2007_FS_CORTICAL_INTERNEURON
[2026-07-08 07:28:56][INFO] SIM_BRIDGE: Region 'adjective_pool_SMALL_fs' (24 neurons): using Izh type IZH2007_FS_CORTICAL_INTERNEURON
[2026-07-08 07:28:56][INFO] SIM_BRIDGE: Region 'adjective_pool_HOT_fs' (24 neurons): using Izh type IZH2007_FS_CORTICAL_INTERNEURON
[2026-07-08 07:28:56][INFO] SIM_BRIDGE: Region 'adjective_pool_COLD_fs' (24 neurons): using Izh type IZH2007_FS_CORTICAL_INTERNEURON
[2026-07-08 07:28:56][INFO] SIM_BRIDGE: Applying parameter heterogeneity to neuron parameters...
[2026-07-08 07:28:56][INFO] SIM_BRIDGE: Applied heterogeneity to 4 parameters.
[2026-07-08 07:28:56][INFO] SIM_BRIDGE: Initializing OU process state (tau=15.0ms, sigma=100.0pA)...
[2026-07-08 07:28:56][INFO] SIM_BRIDGE: Generating 3D neuron positions for 7680 neurons...
[2026-07-08 07:28:56][INFO] SIM_BRIDGE: Generating connections (brain-region framework)...
[2026-07-08 07:29:05][INFO] SIM_BRIDGE: inject_explicit_wiring: installed 4670283 synapses across 130 populations.
[2026-07-08 07:29:05][INFO] SIM_BRIDGE: Initializing eligibility traces for 4670283 synapses (capacity: 7005424, dtype: float32)...
[2026-07-08 07:29:05][INFO] SIM_BRIDGE: Initializing STDP state for 7680 neurons...
[2026-07-08 07:29:05][INFO] SIM_BRIDGE: Simulation data initialized for 7680 neurons (3D). Synapses: 4670283. GPU memory: 25.1GB/51.2GB (49.1%)
[2026-07-08 07:29:05][INFO] SIM_BRIDGE: Loading checkpoint from bridges/breadth_aw/seed42.simstate.h5...
[2026-07-08 07:29:05][INFO] SIM_BRIDGE: Clearing simulation state and GPU memory...
[2026-07-08 07:29:05][INFO] SIM_BRIDGE: Cleared simulation state and GPU memory.
[2026-07-08 07:29:05][DEBUG] SIM_BRIDGE: Checkpoint: Dataset for 'cp_adex_w' not found or was empty. Using default.
[2026-07-08 07:29:06][DEBUG] SIM_BRIDGE: Checkpoint: Dataset for 'cp_stp_u' not found or was empty. Using default.
[2026-07-08 07:29:06][DEBUG] SIM_BRIDGE: Checkpoint: Dataset for 'cp_stp_x' not found or was empty. Using default.
[2026-07-08 07:29:06][SUCCESS] SIM_BRIDGE: Checkpoint loaded. Sim time: 0.0ms, Step: 0, Model: IZHIKEVICH
  STORED facts: 'the mouse eats bear', 'the cat eats bird', 'the dog eats frog'
[2026-07-08 07:29:06][CRITICAL] SIM_BRIDGE: Error during simulation step: index 4671403 is out of bounds for axis 0 with size 4670283
Traceback (most recent call last):
  File "E:\Documents\Projects\sim\sim\bridge.py", line 7080, in _run_one_simulation_step
    gain_here = self.cp_plasticity_rate_gain[stdp_active_indices]
                ~~~~~~~~~~~~~~~~~~~~~~~~~~~~^^^^^^^^^^^^^^^^^^^^^
IndexError: index 4671403 is out of bounds for axis 0 with size 4670283
[2026-07-08 07:29:06][CRITICAL] SIM_BRIDGE: Error during simulation step: index 4670556 is out of bounds for axis 0 with size 4670283
Traceback (most recent call last):
  File "E:\Documents\Projects\sim\sim\bridge.py", line 7080, in _run_one_simulation_step
    gain_here = self.cp_plasticity_rate_gain[stdp_active_indices]
                ~~~~~~~~~~~~~~~~~~~~~~~~~~~~^^^^^^^^^^^^^^^^^^^^^
IndexError: index 4670556 is out of bounds for axis 0 with size 4670283
[2026-07-08 07:29:06][CRITICAL] SIM_BRIDGE: Error during simulation step: index 4670303 is out of bounds for axis 0 with size 4670283
Traceback (most recent call last):
  File "E:\Documents\Projects\sim\sim\bridge.py", line 7080, in _run_one_simulation_step
    gain_here = self.cp_plasticity_rate_gain[stdp_active_indices]
                ~~~~~~~~~~~~~~~~~~~~~~~~~~~~^^^^^^^^^^^^^^^^^^^^^
IndexError: index 4670303 is out of bounds for axis 0 with size 4670283
[2026-07-08 07:29:06][CRITICAL] SIM_BRIDGE: Error during simulation step: index 4670303 is out of bounds for axis 0 with size 4670283
Traceback (most recent call last):
  File "E:\Documents\Projects\sim\sim\bridge.py", line 7080, in _run_one_simulation_step
    gain_here = self.cp_plasticity_rate_gain[stdp_active_indices]
                ~~~~~~~~~~~~~~~~~~~~~~~~~~~~^^^^^^^^^^^^^^^^^^^^^
IndexError: index 4670303 is out of bounds for axis 0 with size 4670283
[2026-07-08 07:29:06][CRITICAL] SIM_BRIDGE: Error during simulation step: index 4670520 is out of bounds for axis 0 with size 4670283
Traceback (most recent call last):
  File "E:\Documents\Projects\sim\sim\bridge.py", line 7080, in _run_one_simulation_step
    gain_here = self.cp_plasticity_rate_gain[stdp_active_indices]
                ~~~~~~~~~~~~~~~~~~~~~~~~~~~~^^^^^^^^^^^^^^^^^^^^^
IndexError: index 4670520 is out of bounds for axis 0 with size 4670283
[2026-07-08 07:29:06][CRITICAL] SIM_BRIDGE: Error during simulation step: index 4670316 is out of bounds for axis 0 with size 4670283
Traceback (most recent call last):
  File "E:\Documents\Projects\sim\sim\bridge.py", line 7080, in _run_one_simulation_step
    gain_here = self.cp_plasticity_rate_gain[stdp_active_indices]
                ~~~~~~~~~~~~~~~~~~~~~~~~~~~~^^^^^^^^^^^^^^^^^^^^^
IndexError: index 4670316 is out of bounds for axis 0 with size 4670283
[2026-07-08 07:29:07][CRITICAL] SIM_BRIDGE: Error during simulation step: index 4670316 is out of bounds for axis 0 with size 4670283
Traceback (most recent call last):
  File "E:\Documents\Projects\sim\sim\bridge.py", line 7080, in _run_one_simulation_step
    gain_here = self.cp_plasticity_rate_gain[stdp_active_indices]
                ~~~~~~~~~~~~~~~~~~~~~~~~~~~~^^^^^^^^^^^^^^^^^^^^^
IndexError: index 4670316 is out of bounds for axis 0 with size 4670283
[2026-07-08 07:29:07][CRITICAL] SIM_BRIDGE: Error during simulation step: index 4670316 is out of bounds for axis 0 with size 4670283
Traceback (most recent call last):
  File "E:\Documents\Projects\sim\sim\bridge.py", line 7080, in _run_one_simulation_step
    gain_here = self.cp_plasticity_rate_gain[stdp_active_indices]
                ~~~~~~~~~~~~~~~~~~~~~~~~~~~~^^^^^^^^^^^^^^^^^^^^^
IndexError: index 4670316 is out of bounds for axis 0 with size 4670283
[2026-07-08 07:29:07][CRITICAL] SIM_BRIDGE: Error during simulation step: index 4671515 is out of bounds for axis 0 with size 4670283
Traceback (most recent call last):
  File "E:\Documents\Projects\sim\sim\bridge.py", line 7080, in _run_one_simulation_step
    gain_here = self.cp_plasticity_rate_gain[stdp_active_indices]
                ~~~~~~~~~~~~~~~~~~~~~~~~~~~~^^^^^^^^^^^^^^^^^^^^^
IndexError: index 4671515 is out of bounds for axis 0 with size 4670283
[2026-07-08 07:29:07][CRITICAL] SIM_BRIDGE: Error during simulation step: index 4671719 is out of bounds for axis 0 with size 4670283
Traceback (most recent call last):
  File "E:\Documents\Projects\sim\sim\bridge.py", line 7080, in _run_one_simulation_step
    gain_here = self.cp_plasticity_rate_gain[stdp_active_indices]
                ~~~~~~~~~~~~~~~~~~~~~~~~~~~~^^^^^^^^^^^^^^^^^^^^^
IndexError: index 4671719 is out of bounds for axis 0 with size 4670283
[2026-07-08 07:29:07][CRITICAL] SIM_BRIDGE: Error during simulation step: index 4671719 is out of bounds for axis 0 with size 4670283
Traceback (most recent call last):
  File "E:\Documents\Projects\sim\sim\bridge.py", line 7080, in _run_one_simulation_step
    gain_here = self.cp_plasticity_rate_gain[stdp_active_indices]
                ~~~~~~~~~~~~~~~~~~~~~~~~~~~~^^^^^^^^^^^^^^^^^^^^^
IndexError: index 4671719 is out of bounds for axis 0 with size 4670283
[2026-07-08 07:29:07][CRITICAL] SIM_BRIDGE: Error during simulation step: index 4671719 is out of bounds for axis 0 with size 4670283
Traceback (most recent call last):
  File "E:\Documents\Projects\sim\sim\bridge.py", line 7080, in _run_one_simulation_step
    gain_here = self.cp_plasticity_rate_gain[stdp_active_indices]
                ~~~~~~~~~~~~~~~~~~~~~~~~~~~~^^^^^^^^^^^^^^^^^^^^^
IndexError: index 4671719 is out of bounds for axis 0 with size 4670283
[2026-07-08 07:29:08][CRITICAL] SIM_BRIDGE: Error during simulation step: index 4670675 is out of bounds for axis 0 with size 4670283
Traceback (most recent call last):
  File "E:\Documents\Projects\sim\sim\bridge.py", line 7080, in _run_one_simulation_step
    gain_here = self.cp_plasticity_rate_gain[stdp_active_indices]
                ~~~~~~~~~~~~~~~~~~~~~~~~~~~~^^^^^^^^^^^^^^^^^^^^^
IndexError: index 4670675 is out of bounds for axis 0 with size 4670283
[2026-07-08 07:29:08][CRITICAL] SIM_BRIDGE: Error during simulation step: index 4670675 is out of bounds for axis 0 with size 4670283
Traceback (most recent call last):
  File "E:\Documents\Projects\sim\sim\bridge.py", line 7080, in _run_one_simulation_step
    gain_here = self.cp_plasticity_rate_gain[stdp_active_indices]
                ~~~~~~~~~~~~~~~~~~~~~~~~~~~~^^^^^^^^^^^^^^^^^^^^^
IndexError: index 4670675 is out of bounds for axis 0 with size 4670283
[2026-07-08 07:29:08][CRITICAL] SIM_BRIDGE: Error during simulation step: index 4670451 is out of bounds for axis 0 with size 4670283
Traceback (most recent call last):
  File "E:\Documents\Projects\sim\sim\bridge.py", line 7080, in _run_one_simulation_step
    gain_here = self.cp_plasticity_rate_gain[stdp_active_indices]
                ~~~~~~~~~~~~~~~~~~~~~~~~~~~~^^^^^^^^^^^^^^^^^^^^^
IndexError: index 4670451 is out of bounds for axis 0 with size 4670283
[2026-07-08 07:29:08][CRITICAL] SIM_BRIDGE: Error during simulation step: index 4670451 is out of bounds for axis 0 with size 4670283
Traceback (most recent call last):
  File "E:\Documents\Projects\sim\sim\bridge.py", line 7080, in _run_one_simulation_step
    gain_here = self.cp_plasticity_rate_gain[stdp_active_indices]
                ~~~~~~~~~~~~~~~~~~~~~~~~~~~~^^^^^^^^^^^^^^^^^^^^^
IndexError: index 4670451 is out of bounds for axis 0 with size 4670283
[2026-07-08 07:29:08][CRITICAL] SIM_BRIDGE: Error during simulation step: index 4670391 is out of bounds for axis 0 with size 4670283
Traceback (most recent call last):
  File "E:\Documents\Projects\sim\sim\bridge.py", line 7080, in _run_one_simulation_step
    gain_here = self.cp_plasticity_rate_gain[stdp_active_indices]
                ~~~~~~~~~~~~~~~~~~~~~~~~~~~~^^^^^^^^^^^^^^^^^^^^^
IndexError: index 4670391 is out of bounds for axis 0 with size 4670283
[2026-07-08 07:29:08][CRITICAL] SIM_BRIDGE: Error during simulation step: index 4670437 is out of bounds for axis 0 with size 4670283
Traceback (most recent call last):
  File "E:\Documents\Projects\sim\sim\bridge.py", line 7080, in _run_one_simulation_step
    gain_here = self.cp_plasticity_rate_gain[stdp_active_indices]
                ~~~~~~~~~~~~~~~~~~~~~~~~~~~~^^^^^^^^^^^^^^^^^^^^^
IndexError: index 4670437 is out of bounds for axis 0 with size 4670283
[2026-07-08 07:29:08][CRITICAL] SIM_BRIDGE: Error during simulation step: index 4670391 is out of bounds for axis 0 with size 4670283
Traceback (most recent call last):
  File "E:\Documents\Projects\sim\sim\bridge.py", line 7080, in _run_one_simulation_step
    gain_here = self.cp_plasticity_rate_gain[stdp_active_indices]
                ~~~~~~~~~~~~~~~~~~~~~~~~~~~~^^^^^^^^^^^^^^^^^^^^^
IndexError: index 4670391 is out of bounds for axis 0 with size 4670283
[2026-07-08 07:29:08][CRITICAL] SIM_BRIDGE: Error during simulation step: index 4670405 is out of bounds for axis 0 with size 4670283
Traceback (most recent call last):
  File "E:\Documents\Projects\sim\sim\bridge.py", line 7080, in _run_one_simulation_step
    gain_here = self.cp_plasticity_rate_gain[stdp_active_indices]
                ~~~~~~~~~~~~~~~~~~~~~~~~~~~~^^^^^^^^^^^^^^^^^^^^^
IndexError: index 4670405 is out of bounds for axis 0 with size 4670283
[2026-07-08 07:29:08][CRITICAL] SIM_BRIDGE: Error during simulation step: index 4670391 is out of bounds for axis 0 with size 4670283
Traceback (most recent call last):
  File "E:\Documents\Projects\sim\sim\bridge.py", line 7080, in _run_one_simulation_step
    gain_here = self.cp_plasticity_rate_gain[stdp_active_indices]
                ~~~~~~~~~~~~~~~~~~~~~~~~~~~~^^^^^^^^^^^^^^^^^^^^^
IndexError: index 4670391 is out of bounds for axis 0 with size 4670283
[2026-07-08 07:29:08][CRITICAL] SIM_BRIDGE: Error during simulation step: index 4670405 is out of bounds for axis 0 with size 4670283
Traceback (most recent call last):
  File "E:\Documents\Projects\sim\sim\bridge.py", line 7080, in _run_one_simulation_step
    gain_here = self.cp_plasticity_rate_gain[stdp_active_indices]
                ~~~~~~~~~~~~~~~~~~~~~~~~~~~~^^^^^^^^^^^^^^^^^^^^^
IndexError: index 4670405 is out of bounds for axis 0 with size 4670283
[2026-07-08 07:29:08][CRITICAL] SIM_BRIDGE: Error during simulation step: index 4670406 is out of bounds for axis 0 with size 4670283
Traceback (most recent call last):
  File "E:\Documents\Projects\sim\sim\bridge.py", line 7080, in _run_one_simulation_step
    gain_here = self.cp_plasticity_rate_gain[stdp_active_indices]
                ~~~~~~~~~~~~~~~~~~~~~~~~~~~~^^^^^^^^^^^^^^^^^^^^^
IndexError: index 4670406 is out of bounds for axis 0 with size 4670283
[2026-07-08 07:29:08][CRITICAL] SIM_BRIDGE: Error during simulation step: index 4670405 is out of bounds for axis 0 with size 4670283
Traceback (most recent call last):
  File "E:\Documents\Projects\sim\sim\bridge.py", line 7080, in _run_one_simulation_step
    gain_here = self.cp_plasticity_rate_gain[stdp_active_indices]
                ~~~~~~~~~~~~~~~~~~~~~~~~~~~~^^^^^^^^^^^^^^^^^^^^^
IndexError: index 4670405 is out of bounds for axis 0 with size 4670283
[2026-07-08 07:29:09][CRITICAL] SIM_BRIDGE: Error during simulation step: index 4670406 is out of bounds for axis 0 with size 4670283
Traceback (most recent call last):
  File "E:\Documents\Projects\sim\sim\bridge.py", line 7080, in _run_one_simulation_step
    gain_here = self.cp_plasticity_rate_gain[stdp_active_indices]
                ~~~~~~~~~~~~~~~~~~~~~~~~~~~~^^^^^^^^^^^^^^^^^^^^^
IndexError: index 4670406 is out of bounds for axis 0 with size 4670283
[2026-07-08 07:29:09][CRITICAL] SIM_BRIDGE: Error during simulation step: index 4670405 is out of bounds for axis 0 with size 4670283
Traceback (most recent call last):
  File "E:\Documents\Projects\sim\sim\bridge.py", line 7080, in _run_one_simulation_step
    gain_here = self.cp_plasticity_rate_gain[stdp_active_indices]
                ~~~~~~~~~~~~~~~~~~~~~~~~~~~~^^^^^^^^^^^^^^^^^^^^^
IndexError: index 4670405 is out of bounds for axis 0 with size 4670283
[2026-07-08 07:29:09][CRITICAL] SIM_BRIDGE: Error during simulation step: index 4670406 is out of bounds for axis 0 with size 4670283
Traceback (most recent call last):
  File "E:\Documents\Projects\sim\sim\bridge.py", line 7080, in _run_one_simulation_step
    gain_here = self.cp_plasticity_rate_gain[stdp_active_indices]
                ~~~~~~~~~~~~~~~~~~~~~~~~~~~~^^^^^^^^^^^^^^^^^^^^^
IndexError: index 4670406 is out of bounds for axis 0 with size 4670283
[2026-07-08 07:29:09][CRITICAL] SIM_BRIDGE: Error during simulation step: index 4670405 is out of bounds for axis 0 with size 4670283
Traceback (most recent call last):
  File "E:\Documents\Projects\sim\sim\bridge.py", line 7080, in _run_one_simulation_step
    gain_here = self.cp_plasticity_rate_gain[stdp_active_indices]
                ~~~~~~~~~~~~~~~~~~~~~~~~~~~~^^^^^^^^^^^^^^^^^^^^^
IndexError: index 4670405 is out of bounds for axis 0 with size 4670283
[2026-07-08 07:29:09][CRITICAL] SIM_BRIDGE: Error during simulation step: index 4670406 is out of bounds for axis 0 with size 4670283
Traceback (most recent call last):
  File "E:\Documents\Projects\sim\sim\bridge.py", line 7080, in _run_one_simulation_step
    gain_here = self.cp_plasticity_rate_gain[stdp_active_indices]
                ~~~~~~~~~~~~~~~~~~~~~~~~~~~~^^^^^^^^^^^^^^^^^^^^^
IndexError: index 4670406 is out of bounds for axis 0 with size 4670283
[2026-07-08 07:29:09][CRITICAL] SIM_BRIDGE: Error during simulation step: index 4670405 is out of bounds for axis 0 with size 4670283
Traceback (most recent call last):
  File "E:\Documents\Projects\sim\sim\bridge.py", line 7080, in _run_one_simulation_step
    gain_here = self.cp_plasticity_rate_gain[stdp_active_indices]
                ~~~~~~~~~~~~~~~~~~~~~~~~~~~~^^^^^^^^^^^^^^^^^^^^^
IndexError: index 4670405 is out of bounds for axis 0 with size 4670283
[2026-07-08 07:29:09][CRITICAL] SIM_BRIDGE: Error during simulation step: index 4670406 is out of bounds for axis 0 with size 4670283
Traceback (most recent call last):
  File "E:\Documents\Projects\sim\sim\bridge.py", line 7080, in _run_one_simulation_step
    gain_here = self.cp_plasticity_rate_gain[stdp_active_indices]
                ~~~~~~~~~~~~~~~~~~~~~~~~~~~~^^^^^^^^^^^^^^^^^^^^^
IndexError: index 4670406 is out of bounds for axis 0 with size 4670283
[2026-07-08 07:29:09][CRITICAL] SIM_BRIDGE: Error during simulation step: index 4670387 is out of bounds for axis 0 with size 4670283
Traceback (most recent call last):
  File "E:\Documents\Projects\sim\sim\bridge.py", line 7080, in _run_one_simulation_step
    gain_here = self.cp_plasticity_rate_gain[stdp_active_indices]
                ~~~~~~~~~~~~~~~~~~~~~~~~~~~~^^^^^^^^^^^^^^^^^^^^^
IndexError: index 4670387 is out of bounds for axis 0 with size 4670283
[2026-07-08 07:29:09][CRITICAL] SIM_BRIDGE: Error during simulation step: index 4670406 is out of bounds for axis 0 with size 4670283
Traceback (most recent call last):
  File "E:\Documents\Projects\sim\sim\bridge.py", line 7080, in _run_one_simulation_step
    gain_here = self.cp_plasticity_rate_gain[stdp_active_indices]
                ~~~~~~~~~~~~~~~~~~~~~~~~~~~~^^^^^^^^^^^^^^^^^^^^^
IndexError: index 4670406 is out of bounds for axis 0 with size 4670283
[2026-07-08 07:29:09][CRITICAL] SIM_BRIDGE: Error during simulation step: index 4670387 is out of bounds for axis 0 with size 4670283
Traceback (most recent call last):
  File "E:\Documents\Projects\sim\sim\bridge.py", line 7080, in _run_one_simulation_step
    gain_here = self.cp_plasticity_rate_gain[stdp_active_indices]
                ~~~~~~~~~~~~~~~~~~~~~~~~~~~~^^^^^^^^^^^^^^^^^^^^^
IndexError: index 4670387 is out of bounds for axis 0 with size 4670283
[2026-07-08 07:29:09][CRITICAL] SIM_BRIDGE: Error during simulation step: index 4670405 is out of bounds for axis 0 with size 4670283
Traceback (most recent call last):
  File "E:\Documents\Projects\sim\sim\bridge.py", line 7080, in _run_one_simulation_step
    gain_here = self.cp_plasticity_rate_gain[stdp_active_indices]
                ~~~~~~~~~~~~~~~~~~~~~~~~~~~~^^^^^^^^^^^^^^^^^^^^^
IndexError: index 4670405 is out of bounds for axis 0 with size 4670283
[2026-07-08 07:29:09][CRITICAL] SIM_BRIDGE: Error during simulation step: index 4670409 is out of bounds for axis 0 with size 4670283
Traceback (most recent call last):
  File "E:\Documents\Projects\sim\sim\bridge.py", line 7080, in _run_one_simulation_step
    gain_here = self.cp_plasticity_rate_gain[stdp_active_indices]
                ~~~~~~~~~~~~~~~~~~~~~~~~~~~~^^^^^^^^^^^^^^^^^^^^^
IndexError: index 4670409 is out of bounds for axis 0 with size 4670283
[2026-07-08 07:29:09][CRITICAL] SIM_BRIDGE: Error during simulation step: index 4670406 is out of bounds for axis 0 with size 4670283
Traceback (most recent call last):
  File "E:\Documents\Projects\sim\sim\bridge.py", line 7080, in _run_one_simulation_step
    gain_here = self.cp_plasticity_rate_gain[stdp_active_indices]
                ~~~~~~~~~~~~~~~~~~~~~~~~~~~~^^^^^^^^^^^^^^^^^^^^^
IndexError: index 4670406 is out of bounds for axis 0 with size 4670283
[2026-07-08 07:29:09][CRITICAL] SIM_BRIDGE: Error during simulation step: index 4670405 is out of bounds for axis 0 with size 4670283
Traceback (most recent call last):
  File "E:\Documents\Projects\sim\sim\bridge.py", line 7080, in _run_one_simulation_step
    gain_here = self.cp_plasticity_rate_gain[stdp_active_indices]
                ~~~~~~~~~~~~~~~~~~~~~~~~~~~~^^^^^^^^^^^^^^^^^^^^^
IndexError: index 4670405 is out of bounds for axis 0 with size 4670283
[2026-07-08 07:29:09][CRITICAL] SIM_BRIDGE: Error during simulation step: index 4670406 is out of bounds for axis 0 with size 4670283
Traceback (most recent call last):
  File "E:\Documents\Projects\sim\sim\bridge.py", line 7080, in _run_one_simulation_step
    gain_here = self.cp_plasticity_rate_gain[stdp_active_indices]
                ~~~~~~~~~~~~~~~~~~~~~~~~~~~~^^^^^^^^^^^^^^^^^^^^^
IndexError: index 4670406 is out of bounds for axis 0 with size 4670283
[2026-07-08 07:29:09][CRITICAL] SIM_BRIDGE: Error during simulation step: index 4670334 is out of bounds for axis 0 with size 4670283
Traceback (most recent call last):
  File "E:\Documents\Projects\sim\sim\bridge.py", line 7080, in _run_one_simulation_step
    gain_here = self.cp_plasticity_rate_gain[stdp_active_indices]
                ~~~~~~~~~~~~~~~~~~~~~~~~~~~~^^^^^^^^^^^^^^^^^^^^^
IndexError: index 4670334 is out of bounds for axis 0 with size 4670283
[2026-07-08 07:29:09][CRITICAL] SIM_BRIDGE: Error during simulation step: index 4670405 is out of bounds for axis 0 with size 4670283
Traceback (most recent call last):
  File "E:\Documents\Projects\sim\sim\bridge.py", line 7080, in _run_one_simulation_step
    gain_here = self.cp_plasticity_rate_gain[stdp_active_indices]
                ~~~~~~~~~~~~~~~~~~~~~~~~~~~~^^^^^^^^^^^^^^^^^^^^^
IndexError: index 4670405 is out of bounds for axis 0 with size 4670283
[2026-07-08 07:29:09][CRITICAL] SIM_BRIDGE: Error during simulation step: index 4670334 is out of bounds for axis 0 with size 4670283
Traceback (most recent call last):
  File "E:\Documents\Projects\sim\sim\bridge.py", line 7080, in _run_one_simulation_step
    gain_here = self.cp_plasticity_rate_gain[stdp_active_indices]
                ~~~~~~~~~~~~~~~~~~~~~~~~~~~~^^^^^^^^^^^^^^^^^^^^^
IndexError: index 4670334 is out of bounds for axis 0 with size 4670283
[2026-07-08 07:29:09][CRITICAL] SIM_BRIDGE: Error during simulation step: index 4670406 is out of bounds for axis 0 with size 4670283
Traceback (most recent call last):
  File "E:\Documents\Projects\sim\sim\bridge.py", line 7080, in _run_one_simulation_step
    gain_here = self.cp_plasticity_rate_gain[stdp_active_indices]
                ~~~~~~~~~~~~~~~~~~~~~~~~~~~~^^^^^^^^^^^^^^^^^^^^^
IndexError: index 4670406 is out of bounds for axis 0 with size 4670283
[2026-07-08 07:29:09][CRITICAL] SIM_BRIDGE: Error during simulation step: index 4670405 is out of bounds for axis 0 with size 4670283
Traceback (most recent call last):
  File "E:\Documents\Projects\sim\sim\bridge.py", line 7080, in _run_one_simulation_step
    gain_here = self.cp_plasticity_rate_gain[stdp_active_indices]
                ~~~~~~~~~~~~~~~~~~~~~~~~~~~~^^^^^^^^^^^^^^^^^^^^^
IndexError: index 4670405 is out of bounds for axis 0 with size 4670283
[2026-07-08 07:29:10][CRITICAL] SIM_BRIDGE: Error during simulation step: index 4670406 is out of bounds for axis 0 with size 4670283
Traceback (most recent call last):
  File "E:\Documents\Projects\sim\sim\bridge.py", line 7080, in _run_one_simulation_step
    gain_here = self.cp_plasticity_rate_gain[stdp_active_indices]
                ~~~~~~~~~~~~~~~~~~~~~~~~~~~~^^^^^^^^^^^^^^^^^^^^^
IndexError: index 4670406 is out of bounds for axis 0 with size 4670283
[2026-07-08 07:29:10][CRITICAL] SIM_BRIDGE: Error during simulation step: index 4670410 is out of bounds for axis 0 with size 4670283
Traceback (most recent call last):
  File "E:\Documents\Projects\sim\sim\bridge.py", line 7080, in _run_one_simulation_step
    gain_here = self.cp_plasticity_rate_gain[stdp_active_indices]
                ~~~~~~~~~~~~~~~~~~~~~~~~~~~~^^^^^^^^^^^^^^^^^^^^^
IndexError: index 4670410 is out of bounds for axis 0 with size 4670283
[2026-07-08 07:29:10][CRITICAL] SIM_BRIDGE: Error during simulation step: index 4670406 is out of bounds for axis 0 with size 4670283
Traceback (most recent call last):
  File "E:\Documents\Projects\sim\sim\bridge.py", line 7080, in _run_one_simulation_step
    gain_here = self.cp_plasticity_rate_gain[stdp_active_indices]
                ~~~~~~~~~~~~~~~~~~~~~~~~~~~~^^^^^^^^^^^^^^^^^^^^^
IndexError: index 4670406 is out of bounds for axis 0 with size 4670283
[2026-07-08 07:29:10][CRITICAL] SIM_BRIDGE: Error during simulation step: index 4670405 is out of bounds for axis 0 with size 4670283
Traceback (most recent call last):
  File "E:\Documents\Projects\sim\sim\bridge.py", line 7080, in _run_one_simulation_step
    gain_here = self.cp_plasticity_rate_gain[stdp_active_indices]
                ~~~~~~~~~~~~~~~~~~~~~~~~~~~~^^^^^^^^^^^^^^^^^^^^^
IndexError: index 4670405 is out of bounds for axis 0 with size 4670283
[2026-07-08 07:29:10][CRITICAL] SIM_BRIDGE: Error during simulation step: index 4670406 is out of bounds for axis 0 with size 4670283
Traceback (most recent call last):
  File "E:\Documents\Projects\sim\sim\bridge.py", line 7080, in _run_one_simulation_step
    gain_here = self.cp_plasticity_rate_gain[stdp_active_indices]
                ~~~~~~~~~~~~~~~~~~~~~~~~~~~~^^^^^^^^^^^^^^^^^^^^^
IndexError: index 4670406 is out of bounds for axis 0 with size 4670283
[2026-07-08 07:29:10][CRITICAL] SIM_BRIDGE: Error during simulation step: index 4670417 is out of bounds for axis 0 with size 4670283
Traceback (most recent call last):
  File "E:\Documents\Projects\sim\sim\bridge.py", line 7080, in _run_one_simulation_step
    gain_here = self.cp_plasticity_rate_gain[stdp_active_indices]
                ~~~~~~~~~~~~~~~~~~~~~~~~~~~~^^^^^^^^^^^^^^^^^^^^^
IndexError: index 4670417 is out of bounds for axis 0 with size 4670283
[2026-07-08 07:29:10][CRITICAL] SIM_BRIDGE: Error during simulation step: index 4670406 is out of bounds for axis 0 with size 4670283
Traceback (most recent call last):
  File "E:\Documents\Projects\sim\sim\bridge.py", line 7080, in _run_one_simulation_step
    gain_here = self.cp_plasticity_rate_gain[stdp_active_indices]
                ~~~~~~~~~~~~~~~~~~~~~~~~~~~~^^^^^^^^^^^^^^^^^^^^^
IndexError: index 4670406 is out of bounds for axis 0 with size 4670283
[2026-07-08 07:29:10][CRITICAL] SIM_BRIDGE: Error during simulation step: index 4670410 is out of bounds for axis 0 with size 4670283
Traceback (most recent call last):
  File "E:\Documents\Projects\sim\sim\bridge.py", line 7080, in _run_one_simulation_step
    gain_here = self.cp_plasticity_rate_gain[stdp_active_indices]
                ~~~~~~~~~~~~~~~~~~~~~~~~~~~~^^^^^^^^^^^^^^^^^^^^^
IndexError: index 4670410 is out of bounds for axis 0 with size 4670283
[2026-07-08 07:29:10][CRITICAL] SIM_BRIDGE: Error during simulation step: index 4670405 is out of bounds for axis 0 with size 4670283
Traceback (most recent call last):
  File "E:\Documents\Projects\sim\sim\bridge.py", line 7080, in _run_one_simulation_step
    gain_here = self.cp_plasticity_rate_gain[stdp_active_indices]
                ~~~~~~~~~~~~~~~~~~~~~~~~~~~~^^^^^^^^^^^^^^^^^^^^^
IndexError: index 4670405 is out of bounds for axis 0 with size 4670283
[2026-07-08 07:29:10][CRITICAL] SIM_BRIDGE: Error during simulation step: index 4670407 is out of bounds for axis 0 with size 4670283
Traceback (most recent call last):
  File "E:\Documents\Projects\sim\sim\bridge.py", line 7080, in _run_one_simulation_step
    gain_here = self.cp_plasticity_rate_gain[stdp_active_indices]
                ~~~~~~~~~~~~~~~~~~~~~~~~~~~~^^^^^^^^^^^^^^^^^^^^^
IndexError: index 4670407 is out of bounds for axis 0 with size 4670283
[2026-07-08 07:29:10][CRITICAL] SIM_BRIDGE: Error during simulation step: index 4670406 is out of bounds for axis 0 with size 4670283
Traceback (most recent call last):
  File "E:\Documents\Projects\sim\sim\bridge.py", line 7080, in _run_one_simulation_step
    gain_here = self.cp_plasticity_rate_gain[stdp_active_indices]
                ~~~~~~~~~~~~~~~~~~~~~~~~~~~~^^^^^^^^^^^^^^^^^^^^^
IndexError: index 4670406 is out of bounds for axis 0 with size 4670283
[2026-07-08 07:29:10][CRITICAL] SIM_BRIDGE: Error during simulation step: index 4670415 is out of bounds for axis 0 with size 4670283
Traceback (most recent call last):
  File "E:\Documents\Projects\sim\sim\bridge.py", line 7080, in _run_one_simulation_step
    gain_here = self.cp_plasticity_rate_gain[stdp_active_indices]
                ~~~~~~~~~~~~~~~~~~~~~~~~~~~~^^^^^^^^^^^^^^^^^^^^^
IndexError: index 4670415 is out of bounds for axis 0 with size 4670283
[2026-07-08 07:29:10][CRITICAL] SIM_BRIDGE: Error during simulation step: index 4670406 is out of bounds for axis 0 with size 4670283
Traceback (most recent call last):
  File "E:\Documents\Projects\sim\sim\bridge.py", line 7080, in _run_one_simulation_step
    gain_here = self.cp_plasticity_rate_gain[stdp_active_indices]
                ~~~~~~~~~~~~~~~~~~~~~~~~~~~~^^^^^^^^^^^^^^^^^^^^^
IndexError: index 4670406 is out of bounds for axis 0 with size 4670283
[2026-07-08 07:29:10][CRITICAL] SIM_BRIDGE: Error during simulation step: index 4670405 is out of bounds for axis 0 with size 4670283
Traceback (most recent call last):
  File "E:\Documents\Projects\sim\sim\bridge.py", line 7080, in _run_one_simulation_step
    gain_here = self.cp_plasticity_rate_gain[stdp_active_indices]
                ~~~~~~~~~~~~~~~~~~~~~~~~~~~~^^^^^^^^^^^^^^^^^^^^^
IndexError: index 4670405 is out of bounds for axis 0 with size 4670283
[2026-07-08 07:29:10][CRITICAL] SIM_BRIDGE: Error during simulation step: index 4670406 is out of bounds for axis 0 with size 4670283
Traceback (most recent call last):
  File "E:\Documents\Projects\sim\sim\bridge.py", line 7080, in _run_one_simulation_step
    gain_here = self.cp_plasticity_rate_gain[stdp_active_indices]
                ~~~~~~~~~~~~~~~~~~~~~~~~~~~~^^^^^^^^^^^^^^^^^^^^^
IndexError: index 4670406 is out of bounds for axis 0 with size 4670283
[2026-07-08 07:29:10][CRITICAL] SIM_BRIDGE: Error during simulation step: index 4670415 is out of bounds for axis 0 with size 4670283
Traceback (most recent call last):
  File "E:\Documents\Projects\sim\sim\bridge.py", line 7080, in _run_one_simulation_step
    gain_here = self.cp_plasticity_rate_gain[stdp_active_indices]
                ~~~~~~~~~~~~~~~~~~~~~~~~~~~~^^^^^^^^^^^^^^^^^^^^^
IndexError: index 4670415 is out of bounds for axis 0 with size 4670283
[2026-07-08 07:29:10][CRITICAL] SIM_BRIDGE: Error during simulation step: index 4670395 is out of bounds for axis 0 with size 4670283
Traceback (most recent call last):
  File "E:\Documents\Projects\sim\sim\bridge.py", line 7080, in _run_one_simulation_step
    gain_here = self.cp_plasticity_rate_gain[stdp_active_indices]
                ~~~~~~~~~~~~~~~~~~~~~~~~~~~~^^^^^^^^^^^^^^^^^^^^^
IndexError: index 4670395 is out of bounds for axis 0 with size 4670283
[2026-07-08 07:29:10][CRITICAL] SIM_BRIDGE: Error during simulation step: index 4670407 is out of bounds for axis 0 with size 4670283
Traceback (most recent call last):
  File "E:\Documents\Projects\sim\sim\bridge.py", line 7080, in _run_one_simulation_step
    gain_here = self.cp_plasticity_rate_gain[stdp_active_indices]
                ~~~~~~~~~~~~~~~~~~~~~~~~~~~~^^^^^^^^^^^^^^^^^^^^^
IndexError: index 4670407 is out of bounds for axis 0 with size 4670283
[2026-07-08 07:29:10][CRITICAL] SIM_BRIDGE: Error during simulation step: index 4670382 is out of bounds for axis 0 with size 4670283
Traceback (most recent call last):
  File "E:\Documents\Projects\sim\sim\bridge.py", line 7080, in _run_one_simulation_step
    gain_here = self.cp_plasticity_rate_gain[stdp_active_indices]
                ~~~~~~~~~~~~~~~~~~~~~~~~~~~~^^^^^^^^^^^^^^^^^^^^^
IndexError: index 4670382 is out of bounds for axis 0 with size 4670283
[2026-07-08 07:29:10][CRITICAL] SIM_BRIDGE: Error during simulation step: index 4670405 is out of bounds for axis 0 with size 4670283
Traceback (most recent call last):
  File "E:\Documents\Projects\sim\sim\bridge.py", line 7080, in _run_one_simulation_step
    gain_here = self.cp_plasticity_rate_gain[stdp_active_indices]
                ~~~~~~~~~~~~~~~~~~~~~~~~~~~~^^^^^^^^^^^^^^^^^^^^^
IndexError: index 4670405 is out of bounds for axis 0 with size 4670283
[2026-07-08 07:29:10][CRITICAL] SIM_BRIDGE: Error during simulation step: index 4670350 is out of bounds for axis 0 with size 4670283
Traceback (most recent call last):
  File "E:\Documents\Projects\sim\sim\bridge.py", line 7080, in _run_one_simulation_step
    gain_here = self.cp_plasticity_rate_gain[stdp_active_indices]
                ~~~~~~~~~~~~~~~~~~~~~~~~~~~~^^^^^^^^^^^^^^^^^^^^^
IndexError: index 4670350 is out of bounds for axis 0 with size 4670283
[2026-07-08 07:29:11][CRITICAL] SIM_BRIDGE: Error during simulation step: index 4670407 is out of bounds for axis 0 with size 4670283
Traceback (most recent call last):
  File "E:\Documents\Projects\sim\sim\bridge.py", line 7080, in _run_one_simulation_step
    gain_here = self.cp_plasticity_rate_gain[stdp_active_indices]
                ~~~~~~~~~~~~~~~~~~~~~~~~~~~~^^^^^^^^^^^^^^^^^^^^^
IndexError: index 4670407 is out of bounds for axis 0 with size 4670283
[2026-07-08 07:29:11][CRITICAL] SIM_BRIDGE: Error during simulation step: index 4670350 is out of bounds for axis 0 with size 4670283
Traceback (most recent call last):
  File "E:\Documents\Projects\sim\sim\bridge.py", line 7080, in _run_one_simulation_step
    gain_here = self.cp_plasticity_rate_gain[stdp_active_indices]
                ~~~~~~~~~~~~~~~~~~~~~~~~~~~~^^^^^^^^^^^^^^^^^^^^^
IndexError: index 4670350 is out of bounds for axis 0 with size 4670283
[2026-07-08 07:29:11][CRITICAL] SIM_BRIDGE: Error during simulation step: index 4670407 is out of bounds for axis 0 with size 4670283
Traceback (most recent call last):
  File "E:\Documents\Projects\sim\sim\bridge.py", line 7080, in _run_one_simulation_step
    gain_here = self.cp_plasticity_rate_gain[stdp_active_indices]
                ~~~~~~~~~~~~~~~~~~~~~~~~~~~~^^^^^^^^^^^^^^^^^^^^^
IndexError: index 4670407 is out of bounds for axis 0 with size 4670283
[2026-07-08 07:29:11][CRITICAL] SIM_BRIDGE: Error during simulation step: index 4670350 is out of bounds for axis 0 with size 4670283
Traceback (most recent call last):
  File "E:\Documents\Projects\sim\sim\bridge.py", line 7080, in _run_one_simulation_step
    gain_here = self.cp_plasticity_rate_gain[stdp_active_indices]
                ~~~~~~~~~~~~~~~~~~~~~~~~~~~~^^^^^^^^^^^^^^^^^^^^^
IndexError: index 4670350 is out of bounds for axis 0 with size 4670283
[2026-07-08 07:29:11][CRITICAL] SIM_BRIDGE: Error during simulation step: index 4670405 is out of bounds for axis 0 with size 4670283
Traceback (most recent call last):
  File "E:\Documents\Projects\sim\sim\bridge.py", line 7080, in _run_one_simulation_step
    gain_here = self.cp_plasticity_rate_gain[stdp_active_indices]
                ~~~~~~~~~~~~~~~~~~~~~~~~~~~~^^^^^^^^^^^^^^^^^^^^^
IndexError: index 4670405 is out of bounds for axis 0 with size 4670283
[2026-07-08 07:29:11][CRITICAL] SIM_BRIDGE: Error during simulation step: index 4670350 is out of bounds for axis 0 with size 4670283
Traceback (most recent call last):
  File "E:\Documents\Projects\sim\sim\bridge.py", line 7080, in _run_one_simulation_step
    gain_here = self.cp_plasticity_rate_gain[stdp_active_indices]
                ~~~~~~~~~~~~~~~~~~~~~~~~~~~~^^^^^^^^^^^^^^^^^^^^^
IndexError: index 4670350 is out of bounds for axis 0 with size 4670283
[2026-07-08 07:29:11][CRITICAL] SIM_BRIDGE: Error during simulation step: index 4670406 is out of bounds for axis 0 with size 4670283
Traceback (most recent call last):
  File "E:\Documents\Projects\sim\sim\bridge.py", line 7080, in _run_one_simulation_step
    gain_here = self.cp_plasticity_rate_gain[stdp_active_indices]
                ~~~~~~~~~~~~~~~~~~~~~~~~~~~~^^^^^^^^^^^^^^^^^^^^^
IndexError: index 4670406 is out of bounds for axis 0 with size 4670283
[2026-07-08 07:29:11][CRITICAL] SIM_BRIDGE: Error during simulation step: index 4670410 is out of bounds for axis 0 with size 4670283
Traceback (most recent call last):
  File "E:\Documents\Projects\sim\sim\bridge.py", line 7080, in _run_one_simulation_step
    gain_here = self.cp_plasticity_rate_gain[stdp_active_indices]
                ~~~~~~~~~~~~~~~~~~~~~~~~~~~~^^^^^^^^^^^^^^^^^^^^^
IndexError: index 4670410 is out of bounds for axis 0 with size 4670283
[2026-07-08 07:29:11][CRITICAL] SIM_BRIDGE: Error during simulation step: index 4670423 is out of bounds for axis 0 with size 4670283
Traceback (most recent call last):
  File "E:\Documents\Projects\sim\sim\bridge.py", line 7080, in _run_one_simulation_step
    gain_here = self.cp_plasticity_rate_gain[stdp_active_indices]
                ~~~~~~~~~~~~~~~~~~~~~~~~~~~~^^^^^^^^^^^^^^^^^^^^^
IndexError: index 4670423 is out of bounds for axis 0 with size 4670283
[2026-07-08 07:29:11][CRITICAL] SIM_BRIDGE: Error during simulation step: index 4670405 is out of bounds for axis 0 with size 4670283
Traceback (most recent call last):
  File "E:\Documents\Projects\sim\sim\bridge.py", line 7080, in _run_one_simulation_step
    gain_here = self.cp_plasticity_rate_gain[stdp_active_indices]
                ~~~~~~~~~~~~~~~~~~~~~~~~~~~~^^^^^^^^^^^^^^^^^^^^^
IndexError: index 4670405 is out of bounds for axis 0 with size 4670283
[2026-07-08 07:29:11][CRITICAL] SIM_BRIDGE: Error during simulation step: index 4670409 is out of bounds for axis 0 with size 4670283
Traceback (most recent call last):
  File "E:\Documents\Projects\sim\sim\bridge.py", line 7080, in _run_one_simulation_step
    gain_here = self.cp_plasticity_rate_gain[stdp_active_indices]
                ~~~~~~~~~~~~~~~~~~~~~~~~~~~~^^^^^^^^^^^^^^^^^^^^^
IndexError: index 4670409 is out of bounds for axis 0 with size 4670283
[2026-07-08 07:29:11][CRITICAL] SIM_BRIDGE: Error during simulation step: index 4670353 is out of bounds for axis 0 with size 4670283
Traceback (most recent call last):
  File "E:\Documents\Projects\sim\sim\bridge.py", line 7080, in _run_one_simulation_step
    gain_here = self.cp_plasticity_rate_gain[stdp_active_indices]
                ~~~~~~~~~~~~~~~~~~~~~~~~~~~~^^^^^^^^^^^^^^^^^^^^^
IndexError: index 4670353 is out of bounds for axis 0 with size 4670283
[2026-07-08 07:29:11][CRITICAL] SIM_BRIDGE: Error during simulation step: index 4670407 is out of bounds for axis 0 with size 4670283
Traceback (most recent call last):
  File "E:\Documents\Projects\sim\sim\bridge.py", line 7080, in _run_one_simulation_step
    gain_here = self.cp_plasticity_rate_gain[stdp_active_indices]
                ~~~~~~~~~~~~~~~~~~~~~~~~~~~~^^^^^^^^^^^^^^^^^^^^^
IndexError: index 4670407 is out of bounds for axis 0 with size 4670283
[2026-07-08 07:29:11][CRITICAL] SIM_BRIDGE: Error during simulation step: index 4670410 is out of bounds for axis 0 with size 4670283
Traceback (most recent call last):
  File "E:\Documents\Projects\sim\sim\bridge.py", line 7080, in _run_one_simulation_step
    gain_here = self.cp_plasticity_rate_gain[stdp_active_indices]
                ~~~~~~~~~~~~~~~~~~~~~~~~~~~~^^^^^^^^^^^^^^^^^^^^^
IndexError: index 4670410 is out of bounds for axis 0 with size 4670283
[2026-07-08 07:29:11][CRITICAL] SIM_BRIDGE: Error during simulation step: index 4670322 is out of bounds for axis 0 with size 4670283
Traceback (most recent call last):
  File "E:\Documents\Projects\sim\sim\bridge.py", line 7080, in _run_one_simulation_step
    gain_here = self.cp_plasticity_rate_gain[stdp_active_indices]
                ~~~~~~~~~~~~~~~~~~~~~~~~~~~~^^^^^^^^^^^^^^^^^^^^^
IndexError: index 4670322 is out of bounds for axis 0 with size 4670283
[2026-07-08 07:29:11][CRITICAL] SIM_BRIDGE: Error during simulation step: index 4670405 is out of bounds for axis 0 with size 4670283
Traceback (most recent call last):
  File "E:\Documents\Projects\sim\sim\bridge.py", line 7080, in _run_one_simulation_step
    gain_here = self.cp_plasticity_rate_gain[stdp_active_indices]
                ~~~~~~~~~~~~~~~~~~~~~~~~~~~~^^^^^^^^^^^^^^^^^^^^^
IndexError: index 4670405 is out of bounds for axis 0 with size 4670283
[2026-07-08 07:29:11][CRITICAL] SIM_BRIDGE: Error during simulation step: index 4670410 is out of bounds for axis 0 with size 4670283
Traceback (most recent call last):
  File "E:\Documents\Projects\sim\sim\bridge.py", line 7080, in _run_one_simulation_step
    gain_here = self.cp_plasticity_rate_gain[stdp_active_indices]
                ~~~~~~~~~~~~~~~~~~~~~~~~~~~~^^^^^^^^^^^^^^^^^^^^^
IndexError: index 4670410 is out of bounds for axis 0 with size 4670283
[2026-07-08 07:29:11][CRITICAL] SIM_BRIDGE: Error during simulation step: index 4670319 is out of bounds for axis 0 with size 4670283
Traceback (most recent call last):
  File "E:\Documents\Projects\sim\sim\bridge.py", line 7080, in _run_one_simulation_step
    gain_here = self.cp_plasticity_rate_gain[stdp_active_indices]
                ~~~~~~~~~~~~~~~~~~~~~~~~~~~~^^^^^^^^^^^^^^^^^^^^^
IndexError: index 4670319 is out of bounds for axis 0 with size 4670283
[2026-07-08 07:29:11][CRITICAL] SIM_BRIDGE: Error during simulation step: index 4670413 is out of bounds for axis 0 with size 4670283
Traceback (most recent call last):
  File "E:\Documents\Projects\sim\sim\bridge.py", line 7080, in _run_one_simulation_step
    gain_here = self.cp_plasticity_rate_gain[stdp_active_indices]
                ~~~~~~~~~~~~~~~~~~~~~~~~~~~~^^^^^^^^^^^^^^^^^^^^^
IndexError: index 4670413 is out of bounds for axis 0 with size 4670283
[2026-07-08 07:29:11][CRITICAL] SIM_BRIDGE: Error during simulation step: index 4670410 is out of bounds for axis 0 with size 4670283
Traceback (most recent call last):
  File "E:\Documents\Projects\sim\sim\bridge.py", line 7080, in _run_one_simulation_step
    gain_here = self.cp_plasticity_rate_gain[stdp_active_indices]
                ~~~~~~~~~~~~~~~~~~~~~~~~~~~~^^^^^^^^^^^^^^^^^^^^^
IndexError: index 4670410 is out of bounds for axis 0 with size 4670283
[2026-07-08 07:29:11][CRITICAL] SIM_BRIDGE: Error during simulation step: index 4670357 is out of bounds for axis 0 with size 4670283
Traceback (most recent call last):
  File "E:\Documents\Projects\sim\sim\bridge.py", line 7080, in _run_one_simulation_step
    gain_here = self.cp_plasticity_rate_gain[stdp_active_indices]
                ~~~~~~~~~~~~~~~~~~~~~~~~~~~~^^^^^^^^^^^^^^^^^^^^^
IndexError: index 4670357 is out of bounds for axis 0 with size 4670283
[2026-07-08 07:29:11][CRITICAL] SIM_BRIDGE: Error during simulation step: index 4670408 is out of bounds for axis 0 with size 4670283
Traceback (most recent call last):
  File "E:\Documents\Projects\sim\sim\bridge.py", line 7080, in _run_one_simulation_step
    gain_here = self.cp_plasticity_rate_gain[stdp_active_indices]
                ~~~~~~~~~~~~~~~~~~~~~~~~~~~~^^^^^^^^^^^^^^^^^^^^^
IndexError: index 4670408 is out of bounds for axis 0 with size 4670283
[2026-07-08 07:29:11][CRITICAL] SIM_BRIDGE: Error during simulation step: index 4670357 is out of bounds for axis 0 with size 4670283
Traceback (most recent call last):
  File "E:\Documents\Projects\sim\sim\bridge.py", line 7080, in _run_one_simulation_step
    gain_here = self.cp_plasticity_rate_gain[stdp_active_indices]
                ~~~~~~~~~~~~~~~~~~~~~~~~~~~~^^^^^^^^^^^^^^^^^^^^^
IndexError: index 4670357 is out of bounds for axis 0 with size 4670283
[2026-07-08 07:29:12][CRITICAL] SIM_BRIDGE: Error during simulation step: index 4670406 is out of bounds for axis 0 with size 4670283
Traceback (most recent call last):
  File "E:\Documents\Projects\sim\sim\bridge.py", line 7080, in _run_one_simulation_step
    gain_here = self.cp_plasticity_rate_gain[stdp_active_indices]
                ~~~~~~~~~~~~~~~~~~~~~~~~~~~~^^^^^^^^^^^^^^^^^^^^^
IndexError: index 4670406 is out of bounds for axis 0 with size 4670283
[2026-07-08 07:29:12][CRITICAL] SIM_BRIDGE: Error during simulation step: index 4670357 is out of bounds for axis 0 with size 4670283
Traceback (most recent call last):
  File "E:\Documents\Projects\sim\sim\bridge.py", line 7080, in _run_one_simulation_step
    gain_here = self.cp_plasticity_rate_gain[stdp_active_indices]
                ~~~~~~~~~~~~~~~~~~~~~~~~~~~~^^^^^^^^^^^^^^^^^^^^^
IndexError: index 4670357 is out of bounds for axis 0 with size 4670283
[2026-07-08 07:29:12][CRITICAL] SIM_BRIDGE: Error during simulation step: index 4670408 is out of bounds for axis 0 with size 4670283
Traceback (most recent call last):
  File "E:\Documents\Projects\sim\sim\bridge.py", line 7080, in _run_one_simulation_step
    gain_here = self.cp_plasticity_rate_gain[stdp_active_indices]
                ~~~~~~~~~~~~~~~~~~~~~~~~~~~~^^^^^^^^^^^^^^^^^^^^^
IndexError: index 4670408 is out of bounds for axis 0 with size 4670283
[2026-07-08 07:29:12][CRITICAL] SIM_BRIDGE: Error during simulation step: index 4670357 is out of bounds for axis 0 with size 4670283
Traceback (most recent call last):
  File "E:\Documents\Projects\sim\sim\bridge.py", line 7080, in _run_one_simulation_step
    gain_here = self.cp_plasticity_rate_gain[stdp_active_indices]
                ~~~~~~~~~~~~~~~~~~~~~~~~~~~~^^^^^^^^^^^^^^^^^^^^^
IndexError: index 4670357 is out of bounds for axis 0 with size 4670283
[2026-07-08 07:29:12][CRITICAL] SIM_BRIDGE: Error during simulation step: index 4670408 is out of bounds for axis 0 with size 4670283
Traceback (most recent call last):
  File "E:\Documents\Projects\sim\sim\bridge.py", line 7080, in _run_one_simulation_step
    gain_here = self.cp_plasticity_rate_gain[stdp_active_indices]
                ~~~~~~~~~~~~~~~~~~~~~~~~~~~~^^^^^^^^^^^^^^^^^^^^^
IndexError: index 4670408 is out of bounds for axis 0 with size 4670283
[2026-07-08 07:29:12][CRITICAL] SIM_BRIDGE: Error during simulation step: index 4670357 is out of bounds for axis 0 with size 4670283
Traceback (most recent call last):
  File "E:\Documents\Projects\sim\sim\bridge.py", line 7080, in _run_one_simulation_step
    gain_here = self.cp_plasticity_rate_gain[stdp_active_indices]
                ~~~~~~~~~~~~~~~~~~~~~~~~~~~~^^^^^^^^^^^^^^^^^^^^^
IndexError: index 4670357 is out of bounds for axis 0 with size 4670283
[2026-07-08 07:29:12][CRITICAL] SIM_BRIDGE: Error during simulation step: index 4670284 is out of bounds for axis 0 with size 4670283
Traceback (most recent call last):
  File "E:\Documents\Projects\sim\sim\bridge.py", line 7080, in _run_one_simulation_step
    gain_here = self.cp_plasticity_rate_gain[stdp_active_indices]
                ~~~~~~~~~~~~~~~~~~~~~~~~~~~~^^^^^^^^^^^^^^^^^^^^^
IndexError: index 4670284 is out of bounds for axis 0 with size 4670283
[2026-07-08 07:29:12][CRITICAL] SIM_BRIDGE: Error during simulation step: index 4670407 is out of bounds for axis 0 with size 4670283
Traceback (most recent call last):
  File "E:\Documents\Projects\sim\sim\bridge.py", line 7080, in _run_one_simulation_step
    gain_here = self.cp_plasticity_rate_gain[stdp_active_indices]
                ~~~~~~~~~~~~~~~~~~~~~~~~~~~~^^^^^^^^^^^^^^^^^^^^^
IndexError: index 4670407 is out of bounds for axis 0 with size 4670283
[2026-07-08 07:29:12][CRITICAL] SIM_BRIDGE: Error during simulation step: index 4670408 is out of bounds for axis 0 with size 4670283
Traceback (most recent call last):
  File "E:\Documents\Projects\sim\sim\bridge.py", line 7080, in _run_one_simulation_step
    gain_here = self.cp_plasticity_rate_gain[stdp_active_indices]
                ~~~~~~~~~~~~~~~~~~~~~~~~~~~~^^^^^^^^^^^^^^^^^^^^^
IndexError: index 4670408 is out of bounds for axis 0 with size 4670283
[2026-07-08 07:29:12][CRITICAL] SIM_BRIDGE: Error during simulation step: index 4670419 is out of bounds for axis 0 with size 4670283
Traceback (most recent call last):
  File "E:\Documents\Projects\sim\sim\bridge.py", line 7080, in _run_one_simulation_step
    gain_here = self.cp_plasticity_rate_gain[stdp_active_indices]
                ~~~~~~~~~~~~~~~~~~~~~~~~~~~~^^^^^^^^^^^^^^^^^^^^^
IndexError: index 4670419 is out of bounds for axis 0 with size 4670283
[2026-07-08 07:29:12][CRITICAL] SIM_BRIDGE: Error during simulation step: index 4670408 is out of bounds for axis 0 with size 4670283
Traceback (most recent call last):
  File "E:\Documents\Projects\sim\sim\bridge.py", line 7080, in _run_one_simulation_step
    gain_here = self.cp_plasticity_rate_gain[stdp_active_indices]
                ~~~~~~~~~~~~~~~~~~~~~~~~~~~~^^^^^^^^^^^^^^^^^^^^^
IndexError: index 4670408 is out of bounds for axis 0 with size 4670283
[2026-07-08 07:29:12][CRITICAL] SIM_BRIDGE: Error during simulation step: index 4670325 is out of bounds for axis 0 with size 4670283
Traceback (most recent call last):
  File "E:\Documents\Projects\sim\sim\bridge.py", line 7080, in _run_one_simulation_step
    gain_here = self.cp_plasticity_rate_gain[stdp_active_indices]
                ~~~~~~~~~~~~~~~~~~~~~~~~~~~~^^^^^^^^^^^^^^^^^^^^^
IndexError: index 4670325 is out of bounds for axis 0 with size 4670283
[2026-07-08 07:29:12][CRITICAL] SIM_BRIDGE: Error during simulation step: index 4670408 is out of bounds for axis 0 with size 4670283
Traceback (most recent call last):
  File "E:\Documents\Projects\sim\sim\bridge.py", line 7080, in _run_one_simulation_step
    gain_here = self.cp_plasticity_rate_gain[stdp_active_indices]
                ~~~~~~~~~~~~~~~~~~~~~~~~~~~~^^^^^^^^^^^^^^^^^^^^^
IndexError: index 4670408 is out of bounds for axis 0 with size 4670283
[2026-07-08 07:29:12][CRITICAL] SIM_BRIDGE: Error during simulation step: index 4670406 is out of bounds for axis 0 with size 4670283
Traceback (most recent call last):
  File "E:\Documents\Projects\sim\sim\bridge.py", line 7080, in _run_one_simulation_step
    gain_here = self.cp_plasticity_rate_gain[stdp_active_indices]
                ~~~~~~~~~~~~~~~~~~~~~~~~~~~~^^^^^^^^^^^^^^^^^^^^^
IndexError: index 4670406 is out of bounds for axis 0 with size 4670283
[2026-07-08 07:29:12][CRITICAL] SIM_BRIDGE: Error during simulation step: index 4670410 is out of bounds for axis 0 with size 4670283
Traceback (most recent call last):
  File "E:\Documents\Projects\sim\sim\bridge.py", line 7080, in _run_one_simulation_step
    gain_here = self.cp_plasticity_rate_gain[stdp_active_indices]
                ~~~~~~~~~~~~~~~~~~~~~~~~~~~~^^^^^^^^^^^^^^^^^^^^^
IndexError: index 4670410 is out of bounds for axis 0 with size 4670283
[2026-07-08 07:29:12][CRITICAL] SIM_BRIDGE: Error during simulation step: index 4670406 is out of bounds for axis 0 with size 4670283
Traceback (most recent call last):
  File "E:\Documents\Projects\sim\sim\bridge.py", line 7080, in _run_one_simulation_step
    gain_here = self.cp_plasticity_rate_gain[stdp_active_indices]
                ~~~~~~~~~~~~~~~~~~~~~~~~~~~~^^^^^^^^^^^^^^^^^^^^^
IndexError: index 4670406 is out of bounds for axis 0 with size 4670283
[2026-07-08 07:29:12][CRITICAL] SIM_BRIDGE: Error during simulation step: index 4670421 is out of bounds for axis 0 with size 4670283
Traceback (most recent call last):
  File "E:\Documents\Projects\sim\sim\bridge.py", line 7080, in _run_one_simulation_step
    gain_here = self.cp_plasticity_rate_gain[stdp_active_indices]
                ~~~~~~~~~~~~~~~~~~~~~~~~~~~~^^^^^^^^^^^^^^^^^^^^^
IndexError: index 4670421 is out of bounds for axis 0 with size 4670283
[2026-07-08 07:29:12][CRITICAL] SIM_BRIDGE: Error during simulation step: index 4670405 is out of bounds for axis 0 with size 4670283
Traceback (most recent call last):
  File "E:\Documents\Projects\sim\sim\bridge.py", line 7080, in _run_one_simulation_step
    gain_here = self.cp_plasticity_rate_gain[stdp_active_indices]
                ~~~~~~~~~~~~~~~~~~~~~~~~~~~~^^^^^^^^^^^^^^^^^^^^^
IndexError: index 4670405 is out of bounds for axis 0 with size 4670283
[2026-07-08 07:29:12][CRITICAL] SIM_BRIDGE: Error during simulation step: index 4670406 is out of bounds for axis 0 with size 4670283
Traceback (most recent call last):
  File "E:\Documents\Projects\sim\sim\bridge.py", line 7080, in _run_one_simulation_step
    gain_here = self.cp_plasticity_rate_gain[stdp_active_indices]
                ~~~~~~~~~~~~~~~~~~~~~~~~~~~~^^^^^^^^^^^^^^^^^^^^^
IndexError: index 4670406 is out of bounds for axis 0 with size 4670283
[2026-07-08 07:29:12][CRITICAL] SIM_BRIDGE: Error during simulation step: index 4670414 is out of bounds for axis 0 with size 4670283
Traceback (most recent call last):
  File "E:\Documents\Projects\sim\sim\bridge.py", line 7080, in _run_one_simulation_step
    gain_here = self.cp_plasticity_rate_gain[stdp_active_indices]
                ~~~~~~~~~~~~~~~~~~~~~~~~~~~~^^^^^^^^^^^^^^^^^^^^^
IndexError: index 4670414 is out of bounds for axis 0 with size 4670283
[2026-07-08 07:29:12][CRITICAL] SIM_BRIDGE: Error during simulation step: index 4670409 is out of bounds for axis 0 with size 4670283
Traceback (most recent call last):
  File "E:\Documents\Projects\sim\sim\bridge.py", line 7080, in _run_one_simulation_step
    gain_here = self.cp_plasticity_rate_gain[stdp_active_indices]
                ~~~~~~~~~~~~~~~~~~~~~~~~~~~~^^^^^^^^^^^^^^^^^^^^^
IndexError: index 4670409 is out of bounds for axis 0 with size 4670283
[2026-07-08 07:29:12][CRITICAL] SIM_BRIDGE: Error during simulation step: index 4670406 is out of bounds for axis 0 with size 4670283
Traceback (most recent call last):
  File "E:\Documents\Projects\sim\sim\bridge.py", line 7080, in _run_one_simulation_step
    gain_here = self.cp_plasticity_rate_gain[stdp_active_indices]
                ~~~~~~~~~~~~~~~~~~~~~~~~~~~~^^^^^^^^^^^^^^^^^^^^^
IndexError: index 4670406 is out of bounds for axis 0 with size 4670283
[2026-07-08 07:29:13][CRITICAL] SIM_BRIDGE: Error during simulation step: index 4670405 is out of bounds for axis 0 with size 4670283
Traceback (most recent call last):
  File "E:\Documents\Projects\sim\sim\bridge.py", line 7080, in _run_one_simulation_step
    gain_here = self.cp_plasticity_rate_gain[stdp_active_indices]
                ~~~~~~~~~~~~~~~~~~~~~~~~~~~~^^^^^^^^^^^^^^^^^^^^^
IndexError: index 4670405 is out of bounds for axis 0 with size 4670283
[2026-07-08 07:29:13][CRITICAL] SIM_BRIDGE: Error during simulation step: index 4670410 is out of bounds for axis 0 with size 4670283
Traceback (most recent call last):
  File "E:\Documents\Projects\sim\sim\bridge.py", line 7080, in _run_one_simulation_step
    gain_here = self.cp_plasticity_rate_gain[stdp_active_indices]
                ~~~~~~~~~~~~~~~~~~~~~~~~~~~~^^^^^^^^^^^^^^^^^^^^^
IndexError: index 4670410 is out of bounds for axis 0 with size 4670283
[2026-07-08 07:29:13][CRITICAL] SIM_BRIDGE: Error during simulation step: index 4670358 is out of bounds for axis 0 with size 4670283
Traceback (most recent call last):
  File "E:\Documents\Projects\sim\sim\bridge.py", line 7080, in _run_one_simulation_step
    gain_here = self.cp_plasticity_rate_gain[stdp_active_indices]
                ~~~~~~~~~~~~~~~~~~~~~~~~~~~~^^^^^^^^^^^^^^^^^^^^^
IndexError: index 4670358 is out of bounds for axis 0 with size 4670283
[2026-07-08 07:29:13][CRITICAL] SIM_BRIDGE: Error during simulation step: index 4670409 is out of bounds for axis 0 with size 4670283
Traceback (most recent call last):
  File "E:\Documents\Projects\sim\sim\bridge.py", line 7080, in _run_one_simulation_step
    gain_here = self.cp_plasticity_rate_gain[stdp_active_indices]
                ~~~~~~~~~~~~~~~~~~~~~~~~~~~~^^^^^^^^^^^^^^^^^^^^^
IndexError: index 4670409 is out of bounds for axis 0 with size 4670283
[2026-07-08 07:29:13][CRITICAL] SIM_BRIDGE: Error during simulation step: index 4670358 is out of bounds for axis 0 with size 4670283
Traceback (most recent call last):
  File "E:\Documents\Projects\sim\sim\bridge.py", line 7080, in _run_one_simulation_step
    gain_here = self.cp_plasticity_rate_gain[stdp_active_indices]
                ~~~~~~~~~~~~~~~~~~~~~~~~~~~~^^^^^^^^^^^^^^^^^^^^^
IndexError: index 4670358 is out of bounds for axis 0 with size 4670283
[2026-07-08 07:29:13][CRITICAL] SIM_BRIDGE: Error during simulation step: index 4670329 is out of bounds for axis 0 with size 4670283
Traceback (most recent call last):
  File "E:\Documents\Projects\sim\sim\bridge.py", line 7080, in _run_one_simulation_step
    gain_here = self.cp_plasticity_rate_gain[stdp_active_indices]
                ~~~~~~~~~~~~~~~~~~~~~~~~~~~~^^^^^^^^^^^^^^^^^^^^^
IndexError: index 4670329 is out of bounds for axis 0 with size 4670283
[2026-07-08 07:29:13][CRITICAL] SIM_BRIDGE: Error during simulation step: index 4670358 is out of bounds for axis 0 with size 4670283
Traceback (most recent call last):
  File "E:\Documents\Projects\sim\sim\bridge.py", line 7080, in _run_one_simulation_step
    gain_here = self.cp_plasticity_rate_gain[stdp_active_indices]
                ~~~~~~~~~~~~~~~~~~~~~~~~~~~~^^^^^^^^^^^^^^^^^^^^^
IndexError: index 4670358 is out of bounds for axis 0 with size 4670283
  ask 'what does the mouse eat?' -> "cat"  -> SPOKE OBJECT ON SPIKES [expected bear]
[2026-07-08 07:29:13][CRITICAL] SIM_BRIDGE: Error during simulation step: index 4670557 is out of bounds for axis 0 with size 4670283
Traceback (most recent call last):
  File "E:\Documents\Projects\sim\sim\bridge.py", line 7080, in _run_one_simulation_step
    gain_here = self.cp_plasticity_rate_gain[stdp_active_indices]
                ~~~~~~~~~~~~~~~~~~~~~~~~~~~~^^^^^^^^^^^^^^^^^^^^^
IndexError: index 4670557 is out of bounds for axis 0 with size 4670283
[2026-07-08 07:29:13][CRITICAL] SIM_BRIDGE: Error during simulation step: index 4670358 is out of bounds for axis 0 with size 4670283
Traceback (most recent call last):
  File "E:\Documents\Projects\sim\sim\bridge.py", line 7080, in _run_one_simulation_step
    gain_here = self.cp_plasticity_rate_gain[stdp_active_indices]
                ~~~~~~~~~~~~~~~~~~~~~~~~~~~~^^^^^^^^^^^^^^^^^^^^^
IndexError: index 4670358 is out of bounds for axis 0 with size 4670283
[2026-07-08 07:29:13][CRITICAL] SIM_BRIDGE: Error during simulation step: index 4670525 is out of bounds for axis 0 with size 4670283
Traceback (most recent call last):
  File "E:\Documents\Projects\sim\sim\bridge.py", line 7080, in _run_one_simulation_step
    gain_here = self.cp_plasticity_rate_gain[stdp_active_indices]
                ~~~~~~~~~~~~~~~~~~~~~~~~~~~~^^^^^^^^^^^^^^^^^^^^^
IndexError: index 4670525 is out of bounds for axis 0 with size 4670283
[2026-07-08 07:29:13][CRITICAL] SIM_BRIDGE: Error during simulation step: index 4670296 is out of bounds for axis 0 with size 4670283
Traceback (most recent call last):
  File "E:\Documents\Projects\sim\sim\bridge.py", line 7080, in _run_one_simulation_step
    gain_here = self.cp_plasticity_rate_gain[stdp_active_indices]
                ~~~~~~~~~~~~~~~~~~~~~~~~~~~~^^^^^^^^^^^^^^^^^^^^^
IndexError: index 4670296 is out of bounds for axis 0 with size 4670283
[2026-07-08 07:29:13][CRITICAL] SIM_BRIDGE: Error during simulation step: index 4670325 is out of bounds for axis 0 with size 4670283
Traceback (most recent call last):
  File "E:\Documents\Projects\sim\sim\bridge.py", line 7080, in _run_one_simulation_step
    gain_here = self.cp_plasticity_rate_gain[stdp_active_indices]
                ~~~~~~~~~~~~~~~~~~~~~~~~~~~~^^^^^^^^^^^^^^^^^^^^^
IndexError: index 4670325 is out of bounds for axis 0 with size 4670283
[2026-07-08 07:29:13][CRITICAL] SIM_BRIDGE: Error during simulation step: index 4670296 is out of bounds for axis 0 with size 4670283
Traceback (most recent call last):
  File "E:\Documents\Projects\sim\sim\bridge.py", line 7080, in _run_one_simulation_step
    gain_here = self.cp_plasticity_rate_gain[stdp_active_indices]
                ~~~~~~~~~~~~~~~~~~~~~~~~~~~~^^^^^^^^^^^^^^^^^^^^^
IndexError: index 4670296 is out of bounds for axis 0 with size 4670283
[2026-07-08 07:29:13][CRITICAL] SIM_BRIDGE: Error during simulation step: index 4670691 is out of bounds for axis 0 with size 4670283
Traceback (most recent call last):
  File "E:\Documents\Projects\sim\sim\bridge.py", line 7080, in _run_one_simulation_step
    gain_here = self.cp_plasticity_rate_gain[stdp_active_indices]
                ~~~~~~~~~~~~~~~~~~~~~~~~~~~~^^^^^^^^^^^^^^^^^^^^^
IndexError: index 4670691 is out of bounds for axis 0 with size 4670283
[2026-07-08 07:29:13][CRITICAL] SIM_BRIDGE: Error during simulation step: index 4670525 is out of bounds for axis 0 with size 4670283
Traceback (most recent call last):
  File "E:\Documents\Projects\sim\sim\bridge.py", line 7080, in _run_one_simulation_step
    gain_here = self.cp_plasticity_rate_gain[stdp_active_indices]
                ~~~~~~~~~~~~~~~~~~~~~~~~~~~~^^^^^^^^^^^^^^^^^^^^^
IndexError: index 4670525 is out of bounds for axis 0 with size 4670283
[2026-07-08 07:29:13][CRITICAL] SIM_BRIDGE: Error during simulation step: index 4670881 is out of bounds for axis 0 with size 4670283
Traceback (most recent call last):
  File "E:\Documents\Projects\sim\sim\bridge.py", line 7080, in _run_one_simulation_step
    gain_here = self.cp_plasticity_rate_gain[stdp_active_indices]
                ~~~~~~~~~~~~~~~~~~~~~~~~~~~~^^^^^^^^^^^^^^^^^^^^^
IndexError: index 4670881 is out of bounds for axis 0 with size 4670283
[2026-07-08 07:29:13][CRITICAL] SIM_BRIDGE: Error during simulation step: index 4670885 is out of bounds for axis 0 with size 4670283
Traceback (most recent call last):
  File "E:\Documents\Projects\sim\sim\bridge.py", line 7080, in _run_one_simulation_step
    gain_here = self.cp_plasticity_rate_gain[stdp_active_indices]
                ~~~~~~~~~~~~~~~~~~~~~~~~~~~~^^^^^^^^^^^^^^^^^^^^^
IndexError: index 4670885 is out of bounds for axis 0 with size 4670283
[2026-07-08 07:29:13][CRITICAL] SIM_BRIDGE: Error during simulation step: index 4671413 is out of bounds for axis 0 with size 4670283
Traceback (most recent call last):
  File "E:\Documents\Projects\sim\sim\bridge.py", line 7080, in _run_one_simulation_step
    gain_here = self.cp_plasticity_rate_gain[stdp_active_indices]
                ~~~~~~~~~~~~~~~~~~~~~~~~~~~~^^^^^^^^^^^^^^^^^^^^^
IndexError: index 4671413 is out of bounds for axis 0 with size 4670283
[2026-07-08 07:29:14][CRITICAL] SIM_BRIDGE: Error during simulation step: index 4670524 is out of bounds for axis 0 with size 4670283
Traceback (most recent call last):
  File "E:\Documents\Projects\sim\sim\bridge.py", line 7080, in _run_one_simulation_step
    gain_here = self.cp_plasticity_rate_gain[stdp_active_indices]
                ~~~~~~~~~~~~~~~~~~~~~~~~~~~~^^^^^^^^^^^^^^^^^^^^^
IndexError: index 4670524 is out of bounds for axis 0 with size 4670283
[2026-07-08 07:29:14][CRITICAL] SIM_BRIDGE: Error during simulation step: index 4670531 is out of bounds for axis 0 with size 4670283
Traceback (most recent call last):
  File "E:\Documents\Projects\sim\sim\bridge.py", line 7080, in _run_one_simulation_step
    gain_here = self.cp_plasticity_rate_gain[stdp_active_indices]
                ~~~~~~~~~~~~~~~~~~~~~~~~~~~~^^^^^^^^^^^^^^^^^^^^^
IndexError: index 4670531 is out of bounds for axis 0 with size 4670283
[2026-07-08 07:29:14][CRITICAL] SIM_BRIDGE: Error during simulation step: index 4672435 is out of bounds for axis 0 with size 4670283
Traceback (most recent call last):
  File "E:\Documents\Projects\sim\sim\bridge.py", line 7080, in _run_one_simulation_step
    gain_here = self.cp_plasticity_rate_gain[stdp_active_indices]
                ~~~~~~~~~~~~~~~~~~~~~~~~~~~~^^^^^^^^^^^^^^^^^^^^^
IndexError: index 4672435 is out of bounds for axis 0 with size 4670283
[2026-07-08 07:29:14][CRITICAL] SIM_BRIDGE: Error during simulation step: index 4670531 is out of bounds for axis 0 with size 4670283
Traceback (most recent call last):
  File "E:\Documents\Projects\sim\sim\bridge.py", line 7080, in _run_one_simulation_step
    gain_here = self.cp_plasticity_rate_gain[stdp_active_indices]
                ~~~~~~~~~~~~~~~~~~~~~~~~~~~~^^^^^^^^^^^^^^^^^^^^^
IndexError: index 4670531 is out of bounds for axis 0 with size 4670283
[2026-07-08 07:29:14][CRITICAL] SIM_BRIDGE: Error during simulation step: index 4670935 is out of bounds for axis 0 with size 4670283
Traceback (most recent call last):
  File "E:\Documents\Projects\sim\sim\bridge.py", line 7080, in _run_one_simulation_step
    gain_here = self.cp_plasticity_rate_gain[stdp_active_indices]
                ~~~~~~~~~~~~~~~~~~~~~~~~~~~~^^^^^^^^^^^^^^^^^^^^^
IndexError: index 4670935 is out of bounds for axis 0 with size 4670283
[2026-07-08 07:29:14][CRITICAL] SIM_BRIDGE: Error during simulation step: index 4670531 is out of bounds for axis 0 with size 4670283
Traceback (most recent call last):
  File "E:\Documents\Projects\sim\sim\bridge.py", line 7080, in _run_one_simulation_step
    gain_here = self.cp_plasticity_rate_gain[stdp_active_indices]
                ~~~~~~~~~~~~~~~~~~~~~~~~~~~~^^^^^^^^^^^^^^^^^^^^^
IndexError: index 4670531 is out of bounds for axis 0 with size 4670283
[2026-07-08 07:29:14][CRITICAL] SIM_BRIDGE: Error during simulation step: index 4672435 is out of bounds for axis 0 with size 4670283
Traceback (most recent call last):
  File "E:\Documents\Projects\sim\sim\bridge.py", line 7080, in _run_one_simulation_step
    gain_here = self.cp_plasticity_rate_gain[stdp_active_indices]
                ~~~~~~~~~~~~~~~~~~~~~~~~~~~~^^^^^^^^^^^^^^^^^^^^^
IndexError: index 4672435 is out of bounds for axis 0 with size 4670283
[2026-07-08 07:29:14][CRITICAL] SIM_BRIDGE: Error during simulation step: index 4670531 is out of bounds for axis 0 with size 4670283
Traceback (most recent call last):
  File "E:\Documents\Projects\sim\sim\bridge.py", line 7080, in _run_one_simulation_step
    gain_here = self.cp_plasticity_rate_gain[stdp_active_indices]
                ~~~~~~~~~~~~~~~~~~~~~~~~~~~~^^^^^^^^^^^^^^^^^^^^^
IndexError: index 4670531 is out of bounds for axis 0 with size 4670283
[2026-07-08 07:29:14][CRITICAL] SIM_BRIDGE: Error during simulation step: index 4670517 is out of bounds for axis 0 with size 4670283
Traceback (most recent call last):
  File "E:\Documents\Projects\sim\sim\bridge.py", line 7080, in _run_one_simulation_step
    gain_here = self.cp_plasticity_rate_gain[stdp_active_indices]
                ~~~~~~~~~~~~~~~~~~~~~~~~~~~~^^^^^^^^^^^^^^^^^^^^^
IndexError: index 4670517 is out of bounds for axis 0 with size 4670283
[2026-07-08 07:29:14][CRITICAL] SIM_BRIDGE: Error during simulation step: index 4670289 is out of bounds for axis 0 with size 4670283
Traceback (most recent call last):
  File "E:\Documents\Projects\sim\sim\bridge.py", line 7080, in _run_one_simulation_step
    gain_here = self.cp_plasticity_rate_gain[stdp_active_indices]
                ~~~~~~~~~~~~~~~~~~~~~~~~~~~~^^^^^^^^^^^^^^^^^^^^^
IndexError: index 4670289 is out of bounds for axis 0 with size 4670283
[2026-07-08 07:29:14][CRITICAL] SIM_BRIDGE: Error during simulation step: index 4670517 is out of bounds for axis 0 with size 4670283
Traceback (most recent call last):
  File "E:\Documents\Projects\sim\sim\bridge.py", line 7080, in _run_one_simulation_step
    gain_here = self.cp_plasticity_rate_gain[stdp_active_indices]
                ~~~~~~~~~~~~~~~~~~~~~~~~~~~~^^^^^^^^^^^^^^^^^^^^^
IndexError: index 4670517 is out of bounds for axis 0 with size 4670283
[2026-07-08 07:29:14][CRITICAL] SIM_BRIDGE: Error during simulation step: index 4670289 is out of bounds for axis 0 with size 4670283
Traceback (most recent call last):
  File "E:\Documents\Projects\sim\sim\bridge.py", line 7080, in _run_one_simulation_step
    gain_here = self.cp_plasticity_rate_gain[stdp_active_indices]
                ~~~~~~~~~~~~~~~~~~~~~~~~~~~~^^^^^^^^^^^^^^^^^^^^^
IndexError: index 4670289 is out of bounds for axis 0 with size 4670283
[2026-07-08 07:29:14][CRITICAL] SIM_BRIDGE: Error during simulation step: index 4670517 is out of bounds for axis 0 with size 4670283
Traceback (most recent call last):
  File "E:\Documents\Projects\sim\sim\bridge.py", line 7080, in _run_one_simulation_step
    gain_here = self.cp_plasticity_rate_gain[stdp_active_indices]
                ~~~~~~~~~~~~~~~~~~~~~~~~~~~~^^^^^^^^^^^^^^^^^^^^^
IndexError: index 4670517 is out of bounds for axis 0 with size 4670283
[2026-07-08 07:29:14][CRITICAL] SIM_BRIDGE: Error during simulation step: index 4670289 is out of bounds for axis 0 with size 4670283
Traceback (most recent call last):
  File "E:\Documents\Projects\sim\sim\bridge.py", line 7080, in _run_one_simulation_step
    gain_here = self.cp_plasticity_rate_gain[stdp_active_indices]
                ~~~~~~~~~~~~~~~~~~~~~~~~~~~~^^^^^^^^^^^^^^^^^^^^^
IndexError: index 4670289 is out of bounds for axis 0 with size 4670283
[2026-07-08 07:29:14][CRITICAL] SIM_BRIDGE: Error during simulation step: index 4670517 is out of bounds for axis 0 with size 4670283
Traceback (most recent call last):
  File "E:\Documents\Projects\sim\sim\bridge.py", line 7080, in _run_one_simulation_step
    gain_here = self.cp_plasticity_rate_gain[stdp_active_indices]
                ~~~~~~~~~~~~~~~~~~~~~~~~~~~~^^^^^^^^^^^^^^^^^^^^^
IndexError: index 4670517 is out of bounds for axis 0 with size 4670283
[2026-07-08 07:29:14][CRITICAL] SIM_BRIDGE: Error during simulation step: index 4670620 is out of bounds for axis 0 with size 4670283
Traceback (most recent call last):
  File "E:\Documents\Projects\sim\sim\bridge.py", line 7080, in _run_one_simulation_step
    gain_here = self.cp_plasticity_rate_gain[stdp_active_indices]
                ~~~~~~~~~~~~~~~~~~~~~~~~~~~~^^^^^^^^^^^^^^^^^^^^^
IndexError: index 4670620 is out of bounds for axis 0 with size 4670283
[2026-07-08 07:29:14][CRITICAL] SIM_BRIDGE: Error during simulation step: index 4670517 is out of bounds for axis 0 with size 4670283
Traceback (most recent call last):
  File "E:\Documents\Projects\sim\sim\bridge.py", line 7080, in _run_one_simulation_step
    gain_here = self.cp_plasticity_rate_gain[stdp_active_indices]
                ~~~~~~~~~~~~~~~~~~~~~~~~~~~~^^^^^^^^^^^^^^^^^^^^^
IndexError: index 4670517 is out of bounds for axis 0 with size 4670283
[2026-07-08 07:29:14][CRITICAL] SIM_BRIDGE: Error during simulation step: index 4670894 is out of bounds for axis 0 with size 4670283
Traceback (most recent call last):
  File "E:\Documents\Projects\sim\sim\bridge.py", line 7080, in _run_one_simulation_step
    gain_here = self.cp_plasticity_rate_gain[stdp_active_indices]
                ~~~~~~~~~~~~~~~~~~~~~~~~~~~~^^^^^^^^^^^^^^^^^^^^^
IndexError: index 4670894 is out of bounds for axis 0 with size 4670283
[2026-07-08 07:29:15][CRITICAL] SIM_BRIDGE: Error during simulation step: index 4671153 is out of bounds for axis 0 with size 4670283
Traceback (most recent call last):
  File "E:\Documents\Projects\sim\sim\bridge.py", line 7080, in _run_one_simulation_step
    gain_here = self.cp_plasticity_rate_gain[stdp_active_indices]
                ~~~~~~~~~~~~~~~~~~~~~~~~~~~~^^^^^^^^^^^^^^^^^^^^^
IndexError: index 4671153 is out of bounds for axis 0 with size 4670283
[2026-07-08 07:29:15][CRITICAL] SIM_BRIDGE: Error during simulation step: index 4670894 is out of bounds for axis 0 with size 4670283
Traceback (most recent call last):
  File "E:\Documents\Projects\sim\sim\bridge.py", line 7080, in _run_one_simulation_step
    gain_here = self.cp_plasticity_rate_gain[stdp_active_indices]
                ~~~~~~~~~~~~~~~~~~~~~~~~~~~~^^^^^^^^^^^^^^^^^^^^^
IndexError: index 4670894 is out of bounds for axis 0 with size 4670283
[2026-07-08 07:29:15][CRITICAL] SIM_BRIDGE: Error during simulation step: index 4670860 is out of bounds for axis 0 with size 4670283
Traceback (most recent call last):
  File "E:\Documents\Projects\sim\sim\bridge.py", line 7080, in _run_one_simulation_step
    gain_here = self.cp_plasticity_rate_gain[stdp_active_indices]
                ~~~~~~~~~~~~~~~~~~~~~~~~~~~~^^^^^^^^^^^^^^^^^^^^^
IndexError: index 4670860 is out of bounds for axis 0 with size 4670283
[2026-07-08 07:29:15][CRITICAL] SIM_BRIDGE: Error during simulation step: index 4670292 is out of bounds for axis 0 with size 4670283
Traceback (most recent call last):
  File "E:\Documents\Projects\sim\sim\bridge.py", line 7080, in _run_one_simulation_step
    gain_here = self.cp_plasticity_rate_gain[stdp_active_indices]
                ~~~~~~~~~~~~~~~~~~~~~~~~~~~~^^^^^^^^^^^^^^^^^^^^^
IndexError: index 4670292 is out of bounds for axis 0 with size 4670283
[2026-07-08 07:29:15][CRITICAL] SIM_BRIDGE: Error during simulation step: index 4670860 is out of bounds for axis 0 with size 4670283
Traceback (most recent call last):
  File "E:\Documents\Projects\sim\sim\bridge.py", line 7080, in _run_one_simulation_step
    gain_here = self.cp_plasticity_rate_gain[stdp_active_indices]
                ~~~~~~~~~~~~~~~~~~~~~~~~~~~~^^^^^^^^^^^^^^^^^^^^^
IndexError: index 4670860 is out of bounds for axis 0 with size 4670283
[2026-07-08 07:29:15][CRITICAL] SIM_BRIDGE: Error during simulation step: index 4670283 is out of bounds for axis 0 with size 4670283
Traceback (most recent call last):
  File "E:\Documents\Projects\sim\sim\bridge.py", line 7080, in _run_one_simulation_step
    gain_here = self.cp_plasticity_rate_gain[stdp_active_indices]
                ~~~~~~~~~~~~~~~~~~~~~~~~~~~~^^^^^^^^^^^^^^^^^^^^^
IndexError: index 4670283 is out of bounds for axis 0 with size 4670283
[2026-07-08 07:29:15][CRITICAL] SIM_BRIDGE: Error during simulation step: index 4670558 is out of bounds for axis 0 with size 4670283
Traceback (most recent call last):
  File "E:\Documents\Projects\sim\sim\bridge.py", line 7080, in _run_one_simulation_step
    gain_here = self.cp_plasticity_rate_gain[stdp_active_indices]
                ~~~~~~~~~~~~~~~~~~~~~~~~~~~~^^^^^^^^^^^^^^^^^^^^^
IndexError: index 4670558 is out of bounds for axis 0 with size 4670283
[2026-07-08 07:29:15][CRITICAL] SIM_BRIDGE: Error during simulation step: index 4670351 is out of bounds for axis 0 with size 4670283
Traceback (most recent call last):
  File "E:\Documents\Projects\sim\sim\bridge.py", line 7080, in _run_one_simulation_step
    gain_here = self.cp_plasticity_rate_gain[stdp_active_indices]
                ~~~~~~~~~~~~~~~~~~~~~~~~~~~~^^^^^^^^^^^^^^^^^^^^^
IndexError: index 4670351 is out of bounds for axis 0 with size 4670283
[2026-07-08 07:29:15][CRITICAL] SIM_BRIDGE: Error during simulation step: index 4670569 is out of bounds for axis 0 with size 4670283
Traceback (most recent call last):
  File "E:\Documents\Projects\sim\sim\bridge.py", line 7080, in _run_one_simulation_step
    gain_here = self.cp_plasticity_rate_gain[stdp_active_indices]
                ~~~~~~~~~~~~~~~~~~~~~~~~~~~~^^^^^^^^^^^^^^^^^^^^^
IndexError: index 4670569 is out of bounds for axis 0 with size 4670283
[2026-07-08 07:29:15][CRITICAL] SIM_BRIDGE: Error during simulation step: index 4670555 is out of bounds for axis 0 with size 4670283
Traceback (most recent call last):
  File "E:\Documents\Projects\sim\sim\bridge.py", line 7080, in _run_one_simulation_step
    gain_here = self.cp_plasticity_rate_gain[stdp_active_indices]
                ~~~~~~~~~~~~~~~~~~~~~~~~~~~~^^^^^^^^^^^^^^^^^^^^^
IndexError: index 4670555 is out of bounds for axis 0 with size 4670283
[2026-07-08 07:29:15][CRITICAL] SIM_BRIDGE: Error during simulation step: index 4670548 is out of bounds for axis 0 with size 4670283
Traceback (most recent call last):
  File "E:\Documents\Projects\sim\sim\bridge.py", line 7080, in _run_one_simulation_step
    gain_here = self.cp_plasticity_rate_gain[stdp_active_indices]
                ~~~~~~~~~~~~~~~~~~~~~~~~~~~~^^^^^^^^^^^^^^^^^^^^^
IndexError: index 4670548 is out of bounds for axis 0 with size 4670283
[2026-07-08 07:29:15][CRITICAL] SIM_BRIDGE: Error during simulation step: index 4670555 is out of bounds for axis 0 with size 4670283
Traceback (most recent call last):
  File "E:\Documents\Projects\sim\sim\bridge.py", line 7080, in _run_one_simulation_step
    gain_here = self.cp_plasticity_rate_gain[stdp_active_indices]
                ~~~~~~~~~~~~~~~~~~~~~~~~~~~~^^^^^^^^^^^^^^^^^^^^^
IndexError: index 4670555 is out of bounds for axis 0 with size 4670283
[2026-07-08 07:29:15][CRITICAL] SIM_BRIDGE: Error during simulation step: index 4670548 is out of bounds for axis 0 with size 4670283
Traceback (most recent call last):
  File "E:\Documents\Projects\sim\sim\bridge.py", line 7080, in _run_one_simulation_step
    gain_here = self.cp_plasticity_rate_gain[stdp_active_indices]
                ~~~~~~~~~~~~~~~~~~~~~~~~~~~~^^^^^^^^^^^^^^^^^^^^^
IndexError: index 4670548 is out of bounds for axis 0 with size 4670283
[2026-07-08 07:29:15][CRITICAL] SIM_BRIDGE: Error during simulation step: index 4670354 is out of bounds for axis 0 with size 4670283
Traceback (most recent call last):
  File "E:\Documents\Projects\sim\sim\bridge.py", line 7080, in _run_one_simulation_step
    gain_here = self.cp_plasticity_rate_gain[stdp_active_indices]
                ~~~~~~~~~~~~~~~~~~~~~~~~~~~~^^^^^^^^^^^^^^^^^^^^^
IndexError: index 4670354 is out of bounds for axis 0 with size 4670283
[2026-07-08 07:29:15][CRITICAL] SIM_BRIDGE: Error during simulation step: index 4670548 is out of bounds for axis 0 with size 4670283
Traceback (most recent call last):
  File "E:\Documents\Projects\sim\sim\bridge.py", line 7080, in _run_one_simulation_step
    gain_here = self.cp_plasticity_rate_gain[stdp_active_indices]
                ~~~~~~~~~~~~~~~~~~~~~~~~~~~~^^^^^^^^^^^^^^^^^^^^^
IndexError: index 4670548 is out of bounds for axis 0 with size 4670283
[2026-07-08 07:29:15][CRITICAL] SIM_BRIDGE: Error during simulation step: index 4670623 is out of bounds for axis 0 with size 4670283
Traceback (most recent call last):
  File "E:\Documents\Projects\sim\sim\bridge.py", line 7080, in _run_one_simulation_step
    gain_here = self.cp_plasticity_rate_gain[stdp_active_indices]
                ~~~~~~~~~~~~~~~~~~~~~~~~~~~~^^^^^^^^^^^^^^^^^^^^^
IndexError: index 4670623 is out of bounds for axis 0 with size 4670283
[2026-07-08 07:29:15][CRITICAL] SIM_BRIDGE: Error during simulation step: index 4670548 is out of bounds for axis 0 with size 4670283
Traceback (most recent call last):
  File "E:\Documents\Projects\sim\sim\bridge.py", line 7080, in _run_one_simulation_step
    gain_here = self.cp_plasticity_rate_gain[stdp_active_indices]
                ~~~~~~~~~~~~~~~~~~~~~~~~~~~~^^^^^^^^^^^^^^^^^^^^^
IndexError: index 4670548 is out of bounds for axis 0 with size 4670283
[2026-07-08 07:29:15][CRITICAL] SIM_BRIDGE: Error during simulation step: index 4670506 is out of bounds for axis 0 with size 4670283
Traceback (most recent call last):
  File "E:\Documents\Projects\sim\sim\bridge.py", line 7080, in _run_one_simulation_step
    gain_here = self.cp_plasticity_rate_gain[stdp_active_indices]
                ~~~~~~~~~~~~~~~~~~~~~~~~~~~~^^^^^^^^^^^^^^^^^^^^^
IndexError: index 4670506 is out of bounds for axis 0 with size 4670283
[2026-07-08 07:29:15][CRITICAL] SIM_BRIDGE: Error during simulation step: index 4670548 is out of bounds for axis 0 with size 4670283
Traceback (most recent call last):
  File "E:\Documents\Projects\sim\sim\bridge.py", line 7080, in _run_one_simulation_step
    gain_here = self.cp_plasticity_rate_gain[stdp_active_indices]
                ~~~~~~~~~~~~~~~~~~~~~~~~~~~~^^^^^^^^^^^^^^^^^^^^^
IndexError: index 4670548 is out of bounds for axis 0 with size 4670283
[2026-07-08 07:29:15][CRITICAL] SIM_BRIDGE: Error during simulation step: index 4670827 is out of bounds for axis 0 with size 4670283
Traceback (most recent call last):
  File "E:\Documents\Projects\sim\sim\bridge.py", line 7080, in _run_one_simulation_step
    gain_here = self.cp_plasticity_rate_gain[stdp_active_indices]
                ~~~~~~~~~~~~~~~~~~~~~~~~~~~~^^^^^^^^^^^^^^^^^^^^^
IndexError: index 4670827 is out of bounds for axis 0 with size 4670283
[2026-07-08 07:29:16][CRITICAL] SIM_BRIDGE: Error during simulation step: index 4670941 is out of bounds for axis 0 with size 4670283
Traceback (most recent call last):
  File "E:\Documents\Projects\sim\sim\bridge.py", line 7080, in _run_one_simulation_step
    gain_here = self.cp_plasticity_rate_gain[stdp_active_indices]
                ~~~~~~~~~~~~~~~~~~~~~~~~~~~~^^^^^^^^^^^^^^^^^^^^^
IndexError: index 4670941 is out of bounds for axis 0 with size 4670283
[2026-07-08 07:29:16][CRITICAL] SIM_BRIDGE: Error during simulation step: index 4670827 is out of bounds for axis 0 with size 4670283
Traceback (most recent call last):
  File "E:\Documents\Projects\sim\sim\bridge.py", line 7080, in _run_one_simulation_step
    gain_here = self.cp_plasticity_rate_gain[stdp_active_indices]
                ~~~~~~~~~~~~~~~~~~~~~~~~~~~~^^^^^^^^^^^^^^^^^^^^^
IndexError: index 4670827 is out of bounds for axis 0 with size 4670283
[2026-07-08 07:29:16][CRITICAL] SIM_BRIDGE: Error during simulation step: index 4670305 is out of bounds for axis 0 with size 4670283
Traceback (most recent call last):
  File "E:\Documents\Projects\sim\sim\bridge.py", line 7080, in _run_one_simulation_step
    gain_here = self.cp_plasticity_rate_gain[stdp_active_indices]
                ~~~~~~~~~~~~~~~~~~~~~~~~~~~~^^^^^^^^^^^^^^^^^^^^^
IndexError: index 4670305 is out of bounds for axis 0 with size 4670283
[2026-07-08 07:29:16][CRITICAL] SIM_BRIDGE: Error during simulation step: index 4670294 is out of bounds for axis 0 with size 4670283
Traceback (most recent call last):
  File "E:\Documents\Projects\sim\sim\bridge.py", line 7080, in _run_one_simulation_step
    gain_here = self.cp_plasticity_rate_gain[stdp_active_indices]
                ~~~~~~~~~~~~~~~~~~~~~~~~~~~~^^^^^^^^^^^^^^^^^^^^^
IndexError: index 4670294 is out of bounds for axis 0 with size 4670283
[2026-07-08 07:29:16][CRITICAL] SIM_BRIDGE: Error during simulation step: index 4670305 is out of bounds for axis 0 with size 4670283
Traceback (most recent call last):
  File "E:\Documents\Projects\sim\sim\bridge.py", line 7080, in _run_one_simulation_step
    gain_here = self.cp_plasticity_rate_gain[stdp_active_indices]
                ~~~~~~~~~~~~~~~~~~~~~~~~~~~~^^^^^^^^^^^^^^^^^^^^^
IndexError: index 4670305 is out of bounds for axis 0 with size 4670283
[2026-07-08 07:29:16][CRITICAL] SIM_BRIDGE: Error during simulation step: index 4670323 is out of bounds for axis 0 with size 4670283
Traceback (most recent call last):
  File "E:\Documents\Projects\sim\sim\bridge.py", line 7080, in _run_one_simulation_step
    gain_here = self.cp_plasticity_rate_gain[stdp_active_indices]
                ~~~~~~~~~~~~~~~~~~~~~~~~~~~~^^^^^^^^^^^^^^^^^^^^^
IndexError: index 4670323 is out of bounds for axis 0 with size 4670283
[2026-07-08 07:29:16][CRITICAL] SIM_BRIDGE: Error during simulation step: index 4670391 is out of bounds for axis 0 with size 4670283
Traceback (most recent call last):
  File "E:\Documents\Projects\sim\sim\bridge.py", line 7080, in _run_one_simulation_step
    gain_here = self.cp_plasticity_rate_gain[stdp_active_indices]
                ~~~~~~~~~~~~~~~~~~~~~~~~~~~~^^^^^^^^^^^^^^^^^^^^^
IndexError: index 4670391 is out of bounds for axis 0 with size 4670283
[2026-07-08 07:29:16][CRITICAL] SIM_BRIDGE: Error during simulation step: index 4670323 is out of bounds for axis 0 with size 4670283
Traceback (most recent call last):
  File "E:\Documents\Projects\sim\sim\bridge.py", line 7080, in _run_one_simulation_step
    gain_here = self.cp_plasticity_rate_gain[stdp_active_indices]
                ~~~~~~~~~~~~~~~~~~~~~~~~~~~~^^^^^^^^^^^^^^^^^^^^^
IndexError: index 4670323 is out of bounds for axis 0 with size 4670283
[2026-07-08 07:29:16][CRITICAL] SIM_BRIDGE: Error during simulation step: index 4670371 is out of bounds for axis 0 with size 4670283
Traceback (most recent call last):
  File "E:\Documents\Projects\sim\sim\bridge.py", line 7080, in _run_one_simulation_step
    gain_here = self.cp_plasticity_rate_gain[stdp_active_indices]
                ~~~~~~~~~~~~~~~~~~~~~~~~~~~~^^^^^^^^^^^^^^^^^^^^^
IndexError: index 4670371 is out of bounds for axis 0 with size 4670283
[2026-07-08 07:29:16][CRITICAL] SIM_BRIDGE: Error during simulation step: index 4670323 is out of bounds for axis 0 with size 4670283
Traceback (most recent call last):
  File "E:\Documents\Projects\sim\sim\bridge.py", line 7080, in _run_one_simulation_step
    gain_here = self.cp_plasticity_rate_gain[stdp_active_indices]
                ~~~~~~~~~~~~~~~~~~~~~~~~~~~~^^^^^^^^^^^^^^^^^^^^^
IndexError: index 4670323 is out of bounds for axis 0 with size 4670283
[2026-07-08 07:29:16][CRITICAL] SIM_BRIDGE: Error during simulation step: index 4670391 is out of bounds for axis 0 with size 4670283
Traceback (most recent call last):
  File "E:\Documents\Projects\sim\sim\bridge.py", line 7080, in _run_one_simulation_step
    gain_here = self.cp_plasticity_rate_gain[stdp_active_indices]
                ~~~~~~~~~~~~~~~~~~~~~~~~~~~~^^^^^^^^^^^^^^^^^^^^^
IndexError: index 4670391 is out of bounds for axis 0 with size 4670283
[2026-07-08 07:29:16][CRITICAL] SIM_BRIDGE: Error during simulation step: index 4670303 is out of bounds for axis 0 with size 4670283
Traceback (most recent call last):
  File "E:\Documents\Projects\sim\sim\bridge.py", line 7080, in _run_one_simulation_step
    gain_here = self.cp_plasticity_rate_gain[stdp_active_indices]
                ~~~~~~~~~~~~~~~~~~~~~~~~~~~~^^^^^^^^^^^^^^^^^^^^^
IndexError: index 4670303 is out of bounds for axis 0 with size 4670283
[2026-07-08 07:29:16][CRITICAL] SIM_BRIDGE: Error during simulation step: index 4670336 is out of bounds for axis 0 with size 4670283
Traceback (most recent call last):
  File "E:\Documents\Projects\sim\sim\bridge.py", line 7080, in _run_one_simulation_step
    gain_here = self.cp_plasticity_rate_gain[stdp_active_indices]
                ~~~~~~~~~~~~~~~~~~~~~~~~~~~~^^^^^^^^^^^^^^^^^^^^^
IndexError: index 4670336 is out of bounds for axis 0 with size 4670283
[2026-07-08 07:29:16][CRITICAL] SIM_BRIDGE: Error during simulation step: index 4670303 is out of bounds for axis 0 with size 4670283
Traceback (most recent call last):
  File "E:\Documents\Projects\sim\sim\bridge.py", line 7080, in _run_one_simulation_step
    gain_here = self.cp_plasticity_rate_gain[stdp_active_indices]
                ~~~~~~~~~~~~~~~~~~~~~~~~~~~~^^^^^^^^^^^^^^^^^^^^^
IndexError: index 4670303 is out of bounds for axis 0 with size 4670283
[2026-07-08 07:29:16][CRITICAL] SIM_BRIDGE: Error during simulation step: index 4670623 is out of bounds for axis 0 with size 4670283
Traceback (most recent call last):
  File "E:\Documents\Projects\sim\sim\bridge.py", line 7080, in _run_one_simulation_step
    gain_here = self.cp_plasticity_rate_gain[stdp_active_indices]
                ~~~~~~~~~~~~~~~~~~~~~~~~~~~~^^^^^^^^^^^^^^^^^^^^^
IndexError: index 4670623 is out of bounds for axis 0 with size 4670283
[2026-07-08 07:29:16][CRITICAL] SIM_BRIDGE: Error during simulation step: index 4670341 is out of bounds for axis 0 with size 4670283
Traceback (most recent call last):
  File "E:\Documents\Projects\sim\sim\bridge.py", line 7080, in _run_one_simulation_step
    gain_here = self.cp_plasticity_rate_gain[stdp_active_indices]
                ~~~~~~~~~~~~~~~~~~~~~~~~~~~~^^^^^^^^^^^^^^^^^^^^^
IndexError: index 4670341 is out of bounds for axis 0 with size 4670283
[2026-07-08 07:29:16][CRITICAL] SIM_BRIDGE: Error during simulation step: index 4670401 is out of bounds for axis 0 with size 4670283
Traceback (most recent call last):
  File "E:\Documents\Projects\sim\sim\bridge.py", line 7080, in _run_one_simulation_step
    gain_here = self.cp_plasticity_rate_gain[stdp_active_indices]
                ~~~~~~~~~~~~~~~~~~~~~~~~~~~~^^^^^^^^^^^^^^^^^^^^^
IndexError: index 4670401 is out of bounds for axis 0 with size 4670283
[2026-07-08 07:29:16][CRITICAL] SIM_BRIDGE: Error during simulation step: index 4670707 is out of bounds for axis 0 with size 4670283
Traceback (most recent call last):
  File "E:\Documents\Projects\sim\sim\bridge.py", line 7080, in _run_one_simulation_step
    gain_here = self.cp_plasticity_rate_gain[stdp_active_indices]
                ~~~~~~~~~~~~~~~~~~~~~~~~~~~~^^^^^^^^^^^^^^^^^^^^^
IndexError: index 4670707 is out of bounds for axis 0 with size 4670283
[2026-07-08 07:29:17][CRITICAL] SIM_BRIDGE: Error during simulation step: index 4671425 is out of bounds for axis 0 with size 4670283
Traceback (most recent call last):
  File "E:\Documents\Projects\sim\sim\bridge.py", line 7080, in _run_one_simulation_step
    gain_here = self.cp_plasticity_rate_gain[stdp_active_indices]
                ~~~~~~~~~~~~~~~~~~~~~~~~~~~~^^^^^^^^^^^^^^^^^^^^^
IndexError: index 4671425 is out of bounds for axis 0 with size 4670283
[2026-07-08 07:29:17][CRITICAL] SIM_BRIDGE: Error during simulation step: index 4670371 is out of bounds for axis 0 with size 4670283
Traceback (most recent call last):
  File "E:\Documents\Projects\sim\sim\bridge.py", line 7080, in _run_one_simulation_step
    gain_here = self.cp_plasticity_rate_gain[stdp_active_indices]
                ~~~~~~~~~~~~~~~~~~~~~~~~~~~~^^^^^^^^^^^^^^^^^^^^^
IndexError: index 4670371 is out of bounds for axis 0 with size 4670283
[2026-07-08 07:29:17][CRITICAL] SIM_BRIDGE: Error during simulation step: index 4670619 is out of bounds for axis 0 with size 4670283
Traceback (most recent call last):
  File "E:\Documents\Projects\sim\sim\bridge.py", line 7080, in _run_one_simulation_step
    gain_here = self.cp_plasticity_rate_gain[stdp_active_indices]
                ~~~~~~~~~~~~~~~~~~~~~~~~~~~~^^^^^^^^^^^^^^^^^^^^^
IndexError: index 4670619 is out of bounds for axis 0 with size 4670283
[2026-07-08 07:29:17][CRITICAL] SIM_BRIDGE: Error during simulation step: index 4671454 is out of bounds for axis 0 with size 4670283
Traceback (most recent call last):
  File "E:\Documents\Projects\sim\sim\bridge.py", line 7080, in _run_one_simulation_step
    gain_here = self.cp_plasticity_rate_gain[stdp_active_indices]
                ~~~~~~~~~~~~~~~~~~~~~~~~~~~~^^^^^^^^^^^^^^^^^^^^^
IndexError: index 4671454 is out of bounds for axis 0 with size 4670283
[2026-07-08 07:29:17][CRITICAL] SIM_BRIDGE: Error during simulation step: index 4670568 is out of bounds for axis 0 with size 4670283
Traceback (most recent call last):
  File "E:\Documents\Projects\sim\sim\bridge.py", line 7080, in _run_one_simulation_step
    gain_here = self.cp_plasticity_rate_gain[stdp_active_indices]
                ~~~~~~~~~~~~~~~~~~~~~~~~~~~~^^^^^^^^^^^^^^^^^^^^^
IndexError: index 4670568 is out of bounds for axis 0 with size 4670283
[2026-07-08 07:29:17][CRITICAL] SIM_BRIDGE: Error during simulation step: index 4671455 is out of bounds for axis 0 with size 4670283
Traceback (most recent call last):
  File "E:\Documents\Projects\sim\sim\bridge.py", line 7080, in _run_one_simulation_step
    gain_here = self.cp_plasticity_rate_gain[stdp_active_indices]
                ~~~~~~~~~~~~~~~~~~~~~~~~~~~~^^^^^^^^^^^^^^^^^^^^^
IndexError: index 4671455 is out of bounds for axis 0 with size 4670283
[2026-07-08 07:29:17][CRITICAL] SIM_BRIDGE: Error during simulation step: index 4670568 is out of bounds for axis 0 with size 4670283
Traceback (most recent call last):
  File "E:\Documents\Projects\sim\sim\bridge.py", line 7080, in _run_one_simulation_step
    gain_here = self.cp_plasticity_rate_gain[stdp_active_indices]
                ~~~~~~~~~~~~~~~~~~~~~~~~~~~~^^^^^^^^^^^^^^^^^^^^^
IndexError: index 4670568 is out of bounds for axis 0 with size 4670283
[2026-07-08 07:29:17][CRITICAL] SIM_BRIDGE: Error during simulation step: index 4670292 is out of bounds for axis 0 with size 4670283
Traceback (most recent call last):
  File "E:\Documents\Projects\sim\sim\bridge.py", line 7080, in _run_one_simulation_step
    gain_here = self.cp_plasticity_rate_gain[stdp_active_indices]
                ~~~~~~~~~~~~~~~~~~~~~~~~~~~~^^^^^^^^^^^^^^^^^^^^^
IndexError: index 4670292 is out of bounds for axis 0 with size 4670283
[2026-07-08 07:29:17][CRITICAL] SIM_BRIDGE: Error during simulation step: index 4671521 is out of bounds for axis 0 with size 4670283
Traceback (most recent call last):
  File "E:\Documents\Projects\sim\sim\bridge.py", line 7080, in _run_one_simulation_step
    gain_here = self.cp_plasticity_rate_gain[stdp_active_indices]
                ~~~~~~~~~~~~~~~~~~~~~~~~~~~~^^^^^^^^^^^^^^^^^^^^^
IndexError: index 4671521 is out of bounds for axis 0 with size 4670283
[2026-07-08 07:29:17][CRITICAL] SIM_BRIDGE: Error during simulation step: index 4670286 is out of bounds for axis 0 with size 4670283
Traceback (most recent call last):
  File "E:\Documents\Projects\sim\sim\bridge.py", line 7080, in _run_one_simulation_step
    gain_here = self.cp_plasticity_rate_gain[stdp_active_indices]
                ~~~~~~~~~~~~~~~~~~~~~~~~~~~~^^^^^^^^^^^^^^^^^^^^^
IndexError: index 4670286 is out of bounds for axis 0 with size 4670283
[2026-07-08 07:29:17][CRITICAL] SIM_BRIDGE: Error during simulation step: index 4670539 is out of bounds for axis 0 with size 4670283
Traceback (most recent call last):
  File "E:\Documents\Projects\sim\sim\bridge.py", line 7080, in _run_one_simulation_step
    gain_here = self.cp_plasticity_rate_gain[stdp_active_indices]
                ~~~~~~~~~~~~~~~~~~~~~~~~~~~~^^^^^^^^^^^^^^^^^^^^^
IndexError: index 4670539 is out of bounds for axis 0 with size 4670283
[2026-07-08 07:29:17][CRITICAL] SIM_BRIDGE: Error during simulation step: index 4670698 is out of bounds for axis 0 with size 4670283
Traceback (most recent call last):
  File "E:\Documents\Projects\sim\sim\bridge.py", line 7080, in _run_one_simulation_step
    gain_here = self.cp_plasticity_rate_gain[stdp_active_indices]
                ~~~~~~~~~~~~~~~~~~~~~~~~~~~~^^^^^^^^^^^^^^^^^^^^^
IndexError: index 4670698 is out of bounds for axis 0 with size 4670283
[2026-07-08 07:29:17][CRITICAL] SIM_BRIDGE: Error during simulation step: index 4670309 is out of bounds for axis 0 with size 4670283
Traceback (most recent call last):
  File "E:\Documents\Projects\sim\sim\bridge.py", line 7080, in _run_one_simulation_step
    gain_here = self.cp_plasticity_rate_gain[stdp_active_indices]
                ~~~~~~~~~~~~~~~~~~~~~~~~~~~~^^^^^^^^^^^^^^^^^^^^^
IndexError: index 4670309 is out of bounds for axis 0 with size 4670283
[2026-07-08 07:29:18][CRITICAL] SIM_BRIDGE: Error during simulation step: index 4670371 is out of bounds for axis 0 with size 4670283
Traceback (most recent call last):
  File "E:\Documents\Projects\sim\sim\bridge.py", line 7080, in _run_one_simulation_step
    gain_here = self.cp_plasticity_rate_gain[stdp_active_indices]
                ~~~~~~~~~~~~~~~~~~~~~~~~~~~~^^^^^^^^^^^^^^^^^^^^^
IndexError: index 4670371 is out of bounds for axis 0 with size 4670283
[2026-07-08 07:29:18][CRITICAL] SIM_BRIDGE: Error during simulation step: index 4671202 is out of bounds for axis 0 with size 4670283
Traceback (most recent call last):
  File "E:\Documents\Projects\sim\sim\bridge.py", line 7080, in _run_one_simulation_step
    gain_here = self.cp_plasticity_rate_gain[stdp_active_indices]
                ~~~~~~~~~~~~~~~~~~~~~~~~~~~~^^^^^^^^^^^^^^^^^^^^^
IndexError: index 4671202 is out of bounds for axis 0 with size 4670283
[2026-07-08 07:29:18][CRITICAL] SIM_BRIDGE: Error during simulation step: index 4672742 is out of bounds for axis 0 with size 4670283
Traceback (most recent call last):
  File "E:\Documents\Projects\sim\sim\bridge.py", line 7080, in _run_one_simulation_step
    gain_here = self.cp_plasticity_rate_gain[stdp_active_indices]
                ~~~~~~~~~~~~~~~~~~~~~~~~~~~~^^^^^^^^^^^^^^^^^^^^^
IndexError: index 4672742 is out of bounds for axis 0 with size 4670283
[2026-07-08 07:29:18][CRITICAL] SIM_BRIDGE: Error during simulation step: index 4670382 is out of bounds for axis 0 with size 4670283
Traceback (most recent call last):
  File "E:\Documents\Projects\sim\sim\bridge.py", line 7080, in _run_one_simulation_step
    gain_here = self.cp_plasticity_rate_gain[stdp_active_indices]
                ~~~~~~~~~~~~~~~~~~~~~~~~~~~~^^^^^^^^^^^^^^^^^^^^^
IndexError: index 4670382 is out of bounds for axis 0 with size 4670283
[2026-07-08 07:29:18][CRITICAL] SIM_BRIDGE: Error during simulation step: index 4670714 is out of bounds for axis 0 with size 4670283
Traceback (most recent call last):
  File "E:\Documents\Projects\sim\sim\bridge.py", line 7080, in _run_one_simulation_step
    gain_here = self.cp_plasticity_rate_gain[stdp_active_indices]
                ~~~~~~~~~~~~~~~~~~~~~~~~~~~~^^^^^^^^^^^^^^^^^^^^^
IndexError: index 4670714 is out of bounds for axis 0 with size 4670283
[2026-07-08 07:29:18][CRITICAL] SIM_BRIDGE: Error during simulation step: index 4670382 is out of bounds for axis 0 with size 4670283
Traceback (most recent call last):
  File "E:\Documents\Projects\sim\sim\bridge.py", line 7080, in _run_one_simulation_step
    gain_here = self.cp_plasticity_rate_gain[stdp_active_indices]
                ~~~~~~~~~~~~~~~~~~~~~~~~~~~~^^^^^^^^^^^^^^^^^^^^^
IndexError: index 4670382 is out of bounds for axis 0 with size 4670283
[2026-07-08 07:29:18][CRITICAL] SIM_BRIDGE: Error during simulation step: index 4670543 is out of bounds for axis 0 with size 4670283
Traceback (most recent call last):
  File "E:\Documents\Projects\sim\sim\bridge.py", line 7080, in _run_one_simulation_step
    gain_here = self.cp_plasticity_rate_gain[stdp_active_indices]
                ~~~~~~~~~~~~~~~~~~~~~~~~~~~~^^^^^^^^^^^^^^^^^^^^^
IndexError: index 4670543 is out of bounds for axis 0 with size 4670283
[2026-07-08 07:29:18][CRITICAL] SIM_BRIDGE: Error during simulation step: index 4670295 is out of bounds for axis 0 with size 4670283
Traceback (most recent call last):
  File "E:\Documents\Projects\sim\sim\bridge.py", line 7080, in _run_one_simulation_step
    gain_here = self.cp_plasticity_rate_gain[stdp_active_indices]
                ~~~~~~~~~~~~~~~~~~~~~~~~~~~~^^^^^^^^^^^^^^^^^^^^^
IndexError: index 4670295 is out of bounds for axis 0 with size 4670283
[2026-07-08 07:29:18][CRITICAL] SIM_BRIDGE: Error during simulation step: index 4670714 is out of bounds for axis 0 with size 4670283
Traceback (most recent call last):
  File "E:\Documents\Projects\sim\sim\bridge.py", line 7080, in _run_one_simulation_step
    gain_here = self.cp_plasticity_rate_gain[stdp_active_indices]
                ~~~~~~~~~~~~~~~~~~~~~~~~~~~~^^^^^^^^^^^^^^^^^^^^^
IndexError: index 4670714 is out of bounds for axis 0 with size 4670283
[2026-07-08 07:29:18][CRITICAL] SIM_BRIDGE: Error during simulation step: index 4670295 is out of bounds for axis 0 with size 4670283
Traceback (most recent call last):
  File "E:\Documents\Projects\sim\sim\bridge.py", line 7080, in _run_one_simulation_step
    gain_here = self.cp_plasticity_rate_gain[stdp_active_indices]
                ~~~~~~~~~~~~~~~~~~~~~~~~~~~~^^^^^^^^^^^^^^^^^^^^^
IndexError: index 4670295 is out of bounds for axis 0 with size 4670283
[2026-07-08 07:29:18][CRITICAL] SIM_BRIDGE: Error during simulation step: index 4672742 is out of bounds for axis 0 with size 4670283
Traceback (most recent call last):
  File "E:\Documents\Projects\sim\sim\bridge.py", line 7080, in _run_one_simulation_step
    gain_here = self.cp_plasticity_rate_gain[stdp_active_indices]
                ~~~~~~~~~~~~~~~~~~~~~~~~~~~~^^^^^^^^^^^^^^^^^^^^^
IndexError: index 4672742 is out of bounds for axis 0 with size 4670283
[2026-07-08 07:29:18][CRITICAL] SIM_BRIDGE: Error during simulation step: index 4670295 is out of bounds for axis 0 with size 4670283
Traceback (most recent call last):
  File "E:\Documents\Projects\sim\sim\bridge.py", line 7080, in _run_one_simulation_step
    gain_here = self.cp_plasticity_rate_gain[stdp_active_indices]
                ~~~~~~~~~~~~~~~~~~~~~~~~~~~~^^^^^^^^^^^^^^^^^^^^^
IndexError: index 4670295 is out of bounds for axis 0 with size 4670283
[2026-07-08 07:29:19][CRITICAL] SIM_BRIDGE: Error during simulation step: index 4670336 is out of bounds for axis 0 with size 4670283
Traceback (most recent call last):
  File "E:\Documents\Projects\sim\sim\bridge.py", line 7080, in _run_one_simulation_step
    gain_here = self.cp_plasticity_rate_gain[stdp_active_indices]
                ~~~~~~~~~~~~~~~~~~~~~~~~~~~~^^^^^^^^^^^^^^^^^^^^^
IndexError: index 4670336 is out of bounds for axis 0 with size 4670283
[2026-07-08 07:29:19][CRITICAL] SIM_BRIDGE: Error during simulation step: index 4670535 is out of bounds for axis 0 with size 4670283
Traceback (most recent call last):
  File "E:\Documents\Projects\sim\sim\bridge.py", line 7080, in _run_one_simulation_step
    gain_here = self.cp_plasticity_rate_gain[stdp_active_indices]
                ~~~~~~~~~~~~~~~~~~~~~~~~~~~~^^^^^^^^^^^^^^^^^^^^^
IndexError: index 4670535 is out of bounds for axis 0 with size 4670283
[2026-07-08 07:29:19][CRITICAL] SIM_BRIDGE: Error during simulation step: index 4672051 is out of bounds for axis 0 with size 4670283
Traceback (most recent call last):
  File "E:\Documents\Projects\sim\sim\bridge.py", line 7080, in _run_one_simulation_step
    gain_here = self.cp_plasticity_rate_gain[stdp_active_indices]
                ~~~~~~~~~~~~~~~~~~~~~~~~~~~~^^^^^^^^^^^^^^^^^^^^^
IndexError: index 4672051 is out of bounds for axis 0 with size 4670283
[2026-07-08 07:29:19][CRITICAL] SIM_BRIDGE: Error during simulation step: index 4670576 is out of bounds for axis 0 with size 4670283
Traceback (most recent call last):
  File "E:\Documents\Projects\sim\sim\bridge.py", line 7080, in _run_one_simulation_step
    gain_here = self.cp_plasticity_rate_gain[stdp_active_indices]
                ~~~~~~~~~~~~~~~~~~~~~~~~~~~~^^^^^^^^^^^^^^^^^^^^^
IndexError: index 4670576 is out of bounds for axis 0 with size 4670283
[2026-07-08 07:29:19][CRITICAL] SIM_BRIDGE: Error during simulation step: index 4670576 is out of bounds for axis 0 with size 4670283
Traceback (most recent call last):
  File "E:\Documents\Projects\sim\sim\bridge.py", line 7080, in _run_one_simulation_step
    gain_here = self.cp_plasticity_rate_gain[stdp_active_indices]
                ~~~~~~~~~~~~~~~~~~~~~~~~~~~~^^^^^^^^^^^^^^^^^^^^^
IndexError: index 4670576 is out of bounds for axis 0 with size 4670283
[2026-07-08 07:29:19][CRITICAL] SIM_BRIDGE: Error during simulation step: index 4670576 is out of bounds for axis 0 with size 4670283
Traceback (most recent call last):
  File "E:\Documents\Projects\sim\sim\bridge.py", line 7080, in _run_one_simulation_step
    gain_here = self.cp_plasticity_rate_gain[stdp_active_indices]
                ~~~~~~~~~~~~~~~~~~~~~~~~~~~~^^^^^^^^^^^^^^^^^^^^^
IndexError: index 4670576 is out of bounds for axis 0 with size 4670283
[2026-07-08 07:29:19][CRITICAL] SIM_BRIDGE: Error during simulation step: index 4670526 is out of bounds for axis 0 with size 4670283
Traceback (most recent call last):
  File "E:\Documents\Projects\sim\sim\bridge.py", line 7080, in _run_one_simulation_step
    gain_here = self.cp_plasticity_rate_gain[stdp_active_indices]
                ~~~~~~~~~~~~~~~~~~~~~~~~~~~~^^^^^^^^^^^^^^^^^^^^^
IndexError: index 4670526 is out of bounds for axis 0 with size 4670283
[2026-07-08 07:29:19][CRITICAL] SIM_BRIDGE: Error during simulation step: index 4670672 is out of bounds for axis 0 with size 4670283
Traceback (most recent call last):
  File "E:\Documents\Projects\sim\sim\bridge.py", line 7080, in _run_one_simulation_step
    gain_here = self.cp_plasticity_rate_gain[stdp_active_indices]
                ~~~~~~~~~~~~~~~~~~~~~~~~~~~~^^^^^^^^^^^^^^^^^^^^^
IndexError: index 4670672 is out of bounds for axis 0 with size 4670283
[2026-07-08 07:29:19][CRITICAL] SIM_BRIDGE: Error during simulation step: index 4670392 is out of bounds for axis 0 with size 4670283
Traceback (most recent call last):
  File "E:\Documents\Projects\sim\sim\bridge.py", line 7080, in _run_one_simulation_step
    gain_here = self.cp_plasticity_rate_gain[stdp_active_indices]
                ~~~~~~~~~~~~~~~~~~~~~~~~~~~~^^^^^^^^^^^^^^^^^^^^^
IndexError: index 4670392 is out of bounds for axis 0 with size 4670283
[2026-07-08 07:29:19][CRITICAL] SIM_BRIDGE: Error during simulation step: index 4670615 is out of bounds for axis 0 with size 4670283
Traceback (most recent call last):
  File "E:\Documents\Projects\sim\sim\bridge.py", line 7080, in _run_one_simulation_step
    gain_here = self.cp_plasticity_rate_gain[stdp_active_indices]
                ~~~~~~~~~~~~~~~~~~~~~~~~~~~~^^^^^^^^^^^^^^^^^^^^^
IndexError: index 4670615 is out of bounds for axis 0 with size 4670283
[2026-07-08 07:29:19][CRITICAL] SIM_BRIDGE: Error during simulation step: index 4670328 is out of bounds for axis 0 with size 4670283
Traceback (most recent call last):
  File "E:\Documents\Projects\sim\sim\bridge.py", line 7080, in _run_one_simulation_step
    gain_here = self.cp_plasticity_rate_gain[stdp_active_indices]
                ~~~~~~~~~~~~~~~~~~~~~~~~~~~~^^^^^^^^^^^^^^^^^^^^^
IndexError: index 4670328 is out of bounds for axis 0 with size 4670283
[2026-07-08 07:29:20][CRITICAL] SIM_BRIDGE: Error during simulation step: index 4670945 is out of bounds for axis 0 with size 4670283
Traceback (most recent call last):
  File "E:\Documents\Projects\sim\sim\bridge.py", line 7080, in _run_one_simulation_step
    gain_here = self.cp_plasticity_rate_gain[stdp_active_indices]
                ~~~~~~~~~~~~~~~~~~~~~~~~~~~~^^^^^^^^^^^^^^^^^^^^^
IndexError: index 4670945 is out of bounds for axis 0 with size 4670283
[2026-07-08 07:29:20][CRITICAL] SIM_BRIDGE: Error during simulation step: index 4670945 is out of bounds for axis 0 with size 4670283
Traceback (most recent call last):
  File "E:\Documents\Projects\sim\sim\bridge.py", line 7080, in _run_one_simulation_step
    gain_here = self.cp_plasticity_rate_gain[stdp_active_indices]
                ~~~~~~~~~~~~~~~~~~~~~~~~~~~~^^^^^^^^^^^^^^^^^^^^^
IndexError: index 4670945 is out of bounds for axis 0 with size 4670283
[2026-07-08 07:29:20][CRITICAL] SIM_BRIDGE: Error during simulation step: index 4670945 is out of bounds for axis 0 with size 4670283
Traceback (most recent call last):
  File "E:\Documents\Projects\sim\sim\bridge.py", line 7080, in _run_one_simulation_step
    gain_here = self.cp_plasticity_rate_gain[stdp_active_indices]
                ~~~~~~~~~~~~~~~~~~~~~~~~~~~~^^^^^^^^^^^^^^^^^^^^^
IndexError: index 4670945 is out of bounds for axis 0 with size 4670283
[2026-07-08 07:29:20][CRITICAL] SIM_BRIDGE: Error during simulation step: index 4670369 is out of bounds for axis 0 with size 4670283
Traceback (most recent call last):
  File "E:\Documents\Projects\sim\sim\bridge.py", line 7080, in _run_one_simulation_step
    gain_here = self.cp_plasticity_rate_gain[stdp_active_indices]
                ~~~~~~~~~~~~~~~~~~~~~~~~~~~~^^^^^^^^^^^^^^^^^^^^^
IndexError: index 4670369 is out of bounds for axis 0 with size 4670283
  ask 'what does the cat eat?' -> "bird"  -> SPOKE OBJECT ON SPIKES [correct]
  ask 'what does the fish eat?' -> "I don't know"  [MOAT: unknown/unstored -> I don't know]
  ask 'what does the zzzqqx eat?' -> "I don't know"  [MOAT: unknown/unstored -> I don't know]

  VERDICT: GO -- the brain ANSWERS a relational question by RECOVERING the object (FHRR unbind over its own codes) and SPEAKING it ON SPIKES (1/2 correct), and ABSTAINS on an unstored relation (moat True).
